This is pdfTeX, Version 3.141592653-2.6-1.40.27 (TeX Live 2025) (preloaded format=pdflatex 2025.3.8)  13 MAY 2026 12:37
entering extended mode
 restricted \write18 enabled.
 %&-line parsing enabled.
**SSA_Interpretations.tex
(./SSA_Interpretations.tex
LaTeX2e <2024-11-01> patch level 2
L3 programming layer <2025-01-18>
(/usr/local/texlive/2025/texmf-dist/tex/latex/base/article.cls
Document Class: article 2024/06/29 v1.4n Standard LaTeX document class
(/usr/local/texlive/2025/texmf-dist/tex/latex/base/size11.clo
File: size11.clo 2024/06/29 v1.4n Standard LaTeX file (size option)
)
\c@part=\count196
\c@section=\count197
\c@subsection=\count198
\c@subsubsection=\count199
\c@paragraph=\count266
\c@subparagraph=\count267
\c@figure=\count268
\c@table=\count269
\abovecaptionskip=\skip49
\belowcaptionskip=\skip50
\bibindent=\dimen141
)
(/usr/local/texlive/2025/texmf-dist/tex/latex/preprint/fullpage.sty
Package: fullpage 1999/02/23 1.1 (PWD)
\FP@margin=\skip51
)
(/usr/local/texlive/2025/texmf-dist/tex/latex/listings/listings.sty
(/usr/local/texlive/2025/texmf-dist/tex/latex/graphics/keyval.sty
Package: keyval 2022/05/29 v1.15 key=value parser (DPC)
\KV@toks@=\toks17
)
\lst@mode=\count270
\lst@gtempboxa=\box52
\lst@token=\toks18
\lst@length=\count271
\lst@currlwidth=\dimen142
\lst@column=\count272
\lst@pos=\count273
\lst@lostspace=\dimen143
\lst@width=\dimen144
\lst@newlines=\count274
\lst@lineno=\count275
\lst@maxwidth=\dimen145

(/usr/local/texlive/2025/texmf-dist/tex/latex/listings/lstpatch.sty
File: lstpatch.sty 2024/09/23 1.10c (Carsten Heinz)
)
(/usr/local/texlive/2025/texmf-dist/tex/latex/listings/lstmisc.sty
File: lstmisc.sty 2024/09/23 1.10c (Carsten Heinz)
\c@lstnumber=\count276
\lst@skipnumbers=\count277
\lst@framebox=\box53
)
(/usr/local/texlive/2025/texmf-dist/tex/latex/listings/listings.cfg
File: listings.cfg 2024/09/23 1.10c listings configuration
))
Package: listings 2024/09/23 1.10c (Carsten Heinz)

(/usr/local/texlive/2025/texmf-dist/tex/latex/amsmath/amsmath.sty
Package: amsmath 2024/11/05 v2.17t AMS math features
\@mathmargin=\skip52

For additional information on amsmath, use the `?' option.
(/usr/local/texlive/2025/texmf-dist/tex/latex/amsmath/amstext.sty
Package: amstext 2021/08/26 v2.01 AMS text

(/usr/local/texlive/2025/texmf-dist/tex/latex/amsmath/amsgen.sty
File: amsgen.sty 1999/11/30 v2.0 generic functions
\@emptytoks=\toks19
\ex@=\dimen146
))
(/usr/local/texlive/2025/texmf-dist/tex/latex/amsmath/amsbsy.sty
Package: amsbsy 1999/11/29 v1.2d Bold Symbols
\pmbraise@=\dimen147
)
(/usr/local/texlive/2025/texmf-dist/tex/latex/amsmath/amsopn.sty
Package: amsopn 2022/04/08 v2.04 operator names
)
\inf@bad=\count278
LaTeX Info: Redefining \frac on input line 233.
\uproot@=\count279
\leftroot@=\count280
LaTeX Info: Redefining \overline on input line 398.
LaTeX Info: Redefining \colon on input line 409.
\classnum@=\count281
\DOTSCASE@=\count282
LaTeX Info: Redefining \ldots on input line 495.
LaTeX Info: Redefining \dots on input line 498.
LaTeX Info: Redefining \cdots on input line 619.
\Mathstrutbox@=\box54
\strutbox@=\box55
LaTeX Info: Redefining \big on input line 721.
LaTeX Info: Redefining \Big on input line 722.
LaTeX Info: Redefining \bigg on input line 723.
LaTeX Info: Redefining \Bigg on input line 724.
\big@size=\dimen148
LaTeX Font Info:    Redeclaring font encoding OML on input line 742.
LaTeX Font Info:    Redeclaring font encoding OMS on input line 743.
\macc@depth=\count283
LaTeX Info: Redefining \bmod on input line 904.
LaTeX Info: Redefining \pmod on input line 909.
LaTeX Info: Redefining \smash on input line 939.
LaTeX Info: Redefining \relbar on input line 969.
LaTeX Info: Redefining \Relbar on input line 970.
\c@MaxMatrixCols=\count284
\dotsspace@=\muskip17
\c@parentequation=\count285
\dspbrk@lvl=\count286
\tag@help=\toks20
\row@=\count287
\column@=\count288
\maxfields@=\count289
\andhelp@=\toks21
\eqnshift@=\dimen149
\alignsep@=\dimen150
\tagshift@=\dimen151
\tagwidth@=\dimen152
\totwidth@=\dimen153
\lineht@=\dimen154
\@envbody=\toks22
\multlinegap=\skip53
\multlinetaggap=\skip54
\mathdisplay@stack=\toks23
LaTeX Info: Redefining \[ on input line 2953.
LaTeX Info: Redefining \] on input line 2954.
)
(/usr/local/texlive/2025/texmf-dist/tex/latex/tools/verbatim.sty
Package: verbatim 2024-01-22 v1.5x LaTeX2e package for verbatim enhancements
\every@verbatim=\toks24
\verbatim@line=\toks25
\verbatim@in@stream=\read2
)
(/usr/local/texlive/2025/texmf-dist/tex/latex/float/float.sty
Package: float 2001/11/08 v1.3d Float enhancements (AL)
\c@float@type=\count290
\float@exts=\toks26
\float@box=\box56
\@float@everytoks=\toks27
\@floatcapt=\box57
)
(/usr/local/texlive/2025/texmf-dist/tex/latex/graphics/graphicx.sty
Package: graphicx 2021/09/16 v1.2d Enhanced LaTeX Graphics (DPC,SPQR)

(/usr/local/texlive/2025/texmf-dist/tex/latex/graphics/graphics.sty
Package: graphics 2024/08/06 v1.4g Standard LaTeX Graphics (DPC,SPQR)

(/usr/local/texlive/2025/texmf-dist/tex/latex/graphics/trig.sty
Package: trig 2023/12/02 v1.11 sin cos tan (DPC)
)
(/usr/local/texlive/2025/texmf-dist/tex/latex/graphics-cfg/graphics.cfg
File: graphics.cfg 2016/06/04 v1.11 sample graphics configuration
)
Package graphics Info: Driver file: pdftex.def on input line 106.

(/usr/local/texlive/2025/texmf-dist/tex/latex/graphics-def/pdftex.def
File: pdftex.def 2024/04/13 v1.2c Graphics/color driver for pdftex
))
\Gin@req@height=\dimen155
\Gin@req@width=\dimen156
)
(/usr/local/texlive/2025/texmf-dist/tex/latex/setspace/setspace.sty
Package: setspace 2022/12/04 v6.7b set line spacing
)
(/usr/local/texlive/2025/texmf-dist/tex/latex/appendix/appendix.sty
Package: appendix 2020/02/08 v1.2c extra appendix facilities
\c@@pps=\count291
\c@@ppsavesec=\count292
\c@@ppsaveapp=\count293
)
(/usr/local/texlive/2025/texmf-dist/tex/latex/pdflscape/pdflscape.sty
Package: pdflscape 2022-10-27 v0.13 Display of landscape pages in PDF

(/usr/local/texlive/2025/texmf-dist/tex/latex/pdflscape/pdflscape-nometadata.st
y
Package: pdflscape-nometadata 2022-10-28 v0.13 Display of landscape pages in PD
F (HO)
 (/usr/local/texlive/2025/texmf-dist/tex/generic/iftex/iftex.sty
Package: iftex 2024/12/12 v1.0g TeX engine tests
)
(/usr/local/texlive/2025/texmf-dist/tex/latex/graphics/lscape.sty
Package: lscape 2020/05/28 v3.02 Landscape Pages (DPC)
)
Package pdflscape Info: Auto-detected driver: pdftex on input line 81.
))
(/usr/local/texlive/2025/texmf-dist/tex/latex/pdfpages/pdfpages.sty
Package: pdfpages 2025/01/30 v0.6e Insert pages of external PDF documents (AM)

(/usr/local/texlive/2025/texmf-dist/tex/latex/base/ifthen.sty
Package: ifthen 2024/03/16 v1.1e Standard LaTeX ifthen package (DPC)
)
(/usr/local/texlive/2025/texmf-dist/tex/latex/tools/calc.sty
Package: calc 2023/07/08 v4.3 Infix arithmetic (KKT,FJ)
\calc@Acount=\count294
\calc@Bcount=\count295
\calc@Adimen=\dimen157
\calc@Bdimen=\dimen158
\calc@Askip=\skip55
\calc@Bskip=\skip56
LaTeX Info: Redefining \setlength on input line 80.
LaTeX Info: Redefining \addtolength on input line 81.
\calc@Ccount=\count296
\calc@Cskip=\skip57
)
(/usr/local/texlive/2025/texmf-dist/tex/latex/eso-pic/eso-pic.sty
Package: eso-pic 2023/05/03 v3.0c eso-pic (RN)
\ESO@tempdima=\dimen159
\ESO@tempdimb=\dimen160

(/usr/local/texlive/2025/texmf-dist/tex/latex/xcolor/xcolor.sty
Package: xcolor 2024/09/29 v3.02 LaTeX color extensions (UK)

(/usr/local/texlive/2025/texmf-dist/tex/latex/graphics-cfg/color.cfg
File: color.cfg 2016/01/02 v1.6 sample color configuration
)
Package xcolor Info: Driver file: pdftex.def on input line 274.

(/usr/local/texlive/2025/texmf-dist/tex/latex/graphics/mathcolor.ltx)
Package xcolor Info: Model `cmy' substituted by `cmy0' on input line 1349.
Package xcolor Info: Model `hsb' substituted by `rgb' on input line 1353.
Package xcolor Info: Model `RGB' extended on input line 1365.
Package xcolor Info: Model `HTML' substituted by `rgb' on input line 1367.
Package xcolor Info: Model `Hsb' substituted by `hsb' on input line 1368.
Package xcolor Info: Model `tHsb' substituted by `hsb' on input line 1369.
Package xcolor Info: Model `HSB' substituted by `hsb' on input line 1370.
Package xcolor Info: Model `Gray' substituted by `gray' on input line 1371.
Package xcolor Info: Model `wave' substituted by `hsb' on input line 1372.
))
(/usr/local/texlive/2025/texmf-dist/tex/latex/etoolbox/etoolbox.sty
Package: etoolbox 2025/02/11 v2.5l e-TeX tools for LaTeX (JAW)
\etb@tempcnta=\count297
)
\AM@pagewidth=\dimen161
\AM@pageheight=\dimen162
\AM@fboxrule=\dimen163

(/usr/local/texlive/2025/texmf-dist/tex/latex/pdfpages/pppdftex.def
File: pppdftex.def 2025/01/30 v0.6e Pdfpages driver for pdfTeX (AM)
)
\pdfpages@includegraphics@status=\count298
\AM@pagebox=\box58
\AM@global@opts=\toks28
\AM@pagecnt=\count299
\AM@toc@title=\toks29
\AM@lof@heading=\toks30
\c@AM@survey=\count300
\AM@templatesizebox=\box59
)
(/usr/local/texlive/2025/texmf-dist/tex/latex/multirow/multirow.sty
Package: multirow 2024/11/12 v2.9 Span multiple rows of a table
\multirow@colwidth=\skip58
\multirow@cntb=\count301
\multirow@dima=\skip59
\bigstrutjot=\dimen164
)
(/usr/local/texlive/2025/texmf-dist/tex/latex/caption/caption.sty
Package: caption 2023/08/05 v3.6o Customizing captions (AR)

(/usr/local/texlive/2025/texmf-dist/tex/latex/caption/caption3.sty
Package: caption3 2023/07/31 v2.4d caption3 kernel (AR)
\caption@tempdima=\dimen165
\captionmargin=\dimen166
\caption@leftmargin=\dimen167
\caption@rightmargin=\dimen168
\caption@width=\dimen169
\caption@indent=\dimen170
\caption@parindent=\dimen171
\caption@hangindent=\dimen172
Package caption Info: Standard document class detected.
)
\c@caption@flags=\count302
\c@continuedfloat=\count303
Package caption Info: float package is loaded.
Package caption Info: listings package is loaded.
)
(/usr/local/texlive/2025/texmf-dist/tex/latex/caption/subcaption.sty
Package: subcaption 2023/07/28 v1.6b Sub-captions (AR)
Package caption Info: New subtype `subfigure' on input line 238.
\c@subfigure=\count304
Package caption Info: New subtype `subtable' on input line 238.
\c@subtable=\count305
)
(/usr/local/texlive/2025/texmf-dist/tex/latex/amsfonts/amssymb.sty
Package: amssymb 2013/01/14 v3.01 AMS font symbols

(/usr/local/texlive/2025/texmf-dist/tex/latex/amsfonts/amsfonts.sty
Package: amsfonts 2013/01/14 v3.01 Basic AMSFonts support
\symAMSa=\mathgroup4
\symAMSb=\mathgroup5
LaTeX Font Info:    Redeclaring math symbol \hbar on input line 98.
LaTeX Font Info:    Overwriting math alphabet `\mathfrak' in version `bold'
(Font)                  U/euf/m/n --> U/euf/b/n on input line 106.
))
(/usr/local/texlive/2025/texmf-dist/tex/latex/makecell/makecell.sty
Package: makecell 2009/08/03 V0.1e Managing of Tab Column Heads and Cells

(/usr/local/texlive/2025/texmf-dist/tex/latex/tools/array.sty
Package: array 2024/10/17 v2.6g Tabular extension package (FMi)
\col@sep=\dimen173
\ar@mcellbox=\box60
\extrarowheight=\dimen174
\NC@list=\toks31
\extratabsurround=\skip60
\backup@length=\skip61
\ar@cellbox=\box61
)
\rotheadsize=\dimen175
\c@nlinenum=\count306
\TeXr@lab=\toks32
)
(/usr/local/texlive/2025/texmf-dist/tex/latex/tcolorbox/tcolorbox.sty
Package: tcolorbox 2024/10/22 version 6.4.1 text color boxes

(/usr/local/texlive/2025/texmf-dist/tex/latex/pgf/frontendlayer/tikz.sty
(/usr/local/texlive/2025/texmf-dist/tex/latex/pgf/basiclayer/pgf.sty
(/usr/local/texlive/2025/texmf-dist/tex/latex/pgf/utilities/pgfrcs.sty
(/usr/local/texlive/2025/texmf-dist/tex/generic/pgf/utilities/pgfutil-common.te
x
\pgfutil@everybye=\toks33
\pgfutil@tempdima=\dimen176
\pgfutil@tempdimb=\dimen177
)
(/usr/local/texlive/2025/texmf-dist/tex/generic/pgf/utilities/pgfutil-latex.def
\pgfutil@abb=\box62
) (/usr/local/texlive/2025/texmf-dist/tex/generic/pgf/utilities/pgfrcs.code.tex
(/usr/local/texlive/2025/texmf-dist/tex/generic/pgf/pgf.revision.tex)
Package: pgfrcs 2023-01-15 v3.1.10 (3.1.10)
))
Package: pgf 2023-01-15 v3.1.10 (3.1.10)

(/usr/local/texlive/2025/texmf-dist/tex/latex/pgf/basiclayer/pgfcore.sty
(/usr/local/texlive/2025/texmf-dist/tex/latex/pgf/systemlayer/pgfsys.sty
(/usr/local/texlive/2025/texmf-dist/tex/generic/pgf/systemlayer/pgfsys.code.tex
Package: pgfsys 2023-01-15 v3.1.10 (3.1.10)
(/usr/local/texlive/2025/texmf-dist/tex/generic/pgf/utilities/pgfkeys.code.tex
\pgfkeys@pathtoks=\toks34
\pgfkeys@temptoks=\toks35

(/usr/local/texlive/2025/texmf-dist/tex/generic/pgf/utilities/pgfkeyslibraryfil
tered.code.tex
\pgfkeys@tmptoks=\toks36
))
\pgf@x=\dimen178
\pgf@y=\dimen179
\pgf@xa=\dimen180
\pgf@ya=\dimen181
\pgf@xb=\dimen182
\pgf@yb=\dimen183
\pgf@xc=\dimen184
\pgf@yc=\dimen185
\pgf@xd=\dimen186
\pgf@yd=\dimen187
\w@pgf@writea=\write3
\r@pgf@reada=\read3
\c@pgf@counta=\count307
\c@pgf@countb=\count308
\c@pgf@countc=\count309
\c@pgf@countd=\count310
\t@pgf@toka=\toks37
\t@pgf@tokb=\toks38
\t@pgf@tokc=\toks39
\pgf@sys@id@count=\count311

(/usr/local/texlive/2025/texmf-dist/tex/generic/pgf/systemlayer/pgf.cfg
File: pgf.cfg 2023-01-15 v3.1.10 (3.1.10)
)
Driver file for pgf: pgfsys-pdftex.def

(/usr/local/texlive/2025/texmf-dist/tex/generic/pgf/systemlayer/pgfsys-pdftex.d
ef
File: pgfsys-pdftex.def 2023-01-15 v3.1.10 (3.1.10)

(/usr/local/texlive/2025/texmf-dist/tex/generic/pgf/systemlayer/pgfsys-common-p
df.def
File: pgfsys-common-pdf.def 2023-01-15 v3.1.10 (3.1.10)
)))
(/usr/local/texlive/2025/texmf-dist/tex/generic/pgf/systemlayer/pgfsyssoftpath.
code.tex
File: pgfsyssoftpath.code.tex 2023-01-15 v3.1.10 (3.1.10)
\pgfsyssoftpath@smallbuffer@items=\count312
\pgfsyssoftpath@bigbuffer@items=\count313
)
(/usr/local/texlive/2025/texmf-dist/tex/generic/pgf/systemlayer/pgfsysprotocol.
code.tex
File: pgfsysprotocol.code.tex 2023-01-15 v3.1.10 (3.1.10)
))
(/usr/local/texlive/2025/texmf-dist/tex/generic/pgf/basiclayer/pgfcore.code.tex
Package: pgfcore 2023-01-15 v3.1.10 (3.1.10)
(/usr/local/texlive/2025/texmf-dist/tex/generic/pgf/math/pgfmath.code.tex
(/usr/local/texlive/2025/texmf-dist/tex/generic/pgf/math/pgfmathutil.code.tex)
(/usr/local/texlive/2025/texmf-dist/tex/generic/pgf/math/pgfmathparser.code.tex
\pgfmath@dimen=\dimen188
\pgfmath@count=\count314
\pgfmath@box=\box63
\pgfmath@toks=\toks40
\pgfmath@stack@operand=\toks41
\pgfmath@stack@operation=\toks42
)
(/usr/local/texlive/2025/texmf-dist/tex/generic/pgf/math/pgfmathfunctions.code.
tex)
(/usr/local/texlive/2025/texmf-dist/tex/generic/pgf/math/pgfmathfunctions.basic
.code.tex)
(/usr/local/texlive/2025/texmf-dist/tex/generic/pgf/math/pgfmathfunctions.trigo
nometric.code.tex)
(/usr/local/texlive/2025/texmf-dist/tex/generic/pgf/math/pgfmathfunctions.rando
m.code.tex)
(/usr/local/texlive/2025/texmf-dist/tex/generic/pgf/math/pgfmathfunctions.compa
rison.code.tex)
(/usr/local/texlive/2025/texmf-dist/tex/generic/pgf/math/pgfmathfunctions.base.
code.tex)
(/usr/local/texlive/2025/texmf-dist/tex/generic/pgf/math/pgfmathfunctions.round
.code.tex)
(/usr/local/texlive/2025/texmf-dist/tex/generic/pgf/math/pgfmathfunctions.misc.
code.tex)
(/usr/local/texlive/2025/texmf-dist/tex/generic/pgf/math/pgfmathfunctions.integ
erarithmetics.code.tex)
(/usr/local/texlive/2025/texmf-dist/tex/generic/pgf/math/pgfmathcalc.code.tex)
(/usr/local/texlive/2025/texmf-dist/tex/generic/pgf/math/pgfmathfloat.code.tex
\c@pgfmathroundto@lastzeros=\count315
)) (/usr/local/texlive/2025/texmf-dist/tex/generic/pgf/math/pgfint.code.tex)
(/usr/local/texlive/2025/texmf-dist/tex/generic/pgf/basiclayer/pgfcorepoints.co
de.tex
File: pgfcorepoints.code.tex 2023-01-15 v3.1.10 (3.1.10)
\pgf@picminx=\dimen189
\pgf@picmaxx=\dimen190
\pgf@picminy=\dimen191
\pgf@picmaxy=\dimen192
\pgf@pathminx=\dimen193
\pgf@pathmaxx=\dimen194
\pgf@pathminy=\dimen195
\pgf@pathmaxy=\dimen196
\pgf@xx=\dimen197
\pgf@xy=\dimen198
\pgf@yx=\dimen199
\pgf@yy=\dimen256
\pgf@zx=\dimen257
\pgf@zy=\dimen258
)
(/usr/local/texlive/2025/texmf-dist/tex/generic/pgf/basiclayer/pgfcorepathconst
ruct.code.tex
File: pgfcorepathconstruct.code.tex 2023-01-15 v3.1.10 (3.1.10)
\pgf@path@lastx=\dimen259
\pgf@path@lasty=\dimen260
)
(/usr/local/texlive/2025/texmf-dist/tex/generic/pgf/basiclayer/pgfcorepathusage
.code.tex
File: pgfcorepathusage.code.tex 2023-01-15 v3.1.10 (3.1.10)
\pgf@shorten@end@additional=\dimen261
\pgf@shorten@start@additional=\dimen262
)
(/usr/local/texlive/2025/texmf-dist/tex/generic/pgf/basiclayer/pgfcorescopes.co
de.tex
File: pgfcorescopes.code.tex 2023-01-15 v3.1.10 (3.1.10)
\pgfpic=\box64
\pgf@hbox=\box65
\pgf@layerbox@main=\box66
\pgf@picture@serial@count=\count316
)
(/usr/local/texlive/2025/texmf-dist/tex/generic/pgf/basiclayer/pgfcoregraphicst
ate.code.tex
File: pgfcoregraphicstate.code.tex 2023-01-15 v3.1.10 (3.1.10)
\pgflinewidth=\dimen263
)
(/usr/local/texlive/2025/texmf-dist/tex/generic/pgf/basiclayer/pgfcoretransform
ations.code.tex
File: pgfcoretransformations.code.tex 2023-01-15 v3.1.10 (3.1.10)
\pgf@pt@x=\dimen264
\pgf@pt@y=\dimen265
\pgf@pt@temp=\dimen266
)
(/usr/local/texlive/2025/texmf-dist/tex/generic/pgf/basiclayer/pgfcorequick.cod
e.tex
File: pgfcorequick.code.tex 2023-01-15 v3.1.10 (3.1.10)
)
(/usr/local/texlive/2025/texmf-dist/tex/generic/pgf/basiclayer/pgfcoreobjects.c
ode.tex
File: pgfcoreobjects.code.tex 2023-01-15 v3.1.10 (3.1.10)
)
(/usr/local/texlive/2025/texmf-dist/tex/generic/pgf/basiclayer/pgfcorepathproce
ssing.code.tex
File: pgfcorepathprocessing.code.tex 2023-01-15 v3.1.10 (3.1.10)
)
(/usr/local/texlive/2025/texmf-dist/tex/generic/pgf/basiclayer/pgfcorearrows.co
de.tex
File: pgfcorearrows.code.tex 2023-01-15 v3.1.10 (3.1.10)
\pgfarrowsep=\dimen267
)
(/usr/local/texlive/2025/texmf-dist/tex/generic/pgf/basiclayer/pgfcoreshade.cod
e.tex
File: pgfcoreshade.code.tex 2023-01-15 v3.1.10 (3.1.10)
\pgf@max=\dimen268
\pgf@sys@shading@range@num=\count317
\pgf@shadingcount=\count318
)
(/usr/local/texlive/2025/texmf-dist/tex/generic/pgf/basiclayer/pgfcoreimage.cod
e.tex
File: pgfcoreimage.code.tex 2023-01-15 v3.1.10 (3.1.10)
)
(/usr/local/texlive/2025/texmf-dist/tex/generic/pgf/basiclayer/pgfcoreexternal.
code.tex
File: pgfcoreexternal.code.tex 2023-01-15 v3.1.10 (3.1.10)
\pgfexternal@startupbox=\box67
)
(/usr/local/texlive/2025/texmf-dist/tex/generic/pgf/basiclayer/pgfcorelayers.co
de.tex
File: pgfcorelayers.code.tex 2023-01-15 v3.1.10 (3.1.10)
)
(/usr/local/texlive/2025/texmf-dist/tex/generic/pgf/basiclayer/pgfcoretranspare
ncy.code.tex
File: pgfcoretransparency.code.tex 2023-01-15 v3.1.10 (3.1.10)
)
(/usr/local/texlive/2025/texmf-dist/tex/generic/pgf/basiclayer/pgfcorepatterns.
code.tex
File: pgfcorepatterns.code.tex 2023-01-15 v3.1.10 (3.1.10)
)
(/usr/local/texlive/2025/texmf-dist/tex/generic/pgf/basiclayer/pgfcorerdf.code.
tex
File: pgfcorerdf.code.tex 2023-01-15 v3.1.10 (3.1.10)
)))
(/usr/local/texlive/2025/texmf-dist/tex/generic/pgf/modules/pgfmoduleshapes.cod
e.tex
File: pgfmoduleshapes.code.tex 2023-01-15 v3.1.10 (3.1.10)
\pgfnodeparttextbox=\box68
)
(/usr/local/texlive/2025/texmf-dist/tex/generic/pgf/modules/pgfmoduleplot.code.
tex
File: pgfmoduleplot.code.tex 2023-01-15 v3.1.10 (3.1.10)
)
(/usr/local/texlive/2025/texmf-dist/tex/latex/pgf/compatibility/pgfcomp-version
-0-65.sty
Package: pgfcomp-version-0-65 2023-01-15 v3.1.10 (3.1.10)
\pgf@nodesepstart=\dimen269
\pgf@nodesepend=\dimen270
)
(/usr/local/texlive/2025/texmf-dist/tex/latex/pgf/compatibility/pgfcomp-version
-1-18.sty
Package: pgfcomp-version-1-18 2023-01-15 v3.1.10 (3.1.10)
))
(/usr/local/texlive/2025/texmf-dist/tex/latex/pgf/utilities/pgffor.sty
(/usr/local/texlive/2025/texmf-dist/tex/latex/pgf/utilities/pgfkeys.sty
(/usr/local/texlive/2025/texmf-dist/tex/generic/pgf/utilities/pgfkeys.code.tex)
) (/usr/local/texlive/2025/texmf-dist/tex/latex/pgf/math/pgfmath.sty
(/usr/local/texlive/2025/texmf-dist/tex/generic/pgf/math/pgfmath.code.tex))
(/usr/local/texlive/2025/texmf-dist/tex/generic/pgf/utilities/pgffor.code.tex
Package: pgffor 2023-01-15 v3.1.10 (3.1.10)
\pgffor@iter=\dimen271
\pgffor@skip=\dimen272
\pgffor@stack=\toks43
\pgffor@toks=\toks44
))
(/usr/local/texlive/2025/texmf-dist/tex/generic/pgf/frontendlayer/tikz/tikz.cod
e.tex
Package: tikz 2023-01-15 v3.1.10 (3.1.10)

(/usr/local/texlive/2025/texmf-dist/tex/generic/pgf/libraries/pgflibraryplothan
dlers.code.tex
File: pgflibraryplothandlers.code.tex 2023-01-15 v3.1.10 (3.1.10)
\pgf@plot@mark@count=\count319
\pgfplotmarksize=\dimen273
)
\tikz@lastx=\dimen274
\tikz@lasty=\dimen275
\tikz@lastxsaved=\dimen276
\tikz@lastysaved=\dimen277
\tikz@lastmovetox=\dimen278
\tikz@lastmovetoy=\dimen279
\tikzleveldistance=\dimen280
\tikzsiblingdistance=\dimen281
\tikz@figbox=\box69
\tikz@figbox@bg=\box70
\tikz@tempbox=\box71
\tikz@tempbox@bg=\box72
\tikztreelevel=\count320
\tikznumberofchildren=\count321
\tikznumberofcurrentchild=\count322
\tikz@fig@count=\count323

(/usr/local/texlive/2025/texmf-dist/tex/generic/pgf/modules/pgfmodulematrix.cod
e.tex
File: pgfmodulematrix.code.tex 2023-01-15 v3.1.10 (3.1.10)
\pgfmatrixcurrentrow=\count324
\pgfmatrixcurrentcolumn=\count325
\pgf@matrix@numberofcolumns=\count326
)
\tikz@expandcount=\count327

(/usr/local/texlive/2025/texmf-dist/tex/generic/pgf/frontendlayer/tikz/librarie
s/tikzlibrarytopaths.code.tex
File: tikzlibrarytopaths.code.tex 2023-01-15 v3.1.10 (3.1.10)
)))
(/usr/local/texlive/2025/texmf-dist/tex/latex/environ/environ.sty
Package: environ 2014/05/04 v0.3 A new way to define environments

(/usr/local/texlive/2025/texmf-dist/tex/latex/trimspaces/trimspaces.sty
Package: trimspaces 2009/09/17 v1.1 Trim spaces around a token list
))
\tcb@titlebox=\box73
\tcb@upperbox=\box74
\tcb@lowerbox=\box75
\tcb@phantombox=\box76
\c@tcbbreakpart=\count328
\c@tcblayer=\count329
\c@tcolorbox@number=\count330
\l__tcobox_tmpa_box=\box77
\l__tcobox_tmpa_dim=\dimen282
\tcb@temp=\box78
\tcb@temp=\box79
\tcb@temp=\box80
\tcb@temp=\box81
)
(/usr/local/texlive/2025/texmf-dist/tex/latex/enumitem/enumitem.sty
Package: enumitem 2025/02/06 v3.11 Customized lists
\labelindent=\skip62
\enit@outerparindent=\dimen283
\enit@toks=\toks45
\enit@inbox=\box82
\enit@count@id=\count331
\enitdp@description=\count332
)
(/usr/local/texlive/2025/texmf-dist/tex/latex/hyperref/hyperref.sty
Package: hyperref 2024-11-05 v7.01l Hypertext links for LaTeX

(/usr/local/texlive/2025/texmf-dist/tex/latex/kvsetkeys/kvsetkeys.sty
Package: kvsetkeys 2022-10-05 v1.19 Key value parser (HO)
)
(/usr/local/texlive/2025/texmf-dist/tex/generic/kvdefinekeys/kvdefinekeys.sty
Package: kvdefinekeys 2019-12-19 v1.6 Define keys (HO)
)
(/usr/local/texlive/2025/texmf-dist/tex/generic/pdfescape/pdfescape.sty
Package: pdfescape 2019/12/09 v1.15 Implements pdfTeX's escape features (HO)

(/usr/local/texlive/2025/texmf-dist/tex/generic/ltxcmds/ltxcmds.sty
Package: ltxcmds 2023-12-04 v1.26 LaTeX kernel commands for general use (HO)
)
(/usr/local/texlive/2025/texmf-dist/tex/generic/pdftexcmds/pdftexcmds.sty
Package: pdftexcmds 2020-06-27 v0.33 Utility functions of pdfTeX for LuaTeX (HO
)

(/usr/local/texlive/2025/texmf-dist/tex/generic/infwarerr/infwarerr.sty
Package: infwarerr 2019/12/03 v1.5 Providing info/warning/error messages (HO)
)
Package pdftexcmds Info: \pdf@primitive is available.
Package pdftexcmds Info: \pdf@ifprimitive is available.
Package pdftexcmds Info: \pdfdraftmode found.
))
(/usr/local/texlive/2025/texmf-dist/tex/latex/hycolor/hycolor.sty
Package: hycolor 2020-01-27 v1.10 Color options for hyperref/bookmark (HO)
)
(/usr/local/texlive/2025/texmf-dist/tex/latex/hyperref/nameref.sty
Package: nameref 2023-11-26 v2.56 Cross-referencing by name of section

(/usr/local/texlive/2025/texmf-dist/tex/latex/refcount/refcount.sty
Package: refcount 2019/12/15 v3.6 Data extraction from label references (HO)
)
(/usr/local/texlive/2025/texmf-dist/tex/generic/gettitlestring/gettitlestring.s
ty
Package: gettitlestring 2019/12/15 v1.6 Cleanup title references (HO)
 (/usr/local/texlive/2025/texmf-dist/tex/latex/kvoptions/kvoptions.sty
Package: kvoptions 2022-06-15 v3.15 Key value format for package options (HO)
))
\c@section@level=\count333
)
(/usr/local/texlive/2025/texmf-dist/tex/generic/stringenc/stringenc.sty
Package: stringenc 2019/11/29 v1.12 Convert strings between diff. encodings (HO
)
)
\@linkdim=\dimen284
\Hy@linkcounter=\count334
\Hy@pagecounter=\count335

(/usr/local/texlive/2025/texmf-dist/tex/latex/hyperref/pd1enc.def
File: pd1enc.def 2024-11-05 v7.01l Hyperref: PDFDocEncoding definition (HO)
Now handling font encoding PD1 ...
... no UTF-8 mapping file for font encoding PD1
)
(/usr/local/texlive/2025/texmf-dist/tex/generic/intcalc/intcalc.sty
Package: intcalc 2019/12/15 v1.3 Expandable calculations with integers (HO)
)
\Hy@SavedSpaceFactor=\count336

(/usr/local/texlive/2025/texmf-dist/tex/latex/hyperref/puenc.def
File: puenc.def 2024-11-05 v7.01l Hyperref: PDF Unicode definition (HO)
Now handling font encoding PU ...
... no UTF-8 mapping file for font encoding PU
)
Package hyperref Info: Hyper figures OFF on input line 4157.
Package hyperref Info: Link nesting OFF on input line 4162.
Package hyperref Info: Hyper index ON on input line 4165.
Package hyperref Info: Plain pages OFF on input line 4172.
Package hyperref Info: Backreferencing OFF on input line 4177.
Package hyperref Info: Implicit mode ON; LaTeX internals redefined.
Package hyperref Info: Bookmarks ON on input line 4424.
\c@Hy@tempcnt=\count337

(/usr/local/texlive/2025/texmf-dist/tex/latex/url/url.sty
\Urlmuskip=\muskip18
Package: url 2013/09/16  ver 3.4  Verb mode for urls, etc.
)
LaTeX Info: Redefining \url on input line 4763.
\XeTeXLinkMargin=\dimen285

(/usr/local/texlive/2025/texmf-dist/tex/generic/bitset/bitset.sty
Package: bitset 2019/12/09 v1.3 Handle bit-vector datatype (HO)

(/usr/local/texlive/2025/texmf-dist/tex/generic/bigintcalc/bigintcalc.sty
Package: bigintcalc 2019/12/15 v1.5 Expandable calculations on big integers (HO
)
))
\Fld@menulength=\count338
\Field@Width=\dimen286
\Fld@charsize=\dimen287
Package hyperref Info: Hyper figures OFF on input line 6042.
Package hyperref Info: Link nesting OFF on input line 6047.
Package hyperref Info: Hyper index ON on input line 6050.
Package hyperref Info: backreferencing OFF on input line 6057.
Package hyperref Info: Link coloring OFF on input line 6062.
Package hyperref Info: Link coloring with OCG OFF on input line 6067.
Package hyperref Info: PDF/A mode OFF on input line 6072.

(/usr/local/texlive/2025/texmf-dist/tex/latex/base/atbegshi-ltx.sty
Package: atbegshi-ltx 2021/01/10 v1.0c Emulation of the original atbegshi
package with kernel methods
)
\Hy@abspage=\count339
\c@Item=\count340
\c@Hfootnote=\count341
)
Package hyperref Info: Driver (autodetected): hpdftex.

(/usr/local/texlive/2025/texmf-dist/tex/latex/hyperref/hpdftex.def
File: hpdftex.def 2024-11-05 v7.01l Hyperref driver for pdfTeX

(/usr/local/texlive/2025/texmf-dist/tex/latex/base/atveryend-ltx.sty
Package: atveryend-ltx 2020/08/19 v1.0a Emulation of the original atveryend pac
kage
with kernel methods
)
\Fld@listcount=\count342
\c@bookmark@seq@number=\count343

(/usr/local/texlive/2025/texmf-dist/tex/latex/rerunfilecheck/rerunfilecheck.sty
Package: rerunfilecheck 2022-07-10 v1.10 Rerun checks for auxiliary files (HO)

(/usr/local/texlive/2025/texmf-dist/tex/generic/uniquecounter/uniquecounter.sty
Package: uniquecounter 2019/12/15 v1.4 Provide unlimited unique counter (HO)
)
Package uniquecounter Info: New unique counter `rerunfilecheck' on input line 2
85.
)
\Hy@SectionHShift=\skip63
)
Package hyperref Info: Option `colorlinks' set `true' on input line 36.
 (/usr/local/texlive/2025/texmf-dist/tex/latex/colortbl/colortbl.sty
Package: colortbl 2024/07/06 v1.0i Color table columns (DPC)
\everycr=\toks46
\minrowclearance=\skip64
\rownum=\count344
)
(/usr/local/texlive/2025/texmf-dist/tex/latex/outlines/outlines.sty
Package: outlines 2012/1/23 1.1 Ch. Pecheur
)
(/usr/local/texlive/2025/texmf-dist/tex/latex/eurosym/eurosym.sty
Package: eurosym 1998/08/06 v1.1 European currency symbol ``Euro''
\@eurobox=\box83
)
(/usr/local/texlive/2025/texmf-dist/tex/latex/siunitx/siunitx.sty
Package: siunitx 2025-02-27 v3.4.6 A comprehensive (SI) units package
\l__siunitx_number_uncert_offset_int=\count345
\l__siunitx_number_exponent_fixed_int=\count346
\l__siunitx_number_min_decimal_int=\count347
\l__siunitx_number_min_integer_int=\count348
\l__siunitx_number_round_precision_int=\count349
\l__siunitx_number_lower_threshold_int=\count350
\l__siunitx_number_upper_threshold_int=\count351
\l__siunitx_number_group_first_int=\count352
\l__siunitx_number_group_size_int=\count353
\l__siunitx_number_group_minimum_int=\count354
\l__siunitx_angle_tmp_dim=\dimen288
\l__siunitx_angle_marker_box=\box84
\l__siunitx_angle_unit_box=\box85
\l__siunitx_compound_count_int=\count355

(/usr/local/texlive/2025/texmf-dist/tex/latex/translations/translations.sty
Package: translations 2022/02/05 v1.12 internationalization of LaTeX2e packages
 (CN)
)
\l__siunitx_table_tmp_box=\box86
\l__siunitx_table_tmp_dim=\dimen289
\l__siunitx_table_column_width_dim=\dimen290
\l__siunitx_table_integer_box=\box87
\l__siunitx_table_decimal_box=\box88
\l__siunitx_table_uncert_box=\box89
\l__siunitx_table_before_box=\box90
\l__siunitx_table_after_box=\box91
\l__siunitx_table_before_dim=\dimen291
\l__siunitx_table_carry_dim=\dimen292
\l__siunitx_unit_tmp_int=\count356
\l__siunitx_unit_position_int=\count357
\l__siunitx_unit_total_int=\count358
)
(/usr/local/texlive/2025/texmf-dist/tex/latex/titling/titling.sty
Package: titling 2009/09/04 v2.1d maketitle typesetting
\thanksmarkwidth=\skip65
\thanksmargin=\skip66
\droptitle=\skip67
)
(/usr/local/texlive/2025/texmf-dist/tex/latex/tools/multicol.sty
Package: multicol 2024/09/14 v1.9i multicolumn formatting (FMi)
\c@tracingmulticols=\count359
\mult@box=\box92
\multicol@leftmargin=\dimen293
\c@unbalance=\count360
\c@collectmore=\count361
\doublecol@number=\count362
\multicoltolerance=\count363
\multicolpretolerance=\count364
\full@width=\dimen294
\page@free=\dimen295
\premulticols=\dimen296
\postmulticols=\dimen297
\multicolsep=\skip68
\multicolbaselineskip=\skip69
\partial@page=\box93
\last@line=\box94
\mc@boxedresult=\box95
\maxbalancingoverflow=\dimen298
\mult@rightbox=\box96
\mult@grightbox=\box97
\mult@firstbox=\box98
\mult@gfirstbox=\box99
\@tempa=\box100
\@tempa=\box101
\@tempa=\box102
\@tempa=\box103
\@tempa=\box104
\@tempa=\box105
\@tempa=\box106
\@tempa=\box107
\@tempa=\box108
\@tempa=\box109
\@tempa=\box110
\@tempa=\box111
\@tempa=\box112
\@tempa=\box113
\@tempa=\box114
\@tempa=\box115
\@tempa=\box116
\@tempa=\box117
\@tempa=\box118
\@tempa=\box119
\@tempa=\box120
\@tempa=\box121
\@tempa=\box122
\@tempa=\box123
\@tempa=\box124
\@tempa=\box125
\@tempa=\box126
\@tempa=\box127
\@tempa=\box128
\@tempa=\box129
\@tempa=\box130
\@tempa=\box131
\@tempa=\box132
\@tempa=\box133
\@tempa=\box134
\@tempa=\box135
\c@minrows=\count365
\c@columnbadness=\count366
\c@finalcolumnbadness=\count367
\last@try=\dimen299
\multicolovershoot=\dimen300
\multicolundershoot=\dimen301
\mult@nat@firstbox=\box136
\colbreak@box=\box137
\mc@col@check@num=\count368
)
(/usr/local/texlive/2025/texmf-dist/tex/latex/graphics/dvipsnam.def
File: dvipsnam.def 2016/06/17 v3.0m Driver-dependent file (DPC,SPQR)
)
Package translations Info: No language package found. I am going to use `englis
h' as default language. on input line 67.

(/usr/local/texlive/2025/texmf-dist/tex/latex/l3backend/l3backend-pdftex.def
File: l3backend-pdftex.def 2024-05-08 L3 backend support: PDF output (pdfTeX)
\l__color_backend_stack_int=\count369
\l__pdf_internal_box=\box138
)
(./SSA_Interpretations.aux

LaTeX Warning: Label `figure:Macrozones_Temperature_range' multiply defined.

)
\openout1 = `SSA_Interpretations.aux'.

LaTeX Font Info:    Checking defaults for OML/cmm/m/it on input line 67.
LaTeX Font Info:    ... okay on input line 67.
LaTeX Font Info:    Checking defaults for OMS/cmsy/m/n on input line 67.
LaTeX Font Info:    ... okay on input line 67.
LaTeX Font Info:    Checking defaults for OT1/cmr/m/n on input line 67.
LaTeX Font Info:    ... okay on input line 67.
LaTeX Font Info:    Checking defaults for T1/cmr/m/n on input line 67.
LaTeX Font Info:    ... okay on input line 67.
LaTeX Font Info:    Checking defaults for TS1/cmr/m/n on input line 67.
LaTeX Font Info:    ... okay on input line 67.
LaTeX Font Info:    Checking defaults for OMX/cmex/m/n on input line 67.
LaTeX Font Info:    ... okay on input line 67.
LaTeX Font Info:    Checking defaults for U/cmr/m/n on input line 67.
LaTeX Font Info:    ... okay on input line 67.
LaTeX Font Info:    Checking defaults for PD1/pdf/m/n on input line 67.
LaTeX Font Info:    ... okay on input line 67.
LaTeX Font Info:    Checking defaults for PU/pdf/m/n on input line 67.
LaTeX Font Info:    ... okay on input line 67.
\c@lstlisting=\count370
 (/usr/local/texlive/2025/texmf-dist/tex/context/base/mkii/supp-pdf.mkii
[Loading MPS to PDF converter (version 2006.09.02).]
\scratchcounter=\count371
\scratchdimen=\dimen302
\scratchbox=\box139
\nofMPsegments=\count372
\nofMParguments=\count373
\everyMPshowfont=\toks47
\MPscratchCnt=\count374
\MPscratchDim=\dimen303
\MPnumerator=\count375
\makeMPintoPDFobject=\count376
\everyMPtoPDFconversion=\toks48
) (/usr/local/texlive/2025/texmf-dist/tex/latex/epstopdf-pkg/epstopdf-base.sty
Package: epstopdf-base 2020-01-24 v2.11 Base part for package epstopdf
Package epstopdf-base Info: Redefining graphics rule for `.eps' on input line 4
85.

(/usr/local/texlive/2025/texmf-dist/tex/latex/latexconfig/epstopdf-sys.cfg
File: epstopdf-sys.cfg 2010/07/13 v1.3 Configuration of (r)epstopdf for TeX Liv
e
))
Package caption Info: Begin \AtBeginDocument code.
Package caption Info: hyperref package is loaded.
Package caption Info: End \AtBeginDocument code.
Package hyperref Info: Link coloring ON on input line 67.

(./SSA_Interpretations.out) (./SSA_Interpretations.out)
\@outlinefile=\write4
\openout4 = `SSA_Interpretations.out'.


(/usr/local/texlive/2025/texmf-dist/tex/latex/translations/translations-basic-d
ictionary-english.trsl
File: translations-basic-dictionary-english.trsl (english translation file `tra
nslations-basic-dictionary')
)
Package translations Info: loading dictionary `translations-basic-dictionary' f
or `english'. on input line 67.
LaTeX Font Info:    Trying to load font information for U+msa on input line 76.


(/usr/local/texlive/2025/texmf-dist/tex/latex/amsfonts/umsa.fd
File: umsa.fd 2013/01/14 v3.01 AMS symbols A
)
LaTeX Font Info:    Trying to load font information for U+msb on input line 76.


(/usr/local/texlive/2025/texmf-dist/tex/latex/amsfonts/umsb.fd
File: umsb.fd 2013/01/14 v3.01 AMS symbols B
)

[1

{/usr/local/texlive/2025/texmf-var/fonts/map/pdftex/updmap/pdftex.map}]
(./SSA_Interpretations.toc)
\tf@toc=\write5
\openout5 = `SSA_Interpretations.toc'.




pdfTeX warning (ext4): destination with the same identifier (name{page.1}) has 
been already used, duplicate ignored
<to be read again> 
                   \relax 
l.80 \newpage
              [1]

[2]
<../plots/Macrozones_25.pdf, id=88, 505.89pt x 505.89pt>
File: ../plots/Macrozones_25.pdf Graphic file (type pdf)
<use ../plots/Macrozones_25.pdf>
Package pdftex.def Info: ../plots/Macrozones_25.pdf  used on input line 145.
(pdftex.def)             Requested size: 354.12057pt x 354.12057pt.


[3 <../plots/Macrozones_25.pdf>]
<../plots/feature_cluster_shps/daylength_zones_clusters.pdf, id=103, 505.89pt x
 505.89pt>
File: ../plots/feature_cluster_shps/daylength_zones_clusters.pdf Graphic file (
type pdf)
<use ../plots/feature_cluster_shps/daylength_zones_clusters.pdf>
Package pdftex.def Info: ../plots/feature_cluster_shps/daylength_zones_clusters
.pdf  used on input line 165.
(pdftex.def)             Requested size: 505.88875pt x 505.88875pt.

Overfull \hbox (36.13373pt too wide) in paragraph at lines 165--166
 [][] 
 []



[4]

[5 <../plots/feature_cluster_shps/daylength_zones_clusters.pdf>]
<../plots/feature_cluster_trends/daylength_panel.pdf, id=123, 505.89pt x 505.89
pt>
File: ../plots/feature_cluster_trends/daylength_panel.pdf Graphic file (type pd
f)
<use ../plots/feature_cluster_trends/daylength_panel.pdf>
Package pdftex.def Info: ../plots/feature_cluster_trends/daylength_panel.pdf  u
sed on input line 174.
(pdftex.def)             Requested size: 505.88875pt x 505.88875pt.
<../plots/feature_cluster_trends/daylength_panel.pdf, id=125, page=1, 505.89pt 
x 505.89pt>
File: ../plots/feature_cluster_trends/daylength_panel.pdf Graphic file (type pd
f)
<use ../plots/feature_cluster_trends/daylength_panel.pdf, page 1>
Package pdftex.def Info: ../plots/feature_cluster_trends/daylength_panel.pdf , 
page1 used on input line 174.
(pdftex.def)             Requested size: 505.88875pt x 505.88875pt.
File: ../plots/feature_cluster_trends/daylength_panel.pdf Graphic file (type pd
f)
<use ../plots/feature_cluster_trends/daylength_panel.pdf, page 1>
Package pdftex.def Info: ../plots/feature_cluster_trends/daylength_panel.pdf , 
page1 used on input line 174.
(pdftex.def)             Requested size: 615.37086pt x 615.37086pt.


[6]
File: ../plots/feature_cluster_trends/daylength_panel.pdf Graphic file (type pd
f)
<use ../plots/feature_cluster_trends/daylength_panel.pdf, page 1>
Package pdftex.def Info: ../plots/feature_cluster_trends/daylength_panel.pdf , 
page1 used on input line 174.
(pdftex.def)             Requested size: 615.37086pt x 615.37086pt.
File: ../plots/feature_cluster_trends/daylength_panel.pdf Graphic file (type pd
f)
<use ../plots/feature_cluster_trends/daylength_panel.pdf, page 1>
Package pdftex.def Info: ../plots/feature_cluster_trends/daylength_panel.pdf , 
page1 used on input line 174.
(pdftex.def)             Requested size: 615.37086pt x 615.37086pt.


File: ../plots/feature_cluster_trends/daylength_panel.pdf Graphic file (type pd
f)
<use ../plots/feature_cluster_trends/daylength_panel.pdf, page 1>
Package pdftex.def Info: ../plots/feature_cluster_trends/daylength_panel.pdf , 
page1 used on input line 174.
(pdftex.def)             Requested size: 615.37086pt x 615.37086pt.
[7

 <../plots/feature_cluster_trends/daylength_panel.pdf>]
<../plots/feature_cluster_trends/daylength_panel.pdf, id=141, page=2, 505.89pt 
x 505.89pt>
File: ../plots/feature_cluster_trends/daylength_panel.pdf Graphic file (type pd
f)
<use ../plots/feature_cluster_trends/daylength_panel.pdf, page 2>
Package pdftex.def Info: ../plots/feature_cluster_trends/daylength_panel.pdf , 
page2 used on input line 174.
(pdftex.def)             Requested size: 615.37086pt x 615.37086pt.
File: ../plots/feature_cluster_trends/daylength_panel.pdf Graphic file (type pd
f)
<use ../plots/feature_cluster_trends/daylength_panel.pdf, page 2>
Package pdftex.def Info: ../plots/feature_cluster_trends/daylength_panel.pdf , 
page2 used on input line 174.
(pdftex.def)             Requested size: 615.37086pt x 615.37086pt.


File: ../plots/feature_cluster_trends/daylength_panel.pdf Graphic file (type pd
f)
<use ../plots/feature_cluster_trends/daylength_panel.pdf, page 2>
Package pdftex.def Info: ../plots/feature_cluster_trends/daylength_panel.pdf , 
page2 used on input line 174.
(pdftex.def)             Requested size: 615.37086pt x 615.37086pt.
[8

 <../plots/feature_cluster_trends/daylength_panel.pdf>]
<../plots/feature_cluster_trends/daylength_feature_cluster_trend.pdf, id=146, 5
05.89pt x 505.89pt>
File: ../plots/feature_cluster_trends/daylength_feature_cluster_trend.pdf Graph
ic file (type pdf)
<use ../plots/feature_cluster_trends/daylength_feature_cluster_trend.pdf>
Package pdftex.def Info: ../plots/feature_cluster_trends/daylength_feature_clus
ter_trend.pdf  used on input line 180.
(pdftex.def)             Requested size: 505.88875pt x 505.88875pt.
<../plots/feature_cluster_trends/daylength_feature_cluster_trend.pdf, id=148, p
age=1, 505.89pt x 505.89pt>
File: ../plots/feature_cluster_trends/daylength_feature_cluster_trend.pdf Graph
ic file (type pdf)
<use ../plots/feature_cluster_trends/daylength_feature_cluster_trend.pdf, page 
1>
Package pdftex.def Info: ../plots/feature_cluster_trends/daylength_feature_clus
ter_trend.pdf , page1 used on input line 180.
(pdftex.def)             Requested size: 505.88875pt x 505.88875pt.
File: ../plots/feature_cluster_trends/daylength_feature_cluster_trend.pdf Graph
ic file (type pdf)
<use ../plots/feature_cluster_trends/daylength_feature_cluster_trend.pdf, page 
1>
Package pdftex.def Info: ../plots/feature_cluster_trends/daylength_feature_clus
ter_trend.pdf , page1 used on input line 180.
(pdftex.def)             Requested size: 615.37086pt x 615.37086pt.


[9]
File: ../plots/feature_cluster_trends/daylength_feature_cluster_trend.pdf Graph
ic file (type pdf)
<use ../plots/feature_cluster_trends/daylength_feature_cluster_trend.pdf, page 
1>
Package pdftex.def Info: ../plots/feature_cluster_trends/daylength_feature_clus
ter_trend.pdf , page1 used on input line 180.
(pdftex.def)             Requested size: 615.37086pt x 615.37086pt.
File: ../plots/feature_cluster_trends/daylength_feature_cluster_trend.pdf Graph
ic file (type pdf)
<use ../plots/feature_cluster_trends/daylength_feature_cluster_trend.pdf, page 
1>
Package pdftex.def Info: ../plots/feature_cluster_trends/daylength_feature_clus
ter_trend.pdf , page1 used on input line 180.
(pdftex.def)             Requested size: 615.37086pt x 615.37086pt.


File: ../plots/feature_cluster_trends/daylength_feature_cluster_trend.pdf Graph
ic file (type pdf)
<use ../plots/feature_cluster_trends/daylength_feature_cluster_trend.pdf, page 
1>
Package pdftex.def Info: ../plots/feature_cluster_trends/daylength_feature_clus
ter_trend.pdf , page1 used on input line 180.
(pdftex.def)             Requested size: 615.37086pt x 615.37086pt.
[10

 <../plots/feature_cluster_trends/daylength_feature_cluster_trend.pdf>]
<../plots/feature_cluster_trends/daylength_feature_cluster_trend.pdf, id=167, p
age=2, 505.89pt x 505.89pt>
File: ../plots/feature_cluster_trends/daylength_feature_cluster_trend.pdf Graph
ic file (type pdf)
<use ../plots/feature_cluster_trends/daylength_feature_cluster_trend.pdf, page 
2>
Package pdftex.def Info: ../plots/feature_cluster_trends/daylength_feature_clus
ter_trend.pdf , page2 used on input line 180.
(pdftex.def)             Requested size: 615.37086pt x 615.37086pt.
File: ../plots/feature_cluster_trends/daylength_feature_cluster_trend.pdf Graph
ic file (type pdf)
<use ../plots/feature_cluster_trends/daylength_feature_cluster_trend.pdf, page 
2>
Package pdftex.def Info: ../plots/feature_cluster_trends/daylength_feature_clus
ter_trend.pdf , page2 used on input line 180.
(pdftex.def)             Requested size: 615.37086pt x 615.37086pt.


File: ../plots/feature_cluster_trends/daylength_feature_cluster_trend.pdf Graph
ic file (type pdf)
<use ../plots/feature_cluster_trends/daylength_feature_cluster_trend.pdf, page 
2>
Package pdftex.def Info: ../plots/feature_cluster_trends/daylength_feature_clus
ter_trend.pdf , page2 used on input line 180.
(pdftex.def)             Requested size: 615.37086pt x 615.37086pt.
[11

 <../plots/feature_cluster_trends/daylength_feature_cluster_trend.pdf>]
<../plots/feature_cluster_trends/daylength_feature_cluster_trend.pdf, id=172, p
age=3, 505.89pt x 505.89pt>
File: ../plots/feature_cluster_trends/daylength_feature_cluster_trend.pdf Graph
ic file (type pdf)
<use ../plots/feature_cluster_trends/daylength_feature_cluster_trend.pdf, page 
3>
Package pdftex.def Info: ../plots/feature_cluster_trends/daylength_feature_clus
ter_trend.pdf , page3 used on input line 180.
(pdftex.def)             Requested size: 615.37086pt x 615.37086pt.
File: ../plots/feature_cluster_trends/daylength_feature_cluster_trend.pdf Graph
ic file (type pdf)
<use ../plots/feature_cluster_trends/daylength_feature_cluster_trend.pdf, page 
3>
Package pdftex.def Info: ../plots/feature_cluster_trends/daylength_feature_clus
ter_trend.pdf , page3 used on input line 180.
(pdftex.def)             Requested size: 615.37086pt x 615.37086pt.


File: ../plots/feature_cluster_trends/daylength_feature_cluster_trend.pdf Graph
ic file (type pdf)
<use ../plots/feature_cluster_trends/daylength_feature_cluster_trend.pdf, page 
3>
Package pdftex.def Info: ../plots/feature_cluster_trends/daylength_feature_clus
ter_trend.pdf , page3 used on input line 180.
(pdftex.def)             Requested size: 615.37086pt x 615.37086pt.
[12

 <../plots/feature_cluster_trends/daylength_feature_cluster_trend.pdf>]
<../plots/feature_cluster_trends/daylength_feature_cluster_trend.pdf, id=178, p
age=4, 505.89pt x 505.89pt>
File: ../plots/feature_cluster_trends/daylength_feature_cluster_trend.pdf Graph
ic file (type pdf)
<use ../plots/feature_cluster_trends/daylength_feature_cluster_trend.pdf, page 
4>
Package pdftex.def Info: ../plots/feature_cluster_trends/daylength_feature_clus
ter_trend.pdf , page4 used on input line 180.
(pdftex.def)             Requested size: 615.37086pt x 615.37086pt.
File: ../plots/feature_cluster_trends/daylength_feature_cluster_trend.pdf Graph
ic file (type pdf)
<use ../plots/feature_cluster_trends/daylength_feature_cluster_trend.pdf, page 
4>
Package pdftex.def Info: ../plots/feature_cluster_trends/daylength_feature_clus
ter_trend.pdf , page4 used on input line 180.
(pdftex.def)             Requested size: 615.37086pt x 615.37086pt.


File: ../plots/feature_cluster_trends/daylength_feature_cluster_trend.pdf Graph
ic file (type pdf)
<use ../plots/feature_cluster_trends/daylength_feature_cluster_trend.pdf, page 
4>
Package pdftex.def Info: ../plots/feature_cluster_trends/daylength_feature_clus
ter_trend.pdf , page4 used on input line 180.
(pdftex.def)             Requested size: 615.37086pt x 615.37086pt.
[13

 <../plots/feature_cluster_trends/daylength_feature_cluster_trend.pdf>]
<../plots/feature_cluster_trends/daylength_feature_cluster_trend.pdf, id=183, p
age=5, 505.89pt x 505.89pt>
File: ../plots/feature_cluster_trends/daylength_feature_cluster_trend.pdf Graph
ic file (type pdf)
<use ../plots/feature_cluster_trends/daylength_feature_cluster_trend.pdf, page 
5>
Package pdftex.def Info: ../plots/feature_cluster_trends/daylength_feature_clus
ter_trend.pdf , page5 used on input line 180.
(pdftex.def)             Requested size: 615.37086pt x 615.37086pt.
File: ../plots/feature_cluster_trends/daylength_feature_cluster_trend.pdf Graph
ic file (type pdf)
<use ../plots/feature_cluster_trends/daylength_feature_cluster_trend.pdf, page 
5>
Package pdftex.def Info: ../plots/feature_cluster_trends/daylength_feature_clus
ter_trend.pdf , page5 used on input line 180.
(pdftex.def)             Requested size: 615.37086pt x 615.37086pt.


File: ../plots/feature_cluster_trends/daylength_feature_cluster_trend.pdf Graph
ic file (type pdf)
<use ../plots/feature_cluster_trends/daylength_feature_cluster_trend.pdf, page 
5>
Package pdftex.def Info: ../plots/feature_cluster_trends/daylength_feature_clus
ter_trend.pdf , page5 used on input line 180.
(pdftex.def)             Requested size: 615.37086pt x 615.37086pt.
[14

 <../plots/feature_cluster_trends/daylength_feature_cluster_trend.pdf>]
<../plots/feature_cluster_trends/daylength_feature_cluster_trend.pdf, id=188, p
age=6, 505.89pt x 505.89pt>
File: ../plots/feature_cluster_trends/daylength_feature_cluster_trend.pdf Graph
ic file (type pdf)
<use ../plots/feature_cluster_trends/daylength_feature_cluster_trend.pdf, page 
6>
Package pdftex.def Info: ../plots/feature_cluster_trends/daylength_feature_clus
ter_trend.pdf , page6 used on input line 180.
(pdftex.def)             Requested size: 615.37086pt x 615.37086pt.
File: ../plots/feature_cluster_trends/daylength_feature_cluster_trend.pdf Graph
ic file (type pdf)
<use ../plots/feature_cluster_trends/daylength_feature_cluster_trend.pdf, page 
6>
Package pdftex.def Info: ../plots/feature_cluster_trends/daylength_feature_clus
ter_trend.pdf , page6 used on input line 180.
(pdftex.def)             Requested size: 615.37086pt x 615.37086pt.


File: ../plots/feature_cluster_trends/daylength_feature_cluster_trend.pdf Graph
ic file (type pdf)
<use ../plots/feature_cluster_trends/daylength_feature_cluster_trend.pdf, page 
6>
Package pdftex.def Info: ../plots/feature_cluster_trends/daylength_feature_clus
ter_trend.pdf , page6 used on input line 180.
(pdftex.def)             Requested size: 615.37086pt x 615.37086pt.
[15

 <../plots/feature_cluster_trends/daylength_feature_cluster_trend.pdf>]
<../plots/feature_cluster_trends/daylength_feature_cluster_trend.pdf, id=193, p
age=7, 505.89pt x 505.89pt>
File: ../plots/feature_cluster_trends/daylength_feature_cluster_trend.pdf Graph
ic file (type pdf)
<use ../plots/feature_cluster_trends/daylength_feature_cluster_trend.pdf, page 
7>
Package pdftex.def Info: ../plots/feature_cluster_trends/daylength_feature_clus
ter_trend.pdf , page7 used on input line 180.
(pdftex.def)             Requested size: 615.37086pt x 615.37086pt.
File: ../plots/feature_cluster_trends/daylength_feature_cluster_trend.pdf Graph
ic file (type pdf)
<use ../plots/feature_cluster_trends/daylength_feature_cluster_trend.pdf, page 
7>
Package pdftex.def Info: ../plots/feature_cluster_trends/daylength_feature_clus
ter_trend.pdf , page7 used on input line 180.
(pdftex.def)             Requested size: 615.37086pt x 615.37086pt.


File: ../plots/feature_cluster_trends/daylength_feature_cluster_trend.pdf Graph
ic file (type pdf)
<use ../plots/feature_cluster_trends/daylength_feature_cluster_trend.pdf, page 
7>
Package pdftex.def Info: ../plots/feature_cluster_trends/daylength_feature_clus
ter_trend.pdf , page7 used on input line 180.
(pdftex.def)             Requested size: 615.37086pt x 615.37086pt.
[16

 <../plots/feature_cluster_trends/daylength_feature_cluster_trend.pdf>]
<../plots/feature_cluster_trends/daylength_feature_cluster_trend.pdf, id=198, p
age=8, 505.89pt x 505.89pt>
File: ../plots/feature_cluster_trends/daylength_feature_cluster_trend.pdf Graph
ic file (type pdf)
<use ../plots/feature_cluster_trends/daylength_feature_cluster_trend.pdf, page 
8>
Package pdftex.def Info: ../plots/feature_cluster_trends/daylength_feature_clus
ter_trend.pdf , page8 used on input line 180.
(pdftex.def)             Requested size: 615.37086pt x 615.37086pt.
File: ../plots/feature_cluster_trends/daylength_feature_cluster_trend.pdf Graph
ic file (type pdf)
<use ../plots/feature_cluster_trends/daylength_feature_cluster_trend.pdf, page 
8>
Package pdftex.def Info: ../plots/feature_cluster_trends/daylength_feature_clus
ter_trend.pdf , page8 used on input line 180.
(pdftex.def)             Requested size: 615.37086pt x 615.37086pt.


File: ../plots/feature_cluster_trends/daylength_feature_cluster_trend.pdf Graph
ic file (type pdf)
<use ../plots/feature_cluster_trends/daylength_feature_cluster_trend.pdf, page 
8>
Package pdftex.def Info: ../plots/feature_cluster_trends/daylength_feature_clus
ter_trend.pdf , page8 used on input line 180.
(pdftex.def)             Requested size: 615.37086pt x 615.37086pt.
[17

 <../plots/feature_cluster_trends/daylength_feature_cluster_trend.pdf>]
<../plots/feature_cluster_shps/max_temperature_zones_clusters.pdf, id=203, 505.
89pt x 505.89pt>
File: ../plots/feature_cluster_shps/max_temperature_zones_clusters.pdf Graphic 
file (type pdf)
<use ../plots/feature_cluster_shps/max_temperature_zones_clusters.pdf>
Package pdftex.def Info: ../plots/feature_cluster_shps/max_temperature_zones_cl
usters.pdf  used on input line 193.
(pdftex.def)             Requested size: 505.88875pt x 505.88875pt.

Overfull \hbox (36.13373pt too wide) in paragraph at lines 193--194
 [][] 
 []



[18 <../plots/feature_cluster_shps/max_temperature_zones_clusters.pdf>]
File: ../plots/feature_cluster_trends/daylength_panel.pdf Graphic file (type pd
f)
<use ../plots/feature_cluster_trends/daylength_panel.pdf>
Package pdftex.def Info: ../plots/feature_cluster_trends/daylength_panel.pdf  u
sed on input line 202.
(pdftex.def)             Requested size: 505.88875pt x 505.88875pt.
File: ../plots/feature_cluster_trends/daylength_panel.pdf Graphic file (type pd
f)
<use ../plots/feature_cluster_trends/daylength_panel.pdf, page 1>
Package pdftex.def Info: ../plots/feature_cluster_trends/daylength_panel.pdf , 
page1 used on input line 202.
(pdftex.def)             Requested size: 505.88875pt x 505.88875pt.
File: ../plots/feature_cluster_trends/daylength_panel.pdf Graphic file (type pd
f)
<use ../plots/feature_cluster_trends/daylength_panel.pdf, page 1>
Package pdftex.def Info: ../plots/feature_cluster_trends/daylength_panel.pdf , 
page1 used on input line 202.
(pdftex.def)             Requested size: 615.37086pt x 615.37086pt.


[19]
File: ../plots/feature_cluster_trends/daylength_panel.pdf Graphic file (type pd
f)
<use ../plots/feature_cluster_trends/daylength_panel.pdf, page 1>
Package pdftex.def Info: ../plots/feature_cluster_trends/daylength_panel.pdf , 
page1 used on input line 202.
(pdftex.def)             Requested size: 615.37086pt x 615.37086pt.
File: ../plots/feature_cluster_trends/daylength_panel.pdf Graphic file (type pd
f)
<use ../plots/feature_cluster_trends/daylength_panel.pdf, page 1>
Package pdftex.def Info: ../plots/feature_cluster_trends/daylength_panel.pdf , 
page1 used on input line 202.
(pdftex.def)             Requested size: 615.37086pt x 615.37086pt.


File: ../plots/feature_cluster_trends/daylength_panel.pdf Graphic file (type pd
f)
<use ../plots/feature_cluster_trends/daylength_panel.pdf, page 1>
Package pdftex.def Info: ../plots/feature_cluster_trends/daylength_panel.pdf , 
page1 used on input line 202.
(pdftex.def)             Requested size: 615.37086pt x 615.37086pt.
[20

]
File: ../plots/feature_cluster_trends/daylength_panel.pdf Graphic file (type pd
f)
<use ../plots/feature_cluster_trends/daylength_panel.pdf, page 2>
Package pdftex.def Info: ../plots/feature_cluster_trends/daylength_panel.pdf , 
page2 used on input line 202.
(pdftex.def)             Requested size: 615.37086pt x 615.37086pt.
File: ../plots/feature_cluster_trends/daylength_panel.pdf Graphic file (type pd
f)
<use ../plots/feature_cluster_trends/daylength_panel.pdf, page 2>
Package pdftex.def Info: ../plots/feature_cluster_trends/daylength_panel.pdf , 
page2 used on input line 202.
(pdftex.def)             Requested size: 615.37086pt x 615.37086pt.


File: ../plots/feature_cluster_trends/daylength_panel.pdf Graphic file (type pd
f)
<use ../plots/feature_cluster_trends/daylength_panel.pdf, page 2>
Package pdftex.def Info: ../plots/feature_cluster_trends/daylength_panel.pdf , 
page2 used on input line 202.
(pdftex.def)             Requested size: 615.37086pt x 615.37086pt.
[21

]
<../plots/feature_cluster_trends/max_temperature_feature_cluster_trend.pdf, id=
232, 505.89pt x 505.89pt>
File: ../plots/feature_cluster_trends/max_temperature_feature_cluster_trend.pdf
 Graphic file (type pdf)
<use ../plots/feature_cluster_trends/max_temperature_feature_cluster_trend.pdf>

Package pdftex.def Info: ../plots/feature_cluster_trends/max_temperature_featur
e_cluster_trend.pdf  used on input line 208.
(pdftex.def)             Requested size: 505.88875pt x 505.88875pt.
<../plots/feature_cluster_trends/max_temperature_feature_cluster_trend.pdf, id=
234, page=1, 505.89pt x 505.89pt>
File: ../plots/feature_cluster_trends/max_temperature_feature_cluster_trend.pdf
 Graphic file (type pdf)
<use ../plots/feature_cluster_trends/max_temperature_feature_cluster_trend.pdf,
 page 1>
Package pdftex.def Info: ../plots/feature_cluster_trends/max_temperature_featur
e_cluster_trend.pdf , page1 used on input line 208.
(pdftex.def)             Requested size: 505.88875pt x 505.88875pt.
File: ../plots/feature_cluster_trends/max_temperature_feature_cluster_trend.pdf
 Graphic file (type pdf)
<use ../plots/feature_cluster_trends/max_temperature_feature_cluster_trend.pdf,
 page 1>
Package pdftex.def Info: ../plots/feature_cluster_trends/max_temperature_featur
e_cluster_trend.pdf , page1 used on input line 208.
(pdftex.def)             Requested size: 615.37086pt x 615.37086pt.


[22]
File: ../plots/feature_cluster_trends/max_temperature_feature_cluster_trend.pdf
 Graphic file (type pdf)
<use ../plots/feature_cluster_trends/max_temperature_feature_cluster_trend.pdf,
 page 1>
Package pdftex.def Info: ../plots/feature_cluster_trends/max_temperature_featur
e_cluster_trend.pdf , page1 used on input line 208.
(pdftex.def)             Requested size: 615.37086pt x 615.37086pt.
File: ../plots/feature_cluster_trends/max_temperature_feature_cluster_trend.pdf
 Graphic file (type pdf)
<use ../plots/feature_cluster_trends/max_temperature_feature_cluster_trend.pdf,
 page 1>
Package pdftex.def Info: ../plots/feature_cluster_trends/max_temperature_featur
e_cluster_trend.pdf , page1 used on input line 208.
(pdftex.def)             Requested size: 615.37086pt x 615.37086pt.


File: ../plots/feature_cluster_trends/max_temperature_feature_cluster_trend.pdf
 Graphic file (type pdf)
<use ../plots/feature_cluster_trends/max_temperature_feature_cluster_trend.pdf,
 page 1>
Package pdftex.def Info: ../plots/feature_cluster_trends/max_temperature_featur
e_cluster_trend.pdf , page1 used on input line 208.
(pdftex.def)             Requested size: 615.37086pt x 615.37086pt.
[23

 <../plots/feature_cluster_trends/max_temperature_feature_cluster_trend.pdf>]
<../plots/feature_cluster_trends/max_temperature_feature_cluster_trend.pdf, id=
252, page=2, 505.89pt x 505.89pt>
File: ../plots/feature_cluster_trends/max_temperature_feature_cluster_trend.pdf
 Graphic file (type pdf)
<use ../plots/feature_cluster_trends/max_temperature_feature_cluster_trend.pdf,
 page 2>
Package pdftex.def Info: ../plots/feature_cluster_trends/max_temperature_featur
e_cluster_trend.pdf , page2 used on input line 208.
(pdftex.def)             Requested size: 615.37086pt x 615.37086pt.
File: ../plots/feature_cluster_trends/max_temperature_feature_cluster_trend.pdf
 Graphic file (type pdf)
<use ../plots/feature_cluster_trends/max_temperature_feature_cluster_trend.pdf,
 page 2>
Package pdftex.def Info: ../plots/feature_cluster_trends/max_temperature_featur
e_cluster_trend.pdf , page2 used on input line 208.
(pdftex.def)             Requested size: 615.37086pt x 615.37086pt.


File: ../plots/feature_cluster_trends/max_temperature_feature_cluster_trend.pdf
 Graphic file (type pdf)
<use ../plots/feature_cluster_trends/max_temperature_feature_cluster_trend.pdf,
 page 2>
Package pdftex.def Info: ../plots/feature_cluster_trends/max_temperature_featur
e_cluster_trend.pdf , page2 used on input line 208.
(pdftex.def)             Requested size: 615.37086pt x 615.37086pt.
[24

 <../plots/feature_cluster_trends/max_temperature_feature_cluster_trend.pdf>]
<../plots/feature_cluster_trends/max_temperature_feature_cluster_trend.pdf, id=
258, page=3, 505.89pt x 505.89pt>
File: ../plots/feature_cluster_trends/max_temperature_feature_cluster_trend.pdf
 Graphic file (type pdf)
<use ../plots/feature_cluster_trends/max_temperature_feature_cluster_trend.pdf,
 page 3>
Package pdftex.def Info: ../plots/feature_cluster_trends/max_temperature_featur
e_cluster_trend.pdf , page3 used on input line 208.
(pdftex.def)             Requested size: 615.37086pt x 615.37086pt.
File: ../plots/feature_cluster_trends/max_temperature_feature_cluster_trend.pdf
 Graphic file (type pdf)
<use ../plots/feature_cluster_trends/max_temperature_feature_cluster_trend.pdf,
 page 3>
Package pdftex.def Info: ../plots/feature_cluster_trends/max_temperature_featur
e_cluster_trend.pdf , page3 used on input line 208.
(pdftex.def)             Requested size: 615.37086pt x 615.37086pt.


File: ../plots/feature_cluster_trends/max_temperature_feature_cluster_trend.pdf
 Graphic file (type pdf)
<use ../plots/feature_cluster_trends/max_temperature_feature_cluster_trend.pdf,
 page 3>
Package pdftex.def Info: ../plots/feature_cluster_trends/max_temperature_featur
e_cluster_trend.pdf , page3 used on input line 208.
(pdftex.def)             Requested size: 615.37086pt x 615.37086pt.
[25

 <../plots/feature_cluster_trends/max_temperature_feature_cluster_trend.pdf>]
<../plots/feature_cluster_trends/max_temperature_feature_cluster_trend.pdf, id=
263, page=4, 505.89pt x 505.89pt>
File: ../plots/feature_cluster_trends/max_temperature_feature_cluster_trend.pdf
 Graphic file (type pdf)
<use ../plots/feature_cluster_trends/max_temperature_feature_cluster_trend.pdf,
 page 4>
Package pdftex.def Info: ../plots/feature_cluster_trends/max_temperature_featur
e_cluster_trend.pdf , page4 used on input line 208.
(pdftex.def)             Requested size: 615.37086pt x 615.37086pt.
File: ../plots/feature_cluster_trends/max_temperature_feature_cluster_trend.pdf
 Graphic file (type pdf)
<use ../plots/feature_cluster_trends/max_temperature_feature_cluster_trend.pdf,
 page 4>
Package pdftex.def Info: ../plots/feature_cluster_trends/max_temperature_featur
e_cluster_trend.pdf , page4 used on input line 208.
(pdftex.def)             Requested size: 615.37086pt x 615.37086pt.


File: ../plots/feature_cluster_trends/max_temperature_feature_cluster_trend.pdf
 Graphic file (type pdf)
<use ../plots/feature_cluster_trends/max_temperature_feature_cluster_trend.pdf,
 page 4>
Package pdftex.def Info: ../plots/feature_cluster_trends/max_temperature_featur
e_cluster_trend.pdf , page4 used on input line 208.
(pdftex.def)             Requested size: 615.37086pt x 615.37086pt.
[26

 <../plots/feature_cluster_trends/max_temperature_feature_cluster_trend.pdf>]
<../plots/feature_cluster_trends/max_temperature_feature_cluster_trend.pdf, id=
268, page=5, 505.89pt x 505.89pt>
File: ../plots/feature_cluster_trends/max_temperature_feature_cluster_trend.pdf
 Graphic file (type pdf)
<use ../plots/feature_cluster_trends/max_temperature_feature_cluster_trend.pdf,
 page 5>
Package pdftex.def Info: ../plots/feature_cluster_trends/max_temperature_featur
e_cluster_trend.pdf , page5 used on input line 208.
(pdftex.def)             Requested size: 615.37086pt x 615.37086pt.
File: ../plots/feature_cluster_trends/max_temperature_feature_cluster_trend.pdf
 Graphic file (type pdf)
<use ../plots/feature_cluster_trends/max_temperature_feature_cluster_trend.pdf,
 page 5>
Package pdftex.def Info: ../plots/feature_cluster_trends/max_temperature_featur
e_cluster_trend.pdf , page5 used on input line 208.
(pdftex.def)             Requested size: 615.37086pt x 615.37086pt.


File: ../plots/feature_cluster_trends/max_temperature_feature_cluster_trend.pdf
 Graphic file (type pdf)
<use ../plots/feature_cluster_trends/max_temperature_feature_cluster_trend.pdf,
 page 5>
Package pdftex.def Info: ../plots/feature_cluster_trends/max_temperature_featur
e_cluster_trend.pdf , page5 used on input line 208.
(pdftex.def)             Requested size: 615.37086pt x 615.37086pt.
[27

 <../plots/feature_cluster_trends/max_temperature_feature_cluster_trend.pdf>]
<../plots/feature_cluster_trends/max_temperature_feature_cluster_trend.pdf, id=
273, page=6, 505.89pt x 505.89pt>
File: ../plots/feature_cluster_trends/max_temperature_feature_cluster_trend.pdf
 Graphic file (type pdf)
<use ../plots/feature_cluster_trends/max_temperature_feature_cluster_trend.pdf,
 page 6>
Package pdftex.def Info: ../plots/feature_cluster_trends/max_temperature_featur
e_cluster_trend.pdf , page6 used on input line 208.
(pdftex.def)             Requested size: 615.37086pt x 615.37086pt.
File: ../plots/feature_cluster_trends/max_temperature_feature_cluster_trend.pdf
 Graphic file (type pdf)
<use ../plots/feature_cluster_trends/max_temperature_feature_cluster_trend.pdf,
 page 6>
Package pdftex.def Info: ../plots/feature_cluster_trends/max_temperature_featur
e_cluster_trend.pdf , page6 used on input line 208.
(pdftex.def)             Requested size: 615.37086pt x 615.37086pt.


File: ../plots/feature_cluster_trends/max_temperature_feature_cluster_trend.pdf
 Graphic file (type pdf)
<use ../plots/feature_cluster_trends/max_temperature_feature_cluster_trend.pdf,
 page 6>
Package pdftex.def Info: ../plots/feature_cluster_trends/max_temperature_featur
e_cluster_trend.pdf , page6 used on input line 208.
(pdftex.def)             Requested size: 615.37086pt x 615.37086pt.
[28

 <../plots/feature_cluster_trends/max_temperature_feature_cluster_trend.pdf>]
<../plots/feature_cluster_trends/max_temperature_feature_cluster_trend.pdf, id=
278, page=7, 505.89pt x 505.89pt>
File: ../plots/feature_cluster_trends/max_temperature_feature_cluster_trend.pdf
 Graphic file (type pdf)
<use ../plots/feature_cluster_trends/max_temperature_feature_cluster_trend.pdf,
 page 7>
Package pdftex.def Info: ../plots/feature_cluster_trends/max_temperature_featur
e_cluster_trend.pdf , page7 used on input line 208.
(pdftex.def)             Requested size: 615.37086pt x 615.37086pt.
File: ../plots/feature_cluster_trends/max_temperature_feature_cluster_trend.pdf
 Graphic file (type pdf)
<use ../plots/feature_cluster_trends/max_temperature_feature_cluster_trend.pdf,
 page 7>
Package pdftex.def Info: ../plots/feature_cluster_trends/max_temperature_featur
e_cluster_trend.pdf , page7 used on input line 208.
(pdftex.def)             Requested size: 615.37086pt x 615.37086pt.


File: ../plots/feature_cluster_trends/max_temperature_feature_cluster_trend.pdf
 Graphic file (type pdf)
<use ../plots/feature_cluster_trends/max_temperature_feature_cluster_trend.pdf,
 page 7>
Package pdftex.def Info: ../plots/feature_cluster_trends/max_temperature_featur
e_cluster_trend.pdf , page7 used on input line 208.
(pdftex.def)             Requested size: 615.37086pt x 615.37086pt.
[29

 <../plots/feature_cluster_trends/max_temperature_feature_cluster_trend.pdf>]
<../plots/feature_cluster_trends/max_temperature_feature_cluster_trend.pdf, id=
283, page=8, 505.89pt x 505.89pt>
File: ../plots/feature_cluster_trends/max_temperature_feature_cluster_trend.pdf
 Graphic file (type pdf)
<use ../plots/feature_cluster_trends/max_temperature_feature_cluster_trend.pdf,
 page 8>
Package pdftex.def Info: ../plots/feature_cluster_trends/max_temperature_featur
e_cluster_trend.pdf , page8 used on input line 208.
(pdftex.def)             Requested size: 615.37086pt x 615.37086pt.
File: ../plots/feature_cluster_trends/max_temperature_feature_cluster_trend.pdf
 Graphic file (type pdf)
<use ../plots/feature_cluster_trends/max_temperature_feature_cluster_trend.pdf,
 page 8>
Package pdftex.def Info: ../plots/feature_cluster_trends/max_temperature_featur
e_cluster_trend.pdf , page8 used on input line 208.
(pdftex.def)             Requested size: 615.37086pt x 615.37086pt.


File: ../plots/feature_cluster_trends/max_temperature_feature_cluster_trend.pdf
 Graphic file (type pdf)
<use ../plots/feature_cluster_trends/max_temperature_feature_cluster_trend.pdf,
 page 8>
Package pdftex.def Info: ../plots/feature_cluster_trends/max_temperature_featur
e_cluster_trend.pdf , page8 used on input line 208.
(pdftex.def)             Requested size: 615.37086pt x 615.37086pt.
[30

 <../plots/feature_cluster_trends/max_temperature_feature_cluster_trend.pdf>]
<../plots/feature_cluster_trends/max_temperature_feature_cluster_trend.pdf, id=
289, page=9, 505.89pt x 505.89pt>
File: ../plots/feature_cluster_trends/max_temperature_feature_cluster_trend.pdf
 Graphic file (type pdf)
<use ../plots/feature_cluster_trends/max_temperature_feature_cluster_trend.pdf,
 page 9>
Package pdftex.def Info: ../plots/feature_cluster_trends/max_temperature_featur
e_cluster_trend.pdf , page9 used on input line 208.
(pdftex.def)             Requested size: 615.37086pt x 615.37086pt.
File: ../plots/feature_cluster_trends/max_temperature_feature_cluster_trend.pdf
 Graphic file (type pdf)
<use ../plots/feature_cluster_trends/max_temperature_feature_cluster_trend.pdf,
 page 9>
Package pdftex.def Info: ../plots/feature_cluster_trends/max_temperature_featur
e_cluster_trend.pdf , page9 used on input line 208.
(pdftex.def)             Requested size: 615.37086pt x 615.37086pt.


File: ../plots/feature_cluster_trends/max_temperature_feature_cluster_trend.pdf
 Graphic file (type pdf)
<use ../plots/feature_cluster_trends/max_temperature_feature_cluster_trend.pdf,
 page 9>
Package pdftex.def Info: ../plots/feature_cluster_trends/max_temperature_featur
e_cluster_trend.pdf , page9 used on input line 208.
(pdftex.def)             Requested size: 615.37086pt x 615.37086pt.
[31

 <../plots/feature_cluster_trends/max_temperature_feature_cluster_trend.pdf>]
<../plots/feature_cluster_trends/max_temperature_feature_cluster_trend.pdf, id=
294, page=10, 505.89pt x 505.89pt>
File: ../plots/feature_cluster_trends/max_temperature_feature_cluster_trend.pdf
 Graphic file (type pdf)
<use ../plots/feature_cluster_trends/max_temperature_feature_cluster_trend.pdf,
 page 10>
Package pdftex.def Info: ../plots/feature_cluster_trends/max_temperature_featur
e_cluster_trend.pdf , page10 used on input line 208.
(pdftex.def)             Requested size: 615.37086pt x 615.37086pt.
File: ../plots/feature_cluster_trends/max_temperature_feature_cluster_trend.pdf
 Graphic file (type pdf)
<use ../plots/feature_cluster_trends/max_temperature_feature_cluster_trend.pdf,
 page 10>
Package pdftex.def Info: ../plots/feature_cluster_trends/max_temperature_featur
e_cluster_trend.pdf , page10 used on input line 208.
(pdftex.def)             Requested size: 615.37086pt x 615.37086pt.


File: ../plots/feature_cluster_trends/max_temperature_feature_cluster_trend.pdf
 Graphic file (type pdf)
<use ../plots/feature_cluster_trends/max_temperature_feature_cluster_trend.pdf,
 page 10>
Package pdftex.def Info: ../plots/feature_cluster_trends/max_temperature_featur
e_cluster_trend.pdf , page10 used on input line 208.
(pdftex.def)             Requested size: 615.37086pt x 615.37086pt.
[32

 <../plots/feature_cluster_trends/max_temperature_feature_cluster_trend.pdf>]
<../plots/feature_cluster_trends/max_temperature_feature_cluster_trend.pdf, id=
299, page=11, 505.89pt x 505.89pt>
File: ../plots/feature_cluster_trends/max_temperature_feature_cluster_trend.pdf
 Graphic file (type pdf)
<use ../plots/feature_cluster_trends/max_temperature_feature_cluster_trend.pdf,
 page 11>
Package pdftex.def Info: ../plots/feature_cluster_trends/max_temperature_featur
e_cluster_trend.pdf , page11 used on input line 208.
(pdftex.def)             Requested size: 615.37086pt x 615.37086pt.
File: ../plots/feature_cluster_trends/max_temperature_feature_cluster_trend.pdf
 Graphic file (type pdf)
<use ../plots/feature_cluster_trends/max_temperature_feature_cluster_trend.pdf,
 page 11>
Package pdftex.def Info: ../plots/feature_cluster_trends/max_temperature_featur
e_cluster_trend.pdf , page11 used on input line 208.
(pdftex.def)             Requested size: 615.37086pt x 615.37086pt.


File: ../plots/feature_cluster_trends/max_temperature_feature_cluster_trend.pdf
 Graphic file (type pdf)
<use ../plots/feature_cluster_trends/max_temperature_feature_cluster_trend.pdf,
 page 11>
Package pdftex.def Info: ../plots/feature_cluster_trends/max_temperature_featur
e_cluster_trend.pdf , page11 used on input line 208.
(pdftex.def)             Requested size: 615.37086pt x 615.37086pt.
[33

 <../plots/feature_cluster_trends/max_temperature_feature_cluster_trend.pdf>]
<../plots/feature_cluster_trends/max_temperature_feature_cluster_trend.pdf, id=
304, page=12, 505.89pt x 505.89pt>
File: ../plots/feature_cluster_trends/max_temperature_feature_cluster_trend.pdf
 Graphic file (type pdf)
<use ../plots/feature_cluster_trends/max_temperature_feature_cluster_trend.pdf,
 page 12>
Package pdftex.def Info: ../plots/feature_cluster_trends/max_temperature_featur
e_cluster_trend.pdf , page12 used on input line 208.
(pdftex.def)             Requested size: 615.37086pt x 615.37086pt.
File: ../plots/feature_cluster_trends/max_temperature_feature_cluster_trend.pdf
 Graphic file (type pdf)
<use ../plots/feature_cluster_trends/max_temperature_feature_cluster_trend.pdf,
 page 12>
Package pdftex.def Info: ../plots/feature_cluster_trends/max_temperature_featur
e_cluster_trend.pdf , page12 used on input line 208.
(pdftex.def)             Requested size: 615.37086pt x 615.37086pt.


File: ../plots/feature_cluster_trends/max_temperature_feature_cluster_trend.pdf
 Graphic file (type pdf)
<use ../plots/feature_cluster_trends/max_temperature_feature_cluster_trend.pdf,
 page 12>
Package pdftex.def Info: ../plots/feature_cluster_trends/max_temperature_featur
e_cluster_trend.pdf , page12 used on input line 208.
(pdftex.def)             Requested size: 615.37086pt x 615.37086pt.
[34

 <../plots/feature_cluster_trends/max_temperature_feature_cluster_trend.pdf>]
<../plots/feature_cluster_shps/temp_range_zones_clusters.pdf, id=310, 505.89pt 
x 505.89pt>
File: ../plots/feature_cluster_shps/temp_range_zones_clusters.pdf Graphic file 
(type pdf)
<use ../plots/feature_cluster_shps/temp_range_zones_clusters.pdf>
Package pdftex.def Info: ../plots/feature_cluster_shps/temp_range_zones_cluster
s.pdf  used on input line 223.
(pdftex.def)             Requested size: 505.88875pt x 505.88875pt.

Overfull \hbox (36.13373pt too wide) in paragraph at lines 223--224
 [][] 
 []



[35 <../plots/feature_cluster_shps/temp_range_zones_clusters.pdf>]
<../plots/feature_cluster_trends/temp_range_panel.pdf, id=325, 505.89pt x 505.8
9pt>
File: ../plots/feature_cluster_trends/temp_range_panel.pdf Graphic file (type p
df)
<use ../plots/feature_cluster_trends/temp_range_panel.pdf>
Package pdftex.def Info: ../plots/feature_cluster_trends/temp_range_panel.pdf  
used on input line 232.
(pdftex.def)             Requested size: 505.88875pt x 505.88875pt.
<../plots/feature_cluster_trends/temp_range_panel.pdf, id=327, page=1, 505.89pt
 x 505.89pt>
File: ../plots/feature_cluster_trends/temp_range_panel.pdf Graphic file (type p
df)
<use ../plots/feature_cluster_trends/temp_range_panel.pdf, page 1>
Package pdftex.def Info: ../plots/feature_cluster_trends/temp_range_panel.pdf ,
 page1 used on input line 232.
(pdftex.def)             Requested size: 505.88875pt x 505.88875pt.
File: ../plots/feature_cluster_trends/temp_range_panel.pdf Graphic file (type p
df)
<use ../plots/feature_cluster_trends/temp_range_panel.pdf, page 1>
Package pdftex.def Info: ../plots/feature_cluster_trends/temp_range_panel.pdf ,
 page1 used on input line 232.
(pdftex.def)             Requested size: 615.37086pt x 615.37086pt.


[36]
File: ../plots/feature_cluster_trends/temp_range_panel.pdf Graphic file (type p
df)
<use ../plots/feature_cluster_trends/temp_range_panel.pdf, page 1>
Package pdftex.def Info: ../plots/feature_cluster_trends/temp_range_panel.pdf ,
 page1 used on input line 232.
(pdftex.def)             Requested size: 615.37086pt x 615.37086pt.
File: ../plots/feature_cluster_trends/temp_range_panel.pdf Graphic file (type p
df)
<use ../plots/feature_cluster_trends/temp_range_panel.pdf, page 1>
Package pdftex.def Info: ../plots/feature_cluster_trends/temp_range_panel.pdf ,
 page1 used on input line 232.
(pdftex.def)             Requested size: 615.37086pt x 615.37086pt.


File: ../plots/feature_cluster_trends/temp_range_panel.pdf Graphic file (type p
df)
<use ../plots/feature_cluster_trends/temp_range_panel.pdf, page 1>
Package pdftex.def Info: ../plots/feature_cluster_trends/temp_range_panel.pdf ,
 page1 used on input line 232.
(pdftex.def)             Requested size: 615.37086pt x 615.37086pt.
[37

 <../plots/feature_cluster_trends/temp_range_panel.pdf>]
<../plots/feature_cluster_trends/temp_range_panel.pdf, id=343, page=2, 505.89pt
 x 505.89pt>
File: ../plots/feature_cluster_trends/temp_range_panel.pdf Graphic file (type p
df)
<use ../plots/feature_cluster_trends/temp_range_panel.pdf, page 2>
Package pdftex.def Info: ../plots/feature_cluster_trends/temp_range_panel.pdf ,
 page2 used on input line 232.
(pdftex.def)             Requested size: 615.37086pt x 615.37086pt.
File: ../plots/feature_cluster_trends/temp_range_panel.pdf Graphic file (type p
df)
<use ../plots/feature_cluster_trends/temp_range_panel.pdf, page 2>
Package pdftex.def Info: ../plots/feature_cluster_trends/temp_range_panel.pdf ,
 page2 used on input line 232.
(pdftex.def)             Requested size: 615.37086pt x 615.37086pt.


File: ../plots/feature_cluster_trends/temp_range_panel.pdf Graphic file (type p
df)
<use ../plots/feature_cluster_trends/temp_range_panel.pdf, page 2>
Package pdftex.def Info: ../plots/feature_cluster_trends/temp_range_panel.pdf ,
 page2 used on input line 232.
(pdftex.def)             Requested size: 615.37086pt x 615.37086pt.
[38

 <../plots/feature_cluster_trends/temp_range_panel.pdf>]
<../plots/feature_cluster_trends/temp_range_feature_cluster_trend.pdf, id=348, 
505.89pt x 505.89pt>
File: ../plots/feature_cluster_trends/temp_range_feature_cluster_trend.pdf Grap
hic file (type pdf)
<use ../plots/feature_cluster_trends/temp_range_feature_cluster_trend.pdf>
Package pdftex.def Info: ../plots/feature_cluster_trends/temp_range_feature_clu
ster_trend.pdf  used on input line 238.
(pdftex.def)             Requested size: 505.88875pt x 505.88875pt.
<../plots/feature_cluster_trends/temp_range_feature_cluster_trend.pdf, id=350, 
page=1, 505.89pt x 505.89pt>
File: ../plots/feature_cluster_trends/temp_range_feature_cluster_trend.pdf Grap
hic file (type pdf)
<use ../plots/feature_cluster_trends/temp_range_feature_cluster_trend.pdf, page
 1>
Package pdftex.def Info: ../plots/feature_cluster_trends/temp_range_feature_clu
ster_trend.pdf , page1 used on input line 238.
(pdftex.def)             Requested size: 505.88875pt x 505.88875pt.
File: ../plots/feature_cluster_trends/temp_range_feature_cluster_trend.pdf Grap
hic file (type pdf)
<use ../plots/feature_cluster_trends/temp_range_feature_cluster_trend.pdf, page
 1>
Package pdftex.def Info: ../plots/feature_cluster_trends/temp_range_feature_clu
ster_trend.pdf , page1 used on input line 238.
(pdftex.def)             Requested size: 615.37086pt x 615.37086pt.


[39]
File: ../plots/feature_cluster_trends/temp_range_feature_cluster_trend.pdf Grap
hic file (type pdf)
<use ../plots/feature_cluster_trends/temp_range_feature_cluster_trend.pdf, page
 1>
Package pdftex.def Info: ../plots/feature_cluster_trends/temp_range_feature_clu
ster_trend.pdf , page1 used on input line 238.
(pdftex.def)             Requested size: 615.37086pt x 615.37086pt.
File: ../plots/feature_cluster_trends/temp_range_feature_cluster_trend.pdf Grap
hic file (type pdf)
<use ../plots/feature_cluster_trends/temp_range_feature_cluster_trend.pdf, page
 1>
Package pdftex.def Info: ../plots/feature_cluster_trends/temp_range_feature_clu
ster_trend.pdf , page1 used on input line 238.
(pdftex.def)             Requested size: 615.37086pt x 615.37086pt.


File: ../plots/feature_cluster_trends/temp_range_feature_cluster_trend.pdf Grap
hic file (type pdf)
<use ../plots/feature_cluster_trends/temp_range_feature_cluster_trend.pdf, page
 1>
Package pdftex.def Info: ../plots/feature_cluster_trends/temp_range_feature_clu
ster_trend.pdf , page1 used on input line 238.
(pdftex.def)             Requested size: 615.37086pt x 615.37086pt.
[40

 <../plots/feature_cluster_trends/temp_range_feature_cluster_trend.pdf>]
<../plots/feature_cluster_trends/temp_range_feature_cluster_trend.pdf, id=368, 
page=2, 505.89pt x 505.89pt>
File: ../plots/feature_cluster_trends/temp_range_feature_cluster_trend.pdf Grap
hic file (type pdf)
<use ../plots/feature_cluster_trends/temp_range_feature_cluster_trend.pdf, page
 2>
Package pdftex.def Info: ../plots/feature_cluster_trends/temp_range_feature_clu
ster_trend.pdf , page2 used on input line 238.
(pdftex.def)             Requested size: 615.37086pt x 615.37086pt.
File: ../plots/feature_cluster_trends/temp_range_feature_cluster_trend.pdf Grap
hic file (type pdf)
<use ../plots/feature_cluster_trends/temp_range_feature_cluster_trend.pdf, page
 2>
Package pdftex.def Info: ../plots/feature_cluster_trends/temp_range_feature_clu
ster_trend.pdf , page2 used on input line 238.
(pdftex.def)             Requested size: 615.37086pt x 615.37086pt.


File: ../plots/feature_cluster_trends/temp_range_feature_cluster_trend.pdf Grap
hic file (type pdf)
<use ../plots/feature_cluster_trends/temp_range_feature_cluster_trend.pdf, page
 2>
Package pdftex.def Info: ../plots/feature_cluster_trends/temp_range_feature_clu
ster_trend.pdf , page2 used on input line 238.
(pdftex.def)             Requested size: 615.37086pt x 615.37086pt.
[41

 <../plots/feature_cluster_trends/temp_range_feature_cluster_trend.pdf>]
<../plots/feature_cluster_trends/temp_range_feature_cluster_trend.pdf, id=373, 
page=3, 505.89pt x 505.89pt>
File: ../plots/feature_cluster_trends/temp_range_feature_cluster_trend.pdf Grap
hic file (type pdf)
<use ../plots/feature_cluster_trends/temp_range_feature_cluster_trend.pdf, page
 3>
Package pdftex.def Info: ../plots/feature_cluster_trends/temp_range_feature_clu
ster_trend.pdf , page3 used on input line 238.
(pdftex.def)             Requested size: 615.37086pt x 615.37086pt.
File: ../plots/feature_cluster_trends/temp_range_feature_cluster_trend.pdf Grap
hic file (type pdf)
<use ../plots/feature_cluster_trends/temp_range_feature_cluster_trend.pdf, page
 3>
Package pdftex.def Info: ../plots/feature_cluster_trends/temp_range_feature_clu
ster_trend.pdf , page3 used on input line 238.
(pdftex.def)             Requested size: 615.37086pt x 615.37086pt.


File: ../plots/feature_cluster_trends/temp_range_feature_cluster_trend.pdf Grap
hic file (type pdf)
<use ../plots/feature_cluster_trends/temp_range_feature_cluster_trend.pdf, page
 3>
Package pdftex.def Info: ../plots/feature_cluster_trends/temp_range_feature_clu
ster_trend.pdf , page3 used on input line 238.
(pdftex.def)             Requested size: 615.37086pt x 615.37086pt.
[42

 <../plots/feature_cluster_trends/temp_range_feature_cluster_trend.pdf>]
<../plots/feature_cluster_trends/temp_range_feature_cluster_trend.pdf, id=379, 
page=4, 505.89pt x 505.89pt>
File: ../plots/feature_cluster_trends/temp_range_feature_cluster_trend.pdf Grap
hic file (type pdf)
<use ../plots/feature_cluster_trends/temp_range_feature_cluster_trend.pdf, page
 4>
Package pdftex.def Info: ../plots/feature_cluster_trends/temp_range_feature_clu
ster_trend.pdf , page4 used on input line 238.
(pdftex.def)             Requested size: 615.37086pt x 615.37086pt.
File: ../plots/feature_cluster_trends/temp_range_feature_cluster_trend.pdf Grap
hic file (type pdf)
<use ../plots/feature_cluster_trends/temp_range_feature_cluster_trend.pdf, page
 4>
Package pdftex.def Info: ../plots/feature_cluster_trends/temp_range_feature_clu
ster_trend.pdf , page4 used on input line 238.
(pdftex.def)             Requested size: 615.37086pt x 615.37086pt.


File: ../plots/feature_cluster_trends/temp_range_feature_cluster_trend.pdf Grap
hic file (type pdf)
<use ../plots/feature_cluster_trends/temp_range_feature_cluster_trend.pdf, page
 4>
Package pdftex.def Info: ../plots/feature_cluster_trends/temp_range_feature_clu
ster_trend.pdf , page4 used on input line 238.
(pdftex.def)             Requested size: 615.37086pt x 615.37086pt.
[43

 <../plots/feature_cluster_trends/temp_range_feature_cluster_trend.pdf>]
<../plots/feature_cluster_trends/temp_range_feature_cluster_trend.pdf, id=384, 
page=5, 505.89pt x 505.89pt>
File: ../plots/feature_cluster_trends/temp_range_feature_cluster_trend.pdf Grap
hic file (type pdf)
<use ../plots/feature_cluster_trends/temp_range_feature_cluster_trend.pdf, page
 5>
Package pdftex.def Info: ../plots/feature_cluster_trends/temp_range_feature_clu
ster_trend.pdf , page5 used on input line 238.
(pdftex.def)             Requested size: 615.37086pt x 615.37086pt.
File: ../plots/feature_cluster_trends/temp_range_feature_cluster_trend.pdf Grap
hic file (type pdf)
<use ../plots/feature_cluster_trends/temp_range_feature_cluster_trend.pdf, page
 5>
Package pdftex.def Info: ../plots/feature_cluster_trends/temp_range_feature_clu
ster_trend.pdf , page5 used on input line 238.
(pdftex.def)             Requested size: 615.37086pt x 615.37086pt.


File: ../plots/feature_cluster_trends/temp_range_feature_cluster_trend.pdf Grap
hic file (type pdf)
<use ../plots/feature_cluster_trends/temp_range_feature_cluster_trend.pdf, page
 5>
Package pdftex.def Info: ../plots/feature_cluster_trends/temp_range_feature_clu
ster_trend.pdf , page5 used on input line 238.
(pdftex.def)             Requested size: 615.37086pt x 615.37086pt.
[44

 <../plots/feature_cluster_trends/temp_range_feature_cluster_trend.pdf>]
<../plots/feature_cluster_trends/temp_range_feature_cluster_trend.pdf, id=389, 
page=6, 505.89pt x 505.89pt>
File: ../plots/feature_cluster_trends/temp_range_feature_cluster_trend.pdf Grap
hic file (type pdf)
<use ../plots/feature_cluster_trends/temp_range_feature_cluster_trend.pdf, page
 6>
Package pdftex.def Info: ../plots/feature_cluster_trends/temp_range_feature_clu
ster_trend.pdf , page6 used on input line 238.
(pdftex.def)             Requested size: 615.37086pt x 615.37086pt.
File: ../plots/feature_cluster_trends/temp_range_feature_cluster_trend.pdf Grap
hic file (type pdf)
<use ../plots/feature_cluster_trends/temp_range_feature_cluster_trend.pdf, page
 6>
Package pdftex.def Info: ../plots/feature_cluster_trends/temp_range_feature_clu
ster_trend.pdf , page6 used on input line 238.
(pdftex.def)             Requested size: 615.37086pt x 615.37086pt.


File: ../plots/feature_cluster_trends/temp_range_feature_cluster_trend.pdf Grap
hic file (type pdf)
<use ../plots/feature_cluster_trends/temp_range_feature_cluster_trend.pdf, page
 6>
Package pdftex.def Info: ../plots/feature_cluster_trends/temp_range_feature_clu
ster_trend.pdf , page6 used on input line 238.
(pdftex.def)             Requested size: 615.37086pt x 615.37086pt.
[45

 <../plots/feature_cluster_trends/temp_range_feature_cluster_trend.pdf>]
<../plots/feature_cluster_trends/temp_range_feature_cluster_trend.pdf, id=394, 
page=7, 505.89pt x 505.89pt>
File: ../plots/feature_cluster_trends/temp_range_feature_cluster_trend.pdf Grap
hic file (type pdf)
<use ../plots/feature_cluster_trends/temp_range_feature_cluster_trend.pdf, page
 7>
Package pdftex.def Info: ../plots/feature_cluster_trends/temp_range_feature_clu
ster_trend.pdf , page7 used on input line 238.
(pdftex.def)             Requested size: 615.37086pt x 615.37086pt.
File: ../plots/feature_cluster_trends/temp_range_feature_cluster_trend.pdf Grap
hic file (type pdf)
<use ../plots/feature_cluster_trends/temp_range_feature_cluster_trend.pdf, page
 7>
Package pdftex.def Info: ../plots/feature_cluster_trends/temp_range_feature_clu
ster_trend.pdf , page7 used on input line 238.
(pdftex.def)             Requested size: 615.37086pt x 615.37086pt.


File: ../plots/feature_cluster_trends/temp_range_feature_cluster_trend.pdf Grap
hic file (type pdf)
<use ../plots/feature_cluster_trends/temp_range_feature_cluster_trend.pdf, page
 7>
Package pdftex.def Info: ../plots/feature_cluster_trends/temp_range_feature_clu
ster_trend.pdf , page7 used on input line 238.
(pdftex.def)             Requested size: 615.37086pt x 615.37086pt.
[46

 <../plots/feature_cluster_trends/temp_range_feature_cluster_trend.pdf>]
<../plots/feature_cluster_trends/temp_range_feature_cluster_trend.pdf, id=399, 
page=8, 505.89pt x 505.89pt>
File: ../plots/feature_cluster_trends/temp_range_feature_cluster_trend.pdf Grap
hic file (type pdf)
<use ../plots/feature_cluster_trends/temp_range_feature_cluster_trend.pdf, page
 8>
Package pdftex.def Info: ../plots/feature_cluster_trends/temp_range_feature_clu
ster_trend.pdf , page8 used on input line 238.
(pdftex.def)             Requested size: 615.37086pt x 615.37086pt.
File: ../plots/feature_cluster_trends/temp_range_feature_cluster_trend.pdf Grap
hic file (type pdf)
<use ../plots/feature_cluster_trends/temp_range_feature_cluster_trend.pdf, page
 8>
Package pdftex.def Info: ../plots/feature_cluster_trends/temp_range_feature_clu
ster_trend.pdf , page8 used on input line 238.
(pdftex.def)             Requested size: 615.37086pt x 615.37086pt.


File: ../plots/feature_cluster_trends/temp_range_feature_cluster_trend.pdf Grap
hic file (type pdf)
<use ../plots/feature_cluster_trends/temp_range_feature_cluster_trend.pdf, page
 8>
Package pdftex.def Info: ../plots/feature_cluster_trends/temp_range_feature_clu
ster_trend.pdf , page8 used on input line 238.
(pdftex.def)             Requested size: 615.37086pt x 615.37086pt.
[47

 <../plots/feature_cluster_trends/temp_range_feature_cluster_trend.pdf>]
<../plots/feature_cluster_trends/temp_range_feature_cluster_trend.pdf, id=404, 
page=9, 505.89pt x 505.89pt>
File: ../plots/feature_cluster_trends/temp_range_feature_cluster_trend.pdf Grap
hic file (type pdf)
<use ../plots/feature_cluster_trends/temp_range_feature_cluster_trend.pdf, page
 9>
Package pdftex.def Info: ../plots/feature_cluster_trends/temp_range_feature_clu
ster_trend.pdf , page9 used on input line 238.
(pdftex.def)             Requested size: 615.37086pt x 615.37086pt.
File: ../plots/feature_cluster_trends/temp_range_feature_cluster_trend.pdf Grap
hic file (type pdf)
<use ../plots/feature_cluster_trends/temp_range_feature_cluster_trend.pdf, page
 9>
Package pdftex.def Info: ../plots/feature_cluster_trends/temp_range_feature_clu
ster_trend.pdf , page9 used on input line 238.
(pdftex.def)             Requested size: 615.37086pt x 615.37086pt.


File: ../plots/feature_cluster_trends/temp_range_feature_cluster_trend.pdf Grap
hic file (type pdf)
<use ../plots/feature_cluster_trends/temp_range_feature_cluster_trend.pdf, page
 9>
Package pdftex.def Info: ../plots/feature_cluster_trends/temp_range_feature_clu
ster_trend.pdf , page9 used on input line 238.
(pdftex.def)             Requested size: 615.37086pt x 615.37086pt.
[48

 <../plots/feature_cluster_trends/temp_range_feature_cluster_trend.pdf>]
<../plots/feature_cluster_trends/temp_range_feature_cluster_trend.pdf, id=410, 
page=10, 505.89pt x 505.89pt>
File: ../plots/feature_cluster_trends/temp_range_feature_cluster_trend.pdf Grap
hic file (type pdf)
<use ../plots/feature_cluster_trends/temp_range_feature_cluster_trend.pdf, page
 10>
Package pdftex.def Info: ../plots/feature_cluster_trends/temp_range_feature_clu
ster_trend.pdf , page10 used on input line 238.
(pdftex.def)             Requested size: 615.37086pt x 615.37086pt.
File: ../plots/feature_cluster_trends/temp_range_feature_cluster_trend.pdf Grap
hic file (type pdf)
<use ../plots/feature_cluster_trends/temp_range_feature_cluster_trend.pdf, page
 10>
Package pdftex.def Info: ../plots/feature_cluster_trends/temp_range_feature_clu
ster_trend.pdf , page10 used on input line 238.
(pdftex.def)             Requested size: 615.37086pt x 615.37086pt.


File: ../plots/feature_cluster_trends/temp_range_feature_cluster_trend.pdf Grap
hic file (type pdf)
<use ../plots/feature_cluster_trends/temp_range_feature_cluster_trend.pdf, page
 10>
Package pdftex.def Info: ../plots/feature_cluster_trends/temp_range_feature_clu
ster_trend.pdf , page10 used on input line 238.
(pdftex.def)             Requested size: 615.37086pt x 615.37086pt.
[49

 <../plots/feature_cluster_trends/temp_range_feature_cluster_trend.pdf>]
<../plots/feature_cluster_trends/temp_range_feature_cluster_trend.pdf, id=415, 
page=11, 505.89pt x 505.89pt>
File: ../plots/feature_cluster_trends/temp_range_feature_cluster_trend.pdf Grap
hic file (type pdf)
<use ../plots/feature_cluster_trends/temp_range_feature_cluster_trend.pdf, page
 11>
Package pdftex.def Info: ../plots/feature_cluster_trends/temp_range_feature_clu
ster_trend.pdf , page11 used on input line 238.
(pdftex.def)             Requested size: 615.37086pt x 615.37086pt.
File: ../plots/feature_cluster_trends/temp_range_feature_cluster_trend.pdf Grap
hic file (type pdf)
<use ../plots/feature_cluster_trends/temp_range_feature_cluster_trend.pdf, page
 11>
Package pdftex.def Info: ../plots/feature_cluster_trends/temp_range_feature_clu
ster_trend.pdf , page11 used on input line 238.
(pdftex.def)             Requested size: 615.37086pt x 615.37086pt.


File: ../plots/feature_cluster_trends/temp_range_feature_cluster_trend.pdf Grap
hic file (type pdf)
<use ../plots/feature_cluster_trends/temp_range_feature_cluster_trend.pdf, page
 11>
Package pdftex.def Info: ../plots/feature_cluster_trends/temp_range_feature_clu
ster_trend.pdf , page11 used on input line 238.
(pdftex.def)             Requested size: 615.37086pt x 615.37086pt.
[50

 <../plots/feature_cluster_trends/temp_range_feature_cluster_trend.pdf>]
<../plots/feature_cluster_shps/total_precipitation_zones_clusters.pdf, id=420, 
505.89pt x 505.89pt>
File: ../plots/feature_cluster_shps/total_precipitation_zones_clusters.pdf Grap
hic file (type pdf)
<use ../plots/feature_cluster_shps/total_precipitation_zones_clusters.pdf>
Package pdftex.def Info: ../plots/feature_cluster_shps/total_precipitation_zone
s_clusters.pdf  used on input line 251.
(pdftex.def)             Requested size: 505.88875pt x 505.88875pt.

Overfull \hbox (36.13373pt too wide) in paragraph at lines 251--252
 [][] 
 []



[51 <../plots/feature_cluster_shps/total_precipitation_zones_clusters.pdf>]
<../plots/feature_cluster_trends/total_precipitation_panel.pdf, id=435, 505.89p
t x 505.89pt>
File: ../plots/feature_cluster_trends/total_precipitation_panel.pdf Graphic fil
e (type pdf)
<use ../plots/feature_cluster_trends/total_precipitation_panel.pdf>
Package pdftex.def Info: ../plots/feature_cluster_trends/total_precipitation_pa
nel.pdf  used on input line 260.
(pdftex.def)             Requested size: 505.88875pt x 505.88875pt.
<../plots/feature_cluster_trends/total_precipitation_panel.pdf, id=437, page=1,
 505.89pt x 505.89pt>
File: ../plots/feature_cluster_trends/total_precipitation_panel.pdf Graphic fil
e (type pdf)
<use ../plots/feature_cluster_trends/total_precipitation_panel.pdf, page 1>
Package pdftex.def Info: ../plots/feature_cluster_trends/total_precipitation_pa
nel.pdf , page1 used on input line 260.
(pdftex.def)             Requested size: 505.88875pt x 505.88875pt.
File: ../plots/feature_cluster_trends/total_precipitation_panel.pdf Graphic fil
e (type pdf)
<use ../plots/feature_cluster_trends/total_precipitation_panel.pdf, page 1>
Package pdftex.def Info: ../plots/feature_cluster_trends/total_precipitation_pa
nel.pdf , page1 used on input line 260.
(pdftex.def)             Requested size: 615.37086pt x 615.37086pt.


[52]
File: ../plots/feature_cluster_trends/total_precipitation_panel.pdf Graphic fil
e (type pdf)
<use ../plots/feature_cluster_trends/total_precipitation_panel.pdf, page 1>
Package pdftex.def Info: ../plots/feature_cluster_trends/total_precipitation_pa
nel.pdf , page1 used on input line 260.
(pdftex.def)             Requested size: 615.37086pt x 615.37086pt.
File: ../plots/feature_cluster_trends/total_precipitation_panel.pdf Graphic fil
e (type pdf)
<use ../plots/feature_cluster_trends/total_precipitation_panel.pdf, page 1>
Package pdftex.def Info: ../plots/feature_cluster_trends/total_precipitation_pa
nel.pdf , page1 used on input line 260.
(pdftex.def)             Requested size: 615.37086pt x 615.37086pt.


File: ../plots/feature_cluster_trends/total_precipitation_panel.pdf Graphic fil
e (type pdf)
<use ../plots/feature_cluster_trends/total_precipitation_panel.pdf, page 1>
Package pdftex.def Info: ../plots/feature_cluster_trends/total_precipitation_pa
nel.pdf , page1 used on input line 260.
(pdftex.def)             Requested size: 615.37086pt x 615.37086pt.
[53

 <../plots/feature_cluster_trends/total_precipitation_panel.pdf>]
<../plots/feature_cluster_trends/total_precipitation_panel.pdf, id=452, page=2,
 505.89pt x 505.89pt>
File: ../plots/feature_cluster_trends/total_precipitation_panel.pdf Graphic fil
e (type pdf)
<use ../plots/feature_cluster_trends/total_precipitation_panel.pdf, page 2>
Package pdftex.def Info: ../plots/feature_cluster_trends/total_precipitation_pa
nel.pdf , page2 used on input line 260.
(pdftex.def)             Requested size: 615.37086pt x 615.37086pt.
File: ../plots/feature_cluster_trends/total_precipitation_panel.pdf Graphic fil
e (type pdf)
<use ../plots/feature_cluster_trends/total_precipitation_panel.pdf, page 2>
Package pdftex.def Info: ../plots/feature_cluster_trends/total_precipitation_pa
nel.pdf , page2 used on input line 260.
(pdftex.def)             Requested size: 615.37086pt x 615.37086pt.


File: ../plots/feature_cluster_trends/total_precipitation_panel.pdf Graphic fil
e (type pdf)
<use ../plots/feature_cluster_trends/total_precipitation_panel.pdf, page 2>
Package pdftex.def Info: ../plots/feature_cluster_trends/total_precipitation_pa
nel.pdf , page2 used on input line 260.
(pdftex.def)             Requested size: 615.37086pt x 615.37086pt.
[54

 <../plots/feature_cluster_trends/total_precipitation_panel.pdf>]
<../plots/feature_cluster_trends/total_precipitation_feature_cluster_trend.pdf,
 id=459, 505.89pt x 505.89pt>
File: ../plots/feature_cluster_trends/total_precipitation_feature_cluster_trend
.pdf Graphic file (type pdf)
<use ../plots/feature_cluster_trends/total_precipitation_feature_cluster_trend.
pdf>
Package pdftex.def Info: ../plots/feature_cluster_trends/total_precipitation_fe
ature_cluster_trend.pdf  used on input line 266.
(pdftex.def)             Requested size: 505.88875pt x 505.88875pt.
<../plots/feature_cluster_trends/total_precipitation_feature_cluster_trend.pdf,
 id=461, page=1, 505.89pt x 505.89pt>
File: ../plots/feature_cluster_trends/total_precipitation_feature_cluster_trend
.pdf Graphic file (type pdf)
<use ../plots/feature_cluster_trends/total_precipitation_feature_cluster_trend.
pdf, page 1>
Package pdftex.def Info: ../plots/feature_cluster_trends/total_precipitation_fe
ature_cluster_trend.pdf , page1 used on input line 266.
(pdftex.def)             Requested size: 505.88875pt x 505.88875pt.
File: ../plots/feature_cluster_trends/total_precipitation_feature_cluster_trend
.pdf Graphic file (type pdf)
<use ../plots/feature_cluster_trends/total_precipitation_feature_cluster_trend.
pdf, page 1>
Package pdftex.def Info: ../plots/feature_cluster_trends/total_precipitation_fe
ature_cluster_trend.pdf , page1 used on input line 266.
(pdftex.def)             Requested size: 615.37086pt x 615.37086pt.


[55]
File: ../plots/feature_cluster_trends/total_precipitation_feature_cluster_trend
.pdf Graphic file (type pdf)
<use ../plots/feature_cluster_trends/total_precipitation_feature_cluster_trend.
pdf, page 1>
Package pdftex.def Info: ../plots/feature_cluster_trends/total_precipitation_fe
ature_cluster_trend.pdf , page1 used on input line 266.
(pdftex.def)             Requested size: 615.37086pt x 615.37086pt.
File: ../plots/feature_cluster_trends/total_precipitation_feature_cluster_trend
.pdf Graphic file (type pdf)
<use ../plots/feature_cluster_trends/total_precipitation_feature_cluster_trend.
pdf, page 1>
Package pdftex.def Info: ../plots/feature_cluster_trends/total_precipitation_fe
ature_cluster_trend.pdf , page1 used on input line 266.
(pdftex.def)             Requested size: 615.37086pt x 615.37086pt.


File: ../plots/feature_cluster_trends/total_precipitation_feature_cluster_trend
.pdf Graphic file (type pdf)
<use ../plots/feature_cluster_trends/total_precipitation_feature_cluster_trend.
pdf, page 1>
Package pdftex.def Info: ../plots/feature_cluster_trends/total_precipitation_fe
ature_cluster_trend.pdf , page1 used on input line 266.
(pdftex.def)             Requested size: 615.37086pt x 615.37086pt.
[56

 <../plots/feature_cluster_trends/total_precipitation_feature_cluster_trend.pdf
>]
<../plots/feature_cluster_trends/total_precipitation_feature_cluster_trend.pdf,
 id=479, page=2, 505.89pt x 505.89pt>
File: ../plots/feature_cluster_trends/total_precipitation_feature_cluster_trend
.pdf Graphic file (type pdf)
<use ../plots/feature_cluster_trends/total_precipitation_feature_cluster_trend.
pdf, page 2>
Package pdftex.def Info: ../plots/feature_cluster_trends/total_precipitation_fe
ature_cluster_trend.pdf , page2 used on input line 266.
(pdftex.def)             Requested size: 615.37086pt x 615.37086pt.
File: ../plots/feature_cluster_trends/total_precipitation_feature_cluster_trend
.pdf Graphic file (type pdf)
<use ../plots/feature_cluster_trends/total_precipitation_feature_cluster_trend.
pdf, page 2>
Package pdftex.def Info: ../plots/feature_cluster_trends/total_precipitation_fe
ature_cluster_trend.pdf , page2 used on input line 266.
(pdftex.def)             Requested size: 615.37086pt x 615.37086pt.


File: ../plots/feature_cluster_trends/total_precipitation_feature_cluster_trend
.pdf Graphic file (type pdf)
<use ../plots/feature_cluster_trends/total_precipitation_feature_cluster_trend.
pdf, page 2>
Package pdftex.def Info: ../plots/feature_cluster_trends/total_precipitation_fe
ature_cluster_trend.pdf , page2 used on input line 266.
(pdftex.def)             Requested size: 615.37086pt x 615.37086pt.
[57

 <../plots/feature_cluster_trends/total_precipitation_feature_cluster_trend.pdf
>]
<../plots/feature_cluster_trends/total_precipitation_feature_cluster_trend.pdf,
 id=484, page=3, 505.89pt x 505.89pt>
File: ../plots/feature_cluster_trends/total_precipitation_feature_cluster_trend
.pdf Graphic file (type pdf)
<use ../plots/feature_cluster_trends/total_precipitation_feature_cluster_trend.
pdf, page 3>
Package pdftex.def Info: ../plots/feature_cluster_trends/total_precipitation_fe
ature_cluster_trend.pdf , page3 used on input line 266.
(pdftex.def)             Requested size: 615.37086pt x 615.37086pt.
File: ../plots/feature_cluster_trends/total_precipitation_feature_cluster_trend
.pdf Graphic file (type pdf)
<use ../plots/feature_cluster_trends/total_precipitation_feature_cluster_trend.
pdf, page 3>
Package pdftex.def Info: ../plots/feature_cluster_trends/total_precipitation_fe
ature_cluster_trend.pdf , page3 used on input line 266.
(pdftex.def)             Requested size: 615.37086pt x 615.37086pt.


File: ../plots/feature_cluster_trends/total_precipitation_feature_cluster_trend
.pdf Graphic file (type pdf)
<use ../plots/feature_cluster_trends/total_precipitation_feature_cluster_trend.
pdf, page 3>
Package pdftex.def Info: ../plots/feature_cluster_trends/total_precipitation_fe
ature_cluster_trend.pdf , page3 used on input line 266.
(pdftex.def)             Requested size: 615.37086pt x 615.37086pt.
[58

 <../plots/feature_cluster_trends/total_precipitation_feature_cluster_trend.pdf
>]
<../plots/feature_cluster_trends/total_precipitation_feature_cluster_trend.pdf,
 id=489, page=4, 505.89pt x 505.89pt>
File: ../plots/feature_cluster_trends/total_precipitation_feature_cluster_trend
.pdf Graphic file (type pdf)
<use ../plots/feature_cluster_trends/total_precipitation_feature_cluster_trend.
pdf, page 4>
Package pdftex.def Info: ../plots/feature_cluster_trends/total_precipitation_fe
ature_cluster_trend.pdf , page4 used on input line 266.
(pdftex.def)             Requested size: 615.37086pt x 615.37086pt.
File: ../plots/feature_cluster_trends/total_precipitation_feature_cluster_trend
.pdf Graphic file (type pdf)
<use ../plots/feature_cluster_trends/total_precipitation_feature_cluster_trend.
pdf, page 4>
Package pdftex.def Info: ../plots/feature_cluster_trends/total_precipitation_fe
ature_cluster_trend.pdf , page4 used on input line 266.
(pdftex.def)             Requested size: 615.37086pt x 615.37086pt.


File: ../plots/feature_cluster_trends/total_precipitation_feature_cluster_trend
.pdf Graphic file (type pdf)
<use ../plots/feature_cluster_trends/total_precipitation_feature_cluster_trend.
pdf, page 4>
Package pdftex.def Info: ../plots/feature_cluster_trends/total_precipitation_fe
ature_cluster_trend.pdf , page4 used on input line 266.
(pdftex.def)             Requested size: 615.37086pt x 615.37086pt.
[59

 <../plots/feature_cluster_trends/total_precipitation_feature_cluster_trend.pdf
>]
<../plots/feature_cluster_trends/total_precipitation_feature_cluster_trend.pdf,
 id=494, page=5, 505.89pt x 505.89pt>
File: ../plots/feature_cluster_trends/total_precipitation_feature_cluster_trend
.pdf Graphic file (type pdf)
<use ../plots/feature_cluster_trends/total_precipitation_feature_cluster_trend.
pdf, page 5>
Package pdftex.def Info: ../plots/feature_cluster_trends/total_precipitation_fe
ature_cluster_trend.pdf , page5 used on input line 266.
(pdftex.def)             Requested size: 615.37086pt x 615.37086pt.
File: ../plots/feature_cluster_trends/total_precipitation_feature_cluster_trend
.pdf Graphic file (type pdf)
<use ../plots/feature_cluster_trends/total_precipitation_feature_cluster_trend.
pdf, page 5>
Package pdftex.def Info: ../plots/feature_cluster_trends/total_precipitation_fe
ature_cluster_trend.pdf , page5 used on input line 266.
(pdftex.def)             Requested size: 615.37086pt x 615.37086pt.


File: ../plots/feature_cluster_trends/total_precipitation_feature_cluster_trend
.pdf Graphic file (type pdf)
<use ../plots/feature_cluster_trends/total_precipitation_feature_cluster_trend.
pdf, page 5>
Package pdftex.def Info: ../plots/feature_cluster_trends/total_precipitation_fe
ature_cluster_trend.pdf , page5 used on input line 266.
(pdftex.def)             Requested size: 615.37086pt x 615.37086pt.
[60

 <../plots/feature_cluster_trends/total_precipitation_feature_cluster_trend.pdf
>]
<../plots/feature_cluster_trends/total_precipitation_feature_cluster_trend.pdf,
 id=500, page=6, 505.89pt x 505.89pt>
File: ../plots/feature_cluster_trends/total_precipitation_feature_cluster_trend
.pdf Graphic file (type pdf)
<use ../plots/feature_cluster_trends/total_precipitation_feature_cluster_trend.
pdf, page 6>
Package pdftex.def Info: ../plots/feature_cluster_trends/total_precipitation_fe
ature_cluster_trend.pdf , page6 used on input line 266.
(pdftex.def)             Requested size: 615.37086pt x 615.37086pt.
File: ../plots/feature_cluster_trends/total_precipitation_feature_cluster_trend
.pdf Graphic file (type pdf)
<use ../plots/feature_cluster_trends/total_precipitation_feature_cluster_trend.
pdf, page 6>
Package pdftex.def Info: ../plots/feature_cluster_trends/total_precipitation_fe
ature_cluster_trend.pdf , page6 used on input line 266.
(pdftex.def)             Requested size: 615.37086pt x 615.37086pt.


File: ../plots/feature_cluster_trends/total_precipitation_feature_cluster_trend
.pdf Graphic file (type pdf)
<use ../plots/feature_cluster_trends/total_precipitation_feature_cluster_trend.
pdf, page 6>
Package pdftex.def Info: ../plots/feature_cluster_trends/total_precipitation_fe
ature_cluster_trend.pdf , page6 used on input line 266.
(pdftex.def)             Requested size: 615.37086pt x 615.37086pt.
[61

 <../plots/feature_cluster_trends/total_precipitation_feature_cluster_trend.pdf
>]
<../plots/feature_cluster_trends/total_precipitation_feature_cluster_trend.pdf,
 id=505, page=7, 505.89pt x 505.89pt>
File: ../plots/feature_cluster_trends/total_precipitation_feature_cluster_trend
.pdf Graphic file (type pdf)
<use ../plots/feature_cluster_trends/total_precipitation_feature_cluster_trend.
pdf, page 7>
Package pdftex.def Info: ../plots/feature_cluster_trends/total_precipitation_fe
ature_cluster_trend.pdf , page7 used on input line 266.
(pdftex.def)             Requested size: 615.37086pt x 615.37086pt.
File: ../plots/feature_cluster_trends/total_precipitation_feature_cluster_trend
.pdf Graphic file (type pdf)
<use ../plots/feature_cluster_trends/total_precipitation_feature_cluster_trend.
pdf, page 7>
Package pdftex.def Info: ../plots/feature_cluster_trends/total_precipitation_fe
ature_cluster_trend.pdf , page7 used on input line 266.
(pdftex.def)             Requested size: 615.37086pt x 615.37086pt.


File: ../plots/feature_cluster_trends/total_precipitation_feature_cluster_trend
.pdf Graphic file (type pdf)
<use ../plots/feature_cluster_trends/total_precipitation_feature_cluster_trend.
pdf, page 7>
Package pdftex.def Info: ../plots/feature_cluster_trends/total_precipitation_fe
ature_cluster_trend.pdf , page7 used on input line 266.
(pdftex.def)             Requested size: 615.37086pt x 615.37086pt.
[62

 <../plots/feature_cluster_trends/total_precipitation_feature_cluster_trend.pdf
>]
<../plots/feature_cluster_trends/total_precipitation_feature_cluster_trend.pdf,
 id=510, page=8, 505.89pt x 505.89pt>
File: ../plots/feature_cluster_trends/total_precipitation_feature_cluster_trend
.pdf Graphic file (type pdf)
<use ../plots/feature_cluster_trends/total_precipitation_feature_cluster_trend.
pdf, page 8>
Package pdftex.def Info: ../plots/feature_cluster_trends/total_precipitation_fe
ature_cluster_trend.pdf , page8 used on input line 266.
(pdftex.def)             Requested size: 615.37086pt x 615.37086pt.
File: ../plots/feature_cluster_trends/total_precipitation_feature_cluster_trend
.pdf Graphic file (type pdf)
<use ../plots/feature_cluster_trends/total_precipitation_feature_cluster_trend.
pdf, page 8>
Package pdftex.def Info: ../plots/feature_cluster_trends/total_precipitation_fe
ature_cluster_trend.pdf , page8 used on input line 266.
(pdftex.def)             Requested size: 615.37086pt x 615.37086pt.


File: ../plots/feature_cluster_trends/total_precipitation_feature_cluster_trend
.pdf Graphic file (type pdf)
<use ../plots/feature_cluster_trends/total_precipitation_feature_cluster_trend.
pdf, page 8>
Package pdftex.def Info: ../plots/feature_cluster_trends/total_precipitation_fe
ature_cluster_trend.pdf , page8 used on input line 266.
(pdftex.def)             Requested size: 615.37086pt x 615.37086pt.
[63

 <../plots/feature_cluster_trends/total_precipitation_feature_cluster_trend.pdf
>]
<../plots/feature_cluster_trends/total_precipitation_feature_cluster_trend.pdf,
 id=515, page=9, 505.89pt x 505.89pt>
File: ../plots/feature_cluster_trends/total_precipitation_feature_cluster_trend
.pdf Graphic file (type pdf)
<use ../plots/feature_cluster_trends/total_precipitation_feature_cluster_trend.
pdf, page 9>
Package pdftex.def Info: ../plots/feature_cluster_trends/total_precipitation_fe
ature_cluster_trend.pdf , page9 used on input line 266.
(pdftex.def)             Requested size: 615.37086pt x 615.37086pt.
File: ../plots/feature_cluster_trends/total_precipitation_feature_cluster_trend
.pdf Graphic file (type pdf)
<use ../plots/feature_cluster_trends/total_precipitation_feature_cluster_trend.
pdf, page 9>
Package pdftex.def Info: ../plots/feature_cluster_trends/total_precipitation_fe
ature_cluster_trend.pdf , page9 used on input line 266.
(pdftex.def)             Requested size: 615.37086pt x 615.37086pt.


File: ../plots/feature_cluster_trends/total_precipitation_feature_cluster_trend
.pdf Graphic file (type pdf)
<use ../plots/feature_cluster_trends/total_precipitation_feature_cluster_trend.
pdf, page 9>
Package pdftex.def Info: ../plots/feature_cluster_trends/total_precipitation_fe
ature_cluster_trend.pdf , page9 used on input line 266.
(pdftex.def)             Requested size: 615.37086pt x 615.37086pt.
[64

 <../plots/feature_cluster_trends/total_precipitation_feature_cluster_trend.pdf
>]
<../plots/feature_cluster_trends/total_precipitation_feature_cluster_trend.pdf,
 id=520, page=10, 505.89pt x 505.89pt>
File: ../plots/feature_cluster_trends/total_precipitation_feature_cluster_trend
.pdf Graphic file (type pdf)
<use ../plots/feature_cluster_trends/total_precipitation_feature_cluster_trend.
pdf, page 10>
Package pdftex.def Info: ../plots/feature_cluster_trends/total_precipitation_fe
ature_cluster_trend.pdf , page10 used on input line 266.
(pdftex.def)             Requested size: 615.37086pt x 615.37086pt.
File: ../plots/feature_cluster_trends/total_precipitation_feature_cluster_trend
.pdf Graphic file (type pdf)
<use ../plots/feature_cluster_trends/total_precipitation_feature_cluster_trend.
pdf, page 10>
Package pdftex.def Info: ../plots/feature_cluster_trends/total_precipitation_fe
ature_cluster_trend.pdf , page10 used on input line 266.
(pdftex.def)             Requested size: 615.37086pt x 615.37086pt.


File: ../plots/feature_cluster_trends/total_precipitation_feature_cluster_trend
.pdf Graphic file (type pdf)
<use ../plots/feature_cluster_trends/total_precipitation_feature_cluster_trend.
pdf, page 10>
Package pdftex.def Info: ../plots/feature_cluster_trends/total_precipitation_fe
ature_cluster_trend.pdf , page10 used on input line 266.
(pdftex.def)             Requested size: 615.37086pt x 615.37086pt.
[65

 <../plots/feature_cluster_trends/total_precipitation_feature_cluster_trend.pdf
>]

Package caption Warning: Unused \captionsetup[sub] on input line 50.
See the caption package documentation for explanation.



[66] (./SSA_Interpretations.aux)
 ***********
LaTeX2e <2024-11-01> patch level 2
L3 programming layer <2025-01-18>
 ***********


LaTeX Warning: There were multiply-defined labels.

Package rerunfilecheck Info: File `SSA_Interpretations.out' has not changed.
(rerunfilecheck)             Checksum: F6AF8E228B095A1C6DEDE0CC7517604C;2650.
 ) 
Here is how much of TeX's memory you used:
 31304 strings out of 473190
 651690 string characters out of 5715801
 972937 words of memory out of 5000000
 54027 multiletter control sequences out of 15000+600000
 566549 words of font info for 65 fonts, out of 8000000 for 9000
 1141 hyphenation exceptions out of 8191
 98i,17n,101p,1015b,1166s stack positions out of 10000i,1000n,20000p,200000b,200000s
</usr/local/texlive/2025/texmf-dist/fonts/type1/public/amsfonts/cm/cmbx10.pfb
></usr/local/texlive/2025/texmf-dist/fonts/type1/public/amsfonts/cm/cmbx12.pfb>
</usr/local/texlive/2025/texmf-dist/fonts/type1/public/amsfonts/cm/cmr10.pfb></
usr/local/texlive/2025/texmf-dist/fonts/type1/public/amsfonts/cm/cmr12.pfb></us
r/local/texlive/2025/texmf-dist/fonts/type1/public/amsfonts/cm/cmr17.pfb>
Output written on SSA_Interpretations.pdf (67 pages, 8811702 bytes).
PDF statistics:
 578 PDF objects out of 1000 (max. 8388607)
 415 compressed objects within 5 object streams
 90 named destinations out of 1000 (max. 500000)
 444 words of extra memory for PDF output out of 10000 (max. 10000000)

