{
"type": "FeatureCollection",
"name": "eth_boundary",
"features": [
{"type":"Feature","properties":{"country":"Ethiopia","iso3":"ETH","poly":"POLYGON((34.98342171 6.311903772, 34.979614572 6.309762257, 34.973427973 6.306906904, 34.969144944 6.300720306, 34.967241375 6.291916299, 34.966527537 6.285967647, 34.961985671 6.283793035, 34.961054776 6.281446672, 34.964148076 6.274308288, 34.964623968 6.267169905, 34.963196291 6.256938222, 34.959389154 6.253131085, 34.95234754 6.251468979, 34.950347202 6.249086001, 34.950585148 6.244089133, 34.955106124 6.241471727, 34.960102992 6.240044049, 34.963672183 6.23695075, 34.960920327 6.230063363, 34.966051644 6.222436038, 34.966051644 6.217201224, 34.967594853 6.210934204, 34.972000297 6.209349002, 34.972952081 6.204352134, 34.97485565 6.198879374, 34.975569488 6.194596346, 34.975569488 6.188171799, 34.978900734 6.1850785, 34.978900734 6.181985201, 34.976759219 6.175084764, 34.972328596 6.175134682, 34.969679381 6.167290184, 34.968179392 6.161570681, 34.96708558 6.155933705, 34.969620836 6.151528101, 34.968431105 6.148672749, 34.966765483 6.14724507, 34.96628959 6.144627665, 34.963921 6.139625, 34.964031382 6.13676177, 34.966051644 6.133920088, 34.964426656 6.126508633, 34.964729 6.118666002, 34.971286459 6.112980832, 34.973427973 6.107032179, 34.972714135 6.099179958, 34.971286459 6.092279521, 34.973427973 6.086568815, 34.97485565 6.086568815, 34.977137756 6.089029821, 34.984373494 6.0906139, 34.986990901 6.087282653, 34.989762 6.08116, 34.991749823 6.078716594, 34.998174368 6.080382216, 35.001981506 6.079668378, 35.00412302 6.076099186, 35.003171236 6.071102318, 35 6.065629559, 35 6.064573, 34.994389 6.043968, 34.99535 6.037928001, 34.992939554 6.036838079, 34.994843123 6.033030942, 34.99797545 6.030497129, 35.001505613 6.029223804, 35.003171236 6.02398899, 35.006026589 6.020419798, 35.008881942 6.016374715, 35.009532977 6.00813152, 35.005639372 5.997327764, 35.0061343 5.995871534, 35.005779761 5.994856077, 35.006419835 5.99394417, 35.006419835 5.992159575, 35.006633986 5.991231586, 35.006042228 5.990235092, 35.004349704 5.990089445, 35.003136179 5.988518999, 35.002636492 5.986377484, 35.001280199 5.982451374, 34.999709755 5.981095081, 34.997068553 5.979667404, 34.997354088 5.978311112, 34.997925159 5.97716897, 34.996069179 5.976383748, 34.994998422 5.972529022, 34.994927038 5.970244739, 34.99514119 5.968103224, 34.994284584 5.963106356, 34.993499362 5.961964214, 34.993356594 5.960251003, 34.993427978 5.95889471, 34.992499988 5.956824579, 34.993406877 5.955782834, 34.992785523 5.95404061, 34.992214453 5.953398156, 34.990929544 5.952827084, 34.990786776 5.952327398, 34.991643382 5.950185883, 34.991928917 5.948758206, 34.992859511 5.947232902, 34.993213826 5.944760712, 34.994335981 5.943453944, 34.99571226 5.940834602, 34.996711634 5.939692459, 34.997711008 5.937051258, 34.998567614 5.936194652, 34.9990673 5.933981753, 35.000209442 5.932839612, 35.000566361 5.930983632, 35.001422967 5.929698723, 35.002493724 5.928627967, 35.004492471 5.925843998, 35.005705997 5.923416947, 35.008061663 5.92198927, 35.009632107 5.920632978, 35.010702865 5.918991149, 35.011488087 5.91677825, 35.010417329 5.913637362, 35.010417329 5.911353079, 35.010631481 5.909497099, 35.010345946 5.90764112, 35.00948934 5.905570989, 35.00856135 5.904214696, 35.007704744 5.904286081, 35.006919522 5.902073181, 35.006419835 5.900003051, 35.00577738 5.89814707, 35.004920774 5.896933547, 35.003493098 5.896576626, 35.002636492 5.896576626, 35.00103 5.897048001, 34.99942422 5.896933547, 34.997996543 5.896433858, 35.001066048 5.893864041, 35.006348451 5.890009314, 35.04087443 5.836043138, 35.109410358 5.715794072, 35.125019622 5.686098398, 35.12273534 5.632798473, 35.207824865 5.577214264, 35.29177225 5.516680775, 35.304335804 5.506020789, 35.312140436 5.502784725, 35.314234361 5.498406515, 35.312140436 5.494218663, 35.310113981 5.488781148, 35.308333299 5.485081533, 35.306239372 5.482797252, 35.307952584 5.476896187, 35.307952584 5.473089049, 35.306810443 5.469852982, 35.307381515 5.463951919, 35.30704129 5.458338226, 35.305011332 5.456221889, 35.302727049 5.444039047, 35.299247492 5.434818222, 35.296721528 5.432923749, 35.29367582 5.42968768, 35.292914391 5.424167331, 35.292914391 5.406273784, 35.293485461 5.402085934, 35.293295105 5.398278798, 35.291391536 5.394090944, 35.290249394 5.389141668, 35.289487967 5.384192386, 35.289487967 5.380575605, 35.291772252 5.375816683, 35.294061256 5.373310116, 35.293919003 5.371593, 35.295071 5.365172, 35.29997834 5.353507365, 35.309917265 5.348326915, 35.312022515 5.345227519, 35.312260413 5.34616082, 35.312760102 5.346446353, 35.313045635 5.345803898, 35.31368809 5.346267896, 35.321027723 5.34163176, 35.340939817 5.347605392, 35.341028098 5.347517111, 35.342420084 5.347981105, 35.34370499 5.347802645, 35.344204678 5.348195256, 35.344448173 5.348657895, 35.345489587 5.348909096, 35.345882197 5.348909096, 35.346101127 5.349153781, 35.346831782 5.349372978, 35.34706003 5.349230324, 35.348023712 5.349408781, 35.349201546 5.349408781, 35.351842747 5.350265387, 35.35227105 5.350265387, 35.352913504 5.349622933, 35.353341807 5.348694945, 35.35430549 5.348266641, 35.355304862 5.348373717, 35.356090085 5.348659251, 35.356946691 5.3493374, 35.360158964 5.350622309, 35.360801419 5.350550923, 35.362407556 5.351336145, 35.363121392 5.35137184, 35.364263533 5.352406903, 35.36476322 5.353441968, 35.365120139 5.353870271, 35.36547706 5.353977347, 35.365120139 5.353477661, 35.365726902 5.353584737, 35.366583508 5.354548419, 35.367190273 5.35404873, 35.368189644 5.35401304, 35.368425447 5.353877577, 35.368867791 5.354191498, 35.370366852 5.354369958, 35.370922705 5.354195572, 35.371235071 5.354314055, 35.371707013 5.354943317, 35.37767155 5.355294752, 35.388421352 5.360265358, 35.389654763 5.36051325, 35.390211555 5.361084322, 35.393878965 5.362788906, 35.394780121 5.362569104, 35.395194147 5.361384133, 35.396036476 5.361769605, 35.396497613 5.361418147, 35.397064405 5.361812436, 35.399120257 5.361869543, 35.399748438 5.361940929, 35.401147561 5.361798159, 35.401818566 5.362097974, 35.402018441 5.362083694, 35.402204039 5.36184099, 35.402646622 5.361698222, 35.40340329 5.362669042, 35.404531154 5.363482817, 35.404710274 5.364389018, 35.405830338 5.36441081, 35.405987384 5.363939674, 35.406558453 5.36338288, 35.407129523 5.363839737, 35.407871916 5.363896844, 35.408214557 5.363468541, 35.40860003 5.363368603, 35.409056887 5.363497097, 35.409600978 5.364741006, 35.411194181 5.36485567, 35.4115696 5.364567855, 35.412112116 5.364539298, 35.412553002 5.364953465, 35.414305373 5.365079585, 35.422080933 5.371621611, 35.422391386 5.371392149, 35.423065596 5.371586113, 35.422803855 5.371901391, 35.423007462 5.372401155, 35.424064969 5.373162504, 35.424778808 5.372948352, 35.426872733 5.373233887, 35.427229654 5.373876342, 35.427610366 5.375066072, 35.429347373 5.375732323, 35.430584692 5.375756116, 35.431845807 5.376350982, 35.431679245 5.376874463, 35.43103679 5.377255176, 35.430965409 5.377635891, 35.431369915 5.378111782, 35.431988574 5.378159372, 35.432535851 5.378944594, 35.433796965 5.379610843, 35.433749375 5.380205711, 35.43413009 5.380634014, 35.434796341 5.380800573, 35.435438796 5.380205711, 35.435605355 5.380586422, 35.435533974 5.381371646, 35.435652944 5.381704772, 35.436747496 5.382418608, 35.437984819 5.382442402, 35.438436914 5.382727937, 35.43862727 5.383132445, 35.439126958 5.383584543, 35.44110191 5.383989051, 35.443053068 5.384917041, 35.443433782 5.385654674, 35.444528334 5.386725431, 35.445090093 5.388486379, 35.451199749 5.392355828, 35.451547744 5.390675337, 35.451833279 5.390366007, 35.452642298 5.390366007, 35.453070601 5.39079431, 35.453736848 5.391746094, 35.454141359 5.392079219, 35.45602113 5.392626496, 35.45647323 5.393697254, 35.456853942 5.394173144, 35.457173605 5.393911191, 35.45756778 5.395600822, 35.457446458 5.396486942, 35.458495772 5.397099883, 35.459280992 5.396576402, 35.46039934 5.397099883, 35.461136972 5.397266444, 35.461493891 5.397647159, 35.461530095 5.39931688, 35.461898401 5.399526932, 35.462897773 5.398955861, 35.462897773 5.399431754, 35.462683621 5.399645906, 35.462690821 5.400121253, 35.467994701 5.40379681, 35.468836518 5.405560856, 35.471440038 5.408259555, 35.471677986 5.408949597, 35.471654189 5.409354105, 35.471059324 5.410139328, 35.47134486 5.410805578, 35.471749368 5.410472452, 35.472296644 5.410305891, 35.472915304 5.411019729, 35.473177044 5.412042896, 35.47341499 5.412447405, 35.474342983 5.412613968, 35.47572307 5.411923923, 35.476294138 5.411733566, 35.47738869 5.411781158, 35.47769802 5.41149562, 35.478459448 5.411471829, 35.478982929 5.411781158, 35.48012507 5.413613341, 35.480101276 5.414184411, 35.480672346 5.415112401, 35.482004848 5.415969007, 35.482456942 5.415992802, 35.482528329 5.415136196, 35.483028013 5.414707893, 35.483646673 5.415064813, 35.484669841 5.416230749, 35.485050555 5.41639731, 35.485859571 5.415945212, 35.486502026 5.415992802, 35.486716177 5.416944586, 35.489523942 5.41789637, 35.489976042 5.418229495, 35.490451931 5.418848155, 35.491546484 5.418776772, 35.491998584 5.418372265, 35.492997954 5.418610209, 35.493473849 5.41856262, 35.494449426 5.417468067, 35.495129857 5.417140996, 35.496115049 5.418372265, 35.49663853 5.418372265, 35.497043038 5.418134317, 35.497637903 5.416873204, 35.498113796 5.416563875, 35.498375536 5.416801818, 35.498113796 5.416968381, 35.498327947 5.417230121, 35.498661072 5.417301507, 35.499089375 5.41772981, 35.499232142 5.418586417, 35.500350489 5.420085478, 35.50087397 5.420323421, 35.501682987 5.420252037, 35.501897139 5.419990296, 35.502801334 5.419657175, 35.503515172 5.41984753, 35.5042766 5.420442394, 35.504966643 5.421774894, 35.504776286 5.422298375, 35.504300395 5.422726678, 35.504324192 5.423154982, 35.504791236 5.423537107, 35.505526671 5.423739986, 35.507179544 5.423131185, 35.508059943 5.423392925, 35.508726192 5.423154982, 35.50944003 5.423511898, 35.509796949 5.424130558, 35.510572508 5.424017145, 35.51067735 5.42310739, 35.51098668 5.422655292, 35.511438779 5.422631501, 35.511890875 5.422821856, 35.512319178 5.422774266, 35.51373911 5.423489378, 35.514103776 5.423321542, 35.514484487 5.422869444, 35.515745602 5.422345963, 35.516221496 5.421941454, 35.517553992 5.419157485, 35.518077473 5.418752976, 35.518743723 5.418729182, 35.519100644 5.419181279, 35.524406842 5.418895746, 35.52466858 5.419109898, 35.524644786 5.419871324, 35.525384468 5.422594289, 35.526667328 5.422607704, 35.527833264 5.421037262, 35.528666077 5.420965875, 35.52940371 5.421965249, 35.529475092 5.422583909, 35.529760627 5.42284565, 35.530403081 5.42284565, 35.531045536 5.422274579, 35.532021115 5.422012838, 35.53230665 5.42165592, 35.532830132 5.421465564, 35.533900889 5.421417973, 35.534257808 5.421346591, 35.535875842 5.422274579, 35.536185172 5.422274579, 35.536875215 5.421727303, 35.537242986 5.422333373, 35.543207079 5.42161768, 35.544288739 5.420724926, 35.544822617 5.419347842, 35.544917795 5.418348469, 35.544775026 5.417753603, 35.54510815 5.416563875, 35.545703016 5.416516283, 35.545940962 5.416302132, 35.547582792 5.416159364, 35.548344217 5.416587667, 35.549248413 5.415992802, 35.549744817 5.416221721, 35.550169817 5.415870943, 35.551058901 5.415801879, 35.551675463 5.41463651, 35.552484482 5.414350974, 35.553150729 5.413827492, 35.553864569 5.414350974, 35.554804424 5.415510928, 35.555558734 5.415452331, 35.555411217 5.41520758, 35.555768137 5.414755484, 35.55579193 5.414017852, 35.555173271 5.413541957, 35.555339834 5.413304011, 35.555958493 5.413042271, 35.556291618 5.412661556, 35.55702925 5.412875708, 35.557290991 5.413541957, 35.556981661 5.414850662, 35.557219607 5.415064813, 35.559313533 5.415136196, 35.559646657 5.414945839, 35.560312906 5.413541957, 35.562168886 5.413066068, 35.563929687 5.412923297, 35.564595938 5.412542583, 35.566499506 5.412042896, 35.567779289 5.412131046, 35.568688609 5.413589549, 35.569961289 5.414320385, 35.570629826 5.414267171, 35.575276664 5.417068564, 35.575612841 5.416492488, 35.575826992 5.416635256, 35.575898376 5.416992178, 35.576326679 5.417301507, 35.577516409 5.417468067, 35.577564 5.417039765, 35.578111278 5.416849408, 35.578515784 5.416492488, 35.579242849 5.416318843, 35.579776897 5.416421105, 35.580062433 5.416778026, 35.580300379 5.418300879, 35.581323547 5.419609582, 35.581728055 5.419799939, 35.582108769 5.419776145, 35.582084975 5.419347842, 35.581823236 5.418848155, 35.581918414 5.417777397, 35.582275331 5.417563246, 35.583108146 5.418086727, 35.583703008 5.418253291, 35.583919894 5.418499094, 35.586907844 5.415476014, 35.587557737 5.414160617, 35.588033627 5.4138037, 35.588414343 5.413280217, 35.588842646 5.413161245, 35.58910147 5.413256602, 35.592133691 5.410089197, 35.59062724 5.40942549, 35.590175142 5.408521294, 35.59062724 5.408259555, 35.591007953 5.407545715, 35.592649782 5.40678429, 35.593625363 5.406546342, 35.594530134 5.405893766, 35.597771002 5.40022, 35.598393226 5.400519333, 35.598812586 5.39962211, 35.599193299 5.399170012, 35.60038303 5.399407958, 35.600502003 5.399812467, 35.601406198 5.400764251, 35.601667939 5.401382911, 35.602572134 5.401478093, 35.602738696 5.400835638, 35.604352627 5.399422728, 35.605046773 5.399407958, 35.606307888 5.399812467, 35.606664807 5.400121797, 35.606688602 5.400954608, 35.605713022 5.40266782, 35.605245401 5.403815663, 35.60623122 5.404289903, 35.606569628 5.403928934, 35.607212083 5.403809964, 35.607664183 5.404190675, 35.608972884 5.403976524, 35.609948463 5.403405453, 35.610471944 5.403286482, 35.610805069 5.403476838, 35.611043016 5.403881345, 35.610971631 5.404939374, 35.612987588 5.405163369, 35.617526609 5.400067603, 35.617372381 5.399836261, 35.617991041 5.397718541, 35.617967248 5.397028497, 35.617705506 5.396742962, 35.617895863 5.39564841, 35.618609703 5.394696626, 35.619394923 5.394387296, 35.619600857 5.394170524, 35.619607732 5.39167416, 35.619038006 5.390413599, 35.61901421 5.38836726, 35.618276578 5.387867576, 35.617872071 5.387058556, 35.618942825 5.384226998, 35.620465681 5.382061688, 35.6212747 5.38191892, 35.623059294 5.38351316, 35.62356959 5.384568945, 35.625400599 5.384856076, 35.626247772 5.383227624, 35.627104378 5.382846911, 35.628769999 5.382799321, 35.629269686 5.383441775, 35.631720531 5.384655302, 35.63222022 5.384512533, 35.63269611 5.384607711, 35.633671689 5.385369139, 35.634052403 5.385940211, 35.634052403 5.386212813, 35.636544254 5.386603573, 35.637162823 5.386887083, 35.637835747 5.385702263, 35.63940619 5.386368514, 35.64026812 5.388310346, 35.645045513 5.39043739, 35.647615331 5.39074672, 35.648638499 5.391293996, 35.64928946 5.392445127, 35.653053701 5.394170404, 35.653659162 5.394125557, 35.654139622 5.394265044, 35.657061791 5.392983414, 35.65668108 5.391793686, 35.656252777 5.39110364, 35.654515768 5.390270828, 35.654349205 5.389818731, 35.654468178 5.389247663, 35.654753716 5.388771768, 35.656205185 5.388581412, 35.657156969 5.387677216, 35.658418084 5.387463064, 35.661202053 5.38620195, 35.662106248 5.386178155, 35.663021273 5.386345209, 35.664033612 5.387653424, 35.665794413 5.38893833, 35.666674813 5.388438643, 35.667769365 5.38831967, 35.668649766 5.38770101, 35.669934675 5.387320298, 35.670957843 5.387463064, 35.672552082 5.386178155, 35.674550829 5.385987798, 35.675978506 5.386130566, 35.676573371 5.386725431, 35.676954085 5.387605832, 35.67804864 5.388295879, 35.679000424 5.38836726, 35.679642879 5.388795563, 35.680261537 5.389485606, 35.680409972 5.390297715, 35.681950953 5.390407783, 35.681784391 5.388629, 35.682117515 5.388153108, 35.682855148 5.387915162, 35.683426219 5.388081726, 35.683426219 5.388795563, 35.684044879 5.38965217, 35.684520773 5.390009087, 35.686257777 5.390556364, 35.686805053 5.390580158, 35.687542686 5.390318417, 35.688018579 5.389937704, 35.688208935 5.389081098, 35.687756838 5.386535074, 35.688066168 5.386463692, 35.68854206 5.386677844, 35.68916072 5.38753445, 35.689446255 5.38903351, 35.689898353 5.389390428, 35.690493218 5.389176276, 35.691563975 5.389414222, 35.693175684 5.391209548, 35.697107437 5.391490387, 35.699059278 5.391317791, 35.699180512 5.391499642, 35.702199844 5.390927916, 35.702223961 5.390722928, 35.703389897 5.390270828, 35.704270297 5.390151855, 35.704532038 5.389771144, 35.70562659 5.389319044, 35.706483196 5.389271455, 35.706863913 5.389461811, 35.707006696 5.390017715, 35.712634343 5.388952092, 35.717031452 5.3895056, 35.716183958 5.388417953, 35.716405549 5.387344091, 35.716905235 5.386297128, 35.71738113 5.38589262, 35.718689831 5.385916415, 35.720141304 5.386987173, 35.720260275 5.387796189, 35.720658767 5.388215655, 35.723854281 5.385566054, 35.723329782 5.384774276, 35.722972861 5.383632132, 35.722972861 5.382418608, 35.723258396 5.381823742, 35.724227803 5.381084596, 35.723632528 5.375182161, 35.727582526 5.375182161, 35.72761281 5.374899511, 35.728160086 5.37428085, 35.728921513 5.37432844, 35.729230843 5.374851921, 35.72961156 5.375066072, 35.730254011 5.375066072, 35.730991647 5.374804332, 35.731988087 5.375182161, 35.743591621 5.374741611, 35.743983501 5.374423618, 35.744411804 5.37432844, 35.744740888 5.374686884, 35.747063076 5.374576304, 35.74573082 5.372213851, 35.745910865 5.371187551, 35.746267784 5.371044784, 35.747243364 5.371092372, 35.74743372 5.370735455, 35.748433093 5.371044784, 35.748885191 5.371568265, 35.748599656 5.374066699, 35.749504554 5.374289506, 35.755458027 5.368165968, 35.754786255 5.368118046, 35.754405541 5.368332198, 35.75362032 5.368046662, 35.753215813 5.368046662, 35.752763713 5.368451171, 35.752311615 5.368546349, 35.751883312 5.368427376, 35.751407423 5.367880102, 35.751264652 5.367285235, 35.752168847 5.366428629, 35.752858891 5.366143094, 35.753453756 5.364929568, 35.753763086 5.364667829, 35.755000407 5.364453677, 35.756356699 5.364477474, 35.756642234 5.3643585, 35.756951564 5.363763633, 35.756618439 5.362764261, 35.755952191 5.362145599, 35.755190763 5.362026629, 35.753905854 5.361526939, 35.753858268 5.360932074, 35.754215184 5.360170646, 35.757332278 5.358623999, 35.758498214 5.358362256, 35.759212052 5.357933953, 35.759997275 5.357791185, 35.760782496 5.35688699, 35.760758704 5.356530071, 35.759997275 5.35631592, 35.75980692 5.355673465, 35.760259015 5.355245162, 35.764327893 5.353674718, 35.770800027 5.350914543, 35.771728017 5.34929651, 35.772394266 5.348939592, 35.774868905 5.349463073, 35.775368592 5.350129321, 35.774654754 5.350938338, 35.774654754 5.351342846, 35.773940918 5.352461196, 35.771490073 5.353769896, 35.771323508 5.355316548, 35.772061141 5.355887617, 35.772703596 5.356387306, 35.772666549 5.356813358, 35.775772801 5.356517526, 35.775915868 5.355435522, 35.776391763 5.35522137, 35.777105599 5.35522137, 35.777652876 5.35538793, 35.778433582 5.356264115, 35.77910036 5.356200613, 35.785528893 5.353032263, 35.786409291 5.351961506, 35.787146924 5.351985301, 35.78774179 5.351675971, 35.788527011 5.349677225, 35.789716742 5.347987808, 35.789835715 5.347607092, 35.790192635 5.347583298, 35.791429954 5.348225752, 35.792072408 5.348178163, 35.795094326 5.346155621, 35.797640349 5.346179418, 35.798425569 5.345846292, 35.799377354 5.345655937, 35.801376104 5.345965266, 35.802939619 5.347172667, 35.808579286 5.344487115, 35.818966595 5.342194226, 35.819483799 5.341325315, 35.819840718 5.339778666, 35.819888307 5.33923139, 35.819388621 5.337827508, 35.82000728 5.337137466, 35.82067353 5.337137466, 35.821315984 5.336709162, 35.821839465 5.335781171, 35.823386118 5.335709787, 35.824052364 5.335471841, 35.826384236 5.336376037, 35.828168835 5.337280232, 35.829215796 5.33808925, 35.830286554 5.338327194, 35.833189494 5.336495011, 35.833998513 5.336495011, 35.83466476 5.336161885, 35.838525658 5.336209132, 35.840653366 5.33446828, 35.838709844 5.332354749, 35.838636852 5.327624887, 35.845848227 5.325739846, 35.848322866 5.3255019, 35.848500913 5.325551753, 35.849427069 5.32413654, 35.855172121 5.322001635, 35.855342276 5.321742351, 35.856365445 5.321171281, 35.856914295 5.321354231, 35.85997564 5.320216612, 35.863183598 5.307454653, 35.857834125 5.293804594, 35.854966785 5.29039963, 35.853676656 5.291213869, 35.852653485 5.291261456, 35.851820674 5.29071418, 35.851511344 5.289905163, 35.851463755 5.289238914, 35.851627732 5.288982699, 35.849634743 5.286200818, 35.845285734 5.279466867, 35.8349913 5.272389447, 35.830433633 5.263274113, 35.828076828 5.262501386, 35.828275116 5.257956616, 35.828156141 5.257076215, 35.828536855 5.25595787, 35.828370293 5.255148852, 35.827823017 5.254768138, 35.827656454 5.25353082, 35.826752259 5.252460063, 35.826442929 5.250556494, 35.826466725 5.250151984, 35.826300162 5.24977127, 35.826680877 5.248129442, 35.828013374 5.246606589, 35.827585071 5.245892749, 35.827751635 5.245512035, 35.827645711 5.245464829, 35.829512434 5.24372744, 35.830630783 5.242180789, 35.831558771 5.24187146, 35.831987074 5.241490747, 35.832248814 5.240967266, 35.833010242 5.240729318, 35.833866848 5.240991061, 35.833938235 5.240610345, 35.834533097 5.240562759, 35.835056578 5.240277221, 35.835818006 5.240205837, 35.836127336 5.239848918, 35.836365284 5.238540217, 35.837483628 5.236327315, 35.838245056 5.234994817, 35.838601977 5.233686114, 35.839696527 5.232662946, 35.839720322 5.230735582, 35.839101662 5.227428131, 35.839363403 5.226547731, 35.839173046 5.225619741, 35.83888751 5.225001081, 35.837555012 5.224096886, 35.837198094 5.222597825, 35.836817379 5.22200296, 35.836555639 5.220741846, 35.837055325 5.217934082, 35.837483628 5.217244038, 35.837959523 5.21436489, 35.838173674 5.212937214, 35.837911931 5.212461322, 35.837935726 5.211866456, 35.837555012 5.210248425, 35.83769778 5.208606595, 35.838847974 5.206935553, 35.840560272 5.206494349, 35.843558392 5.199741437, 35.854083067 5.197360042, 35.855957764 5.194633213, 35.857976736 5.193282866, 35.858809551 5.192985433, 35.85937467 5.192479799, 35.859701846 5.191825446, 35.860326454 5.19149827, 35.861099779 5.190754688, 35.861589488 5.190544814, 35.863781 5.175502, 35.862881 5.165605003, 35.858700001 5.153502, 35.84465 5.135880001, 35.842599505 5.131905789, 35.841799078 5.131321523, 35.841608722 5.130750452, 35.841109036 5.130631482, 35.840347607 5.129298981, 35.839824126 5.128823092, 35.839562385 5.127490591, 35.838372658 5.126229476, 35.838110914 5.124944567, 35.833994448 5.121779885, 35.833114046 5.121898859, 35.83256677 5.122374749, 35.831924315 5.122660288, 35.831543603 5.122517517, 35.831781551 5.121946446, 35.831614985 5.120899484, 35.831139093 5.120851895, 35.830734585 5.121066049, 35.829759009 5.120090469, 35.829425258 5.118132876, 35.828616864 5.117901363, 35.827498519 5.118234487, 35.826832269 5.117972749, 35.818069507 5.107610353, 35.818075437 5.104873646, 35.817452 5.104121, 35.814739 5.083957, 35.8163 5.025682, 35.81628 4.935881, 35.813938 4.912784002, 35.816181 4.890246, 35.815739001 4.825182002, 35.817108003 4.77735, 35.945860964 4.631414067, 35.946197498 4.630702296, 35.946439389 4.630758447, 35.947697 4.629333, 35.949348003 4.626770001, 35.949173003 4.620171001, 35.945045 4.574524001, 35.953823 4.569776001, 35.960781 4.562824001, 35.953777 4.543073003, 35.955978002 4.534607002, 35.958019 4.531317, 35.964592 4.527251001, 36.013786 4.475265002, 36.02882 4.461332001, 36.037285 4.449740001, 36.041355002 4.447551001, 36.047611 4.446621, 36.136600001 4.447558, 36.142853 4.449137, 36.189144 4.449683, 36.211983 4.448308001, 36.233402 4.450693002, 36.242876194 4.458592283, 36.245546703 4.457472142, 36.247830984 4.457472142, 36.250543571 4.454474021, 36.252613701 4.45390295, 36.254749275 4.454897097, 36.263748 4.449485003, 36.282731045 4.448842963, 36.289453805 4.448773001, 36.291803425 4.447906709, 36.292374494 4.445194123, 36.294016322 4.443195376, 36.295443999 4.443195376, 36.298156584 4.441268012, 36.304295594 4.440696944, 36.30679403 4.44141078, 36.308792775 4.44141078, 36.311219825 4.445693812, 36.314717633 4.445836577, 36.317787138 4.445051357, 36.318857895 4.442505334, 36.321237357 4.442053234, 36.32166566 4.442790867, 36.321499097 4.445455864, 36.322569854 4.445408274, 36.324925521 4.444742028, 36.326686325 4.443290554, 36.329613059 4.443861625, 36.3307552 4.445527248, 36.331944931 4.445931756, 36.333562964 4.445765194, 36.337560459 4.444718231, 36.339464028 4.446193497, 36.340407718 4.44824113, 36.544014 4.446094, 36.64629 4.454521001, 36.655212 4.444334002, 36.665691 4.440267001, 36.86837 4.444474003, 36.882275 4.436585001, 36.904285003 4.426843003, 36.951088003 4.410147001, 36.955719 4.407362003, 36.963135 4.398305001, 36.974487001 4.397848, 36.979584 4.395992003, 36.993484002 4.383919002, 37.002754 4.382531001, 37.006229 4.380674001, 37.025455 4.379059001, 37.041901 4.375583001, 37.046535 4.371171001, 37.054184 4.358396, 37.068546002 4.345393001, 37.085224 4.342380002, 37.090553 4.340060002, 37.094955 4.334950002, 37.111637 4.306845001, 37.122295 4.29802, 37.133411 4.296167, 37.139435003 4.293381001, 37.169083 4.273412001, 37.194794 4.259016, 37.200119 4.253906, 37.287666002 4.195847003, 37.338379 4.164491, 37.493046 4.064131002, 37.509022 4.055766002, 37.520596 4.045774001, 37.531708002 4.040662001, 37.546524 4.028811001, 37.557175001 4.023699001, 37.567127 4.015334001, 37.634716002 3.974431001, 37.644901 3.966297, 37.649117 3.953008001, 37.653381003 3.949114, 37.962578002 3.741681001, 37.967617 3.739537001, 37.977703 3.739337, 37.988361003 3.734269001, 38.000771 3.733872002, 38.00639 3.729002001, 38.013168 3.717318, 38.025761001 3.705047002, 38.031761 3.694336001, 38.041447 3.683234001, 38.093372001 3.643293001, 38.102287002 3.638614001, 38.121078 3.622054, 38.129215 3.616987001, 38.137939 3.617369002, 38.145699003 3.620672001, 38.152676 3.618915, 38.159855002 3.623192001, 38.171101 3.623961002, 38.178082 3.623565001, 38.188354 3.619469001, 38.246128001 3.615331001, 38.251945003 3.616104001, 38.278893002 3.613547002, 38.291496 3.613730001, 38.297501003 3.612167, 38.413631002 3.604453001, 38.439999003 3.604228, 38.446976001 3.602858001, 38.457645002 3.606349002, 38.477436 3.616058, 38.488487 3.618381001, 38.516815003 3.629831002, 38.521477003 3.634886, 38.520721 3.649097002, 38.521873077 3.651973778, 38.523625346 3.652057618, 38.525909631 3.652476406, 38.528060661 3.654303832, 38.532536048 3.658562215, 38.537411 3.657836003, 38.55117 3.653146001, 38.560463 3.645737001, 38.562584002 3.637559001, 38.561985 3.627243001, 38.563725 3.623153001, 38.579557443 3.612011692, 38.57961565 3.610681172, 38.583578328 3.610674153, 38.589294 3.608909, 38.598213002 3.608118, 38.605782003 3.611417001, 38.611412 3.618222001, 38.613934003 3.618219001, 38.615677 3.616659001, 38.617023 3.609455, 38.619347 3.60731, 38.624570946 3.608040562, 38.642396063 3.60381167, 38.644066445 3.603716488, 38.647302513 3.602717116, 38.655773393 3.600908725, 38.667805 3.600819001, 38.674046 3.620859002, 38.676376002 3.624166001, 38.68103 3.625132003, 38.687813 3.623565001, 38.695751 3.615183001, 38.707113115 3.595979008, 38.703883123 3.594895529, 38.707184625 3.590285326, 38.709310377 3.591007772, 38.711251228 3.588987767, 38.715466 3.581867001, 38.717376177 3.580327413, 38.718158489 3.574099103, 38.793560246 3.551443002, 38.802625929 3.549137763, 38.828999 3.538865, 38.840778 3.536814, 38.844211884 3.537191119, 38.85213967 3.53448459, 38.856149589 3.532783269, 38.859735498 3.53151256, 38.864958353 3.529371124, 38.868350815 3.528513258, 38.871996799 3.527165363, 38.879721409 3.525068244, 38.888598497 3.522037624, 38.902863366 3.516469684, 38.905033209 3.516663552, 38.915646 3.512155001, 38.954933 3.515203, 38.960609001 3.518852, 38.966171002 3.532938001, 38.969143 3.534017001, 38.977646 3.532918001, 38.990459 3.527879, 38.995861 3.529361, 39.005261661 3.527857807, 39.00572236 3.526510386, 39.006321983 3.526224851, 39.006588483 3.526300993, 39.007131 3.525234994, 39.007207142 3.524207067, 39.007578338 3.523959603, 39.007949534 3.522855534, 39.007997125 3.522303498, 39.007797249 3.521580142, 39.008663373 3.521380269, 39.009367693 3.521551589, 39.009767445 3.521599177, 39.009976835 3.522722286, 39.010252854 3.522941193, 39.010433692 3.522903122, 39.010711783 3.523213175, 39.013252 3.519434003, 39.01463389 3.519221258, 39.014849971 3.5184107, 39.015202131 3.51783963, 39.016191987 3.517753968, 39.016791611 3.517477951, 39.021767001 3.523756001, 39.021776282 3.52799345, 39.023979963 3.528774047, 39.024758049 3.529402223, 39.02611434 3.529637791, 39.027449219 3.530444428, 39.028327238 3.530708549, 39.029911962 3.530751381, 39.03118973 3.530187445, 39.031382466 3.52972345, 39.03171797 3.529466472, 39.032110581 3.529559268, 39.032281904 3.529773419, 39.034416279 3.529487884, 39.035144394 3.530401597, 39.035750859 3.532282019, 39.043360682 3.53007268, 39.043726492 3.529639894, 39.044152806 3.529842706, 39.045240641 3.529675247, 39.045751241 3.529389136, 39.046103398 3.528875174, 39.046703025 3.528641987, 39.047435896 3.527956701, 39.048130699 3.527842487, 39.048530451 3.5276093, 39.050234143 3.527580746, 39.050924186 3.527756826, 39.051126032 3.527475417, 39.05230234 3.52668845, 39.053606285 3.526750317, 39.053853749 3.52700254, 39.054320123 3.526993019, 39.054481927 3.526745556, 39.055119622 3.526712242, 39.055271908 3.526816939, 39.055195765 3.527069162, 39.057684681 3.530324266, 39.058379487 3.530771605, 39.059745294 3.531261772, 39.060206913 3.531104728, 39.060963581 3.531147558, 39.061981988 3.532056514, 39.062971844 3.532651377, 39.064566082 3.533070162, 39.065046736 3.533612681, 39.06634116 3.533907733, 39.06700265 3.53440266, 39.067521373 3.534545431, 39.068016301 3.534378866, 39.06975331 3.533155823, 39.070814547 3.533132028, 39.072376943 3.535768603, 39.07353903 3.53556622, 39.075604402 3.536232466, 39.075937527 3.536013558, 39.076413422 3.536280055, 39.077536525 3.53626102, 39.077415492 3.537862182, 39.082005 3.539227003, 39.086594003 3.539489, 39.096039 3.537844001, 39.102238 3.534037002, 39.123123 3.516919, 39.1381 3.514449001, 39.17828 3.494579001, 39.183266 3.491587, 39.192425001 3.482758001, 39.204445 3.486258002, 39.237232 3.480902, 39.283115 3.476737001, 39.301899 3.486726002, 39.322598 3.504706001, 39.328541 3.506319001, 39.33218 3.504006002, 39.330795003 3.490727003, 39.332245 3.476357, 39.335739001 3.470115001, 39.408756 3.468456003, 39.418736001 3.466129001, 39.425339 3.461234001, 39.42844 3.460684001, 39.470688001 3.460448001, 39.489185002 3.463384002, 39.494860692 3.457073825, 39.50073002 3.449099635, 39.505082857 3.447879587, 39.505606016 3.441695349, 39.509005892 3.43600077, 39.514832003 3.414258002, 39.519268 3.408284001, 39.528297001 3.402976001, 39.532887002 3.402422002, 39.547066002 3.405368003, 39.557610001 3.411847001, 39.562077 3.416309003, 39.567917 3.429983, 39.581814001 3.476435, 39.585072001 3.481984001, 39.612137001 3.506446002, 39.620144 3.516755001, 39.762844001 3.663264001, 39.771450166 3.681929731, 39.777909684 3.681125247, 39.782133227 3.690643095, 39.802995865 3.735322232, 39.82862266 3.791073004, 39.85395141 3.845205216, 39.857533003 3.850039, 39.865074 3.867917001, 39.869568 3.874727001, 39.885926423 3.88299893, 39.887388516 3.882061966, 39.949424336 3.914350162, 39.97233141 3.926267693, 39.972496382 3.926768114, 39.972980666 3.927012934, 39.973667078 3.927000567, 39.982615041 3.93166431, 39.982868454 3.93149299, 39.98315399 3.931550096, 39.983932073 3.932360302, 39.987290682 3.934037824, 39.987427956 3.934316462, 39.988572024 3.934687416, 39.996592214 3.938949263, 39.996859685 3.938931184, 39.997286981 3.939300489, 40.106106 3.9943, 40.122231 4.000173, 40.129585 4.006254, 40.15226697 4.01754129, 40.155662712 4.017063249, 40.158224456 4.020505924, 40.172241 4.027481, 40.181611348 4.035290655, 40.182356296 4.035678565, 40.182538142 4.03606308, 40.191982001 4.043934, 40.212196 4.043508, 40.234051003 4.050078, 40.324177 4.084782001, 40.37579 4.106327, 40.387772 4.104848001, 40.403019 4.119734, 40.417667 4.127468, 40.652157 4.224947, 40.673592 4.233181, 40.690327001 4.23493, 40.709213 4.246799, 40.724297001 4.249159, 40.747105 4.261769, 40.774921 4.281918, 40.775560653 4.281747931, 40.776398 4.281787, 40.781145 4.283292, 40.781804 4.281045, 40.782153 4.280243, 40.782634 4.279704, 40.783604 4.277196, 40.783789 4.276642, 40.784121 4.274019, 40.785377 4.271988, 40.786892 4.270473, 40.787446 4.27003, 40.789293 4.26918, 40.792728 4.268626, 40.794279 4.268515, 40.796126 4.26785, 40.799709 4.267112, 40.801556 4.266336, 40.802517 4.265191, 40.80392 4.261977, 40.804364 4.261349, 40.805657 4.261054, 40.809092 4.26098, 40.811604 4.259798, 40.814042 4.258246, 40.815372 4.257655, 40.816369 4.256917, 40.818548 4.254996, 40.820838 4.253518, 40.822205 4.252816, 40.823313 4.252816, 40.82601 4.253075, 40.826564 4.253001, 40.829408 4.251819, 40.830147 4.251339, 40.832068 4.248605, 40.8327356 4.248098878, 40.833471 4.248014, 40.83373 4.24831, 40.833545 4.249344, 40.833249 4.250009, 40.833287 4.250859, 40.833693 4.251413, 40.834727 4.252152, 40.837017 4.252299, 40.839714 4.251671, 40.84241 4.250711, 40.844553 4.24975, 40.846474 4.247977, 40.848136 4.244948, 40.849059 4.242215, 40.849059 4.241439, 40.848062 4.238928, 40.847988 4.238189, 40.848173 4.23745, 40.850758 4.234384, 40.851312 4.23298, 40.85135 4.231688, 40.851793 4.230247, 40.852125 4.22973, 40.853529 4.229065, 40.855524 4.229065, 40.85822 4.229693, 40.86184 4.229767, 40.865608 4.228732, 40.866384 4.228585, 40.86823 4.227513, 40.869375 4.226553, 40.869745 4.225962, 40.872183 4.22382, 40.874104 4.222564, 40.876615 4.221419, 40.87813 4.219941, 40.878906 4.21887, 40.881381 4.216469, 40.884262 4.213144, 40.884594 4.212184, 40.884336 4.210522, 40.883217537 4.207732911, 40.88297959 4.206495592, 40.883027182 4.205329657, 40.884299 4.202765, 40.885001 4.20162, 40.885074 4.201361, 40.883819 4.197556, 40.884003 4.196928, 40.887512 4.192533, 40.889433 4.190723, 40.890763 4.190427, 40.892056 4.190021, 40.893533 4.188137, 40.894531 4.187509, 40.896489 4.186623, 40.897227 4.185958, 40.898003 4.184406, 40.898151 4.183704, 40.898114 4.181119, 40.898853 4.179087, 40.899407 4.178533, 40.900182 4.177277, 40.900293 4.173989, 40.902103 4.171921, 40.902325 4.170813, 40.901549 4.168855, 40.901253 4.168227, 40.901291 4.16686, 40.901512 4.166159, 40.903174 4.163536, 40.903211 4.16143, 40.903433 4.160027, 40.904245 4.158882, 40.905243 4.157773, 40.905834 4.157404, 40.908013 4.157478, 40.911966 4.157884, 40.913591 4.157958, 40.914736 4.157626, 40.917285 4.156296, 40.9188 4.154929, 40.920499 4.153489, 40.924931 4.152011, 40.927037 4.151716, 40.928329 4.151014, 40.930029 4.149573, 40.931137 4.149758, 40.934498 4.151346, 40.936493 4.151679, 40.937971 4.152307, 40.938968 4.15227, 40.939928 4.151937, 40.941147 4.150829, 40.942588 4.149093, 40.944102 4.148317, 40.946577 4.148317, 40.947575 4.146877, 40.948055 4.146507, 40.949532 4.145842, 40.954224 4.145768, 40.955405 4.144956, 40.957437 4.14285, 40.959432 4.138418, 40.960207 4.137605, 40.962128 4.13646, 40.964086 4.134539, 40.964714 4.134244, 40.967521 4.133911, 40.970107 4.133246, 40.973505 4.131621, 40.974798 4.129922, 40.976128 4.127262, 40.978012 4.125341, 40.979194 4.123494, 40.979157 4.121241, 40.979305 4.118471, 40.979785 4.116402, 40.980265 4.115811, 40.981447 4.11522, 40.983996 4.114666, 40.985621 4.114481, 40.98684 4.114001, 40.988281 4.114075, 40.989426 4.114371, 40.990128 4.114666, 40.991495 4.114666, 40.996925 4.113004, 40.997811 4.112487, 40.998919 4.110603, 40.999806 4.108571, 40.999879 4.107869, 41.001062 4.104767, 41.001911 4.103585, 41.00446 4.102587, 41.0059 4.102218, 41.006529 4.101775, 41.00808 4.098746, 41.008375 4.098118, 41.009742 4.096455, 41.012882 4.091136, 41.013399 4.090693, 41.014286 4.089363, 41.014507 4.088661, 41.014507 4.087812, 41.015126 4.085934, 41.015771 4.085478, 41.017759 4.084672, 41.019505 4.083463, 41.020123 4.083194, 41.021681 4.083436, 41.023562 4.084161, 41.024395 4.084081, 41.025685 4.08271, 41.027189 4.079137, 41.027297 4.078546, 41.027001 4.076316, 41.027243 4.075671, 41.028586 4.075134, 41.029258 4.075241, 41.032348 4.077015, 41.033369 4.077982, 41.034014 4.078385, 41.035841 4.0786, 41.036647 4.078465, 41.03807 4.077418, 41.039199 4.075671, 41.040516 4.073226, 41.042396 4.067907, 41.044196 4.064091, 41.04519 4.062345, 41.048119 4.059228, 41.050241 4.056542, 41.051961 4.055225, 41.057173 4.053103, 41.058812 4.051759, 41.060988 4.048293, 41.063352 4.045687, 41.064642 4.043081, 41.066335 4.040206, 41.06663 4.039454, 41.066792 4.036042, 41.067759 4.034027, 41.06886 4.032254, 41.069075 4.029701, 41.069048 4.027498, 41.069505 4.026988, 41.070204 4.026612, 41.072353 4.026504, 41.075685 4.027041, 41.07727 4.026853, 41.078506 4.02637, 41.079768 4.025564, 41.080736 4.024731, 41.081622 4.023387, 41.081837 4.022205, 41.081408 4.019277, 41.081568 4.018605, 41.082455 4.017342, 41.0831 4.016966, 41.085652 4.01608, 41.090623 4.013608, 41.092692 4.01264, 41.09554 4.010652, 41.097528 4.0099, 41.101638 4.009793, 41.102445 4.00947, 41.103331 4.008288, 41.103224 4.007321, 41.102713 4.006783, 41.100241 4.005628, 41.099435 4.004715, 41.098898 4.003183, 41.099355 4.001759, 41.100698 3.999395, 41.10137 3.99738, 41.101638 3.996251, 41.102686 3.994935, 41.103251 3.992786, 41.103627 3.992248, 41.105884 3.990556, 41.108812 3.988863, 41.110559 3.9876, 41.111257 3.9876, 41.111956 3.988003, 41.112573 3.988648, 41.113621 3.991254, 41.114051 3.991845, 41.115368 3.992356, 41.116254 3.992114, 41.116845 3.991684, 41.117625 3.990421, 41.119129 3.989024, 41.119532 3.988326, 41.120069 3.986982, 41.121654 3.98443, 41.124207 3.982173, 41.126034 3.981071, 41.126733 3.980856, 41.127727 3.979701, 41.128291 3.978492, 41.128183 3.977579, 41.127727 3.976934, 41.126081537 3.97566349, 41.126249 3.974408, 41.126598 3.973952, 41.128049 3.97379, 41.130306 3.975644, 41.131784 3.976128, 41.133288 3.976074, 41.136593 3.975134, 41.137211 3.974704, 41.13799 3.973468, 41.137883 3.972098, 41.13662 3.971211, 41.13447 3.972528, 41.1331 3.972447, 41.132509 3.972017, 41.131891 3.970835, 41.132021942 3.968146908, 41.133094541 3.967331547, 41.133987 3.966859, 41.134658 3.966778, 41.135921 3.967638, 41.136405 3.968148, 41.137318 3.96839, 41.13807 3.968095, 41.138474 3.967557, 41.138769 3.965354, 41.139468 3.964145, 41.140784 3.963124, 41.143524 3.962775, 41.146614 3.961378, 41.147286 3.96127, 41.15008 3.961458, 41.152794 3.960948, 41.15548 3.959873, 41.157496 3.958315, 41.159994 3.95716, 41.160505 3.956756, 41.161015 3.95415, 41.161365 3.953398, 41.16209 3.953129, 41.163541 3.953344, 41.165207 3.954043, 41.165798 3.954177, 41.166523 3.953935, 41.167248 3.953344, 41.167759 3.95235, 41.168511 3.950416, 41.168941 3.949852, 41.170284 3.949234, 41.171574 3.948911, 41.172273 3.948562, 41.173132 3.947514, 41.173697 3.945365, 41.174449 3.944424, 41.176061 3.94429, 41.178345 3.945848, 41.179554 3.946305, 41.180279 3.946359, 41.181058 3.946198, 41.182106 3.945472, 41.185948 3.942409, 41.187264 3.942114, 41.190784 3.942893, 41.191429 3.942812, 41.192015 3.942544, 41.193041 3.941523, 41.194349315 3.93917326, 41.195234473 3.938502252, 41.196676426 3.937988289, 41.19811838 3.937674201, 41.202501347 3.937588539, 41.207355448 3.936032372, 41.208868784 3.936631996, 41.209454133 3.93741722, 41.20965401 3.938902002, 41.209111489 3.940900752, 41.208897338 3.942956604, 41.209311364 3.944555604, 41.209939542 3.945997554, 41.209939542 3.947653659, 41.210182247 3.948867185, 41.210967469 3.949452534, 41.212209548 3.949809451, 41.214322509 3.949866558, 41.21733491 3.949295488, 41.218005915 3.949623853, 41.218505601 3.950337691, 41.218619816 3.951437005, 41.218022081 3.953551187, 41.217875466 3.95550606, 41.21825015 3.956206556, 41.219292748 3.956532368, 41.219960663 3.956336881, 41.222085 3.955333, 41.227894189 3.955180248, 41.229783524 3.955380893, 41.230869281 3.954906256, 41.231254757 3.954435123, 41.231611673 3.953350089, 41.231768717 3.952165117, 41.23219702 3.951422725, 41.232810921 3.951080083, 41.233424822 3.951122914, 41.233867402 3.951422725, 41.234110108 3.951965242, 41.234552686 3.954121037, 41.236323006 3.955591541, 41.238350309 3.956905004, 41.239799599 3.958806276, 41.240353428 3.960407708, 41.240700405 3.960948192, 41.241414377 3.961368567, 41.242355218 3.961461984, 41.243155934 3.961341877, 41.244196864 3.960814739, 41.244770711 3.960314291, 41.245395791 3.959251764, 41.245357903 3.958118995, 41.24509767 3.957331625, 41.244146673 3.955634373, 41.244132397 3.954749212, 41.244332271 3.953721285, 41.244774851 3.952964616, 41.245859885 3.951908135, 41.246802152 3.951408449, 41.248458258 3.951337066, 41.24947191 3.952222224, 41.249843106 3.953164492, 41.250357066 3.953906885, 41.250838776 3.955035777, 41.251456272 3.956026708, 41.252696964 3.956735675, 41.253979361 3.956329062, 41.255199103 3.955195324, 41.256053496 3.95472066, 41.257281298 3.954420846, 41.259751179 3.954378016, 41.260522124 3.954763492, 41.261293072 3.95537739, 41.26327702 3.957529548, 41.263498289 3.957903386, 41.263977884 3.958247443, 41.264593017 3.958330851, 41.265364541 3.958038924, 41.267517739 3.956319656, 41.268417176 3.955234622, 41.270287432 3.95379267, 41.271429573 3.953535689, 41.272243349 3.952807572, 41.273870902 3.949538192, 41.276983237 3.94733957, 41.277712687 3.947309595, 41.278079701 3.947552544, 41.278454161 3.950365396, 41.278881209 3.950719046, 41.279962176 3.951139421, 41.280609421 3.951913447, 41.281273482 3.952047696, 41.283151694 3.951232838, 41.283778922 3.95080579, 41.284065845 3.950265307, 41.284065845 3.949277757, 41.283714555 3.948497429, 41.281012555 3.946848806, 41.280572355 3.946313428, 41.280429587 3.945516308, 41.280631841 3.944707292, 41.281274296 3.944112428, 41.281988136 3.943933967, 41.282797151 3.94401725, 41.283296837 3.944421757, 41.283867908 3.945290262, 41.284534159 3.945897022, 41.285343174 3.946111174, 41.287341921 3.945754254, 41.291541671 3.945944611, 41.293326266 3.945730462, 41.294682558 3.945361643, 41.29551537 3.944945238, 41.29657423 3.944790573, 41.297383247 3.945028519, 41.296859766 3.946765527, 41.296279244 3.948194243, 41.296267171 3.953097005, 41.296475691 3.953472341, 41.297059546 3.953670434, 41.298540037 3.953034449, 41.299739025 3.951658219, 41.300156065 3.950928399, 41.300281177 3.948864054, 41.301153887 3.948076591, 41.303772101 3.946194455, 41.306924885 3.94462401, 41.30831687 3.944564524, 41.309494703 3.944873857, 41.312035064 3.946313563, 41.312991708 3.946208346, 41.313678989 3.94591475, 41.314252836 3.945254159, 41.314812799 3.94374361, 41.315360076 3.942887004, 41.316050118 3.94237542, 41.317275542 3.941851938, 41.317894201 3.941994708, 41.31838199 3.942553879, 41.318436576 3.944540188, 41.318590047 3.944666968, 41.319337382 3.944380044, 41.320701968 3.942732341, 41.32221986 3.941614245, 41.327034264 3.93938683, 41.32842092 3.939459812, 41.329244573 3.939668332, 41.330599952 3.941086266, 41.331131677 3.943119334, 41.331861496 3.943974265, 41.33284459 3.944466288, 41.334551401 3.944391305, 41.335424717 3.943745363, 41.336180358 3.942637163, 41.336846609 3.94220886, 41.337643727 3.942470598, 41.340296826 3.944338478, 41.342545417 3.945456822, 41.344603652 3.947110547, 41.345591127 3.94825269, 41.346792754 3.948740478, 41.347708847 3.948788069, 41.348791502 3.948443045, 41.350469025 3.946872602, 41.351147168 3.946741731, 41.352027569 3.947265212, 41.35330058 3.949501905, 41.354157187 3.951524447, 41.354395135 3.952619001, 41.354299957 3.953546989, 41.353005162 3.957955512, 41.354117163 3.95964102, 41.355803 3.959739, 41.358624 3.959255, 41.360612 3.959497, 41.361445 3.959766, 41.361983 3.959497, 41.362466 3.958583, 41.362386 3.95544, 41.36295 3.954768, 41.363514 3.954365, 41.364777 3.954338, 41.366846 3.955467, 41.367303 3.955897, 41.368753 3.956031, 41.369371 3.955897, 41.372192 3.953613, 41.375013 3.953613, 41.378802 3.951571, 41.379312 3.951437, 41.379876 3.951517, 41.381999 3.95407, 41.382120318 3.954799176, 41.382053 3.955171, 41.380172 3.95716, 41.379742 3.957885, 41.379823 3.958771, 41.38028 3.959309, 41.381408 3.959739, 41.382939 3.959873, 41.384175 3.959631, 41.386701 3.95818, 41.387775 3.9581, 41.388205 3.958449, 41.389656 3.962264, 41.391053 3.964011, 41.392047 3.964978, 41.393471 3.965032, 41.39554 3.964414, 41.40043 3.961485, 41.403197 3.959524, 41.4054 3.957885, 41.409591 3.954392, 41.410183 3.954312, 41.413031 3.954741, 41.414589 3.954768, 41.415529 3.953962, 41.417679 3.94961, 41.418404 3.948804, 41.420016 3.948696, 41.425148 3.949932, 41.426169 3.950228, 41.431005 3.951114, 41.436728 3.950577, 41.437319 3.950738, 41.437534 3.951087, 41.436647 3.953156, 41.435734 3.955064, 41.43533 3.956112, 41.43533 3.957213, 41.43568 3.957804, 41.436244 3.958207, 41.437668 3.958557, 41.439038 3.958503, 41.441725 3.957509, 41.445648 3.955386, 41.446588 3.954956, 41.447555 3.954929, 41.448657 3.955494, 41.449973 3.957106, 41.453331 3.959282, 41.45626 3.960061, 41.458839 3.960921, 41.460344 3.96084, 41.461432 3.96035, 41.463024 3.958738, 41.464414 3.956985, 41.465744 3.955776, 41.466631 3.955514, 41.467779 3.955695, 41.468223 3.955877, 41.469452 3.956945, 41.470701 3.958859, 41.471668 3.959564, 41.472595 3.959766, 41.474026 3.959403, 41.474411 3.959045, 41.475544 3.956414, 41.47591 3.955848, 41.476576 3.955415, 41.477709 3.955349, 41.478308 3.955648, 41.478808 3.956348, 41.478774 3.957613, 41.478208 3.960278, 41.478241 3.962576, 41.478541 3.963308, 41.478974 3.963841, 41.479873 3.964274, 41.481072 3.964474, 41.482538 3.964341, 41.484902 3.962842, 41.486068 3.962875, 41.489165 3.96474, 41.490064 3.964774, 41.493195 3.963342, 41.494327 3.963009, 41.495859 3.962975, 41.49869 3.962309, 41.500055 3.962442, 41.501021 3.963542, 41.501987 3.966206, 41.502286 3.967105, 41.503319 3.967738, 41.504018 3.967904, 41.505417 3.967704, 41.506649 3.966772, 41.507049 3.966272, 41.507982 3.964241, 41.510013 3.962542, 41.510413 3.962076, 41.510746 3.960711, 41.510679 3.959412, 41.509913 3.95808, 41.508614 3.956548, 41.50908 3.955082, 41.509947 3.95405, 41.514076 3.95385, 41.514742 3.95365, 41.517007 3.953684, 41.518738 3.955116, 41.520437 3.957414, 41.521236 3.958213, 41.523401 3.958812, 41.523867 3.958979, 41.5243 3.959445, 41.525033 3.96151, 41.525932 3.965806, 41.527398 3.969569, 41.528663 3.972034, 41.529995 3.972866, 41.533559 3.973299, 41.53549 3.973932, 41.538155 3.974765, 41.538621 3.975131, 41.53942 3.977263, 41.540153 3.978328, 41.541718 3.97986, 41.542318 3.98016, 41.544582 3.980293, 41.546514 3.981092, 41.546947 3.981492, 41.549977 3.983157, 41.55071 3.983357, 41.552842 3.982891, 41.555173 3.981326, 41.556305 3.98046, 41.556738 3.97996, 41.5619 3.976263, 41.562866 3.975398, 41.563599 3.974265, 41.564731 3.971601, 41.56613 3.969203, 41.567487406 3.968130625, 41.569287394 3.967954981, 41.570872353 3.969214263, 41.571556274 3.970180437, 41.572033933 3.970571249, 41.572739565 3.970842646, 41.573618891 3.970875213, 41.575505655 3.970431649, 41.576420259 3.970395953, 41.577232462 3.970854506, 41.5798176 3.972742425, 41.581326567 3.973241795, 41.581923641 3.973241795, 41.583845132 3.972460172, 41.585017567 3.97193909, 41.587481852 3.971797963, 41.588838837 3.971396296, 41.590369516 3.970712375, 41.591845916 3.970506113, 41.594968158 3.970467336, 41.596086505 3.970622003, 41.597085878 3.971145483, 41.598331389 3.972760147, 41.599224008 3.974239234, 41.600516292 3.975295294, 41.601523718 3.975753846, 41.602246285 3.975802481, 41.602961905 3.975607943, 41.605390197 3.973739095, 41.606563408 3.973500678, 41.609256579 3.973447189, 41.610493281 3.973968271, 41.612021789 3.974246182, 41.615027015 3.973239408, 41.616526077 3.973156127, 41.618893638 3.974155504, 41.62060685 3.974964518, 41.622189192 3.976237529, 41.623129082 3.977213109, 41.623568878 3.978446788, 41.624169 3.980726, 41.62466 3.9814, 41.62564 3.982013, 41.627111 3.982442, 41.628398 3.982319, 41.629623 3.980604, 41.629685 3.979991, 41.62899445 3.97796264, 41.629072 3.976681, 41.629869 3.976436, 41.631768 3.977539, 41.632197 3.978091, 41.632381 3.980236, 41.632381 3.9814, 41.632933 3.982871, 41.633301 3.983422, 41.635016 3.984526, 41.636364 3.984403, 41.636916 3.984097, 41.637958 3.982871, 41.638203 3.981768, 41.638142 3.981094, 41.637529 3.979684, 41.6352 3.977968, 41.634955 3.977478, 41.635002589 3.976844292, 41.635502276 3.976213735, 41.636144731 3.975868713, 41.637108412 3.975725946, 41.637919291 3.9761362, 41.639368 3.977907, 41.640716 3.977907, 41.642064 3.977478, 41.643228 3.976804, 41.64378 3.976252, 41.643719 3.973311, 41.643841 3.972698, 41.645005 3.971534, 41.645618 3.971227, 41.647089 3.970921, 41.649969 3.971105, 41.651991 3.970676, 41.653156 3.969879, 41.653707 3.968592, 41.653769 3.966509, 41.654707451 3.965661519, 41.655167 3.965502001, 41.657384 3.965651, 41.659468 3.966325, 41.661613 3.967612, 41.6629 3.967612, 41.663942 3.966264, 41.664493 3.965344, 41.664983 3.964854, 41.665876591 3.964612221, 41.666515 3.96467, 41.667128 3.964915, 41.667619 3.965406, 41.66866 3.967122, 41.669334 3.967367, 41.670437 3.96706, 41.671479 3.96608, 41.672997 3.963493, 41.673059 3.962874, 41.673864 3.961636, 41.674126715 3.960609605, 41.674813897 3.959439231, 41.675539632 3.958832466, 41.676241573 3.958665904, 41.676860236 3.958737288, 41.677324228 3.959094207, 41.677574071 3.959677175, 41.677383716 3.960855008, 41.677419406 3.961628333, 41.677823918 3.963198777, 41.678276012 3.963698467, 41.678525856 3.964471789, 41.67821531 3.967281917, 41.678530131 3.967944125, 41.678910086 3.968280658, 41.681797615 3.969218815, 41.682190769 3.969960864, 41.681644045 3.972390403, 41.681613201 3.973524048, 41.681830319 3.974631348, 41.682416536 3.975662657, 41.683447845 3.976020901, 41.684034063 3.975912342, 41.684446586 3.975586666, 41.68480483 3.973676031, 41.684891677 3.971059763, 41.685497548 3.97032481, 41.686129931 3.970153697, 41.687182268 3.970267284, 41.688472003 3.971015308, 41.690110277 3.974022169, 41.690825773 3.97632283, 41.690893623 3.978137798, 41.691063246 3.979019838, 41.691521228 3.979647444, 41.69226757 3.980020615, 41.692793402 3.980020615, 41.693404045 3.979718, 41.695353 3.979718, 41.697024 3.980895, 41.69752 3.981452, 41.698759 3.981947, 41.700988 3.981886, 41.702041 3.982381, 41.702474 3.983124, 41.703031 3.984796, 41.703341 3.985292, 41.704456 3.985973, 41.70718 3.985849, 41.7078 3.985663, 41.708233 3.985725, 41.709038 3.985353, 41.70972 3.985292, 41.710277 3.98492, 41.711082 3.984734, 41.712568 3.985106, 41.71294 3.985725, 41.713807 3.989007, 41.714178 3.98975, 41.714364 3.990555, 41.715107 3.992289, 41.716098 3.993342, 41.717027 3.993961, 41.718079 3.994395, 41.718822 3.994395, 41.719628 3.993775, 41.720371 3.992847, 41.72040722 3.992214254, 41.719940375 3.99077673, 41.719119461 3.989051621, 41.719107563 3.988266402, 41.719702431 3.98742169, 41.720392472 3.986933901, 41.721403745 3.986886311, 41.722908338 3.988319498, 41.72384258 3.988906833, 41.724537357 3.989091383, 41.725916054 3.98880913, 41.726743761 3.98781691, 41.727959158 3.985994014, 41.728339872 3.985637094, 41.729018018 3.985327764, 41.729565295 3.985411046, 41.731302304 3.986719749, 41.731897166 3.98680303, 41.732563417 3.986541291, 41.732837053 3.985934527, 41.732694286 3.984982743, 41.732135114 3.983638347, 41.732384956 3.983233839, 41.733312948 3.983352813, 41.7343956 3.984042855, 41.735668612 3.985530019, 41.73669138 3.986443139, 41.738031999 3.986495924, 41.73877013 3.986309168, 41.742143146 3.984665697, 41.743806369 3.984328394, 41.745460094 3.984161829, 41.746423916 3.983881225, 41.746933 3.98341, 41.747065986 3.983469559, 41.747435047 3.98315056, 41.749350514 3.98269846, 41.75227725 3.982436719, 41.752753143 3.981853752, 41.75289591 3.981211297, 41.752788834 3.980580741, 41.752431916 3.979819312, 41.751789461 3.979045987, 41.750671114 3.976833089, 41.750480757 3.975143671, 41.750564038 3.974334658, 41.750897162 3.97356133, 41.751587207 3.972906978, 41.752431916 3.972657135, 41.753181446 3.972609546, 41.755203988 3.973442357, 41.758027463 3.973540277, 41.758941459 3.973954057, 41.760656779 3.975135917, 41.760975 3.97506, 41.762419 3.975383, 41.763658 3.975259, 41.765701 3.974207, 41.766754 3.973278, 41.768596491 3.972539207, 41.770752509 3.97272765, 41.771089 3.972968, 41.772699 3.973154, 41.773999 3.973711, 41.775238 3.974764, 41.775609 3.975383, 41.776662 3.979285, 41.777343 3.980771, 41.778334 3.981576, 41.780192 3.981638, 41.781121 3.98139, 41.782483 3.980461, 41.78335 3.979347, 41.784093 3.977365, 41.784465 3.976746, 41.785208 3.976808, 41.78849 3.978046, 41.789852 3.978913, 41.790224 3.980028, 41.790657 3.982009, 41.791215 3.982505, 41.792082 3.982443, 41.792639 3.981947, 41.792701 3.980709, 41.791648 3.978975, 41.791277 3.977613, 41.791277 3.976746, 41.79171 3.975445, 41.792453 3.974083, 41.792577 3.972782, 41.793196 3.972039, 41.793939 3.971668, 41.796726 3.972597, 41.797345 3.972535, 41.79846 3.971977, 41.79846 3.970491, 41.798089 3.969934, 41.796912 3.969191, 41.795612 3.969253, 41.79493 3.969686, 41.794001 3.969748, 41.793382 3.969624, 41.793382 3.969067, 41.795364 3.966837, 41.796355 3.965723, 41.79685 3.961697, 41.79685 3.960273, 41.797221 3.959158, 41.798398 3.958044, 41.799699 3.957548, 41.800194 3.957548, 41.801619 3.957053, 41.802238 3.957239, 41.804095 3.958477, 41.806139 3.960335, 41.807439 3.960335, 41.808369 3.959221, 41.809359 3.957425, 41.810102 3.957301, 41.810969 3.957858, 41.811589 3.958601, 41.813013 3.959344, 41.814313 3.959158, 41.814685 3.958911, 41.815862 3.958911, 41.817471 3.959282, 41.81902 3.959221, 41.819453 3.958663, 41.819391 3.957239, 41.818772 3.956062, 41.817595 3.955195, 41.817162 3.954638, 41.817038 3.954019, 41.8171 3.953276, 41.81741 3.952718, 41.818958 3.951232, 41.819639 3.950922, 41.821807 3.949065, 41.823045 3.948817, 41.823788 3.948941, 41.824283 3.94956, 41.824841 3.949932, 41.82515 3.950551, 41.825088 3.952842, 41.825522 3.953214, 41.826575 3.95309, 41.828247 3.952409, 41.830971 3.950303, 41.831776 3.947702, 41.832086 3.947269, 41.832768 3.946897, 41.833758 3.948198, 41.834254 3.950055, 41.833882 3.95117, 41.832891 3.952409, 41.832706 3.953214, 41.832891 3.954328, 41.833511 3.955009, 41.834254 3.955195, 41.835368 3.954824, 41.836297 3.954204, 41.83766 3.954266, 41.838155 3.954638, 41.839084 3.955876, 41.839827 3.956, 41.841066 3.955319, 41.841994 3.954081, 41.842304 3.951789, 41.842552 3.95117, 41.843605 3.950427, 41.845451003 3.950052, 41.847967274 3.949957077, 41.849178 3.950303, 41.850355 3.950922, 41.851283 3.952161, 41.851717 3.953523, 41.851283 3.955505, 41.850974 3.956248, 41.850664 3.957796, 41.850788 3.959221, 41.851345 3.961326, 41.85215 3.961821, 41.854627 3.961883, 41.856052 3.962131, 41.857509 3.962078, 41.858838 3.961687, 41.859386 3.961765, 41.861184 3.960592, 41.861809 3.960436, 41.862591 3.960514, 41.86306 3.960905, 41.86353 3.961609, 41.863217 3.965127, 41.863608 3.966847, 41.864155 3.967238, 41.865406 3.967003, 41.866031 3.966456, 41.866266 3.965752, 41.866266 3.96497, 41.866891 3.96372, 41.868142 3.963329, 41.870097 3.963329, 41.870957 3.963563, 41.87166 3.963954, 41.87213 3.964658, 41.87213 3.967238, 41.872911 3.967785, 41.875413 3.967785, 41.876742 3.967472, 41.877602 3.967629, 41.878697 3.968489, 41.879166 3.969505, 41.878931 3.973023, 41.879322 3.973649, 41.881746 3.975447, 41.88245 3.976542, 41.883466 3.977167, 41.883857 3.977636, 41.884639 3.978027, 41.886046 3.978183, 41.887766 3.978262, 41.893005 3.982171, 41.894724 3.982796, 41.895897 3.98264, 41.896992 3.98178, 41.899415 3.978496, 41.900432 3.978183, 41.901761 3.978262, 41.902308 3.978496, 41.902621 3.979278, 41.90309 3.979825, 41.903325 3.981311, 41.903654 3.982188, 41.904186 3.982856, 41.905111 3.98313, 41.906864034 3.982703712, 41.902578564 3.976619373, 41.906898002 3.978008, 41.913090001 3.990754, 41.921424371 3.994116673, 41.926399502 4.002609, 41.943459 4.016659, 41.948955 4.027875001, 41.945991001 4.044590002, 41.94622 4.055664, 41.966911001 4.080088, 41.972679003 4.079374499, 41.974220733 4.080558535, 41.97905 4.095186001, 41.9999995 4.093367001, 42.008709001 4.101515002, 42.0353465 4.132223001, 42.05114 4.151519003, 42.061089 4.161539001, 42.069023501 4.168312001, 42.080158 4.175357, 42.087669001 4.179365001, 42.097740001 4.179727001, 42.14151 4.179605002, 42.196739 4.178940001, 42.298633 4.184389, 42.316952 4.185543, 42.370979 4.189451001, 42.4165005 4.194858, 42.4455485 4.199364, 42.4755215 4.202731001, 42.485828 4.20332, 42.49752 4.202317001, 42.526619001 4.202912, 42.542629505 4.204951497, 42.554531434 4.206249525, 42.565716 4.209839, 42.573940501 4.212011002, 42.587879 4.215405002, 42.5994945 4.220608, 42.638268002 4.235578, 42.671543 4.250478, 42.694370518 4.257888497, 42.7023625 4.260056999, 42.7099 4.261758501, 42.720204001 4.262805999, 42.737598 4.263939001, 42.750198 4.264553002, 42.817341 4.264911999, 42.8251 4.267076001, 42.833309 4.270625, 42.84901 4.279555, 42.862419002 4.289376503, 42.877628501 4.301519, 42.898049 4.318554, 42.925659001 4.348094002, 42.939671 4.364360501, 42.952099 4.379919001, 42.969238501 4.4033515, 42.990161501 4.436950001, 42.9975505 4.451756, 43.003395502 4.461715002, 43.007221001 4.467740001, 43.009667001 4.473978001, 43.012322 4.482289, 43.0212365 4.523561001, 43.021869 4.528398, 43.023849 4.535321001, 43.026058 4.542246999, 43.030335 4.549196503, 43.034790001 4.560288, 43.039085 4.565398501, 43.044281 4.572128502, 43.080139 4.602680999, 43.122452001 4.631236001, 43.169579 4.659616001, 43.235191001 4.696257002, 43.324322 4.741442002, 43.421471001 4.788548, 43.4349285 4.794680001, 43.469185 4.806797, 43.543434502 4.831321, 43.659069 4.868027002, 43.813858 4.909974502, 44.007584 4.958975999, 44.0151365 4.960437, 44.030281499 4.959678502, 44.2431985 4.950421502, 44.5875585 4.934976001, 44.981739333 4.917296, 45.124888132 5.064169871, 45.532864 5.4827735, 45.948795341 5.909539497, 46.19936422 6.166635058, 46.540371 6.516524001, 46.878071 6.863023002, 47.023529008 7.012270994, 47.338512 7.3354605, 47.5576625 7.560321, 47.77192075 7.7801605005, 47.986179 8.000000001, 47.4999995 8.000000001, 46.9897005 8.000000001, 46.98967 8.003058, 46.918629 8.028798, 46.889308501 8.037029, 46.763137434 8.081773727, 46.750206 8.085095001, 46.629082 8.127763501, 46.6154515 8.131302, 46.5877 8.141581501, 46.579128 8.146086499, 46.524132 8.1622855, 46.484119 8.176562, 46.480629 8.179279999, 46.456138001 8.185452, 46.4508015 8.188839001, 46.346279 8.222381501, 46.329830501 8.229548001, 46.2939915 8.240171001, 46.239380002 8.259303001, 45.852962169 8.386421652, 45.656150666 8.451166, 45.611641002 8.467787499, 45.529141 8.4946725, 45.513401001 8.498129001, 45.494148515 8.505667438, 45.4816585 8.508018999, 45.257679 8.58218, 45.2389105 8.586724, 45.12315 8.6253965, 45.101089002 8.634014, 45.001571502 8.665309, 44.9911 8.670425001, 44.8669285 8.7107, 44.830779567 8.719887275, 44.804908501 8.732884002, 44.79287 8.734983001, 44.780998501 8.7403, 44.692032 8.77143, 44.252110951 8.9221180145, 43.985641333 9.013393001, 43.897312 9.100441, 43.8842815 9.115258999, 43.871868479 9.130151484, 43.7698215 9.234706999, 43.765602001 9.237149001, 43.667492 9.337391001, 43.6655695 9.341027001, 43.663239001 9.341669, 43.656814 9.3500385, 43.646691 9.3583315, 43.601540001 9.3590125, 43.593861 9.360692001, 43.468304 9.419411501, 43.445519002 9.444892, 43.432221 9.470801002, 43.413708001 9.512682999, 43.410255 9.532828999, 43.404881 9.545810501, 43.398239 9.5527915, 43.375179622 9.569071597, 43.371319 9.576111503, 43.360668467 9.586223445, 43.341548501 9.598605, 43.340621501 9.600288, 43.324790378 9.606130702, 43.306899623 9.6082713, 43.29919 9.6110915, 43.289581501 9.657529002, 43.269951001 9.768551002, 43.269058 9.787375, 43.2568705 9.842637001, 43.181808 9.882671, 43.162151 9.890739, 43.149891001 9.899430001, 43.145259742 9.898867257, 43.144482 9.892646001, 43.13813 9.886299, 43.128849001 9.886322002, 43.115349 9.888778502, 43.099861524 9.896476567, 43.089474002 9.904517002, 43.085895 9.908804001, 43.0651815 9.961888001, 43.061820501 9.966868002, 43.017399 10.080784, 43.010650502 10.091433499, 42.9999995 10.101205, 42.993210001 10.105669999, 42.978626501 10.117047001, 42.942001501 10.1525305, 42.881149 10.20711, 42.865295001 10.2242555, 42.8583295 10.23407, 42.832630001 10.2778795, 42.804828278 10.351844569, 42.791851 10.4041, 42.763081 10.456710002, 42.756904 10.471558999, 42.74667 10.5122555, 42.739440501 10.5211495, 42.7316515 10.526386001, 42.716869508 10.530389613, 42.7040485 10.538960001, 42.698399001 10.546208, 42.695415001 10.558231002, 42.683166 10.592532001, 42.68301 10.60633, 42.68502 10.612960001, 42.692958501 10.625200001, 42.703201001 10.636006001, 42.722607 10.651211501, 42.766525 10.721973, 42.788570001 10.75068, 42.797497001 10.764509, 42.811272 10.78085, 42.840931 10.8228595, 42.855709501 10.838157502, 42.8642195 10.854290002, 42.870438 10.861278499, 42.876258552 10.871489477, 42.910046 10.913726002, 42.93132 10.94796, 42.961639781 10.984408951, 42.952209 10.98497, 42.919609655 10.979195115, 42.913034746 10.976559196, 42.908751715 10.974179734, 42.902089226 10.97322795, 42.896616464 10.970610544, 42.892095489 10.970372598, 42.888050406 10.970372598, 42.882577645 10.971800273, 42.876866938 10.973703842, 42.873059801 10.970610544, 42.865921418 10.969420814, 42.861638389 10.975607412, 42.856165628 10.982269902, 42.851644651 10.97989044, 42.846647783 10.982745794, 42.839033509 10.983459634, 42.828087988 10.983697578, 42.813097384 10.986077039, 42.796203211 10.986790877, 42.791191363 10.988580823, 42.786209475 10.998450237, 42.782878228 11.004636835, 42.783592068 11.011537273, 42.786981961 11.020528829, 42.783604193 11.030645536, 42.767576267 11.058813938, 42.763366649 11.061030061, 42.761701025 11.064837198, 42.758845672 11.07340326, 42.750041667 11.079827803, 42.74623453 11.07697245, 42.745191142 11.07138847, 42.73974572 11.067452277, 42.732671602 11.069834067, 42.725771164 11.067930498, 42.714349752 11.064361308, 42.697693525 11.058174708, 42.688100776 11.058386642, 42.681936459 11.064988305, 42.675811646 11.071031891, 42.66985383 11.074117096, 42.660573934 11.079351912, 42.656279999 11.076709, 42.648914574 11.08672824, 42.639158784 11.093866623, 42.6286024 11.096400155, 42.618457474 11.08791797, 42.61012936 11.084586726, 42.60703606 11.080303696, 42.603704814 11.071499689, 42.584669127 11.066264876, 42.504481292 11.040804642, 42.42215194 10.98298374, 42.37281 10.996097, 42.357447816 10.997251609, 42.353623464 10.999639967, 42.346723027 11.002257374, 42.340298482 10.999639967, 42.335777506 10.995594884, 42.333929906 10.990555972, 42.325402 10.988809001, 42.309379 10.990751, 42.299780251 10.987808407, 42.284413369 10.985016196, 42.281027139 10.977725482, 42.26728125 10.97073943, 42.199207033 10.965284495, 42.1959 10.973763, 42.188991 10.977353, 42.175709 10.976702, 42.15413788 10.971810187, 42.145116441 10.972770178, 42.144501062 10.974308623, 42.146285658 10.979305491, 42.144857982 10.983588519, 42.136291923 10.979662409, 42.126961 10.97148, 42.113092178 10.970382513, 42.105953795 10.966456401, 42.102384602 10.957176502, 42.096256892 10.958986478, 42.080833 10.958141, 42.07557 10.951118, 42.070430999 10.92731, 42.069421515 10.925907396, 42.043103803 10.926114622, 41.991707445 10.925162837, 41.971006134 10.927542299, 41.965533374 10.91707267, 41.960298559 10.915882939, 41.947211523 10.915644993, 41.942237321 10.920728038, 41.939670999 10.928489002, 41.942596999 10.935335001, 41.942211 10.93948, 41.927372 10.942298001, 41.900627999 10.943273001, 41.864386471 10.952791502, 41.842547461 10.961102613, 41.827199938 10.963244129, 41.820775393 10.962887209, 41.81399393 10.967170239, 41.797932568 10.976093217, 41.792578779 10.983588519, 41.795434134 10.993582256, 41.799717163 10.998579124, 41.801858678 11.010000537, 41.80188406 11.03791938, 41.803772 11.062855002, 41.801689 11.099917, 41.809047 11.204406, 41.809890999 11.24831, 41.808501999 11.260987, 41.80774 11.31826, 41.801819 11.362065, 41.79457 11.397386002, 41.775488999 11.472713, 41.773441999 11.487469, 41.776101 11.50467, 41.783847 11.531657001, 41.79084 11.543713, 41.791010999 11.552680001, 41.803511999 11.596368, 41.80724 11.620439, 41.805329 11.630140001, 41.825637 11.691155001, 41.828746999 11.707194, 41.83685 11.72797, 41.846767999 11.733987001, 41.877381 11.747890001, 41.886521 11.749556, 41.892003 11.755431, 41.896953 11.781783001, 41.901031 11.787453, 41.935188999 11.803119001, 41.960735999 11.819647, 41.977841 11.834492001, 41.999943 11.865572, 42.00372 11.879059001, 42.01308 11.89176, 42.02375 11.911549, 42.041007 11.933522001, 42.06662 11.97579, 42.095952 12.005330002, 42.113349 12.033505, 42.118366999 12.038694001, 42.134143999 12.067585, 42.140331 12.07275, 42.148521 12.07328, 42.152324 12.076649001, 42.156441 12.094965, 42.16267 12.113697001, 42.170219999 12.12849, 42.184768999 12.142689, 42.205815 12.176757, 42.22308 12.2086, 42.240219 12.23447, 42.257718 12.255039, 42.304112 12.292260001, 42.309075 12.294919, 42.317231 12.304639001, 42.329731 12.342555, 42.330389999 12.35151, 42.337139 12.371839, 42.373778999 12.422129, 42.384776999 12.433165, 42.386307 12.439113, 42.418206566 12.476442132, 42.396301 12.501668003, 42.380001 12.519551003, 42.366383 12.53226, 42.353158003 12.548375002, 42.342534 12.563168, 42.330051 12.577255003, 42.312965 12.59852, 42.291847 12.621759003, 42.276852 12.643283001, 42.267117647 12.655758355, 42.215094802 12.762420993, 42.062809295 12.796923175, 42.027117382 12.865927545, 41.966441125 12.921844878, 41.883159992 13.074130384, 41.792736879 13.184778373, 41.745151252 13.225226159, 41.727305297 13.270435919, 41.671387962 13.322784058, 41.644024158 13.391788427, 41.604972002 13.405062002, 41.410757665 13.500133218, 41.252523508 13.609588425, 41.198985634 13.695249021, 41.018146598 13.986732994, 40.971747109 14.050978443, 40.874189208 14.139018501, 40.669467 14.232974, 40.567318053 14.270152862, 40.448820896 14.307748348, 40.370298682 14.355813461, 40.364587974 14.366758979, 40.263698828 14.411968738, 40.263475051 14.411855764, 40.263222939 14.411968738, 40.214594212 14.387418317, 40.147581132 14.537128387, 40.145630872 14.53880109, 40.143841 14.538582, 40.141622 14.538757, 40.13924 14.540918, 40.137649002 14.542416001, 40.136952001 14.543543002, 40.134477002 14.54603, 40.132839002 14.546634, 40.129923001 14.546448001, 40.127158001 14.547424002, 40.126298 14.547517, 40.124985 14.547203, 40.124125 14.547447001, 40.122580002 14.546831, 40.121035002 14.546111, 40.120698001 14.546215002, 40.120082002 14.546866, 40.117852 14.547191002, 40.115714002 14.546820002, 40.115354 14.546657, 40.114866 14.546924, 40.114448002 14.547505001, 40.114297 14.547993001, 40.113960002 14.548156, 40.113449001 14.548179, 40.112426 14.548737, 40.112113 14.548771001, 40.11159 14.549132001, 40.110439 14.548981, 40.109859 14.549132001, 40.109127 14.548864, 40.108534001 14.549015, 40.108046001 14.548806, 40.106733001 14.548853, 40.105804001 14.548690001, 40.105223002 14.548806, 40.104235 14.548795, 40.103759002 14.549085001, 40.102237002 14.549132001, 40.101482 14.548748001, 40.100564 14.548551, 40.100286002 14.548121, 40.098392 14.547819, 40.097811001 14.547679001, 40.096777002 14.54783, 40.095290001 14.548423, 40.092305001 14.548221, 40.090682 14.547811, 40.087733 14.545903002, 40.086687001 14.544051002, 40.08551 14.543003, 40.083202002 14.542382, 40.080240001 14.542147, 40.074101 14.54096, 40.071769 14.540903, 40.069291 14.540404002, 40.068576002 14.539712001, 40.067899 14.538458, 40.067876002 14.537222, 40.069028001 14.535909, 40.068261 14.534272, 40.065862001 14.532585001, 40.064143001 14.531822001, 40.062291001 14.530549, 40.059854001 14.529366002, 40.057545 14.527996, 40.055042001 14.525876002, 40.053565 14.52335, 40.053177 14.521040001, 40.052791 14.520292, 40.052085 14.519606, 40.050675002 14.519295, 40.048856 14.518355, 40.048167001 14.516635001, 40.045807 14.514294001, 40.044822001 14.512334, 40.040858 14.510161, 40.038227 14.507230001, 40.036876 14.504588, 40.036686 14.503624002, 40.036827002 14.502935, 40.037485001 14.502337002, 40.038239 14.502061001, 40.039851001 14.502058, 40.041323 14.501722, 40.042667 14.500632, 40.043774002 14.499088, 40.044804002 14.498322001, 40.0457541 14.496702931, 40.046054001 14.496037002, 40.045931 14.495085001, 40.04544 14.494487, 40.044685001 14.493972001, 40.042835002 14.494402001, 40.041166 14.493926, 40.038036001 14.490744001, 40.037658 14.489642002, 40.038268001 14.487575001, 40.037748002 14.486704, 40.036346 14.486519001, 40.034824 14.486712, 40.033793 14.486427001, 40.033595002 14.485231001, 40.033741 14.484131, 40.03231 14.478489001, 40.031268313 14.477109259, 40.030344 14.476339001, 40.026576 14.475508, 40.025356001 14.474541, 40.024089 14.472607, 40.022778 14.471596, 40.02192 14.471817002, 40.020929 14.473358002, 40.019789 14.474678, 40.018022 14.47468, 40.016451002 14.474203, 40.015284 14.472815, 40.014062613 14.470007272, 40.01388 14.469494001, 40.013877002 14.467074, 40.013514 14.465183, 40.013602001 14.463335001, 40.014032002 14.46268, 40.013982 14.462058, 40.013343 14.461246002, 40.012753 14.459860001, 40.012407 14.457565, 40.012496196 14.455004324, 40.012353002 14.45393, 40.011566 14.452544, 40.010290002 14.452402, 40.009435487 14.451930054, 40.009158002 14.449486001, 40.008617 14.448291, 40.007979 14.448435002, 40.006165 14.449919001, 40.003968001 14.449749001, 40.001405 14.450498, 39.998912001 14.450569, 39.992075002 14.454315, 39.990419 14.454855, 39.988701002 14.454797, 39.985569 14.452229, 39.984892 14.450317, 39.983245 14.449752, 39.981575001 14.448558, 39.981230002 14.446741001, 39.982161001 14.445114, 39.983877 14.443964, 39.983167 14.443384002, 39.98044 14.442915002, 39.976266001 14.439619002, 39.974203001 14.438665001, 39.974398001 14.436608, 39.974297 14.434456, 39.975059 14.432332, 39.973973316 14.429793046, 39.968621 14.426005001, 39.966069 14.426071, 39.963974001 14.42518, 39.961748001 14.422886001, 39.960503002 14.421038001, 39.957229 14.41814, 39.952123 14.415785, 39.946948002 14.414482002, 39.942838 14.414126, 39.936224 14.414969002, 39.930448002 14.415153, 39.924194 14.418147001, 39.918921001 14.421558001, 39.916287002 14.425446, 39.911812 14.429335, 39.903534002 14.434900002, 39.898499 14.442020001, 39.895014001 14.445248, 39.891977 14.449428002, 39.890532 14.450546, 39.887297 14.454917, 39.883918002 14.458287, 39.881465 14.459903001, 39.875885002 14.464748, 39.872942 14.46732, 39.868341 14.470073, 39.866685 14.470671, 39.864968 14.471748, 39.86324 14.473138, 39.861049 14.475469, 39.858508001 14.476684, 39.855569 14.478822, 39.853177001 14.47926, 39.849909319 14.480870183, 39.848637001 14.48146, 39.847196001 14.482396, 39.845463002 14.484252, 39.8435 14.485986, 39.841353 14.487541, 39.838351 14.490417, 39.836492002 14.490966001, 39.832377002 14.490281, 39.83063 14.489239, 39.829446002 14.487757, 39.828206 14.486824, 39.827697002 14.485734, 39.826452 14.484661, 39.82353 14.484086001, 39.821033 14.483742001, 39.819643002 14.484294, 39.818866 14.484776, 39.817805002 14.484960002, 39.816580002 14.485397, 39.816463001 14.486223, 39.816180001 14.486728, 39.815568 14.486843, 39.815025 14.486706, 39.814719 14.487119, 39.813793 14.491803001, 39.813430001 14.492454, 39.812972002 14.492808, 39.8124 14.492864, 39.811827 14.493942, 39.810396002 14.495021001, 39.809098 14.495989001, 39.808583001 14.497012002, 39.808144 14.497291, 39.807705001 14.497849001, 39.807324 14.500992001, 39.807076 14.501531, 39.806027001 14.502610002, 39.805206001 14.503075001, 39.804538001 14.503912, 39.804252001 14.504061, 39.802820001 14.503857001, 39.802438002 14.50328, 39.802247002 14.502035, 39.801636001 14.501756, 39.800376 14.5017, 39.799861 14.501961, 39.799670001 14.502221001, 39.799575002 14.503486001, 39.799022001 14.503951, 39.798258001 14.503988, 39.798048002 14.503802001, 39.795471 14.503263001, 39.794688001 14.503003001, 39.794097 14.503208, 39.793620001 14.504008, 39.793314001 14.504863, 39.794307002 14.506016, 39.794632 14.506648001, 39.795338002 14.506815, 39.796064001 14.506722001, 39.796216002 14.506834, 39.796045002 14.508991, 39.796370001 14.509940001, 39.796446 14.510888, 39.79553 14.51139, 39.795034 14.511335, 39.794804 14.510516, 39.794499001 14.510554, 39.794212001 14.510888, 39.79406 14.511948, 39.793392002 14.511930001, 39.793048 14.511502002, 39.792342 14.511781, 39.791789001 14.511744, 39.791502001 14.511558001, 39.790414 14.511614, 39.790204001 14.511875001, 39.790242 14.512284001, 39.790815001 14.513177001, 39.790834002 14.513511002, 39.790395 14.514032, 39.788123001 14.513828, 39.786883 14.5142, 39.786692 14.514498, 39.786711 14.514814, 39.788773 14.516654001, 39.788830001 14.517008, 39.788334 14.518049, 39.787991002 14.518849, 39.786292002 14.518663001, 39.785624 14.519184001, 39.785299001 14.519798, 39.784574002 14.520486, 39.784288 14.520616, 39.784593001 14.522941, 39.784479001 14.523443, 39.783658001 14.524206, 39.782665002 14.524764002, 39.780890002 14.526177, 39.780261001 14.527479, 39.779898002 14.529097, 39.779306001 14.530064, 39.778409 14.531032, 39.778161002 14.531404, 39.776958 14.532017001, 39.776653001 14.532445001, 39.776558001 14.534454001, 39.776061 14.535346, 39.774897 14.536128, 39.773446 14.536556, 39.772243 14.5357, 39.770658 14.535552, 39.770086002 14.536388001, 39.770029002 14.537616002, 39.770506 14.538676, 39.77085 14.539048001, 39.771232 14.540033002, 39.771136001 14.54035, 39.771526518 14.541340741, 39.771671 14.542060001, 39.771136001 14.542693, 39.771098001 14.543325, 39.771289 14.543995001, 39.771022001 14.545259002, 39.77064 14.54578, 39.769609001 14.546301, 39.768903 14.546282, 39.767815 14.546561, 39.766593001 14.545743, 39.765829 14.545725001, 39.76581 14.546803001, 39.765314 14.548161, 39.764875 14.54831, 39.764531001 14.548217, 39.764130001 14.547826, 39.762755001 14.547194001, 39.761148548 14.547068736, 39.760636001 14.547492, 39.760235002 14.547603001, 39.759624 14.549203, 39.758536001 14.549761, 39.7576 14.549742, 39.75718 14.549184, 39.75676 14.548905001, 39.756398001 14.548942, 39.756264 14.54911, 39.755615001 14.549091, 39.752388 14.548738, 39.749448 14.549017, 39.748951 14.549798, 39.748243023 14.549248723, 39.747500002 14.549407, 39.745171 14.550133001, 39.744503002 14.550188, 39.74351 14.550486002, 39.741066002 14.550542001, 39.740589 14.550616, 39.739023002 14.551267002, 39.737591 14.551099, 39.73677 14.551099, 39.736451471 14.551240539, 39.736007 14.551099, 39.735701001 14.550709, 39.734803001 14.550504001, 39.733753001 14.550783, 39.733047001 14.550709, 39.732226 14.550820001, 39.731195001 14.551062, 39.731061002 14.551359, 39.730393 14.551694001, 39.730221001 14.551973, 39.729782 14.551898, 39.729438 14.552419001, 39.729121453 14.552478718, 39.728388002 14.552419001, 39.727052 14.553293001, 39.726326002 14.553219001, 39.725696001 14.552865002, 39.724245 14.552772, 39.72352 14.553088, 39.721954002 14.555152, 39.721565576 14.555376511, 39.721476 14.555766, 39.721228001 14.555896, 39.719414 14.555561, 39.718975002 14.555710001, 39.718746 14.55623, 39.718479 14.556398001, 39.718364001 14.556937, 39.717821016 14.557347331, 39.716798 14.556602, 39.716512002 14.556081001, 39.715123 14.556047001, 39.713552002 14.555616002, 39.713171 14.555449, 39.711853002 14.55662, 39.71128 14.556676, 39.710306 14.557568001, 39.709848001 14.558535, 39.709198 14.559204002, 39.708931002 14.559614001, 39.707919 14.559948001, 39.707518001 14.560246, 39.706465 14.56185, 39.705915 14.563439, 39.705599 14.563731001, 39.704303377 14.5641856, 39.703751 14.56425, 39.702457002 14.565508, 39.701368 14.567014, 39.700642002 14.568762001, 39.700165 14.570268, 39.699515 14.574471001, 39.698789002 14.575215002, 39.69728 14.575884, 39.696822 14.576534, 39.696745 14.577018, 39.696402 14.577185001, 39.696172001 14.577836, 39.695886 14.577948001, 39.695676 14.577724, 39.694587 14.57817, 39.694053 14.578152, 39.693097 14.579174001, 39.692353001 14.579416, 39.69199 14.579713, 39.69124428 14.579918464, 39.690615001 14.580457, 39.690156 14.58148, 39.690041 14.582409001, 39.689373 14.582577001, 39.688227 14.583209001, 39.688093 14.583692, 39.687920001 14.585641, 39.688011 14.585997001, 39.688298002 14.586315, 39.688416002 14.587129002, 39.687854 14.589049, 39.687997 14.590131001, 39.687709002 14.591112, 39.687098001 14.591837, 39.686219 14.592321, 39.683565 14.592208, 39.681718048 14.592746181, 39.680834 14.593361, 39.680318001 14.593528001, 39.680089002 14.593788, 39.680108002 14.593063, 39.679880001 14.591371, 39.679517001 14.591166002, 39.67797 14.591202, 39.677111 14.589677, 39.676844 14.589435, 39.676233 14.589435, 39.67524 14.590588, 39.674246001 14.592057, 39.673826001 14.592670001, 39.673596 14.594084, 39.673367 14.594660001, 39.673119 14.594883, 39.672297001 14.594883, 39.672049002 14.595106002, 39.671991001 14.596557, 39.671838002 14.597133001, 39.671494 14.597412, 39.670215001 14.597616, 39.669699 14.597858001, 39.669049001 14.598341001, 39.668515001 14.598006, 39.668649001 14.596593, 39.668191002 14.595867002, 39.667332001 14.594863, 39.666988 14.594565, 39.667065 14.594230001, 39.666130001 14.592872, 39.664673813 14.592797035, 39.663494 14.593578, 39.662959001 14.594043, 39.662291 14.594154001, 39.662062 14.594414001, 39.661336 14.594191001, 39.661203001 14.59393, 39.660133001 14.593781001, 39.660153001 14.592108, 39.659179001 14.591475, 39.658110002 14.591642, 39.658129002 14.592256001, 39.658308651 14.592715877, 39.657727 14.593762001, 39.657307001 14.594208001, 39.656963 14.594301, 39.656734 14.594152001, 39.656619 14.593538, 39.656443823 14.593446173, 39.655906111 14.59342825, 39.654939 14.594058, 39.654729001 14.594337, 39.654671 14.594802, 39.655439002 14.596671, 39.655461 14.597034001, 39.654966001 14.597056002, 39.654023311 14.596881233, 39.652054 14.597404, 39.650258 14.598259, 39.648807002 14.598631, 39.64831 14.598444001, 39.647776 14.598388, 39.647298 14.598128002, 39.645427001 14.598722, 39.645026 14.59874, 39.644834 14.599019, 39.64490245 14.599626476, 39.645464001 14.600861001, 39.645024002 14.602460001, 39.643438 14.604895002, 39.642922 14.60536, 39.642389002 14.605261, 39.641702001 14.604721002, 39.641148 14.604516001, 39.640289 14.603846001, 39.639850001 14.603865001, 39.639219 14.604311002, 39.638303 14.604106, 39.637062001 14.603305001, 39.636241 14.602505, 39.635516 14.602375, 39.635229001 14.602077, 39.635191001 14.601779001, 39.634714 14.601296, 39.633683 14.601388001, 39.632899 14.602169001, 39.632097 14.60334, 39.631505001 14.603228, 39.630932 14.602875, 39.630741 14.602112, 39.630952 14.601777001, 39.631410002 14.601536, 39.631659 14.600941, 39.631086 14.600122, 39.630074 14.599731001, 39.629559002 14.59988, 39.629406 14.600159001, 39.629634002 14.601014001, 39.62908 14.601535, 39.627953 14.602166002, 39.627457 14.602185002, 39.627017 14.602408, 39.626157 14.603635, 39.625890002 14.603653, 39.625413 14.602779, 39.624955002 14.602481001, 39.624497 14.601588, 39.624230001 14.601476, 39.624632 14.599673001, 39.624479 14.599245, 39.623353001 14.598333, 39.623028 14.598407, 39.622245002 14.599355001, 39.621729 14.599857, 39.621366002 14.600656, 39.620354002 14.599317001, 39.620125 14.599280002, 39.618806 14.600674, 39.618119 14.600524, 39.617795001 14.60019, 39.617680279 14.599799949, 39.617795001 14.599111, 39.617261 14.598515, 39.61623 14.598143, 39.615734002 14.597287, 39.614913002 14.596971, 39.613996002 14.597026, 39.613423 14.597453, 39.613346 14.598030001, 39.612411 14.598011002, 39.612144002 14.597843, 39.611857 14.597992002, 39.611799 14.599647001, 39.612276001 14.600186, 39.612772 14.599833, 39.613116002 14.599833, 39.613326 14.600410002, 39.612867002 14.600968, 39.612256001 14.601377, 39.611911002 14.602418001, 39.611625 14.602436001, 39.610117002 14.600334001, 39.609888 14.600296001, 39.609429001 14.601245, 39.608722 14.601765, 39.60792 14.602025, 39.607653 14.602211, 39.607767 14.602452, 39.609046 14.603513001, 39.609255002 14.604871, 39.609159002 14.605206001, 39.608606 14.605205001, 39.608358002 14.604629, 39.607804 14.604647, 39.606409002 14.605539002, 39.606161 14.605278, 39.60576 14.605166001, 39.605474002 14.604608, 39.605198001 14.604446001, 39.605098 14.603328, 39.604583 14.602875, 39.604269 14.602926002, 39.603565 14.603592001, 39.602439 14.603249, 39.601999001 14.604234001, 39.601349 14.604699001, 39.600662 14.604698001, 39.599879002 14.604270001, 39.599211001 14.604418, 39.598331 14.60531, 39.598045002 14.605329, 39.597663 14.605068, 39.596460001 14.605142, 39.595811 14.604769, 39.595601 14.604174002, 39.594398002 14.60356, 39.593463002 14.603448, 39.592889 14.604098001, 39.592984 14.604805, 39.593328 14.605456, 39.593327 14.605772001, 39.592640002 14.606051, 39.591303 14.606050001, 39.591189 14.605715002, 39.59138 14.60551, 39.591323 14.604934002, 39.591036 14.604878001, 39.590731002 14.605231, 39.590158 14.604598, 39.589948001 14.604059001, 39.588573 14.6043, 39.58842 14.60469, 39.588840002 14.605546, 39.588687 14.606011001, 39.587598 14.605917, 39.587400473 14.606522155, 39.587387 14.607665002, 39.587023002 14.608390001, 39.586965002 14.608929, 39.586794 14.609022, 39.585878 14.60785, 39.58542 14.607794, 39.585076002 14.607068, 39.585230002 14.605822, 39.585078 14.605413, 39.584848 14.605301, 39.584409001 14.605654001, 39.583912 14.60664, 39.583644 14.606453001, 39.583301002 14.605709, 39.582557002 14.605151001, 39.582194 14.605095, 39.581926959 14.605225109, 39.582098 14.606471, 39.581066 14.607140001, 39.580684001 14.607195001, 39.580359 14.60686, 39.580493002 14.606247, 39.581029 14.605856, 39.581124 14.605187001, 39.580934 14.605038, 39.580418 14.605205001, 39.57994 14.6058, 39.579348 14.606004, 39.579061 14.605967001, 39.578851001 14.605688, 39.578680002 14.604813, 39.578222 14.604534, 39.577764002 14.604552, 39.577592 14.604273001, 39.577860002 14.603362, 39.578605 14.603158001, 39.578778002 14.602545, 39.578549 14.602024, 39.578071001 14.601949001, 39.577823 14.602246001, 39.577632 14.602655001, 39.57725 14.602320001, 39.577212001 14.601446001, 39.576716 14.601130001, 39.575857 14.601259, 39.574998 14.600849, 39.574578 14.600328, 39.574291002 14.600458, 39.573737 14.601183, 39.572686 14.601703, 39.571732001 14.600735, 39.57135 14.600382, 39.570778002 14.600047, 39.570855001 14.598708, 39.569997001 14.598261, 39.569921002 14.597777002, 39.569729002 14.59761, 39.568717 14.598148002, 39.567895002 14.598873001, 39.567647 14.598798, 39.567723 14.598556001, 39.567667 14.597701001, 39.567572 14.597496, 39.566483 14.597495, 39.56593 14.596881002, 39.565319002 14.596918001, 39.56379 14.597475, 39.563428002 14.597419, 39.562912 14.596953, 39.561002 14.597807, 39.560773001 14.597584001, 39.560716002 14.597398, 39.56022 14.597323, 39.559914001 14.596765001, 39.559743002 14.595909001, 39.558255 14.594365002, 39.558237001 14.593676, 39.557836 14.593174001, 39.557798 14.592746002, 39.557512 14.592653, 39.557206002 14.592876, 39.557053002 14.59282, 39.556978 14.591574001, 39.556673 14.591406, 39.556425002 14.591406, 39.556101 14.590792, 39.555566001 14.590457, 39.555395002 14.589806, 39.554975 14.589155001, 39.554459002 14.589563, 39.55297 14.589451002, 39.552301 14.589599, 39.551671002 14.589263, 39.551213 14.589412002, 39.551099001 14.588779, 39.550355 14.588388, 39.549877002 14.588388, 39.549554 14.587272, 39.549382 14.587179, 39.547815 14.587586, 39.547262002 14.587549, 39.546364002 14.588199, 39.544912 14.588291, 39.543709001 14.588903001, 39.543365 14.589219001, 39.542926 14.588903001, 39.541777074 14.589211018, 39.541264 14.589366, 39.540729002 14.589328, 39.539928002 14.588546, 39.539852002 14.588323001, 39.540216 14.587264001, 39.540216 14.58691, 39.539911002 14.586798002, 39.539701 14.586333001, 39.539128002 14.586407001, 39.538919 14.585366, 39.538766 14.585347, 39.53867 14.5857, 39.53846 14.585793, 39.537983 14.585383, 39.537793 14.585048, 39.537621 14.585197001, 39.536952 14.585029, 39.536342002 14.58421, 39.535642 14.584238, 39.535182 14.583831001, 39.534458 14.583931002, 39.533279002 14.584776, 39.532751002 14.584623, 39.532081 14.583831001, 39.529267 14.566244002, 39.52855 14.565414, 39.527640001 14.56483, 39.525789184 14.565484788, 39.523586002 14.564513, 39.523361 14.564109, 39.522984002 14.564072, 39.521892002 14.56319, 39.52178 14.562823, 39.521365002 14.562565, 39.519105 14.561829, 39.519143 14.561499, 39.519332001 14.561352001, 39.519332001 14.561132001, 39.518805001 14.560948, 39.517268002 14.560951, 39.51696 14.560504, 39.516096002 14.560232, 39.515867 14.560027, 39.516402 14.559563, 39.516479 14.558949001, 39.516288 14.558874001, 39.516307 14.558689, 39.515086002 14.558353, 39.514763 14.556865001, 39.514458002 14.556641, 39.513942 14.556399, 39.513847 14.555859, 39.513580002 14.555710001, 39.512969 14.555784, 39.513027 14.555375, 39.512912 14.555152, 39.512492002 14.555151, 39.511825002 14.554574, 39.511692002 14.553979001, 39.511177 14.553439, 39.511139 14.553179001, 39.510624 14.552695, 39.510223 14.552434001, 39.509879002 14.552508, 39.509727 14.552061, 39.509288001 14.551875, 39.508736 14.550331002, 39.508106 14.550181, 39.508298002 14.549698, 39.508222 14.549363, 39.508413002 14.549103001, 39.508318002 14.548285001, 39.508013 14.548024, 39.508205 14.547336, 39.508072 14.547001, 39.508511002 14.546648001, 39.508226 14.546053, 39.507884001 14.543747, 39.508114 14.543226, 39.508096 14.542538, 39.508536 14.541795, 39.508383 14.541255, 39.508136 14.541069001, 39.508824002 14.540233, 39.508996001 14.53934, 39.508617 14.537685, 39.507987002 14.537219, 39.506632 14.536678001, 39.506385002 14.536139, 39.506843 14.535823001, 39.507435001 14.535303, 39.50757 14.534597, 39.507055 14.534205001, 39.507114 14.532848, 39.507286 14.532644001, 39.507915 14.532700002, 39.508145 14.53257, 39.508393002 14.531975, 39.508966 14.531827, 39.509272002 14.531511002, 39.508433002 14.530673002, 39.508052 14.529836001, 39.507652002 14.529315, 39.507652002 14.529110001, 39.508551002 14.527996, 39.50838 14.527066001, 39.508189 14.526898, 39.506795002 14.526859, 39.506528 14.526748, 39.507123001 14.524368, 39.507105001 14.523456001, 39.506667 14.522247001, 39.507031002 14.52128, 39.507546 14.521318, 39.508005002 14.521114001, 39.50963 14.518419, 39.509879002 14.517378, 39.510396 14.516263001, 39.510588 14.514924, 39.510512 14.514533, 39.510207002 14.514124, 39.510627 14.514013, 39.510953 14.513548001, 39.511506 14.513772, 39.511906002 14.514312001, 39.512288 14.514145, 39.513110001 14.513309, 39.514485 14.512808001, 39.515568827 14.511861559, 39.516071 14.510857001, 39.516377 14.510783001, 39.516702002 14.510299, 39.516417 14.509165001, 39.516837002 14.508217, 39.519051 14.508479002, 39.519814 14.509187, 39.520215002 14.509169, 39.520464002 14.508927001, 39.52077 14.507477, 39.520962 14.507235001, 39.521229002 14.507273001, 39.521477001 14.507626, 39.522183002 14.507813, 39.523252001 14.507498, 39.523539 14.507238, 39.523846 14.505546, 39.525183001 14.504896, 39.526481 14.504488, 39.527627 14.504303, 39.528161 14.504118, 39.528677002 14.503672, 39.529021 14.503709, 39.52921 14.505030001, 39.529763 14.505923001, 39.530526001 14.506184, 39.53087 14.506073, 39.531406002 14.505181001, 39.531655 14.503935001, 39.532132 14.503452, 39.533946 14.502747002, 39.534902 14.501874, 39.536678 14.501262001, 39.53727 14.500184, 39.53771 14.500296, 39.538720002 14.500985, 39.539427 14.501004, 39.539809001 14.500855002, 39.54021 14.499926, 39.539943 14.499926, 39.539866001 14.500390001, 39.539389 14.500632, 39.53916 14.500557, 39.538608 14.499125, 39.538628 14.498325, 39.538876002 14.498046002, 39.540308 14.497713001, 39.540548 14.497568, 39.540482 14.495883001, 39.539451 14.495332, 39.538535 14.494978, 39.538059002 14.494382001, 39.538023 14.491425, 39.536667 14.491982002, 39.533651002 14.492407, 39.531648 14.49168, 39.53056 14.491902001, 39.529815 14.491641, 39.529339002 14.490841, 39.528976 14.490691, 39.528843 14.490282001, 39.528259062 14.489286344, 39.527185 14.488291, 39.52644 14.488178002, 39.526021001 14.487936, 39.525907002 14.487601, 39.526271 14.4863, 39.525851002 14.485835, 39.525546 14.485779001, 39.525183001 14.485927, 39.524381 14.486001, 39.523293002 14.486595, 39.522872 14.487227, 39.521155 14.486872002, 39.520716001 14.486481001, 39.519590002 14.486238, 39.518635002 14.486534, 39.518292 14.486311, 39.517797 14.485548001, 39.51753 14.484711, 39.517034002 14.48458, 39.516633 14.484784001, 39.514396 14.487962001, 39.514033002 14.488594, 39.513728 14.488426, 39.513633 14.487348, 39.513119 14.486640001, 39.512852 14.48651, 39.511649002 14.486713001, 39.511382 14.486899, 39.510751001 14.488163, 39.510483002 14.488367, 39.509616 14.487916, 39.509406001 14.487432, 39.509196002 14.487283001, 39.50893 14.486241, 39.508396002 14.485962, 39.507651001 14.486128001, 39.507155 14.486537, 39.506907 14.486500001, 39.506678002 14.485979, 39.506526 14.485439, 39.505872187 14.485635485, 39.504902002 14.486721, 39.504501 14.486665, 39.504559068 14.485543338, 39.504389 14.484954, 39.504179001 14.484767001, 39.503071002 14.485491001, 39.502881 14.485212001, 39.503034002 14.484487, 39.502539 14.483706, 39.502215002 14.483463, 39.501202 14.48402, 39.499294 14.483981, 39.497346 14.484444, 39.496488 14.483978, 39.496062 14.484132, 39.495864 14.48406, 39.494834 14.48622, 39.494943 14.49031, 39.494394002 14.49714, 39.493643 14.50233, 39.489444 14.50519, 39.482943002 14.50239, 39.472863002 14.500170001, 39.466674 14.50756, 39.456833002 14.50667, 39.447584001 14.50531, 39.433504001 14.51608, 39.423721982 14.514979406, 39.418842645 14.513566965, 39.415660413 14.519438792, 39.417742445 14.526874611, 39.406142572 14.526279743, 39.403911827 14.53088995, 39.403763108 14.537582183, 39.397517024 14.543382119, 39.394096548 14.542341104, 39.393586144 14.540619906, 39.388296615 14.537136033, 39.383240256 14.541151374, 39.375656873 14.537427023, 39.373127547 14.539515497, 39.369944722 14.53640979, 39.371045521 14.533269409, 39.368368626 14.527172042, 39.36063538 14.533418126, 39.357958484 14.527618191, 39.360477834 14.515614456, 39.355303898 14.508106608, 39.359097496 14.504241536, 39.366393 14.49519, 39.357563 14.49644, 39.360033 14.48331, 39.352473 14.48322, 39.343753 14.48883, 39.328644001 14.49394, 39.328813 14.49217, 39.337754002 14.483030002, 39.342424 14.476, 39.342864002 14.47064, 39.346443 14.46625, 39.334533 14.46822, 39.324974 14.47075, 39.314064 14.47064, 39.301334 14.46992, 39.295444 14.465890001, 39.293753 14.458110001, 39.285066 14.450728, 39.285023002 14.45098, 39.284181001 14.450986001, 39.283665 14.450117, 39.282796001 14.449510001, 39.282384 14.448782, 39.282508002 14.448439, 39.283401001 14.447633001, 39.283505 14.447351, 39.283258 14.446866, 39.282263 14.447086001, 39.281519 14.445994001, 39.280775 14.445468001, 39.279118 14.445242, 39.278994001 14.444657, 39.279099 14.444455001, 39.278354002 14.443787, 39.277298002 14.443422002, 39.276968002 14.442835001, 39.277052 14.442432, 39.276929002 14.441866, 39.277053 14.441604, 39.276599002 14.440775, 39.276227002 14.440532, 39.275897002 14.440047001, 39.275815001 14.439562001, 39.275091 14.439097, 39.274596 14.438046, 39.273872 14.437418001, 39.273479002 14.437357002, 39.273086002 14.436771001, 39.273070002 14.434651, 39.272905 14.434287, 39.272948001 14.433782, 39.272617001 14.433297, 39.272702 14.432369, 39.271917002 14.431438, 39.27169 14.430651001, 39.271734 14.429762, 39.271923 14.42961, 39.270507 14.425267002, 39.269593001 14.423136, 39.269221 14.422853, 39.268290002 14.422548, 39.268167 14.421922, 39.268251002 14.421296, 39.267548002 14.420871, 39.266988 14.420748, 39.266782 14.420485, 39.266474001 14.419294, 39.266164002 14.419051, 39.265898 14.417455, 39.265609 14.416687001, 39.266149 14.416103001, 39.265884 14.414184, 39.265575 14.413538, 39.264022002 14.413111, 39.263589002 14.412443, 39.263361 14.412019, 39.263113 14.411877, 39.262346 14.412441, 39.262159 14.412683, 39.261641002 14.412621, 39.260587002 14.41165, 39.260131 14.411770001, 39.259799 14.412092, 39.259095 14.411687, 39.258183 14.411968001, 39.257809 14.412492002, 39.257168 14.412026001, 39.256671 14.412126, 39.256152 14.412307, 39.25479 14.410245, 39.254210002 14.410163, 39.25307 14.410524001, 39.251589 14.409174, 39.250796002 14.409393001, 39.250544002 14.409637, 39.250771 14.410326001, 39.250246 14.410414, 39.250063 14.410747, 39.250085 14.411413, 39.249765002 14.411679, 39.248829002 14.412144001, 39.248692002 14.41241, 39.249192 14.412967, 39.249326 14.414256, 39.249027 14.415433, 39.248434001 14.415654001, 39.248138 14.415298001, 39.247912002 14.414697002, 39.247593 14.414319, 39.246178696 14.413627798, 39.245361 14.413514, 39.244949002 14.414069, 39.242849 14.415308, 39.242824 14.416286, 39.243391 14.417487001, 39.243229002 14.418553, 39.242657 14.419485, 39.241556002 14.422705, 39.240984001 14.423637, 39.241233 14.424459, 39.241710002 14.425238, 39.241770002 14.426114, 39.240954 14.426792, 39.238261 14.427786, 39.238124002 14.428074002, 39.238441 14.428831, 39.239079002 14.429232, 39.239237 14.42961, 39.238894 14.430320001, 39.238163002 14.430852, 39.238295788 14.43122014, 39.238526 14.431608001, 39.238569002 14.432941, 39.238132 14.434562, 39.237286 14.43536, 39.236373 14.436047, 39.236258 14.436358, 39.236528 14.437781, 39.236116 14.438869, 39.232461 14.441927, 39.231160002 14.442257, 39.230909 14.442457, 39.231483592 14.444765297, 39.232246 14.446015001, 39.232061 14.447014001, 39.231444 14.447702, 39.231079001 14.447812001, 39.230715 14.447233, 39.228871 14.446141, 39.228461 14.446095001, 39.228049 14.44645, 39.228048 14.446872001, 39.228457 14.447651, 39.228162515 14.449124211, 39.227791 14.449804, 39.227767002 14.450227001, 39.228632 14.450873001, 39.229088001 14.450896, 39.229636002 14.450697002, 39.230296 14.451032, 39.230614002 14.451388, 39.231845 14.45188, 39.232461 14.451503, 39.232713 14.451171, 39.233351 14.451216, 39.234079 14.451707, 39.234123002 14.452396001, 39.23394 14.453018001, 39.234053 14.453329002, 39.235601 14.454399001, 39.235917002 14.45591, 39.23596 14.456888, 39.235867 14.457554, 39.236331 14.457629, 39.236843 14.459757, 39.237538002 14.460800001, 39.237723 14.460903, 39.237907002 14.461210001, 39.238541 14.461455, 39.239544002 14.462049001, 39.239748 14.462356001, 39.240464002 14.462622, 39.241242002 14.463665002, 39.241938 14.464013, 39.243206 14.464258, 39.24497 14.46533, 39.249271 14.471853001, 39.249462 14.472256, 39.250935002 14.473777, 39.251643 14.473963001, 39.25169 14.474193001, 39.252916 14.475254, 39.253245 14.476130001, 39.25348 14.476360002, 39.254613 14.476639, 39.254943 14.477100001, 39.255036 14.477652, 39.255933 14.478253002, 39.256311 14.478346, 39.256687002 14.478991001, 39.256685002 14.480141001, 39.257203 14.480833, 39.257769 14.481064001, 39.260700001 14.480426, 39.261219 14.480657, 39.261973002 14.481487001, 39.262539002 14.481811, 39.263766002 14.482228001, 39.263954 14.482642001, 39.265181 14.483473, 39.265746 14.484303, 39.266501 14.484535001, 39.266784 14.484996, 39.265743 14.485638, 39.265742 14.486144, 39.266873 14.487436001, 39.266919 14.488080001, 39.266729002 14.488586001, 39.266066002 14.489183, 39.263655 14.489961, 39.263048 14.490382002, 39.264076002 14.492627001, 39.264438 14.494283002, 39.264665002 14.498622, 39.2646 14.498937, 39.264039002 14.499501, 39.264574 14.501116, 39.264656 14.502835, 39.264591 14.503045, 39.262418001 14.503229, 39.262288 14.503438, 39.262502 14.504109001, 39.262285002 14.504926, 39.262434 14.505807001, 39.263075 14.507862, 39.263009 14.508134, 39.262643 14.50849, 39.261652 14.508949001, 39.261351 14.509305, 39.261541002 14.510521, 39.262012002 14.511758001, 39.261903 14.512156, 39.260804002 14.513244, 39.261447002 14.514524001, 39.261553 14.515048, 39.261401 14.515676002, 39.260926 14.516598, 39.260214001 14.517518, 39.25905 14.518354, 39.259025002 14.520157, 39.2587 14.521015, 39.258248002 14.521119001, 39.258012002 14.520637, 39.257453 14.520468, 39.257087 14.520614, 39.256677 14.521095001, 39.253253002 14.522513, 39.253080002 14.523162001, 39.252907 14.523308, 39.253078002 14.524021001, 39.253615 14.524379, 39.254152002 14.524590001, 39.254087 14.525009, 39.253418 14.526034001, 39.253158002 14.526746, 39.252360002 14.52731, 39.251758 14.527519, 39.250574 14.527705, 39.250121 14.528018001, 39.249991 14.528395, 39.250098002 14.528668, 39.251647 14.528860001, 39.251732002 14.529133001, 39.250909 14.53173, 39.249894 14.533614, 39.249633 14.534599, 39.249029 14.535184, 39.245973 14.535534, 39.245736 14.535806, 39.245582 14.537252, 39.247834002 14.540652, 39.248434001 14.541512, 39.248304 14.542099001, 39.247442002 14.542537, 39.246084 14.543645, 39.244921 14.544167002, 39.241283002 14.544829001, 39.240852002 14.54508, 39.24057 14.546023001, 39.240933 14.547113002, 39.242026 14.54917, 39.242303 14.550302, 39.241676 14.551768, 39.241931 14.552984001, 39.243110001 14.555061, 39.243 14.556109, 39.241636 14.559690001, 39.241268 14.560570001, 39.241032 14.563238001, 39.222084 14.565970002, 39.205283002 14.565330001, 39.195084 14.57222, 39.190253 14.576440001, 39.178174002 14.58461, 39.176284002 14.59194, 39.157394 14.608330001, 39.158864001 14.613670001, 39.157614 14.617610002, 39.157003 14.62681, 39.157394 14.634440002, 39.162750002 14.640640001, 39.16572 14.644390001, 39.16794 14.64758, 39.168523 14.649397001, 39.166156 14.649249, 39.164981 14.649369, 39.163229 14.650234, 39.162581 14.65036, 39.160419 14.651372, 39.157138 14.651795001, 39.154278 14.653386, 39.153654 14.653428, 39.153348002 14.653231, 39.152997002 14.652323002, 39.152572 14.652082, 39.151902001 14.652150001, 39.150872002 14.651622002, 39.149156002 14.651577, 39.148703001 14.651307001, 39.148198002 14.650609001, 39.146685 14.650184, 39.14402 14.649754, 39.142467002 14.649713001, 39.139413 14.650402, 39.137952 14.649937, 39.137379 14.649144001, 39.137200002 14.64785, 39.136043 14.647031, 39.134091 14.645865, 39.133215 14.644814001, 39.132648 14.644025, 39.1315 14.643692, 39.130314001 14.642388, 39.129409 14.641374, 39.129055 14.641291, 39.128214 14.641685, 39.127379 14.643544, 39.126092 14.64412, 39.125472 14.644774001, 39.124837002 14.644825, 39.12315 14.64452, 39.120526002 14.644852001, 39.118572 14.646634, 39.117021 14.646912, 39.116654 14.646609002, 39.116529002 14.646298002, 39.116903 14.646148, 39.117111001 14.645798, 39.117033001 14.645549, 39.115864002 14.644823, 39.115453001 14.644649, 39.114128002 14.644995, 39.112263 14.645899, 39.112003002 14.645803, 39.111171 14.644931001, 39.110069 14.644718002, 39.109425 14.643329, 39.108736 14.641915, 39.107823 14.640743001, 39.106946 14.640173001, 39.105487001 14.639805001, 39.104558 14.639218002, 39.104032 14.639207, 39.103429 14.639457, 39.102599 14.639516, 39.102390002 14.639115, 39.102609 14.638121, 39.102227 14.637904, 39.101299002 14.637878, 39.100905001 14.637230002, 39.099296 14.635881001, 39.09776 14.635372, 39.09663 14.636463, 39.095792 14.636856001, 39.093594002 14.635815, 39.092257 14.635885001, 39.090669002 14.635596, 39.090356002 14.635823001, 39.090722 14.637661001, 39.090387 14.637837001, 39.08959 14.637719001, 39.088705 14.638134, 39.088074002 14.639159001, 39.087007 14.639415001, 39.084391002 14.641354, 39.083358002 14.641382001, 39.082068002 14.641174, 39.081333 14.640385, 39.080887 14.639076, 39.081362 14.638405, 39.081229002 14.637600002, 39.080842002 14.636803001, 39.080653 14.636774, 39.079291 14.63755, 39.076912 14.636740001, 39.072354001 14.636913, 39.071594001 14.637296, 39.069765002 14.637328001, 39.069089 14.637540001, 39.068497002 14.638242001, 39.067156 14.638867002, 39.065108 14.640527001, 39.063149001 14.641065, 39.061965002 14.641152001, 39.060636002 14.640746, 39.058758 14.639729001, 39.05795 14.639904001, 39.056891002 14.640356, 39.055715 14.6406, 39.053018 14.640575, 39.0516 14.640357, 39.051419 14.640129, 39.051172 14.639308, 39.050942001 14.639194, 39.050376001 14.639257002, 39.049469 14.638872, 39.049221 14.638558001, 39.049541002 14.636788, 39.049172002 14.636535, 39.047120001 14.636695, 39.045417 14.63603, 39.044462 14.635200001, 39.043715 14.634784, 39.042801 14.634784, 39.040938162 14.635354145, 39.040227 14.635739, 39.038856002 14.635532002, 39.037195002 14.635075, 39.036904002 14.635324, 39.036738 14.636238001, 39.037047 14.637784, 39.036980002 14.638947001, 39.036643 14.639198001, 39.034084 14.639407, 39.032435001 14.638998, 39.032050002 14.638821, 39.031913002 14.638528, 39.030368001 14.637407001, 39.030165 14.637496, 39.029529001 14.637346002, 39.028553095 14.635377699, 39.027024 14.633897003, 39.025586 14.632612, 39.024525 14.632140002, 39.024239 14.632274001, 39.023794101 14.632851782, 39.023335 14.633042, 39.022715 14.632965, 39.022358002 14.633194003, 39.021741 14.633318, 39.021198 14.632717, 39.021153 14.631757, 39.020381 14.631137, 39.020149001 14.630339, 39.019660202 14.629425545, 39.019735 14.627591, 39.019659 14.627166002, 39.019071 14.626876003, 39.017544 14.626643003, 39.017495 14.625999001, 39.016982 14.625155001, 39.016067 14.624693002, 39.015852 14.624361003, 39.015193 14.62417, 39.014756 14.624271, 39.013745 14.623694001, 39.013371 14.623254, 39.013223 14.622687, 39.013316 14.620559002, 39.013032002 14.620035, 39.013042 14.618567002, 39.013186001 14.617862001, 39.014385 14.616061, 39.01484 14.615646, 39.015841002 14.615219, 39.018444 14.612063, 39.019112 14.610321002, 39.017364361 14.604035425, 39.015922002 14.601679002, 39.015891 14.600737, 39.017150002 14.597736001, 39.016946 14.596267, 39.016116002 14.595386, 39.015062002 14.594869001, 39.006346002 14.592144003, 39.00534 14.591463002, 39.003923001 14.589418, 39.003642 14.588468, 39.003799 14.587195, 39.005005 14.585255001, 39.005211001 14.583682002, 39.003701 14.581207, 39.003536002 14.580815002, 39.003750002 14.580195, 39.003721 14.579555, 39.003038 14.57864, 39.001430002 14.577896, 39.000639 14.577354, 38.999643 14.575895001, 38.999371 14.574781, 38.99950304 14.57412086, 38.999830002 14.573633001, 38.999806 14.573121, 38.997829 14.569717003, 38.996491 14.568323, 38.994039002 14.566374, 38.993097 14.563476003, 38.992183001 14.562759, 38.989433001 14.562653001, 38.988766 14.562041, 38.986026002 14.556944003, 38.985317 14.556453002, 38.983762002 14.556217001, 38.98356 14.555523, 38.984011001 14.554872001, 38.984045027 14.554067088, 38.984225 14.553902003, 38.984179 14.553489002, 38.983762002 14.552879, 38.982279002 14.552315, 38.981811002 14.551724, 38.980751 14.547711, 38.979714 14.547507, 38.979774 14.546851, 38.978359002 14.545173, 38.976436 14.544631, 38.973190002 14.542746003, 38.971953 14.542589002, 38.969246 14.543625002, 38.967366 14.543864, 38.962239 14.542598, 38.95657178 14.540519406, 38.955924 14.540166, 38.955469 14.539406, 38.955108 14.537798, 38.953774 14.535267, 38.952741 14.534856, 38.95191 14.535153, 38.949568 14.536529, 38.94966 14.536574, 38.947501 14.537995, 38.946076 14.539195002, 38.941541002 14.540113003, 38.936050869 14.540132539, 38.935729002 14.539886, 38.935265 14.538421, 38.935313 14.537841, 38.934858 14.537170002, 38.934172 14.536632, 38.933028 14.536271003, 38.930522002 14.536378, 38.930121 14.537015, 38.930246001 14.53743, 38.929953001 14.537644, 38.929038002 14.537239, 38.925933 14.534461, 38.925477 14.533835002, 38.92548 14.53312, 38.926169 14.532543001, 38.926951001 14.531608002, 38.927054 14.52864, 38.926689 14.528059002, 38.923486 14.52711, 38.922345 14.525901, 38.921936 14.525007, 38.921297002 14.524291, 38.920383002 14.523618, 38.917958 14.522895002, 38.917501 14.522447002, 38.917251556 14.520111408, 38.916464002 14.517958002, 38.915780002 14.517197002, 38.914088 14.516298001, 38.91354 14.515850001, 38.913393 14.514704002, 38.908876002 14.511126, 38.906403 14.509466, 38.903445 14.507847, 38.901454 14.506176001, 38.900524 14.505069003, 38.899426 14.504663, 38.897182 14.504253, 38.895071 14.503414, 38.893886 14.503661001, 38.891963 14.503431003, 38.890819002 14.503025, 38.889289 14.503663002, 38.888299001 14.503083, 38.886927 14.501416, 38.885916 14.500682003, 38.882767 14.500206, 38.880155 14.500903, 38.879904 14.501594001, 38.878083002 14.502099, 38.876636001 14.501565, 38.875112 14.501472, 38.873923 14.500887, 38.873605 14.500217, 38.873567 14.498253, 38.873111002 14.497626, 38.871507001 14.497732001, 38.869351 14.498616002, 38.868204 14.498924002, 38.865680002 14.498812, 38.865075002 14.498313, 38.864486001 14.498175, 38.863715 14.498774, 38.86161 14.498364, 38.858997 14.498711003, 38.855696002 14.49948, 38.850696 14.500125, 38.847729 14.498333, 38.843135002 14.494930002, 38.842573 14.494377, 38.840977 14.490918, 38.840337 14.490228003, 38.839458 14.490223, 38.838108 14.489617, 38.836002 14.488994, 38.834826002 14.488879001, 38.834058 14.489167, 38.830198 14.486704, 38.828478 14.486654, 38.826651 14.485957003, 38.824980002 14.485829, 38.823644 14.486208001, 38.822384002 14.487365, 38.821879002 14.488218002, 38.821000002 14.488621, 38.819998 14.488414003, 38.819253 14.486864, 38.818502001 14.486658002, 38.817962 14.486086, 38.817292001 14.484861001, 38.816989 14.483764, 38.817564 14.483452, 38.818238 14.483336, 38.820160001 14.479745, 38.820121001 14.479012002, 38.818409002 14.478965, 38.816538 14.476922, 38.813574 14.476422003, 38.812279 14.476336, 38.811160222 14.476587839, 38.809772 14.476692002, 38.80873 14.476118, 38.806942002 14.474076001, 38.806151 14.473584, 38.804794002 14.473363, 38.803648 14.472934, 38.802797214 14.47195119, 38.802115 14.470576, 38.799948 14.468543003, 38.797461002 14.467107, 38.794613001 14.466941002, 38.792039001 14.467509003, 38.786374 14.469240001, 38.784709002 14.470004002, 38.784550001 14.470196001, 38.780709002 14.470836, 38.778256002 14.470787002, 38.777067 14.471245, 38.774526001 14.473162002, 38.773340002 14.473003, 38.77263 14.472614001, 38.772111002 14.472128002, 38.771854001 14.470654, 38.771932001 14.469238, 38.770037 14.468343001, 38.766118 14.468905, 38.764854002 14.468322, 38.763351001 14.468315, 38.761213 14.468711, 38.758754002 14.469973, 38.757361 14.470450001, 38.756303054 14.471820538, 38.754996 14.472323002, 38.753371002 14.470529002, 38.753201402 14.469604591, 38.753298 14.469025001, 38.75461 14.467643002, 38.754177 14.467140002, 38.753664002 14.466868, 38.752674 14.466940001, 38.75053 14.466648002, 38.749981 14.467178003, 38.74883 14.467152, 38.748455002 14.466692, 38.748486 14.466278002, 38.747058 14.465621, 38.741779 14.464917002, 38.740833 14.464561001, 38.739887 14.463897001, 38.738941 14.463497, 38.736999 14.463576, 38.735741002 14.462711003, 38.73466 14.462392, 38.73286 14.462112, 38.731806 14.462495002, 38.729679 14.463752, 38.727108 14.464347002, 38.726068002 14.464783, 38.724847 14.465085, 38.72381 14.464817003, 38.722459002 14.464151001, 38.721559001 14.463399, 38.720748 14.463176001, 38.719571002 14.463743002, 38.717314 14.465653001, 38.715231 14.466612003, 38.712149354 14.468270474, 38.711495504 14.468451223, 38.710791 14.468345002, 38.709530002 14.467724003, 38.708402 14.467543001, 38.706878002 14.468105, 38.706026 14.47093, 38.704843 14.471108, 38.703203 14.469906002, 38.70248 14.467909, 38.701601 14.466409, 38.700734002 14.465793003, 38.698148 14.465628, 38.696998 14.465401002, 38.692503002 14.46563, 38.689602 14.464677001, 38.687059 14.461850001, 38.686415 14.460204, 38.679224002 14.459815, 38.679305 14.459497, 38.679822 14.458949002, 38.68009 14.457513, 38.679955 14.457051001, 38.679696 14.457015002, 38.679559 14.456459, 38.67911 14.455973, 38.67842 14.455707001, 38.677621001 14.455922001, 38.671298 14.456452003, 38.669519 14.456239002, 38.668953 14.455751002, 38.668371 14.454868001, 38.667926 14.453458, 38.667523002 14.450219, 38.667178 14.449474, 38.666233001 14.448809002, 38.663887 14.448579, 38.661492 14.448919001, 38.659365 14.449911, 38.658427 14.44975, 38.657151002 14.449783002, 38.656248001 14.449298, 38.655742001 14.448599, 38.655556434 14.447660416, 38.654985002 14.446640002, 38.651681645 14.446120669, 38.650515001 14.446041, 38.64934 14.445133, 38.646987002 14.442896002, 38.646426 14.442894001, 38.644228 14.443714002, 38.643655002 14.444023, 38.642782 14.443839, 38.642062 14.443352, 38.640257001 14.443255, 38.639753002 14.443641002, 38.636864001 14.444724, 38.635956 14.444886002, 38.634358 14.444830002, 38.632881 14.445094, 38.632037 14.444975, 38.63112 14.444079, 38.630192 14.442339, 38.629712002 14.441236001, 38.628850002 14.440855, 38.626499 14.440729001, 38.623745 14.440011003, 38.622882002 14.439087, 38.622569001 14.43844, 38.622294 14.437244002, 38.621088002 14.436583, 38.618583 14.436656002, 38.616939 14.437558, 38.616324 14.438331001, 38.616394 14.439021, 38.613560001 14.441880001, 38.612881002 14.442879003, 38.610303001 14.443752001, 38.608704001 14.444109002, 38.60741 14.443553, 38.606255 14.442397, 38.605024 14.442315, 38.604730002 14.443426002, 38.603682 14.444084001, 38.602441 14.443394, 38.598936002 14.442177003, 38.597689002 14.442604002, 38.595716001 14.442450003, 38.591964 14.440362003, 38.590421 14.439877002, 38.585532 14.438668002, 38.583844002 14.438123, 38.581232 14.436394, 38.580433 14.43626, 38.578931694 14.436898287, 38.577006 14.437175, 38.575008002 14.436775003, 38.572654 14.436525, 38.571118 14.435877003, 38.570175 14.434842002, 38.570604 14.432738003, 38.570737002 14.43103, 38.570092002 14.430741, 38.566006 14.430180002, 38.563844 14.430114, 38.561293 14.430353, 38.558682001 14.431235002, 38.55758 14.431138003, 38.556982 14.430750002, 38.55579882 14.428163527, 38.555523001 14.426307, 38.554538 14.426147002, 38.553881 14.42577, 38.552717002 14.425514, 38.551766 14.426002, 38.550485 14.427505, 38.549387 14.427852, 38.547847 14.427277003, 38.545482002 14.426046002, 38.543482 14.425752001, 38.539011 14.423593002, 38.538305002 14.422965002, 38.535202001 14.421548, 38.532781027 14.419746324, 38.529585001 14.418713002, 38.527942 14.418471, 38.526712 14.417840002, 38.525078 14.416405, 38.523005 14.41323, 38.522232001 14.411773003, 38.521974 14.408386, 38.52158 14.407831001, 38.520841 14.407522003, 38.518658 14.408196, 38.517927002 14.408684, 38.516084 14.411158, 38.514824002 14.413923, 38.512821 14.416971, 38.512053001 14.417563002, 38.51013 14.418283001, 38.509086857 14.41790655, 38.506612001 14.417583002, 38.50536 14.41783, 38.504628002 14.417482, 38.502116 14.415074, 38.50097 14.414711, 38.498133002 14.415249, 38.497066 14.415918, 38.494886 14.419232, 38.493056 14.420608003, 38.491054002 14.421031, 38.487769 14.420687002, 38.487302 14.420965, 38.486979002 14.422077, 38.486940002 14.423442, 38.486249 14.42442, 38.485159 14.424765, 38.484205001 14.424574, 38.483956002 14.424216003, 38.483952001 14.422213, 38.483411002 14.421166, 38.482466 14.42056, 38.479975002 14.421146, 38.479265 14.420978003, 38.47798 14.418749, 38.477434 14.417043, 38.476571 14.415574002, 38.475779001 14.41568, 38.473366002 14.417237, 38.471964 14.417766, 38.468440812 14.415954112, 38.467189 14.415164002, 38.465931001 14.414746, 38.457932 14.413514, 38.455326002 14.413472002, 38.451095002 14.414707, 38.448833002 14.416278003, 38.447376 14.417817002, 38.446448 14.419143002, 38.446119001 14.421752, 38.446113 14.423255001, 38.446323 14.425249003, 38.446583 14.426306, 38.44671782 14.42792383, 38.446317002 14.429477001, 38.445241001 14.430315001, 38.443545002 14.431350002, 38.441008001 14.432394, 38.439051 14.432356, 38.437356 14.432621003, 38.435174 14.432368002, 38.433606 14.432560002, 38.432488 14.433477002, 38.431582 14.434791, 38.431398002 14.436744, 38.431159 14.442326, 38.429784 14.446355, 38.429265 14.448415002, 38.429693 14.450683, 38.429611 14.453259, 38.425262 14.458784, 38.42431 14.460261, 38.423494 14.462055, 38.423581 14.463284, 38.4244553 14.46625994, 38.424941002 14.468524002, 38.42466 14.469611001, 38.422788 14.470915, 38.420921001 14.471439, 38.418656 14.471277, 38.417026002 14.47071, 38.416389 14.470261, 38.415715076 14.469042361, 38.415016002 14.468193002, 38.414173 14.468249002, 38.410739 14.470321, 38.409303002 14.469626, 38.408217 14.469661, 38.407803002 14.470027, 38.406573162 14.470529673, 38.405375 14.471447002, 38.40365 14.470837, 38.402822 14.470393002, 38.401752001 14.470099001, 38.401233 14.470511002, 38.400897002 14.471593, 38.401006 14.476356, 38.401435924 14.479383145, 38.401451 14.481334002, 38.400812 14.483705, 38.39939 14.486942, 38.398872 14.487641, 38.398184001 14.488168, 38.397214 14.488405, 38.394782 14.487543, 38.393057002 14.486529, 38.391375 14.485194002, 38.38962 14.484182002, 38.388658 14.484616, 38.386899 14.486182, 38.384377001 14.487233, 38.383127001 14.487706, 38.379881 14.486378, 38.376019 14.485709, 38.375413 14.485944, 38.374073 14.487491, 38.373526 14.488698, 38.372185 14.490205001, 38.371323 14.49092, 38.370698 14.490963, 38.370072 14.490538002, 38.368507002 14.490342001, 38.367269 14.490575001, 38.366273 14.491674, 38.366105002 14.492195001, 38.364567002 14.494274, 38.362880999 14.498284002, 38.362777791 14.499002786, 38.361969001 14.500986, 38.361261 14.502267, 38.360839002 14.503791, 38.360701001 14.505999, 38.359165002 14.514444, 38.358496 14.515886, 38.358169317 14.516095373, 38.355726779 14.515648448, 38.355286 14.515023, 38.35357547 14.514635684, 38.348251328 14.512129254, 38.345158028 14.515460502, 38.345158028 14.521171205, 38.346170804 14.529078308, 38.34308113 14.533588667, 38.338733484 14.53616181, 38.332070992 14.539493058, 38.32445672 14.548772953, 38.318983958 14.554959552, 38.319221903 14.562573829, 38.315414767 14.566380967, 38.319221903 14.573281403, 38.319971764 14.577869095, 38.317005 14.582854, 38.309895465 14.591709986, 38.302565679 14.596838065, 38.298044702 14.601596987, 38.29685497 14.607307695, 38.292247259 14.608381072, 38.290192479 14.6130184, 38.286147395 14.613970185, 38.279960796 14.613494294, 38.273536254 14.61444608, 38.269729118 14.61849116, 38.270680902 14.622536244, 38.268539386 14.626105436, 38.270578788 14.630343477, 38.272822414 14.636099172, 38.27187063 14.64109604, 38.268301438 14.642523719, 38.26639787 14.648234424, 38.268624894 14.653972703, 38.267946793 14.659037058, 38.265446086 14.663462973, 38.265558718 14.6684306, 38.264576 14.672642001, 38.256166186 14.680595093, 38.254500566 14.679881252, 38.249027803 14.680119201, 38.249741642 14.682498665, 38.249265751 14.684164285, 38.245458614 14.682498665, 38.245220667 14.684640177, 38.242841205 14.688447316, 38.239509962 14.690112937, 38.235004179 14.692023428, 38.230705957 14.688923206, 38.226422925 14.687971422, 38.220236325 14.688209369, 38.21690508 14.690588832, 38.212384105 14.692016506, 38.201676533 14.690350885, 38.198583234 14.69296829, 38.194889375 14.694972541, 38.190255116 14.693920074, 38.19001717 14.687257585, 38.188113602 14.679643308, 38.182640845 14.682260717, 38.176216296 14.682498665, 38.169791752 14.67892947, 38.163129261 14.679881256, 38.155824586 14.68220731, 38.151469905 14.679881256, 38.146473037 14.676787955, 38.141714115 14.677977686, 38.136003406 14.682260717, 38.135527516 14.687971422, 38.133148052 14.693206237, 38.128627079 14.694158021, 38.122916371 14.694395969, 38.116729774 14.697727212, 38.113398528 14.697013374, 38.108639607 14.697251321, 38.106973982 14.701534354, 38.106260143 14.707958894, 38.101739171 14.710338358, 38.094124891 14.711290142, 38.092221323 14.714621385, 38.091226993 14.717095961, 38.086510618 14.71628701, 38.081989641 14.715097278, 38.07366153 14.717238794, 38.064381631 14.71628701, 38.057957085 14.715335226, 38.048915133 14.718428526, 38.03773167 14.723663338, 38.033448637 14.730563774, 38.027975876 14.736988319, 38.021313386 14.737226266, 38.015364732 14.741985187, 38.016554465 14.748647677, 38.020123654 14.754358387, 38.021789281 14.761972659, 38.020123654 14.766255691, 38.014412948 14.768159259, 38.005846891 14.767207475, 38.001563861 14.76863515, 38.001801807 14.77553559, 37.99989824 14.777439158, 37.99537726 14.774583803, 37.9899045 14.776725317, 37.988952719 14.780532458, 37.990380392 14.789574407, 37.988952719 14.794571276, 37.984907632 14.799092252, 37.985859419 14.80408912, 37.987655477 14.8072864, 37.984149003 14.811685, 37.98014871 14.804565011, 37.974438004 14.80099582, 37.968013459 14.803137336, 37.968489352 14.807896258, 37.970392919 14.814320804, 37.968251404 14.820031508, 37.967061675 14.830977028, 37.963492484 14.832642652, 37.960161238 14.836925681, 37.956354099 14.837163628, 37.951119286 14.838115412, 37.948263932 14.841208713, 37.949929559 14.847871201, 37.947312147 14.848585041, 37.942553228 14.851678339, 37.943505012 14.854295749, 37.944694743 14.860244401, 37.94112555 14.864527429, 37.93803225 14.869048405, 37.935176896 14.870714027, 37.931845654 14.870238137, 37.930893867 14.875948841, 37.92661084 14.874045273, 37.921138077 14.880469817, 37.919948347 14.889987662, 37.916172873 14.89410128, 37.91066845 14.891653284, 37.904005958 14.878804195, 37.880680687 14.83845321, 37.877922002 14.83257, 37.870186 14.817421, 37.852883003 14.789209003, 37.841590001 14.773469002, 37.832585004 14.761248, 37.826972999 14.751843003, 37.821576001 14.740132, 37.815030002 14.728889003, 37.80729 14.712587003, 37.799820003 14.700889, 37.790238001 14.685061, 37.776474002 14.664423, 37.767117 14.647208, 37.764058 14.643307, 37.759096783 14.613256348, 37.699372311 14.502135517, 37.622039832 14.358891965, 37.552083677 14.228497503, 37.542089942 14.211127436, 37.527575226 14.184715421, 37.522578358 14.182573906, 37.516867654 14.185429258, 37.514012301 14.185667206, 37.505446239 14.180908282, 37.499219985 14.182807888, 37.49543664 14.18566324, 37.496079095 14.191588096, 37.496935702 14.1946576, 37.495151105 14.197370188, 37.491296378 14.200082771, 37.481588181 14.203866114, 37.479518045 14.208506065, 37.476948227 14.213574315, 37.472206224 14.215120517, 37.468096633 14.215929982, 37.466668958 14.218214264, 37.467168644 14.223282517, 37.469024624 14.228422152, 37.470809218 14.232419647, 37.471451674 14.238844194, 37.471523057 14.248052706, 37.470666451 14.252407119, 37.46709726 14.255119708, 37.464313289 14.255405242, 37.459601962 14.254191715, 37.454890628 14.252335739, 37.450036524 14.251693284, 37.44718117 14.254620018, 37.446610103 14.258474746, 37.446895636 14.26097318, 37.445396574 14.263257462, 37.443183678 14.264042683, 37.440471091 14.26639835, 37.437829889 14.269896157, 37.434117929 14.272751514, 37.431191196 14.27403642, 37.426908163 14.275464096, 37.424124193 14.278462218, 37.419627013 14.284244307, 37.415700902 14.288455954, 37.413559387 14.290026397, 37.410846802 14.289598094, 37.408562519 14.289027024, 37.405778553 14.290026397, 37.402280745 14.293024519, 37.399068472 14.296165407, 37.395427893 14.298735225, 37.393571918 14.301376427, 37.393286378 14.30330379, 37.395213742 14.306373295, 37.397498028 14.30887173, 37.403280115 14.313226143, 37.403565651 14.314368284, 37.403351499 14.316581183, 37.402066593 14.318722697, 37.400567533 14.320435909, 37.399925077 14.322862959, 37.40021061 14.326432154, 37.403851188 14.334641292, 37.404279492 14.336782806, 37.403494266 14.338210484, 37.402137974 14.338424635, 37.400139229 14.337782181, 37.39885432 14.338281867, 37.393643299 14.342422129, 37.387504292 14.342493516, 37.384648936 14.341708291, 37.381508047 14.342207977, 37.380223137 14.34542025, 37.380865593 14.34820422, 37.380580061 14.352915554, 37.380865593 14.355057067, 37.382364655 14.356341976, 37.384577551 14.357555501, 37.386933218 14.358055188, 37.389146117 14.358911794, 37.390859329 14.360482238, 37.392144239 14.362766521, 37.39250116 14.365050803, 37.39250116 14.36662125, 37.390930713 14.366906783, 37.387504292 14.364908037, 37.385434158 14.364765268, 37.383863716 14.365907409, 37.382578806 14.367763389, 37.381864969 14.369762136, 37.381722199 14.372403337, 37.381079745 14.374045167, 37.380151756 14.374759004, 37.377225018 14.374116549, 37.375940109 14.37311718, 37.37386998 14.372546106, 37.371871233 14.374045167, 37.371371542 14.375901145, 37.372085386 14.378114046, 37.373655827 14.380541096, 37.373513057 14.382753994, 37.371799845 14.384038903, 37.367445433 14.385894881, 37.363947625 14.388179165, 37.362163031 14.391248669, 37.361663345 14.394032639, 37.358807989 14.398958122, 37.35559572 14.399957496, 37.351883761 14.401385175, 37.348814253 14.403455305, 37.347315196 14.405668202, 37.346958275 14.408095255, 37.34838595 14.410236767, 37.350027777 14.411450293, 37.351027154 14.414234264, 37.349599474 14.415162252, 37.346458589 14.41509087, 37.342675243 14.414162881, 37.338820517 14.415019484, 37.335322709 14.424156614, 37.333395349 14.427654424, 37.330468609 14.429510402, 37.327399801 14.430368116, 37.322545006 14.430723929, 37.317405368 14.432651292, 37.314478631 14.435221108, 37.313479259 14.441003198, 37.313622025 14.444857927, 37.313336489 14.44657114, 37.311337742 14.447213595, 37.307697166 14.446999443, 37.300915702 14.446999443, 37.295990219 14.447570511, 37.291979273 14.447536153, 37.28949429 14.446428369, 37.288352149 14.44528623, 37.287781078 14.443073329, 37.283997734 14.442502259, 37.276431048 14.442502259, 37.273147393 14.442073956, 37.271648333 14.442073956, 37.267722221 14.440789047, 37.263225044 14.440860431, 37.259655849 14.440360744, 37.254944516 14.43743401, 37.250090416 14.434792805, 37.247663367 14.434293118, 37.245236318 14.43450727, 37.243665871 14.435720797, 37.239311458 14.437862312, 37.229317721 14.445714533, 37.225819914 14.4458573, 37.221982315 14.444995796, 37.216896934 14.442787794, 37.213256362 14.440931817, 37.209258865 14.440003825, 37.208259494 14.437790926, 37.206649325 14.436203296, 37.206061377 14.434998004, 37.205975209 14.432651292, 37.2046903 14.430866695, 37.20226325 14.428939331, 37.199550664 14.427654424, 37.197908838 14.425441523, 37.195267636 14.424085231, 37.192840584 14.424085231, 37.187629568 14.420872958, 37.185345281 14.419873586, 37.182204397 14.418874211, 37.178563819 14.418017605, 37.176208151 14.417232386, 37.174138021 14.417161001, 37.170854365 14.418731446, 37.163715981 14.418088991, 37.161574469 14.418731446, 37.159939404 14.419768851, 37.158076661 14.419802204, 37.155792376 14.418874211, 37.145870024 14.410807838, 37.144014046 14.409451547, 37.142800518 14.409237395, 37.136947044 14.410308153, 37.135233833 14.409308778, 37.132092945 14.404882982, 37.126810544 14.39388987, 37.12623947 14.389678226, 37.125882552 14.384253055, 37.124312106 14.381754619, 37.122099209 14.379970023, 37.117816178 14.373831015, 37.116602656 14.371261196, 37.11653127 14.368976914, 37.117173723 14.366978167, 37.116317118 14.363908662, 37.11446114 14.362409601, 37.111558811 14.361118113, 37.110392259 14.359697018, 37.107965211 14.352415865, 37.104181867 14.342850432, 37.103539416 14.34020923, 37.102325888 14.337068345, 37.101683433 14.334569907, 37.101968967 14.332285628, 37.103325261 14.330001342, 37.106251998 14.326503535, 37.10843305 14.323391745, 37.108964584 14.321863589, 37.108654097 14.319661902, 37.106653324 14.317747249, 37.10609205 14.314651307, 37.106037846 14.311941234, 37.106323382 14.309942488, 37.105680928 14.307372669, 37.105680928 14.303589325, 37.105966465 14.301447813, 37.106894453 14.297807236, 37.106466149 14.29580849, 37.10660892 14.291525458, 37.10532401 14.289740864, 37.102540039 14.287956266, 37.099756069 14.286457209, 37.098328393 14.283958772, 37.098685311 14.279390207, 37.097114868 14.275392715, 37.094402282 14.272965662, 37.090547558 14.271252453, 37.084836849 14.270395846, 37.077698469 14.27082415, 37.075057264 14.270681379, 37.073201286 14.270110309, 37.072630213 14.268111562, 37.070917002 14.265898663, 37.067918881 14.265184827, 37.063136168 14.264685138, 37.058282063 14.266255585, 37.054498723 14.2688254, 37.047074806 14.269824774, 37.04100718 14.267540493, 37.037437985 14.263328845, 37.030228218 14.25797506, 37.025017198 14.25633323, 37.016451143 14.252264351, 37.012025341 14.252835423, 37.008527534 14.254691402, 37.006314636 14.257118455, 37.003816202 14.26040211, 37.001389152 14.262258088, 36.999247637 14.263257462, 36.995607064 14.263899917, 36.991609567 14.26561313, 36.989253905 14.267968796, 36.985970244 14.275678248, 36.984899487 14.279532976, 36.983900114 14.280817886, 36.980901992 14.282745249, 36.977975255 14.283887389, 36.975905124 14.285243681, 36.974406063 14.288741489, 36.972264548 14.291454077, 36.969409195 14.292881751, 36.963555721 14.295094649, 36.95977238 14.295380187, 36.946994673 14.293238671, 36.94264026 14.294309429, 36.934431118 14.299877366, 36.931932688 14.30101951, 36.927221352 14.301876116, 36.923937697 14.303232407, 36.919583284 14.303446559, 36.915871326 14.304303165, 36.913444277 14.305373923, 36.910303383 14.305873608, 36.906305893 14.307444053, 36.903664688 14.307729591, 36.901023486 14.309585567, 36.89995273 14.31151293, 36.89866782 14.314439667, 36.897025992 14.316938102, 36.893813719 14.316866721, 36.885319043 14.31522489, 36.880750478 14.315296274, 36.878037893 14.315938729, 36.871113664 14.320293142, 36.868329693 14.321435286, 36.865831258 14.321506667, 36.859192563 14.321078364, 36.855409219 14.321863589, 36.851982798 14.322149121, 36.850055434 14.319293769, 36.848841906 14.317794708, 36.847200081 14.316367031, 36.846272089 14.314511053, 36.844773028 14.313511678, 36.84277428 14.313011992, 36.841417988 14.311227398, 36.839490624 14.310228021, 36.837991563 14.310656324, 36.836563891 14.312369537, 36.834850678 14.313226143, 36.834208223 14.310442173, 36.833422998 14.309300033, 36.831852555 14.310656324, 36.830353494 14.312726459, 36.829425506 14.315510426, 36.828997203 14.31815163, 36.826213232 14.318080243, 36.820145606 14.317152253, 36.816362267 14.316795334, 36.806582682 14.31800886, 36.794875733 14.318508546, 36.782454948 14.320935596, 36.770391076 14.319222384, 36.764751754 14.319507921, 36.759540734 14.320792831, 36.755257705 14.32157805, 36.744764281 14.321863589, 36.74076679 14.322363273, 36.737340364 14.321078364, 36.734699164 14.317723327, 36.732272115 14.315296274, 36.729916447 14.313654446, 36.727489399 14.313011992, 36.723063597 14.312655073, 36.719494408 14.312869223, 36.715139995 14.312012617, 36.709857589 14.310299406, 36.704932107 14.30815789, 36.696294661 14.302661335, 36.693867613 14.301305043, 36.689370429 14.30101951, 36.681946512 14.301876116, 36.675736118 14.303089638, 36.671453091 14.305445305, 36.669026038 14.307301288, 36.666384837 14.309728336, 36.66210181 14.310656324, 36.659317839 14.309871103, 36.656034184 14.308514809, 36.65267914 14.307444053, 36.649324103 14.307444053, 36.644113083 14.310085257, 36.638759293 14.311655701, 36.633427042 14.312213724, 36.629764934 14.311584314, 36.626838195 14.310870476, 36.624768065 14.309371415, 36.622983471 14.307372669, 36.619913963 14.301376426, 36.617486912 14.299520449, 36.615345398 14.296950629, 36.612704195 14.295879872, 36.610277145 14.29566572, 36.607207642 14.296807861, 36.604780593 14.296522326, 36.602139393 14.293310054, 36.599926491 14.291668229, 36.597285288 14.291239925, 36.594073017 14.289383943, 36.590860747 14.286956893, 36.589076149 14.286100287, 36.587148788 14.287242428, 36.585792492 14.289241175, 36.583936514 14.291239925, 36.582437453 14.292239296, 36.58015317 14.291097155, 36.578154422 14.2904547, 36.576012908 14.290097781, 36.564877029 14.286100287, 36.561736145 14.284815378, 36.555026064 14.283673238, 36.555168829 14.281674491, 36.556025435 14.280603734, 36.557524495 14.277676995, 36.558452485 14.274893026, 36.561736145 14.273965036, 36.563050113 14.273366387, 36.56430596 14.270467228, 36.565733635 14.268968168, 36.566161939 14.266612501, 36.566090558 14.265184827, 36.564377345 14.264185451, 36.56359212 14.262686391, 36.561298499 14.26115, 36.561069 14.256090002, 36.55777 14.24139, 36.549061001 14.22141, 36.53447 14.171100001, 36.51094 14.107700001, 36.498711 14.06565, 36.475899 14.00936, 36.470020001 14.0004, 36.45285 13.981100003, 36.451908 13.975810001, 36.455688001 13.94641, 36.459461 13.93676, 36.474769 13.91034, 36.488659 13.86462, 36.498550001 13.845090001, 36.5009 13.832220001, 36.488911 13.82004, 36.484211 13.80832, 36.478809 13.800280003, 36.471759999 13.797980003, 36.467289001 13.785799999, 36.452259 13.764200002, 36.427818001 13.73707, 36.42242 13.7288, 36.394509001 13.635490002, 36.375278 13.582390002, 36.374111001 13.57366, 36.375771001 13.5601, 36.374149001 13.53023, 36.333118001 13.43896, 36.32774 13.42471, 36.327511 13.41919, 36.321411 13.40563, 36.292389 13.32424, 36.281380001 13.30516, 36.272228 13.297100003, 36.251591 13.28306, 36.246208 13.26996, 36.239449 13.23823, 36.22916 13.206730002, 36.218891 13.16879, 36.212841 13.13867, 36.198131001 13.09062, 36.19091 13.05751, 36.18343 13.040260001, 36.180889001 13.014970003, 36.171581 12.988170001, 36.150291001 12.94091, 36.149601 12.932400003, 36.153359 12.92551, 36.176842 12.90072, 36.182251 12.889920001, 36.181332 12.87681, 36.17667 12.860260001, 36.1763 12.792670003, 36.178200001 12.77819, 36.176129001 12.75336, 36.174271 12.74209, 36.15699 12.709650002, 36.155842 12.69862, 36.15773 12.68873, 36.15517 12.68091, 36.131512001 12.68433, 36.12167 12.68202, 36.111599001 12.68384, 36.109249 12.69211, 36.110161 12.702920001, 36.107811 12.7059, 36.100781 12.71256, 36.08226 12.72035, 36.078270001 12.72356, 36.068668 12.72446, 36.05135 12.71892, 36.041512001 12.719130003, 36.02346 12.72508, 36.00964 12.724590003, 35.984829 12.71972, 35.980621 12.71672, 35.965401 12.71186, 35.951840001 12.705400003, 35.936611001 12.703060003, 35.907360001 12.694730001, 35.88488 12.691920001, 35.840901 12.675720003, 35.806019 12.67034, 35.783798001 12.66362, 35.781197055 12.66488753, 35.777710713 12.66408297, 35.775331214 12.663131222, 35.775005495 12.66345694, 35.772483 12.662802, 35.77305 12.667510001, 35.774155 12.670145, 35.774261 12.670804001, 35.774112 12.671697001, 35.772731 12.672696001, 35.771881 12.673099, 35.768926 12.673121001, 35.766525 12.672313, 35.763124 12.668849, 35.762359 12.667765, 35.762325 12.667002001, 35.762628 12.666444, 35.764588 12.664866, 35.765258 12.663814, 35.765034 12.662715, 35.764588 12.662268, 35.764094 12.662189, 35.762803 12.661487, 35.762293 12.661631, 35.759934 12.66348, 35.759041 12.663623001, 35.758675 12.663288, 35.757878 12.661312, 35.756905 12.660164, 35.756076 12.659590002, 35.755455 12.659415001, 35.752219 12.659495001, 35.749844 12.66018, 35.748792 12.660148, 35.747182 12.659670001, 35.743776172 12.657896469, 35.741157 12.656801002, 35.739404 12.656530001, 35.738415 12.657215, 35.738049 12.658076, 35.738096 12.658491, 35.738861 12.659479, 35.741778 12.661152001, 35.742336 12.661822, 35.742321 12.662204001, 35.74079 12.662938, 35.74044 12.663193, 35.739372 12.663193, 35.738463 12.662826002, 35.73816 12.662236, 35.738033 12.661742, 35.73706 12.661296, 35.735833581 12.661390059, 35.735084 12.661965, 35.735148 12.663798, 35.735004 12.664309002, 35.734127 12.665201, 35.733777 12.66603, 35.731816 12.667417, 35.730175 12.668947001, 35.728963 12.66976, 35.728437 12.669601, 35.727959 12.66925, 35.727544 12.669186001, 35.727225 12.66933, 35.726795 12.66984, 35.725469416 12.670434691, 35.724946 12.670318001, 35.724691 12.669744, 35.724213 12.669569, 35.723703 12.669664, 35.723241 12.669999, 35.721647 12.670621, 35.719729311 12.671975228, 35.719096 12.672071002, 35.717375 12.670876, 35.716865 12.670764002, 35.713629 12.668517, 35.712402 12.668309001, 35.710967 12.668309001, 35.709795789 12.668756612, 35.707680001 12.66685, 35.699501 12.662690002, 35.689442 12.66013, 35.687569 12.65737, 35.690949001 12.62887, 35.688179001 12.61576, 35.681889 12.607460001, 35.670891 12.60398, 35.644909001 12.6039, 35.641869 12.60205, 35.614639001 12.55759, 35.610931 12.54815, 35.591389 12.51429, 35.561130001 12.47096, 35.544182001 12.43734, 35.541641 12.42928, 35.502579 12.367750003, 35.480751 12.32951, 35.465401 12.308070001, 35.44659 12.275350003, 35.431019 12.254130001, 35.42847 12.247910002, 35.437439 12.22818, 35.438480001 12.20381, 35.436161001 12.1992, 35.429649001 12.19228, 35.420090001 12.185800003, 35.40583 12.18667, 35.396019 12.18341, 35.354031 12.11334, 35.333660001 12.07301, 35.343529001 12.06018, 35.345451 12.04961, 35.34248 12.03373, 35.33297 12.019900002, 35.325741001 12.015960003, 35.305649 12.016560001, 35.30217 12.01218, 35.299961001 11.98435, 35.293281 11.96523, 35.2752 11.93595, 35.251251 11.9163, 35.246120001 11.91467, 35.217751 11.8897, 35.19751 11.87604, 35.193561001 11.871880002, 35.181919001 11.86631, 35.168911001 11.853370001, 35.15398 11.84939, 35.12561 11.82947, 35.109581 11.815830001, 35.08152 11.78234, 35.076222001 11.769440003, 35.062328 11.74959, 35.054711001 11.73438, 35.055271 11.71851, 35.059330001 11.70152, 35.066712 11.67558, 35.075199 11.658610002, 35.091919001 11.632480003, 35.09243 11.62352, 35.08791 11.596360002, 35.089588 11.54648, 35.082050001 11.51747, 35.060848 11.47298, 35.059422 11.437790001, 35.037281 11.3956, 34.998879 11.34573, 34.999130001 11.34297, 34.995190001 11.33973, 34.992008 11.325, 34.97868 11.293890002, 34.955620001 11.25375, 34.9538 11.247300001, 34.957588 11.236750002, 34.987141 11.20242, 35 11.18192, 35.006962 11.15977, 35.004940001 11.15275, 35.003052001 11.15078, 34.999008 11.12432, 34.980091 11.05547, 34.974739 11.044740003, 34.971241001 11.01863, 34.952461001 10.967490001, 34.951111 10.959440003, 34.952091001 10.95116, 34.960018 10.94822, 34.958229 10.93602, 34.960121 10.931900001, 34.975109 10.91428, 34.975151 10.908990002, 34.972401 10.900700003, 34.953220001 10.87898, 34.94442 10.87226, 34.9091 10.82861, 34.903869 10.808810002, 34.89904 10.800500002, 34.88747 10.79055, 34.880791001 10.78039, 34.872681001 10.77621, 34.863209 10.766040002, 34.854740001 10.74552, 34.84824 10.74296, 34.833351 10.74425, 34.81641 10.73885, 34.806753243 10.731945106, 34.786629 10.706480001, 34.781509001 10.70829, 34.77729 10.712860002, 34.776771001 10.720680002, 34.780109001 10.74392, 34.775349001 10.75952, 34.7621 10.758980002, 34.756489001 10.76285, 34.7239 10.80287, 34.69907 10.82846, 34.67685 10.844630001, 34.669159 10.84803, 34.662590001 10.855340003, 34.641781001 10.87037, 34.634041001 10.879520002, 34.608291 10.900950001, 34.601978001 10.904130001, 34.541599 10.85818, 34.508709 10.83955, 34.493450001 10.82818, 34.472149 10.816060001, 34.450062001 10.78555, 34.437462001 10.76086, 34.417019 10.729670002, 34.412861 10.725730002, 34.384460001 10.672410001, 34.332359 10.62027, 34.318741 10.60867, 34.309638147 10.599403066, 34.294575999 10.584899, 34.295260999 10.584132001, 34.296209 10.58332, 34.296487999 10.583059001, 34.296794 10.582716, 34.296847 10.582579, 34.29667 10.5821, 34.296883 10.581782, 34.296851 10.581593, 34.296794 10.580957, 34.296806 10.580624, 34.296721999 10.580135, 34.296984 10.579597, 34.296795999 10.579349001, 34.296485999 10.579225, 34.296643999 10.578906, 34.297189999 10.578572, 34.297165999 10.578298, 34.297580999 10.578087, 34.297955 10.577433, 34.297632 10.576989001, 34.297809999 10.576437, 34.297865 10.575775, 34.297950999 10.575373999, 34.298452999 10.575096, 34.298582 10.574503, 34.298331 10.574223, 34.298029999 10.574058, 34.298194 10.573411, 34.298446 10.572951, 34.298372 10.572198, 34.29862 10.571988, 34.298001 10.571014, 34.297928999 10.569949001, 34.297415 10.570062, 34.296285 10.569375, 34.296202 10.56899, 34.296551787 10.568246707, 34.295802999 10.563546, 34.295980999 10.56284, 34.296221 10.562613, 34.296047 10.562311, 34.295543 10.56217, 34.295559 10.561813, 34.295731 10.561416, 34.294762 10.560932, 34.294574999 10.560143999, 34.294433 10.559473, 34.293498999 10.558962, 34.292700999 10.556969, 34.29267 10.556343, 34.2932 10.555794, 34.292261 10.554167, 34.291453999 10.553576, 34.290451 10.552496, 34.289955999 10.552091001, 34.289562999 10.551249, 34.289832999 10.550312, 34.290241999 10.549897, 34.290319999 10.549305, 34.289945 10.548226, 34.289338 10.547720999, 34.288369 10.547238, 34.288257999 10.546656, 34.287413 10.545854, 34.287389 10.545341, 34.287610999 10.545143001, 34.287426 10.544059, 34.287300999 10.543152, 34.286801 10.542937, 34.286064 10.543137, 34.285156999 10.542813, 34.284360944 10.542063546, 34.284095 10.541397, 34.284454999 10.539022, 34.284644999 10.537884, 34.284001 10.536814, 34.283713999 10.536571, 34.282683999 10.536363, 34.281976999 10.536755, 34.281741999 10.537547, 34.280570999 10.538613, 34.280252 10.538638, 34.283273284 10.527928224, 34.28294 10.527240001, 34.282089 10.518270001, 34.289829 10.5089, 34.304008 10.50787, 34.308910001 10.50561, 34.314319 10.49761, 34.32542 10.4754, 34.324120001 10.46481, 34.313080001 10.45162, 34.302818 10.428780002, 34.296711 10.40874, 34.29591 10.39448, 34.31493 10.341530003, 34.317410001 10.32293, 34.349911 10.20918, 34.345261001 10.18248, 34.34652 10.16985, 34.344509 10.16041, 34.33355 10.13964, 34.33067809 10.123575335, 34.324009 10.11497, 34.307659001 10.10059, 34.249771 10.06128, 34.238041001 10.04946, 34.232109001 10.038610002, 34.221451 9.983366, 34.22506 9.968, 34.222401001 9.927758, 34.224640001 9.909851, 34.222690001 9.893518002, 34.209221 9.869966, 34.20425 9.854987, 34.201821 9.841179, 34.173531001 9.764877, 34.160702 9.722946, 34.153179 9.708864, 34.139919 9.663713003, 34.124069 9.622677001, 34.113480001 9.590647, 34.108539 9.57429, 34.106831001 9.557962, 34.107436125 9.496214086, 34.112195047 9.444460809, 34.116061671 9.326082624, 34.124389785 9.171715091, 34.128851274 9.100628694, 34.137774253 9.028352567, 34.144128092 8.971528096, 34.141899 8.822776, 34.144402 8.774806001, 34.142979 8.752751002, 34.144291 8.709596001, 34.143058514 8.625936032, 34.142180794 8.615225205, 34.140428992 8.600540646, 34.135989657 8.601834181, 34.131825601 8.600644451, 34.129743572 8.596777826, 34.127661544 8.591424038, 34.124687218 8.585772819, 34.119630863 8.581906194, 34.109815586 8.572090918, 34.107138693 8.567034563, 34.097620849 8.555137259, 34.09434909 8.554839826, 34.090185033 8.556624422, 34.08423638 8.555732123, 34.078585161 8.550973201, 34.074718536 8.547106577, 34.066687856 8.541455357, 34.05925204 8.536993868, 34.05360082 8.532234946, 34.046165004 8.528665756, 34.040513785 8.526286293, 34.034267699 8.520337641, 34.035159997 8.509332635, 34.029508777 8.496543031, 34.026534451 8.48851235, 34.022066653 8.488620995, 34.016719174 8.48970208, 34.01285255 8.48970208, 34.010770522 8.491486676, 34.008093628 8.494461002, 34.003929572 8.495948165, 33.99917065 8.495650733, 33.992032267 8.491784111, 33.984893884 8.490891811, 33.978647798 8.493568705, 33.977160635 8.4953533, 33.974186309 8.500707089, 33.970617117 8.502789116, 33.964965898 8.499517357, 33.961099273 8.496543031, 33.954555756 8.493866137, 33.948904536 8.49981479, 33.939386692 8.500707089, 33.934925202 8.497137896, 33.92897655 8.494461002, 33.926894521 8.489999513, 33.918566408 8.487620053, 33.910535727 8.487620053, 33.906074238 8.487025187, 33.896853826 8.482266265, 33.894771798 8.478697075, 33.890012876 8.473343286, 33.884659089 8.465610038, 33.879900167 8.46233828, 33.877223273 8.458471655, 33.874546379 8.453117867, 33.875685238 8.44695409, 33.87273 8.443567, 33.874299394 8.441023938, 33.879305301 8.437948803, 33.884064223 8.433487314, 33.879602734 8.431107853, 33.881684762 8.427538662, 33.880495032 8.42396947, 33.876330975 8.421292577, 33.875141245 8.418318251, 33.876033542 8.414749059, 33.875141245 8.410585002, 33.871572053 8.4114773, 33.870679755 8.413261896, 33.868002862 8.413261896, 33.865028535 8.416236222, 33.86169729 8.413618815, 33.860507559 8.411715247, 33.857176314 8.412191138, 33.856938368 8.412904977, 33.853607123 8.411953193, 33.853369176 8.409335785, 33.8519415 8.409573731, 33.849324093 8.410763463, 33.846944632 8.411001409, 33.844803117 8.409573731, 33.842661602 8.405290701, 33.840995979 8.404100971, 33.839330356 8.407670163, 33.83909241 8.409573731, 33.835999111 8.409573731, 33.835761165 8.405766595, 33.83361965 8.403149186, 33.830050459 8.402673295, 33.827670998 8.400531779, 33.825529483 8.398866157, 33.82386386 8.399104103, 33.821484399 8.400531779, 33.818791395 8.403905854, 33.816487531 8.405290701, 33.813632178 8.404338917, 33.810538878 8.402197402, 33.811490663 8.400055887, 33.811936887 8.397389885, 33.807921471 8.398152318, 33.806255848 8.398152318, 33.803638441 8.397676427, 33.801972819 8.398390264, 33.80125898 8.398390264, 33.798403627 8.397200534, 33.795548274 8.396248749, 33.792454975 8.391965721, 33.79031346 8.391013935, 33.788885783 8.388872421, 33.789599621 8.385303229, 33.791979082 8.38339966, 33.790075514 8.380068414, 33.787834867 8.380189153, 33.785792484 8.380068414, 33.783650969 8.37911663, 33.781033562 8.376261277, 33.78055767 8.375071546, 33.778892047 8.374595654, 33.776988478 8.375071546, 33.771515718 8.372454139, 33.769374203 8.369598786, 33.764377335 8.371502355, 33.759380467 8.374595654, 33.751290299 8.377688954, 33.745817539 8.377213061, 33.740582725 8.375309492, 33.736299695 8.373405924, 33.732016665 8.370074678, 33.727733635 8.369122894, 33.71583633 8.371264409, 33.712743031 8.37364387, 33.711315354 8.376975116, 33.708460001 8.377451007, 33.702987241 8.377451007, 33.697752427 8.378402792, 33.695610912 8.383875553, 33.688710475 8.386255013, 33.688234583 8.391489827, 33.690053799 8.395282307, 33.68775869 8.402673295, 33.685855122 8.405290701, 33.683475661 8.407670163, 33.681300924 8.409232783, 33.678716739 8.412667031, 33.678716739 8.422660767, 33.676002009 8.425549344, 33.674195763 8.428609419, 33.674671655 8.433606288, 33.6791 8.437964, 33.678954685 8.444789756, 33.674909601 8.447407161, 33.669674787 8.447407161, 33.661584619 8.450024568, 33.658253374 8.453831708, 33.655635967 8.45787679, 33.649449368 8.461683928, 33.642310985 8.462873657, 33.637314117 8.463111604, 33.633744926 8.465729012, 33.63041368 8.465729012, 33.626780776 8.465461017, 33.621371728 8.470487933, 33.618040483 8.470963825, 33.61518513 8.470012041, 33.612567723 8.466680796, 33.609712369 8.464301334, 33.606381124 8.46097009, 33.603287825 8.457400897, 33.600670418 8.452166083, 33.60114631 8.446693324, 33.598290957 8.442886186, 33.594245873 8.44621743, 33.593056142 8.449548676, 33.589011059 8.448120999, 33.583538298 8.44693127, 33.577589646 8.447883054, 33.573306616 8.449786624, 33.569499478 8.451690192, 33.566120131 8.455318051, 33.567120017 8.460018304, 33.567120017 8.462397765, 33.561409311 8.462635712, 33.561409311 8.465491065, 33.56450261 8.470487933, 33.561171365 8.474533016, 33.555936551 8.472629448, 33.55355709 8.469774095, 33.546180761 8.469298202, 33.542849515 8.46763258, 33.534045509 8.471677664, 33.529286587 8.470487933, 33.525955342 8.468584364, 33.519768743 8.468822311, 33.51691339 8.471439717, 33.513820091 8.473819179, 33.508347331 8.473343286, 33.505491977 8.471915609, 33.502636624 8.475008909, 33.500019217 8.479291938, 33.494546457 8.481195507, 33.490739319 8.4785781, 33.48764602 8.476674533, 33.489787535 8.470249987, 33.489704905 8.468015238, 33.486577992 8.463570269, 33.484076828 8.46097009, 33.479317906 8.458828576, 33.476462553 8.45668706, 33.473369254 8.457638844, 33.470513901 8.459542412, 33.465517032 8.458352682, 33.459806326 8.456449113, 33.454809458 8.452166083, 33.450764374 8.447169215, 33.44552956 8.44621743, 33.434584039 8.444789756, 33.427445656 8.452404029, 33.418641651 8.450738408, 33.414834513 8.44574154, 33.407220238 8.443600024, 33.401985424 8.438365209, 33.398178286 8.43479602, 33.397226502 8.427895582, 33.394609094 8.426467904, 33.390326065 8.427895582, 33.38509125 8.431464772, 33.382711789 8.435747804, 33.377952867 8.437651372, 33.372955999 8.437413425, 33.370100646 8.440030832, 33.3698627 8.444075916, 33.368197077 8.446455377, 33.355110042 8.447883054, 33.348447551 8.450738408, 33.342736845 8.449072784, 33.337739976 8.448358945, 33.332505162 8.44931073, 33.329411863 8.451928138, 33.322987318 8.453831708, 33.31799045 8.456925006, 33.31680072 8.464301334, 33.312041798 8.467156687, 33.30823466 8.465966958, 33.307044929 8.46097009, 33.305379307 8.458352682, 33.301572169 8.455973222, 33.302392189 8.451252483, 33.299430654 8.446455377, 33.296337355 8.44264824, 33.291340487 8.440744672, 33.287533349 8.440744672, 33.284202104 8.444789756, 33.281108805 8.450262514, 33.281108805 8.455021436, 33.279443182 8.458352682, 33.273494529 8.462159819, 33.269211499 8.462635712, 33.269449446 8.457400897, 33.265642308 8.455735276, 33.258979817 8.452404029, 33.255648572 8.449786624, 33.244703051 8.448596892, 33.242085644 8.445979484, 33.246130728 8.442172347, 33.250651704 8.440982616, 33.250651704 8.440030832, 33.245178943 8.437889318, 33.243037428 8.435747804, 33.240657967 8.431464772, 33.239473679 8.427935816, 33.237326722 8.427181742, 33.234471369 8.426705851, 33.230664231 8.426943796, 33.226381201 8.428371473, 33.224477633 8.430750936, 33.219718711 8.435033964, 33.216387465 8.430750936, 33.213294166 8.428133527, 33.214941349 8.421763498, 33.21615512 8.415343498, 33.21609205 8.407173494, 33.210676759 8.406956325, 33.205441945 8.407908109, 33.196875885 8.408146054, 33.191203819 8.405412013, 33.189361175 8.402246707, 33.189956402 8.398355321, 33.193782586 8.396486695, 33.193034529 8.393939198, 33.188547771 8.391251881, 33.18794616 8.38318619, 33.1875 8.381957, 33.192652925 8.353731549, 33.196875885 8.35294256, 33.204252214 8.354370236, 33.211152651 8.358891214, 33.215197735 8.359842998, 33.217815142 8.358891214, 33.218291034 8.353180505, 33.217577196 8.343186769, 33.212526383 8.337997271, 33.2075927 8.332049988, 33.203974725 8.331628476, 33.199493292 8.333668925, 33.196399993 8.335810441, 33.191165178 8.334620709, 33.191601203 8.330092842, 33.195210262 8.324626973, 33.1990174 8.318202428, 33.202348645 8.313681453, 33.203062484 8.309398423, 33.200473926 8.302772027, 33.200481 8.302238, 33.197507612 8.299740385, 33.186406256 8.29916674, 33.175936628 8.301070309, 33.173081275 8.300118525, 33.170411418 8.296354268, 33.170266076 8.29062974, 33.175936628 8.287745328, 33.17423792 8.285342117, 33.170463868 8.27846543, 33.169750029 8.269423478, 33.172093824 8.261849149, 33.176888412 8.255622604, 33.183075011 8.252529305, 33.188309825 8.251101628, 33.199493292 8.245628868, 33.205679891 8.241583784, 33.201396861 8.224451665, 33.198779454 8.216123551, 33.18926161 8.21255436, 33.178316089 8.207319545, 33.171415652 8.203036517, 33.166418784 8.19851554, 33.166894676 8.191377157, 33.173557167 8.190663318, 33.178316089 8.189473588, 33.176888412 8.182811098, 33.176650466 8.178766014, 33.179743766 8.173293253, 33.188071879 8.169010224, 33.189023664 8.165441032, 33.184264742 8.16377541, 33.182599119 8.160920058, 33.18465416 8.158203821, 33.187595987 8.148546859, 33.19045134 8.140932585, 33.193544639 8.136887501, 33.192354909 8.128083495, 33.188310697 8.126227674, 33.18069555 8.128797333, 33.174033059 8.130462955, 33.170701814 8.129511171, 33.166894676 8.125466087, 33.167132622 8.118327704, 33.164753161 8.11428262, 33.158804509 8.111903161, 33.154521479 8.112379051, 33.150476395 8.115710297, 33.143575958 8.116186189, 33.131916599 8.114044675, 33.124064378 8.111903161, 33.11906751 8.109761644, 33.118720257 8.104366844, 33.11906751 8.093343363, 33.121684917 8.077876868, 33.121684917 8.067883132, 33.121922863 8.061934479, 33.11591181 8.061493315, 33.112222472 8.06798481, 33.106694313 8.075497406, 33.095510846 8.076925084, 33.090513978 8.076925084, 33.084089433 8.07406973, 33.085279164 8.069310807, 33.088134517 8.061458586, 33.086269 8.059187, 33.085170287 8.058255804, 33.080520242 8.058841179, 33.079092565 8.055271987, 33.080758188 8.05146485, 33.082185864 8.047419766, 33.081947918 8.042422898, 33.078717128 8.037545052, 33.076599 8.023042001, 33.075150657 8.021213448, 33.07147829 8.021483641, 33.069336775 8.022673371, 33.064577853 8.020055965, 33.060532769 8.017200611, 33.054584117 8.015772934, 33.049349303 8.015534988, 33.041021189 8.012917582, 33.038118247 8.007111696, 33.039355566 8.001258222, 33.036028545 7.997957577, 33.035916949 7.994093223, 33.037127962 7.98793895, 33.038165836 7.984364049, 33.040545297 7.980318966, 33.041021189 7.973418529, 33.037214051 7.967945769, 33.03479 7.966375, 33.027475391 7.960310831, 33.021509609 7.959379709, 33.01413328 7.957714086, 33.011991765 7.953431056, 33.006043112 7.950337757, 33.000808298 7.947958297, 32.998190891 7.944864997, 32.999380621 7.941533751, 33.003663651 7.940819913, 33.006043112 7.937488667, 33.006281058 7.932729745, 33.00128419 7.922022172, 32.999618568 7.917977088, 33.00128419 7.912742273, 33.00441 7.910826002, 33.008422573 7.906079784, 33.010564088 7.900607022, 33.016988633 7.893230694, 33.014847118 7.890137394, 33.01103998 7.890137394, 33.006994897 7.890375339, 33.004615436 7.88918561, 33.004615436 7.883474903, 33.003187759 7.879429819, 33.001034364 7.875112606, 33.00082 7.873695002, 33.006148581 7.859776426, 33.00965474 7.853675179, 33.015798902 7.849924503, 33.019368094 7.845879419, 33.022699339 7.837789251, 33.025576165 7.830219403, 33.032217183 7.825891946, 33.03792789 7.821608916, 33.042686812 7.816374102, 33.04768368 7.81232902, 33.049587249 7.807094206, 33.049111356 7.799955822, 33.046798646 7.795603097, 33.044114488 7.79334092, 33.044685559 7.790104854, 33.047731269 7.791056638, 33.048111983 7.791818065, 33.051157693 7.790675923, 33.054964831 7.789724139, 33.055726258 7.793721633, 33.058200897 7.795625203, 33.061056251 7.795054132, 33.062008035 7.790675923, 33.064292318 7.789914496, 33.065434459 7.791627708, 33.069812667 7.79086628, 33.07266802 7.791437351, 33.070574095 7.794102347, 33.072287307 7.794483061, 33.074381232 7.794292704, 33.076665515 7.796196273, 33.080091939 7.795625203, 33.085041218 7.795244488, 33.086183359 7.79638663, 33.08675443 7.799813054, 33.088467641 7.800955195, 33.09341692 7.803239477, 33.09341692 7.799813054, 33.092655493 7.797338414, 33.09589156 7.796576989, 33.096081917 7.793721633, 33.098175842 7.792389135, 33.100079411 7.792579492, 33.10198298 7.794673419, 33.106361188 7.795054132, 33.106932259 7.791246995, 33.105409404 7.789533782, 33.105301 7.788032, 33.102173337 7.785345931, 33.098175842 7.784013433, 33.100840839 7.783252005, 33.104481 7.783701, 33.10502869 7.780396652, 33.1080744 7.779825581, 33.109787612 7.782490577, 33.10750333 7.784394146, 33.111881538 7.785536289, 33.115117605 7.782871292, 33.114927248 7.787249499, 33.117592244 7.788772355, 33.121780096 7.787439857, 33.125016163 7.788772355, 33.127490802 7.79086628, 33.127110088 7.787249499, 33.128442586 7.786107358, 33.130536512 7.785917001, 33.134724363 7.790675923, 33.137579717 7.789153068, 33.137770074 7.785726646, 33.14100614 7.785917001, 33.14043507 7.790485566, 33.145003635 7.790104854, 33.146716847 7.788581998, 33.149952914 7.790675923, 33.152808267 7.790295211, 33.155979 7.788998001, 33.156805762 7.794102347, 33.157947903 7.796576989, 33.159470758 7.7982902, 33.159470758 7.800574481, 33.158899687 7.803620191, 33.160803256 7.803049122, 33.163087539 7.801335909, 33.165942892 7.800384125, 33.169178959 7.798099842, 33.172034312 7.799241984, 33.171653598 7.79638663, 33.170130743 7.795054132, 33.165562178 7.796196273, 33.16422968 7.795244488, 33.166513962 7.790295211, 33.169369316 7.792198779, 33.172224669 7.794483061, 33.174508951 7.795625203, 33.17584145 7.793911992, 33.175651093 7.791437351, 33.178316089 7.790485566, 33.181361799 7.789914496, 33.184217152 7.791056638, 33.185930364 7.789533782, 33.185359294 7.783252005, 33.189356788 7.781919508, 33.190879643 7.784203789, 33.188595361 7.787249499, 33.189927859 7.789153068, 33.192212141 7.786297715, 33.195257851 7.784584503, 33.197542134 7.784584503, 33.201729985 7.785345931, 33.203633554 7.782300221, 33.202491413 7.778493084, 33.202778633 7.774746993, 33.204135995 7.773991561, 33.205537123 7.775828087, 33.20629855 7.777922012, 33.210105688 7.778112369, 33.211057472 7.776018444, 33.20877319 7.772782378, 33.210486402 7.772211307, 33.213151398 7.773353447, 33.215245324 7.773543804, 33.218671748 7.771640235, 33.222098172 7.768784882, 33.225334239 7.767833098, 33.225524595 7.771449878, 33.224763168 7.77392452, 33.22647638 7.774495589, 33.228189592 7.777350943, 33.231425659 7.777350943, 33.234281012 7.781348436, 33.236946008 7.781348436, 33.24113386 7.777731655, 33.244369927 7.775447373, 33.244560283 7.778873797, 33.248367421 7.777922012, 33.250651704 7.776589515, 33.247605994 7.772782378, 33.249509562 7.771259523, 33.251984202 7.770307739, 33.253507057 7.767452385, 33.252745629 7.764216317, 33.253697414 7.76040918, 33.256172053 7.76040918, 33.25636241 7.765358458, 33.258646693 7.761932034, 33.264357399 7.758695967, 33.267783823 7.758124897, 33.269116321 7.755840615, 33.27159096 7.754698474, 33.276730596 7.755840615, 33.27711131 7.75241419, 33.275969169 7.749178123, 33.281870232 7.751652763, 33.285106299 7.751652763, 33.285106299 7.748035982, 33.283964158 7.74327706, 33.288342366 7.744799916, 33.293482002 7.748416698, 33.296337355 7.748416698, 33.297098782 7.744990272, 33.292092 7.742027, 33.292189465 7.73869297, 33.294053072 7.736233856, 33.29645703 7.734832935, 33.297378 7.735859001, 33.298240924 7.737947067, 33.296908426 7.740802421, 33.301667348 7.742896347, 33.30338056 7.742705989, 33.303190203 7.738137424, 33.300874639 7.734508632, 33.303570916 7.733378502, 33.304903415 7.730713506, 33.303570916 7.727858153, 33.30338056 7.72557387, 33.305474485 7.726525656, 33.30642627 7.728429224, 33.307758768 7.729000294, 33.307568411 7.725383513, 33.310804478 7.726906368, 33.314040545 7.729000294, 33.315753757 7.730903863, 33.317657326 7.728809937, 33.317466969 7.725954584, 33.319180181 7.722337803, 33.320893393 7.71643674, 33.320322322 7.712058534, 33.319560894 7.709393536, 33.324129459 7.708441752, 33.325652315 7.711868175, 33.327555883 7.711677818, 33.33022088 7.710154964, 33.332124448 7.713200673, 33.334599088 7.713771745, 33.336693014 7.712058534, 33.337835155 7.709012822, 33.340690508 7.708061037, 33.34240372 7.711487461, 33.341642292 7.713771745, 33.339929081 7.715104242, 33.33935801 7.717388524, 33.344497646 7.716246383, 33.347333224 7.717930269, 33.347543356 7.723099232, 33.349637281 7.728429224, 33.351921564 7.729952078, 33.35401549 7.725764229, 33.357822627 7.724051016, 33.359726196 7.721386019, 33.36356547 7.720244175, 33.365480123 7.724058185, 33.365056189 7.725764229, 33.365056189 7.727667797, 33.366007973 7.729761722, 33.365436903 7.731855647, 33.367150114 7.732046005, 33.373051178 7.730713506, 33.378761884 7.733568859, 33.379523312 7.73413993, 33.38085581 7.737756711, 33.380665453 7.74213492, 33.381997951 7.742705989, 33.382569022 7.73851814, 33.385043661 7.73661457, 33.386566516 7.736995283, 33.388660442 7.741944563, 33.391706152 7.740231351, 33.390754368 7.735662786, 33.392277223 7.73166529, 33.394561505 7.729761722, 33.396465074 7.731094221, 33.400081855 7.730142435, 33.402569 7.733291, 33.402366137 7.736233856, 33.401033639 7.739660279, 33.403127565 7.741183135, 33.40769613 7.738327782, 33.410551483 7.738327782, 33.41378755 7.738898852, 33.417023617 7.738898852, 33.420069327 7.739850636, 33.420640398 7.74327706, 33.421401825 7.745370986, 33.423835996 7.745213535, 33.425970391 7.750510622, 33.428635387 7.752033479, 33.426922175 7.755840615, 33.429777528 7.756221328, 33.432061811 7.755269544, 33.435678588 7.754888831, 33.436820733 7.752223834, 33.439485729 7.750891335, 33.439676086 7.748987767, 33.444054294 7.749178123, 33.447861432 7.748987767, 33.449955357 7.746703485, 33.448813216 7.744799916, 33.446338577 7.745561344, 33.444054294 7.745942056, 33.444054294 7.743467417, 33.449765001 7.741183135, 33.454286314 7.738978116, 33.45528535 7.744609558, 33.457379276 7.745751701, 33.461757484 7.746893841, 33.463089982 7.750320266, 33.461757484 7.753556332, 33.465374265 7.752223834, 33.468039261 7.749178123, 33.471275328 7.75184312, 33.476414964 7.748987767, 33.479270317 7.747845625, 33.482316027 7.745942056, 33.48212567 7.742705989, 33.483648525 7.739850636, 33.483458168 7.738327782, 33.484029239 7.735662786, 33.487265306 7.734711, 33.488788161 7.733188146, 33.490882087 7.733188146, 33.491453157 7.735282071, 33.494689224 7.737566356, 33.497734934 7.741754205, 33.499638503 7.740612064, 33.499067433 7.737566356, 33.499962 7.734961002, 33.501085629 7.730365019, 33.504016712 7.730523149, 33.505158853 7.732046005, 33.504016712 7.735282071, 33.505158853 7.735472428, 33.506491351 7.734520644, 33.509156347 7.732236362, 33.512963485 7.733759216, 33.516389909 7.736804927, 33.518674191 7.73718564, 33.518483834 7.73413993, 33.515628481 7.731284578, 33.51584271 7.728496114, 33.517151336 7.728429224, 33.520006689 7.729000294, 33.524194541 7.729000294, 33.525527039 7.726716013, 33.524575255 7.724431729, 33.524765612 7.721576376, 33.523768591 7.718832995, 33.52057776 7.71586567, 33.52057776 7.714152457, 33.52515 7.715665, 33.528382392 7.717578883, 33.531237745 7.717578883, 33.531808816 7.712248889, 33.534664169 7.710154964, 33.537709879 7.709393536, 33.539523868 7.70637022, 33.541517017 7.704634613, 33.540558356 7.701345076, 33.538471307 7.699494979, 33.538471307 7.697591411, 33.539994162 7.696068554, 33.543039872 7.693403557, 33.546085582 7.691880702, 33.54989272 7.691119276, 33.551605932 7.694355342, 33.548369865 7.697781766, 33.553454365 7.698266512, 33.555793783 7.700066048, 33.559410564 7.699304622, 33.563027344 7.698162479, 33.565501984 7.699494979, 33.566644125 7.699494979, 33.567215196 7.698162479, 33.565882698 7.695497483, 33.567786266 7.694355342, 33.571593404 7.693403557, 33.574639114 7.692261417, 33.578446252 7.691309633, 33.581682319 7.689215706, 33.586060527 7.69016749, 33.589486951 7.692832487, 33.595768728 7.69264213, 33.599766222 7.689786777, 33.611187635 7.692261417, 33.617469412 7.694164985, 33.623941546 7.696639625, 33.62984261 7.695497483, 33.632126892 7.691499989, 33.635172602 7.689406065, 33.637607973 7.689959557, 33.640883309 7.694164985, 33.646974729 7.693403557, 33.649905382 7.691692014, 33.651791499 7.691119496, 33.653066149 7.688834992, 33.655350432 7.688073565, 33.661441852 7.687502495, 33.665248989 7.686169996, 33.666010417 7.683505, 33.667913986 7.679888219, 33.67495719 7.679507506, 33.676860759 7.677794293, 33.677241473 7.674367869, 33.679145042 7.670560732, 33.682048546 7.672497983, 33.683579 7.670310001, 33.686780786 7.671076159, 33.686949674 7.668086092, 33.689424313 7.664659668, 33.694563949 7.665801812, 33.697800016 7.665421096, 33.701416797 7.663898242, 33.698942157 7.659520034, 33.703320365 7.658948962, 33.70484322 7.662185031, 33.708460001 7.662375386, 33.712076782 7.661233247, 33.714170708 7.6627561, 33.716264633 7.661804315, 33.716645347 7.659139319, 33.717216418 7.656474323, 33.718168202 7.655522538, 33.722165697 7.65666468, 33.726353548 7.656474323, 33.72806676 7.653428613, 33.727305332 7.64943112, 33.729399258 7.646575766, 33.733967823 7.642007201, 33.735681035 7.639532561, 33.734538894 7.634583281, 33.734598184 7.631402021, 33.738155675 7.628682219, 33.738917102 7.623732939, 33.742429762 7.622103119, 33.745752681 7.621015198, 33.749767444 7.622971513, 33.75186137 7.622781155, 33.754145652 7.620496873, 33.754669 7.618096, 33.758511 7.613348002, 33.762330998 7.610979028, 33.762330998 7.607171891, 33.765757422 7.603935826, 33.769183846 7.60355511, 33.772800627 7.60355511, 33.775084909 7.602603325, 33.779268577 7.602362381, 33.780224545 7.599557616, 33.779463118 7.597082976, 33.780985973 7.592895125, 33.783460612 7.589468703, 33.786696679 7.586422991, 33.790503817 7.585851922, 33.794120597 7.582235141, 33.800783088 7.57728586, 33.802686657 7.574811222, 33.809158791 7.572146227, 33.811823787 7.572146227, 33.818295921 7.565293377, 33.822483773 7.563770522, 33.825910196 7.563199452, 33.835116773 7.563085284, 33.845897669 7.560724812, 33.854844442 7.559963384, 33.85922265 7.560915169, 33.86169729 7.559963384, 33.864743 7.558059815, 33.866646569 7.557679104, 33.868169424 7.554252678, 33.869692279 7.550064826, 33.872547632 7.546828761, 33.877116197 7.545876977, 33.880352264 7.548161258, 33.884730472 7.544163764, 33.888918324 7.541498767, 33.892535105 7.540927696, 33.898436168 7.53883377, 33.90014938 7.533123066, 33.903575804 7.529315926, 33.905098659 7.525889504, 33.904908302 7.52360522, 33.90072045 7.520749867, 33.898816882 7.517704159, 33.902814376 7.510280238, 33.905098659 7.508186313, 33.9062408 7.503237035, 33.909667224 7.497716686, 33.915187573 7.496574543, 33.916520072 7.495432402, 33.91842364 7.492386692, 33.922611492 7.491244551, 33.924134347 7.488008483, 33.927370414 7.484962774, 33.929464339 7.481917063, 33.928322198 7.478680998, 33.925657202 7.477538855, 33.925276488 7.473922074, 33.929905029 7.472495702, 33.933271477 7.473731717, 33.94059 7.474628, 33.944312176 7.470495652, 33.947548243 7.468592084, 33.954480852 7.468332046, 33.957150738 7.469205935, 33.957912166 7.468634864, 33.957045865 7.466842608, 33.95604 7.461929, 33.956304595 7.456853129, 33.957436273 7.454453276, 33.957912166 7.452549707, 33.957912166 7.451026853, 33.958768772 7.448837748, 33.960577162 7.448932927, 33.962004839 7.449979891, 33.964479478 7.449789533, 33.965716798 7.448552213, 33.966954118 7.446934179, 33.96800108 7.447314894, 33.968857686 7.446934179, 33.968572151 7.445220968, 33.971141969 7.444745077, 33.973426251 7.443507756, 33.976186426 7.442936686, 33.978089995 7.443031864, 33.979993564 7.442270436, 33.982563382 7.440557224, 33.984466951 7.43893919, 33.986180162 7.4371308, 33.987512661 7.435417588, 33.98694159 7.433989912, 33.988369267 7.432086344, 33.990748728 7.431324915, 33.991510155 7.429326169, 33.992842653 7.427708135, 33.993699259 7.425328674, 33.99550765 7.424567247, 33.997601575 7.425043138, 33.999505144 7.423996175, 34.000742464 7.421902251, 34.002550854 7.42009386, 34.004264066 7.417714398, 34.004549601 7.414859046, 34.005501386 7.410671194, 34.005120672 7.408672446, 34.007024241 7.407435129, 34.007404955 7.405150844, 34.007309776 7.403818348, 34.008547096 7.401629242, 34.007638858 7.399316381, 34.006072456 7.39687032, 34.005120672 7.393253539, 34.004549601 7.389922294, 34.005977278 7.385544087, 34.007785668 7.381356234, 34.010069951 7.379833379, 34.01378191 7.378024989, 34.016922799 7.377549098, 34.019016724 7.37555035, 34.020634758 7.373456424, 34.023966003 7.369649286, 34.02720207 7.365461436, 34.029010461 7.362320546, 34.033579026 7.358703765, 34.0363392 7.356324304, 34.033959739 7.34499807, 34.032817598 7.341190934, 34.031865814 7.337383796, 34.030541094 7.3344401, 34.030086283 7.328625121, 34.031580278 7.325391311, 34.032056171 7.322821493, 34.033198312 7.320632389, 34.032056171 7.318443287, 34.03329349 7.317015609, 34.033579026 7.315397575, 34.032151349 7.314636149, 34.033007955 7.31082901, 34.031960992 7.309401335, 34.032912777 7.30664116, 34.033388669 7.304452054, 34.033388669 7.302834022, 34.034816345 7.298170277, 34.0363392 7.296552245, 34.037386163 7.293887249, 34.038337948 7.292554749, 34.037481342 7.291222253, 34.036910271 7.289223505, 34.03881384 7.281609229, 34.039099375 7.277135842, 34.04185955 7.275327452, 34.040241516 7.272091387, 34.03881384 7.271329958, 34.03757652 7.271996207, 34.036148844 7.271805849, 34.033864561 7.269997459, 34.03183 7.270663, 34.025429 7.264231002, 34.024175442 7.264597661, 34.020825115 7.267427642, 34.018540832 7.267713177, 34.013210839 7.27056853, 34.012259055 7.269902281, 34.011693713 7.268248521, 34.011592806 7.265333715, 34.014257802 7.260003723, 34.015399944 7.256482122, 34.016446906 7.25591105, 34.019207081 7.254768911, 34.019968509 7.252484626, 34.020063687 7.249534095, 34.021138353 7.246222699, 34.023252892 7.243963795, 34.025203323 7.243252317, 34.028724925 7.242300533, 34.033388669 7.243823389, 34.035006702 7.24249089, 34.033103133 7.241348749, 34.031770635 7.239635537, 34.033103133 7.23639947, 34.038052412 7.231640548, 34.039955981 7.228975551, 34.040146338 7.227452697, 34.038337948 7.226215377, 34.038337948 7.224692523, 34.039575267 7.222503417, 34.041288479 7.22174199, 34.043192048 7.222122705, 34.045857044 7.222122705, 34.048902755 7.225453949, 34.050044896 7.226405733, 34.054518283 7.223074489, 34.058896491 7.22050467, 34.060609703 7.218030031, 34.061511308 7.215892801, 34.062989164 7.214127715, 34.065486297 7.214452462, 34.068033621 7.215269856, 34.06746255 7.216983068, 34.062989164 7.219743243, 34.065749338 7.221646811, 34.068414335 7.219362531, 34.071079331 7.218315566, 34.073458792 7.218220388, 34.074410577 7.214793966, 34.076314145 7.212128969, 34.076980394 7.209463972, 34.079645391 7.207179689, 34.082310387 7.205466477, 34.083336244 7.202123375, 34.086293272 7.200020759, 34.089163235 7.199470236, 34.09249448 7.198423273, 34.093065551 7.196805239, 34.096206439 7.19547274, 34.096872688 7.194235421, 34.09496912 7.192712566, 34.096491975 7.192046318, 34.098681079 7.193378815, 34.100489469 7.193473993, 34.102107503 7.189571677, 34.10163161 7.187477752, 34.100394291 7.186145253, 34.098395543 7.18452722, 34.098726575 7.18045696, 34.10286893 7.174247948, 34.10410625 7.171297418, 34.106104997 7.169774561, 34.108103744 7.171582952, 34.110578384 7.171202239, 34.114195165 7.168251706, 34.117907124 7.1673951, 34.12238051 7.167204744, 34.125616577 7.166633674, 34.129518893 7.163492784, 34.131898354 7.160922967, 34.135324778 7.15835315, 34.136655848 7.154670341, 34.139989309 7.151660798, 34.1400837 7.148073877, 34.142367983 7.145028168, 34.146079942 7.145218524, 34.148840117 7.14731245, 34.151505113 7.147502807, 34.155502608 7.146646203, 34.158357961 7.146836558, 34.16330724 7.145694417, 34.166828842 7.144552275, 34.170731158 7.142077636, 34.172254013 7.138936747, 34.177108114 7.135319966, 34.180915251 7.134558539, 34.182342928 7.134653717, 34.185198281 7.133797111, 34.187577742 7.1320839, 34.189862025 7.131227294, 34.191194523 7.129989973, 34.191194523 7.12837194, 34.193383627 7.125802124, 34.193954697 7.123898554, 34.195477553 7.121328737, 34.194811303 7.119044453, 34.193669162 7.117902312, 34.19163982 7.118581345, 34.189386132 7.118378205, 34.189100597 7.116664993, 34.190908987 7.115046959, 34.192907735 7.115046959, 34.191004166 7.113333746, 34.189870336 7.111723259, 34.191765593 7.109336253, 34.191670415 7.106671258, 34.191099344 7.104862866, 34.192907735 7.102197871, 34.195192017 7.100008765, 34.197285943 7.097438947, 34.19928469 7.096391984, 34.198903976 7.095345021, 34.195096839 7.094773952, 34.194421926 7.093962916, 34.192812556 7.093536631, 34.191860772 7.092489668, 34.19014756 7.088587354, 34.189100597 7.087350032, 34.188719883 7.084399501, 34.191670415 7.082305576, 34.191480058 7.080306829, 34.188092357 7.080381234, 34.186721136 7.080116471, 34.18586453 7.07897433, 34.187636131 7.077795299, 34.189195775 7.077737011, 34.19014756 7.076118976, 34.191860772 7.075833443, 34.190242738 7.07345398, 34.191670415 7.070979341, 34.196905229 7.069456486, 34.197857014 7.068599881, 34.196905229 7.067648096, 34.191765593 7.066410775, 34.189481311 7.065458991, 34.189290954 7.064412028, 34.191402592 7.063747458, 34.193288448 7.0649831, 34.195572731 7.065554169, 34.196905229 7.065268634, 34.197000408 7.063555422, 34.195192017 7.062508459, 34.194507858 7.061500571, 34.19508 7.059993001, 34.19623898 7.059272392, 34.195953445 7.058035073, 34.193859519 7.058320608, 34.192146307 7.058035073, 34.190718631 7.057178467, 34.190052381 7.055370076, 34.191289701 7.054799007, 34.192717378 7.056417039, 34.193859519 7.056131504, 34.196048623 7.052800258, 34.195763088 7.051753296, 34.191670415 7.050611154, 34.19138488 7.049564193, 34.194525768 7.049278656, 34.196619694 7.048326872, 34.196714872 7.047375087, 34.195572731 7.045281162, 34.193669162 7.045661875, 34.191765593 7.047470266, 34.191670415 7.046423303, 34.191860772 7.044614913, 34.191099344 7.042711344, 34.192819586 7.041621121, 34.193764341 7.039951169, 34.193954697 7.03928492, 34.194716125 7.03928492, 34.196143802 7.041949916, 34.197285943 7.04109331, 34.197190764 7.039570457, 34.198524959 7.038577277, 34.200046118 7.040236704, 34.200617188 7.039855991, 34.200712367 7.037857244, 34.202425579 7.037952422, 34.204329147 7.039094563, 34.205566467 7.039380098, 34.207470036 7.039380098, 34.208612177 7.041283668, 34.210135032 7.04109331, 34.209468783 7.039475279, 34.207945928 7.037762066, 34.207660393 7.03623921, 34.210230211 7.035668139, 34.210828828 7.037183892, 34.212324136 7.037762066, 34.213466278 7.03747653, 34.213043835 7.035233458, 34.21213378 7.035001892, 34.211181995 7.033954928, 34.211753066 7.033574214, 34.214257058 7.034081006, 34.214989133 7.034050108, 34.21575056 7.034335641, 34.216416809 7.036334388, 34.217749308 7.037857244, 34.22003359 7.038523493, 34.222032337 7.036334388, 34.220509482 7.034335641, 34.218510735 7.033383857, 34.217368594 7.032241716, 34.218365051 7.030179611, 34.220414304 7.031004396, 34.221080553 7.029005648, 34.223364836 7.028815292, 34.223935906 7.02776833, 34.223269657 7.026055117, 34.225458761 7.023294943, 34.223460014 7.022247981, 34.222349795 7.023193727, 34.220985374 7.022914228, 34.219748055 7.021867265, 34.219367341 7.019963697, 34.220223947 7.018155306, 34.219557698 7.016061381, 34.222603408 7.014824062, 34.223269657 7.017869771, 34.225078047 7.018155306, 34.225268404 7.015680667, 34.225871094 7.013924894, 34.227158921 7.013047219, 34.22859965 7.013206029, 34.229741791 7.012825314, 34.231264646 7.012063886, 34.232787501 7.012063886, 34.233358572 7.010445854, 34.233358572 7.00816157, 34.232121252 7.006733894, 34.231359824 7.005496574, 34.23288268 7.003497826, 34.23773678 7.001974971, 34.239573664 7.003407467, 34.240434691 7.003678981, 34.241639096 7.005020683, 34.243352308 7.005877288, 34.245351055 7.006638716, 34.246778732 7.00768568, 34.247254624 7.009494069, 34.24934855 7.008637464, 34.251331999 7.008284653, 34.251728011 7.010731388, 34.252870152 7.011207281, 34.254868899 7.010826566, 34.256962825 7.011778351, 34.25848568 7.008732641, 34.261721747 7.007019429, 34.2645771 7.009113354, 34.266290312 7.008827819, 34.264957814 7.007019429, 34.263625316 7.003402648, 34.264386743 7.00207015, 34.265624063 7.003021934, 34.266004777 7.005211038, 34.266766204 7.005306217, 34.267188707 7.003923988, 34.269508915 7.00296384, 34.271144412 7.003212293, 34.273333517 7.004639968, 34.275332264 7.004354432, 34.276569584 7.003212293, 34.27495155 7.001689436, 34.271390326 6.999961367, 34.269145665 6.999119618, 34.267717989 6.997787121, 34.26762281 6.99664498, 34.271082106 6.997237639, 34.272476911 6.997120871, 34.273809409 6.99854855, 34.275046729 6.997406406, 34.275332264 6.994551053, 34.275141907 6.991790878, 34.275617799 6.988649992, 34.277045476 6.987983741, 34.281328506 6.991410166, 34.283422431 6.991981235, 34.285230822 6.990839094, 34.284183859 6.988840347, 34.284374216 6.986746422, 34.285992249 6.984842852, 34.28713439 6.983034463, 34.287895818 6.981035715, 34.289228316 6.980179109, 34.289989744 6.977894826, 34.291227063 6.97827554, 34.291512599 6.981226071, 34.292940275 6.982082677, 34.293606524 6.980559823, 34.29389206 6.979036967, 34.295985985 6.978180361, 34.300364194 6.977894826, 34.303885796 6.97827554, 34.306265257 6.977514112, 34.305884543 6.976086436, 34.303600261 6.977133398, 34.301601513 6.97703822, 34.30302919 6.973802153, 34.302458119 6.971993763, 34.299602766 6.971327516, 34.298365446 6.970566087, 34.299412409 6.969519124, 34.3012208 6.969328766, 34.302077406 6.967805913, 34.302458119 6.965331272, 34.3012208 6.964189132, 34.299412409 6.963237348, 34.297604019 6.964379487, 34.29874616 6.966568592, 34.29750884 6.968091447, 34.295510093 6.969614303, 34.293987238 6.969519124, 34.294343359 6.967873622, 34.295304929 6.967213279, 34.292274026 6.965045738, 34.291036707 6.963998775, 34.29141742 6.962475919, 34.293606524 6.963046989, 34.294939023 6.964379487, 34.296176342 6.963713238, 34.296081164 6.961143421, 34.294367952 6.959144673, 34.294748666 6.957907354, 34.29693777 6.957241104, 34.297738326 6.95630421, 34.29780971 6.954091312, 34.297381407 6.953163321, 34.296239266 6.953020554, 34.295739579 6.952092565, 34.294311902 6.952235331, 34.293312529 6.951807028, 34.29259869 6.949308596, 34.29352668 6.947309848, 34.296667569 6.946239092, 34.2987377 6.946096322, 34.300165376 6.945739403, 34.300379528 6.947381231, 34.300165376 6.950664887, 34.301878588 6.952163948, 34.302877962 6.947238463, 34.305305012 6.943883424, 34.307803446 6.94252713, 34.310016345 6.942812666, 34.310730183 6.944668645, 34.308945588 6.946381857, 34.30973081 6.949736899, 34.311015719 6.950236584, 34.312015092 6.948594756, 34.315013213 6.945882171, 34.314085223 6.941813292, 34.315941203 6.941884677, 34.317154728 6.943026818, 34.31701196 6.940742535, 34.31736888 6.938672405, 34.319010708 6.936530889, 34.32072392 6.935460131, 34.321437758 6.936959192, 34.321794677 6.939386242, 34.32315097 6.939386242, 34.325006949 6.938529636, 34.326434626 6.93860102, 34.32707708 6.93802995, 34.326862929 6.93710196, 34.324721414 6.936459506, 34.323650657 6.934889061, 34.326363242 6.93317585, 34.325506636 6.931605404, 34.324578646 6.930606033, 34.325435252 6.9285359, 34.32707708 6.929249738, 34.327790919 6.927679294, 34.328361989 6.925823315, 34.330360737 6.925466395, 34.331859797 6.924823941, 34.332645019 6.921754436, 34.33471515 6.92125475, 34.336999433 6.923182114, 34.338641261 6.924324255, 34.339712018 6.924395638, 34.339069564 6.922396891, 34.339569251 6.9210406, 34.342067685 6.922182739, 34.34235322 6.924538407, 34.34085416 6.926251618, 34.340140321 6.928250365, 34.341211079 6.929606657, 34.343067058 6.929249738, 34.344708886 6.926679921, 34.345851028 6.923753183, 34.346279331 6.922111356, 34.347350088 6.921897205, 34.348563613 6.923396264, 34.350419593 6.924038718, 34.352346956 6.923824567, 34.35484539 6.922039971, 34.358343198 6.918113861, 34.359770875 6.917685558, 34.361198551 6.920398145, 34.363197299 6.9210406, 34.3658385 6.921326133, 34.3658385 6.919470153, 34.365410197 6.917899709, 34.366409571 6.915758194, 34.36919354 6.915258507, 34.373976257 6.912260386, 34.377331297 6.912617306, 34.380757721 6.912046235, 34.382899236 6.911332397, 34.383684458 6.911832084, 34.382256781 6.914330519, 34.382114014 6.916686185, 34.382399549 6.918970467, 34.384541064 6.919969842, 34.386825346 6.920540911, 34.388110255 6.919684305, 34.389894851 6.920469527, 34.391036992 6.922967962, 34.393749578 6.923396264, 34.393892345 6.925609165, 34.395534174 6.925823315, 34.395891093 6.923967335, 34.39546279 6.920969214, 34.399174749 6.920326759, 34.401102112 6.92182582, 34.40310086 6.9236818, 34.40459992 6.921683053, 34.404243001 6.919327387, 34.406670051 6.919327387, 34.408454647 6.920612297, 34.409382637 6.920826447, 34.41038201 6.918970467, 34.411381384 6.918185244, 34.412095222 6.918328012, 34.413665666 6.917471406, 34.414879192 6.916543416, 34.415307495 6.919684305, 34.415307495 6.922396891, 34.417306242 6.923467649, 34.418162848 6.922325508, 34.417734545 6.921111981, 34.416877939 6.919827072, 34.418662535 6.918827699, 34.420304363 6.919256002, 34.422445878 6.918684932, 34.422374494 6.917114488, 34.42380217 6.915329891, 34.425586766 6.91582958, 34.426657524 6.91904185, 34.428442119 6.91975569, 34.428941806 6.918113861, 34.428013816 6.917400022, 34.427728281 6.91568681, 34.428156584 6.914259134, 34.425087079 6.914330519, 34.424444625 6.911189629, 34.424301857 6.909405033, 34.425158463 6.908405661, 34.426728907 6.909262266, 34.425443998 6.911617932, 34.427299978 6.911903468, 34.428656271 6.911617932, 34.430012564 6.908262893, 34.432939301 6.907549055, 34.43479528 6.908262893, 34.433795907 6.910618559, 34.43144024 6.913045609, 34.430226715 6.915758194, 34.431083321 6.916828952, 34.433367604 6.915758194, 34.43422421 6.913973598, 34.435366351 6.912046235, 34.436294341 6.912545923, 34.43722233 6.916686185, 34.43907831 6.917828326, 34.441077057 6.918042477, 34.441719512 6.916900336, 34.440862906 6.915900962, 34.442147815 6.915615429, 34.444789016 6.918256629, 34.447216067 6.918899084, 34.448358208 6.917400022, 34.448144056 6.91582958, 34.447572986 6.91418775, 34.449072046 6.913402529, 34.450285571 6.913045609, 34.451784632 6.912189003, 34.45435445 6.911903468, 34.455282439 6.913259761, 34.451070793 6.914473285, 34.450285571 6.915615429, 34.449857268 6.917614174, 34.451427713 6.918399396, 34.45342646 6.918756315, 34.454497217 6.919541539, 34.454782753 6.921468903, 34.456139045 6.922468274, 34.458566096 6.921683053, 34.459993772 6.920112608, 34.459137166 6.918613547, 34.457138419 6.918328012, 34.457780873 6.916257882, 34.458994399 6.916543416, 34.460350691 6.917471406, 34.4616356 6.9166148, 34.458780247 6.911903468, 34.462135287 6.911332397, 34.464776489 6.911689317, 34.465847246 6.909547802, 34.466703852 6.909833336, 34.466132782 6.912688689, 34.467203539 6.912831458, 34.4687026 6.914044982, 34.469916125 6.918113861, 34.47170072 6.917542791, 34.473057013 6.916329265, 34.472512015 6.914640913, 34.470701347 6.913902216, 34.469559205 6.912974226, 34.468417064 6.911475165, 34.467988761 6.909690569, 34.468773983 6.908619811, 34.470273044 6.909190882, 34.470986882 6.908619811, 34.471986256 6.909476417, 34.472985629 6.909619185, 34.473913619 6.907049367, 34.476269286 6.905693074, 34.476483437 6.902837721, 34.4784108 6.902766338, 34.4784108 6.906406912, 34.479008668 6.906686633, 34.480052629 6.905978609, 34.480552315 6.90505062, 34.480052629 6.904051246, 34.479981245 6.903051873, 34.481177609 6.902487052, 34.482242434 6.899872507, 34.483336285 6.899625449, 34.486548557 6.901195893, 34.488404537 6.901410044, 34.48940391 6.901124509, 34.48847592 6.900267903, 34.486548557 6.899982369, 34.485763335 6.899268529, 34.485049497 6.898126388, 34.485406416 6.897269782, 34.486834092 6.896984247, 34.487191012 6.895770722, 34.486263022 6.893415055, 34.487833466 6.892701217, 34.488333153 6.892058763, 34.487333779 6.890416935, 34.487048244 6.889488945, 34.488261769 6.888989258, 34.489189759 6.890274167, 34.490902971 6.889703096, 34.491188506 6.888204037, 34.492973102 6.887490197, 34.495971223 6.886990511, 34.496827829 6.88549145, 34.497113364 6.883706855, 34.496685061 6.881993642, 34.496970596 6.881279805, 34.497898586 6.881779491, 34.498184121 6.883492704, 34.498826576 6.88434931, 34.499540414 6.883849622, 34.499825949 6.88192226, 34.500682555 6.880351814, 34.502110232 6.879780745, 34.504410695 6.880288067, 34.50560804 6.883849622, 34.506821565 6.884420693, 34.508320625 6.883207169, 34.508463393 6.881850875, 34.506607413 6.8804232, 34.506036343 6.87913829, 34.50617911 6.878210299, 34.508606161 6.877710613, 34.510676292 6.876854007, 34.512246736 6.875926017, 34.513674413 6.873855886, 34.515958695 6.872285442, 34.514459635 6.871286069, 34.514673786 6.870001161, 34.515887311 6.868073796, 34.516315614 6.866431968, 34.514316867 6.866431968, 34.510676292 6.867359958, 34.509748302 6.866788887, 34.510533524 6.865718129, 34.511818433 6.864861523, 34.512246736 6.863505231, 34.513174726 6.862077554, 34.512675039 6.860292958, 34.510475422 6.859337841, 34.51046214 6.857009302, 34.511033211 6.856081313, 34.51288919 6.856509616, 34.515459008 6.858008677, 34.517600523 6.860078807, 34.51959927 6.861506484, 34.521026947 6.861792019, 34.526023815 6.860578493, 34.52630935 6.859150818, 34.525595512 6.858008677, 34.526523502 6.855581625, 34.527451492 6.854510868, 34.529521623 6.853511495, 34.530520996 6.852226585, 34.529164704 6.851369979, 34.527451492 6.850798909, 34.52666627 6.849942303, 34.523239846 6.847943556, 34.522311856 6.846587263, 34.522311856 6.844017445, 34.522882927 6.842161466, 34.523596765 6.842161466, 34.523168462 6.844374365, 34.523239846 6.845802041, 34.525292569 6.846068632, 34.52723734 6.845944808, 34.527665643 6.844802669, 34.527023189 6.842661152, 34.52634127 6.841153671, 34.526680804 6.840112787, 34.528736401 6.8398058, 34.531163451 6.839734415, 34.533233582 6.838877809, 34.533590501 6.838021203, 34.532234208 6.837021829, 34.529521623 6.836236607, 34.528950552 6.835308618, 34.529023734 6.834095793, 34.530806532 6.833024336, 34.53301943 6.833952326, 34.534161572 6.83423786, 34.535589248 6.833167103, 34.534661259 6.832310497, 34.533090814 6.831668042, 34.531163451 6.830168982, 34.530924094 6.829215385, 34.530949299 6.827741932, 34.532271684 6.827174893, 34.534804026 6.827599165, 34.537231076 6.82752778, 34.537231076 6.826242871, 34.534849946 6.824009234, 34.534447107 6.822530912, 34.535018178 6.821602922, 34.537231076 6.82231676, 34.539586743 6.821602922, 34.54251348 6.81874757, 34.54344147 6.816320521, 34.542013793 6.815321145, 34.539165076 6.815106994, 34.536017551 6.815106994, 34.534589875 6.814250388, 34.536017551 6.811466418, 34.538016299 6.809895974, 34.535874784 6.807040621, 34.535446481 6.805184641, 34.534018804 6.804470803, 34.533447733 6.803328662, 34.533447733 6.802257904, 34.535375097 6.802043753, 34.537873531 6.803257279, 34.540728884 6.803328662, 34.542085177 6.802257904, 34.542013793 6.800401925, 34.542727631 6.79676135, 34.541871025 6.79676135, 34.541371339 6.797974874, 34.540586116 6.798331794, 34.538801521 6.797261036, 34.537516612 6.796904117, 34.534518491 6.797974874, 34.532948047 6.797189653, 34.53244836 6.795833359, 34.534232956 6.795333673, 34.535517865 6.794191533, 34.535124119 6.792709756, 34.532519744 6.791122029, 34.531234835 6.790122653, 34.531377602 6.788266673, 34.532805279 6.78783837, 34.534447107 6.786981766, 34.534018804 6.786125161, 34.53301943 6.785125785, 34.532948047 6.783769493, 34.533804653 6.783055655, 34.536802773 6.782484583, 34.536660006 6.781627977, 34.536160319 6.780414452, 34.53394742 6.779986149, 34.53301943 6.778986777, 34.534232956 6.776773878, 34.536874157 6.774489594, 34.536160319 6.772704999, 34.532305592 6.770634867, 34.532948047 6.769492726, 34.535089562 6.769278575, 34.535018178 6.768065051, 34.535446481 6.76620907, 34.536945541 6.765138313, 34.534732642 6.763853404, 34.534447107 6.762140192, 34.536660006 6.760141444, 34.538587369 6.759356222, 34.538587369 6.757571627, 34.53730246 6.756143951, 34.535946168 6.756215334, 34.534447107 6.757357475, 34.53152037 6.756215334, 34.53002131 6.754430739, 34.529521623 6.752146455, 34.529807158 6.749648023, 34.5307806 6.745663136, 34.53149923 6.745316141, 34.534090188 6.74757789, 34.535446481 6.747220972, 34.536445854 6.745579143, 34.538730137 6.744651155, 34.539372591 6.747149587, 34.541157187 6.748363113, 34.544083924 6.749291102, 34.545939904 6.74921972, 34.545011914 6.746792669, 34.543584237 6.744936689, 34.544155308 6.742295487, 34.54679651 6.742009953, 34.550008782 6.74308071, 34.550365701 6.741367498, 34.549580479 6.738226609, 34.549866014 6.735799558, 34.550165652 6.734900046, 34.550936772 6.734800185, 34.5525786 6.737798306, 34.554149044 6.736798933, 34.555291186 6.735371255, 34.556718862 6.734728801, 34.558217923 6.735942328, 34.55928868 6.736442013, 34.562358185 6.737013084, 34.563357558 6.739654287, 34.565713225 6.739297366, 34.567140901 6.737941074, 34.566783982 6.733729427, 34.568497194 6.732872821, 34.570638709 6.735371255, 34.572423305 6.735442639, 34.573708214 6.734229115, 34.573137143 6.733015589, 34.573565446 6.73173068, 34.574921739 6.731088226, 34.576420799 6.731873448, 34.577491557 6.733729427, 34.578276779 6.733943579, 34.579561688 6.733372509, 34.580489678 6.731373762, 34.581560435 6.72966055, 34.582631192 6.729375014, 34.583559182 6.730874074, 34.584415788 6.73173068, 34.586485919 6.729232247, 34.587913596 6.728018721, 34.588413283 6.728232872, 34.589198505 6.729517781, 34.58948404 6.73080269, 34.590768949 6.73023162, 34.591696939 6.728661175, 34.593481535 6.728946711, 34.595408898 6.730731307, 34.59712211 6.730445771, 34.598763938 6.729446399, 34.599977463 6.729446399, 34.601333756 6.730588539, 34.602832816 6.730874074, 34.60625924 6.733443892, 34.608043836 6.732158983, 34.609899816 6.73115961, 34.611827179 6.72966055, 34.612469633 6.725663054, 34.614753916 6.724592297, 34.616824047 6.723236004, 34.619322481 6.723307388, 34.621392612 6.724163994, 34.622606137 6.725377519, 34.623391359 6.728232872, 34.624105198 6.72930363, 34.62380279 6.731553355, 34.623177208 6.732944206, 34.623462743 6.735656791, 34.624247965 6.737370003, 34.624319349 6.740368123, 34.624961804 6.743509012, 34.626175329 6.743865931, 34.628887914 6.742795174, 34.630315591 6.741438881, 34.632314338 6.741153348, 34.634098934 6.741224729, 34.635954914 6.740296742, 34.638810267 6.740153972, 34.641380085 6.739797053, 34.643807135 6.735870942, 34.647876013 6.734300498, 34.649160922 6.732730054, 34.651802124 6.732087599, 34.653015649 6.731016842, 34.653680645 6.729676361, 34.654394483 6.727392076, 34.656393231 6.72410842, 34.657963675 6.71982539, 34.660533493 6.715827896, 34.662817775 6.714542987, 34.666958037 6.712829775, 34.669956158 6.71382915, 34.670527229 6.710545493, 34.672668744 6.706833533, 34.675666865 6.703264342, 34.678236683 6.700694524, 34.682091409 6.699409615, 34.68451846 6.699980685, 34.688230419 6.698838546, 34.691085772 6.697125333, 34.694226661 6.695554889, 34.697082014 6.692985072, 34.701079508 6.692842302, 34.704077629 6.691985697, 34.707218518 6.687988203, 34.710930477 6.685989456, 34.711216012 6.682991335, 34.709788336 6.680135982, 34.70707575 6.677851698, 34.706076376 6.674853577, 34.708788962 6.672712062, 34.711787083 6.664146003, 34.713928598 6.660576812, 34.71621288 6.659149135, 34.717069486 6.656722085, 34.714927971 6.655865479, 34.714499668 6.654866105, 34.717783325 6.653295661, 34.720210375 6.651439682, 34.722637425 6.649155398, 34.72477894 6.648298792, 34.726492152 6.647013884, 34.726492152 6.645015136, 34.727063222 6.642159784, 34.72906197 6.641160409, 34.732345626 6.641731481, 34.737628029 6.641303177, 34.740197847 6.638876129, 34.74248213 6.634593097, 34.745337483 6.630024532, 34.748192836 6.626169805, 34.749477745 6.622457846, 34.753189704 6.620459099, 34.75590229 6.619316958, 34.75832934 6.615604999, 34.765324955 6.610179828, 34.766324329 6.607181707, 34.764896652 6.604040818, 34.765182188 6.602184839, 34.768180309 6.595617527, 34.769750753 6.595189224, 34.771321197 6.596902436, 34.772606106 6.59961502, 34.774747621 6.602613142, 34.776460833 6.603898052, 34.777460207 6.602184839, 34.777317439 6.599757789, 34.778745115 6.597901808, 34.782171539 6.597045202, 34.783741984 6.595760293, 34.784313054 6.593047709, 34.787311175 6.590763425, 34.789738225 6.589478516, 34.792879114 6.589906819, 34.793878487 6.592048334, 34.791451437 6.593618779, 34.792165276 6.59533199, 34.795306164 6.598044577, 34.801159638 6.601328233, 34.804014991 6.602327606, 34.80715588 6.603898052, 34.810439536 6.604611888, 34.813294889 6.605040191, 34.816435778 6.607038939, 34.817863454 6.60575403, 34.820718808 6.604897424, 34.825572908 6.604469121, 34.82728612 6.606039566, 34.832996826 6.604897424, 34.83827923 6.603041446, 34.840135209 6.601328233, 34.842705027 6.603755282, 34.847559128 6.606753404, 34.849415107 6.608752151, 34.852841531 6.609751525, 34.861978661 6.609894292, 34.864120176 6.611464737, 34.864976782 6.609751525, 34.868117671 6.606753404, 34.871115792 6.604897424, 34.875113286 6.606039566, 34.87853971 6.607467242, 34.881372111 6.60325047, 34.886863182 6.601603149, 34.889361616 6.594821685, 34.889718535 6.591609413, 34.883293991 6.589824817, 34.88365091 6.588040221, 34.893287727 6.579474163, 34.895429242 6.579117243, 34.899712272 6.579117243, 34.909706008 6.579474163, 34.91291828 6.57626189, 34.908459 6.572642001, 34.914345957 6.566981991, 34.920413582 6.562342044, 34.926481208 6.560200528, 34.930764238 6.557345176, 34.936831863 6.557702094, 34.939877573 6.556036471, 34.939639627 6.554132902, 34.943684711 6.551515496, 34.94558828 6.548422198, 34.942970873 6.543187381, 34.943922657 6.538190513, 34.948681579 6.535335161, 34.953440501 6.534621322, 34.952012824 6.530814184, 34.951120785 6.526376922, 34.953916393 6.522724017, 34.958437369 6.520820448, 34.96081683 6.517965095, 34.958199423 6.513206173, 34.956342855 6.507792608, 34.958675315 6.504878059, 34.962958345 6.505116005, 34.967479321 6.507257521, 34.972476189 6.504640113, 34.977235111 6.500119137, 34.980566357 6.497263784, 34.981518141 6.492266916, 34.982707871 6.488221832, 34.985801171 6.485842371, 34.9931775 6.481321396, 34.999602045 6.478466044, 35.004836859 6.476562474, 35.009119889 6.474183012, 35.011975242 6.470375876, 35.017210056 6.461095977, 35.017685948 6.456575002, 35.017822686 6.451120647, 35.019539 6.447019, 35.020779248 6.443012073, 35.023396655 6.437539314, 35.019569128 6.434725025, 35.01957 6.434369, 35.01374 6.426988001, 35.012087406 6.417727308, 35.013640864 6.413982649, 35.014592649 6.409937565, 35.008807084 6.404022254, 35.007759 6.401669, 35.006086663 6.399887438, 35.001981506 6.400181775, 34.997698476 6.399467938, 34.996270799 6.396136691, 34.9931775 6.394233122, 34.99155 6.390102, 34.98949 6.384054, 34.991035985 6.383049656, 34.991749823 6.378766626, 34.990538314 6.376957266, 34.9921644 6.365943617, 34.993891338 6.362586292, 34.997936422 6.359492994, 34.999839991 6.352592556, 34.998888206 6.349023363, 34.993415446 6.347119795, 34.991035985 6.344026495, 34.989846254 6.339743465, 34.99057 6.333830001, 34.992225715 6.328084107, 34.992225715 6.325704645, 34.989281 6.322119, 34.985563225 6.319042155, 34.98461144 6.314521181, 34.98342171 6.311903772))"},"geometry":{"type":"Polygon","coordinates":[[[34.98342171,6.311903772],[34.979614572,6.309762257],[34.973427973,6.306906904],[34.969144944,6.300720306],[34.967241375,6.291916299],[34.966527537,6.285967647],[34.961985671,6.283793035],[34.961054776,6.281446672],[34.964148076,6.274308288],[34.964623968,6.267169905],[34.963196291,6.256938222],[34.959389154,6.253131085],[34.95234754,6.251468979],[34.950347202,6.249086001],[34.950585148,6.244089133],[34.955106124,6.241471727],[34.960102992,6.240044049],[34.963672183,6.23695075],[34.960920327,6.230063363],[34.966051644,6.222436038],[34.966051644,6.217201224],[34.967594853,6.210934204],[34.972000297,6.209349002],[34.972952081,6.204352134],[34.97485565,6.198879374],[34.975569488,6.194596346],[34.975569488,6.188171799],[34.978900734,6.1850785],[34.978900734,6.181985201],[34.976759219,6.175084764],[34.972328596,6.175134682],[34.969679381,6.167290184],[34.968179392,6.161570681],[34.96708558,6.155933705],[34.969620836,6.151528101],[34.968431105,6.148672749],[34.966765483,6.14724507],[34.96628959,6.144627665],[34.963921,6.139625],[34.964031382,6.13676177],[34.966051644,6.133920088],[34.964426656,6.126508633],[34.964729,6.118666002],[34.971286459,6.112980832],[34.973427973,6.107032179],[34.972714135,6.099179958],[34.971286459,6.092279521],[34.973427973,6.086568815],[34.97485565,6.086568815],[34.977137756,6.089029821],[34.984373494,6.0906139],[34.986990901,6.087282653],[34.989762,6.08116],[34.991749823,6.078716594],[34.998174368,6.080382216],[35.001981506,6.079668378],[35.00412302,6.076099186],[35.003171236,6.071102318],[35.0,6.065629559],[35.0,6.064573],[34.994389,6.043968],[34.99535,6.037928001],[34.992939554,6.036838079],[34.994843123,6.033030942],[34.99797545,6.030497129],[35.001505613,6.029223804],[35.003171236,6.02398899],[35.006026589,6.020419798],[35.008881942,6.016374715],[35.009532977,6.00813152],[35.005639372,5.997327764],[35.0061343,5.995871534],[35.005779761,5.994856077],[35.006419835,5.99394417],[35.006419835,5.992159575],[35.006633986,5.991231586],[35.006042228,5.990235092],[35.004349704,5.990089445],[35.003136179,5.988518999],[35.002636492,5.986377484],[35.001280199,5.982451374],[34.999709755,5.981095081],[34.997068553,5.979667404],[34.997354088,5.978311112],[34.997925159,5.97716897],[34.996069179,5.976383748],[34.994998422,5.972529022],[34.994927038,5.970244739],[34.99514119,5.968103224],[34.994284584,5.963106356],[34.993499362,5.961964214],[34.993356594,5.960251003],[34.993427978,5.95889471],[34.992499988,5.956824579],[34.993406877,5.955782834],[34.992785523,5.95404061],[34.992214453,5.953398156],[34.990929544,5.952827084],[34.990786776,5.952327398],[34.991643382,5.950185883],[34.991928917,5.948758206],[34.992859511,5.947232902],[34.993213826,5.944760712],[34.994335981,5.943453944],[34.99571226,5.940834602],[34.996711634,5.939692459],[34.997711008,5.937051258],[34.998567614,5.936194652],[34.9990673,5.933981753],[35.000209442,5.932839612],[35.000566361,5.930983632],[35.001422967,5.929698723],[35.002493724,5.928627967],[35.004492471,5.925843998],[35.005705997,5.923416947],[35.008061663,5.92198927],[35.009632107,5.920632978],[35.010702865,5.918991149],[35.011488087,5.91677825],[35.010417329,5.913637362],[35.010417329,5.911353079],[35.010631481,5.909497099],[35.010345946,5.90764112],[35.00948934,5.905570989],[35.00856135,5.904214696],[35.007704744,5.904286081],[35.006919522,5.902073181],[35.006419835,5.900003051],[35.00577738,5.89814707],[35.004920774,5.896933547],[35.003493098,5.896576626],[35.002636492,5.896576626],[35.00103,5.897048001],[34.99942422,5.896933547],[34.997996543,5.896433858],[35.001066048,5.893864041],[35.006348451,5.890009314],[35.04087443,5.836043138],[35.109410358,5.715794072],[35.125019622,5.686098398],[35.12273534,5.632798473],[35.207824865,5.577214264],[35.29177225,5.516680775],[35.304335804,5.506020789],[35.312140436,5.502784725],[35.314234361,5.498406515],[35.312140436,5.494218663],[35.310113981,5.488781148],[35.308333299,5.485081533],[35.306239372,5.482797252],[35.307952584,5.476896187],[35.307952584,5.473089049],[35.306810443,5.469852982],[35.307381515,5.463951919],[35.30704129,5.458338226],[35.305011332,5.456221889],[35.302727049,5.444039047],[35.299247492,5.434818222],[35.296721528,5.432923749],[35.29367582,5.42968768],[35.292914391,5.424167331],[35.292914391,5.406273784],[35.293485461,5.402085934],[35.293295105,5.398278798],[35.291391536,5.394090944],[35.290249394,5.389141668],[35.289487967,5.384192386],[35.289487967,5.380575605],[35.291772252,5.375816683],[35.294061256,5.373310116],[35.293919003,5.371593],[35.295071,5.365172],[35.29997834,5.353507365],[35.309917265,5.348326915],[35.312022515,5.345227519],[35.312260413,5.34616082],[35.312760102,5.346446353],[35.313045635,5.345803898],[35.31368809,5.346267896],[35.321027723,5.34163176],[35.340939817,5.347605392],[35.341028098,5.347517111],[35.342420084,5.347981105],[35.34370499,5.347802645],[35.344204678,5.348195256],[35.344448173,5.348657895],[35.345489587,5.348909096],[35.345882197,5.348909096],[35.346101127,5.349153781],[35.346831782,5.349372978],[35.34706003,5.349230324],[35.348023712,5.349408781],[35.349201546,5.349408781],[35.351842747,5.350265387],[35.35227105,5.350265387],[35.352913504,5.349622933],[35.353341807,5.348694945],[35.35430549,5.348266641],[35.355304862,5.348373717],[35.356090085,5.348659251],[35.356946691,5.3493374],[35.360158964,5.350622309],[35.360801419,5.350550923],[35.362407556,5.351336145],[35.363121392,5.35137184],[35.364263533,5.352406903],[35.36476322,5.353441968],[35.365120139,5.353870271],[35.36547706,5.353977347],[35.365120139,5.353477661],[35.365726902,5.353584737],[35.366583508,5.354548419],[35.367190273,5.35404873],[35.368189644,5.35401304],[35.368425447,5.353877577],[35.368867791,5.354191498],[35.370366852,5.354369958],[35.370922705,5.354195572],[35.371235071,5.354314055],[35.371707013,5.354943317],[35.37767155,5.355294752],[35.388421352,5.360265358],[35.389654763,5.36051325],[35.390211555,5.361084322],[35.393878965,5.362788906],[35.394780121,5.362569104],[35.395194147,5.361384133],[35.396036476,5.361769605],[35.396497613,5.361418147],[35.397064405,5.361812436],[35.399120257,5.361869543],[35.399748438,5.361940929],[35.401147561,5.361798159],[35.401818566,5.362097974],[35.402018441,5.362083694],[35.402204039,5.36184099],[35.402646622,5.361698222],[35.40340329,5.362669042],[35.404531154,5.363482817],[35.404710274,5.364389018],[35.405830338,5.36441081],[35.405987384,5.363939674],[35.406558453,5.36338288],[35.407129523,5.363839737],[35.407871916,5.363896844],[35.408214557,5.363468541],[35.40860003,5.363368603],[35.409056887,5.363497097],[35.409600978,5.364741006],[35.411194181,5.36485567],[35.4115696,5.364567855],[35.412112116,5.364539298],[35.412553002,5.364953465],[35.414305373,5.365079585],[35.422080933,5.371621611],[35.422391386,5.371392149],[35.423065596,5.371586113],[35.422803855,5.371901391],[35.423007462,5.372401155],[35.424064969,5.373162504],[35.424778808,5.372948352],[35.426872733,5.373233887],[35.427229654,5.373876342],[35.427610366,5.375066072],[35.429347373,5.375732323],[35.430584692,5.375756116],[35.431845807,5.376350982],[35.431679245,5.376874463],[35.43103679,5.377255176],[35.430965409,5.377635891],[35.431369915,5.378111782],[35.431988574,5.378159372],[35.432535851,5.378944594],[35.433796965,5.379610843],[35.433749375,5.380205711],[35.43413009,5.380634014],[35.434796341,5.380800573],[35.435438796,5.380205711],[35.435605355,5.380586422],[35.435533974,5.381371646],[35.435652944,5.381704772],[35.436747496,5.382418608],[35.437984819,5.382442402],[35.438436914,5.382727937],[35.43862727,5.383132445],[35.439126958,5.383584543],[35.44110191,5.383989051],[35.443053068,5.384917041],[35.443433782,5.385654674],[35.444528334,5.386725431],[35.445090093,5.388486379],[35.451199749,5.392355828],[35.451547744,5.390675337],[35.451833279,5.390366007],[35.452642298,5.390366007],[35.453070601,5.39079431],[35.453736848,5.391746094],[35.454141359,5.392079219],[35.45602113,5.392626496],[35.45647323,5.393697254],[35.456853942,5.394173144],[35.457173605,5.393911191],[35.45756778,5.395600822],[35.457446458,5.396486942],[35.458495772,5.397099883],[35.459280992,5.396576402],[35.46039934,5.397099883],[35.461136972,5.397266444],[35.461493891,5.397647159],[35.461530095,5.39931688],[35.461898401,5.399526932],[35.462897773,5.398955861],[35.462897773,5.399431754],[35.462683621,5.399645906],[35.462690821,5.400121253],[35.467994701,5.40379681],[35.468836518,5.405560856],[35.471440038,5.408259555],[35.471677986,5.408949597],[35.471654189,5.409354105],[35.471059324,5.410139328],[35.47134486,5.410805578],[35.471749368,5.410472452],[35.472296644,5.410305891],[35.472915304,5.411019729],[35.473177044,5.412042896],[35.47341499,5.412447405],[35.474342983,5.412613968],[35.47572307,5.411923923],[35.476294138,5.411733566],[35.47738869,5.411781158],[35.47769802,5.41149562],[35.478459448,5.411471829],[35.478982929,5.411781158],[35.48012507,5.413613341],[35.480101276,5.414184411],[35.480672346,5.415112401],[35.482004848,5.415969007],[35.482456942,5.415992802],[35.482528329,5.415136196],[35.483028013,5.414707893],[35.483646673,5.415064813],[35.484669841,5.416230749],[35.485050555,5.41639731],[35.485859571,5.415945212],[35.486502026,5.415992802],[35.486716177,5.416944586],[35.489523942,5.41789637],[35.489976042,5.418229495],[35.490451931,5.418848155],[35.491546484,5.418776772],[35.491998584,5.418372265],[35.492997954,5.418610209],[35.493473849,5.41856262],[35.494449426,5.417468067],[35.495129857,5.417140996],[35.496115049,5.418372265],[35.49663853,5.418372265],[35.497043038,5.418134317],[35.497637903,5.416873204],[35.498113796,5.416563875],[35.498375536,5.416801818],[35.498113796,5.416968381],[35.498327947,5.417230121],[35.498661072,5.417301507],[35.499089375,5.41772981],[35.499232142,5.418586417],[35.500350489,5.420085478],[35.50087397,5.420323421],[35.501682987,5.420252037],[35.501897139,5.419990296],[35.502801334,5.419657175],[35.503515172,5.41984753],[35.5042766,5.420442394],[35.504966643,5.421774894],[35.504776286,5.422298375],[35.504300395,5.422726678],[35.504324192,5.423154982],[35.504791236,5.423537107],[35.505526671,5.423739986],[35.507179544,5.423131185],[35.508059943,5.423392925],[35.508726192,5.423154982],[35.50944003,5.423511898],[35.509796949,5.424130558],[35.510572508,5.424017145],[35.51067735,5.42310739],[35.51098668,5.422655292],[35.511438779,5.422631501],[35.511890875,5.422821856],[35.512319178,5.422774266],[35.51373911,5.423489378],[35.514103776,5.423321542],[35.514484487,5.422869444],[35.515745602,5.422345963],[35.516221496,5.421941454],[35.517553992,5.419157485],[35.518077473,5.418752976],[35.518743723,5.418729182],[35.519100644,5.419181279],[35.524406842,5.418895746],[35.52466858,5.419109898],[35.524644786,5.419871324],[35.525384468,5.422594289],[35.526667328,5.422607704],[35.527833264,5.421037262],[35.528666077,5.420965875],[35.52940371,5.421965249],[35.529475092,5.422583909],[35.529760627,5.42284565],[35.530403081,5.42284565],[35.531045536,5.422274579],[35.532021115,5.422012838],[35.53230665,5.42165592],[35.532830132,5.421465564],[35.533900889,5.421417973],[35.534257808,5.421346591],[35.535875842,5.422274579],[35.536185172,5.422274579],[35.536875215,5.421727303],[35.537242986,5.422333373],[35.543207079,5.42161768],[35.544288739,5.420724926],[35.544822617,5.419347842],[35.544917795,5.418348469],[35.544775026,5.417753603],[35.54510815,5.416563875],[35.545703016,5.416516283],[35.545940962,5.416302132],[35.547582792,5.416159364],[35.548344217,5.416587667],[35.549248413,5.415992802],[35.549744817,5.416221721],[35.550169817,5.415870943],[35.551058901,5.415801879],[35.551675463,5.41463651],[35.552484482,5.414350974],[35.553150729,5.413827492],[35.553864569,5.414350974],[35.554804424,5.415510928],[35.555558734,5.415452331],[35.555411217,5.41520758],[35.555768137,5.414755484],[35.55579193,5.414017852],[35.555173271,5.413541957],[35.555339834,5.413304011],[35.555958493,5.413042271],[35.556291618,5.412661556],[35.55702925,5.412875708],[35.557290991,5.413541957],[35.556981661,5.414850662],[35.557219607,5.415064813],[35.559313533,5.415136196],[35.559646657,5.414945839],[35.560312906,5.413541957],[35.562168886,5.413066068],[35.563929687,5.412923297],[35.564595938,5.412542583],[35.566499506,5.412042896],[35.567779289,5.412131046],[35.568688609,5.413589549],[35.569961289,5.414320385],[35.570629826,5.414267171],[35.575276664,5.417068564],[35.575612841,5.416492488],[35.575826992,5.416635256],[35.575898376,5.416992178],[35.576326679,5.417301507],[35.577516409,5.417468067],[35.577564,5.417039765],[35.578111278,5.416849408],[35.578515784,5.416492488],[35.579242849,5.416318843],[35.579776897,5.416421105],[35.580062433,5.416778026],[35.580300379,5.418300879],[35.581323547,5.419609582],[35.581728055,5.419799939],[35.582108769,5.419776145],[35.582084975,5.419347842],[35.581823236,5.418848155],[35.581918414,5.417777397],[35.582275331,5.417563246],[35.583108146,5.418086727],[35.583703008,5.418253291],[35.583919894,5.418499094],[35.586907844,5.415476014],[35.587557737,5.414160617],[35.588033627,5.4138037],[35.588414343,5.413280217],[35.588842646,5.413161245],[35.58910147,5.413256602],[35.592133691,5.410089197],[35.59062724,5.40942549],[35.590175142,5.408521294],[35.59062724,5.408259555],[35.591007953,5.407545715],[35.592649782,5.40678429],[35.593625363,5.406546342],[35.594530134,5.405893766],[35.597771002,5.40022],[35.598393226,5.400519333],[35.598812586,5.39962211],[35.599193299,5.399170012],[35.60038303,5.399407958],[35.600502003,5.399812467],[35.601406198,5.400764251],[35.601667939,5.401382911],[35.602572134,5.401478093],[35.602738696,5.400835638],[35.604352627,5.399422728],[35.605046773,5.399407958],[35.606307888,5.399812467],[35.606664807,5.400121797],[35.606688602,5.400954608],[35.605713022,5.40266782],[35.605245401,5.403815663],[35.60623122,5.404289903],[35.606569628,5.403928934],[35.607212083,5.403809964],[35.607664183,5.404190675],[35.608972884,5.403976524],[35.609948463,5.403405453],[35.610471944,5.403286482],[35.610805069,5.403476838],[35.611043016,5.403881345],[35.610971631,5.404939374],[35.612987588,5.405163369],[35.617526609,5.400067603],[35.617372381,5.399836261],[35.617991041,5.397718541],[35.617967248,5.397028497],[35.617705506,5.396742962],[35.617895863,5.39564841],[35.618609703,5.394696626],[35.619394923,5.394387296],[35.619600857,5.394170524],[35.619607732,5.39167416],[35.619038006,5.390413599],[35.61901421,5.38836726],[35.618276578,5.387867576],[35.617872071,5.387058556],[35.618942825,5.384226998],[35.620465681,5.382061688],[35.6212747,5.38191892],[35.623059294,5.38351316],[35.62356959,5.384568945],[35.625400599,5.384856076],[35.626247772,5.383227624],[35.627104378,5.382846911],[35.628769999,5.382799321],[35.629269686,5.383441775],[35.631720531,5.384655302],[35.63222022,5.384512533],[35.63269611,5.384607711],[35.633671689,5.385369139],[35.634052403,5.385940211],[35.634052403,5.386212813],[35.636544254,5.386603573],[35.637162823,5.386887083],[35.637835747,5.385702263],[35.63940619,5.386368514],[35.64026812,5.388310346],[35.645045513,5.39043739],[35.647615331,5.39074672],[35.648638499,5.391293996],[35.64928946,5.392445127],[35.653053701,5.394170404],[35.653659162,5.394125557],[35.654139622,5.394265044],[35.657061791,5.392983414],[35.65668108,5.391793686],[35.656252777,5.39110364],[35.654515768,5.390270828],[35.654349205,5.389818731],[35.654468178,5.389247663],[35.654753716,5.388771768],[35.656205185,5.388581412],[35.657156969,5.387677216],[35.658418084,5.387463064],[35.661202053,5.38620195],[35.662106248,5.386178155],[35.663021273,5.386345209],[35.664033612,5.387653424],[35.665794413,5.38893833],[35.666674813,5.388438643],[35.667769365,5.38831967],[35.668649766,5.38770101],[35.669934675,5.387320298],[35.670957843,5.387463064],[35.672552082,5.386178155],[35.674550829,5.385987798],[35.675978506,5.386130566],[35.676573371,5.386725431],[35.676954085,5.387605832],[35.67804864,5.388295879],[35.679000424,5.38836726],[35.679642879,5.388795563],[35.680261537,5.389485606],[35.680409972,5.390297715],[35.681950953,5.390407783],[35.681784391,5.388629],[35.682117515,5.388153108],[35.682855148,5.387915162],[35.683426219,5.388081726],[35.683426219,5.388795563],[35.684044879,5.38965217],[35.684520773,5.390009087],[35.686257777,5.390556364],[35.686805053,5.390580158],[35.687542686,5.390318417],[35.688018579,5.389937704],[35.688208935,5.389081098],[35.687756838,5.386535074],[35.688066168,5.386463692],[35.68854206,5.386677844],[35.68916072,5.38753445],[35.689446255,5.38903351],[35.689898353,5.389390428],[35.690493218,5.389176276],[35.691563975,5.389414222],[35.693175684,5.391209548],[35.697107437,5.391490387],[35.699059278,5.391317791],[35.699180512,5.391499642],[35.702199844,5.390927916],[35.702223961,5.390722928],[35.703389897,5.390270828],[35.704270297,5.390151855],[35.704532038,5.389771144],[35.70562659,5.389319044],[35.706483196,5.389271455],[35.706863913,5.389461811],[35.707006696,5.390017715],[35.712634343,5.388952092],[35.717031452,5.3895056],[35.716183958,5.388417953],[35.716405549,5.387344091],[35.716905235,5.386297128],[35.71738113,5.38589262],[35.718689831,5.385916415],[35.720141304,5.386987173],[35.720260275,5.387796189],[35.720658767,5.388215655],[35.723854281,5.385566054],[35.723329782,5.384774276],[35.722972861,5.383632132],[35.722972861,5.382418608],[35.723258396,5.381823742],[35.724227803,5.381084596],[35.723632528,5.375182161],[35.727582526,5.375182161],[35.72761281,5.374899511],[35.728160086,5.37428085],[35.728921513,5.37432844],[35.729230843,5.374851921],[35.72961156,5.375066072],[35.730254011,5.375066072],[35.730991647,5.374804332],[35.731988087,5.375182161],[35.743591621,5.374741611],[35.743983501,5.374423618],[35.744411804,5.37432844],[35.744740888,5.374686884],[35.747063076,5.374576304],[35.74573082,5.372213851],[35.745910865,5.371187551],[35.746267784,5.371044784],[35.747243364,5.371092372],[35.74743372,5.370735455],[35.748433093,5.371044784],[35.748885191,5.371568265],[35.748599656,5.374066699],[35.749504554,5.374289506],[35.755458027,5.368165968],[35.754786255,5.368118046],[35.754405541,5.368332198],[35.75362032,5.368046662],[35.753215813,5.368046662],[35.752763713,5.368451171],[35.752311615,5.368546349],[35.751883312,5.368427376],[35.751407423,5.367880102],[35.751264652,5.367285235],[35.752168847,5.366428629],[35.752858891,5.366143094],[35.753453756,5.364929568],[35.753763086,5.364667829],[35.755000407,5.364453677],[35.756356699,5.364477474],[35.756642234,5.3643585],[35.756951564,5.363763633],[35.756618439,5.362764261],[35.755952191,5.362145599],[35.755190763,5.362026629],[35.753905854,5.361526939],[35.753858268,5.360932074],[35.754215184,5.360170646],[35.757332278,5.358623999],[35.758498214,5.358362256],[35.759212052,5.357933953],[35.759997275,5.357791185],[35.760782496,5.35688699],[35.760758704,5.356530071],[35.759997275,5.35631592],[35.75980692,5.355673465],[35.760259015,5.355245162],[35.764327893,5.353674718],[35.770800027,5.350914543],[35.771728017,5.34929651],[35.772394266,5.348939592],[35.774868905,5.349463073],[35.775368592,5.350129321],[35.774654754,5.350938338],[35.774654754,5.351342846],[35.773940918,5.352461196],[35.771490073,5.353769896],[35.771323508,5.355316548],[35.772061141,5.355887617],[35.772703596,5.356387306],[35.772666549,5.356813358],[35.775772801,5.356517526],[35.775915868,5.355435522],[35.776391763,5.35522137],[35.777105599,5.35522137],[35.777652876,5.35538793],[35.778433582,5.356264115],[35.77910036,5.356200613],[35.785528893,5.353032263],[35.786409291,5.351961506],[35.787146924,5.351985301],[35.78774179,5.351675971],[35.788527011,5.349677225],[35.789716742,5.347987808],[35.789835715,5.347607092],[35.790192635,5.347583298],[35.791429954,5.348225752],[35.792072408,5.348178163],[35.795094326,5.346155621],[35.797640349,5.346179418],[35.798425569,5.345846292],[35.799377354,5.345655937],[35.801376104,5.345965266],[35.802939619,5.347172667],[35.808579286,5.344487115],[35.818966595,5.342194226],[35.819483799,5.341325315],[35.819840718,5.339778666],[35.819888307,5.33923139],[35.819388621,5.337827508],[35.82000728,5.337137466],[35.82067353,5.337137466],[35.821315984,5.336709162],[35.821839465,5.335781171],[35.823386118,5.335709787],[35.824052364,5.335471841],[35.826384236,5.336376037],[35.828168835,5.337280232],[35.829215796,5.33808925],[35.830286554,5.338327194],[35.833189494,5.336495011],[35.833998513,5.336495011],[35.83466476,5.336161885],[35.838525658,5.336209132],[35.840653366,5.33446828],[35.838709844,5.332354749],[35.838636852,5.327624887],[35.845848227,5.325739846],[35.848322866,5.3255019],[35.848500913,5.325551753],[35.849427069,5.32413654],[35.855172121,5.322001635],[35.855342276,5.321742351],[35.856365445,5.321171281],[35.856914295,5.321354231],[35.85997564,5.320216612],[35.863183598,5.307454653],[35.857834125,5.293804594],[35.854966785,5.29039963],[35.853676656,5.291213869],[35.852653485,5.291261456],[35.851820674,5.29071418],[35.851511344,5.289905163],[35.851463755,5.289238914],[35.851627732,5.288982699],[35.849634743,5.286200818],[35.845285734,5.279466867],[35.8349913,5.272389447],[35.830433633,5.263274113],[35.828076828,5.262501386],[35.828275116,5.257956616],[35.828156141,5.257076215],[35.828536855,5.25595787],[35.828370293,5.255148852],[35.827823017,5.254768138],[35.827656454,5.25353082],[35.826752259,5.252460063],[35.826442929,5.250556494],[35.826466725,5.250151984],[35.826300162,5.24977127],[35.826680877,5.248129442],[35.828013374,5.246606589],[35.827585071,5.245892749],[35.827751635,5.245512035],[35.827645711,5.245464829],[35.829512434,5.24372744],[35.830630783,5.242180789],[35.831558771,5.24187146],[35.831987074,5.241490747],[35.832248814,5.240967266],[35.833010242,5.240729318],[35.833866848,5.240991061],[35.833938235,5.240610345],[35.834533097,5.240562759],[35.835056578,5.240277221],[35.835818006,5.240205837],[35.836127336,5.239848918],[35.836365284,5.238540217],[35.837483628,5.236327315],[35.838245056,5.234994817],[35.838601977,5.233686114],[35.839696527,5.232662946],[35.839720322,5.230735582],[35.839101662,5.227428131],[35.839363403,5.226547731],[35.839173046,5.225619741],[35.83888751,5.225001081],[35.837555012,5.224096886],[35.837198094,5.222597825],[35.836817379,5.22200296],[35.836555639,5.220741846],[35.837055325,5.217934082],[35.837483628,5.217244038],[35.837959523,5.21436489],[35.838173674,5.212937214],[35.837911931,5.212461322],[35.837935726,5.211866456],[35.837555012,5.210248425],[35.83769778,5.208606595],[35.838847974,5.206935553],[35.840560272,5.206494349],[35.843558392,5.199741437],[35.854083067,5.197360042],[35.855957764,5.194633213],[35.857976736,5.193282866],[35.858809551,5.192985433],[35.85937467,5.192479799],[35.859701846,5.191825446],[35.860326454,5.19149827],[35.861099779,5.190754688],[35.861589488,5.190544814],[35.863781,5.175502],[35.862881,5.165605003],[35.858700001,5.153502],[35.84465,5.135880001],[35.842599505,5.131905789],[35.841799078,5.131321523],[35.841608722,5.130750452],[35.841109036,5.130631482],[35.840347607,5.129298981],[35.839824126,5.128823092],[35.839562385,5.127490591],[35.838372658,5.126229476],[35.838110914,5.124944567],[35.833994448,5.121779885],[35.833114046,5.121898859],[35.83256677,5.122374749],[35.831924315,5.122660288],[35.831543603,5.122517517],[35.831781551,5.121946446],[35.831614985,5.120899484],[35.831139093,5.120851895],[35.830734585,5.121066049],[35.829759009,5.120090469],[35.829425258,5.118132876],[35.828616864,5.117901363],[35.827498519,5.118234487],[35.826832269,5.117972749],[35.818069507,5.107610353],[35.818075437,5.104873646],[35.817452,5.104121],[35.814739,5.083957],[35.8163,5.025682],[35.81628,4.935881],[35.813938,4.912784002],[35.816181,4.890246],[35.815739001,4.825182002],[35.817108003,4.77735],[35.945860964,4.631414067],[35.946197498,4.630702296],[35.946439389,4.630758447],[35.947697,4.629333],[35.949348003,4.626770001],[35.949173003,4.620171001],[35.945045,4.574524001],[35.953823,4.569776001],[35.960781,4.562824001],[35.953777,4.543073003],[35.955978002,4.534607002],[35.958019,4.531317],[35.964592,4.527251001],[36.013786,4.475265002],[36.02882,4.461332001],[36.037285,4.449740001],[36.041355002,4.447551001],[36.047611,4.446621],[36.136600001,4.447558],[36.142853,4.449137],[36.189144,4.449683],[36.211983,4.448308001],[36.233402,4.450693002],[36.242876194,4.458592283],[36.245546703,4.457472142],[36.247830984,4.457472142],[36.250543571,4.454474021],[36.252613701,4.45390295],[36.254749275,4.454897097],[36.263748,4.449485003],[36.282731045,4.448842963],[36.289453805,4.448773001],[36.291803425,4.447906709],[36.292374494,4.445194123],[36.294016322,4.443195376],[36.295443999,4.443195376],[36.298156584,4.441268012],[36.304295594,4.440696944],[36.30679403,4.44141078],[36.308792775,4.44141078],[36.311219825,4.445693812],[36.314717633,4.445836577],[36.317787138,4.445051357],[36.318857895,4.442505334],[36.321237357,4.442053234],[36.32166566,4.442790867],[36.321499097,4.445455864],[36.322569854,4.445408274],[36.324925521,4.444742028],[36.326686325,4.443290554],[36.329613059,4.443861625],[36.3307552,4.445527248],[36.331944931,4.445931756],[36.333562964,4.445765194],[36.337560459,4.444718231],[36.339464028,4.446193497],[36.340407718,4.44824113],[36.544014,4.446094],[36.64629,4.454521001],[36.655212,4.444334002],[36.665691,4.440267001],[36.86837,4.444474003],[36.882275,4.436585001],[36.904285003,4.426843003],[36.951088003,4.410147001],[36.955719,4.407362003],[36.963135,4.398305001],[36.974487001,4.397848],[36.979584,4.395992003],[36.993484002,4.383919002],[37.002754,4.382531001],[37.006229,4.380674001],[37.025455,4.379059001],[37.041901,4.375583001],[37.046535,4.371171001],[37.054184,4.358396],[37.068546002,4.345393001],[37.085224,4.342380002],[37.090553,4.340060002],[37.094955,4.334950002],[37.111637,4.306845001],[37.122295,4.29802],[37.133411,4.296167],[37.139435003,4.293381001],[37.169083,4.273412001],[37.194794,4.259016],[37.200119,4.253906],[37.287666002,4.195847003],[37.338379,4.164491],[37.493046,4.064131002],[37.509022,4.055766002],[37.520596,4.045774001],[37.531708002,4.040662001],[37.546524,4.028811001],[37.557175001,4.023699001],[37.567127,4.015334001],[37.634716002,3.974431001],[37.644901,3.966297],[37.649117,3.953008001],[37.653381003,3.949114],[37.962578002,3.741681001],[37.967617,3.739537001],[37.977703,3.739337],[37.988361003,3.734269001],[38.000771,3.733872002],[38.00639,3.729002001],[38.013168,3.717318],[38.025761001,3.705047002],[38.031761,3.694336001],[38.041447,3.683234001],[38.093372001,3.643293001],[38.102287002,3.638614001],[38.121078,3.622054],[38.129215,3.616987001],[38.137939,3.617369002],[38.145699003,3.620672001],[38.152676,3.618915],[38.159855002,3.623192001],[38.171101,3.623961002],[38.178082,3.623565001],[38.188354,3.619469001],[38.246128001,3.615331001],[38.251945003,3.616104001],[38.278893002,3.613547002],[38.291496,3.613730001],[38.297501003,3.612167],[38.413631002,3.604453001],[38.439999003,3.604228],[38.446976001,3.602858001],[38.457645002,3.606349002],[38.477436,3.616058],[38.488487,3.618381001],[38.516815003,3.629831002],[38.521477003,3.634886],[38.520721,3.649097002],[38.521873077,3.651973778],[38.523625346,3.652057618],[38.525909631,3.652476406],[38.528060661,3.654303832],[38.532536048,3.658562215],[38.537411,3.657836003],[38.55117,3.653146001],[38.560463,3.645737001],[38.562584002,3.637559001],[38.561985,3.627243001],[38.563725,3.623153001],[38.579557443,3.612011692],[38.57961565,3.610681172],[38.583578328,3.610674153],[38.589294,3.608909],[38.598213002,3.608118],[38.605782003,3.611417001],[38.611412,3.618222001],[38.613934003,3.618219001],[38.615677,3.616659001],[38.617023,3.609455],[38.619347,3.60731],[38.624570946,3.608040562],[38.642396063,3.60381167],[38.644066445,3.603716488],[38.647302513,3.602717116],[38.655773393,3.600908725],[38.667805,3.600819001],[38.674046,3.620859002],[38.676376002,3.624166001],[38.68103,3.625132003],[38.687813,3.623565001],[38.695751,3.615183001],[38.707113115,3.595979008],[38.703883123,3.594895529],[38.707184625,3.590285326],[38.709310377,3.591007772],[38.711251228,3.588987767],[38.715466,3.581867001],[38.717376177,3.580327413],[38.718158489,3.574099103],[38.793560246,3.551443002],[38.802625929,3.549137763],[38.828999,3.538865],[38.840778,3.536814],[38.844211884,3.537191119],[38.85213967,3.53448459],[38.856149589,3.532783269],[38.859735498,3.53151256],[38.864958353,3.529371124],[38.868350815,3.528513258],[38.871996799,3.527165363],[38.879721409,3.525068244],[38.888598497,3.522037624],[38.902863366,3.516469684],[38.905033209,3.516663552],[38.915646,3.512155001],[38.954933,3.515203],[38.960609001,3.518852],[38.966171002,3.532938001],[38.969143,3.534017001],[38.977646,3.532918001],[38.990459,3.527879],[38.995861,3.529361],[39.005261661,3.527857807],[39.00572236,3.526510386],[39.006321983,3.526224851],[39.006588483,3.526300993],[39.007131,3.525234994],[39.007207142,3.524207067],[39.007578338,3.523959603],[39.007949534,3.522855534],[39.007997125,3.522303498],[39.007797249,3.521580142],[39.008663373,3.521380269],[39.009367693,3.521551589],[39.009767445,3.521599177],[39.009976835,3.522722286],[39.010252854,3.522941193],[39.010433692,3.522903122],[39.010711783,3.523213175],[39.013252,3.519434003],[39.01463389,3.519221258],[39.014849971,3.5184107],[39.015202131,3.51783963],[39.016191987,3.517753968],[39.016791611,3.517477951],[39.021767001,3.523756001],[39.021776282,3.52799345],[39.023979963,3.528774047],[39.024758049,3.529402223],[39.02611434,3.529637791],[39.027449219,3.530444428],[39.028327238,3.530708549],[39.029911962,3.530751381],[39.03118973,3.530187445],[39.031382466,3.52972345],[39.03171797,3.529466472],[39.032110581,3.529559268],[39.032281904,3.529773419],[39.034416279,3.529487884],[39.035144394,3.530401597],[39.035750859,3.532282019],[39.043360682,3.53007268],[39.043726492,3.529639894],[39.044152806,3.529842706],[39.045240641,3.529675247],[39.045751241,3.529389136],[39.046103398,3.528875174],[39.046703025,3.528641987],[39.047435896,3.527956701],[39.048130699,3.527842487],[39.048530451,3.5276093],[39.050234143,3.527580746],[39.050924186,3.527756826],[39.051126032,3.527475417],[39.05230234,3.52668845],[39.053606285,3.526750317],[39.053853749,3.52700254],[39.054320123,3.526993019],[39.054481927,3.526745556],[39.055119622,3.526712242],[39.055271908,3.526816939],[39.055195765,3.527069162],[39.057684681,3.530324266],[39.058379487,3.530771605],[39.059745294,3.531261772],[39.060206913,3.531104728],[39.060963581,3.531147558],[39.061981988,3.532056514],[39.062971844,3.532651377],[39.064566082,3.533070162],[39.065046736,3.533612681],[39.06634116,3.533907733],[39.06700265,3.53440266],[39.067521373,3.534545431],[39.068016301,3.534378866],[39.06975331,3.533155823],[39.070814547,3.533132028],[39.072376943,3.535768603],[39.07353903,3.53556622],[39.075604402,3.536232466],[39.075937527,3.536013558],[39.076413422,3.536280055],[39.077536525,3.53626102],[39.077415492,3.537862182],[39.082005,3.539227003],[39.086594003,3.539489],[39.096039,3.537844001],[39.102238,3.534037002],[39.123123,3.516919],[39.1381,3.514449001],[39.17828,3.494579001],[39.183266,3.491587],[39.192425001,3.482758001],[39.204445,3.486258002],[39.237232,3.480902],[39.283115,3.476737001],[39.301899,3.486726002],[39.322598,3.504706001],[39.328541,3.506319001],[39.33218,3.504006002],[39.330795003,3.490727003],[39.332245,3.476357],[39.335739001,3.470115001],[39.408756,3.468456003],[39.418736001,3.466129001],[39.425339,3.461234001],[39.42844,3.460684001],[39.470688001,3.460448001],[39.489185002,3.463384002],[39.494860692,3.457073825],[39.50073002,3.449099635],[39.505082857,3.447879587],[39.505606016,3.441695349],[39.509005892,3.43600077],[39.514832003,3.414258002],[39.519268,3.408284001],[39.528297001,3.402976001],[39.532887002,3.402422002],[39.547066002,3.405368003],[39.557610001,3.411847001],[39.562077,3.416309003],[39.567917,3.429983],[39.581814001,3.476435],[39.585072001,3.481984001],[39.612137001,3.506446002],[39.620144,3.516755001],[39.762844001,3.663264001],[39.771450166,3.681929731],[39.777909684,3.681125247],[39.782133227,3.690643095],[39.802995865,3.735322232],[39.82862266,3.791073004],[39.85395141,3.845205216],[39.857533003,3.850039],[39.865074,3.867917001],[39.869568,3.874727001],[39.885926423,3.88299893],[39.887388516,3.882061966],[39.949424336,3.914350162],[39.97233141,3.926267693],[39.972496382,3.926768114],[39.972980666,3.927012934],[39.973667078,3.927000567],[39.982615041,3.93166431],[39.982868454,3.93149299],[39.98315399,3.931550096],[39.983932073,3.932360302],[39.987290682,3.934037824],[39.987427956,3.934316462],[39.988572024,3.934687416],[39.996592214,3.938949263],[39.996859685,3.938931184],[39.997286981,3.939300489],[40.106106,3.9943],[40.122231,4.000173],[40.129585,4.006254],[40.15226697,4.01754129],[40.155662712,4.017063249],[40.158224456,4.020505924],[40.172241,4.027481],[40.181611348,4.035290655],[40.182356296,4.035678565],[40.182538142,4.03606308],[40.191982001,4.043934],[40.212196,4.043508],[40.234051003,4.050078],[40.324177,4.084782001],[40.37579,4.106327],[40.387772,4.104848001],[40.403019,4.119734],[40.417667,4.127468],[40.652157,4.224947],[40.673592,4.233181],[40.690327001,4.23493],[40.709213,4.246799],[40.724297001,4.249159],[40.747105,4.261769],[40.774921,4.281918],[40.775560653,4.281747931],[40.776398,4.281787],[40.781145,4.283292],[40.781804,4.281045],[40.782153,4.280243],[40.782634,4.279704],[40.783604,4.277196],[40.783789,4.276642],[40.784121,4.274019],[40.785377,4.271988],[40.786892,4.270473],[40.787446,4.27003],[40.789293,4.26918],[40.792728,4.268626],[40.794279,4.268515],[40.796126,4.26785],[40.799709,4.267112],[40.801556,4.266336],[40.802517,4.265191],[40.80392,4.261977],[40.804364,4.261349],[40.805657,4.261054],[40.809092,4.26098],[40.811604,4.259798],[40.814042,4.258246],[40.815372,4.257655],[40.816369,4.256917],[40.818548,4.254996],[40.820838,4.253518],[40.822205,4.252816],[40.823313,4.252816],[40.82601,4.253075],[40.826564,4.253001],[40.829408,4.251819],[40.830147,4.251339],[40.832068,4.248605],[40.8327356,4.248098878],[40.833471,4.248014],[40.83373,4.24831],[40.833545,4.249344],[40.833249,4.250009],[40.833287,4.250859],[40.833693,4.251413],[40.834727,4.252152],[40.837017,4.252299],[40.839714,4.251671],[40.84241,4.250711],[40.844553,4.24975],[40.846474,4.247977],[40.848136,4.244948],[40.849059,4.242215],[40.849059,4.241439],[40.848062,4.238928],[40.847988,4.238189],[40.848173,4.23745],[40.850758,4.234384],[40.851312,4.23298],[40.85135,4.231688],[40.851793,4.230247],[40.852125,4.22973],[40.853529,4.229065],[40.855524,4.229065],[40.85822,4.229693],[40.86184,4.229767],[40.865608,4.228732],[40.866384,4.228585],[40.86823,4.227513],[40.869375,4.226553],[40.869745,4.225962],[40.872183,4.22382],[40.874104,4.222564],[40.876615,4.221419],[40.87813,4.219941],[40.878906,4.21887],[40.881381,4.216469],[40.884262,4.213144],[40.884594,4.212184],[40.884336,4.210522],[40.883217537,4.207732911],[40.88297959,4.206495592],[40.883027182,4.205329657],[40.884299,4.202765],[40.885001,4.20162],[40.885074,4.201361],[40.883819,4.197556],[40.884003,4.196928],[40.887512,4.192533],[40.889433,4.190723],[40.890763,4.190427],[40.892056,4.190021],[40.893533,4.188137],[40.894531,4.187509],[40.896489,4.186623],[40.897227,4.185958],[40.898003,4.184406],[40.898151,4.183704],[40.898114,4.181119],[40.898853,4.179087],[40.899407,4.178533],[40.900182,4.177277],[40.900293,4.173989],[40.902103,4.171921],[40.902325,4.170813],[40.901549,4.168855],[40.901253,4.168227],[40.901291,4.16686],[40.901512,4.166159],[40.903174,4.163536],[40.903211,4.16143],[40.903433,4.160027],[40.904245,4.158882],[40.905243,4.157773],[40.905834,4.157404],[40.908013,4.157478],[40.911966,4.157884],[40.913591,4.157958],[40.914736,4.157626],[40.917285,4.156296],[40.9188,4.154929],[40.920499,4.153489],[40.924931,4.152011],[40.927037,4.151716],[40.928329,4.151014],[40.930029,4.149573],[40.931137,4.149758],[40.934498,4.151346],[40.936493,4.151679],[40.937971,4.152307],[40.938968,4.15227],[40.939928,4.151937],[40.941147,4.150829],[40.942588,4.149093],[40.944102,4.148317],[40.946577,4.148317],[40.947575,4.146877],[40.948055,4.146507],[40.949532,4.145842],[40.954224,4.145768],[40.955405,4.144956],[40.957437,4.14285],[40.959432,4.138418],[40.960207,4.137605],[40.962128,4.13646],[40.964086,4.134539],[40.964714,4.134244],[40.967521,4.133911],[40.970107,4.133246],[40.973505,4.131621],[40.974798,4.129922],[40.976128,4.127262],[40.978012,4.125341],[40.979194,4.123494],[40.979157,4.121241],[40.979305,4.118471],[40.979785,4.116402],[40.980265,4.115811],[40.981447,4.11522],[40.983996,4.114666],[40.985621,4.114481],[40.98684,4.114001],[40.988281,4.114075],[40.989426,4.114371],[40.990128,4.114666],[40.991495,4.114666],[40.996925,4.113004],[40.997811,4.112487],[40.998919,4.110603],[40.999806,4.108571],[40.999879,4.107869],[41.001062,4.104767],[41.001911,4.103585],[41.00446,4.102587],[41.0059,4.102218],[41.006529,4.101775],[41.00808,4.098746],[41.008375,4.098118],[41.009742,4.096455],[41.012882,4.091136],[41.013399,4.090693],[41.014286,4.089363],[41.014507,4.088661],[41.014507,4.087812],[41.015126,4.085934],[41.015771,4.085478],[41.017759,4.084672],[41.019505,4.083463],[41.020123,4.083194],[41.021681,4.083436],[41.023562,4.084161],[41.024395,4.084081],[41.025685,4.08271],[41.027189,4.079137],[41.027297,4.078546],[41.027001,4.076316],[41.027243,4.075671],[41.028586,4.075134],[41.029258,4.075241],[41.032348,4.077015],[41.033369,4.077982],[41.034014,4.078385],[41.035841,4.0786],[41.036647,4.078465],[41.03807,4.077418],[41.039199,4.075671],[41.040516,4.073226],[41.042396,4.067907],[41.044196,4.064091],[41.04519,4.062345],[41.048119,4.059228],[41.050241,4.056542],[41.051961,4.055225],[41.057173,4.053103],[41.058812,4.051759],[41.060988,4.048293],[41.063352,4.045687],[41.064642,4.043081],[41.066335,4.040206],[41.06663,4.039454],[41.066792,4.036042],[41.067759,4.034027],[41.06886,4.032254],[41.069075,4.029701],[41.069048,4.027498],[41.069505,4.026988],[41.070204,4.026612],[41.072353,4.026504],[41.075685,4.027041],[41.07727,4.026853],[41.078506,4.02637],[41.079768,4.025564],[41.080736,4.024731],[41.081622,4.023387],[41.081837,4.022205],[41.081408,4.019277],[41.081568,4.018605],[41.082455,4.017342],[41.0831,4.016966],[41.085652,4.01608],[41.090623,4.013608],[41.092692,4.01264],[41.09554,4.010652],[41.097528,4.0099],[41.101638,4.009793],[41.102445,4.00947],[41.103331,4.008288],[41.103224,4.007321],[41.102713,4.006783],[41.100241,4.005628],[41.099435,4.004715],[41.098898,4.003183],[41.099355,4.001759],[41.100698,3.999395],[41.10137,3.99738],[41.101638,3.996251],[41.102686,3.994935],[41.103251,3.992786],[41.103627,3.992248],[41.105884,3.990556],[41.108812,3.988863],[41.110559,3.9876],[41.111257,3.9876],[41.111956,3.988003],[41.112573,3.988648],[41.113621,3.991254],[41.114051,3.991845],[41.115368,3.992356],[41.116254,3.992114],[41.116845,3.991684],[41.117625,3.990421],[41.119129,3.989024],[41.119532,3.988326],[41.120069,3.986982],[41.121654,3.98443],[41.124207,3.982173],[41.126034,3.981071],[41.126733,3.980856],[41.127727,3.979701],[41.128291,3.978492],[41.128183,3.977579],[41.127727,3.976934],[41.126081537,3.97566349],[41.126249,3.974408],[41.126598,3.973952],[41.128049,3.97379],[41.130306,3.975644],[41.131784,3.976128],[41.133288,3.976074],[41.136593,3.975134],[41.137211,3.974704],[41.13799,3.973468],[41.137883,3.972098],[41.13662,3.971211],[41.13447,3.972528],[41.1331,3.972447],[41.132509,3.972017],[41.131891,3.970835],[41.132021942,3.968146908],[41.133094541,3.967331547],[41.133987,3.966859],[41.134658,3.966778],[41.135921,3.967638],[41.136405,3.968148],[41.137318,3.96839],[41.13807,3.968095],[41.138474,3.967557],[41.138769,3.965354],[41.139468,3.964145],[41.140784,3.963124],[41.143524,3.962775],[41.146614,3.961378],[41.147286,3.96127],[41.15008,3.961458],[41.152794,3.960948],[41.15548,3.959873],[41.157496,3.958315],[41.159994,3.95716],[41.160505,3.956756],[41.161015,3.95415],[41.161365,3.953398],[41.16209,3.953129],[41.163541,3.953344],[41.165207,3.954043],[41.165798,3.954177],[41.166523,3.953935],[41.167248,3.953344],[41.167759,3.95235],[41.168511,3.950416],[41.168941,3.949852],[41.170284,3.949234],[41.171574,3.948911],[41.172273,3.948562],[41.173132,3.947514],[41.173697,3.945365],[41.174449,3.944424],[41.176061,3.94429],[41.178345,3.945848],[41.179554,3.946305],[41.180279,3.946359],[41.181058,3.946198],[41.182106,3.945472],[41.185948,3.942409],[41.187264,3.942114],[41.190784,3.942893],[41.191429,3.942812],[41.192015,3.942544],[41.193041,3.941523],[41.194349315,3.93917326],[41.195234473,3.938502252],[41.196676426,3.937988289],[41.19811838,3.937674201],[41.202501347,3.937588539],[41.207355448,3.936032372],[41.208868784,3.936631996],[41.209454133,3.93741722],[41.20965401,3.938902002],[41.209111489,3.940900752],[41.208897338,3.942956604],[41.209311364,3.944555604],[41.209939542,3.945997554],[41.209939542,3.947653659],[41.210182247,3.948867185],[41.210967469,3.949452534],[41.212209548,3.949809451],[41.214322509,3.949866558],[41.21733491,3.949295488],[41.218005915,3.949623853],[41.218505601,3.950337691],[41.218619816,3.951437005],[41.218022081,3.953551187],[41.217875466,3.95550606],[41.21825015,3.956206556],[41.219292748,3.956532368],[41.219960663,3.956336881],[41.222085,3.955333],[41.227894189,3.955180248],[41.229783524,3.955380893],[41.230869281,3.954906256],[41.231254757,3.954435123],[41.231611673,3.953350089],[41.231768717,3.952165117],[41.23219702,3.951422725],[41.232810921,3.951080083],[41.233424822,3.951122914],[41.233867402,3.951422725],[41.234110108,3.951965242],[41.234552686,3.954121037],[41.236323006,3.955591541],[41.238350309,3.956905004],[41.239799599,3.958806276],[41.240353428,3.960407708],[41.240700405,3.960948192],[41.241414377,3.961368567],[41.242355218,3.961461984],[41.243155934,3.961341877],[41.244196864,3.960814739],[41.244770711,3.960314291],[41.245395791,3.959251764],[41.245357903,3.958118995],[41.24509767,3.957331625],[41.244146673,3.955634373],[41.244132397,3.954749212],[41.244332271,3.953721285],[41.244774851,3.952964616],[41.245859885,3.951908135],[41.246802152,3.951408449],[41.248458258,3.951337066],[41.24947191,3.952222224],[41.249843106,3.953164492],[41.250357066,3.953906885],[41.250838776,3.955035777],[41.251456272,3.956026708],[41.252696964,3.956735675],[41.253979361,3.956329062],[41.255199103,3.955195324],[41.256053496,3.95472066],[41.257281298,3.954420846],[41.259751179,3.954378016],[41.260522124,3.954763492],[41.261293072,3.95537739],[41.26327702,3.957529548],[41.263498289,3.957903386],[41.263977884,3.958247443],[41.264593017,3.958330851],[41.265364541,3.958038924],[41.267517739,3.956319656],[41.268417176,3.955234622],[41.270287432,3.95379267],[41.271429573,3.953535689],[41.272243349,3.952807572],[41.273870902,3.949538192],[41.276983237,3.94733957],[41.277712687,3.947309595],[41.278079701,3.947552544],[41.278454161,3.950365396],[41.278881209,3.950719046],[41.279962176,3.951139421],[41.280609421,3.951913447],[41.281273482,3.952047696],[41.283151694,3.951232838],[41.283778922,3.95080579],[41.284065845,3.950265307],[41.284065845,3.949277757],[41.283714555,3.948497429],[41.281012555,3.946848806],[41.280572355,3.946313428],[41.280429587,3.945516308],[41.280631841,3.944707292],[41.281274296,3.944112428],[41.281988136,3.943933967],[41.282797151,3.94401725],[41.283296837,3.944421757],[41.283867908,3.945290262],[41.284534159,3.945897022],[41.285343174,3.946111174],[41.287341921,3.945754254],[41.291541671,3.945944611],[41.293326266,3.945730462],[41.294682558,3.945361643],[41.29551537,3.944945238],[41.29657423,3.944790573],[41.297383247,3.945028519],[41.296859766,3.946765527],[41.296279244,3.948194243],[41.296267171,3.953097005],[41.296475691,3.953472341],[41.297059546,3.953670434],[41.298540037,3.953034449],[41.299739025,3.951658219],[41.300156065,3.950928399],[41.300281177,3.948864054],[41.301153887,3.948076591],[41.303772101,3.946194455],[41.306924885,3.94462401],[41.30831687,3.944564524],[41.309494703,3.944873857],[41.312035064,3.946313563],[41.312991708,3.946208346],[41.313678989,3.94591475],[41.314252836,3.945254159],[41.314812799,3.94374361],[41.315360076,3.942887004],[41.316050118,3.94237542],[41.317275542,3.941851938],[41.317894201,3.941994708],[41.31838199,3.942553879],[41.318436576,3.944540188],[41.318590047,3.944666968],[41.319337382,3.944380044],[41.320701968,3.942732341],[41.32221986,3.941614245],[41.327034264,3.93938683],[41.32842092,3.939459812],[41.329244573,3.939668332],[41.330599952,3.941086266],[41.331131677,3.943119334],[41.331861496,3.943974265],[41.33284459,3.944466288],[41.334551401,3.944391305],[41.335424717,3.943745363],[41.336180358,3.942637163],[41.336846609,3.94220886],[41.337643727,3.942470598],[41.340296826,3.944338478],[41.342545417,3.945456822],[41.344603652,3.947110547],[41.345591127,3.94825269],[41.346792754,3.948740478],[41.347708847,3.948788069],[41.348791502,3.948443045],[41.350469025,3.946872602],[41.351147168,3.946741731],[41.352027569,3.947265212],[41.35330058,3.949501905],[41.354157187,3.951524447],[41.354395135,3.952619001],[41.354299957,3.953546989],[41.353005162,3.957955512],[41.354117163,3.95964102],[41.355803,3.959739],[41.358624,3.959255],[41.360612,3.959497],[41.361445,3.959766],[41.361983,3.959497],[41.362466,3.958583],[41.362386,3.95544],[41.36295,3.954768],[41.363514,3.954365],[41.364777,3.954338],[41.366846,3.955467],[41.367303,3.955897],[41.368753,3.956031],[41.369371,3.955897],[41.372192,3.953613],[41.375013,3.953613],[41.378802,3.951571],[41.379312,3.951437],[41.379876,3.951517],[41.381999,3.95407],[41.382120318,3.954799176],[41.382053,3.955171],[41.380172,3.95716],[41.379742,3.957885],[41.379823,3.958771],[41.38028,3.959309],[41.381408,3.959739],[41.382939,3.959873],[41.384175,3.959631],[41.386701,3.95818],[41.387775,3.9581],[41.388205,3.958449],[41.389656,3.962264],[41.391053,3.964011],[41.392047,3.964978],[41.393471,3.965032],[41.39554,3.964414],[41.40043,3.961485],[41.403197,3.959524],[41.4054,3.957885],[41.409591,3.954392],[41.410183,3.954312],[41.413031,3.954741],[41.414589,3.954768],[41.415529,3.953962],[41.417679,3.94961],[41.418404,3.948804],[41.420016,3.948696],[41.425148,3.949932],[41.426169,3.950228],[41.431005,3.951114],[41.436728,3.950577],[41.437319,3.950738],[41.437534,3.951087],[41.436647,3.953156],[41.435734,3.955064],[41.43533,3.956112],[41.43533,3.957213],[41.43568,3.957804],[41.436244,3.958207],[41.437668,3.958557],[41.439038,3.958503],[41.441725,3.957509],[41.445648,3.955386],[41.446588,3.954956],[41.447555,3.954929],[41.448657,3.955494],[41.449973,3.957106],[41.453331,3.959282],[41.45626,3.960061],[41.458839,3.960921],[41.460344,3.96084],[41.461432,3.96035],[41.463024,3.958738],[41.464414,3.956985],[41.465744,3.955776],[41.466631,3.955514],[41.467779,3.955695],[41.468223,3.955877],[41.469452,3.956945],[41.470701,3.958859],[41.471668,3.959564],[41.472595,3.959766],[41.474026,3.959403],[41.474411,3.959045],[41.475544,3.956414],[41.47591,3.955848],[41.476576,3.955415],[41.477709,3.955349],[41.478308,3.955648],[41.478808,3.956348],[41.478774,3.957613],[41.478208,3.960278],[41.478241,3.962576],[41.478541,3.963308],[41.478974,3.963841],[41.479873,3.964274],[41.481072,3.964474],[41.482538,3.964341],[41.484902,3.962842],[41.486068,3.962875],[41.489165,3.96474],[41.490064,3.964774],[41.493195,3.963342],[41.494327,3.963009],[41.495859,3.962975],[41.49869,3.962309],[41.500055,3.962442],[41.501021,3.963542],[41.501987,3.966206],[41.502286,3.967105],[41.503319,3.967738],[41.504018,3.967904],[41.505417,3.967704],[41.506649,3.966772],[41.507049,3.966272],[41.507982,3.964241],[41.510013,3.962542],[41.510413,3.962076],[41.510746,3.960711],[41.510679,3.959412],[41.509913,3.95808],[41.508614,3.956548],[41.50908,3.955082],[41.509947,3.95405],[41.514076,3.95385],[41.514742,3.95365],[41.517007,3.953684],[41.518738,3.955116],[41.520437,3.957414],[41.521236,3.958213],[41.523401,3.958812],[41.523867,3.958979],[41.5243,3.959445],[41.525033,3.96151],[41.525932,3.965806],[41.527398,3.969569],[41.528663,3.972034],[41.529995,3.972866],[41.533559,3.973299],[41.53549,3.973932],[41.538155,3.974765],[41.538621,3.975131],[41.53942,3.977263],[41.540153,3.978328],[41.541718,3.97986],[41.542318,3.98016],[41.544582,3.980293],[41.546514,3.981092],[41.546947,3.981492],[41.549977,3.983157],[41.55071,3.983357],[41.552842,3.982891],[41.555173,3.981326],[41.556305,3.98046],[41.556738,3.97996],[41.5619,3.976263],[41.562866,3.975398],[41.563599,3.974265],[41.564731,3.971601],[41.56613,3.969203],[41.567487406,3.968130625],[41.569287394,3.967954981],[41.570872353,3.969214263],[41.571556274,3.970180437],[41.572033933,3.970571249],[41.572739565,3.970842646],[41.573618891,3.970875213],[41.575505655,3.970431649],[41.576420259,3.970395953],[41.577232462,3.970854506],[41.5798176,3.972742425],[41.581326567,3.973241795],[41.581923641,3.973241795],[41.583845132,3.972460172],[41.585017567,3.97193909],[41.587481852,3.971797963],[41.588838837,3.971396296],[41.590369516,3.970712375],[41.591845916,3.970506113],[41.594968158,3.970467336],[41.596086505,3.970622003],[41.597085878,3.971145483],[41.598331389,3.972760147],[41.599224008,3.974239234],[41.600516292,3.975295294],[41.601523718,3.975753846],[41.602246285,3.975802481],[41.602961905,3.975607943],[41.605390197,3.973739095],[41.606563408,3.973500678],[41.609256579,3.973447189],[41.610493281,3.973968271],[41.612021789,3.974246182],[41.615027015,3.973239408],[41.616526077,3.973156127],[41.618893638,3.974155504],[41.62060685,3.974964518],[41.622189192,3.976237529],[41.623129082,3.977213109],[41.623568878,3.978446788],[41.624169,3.980726],[41.62466,3.9814],[41.62564,3.982013],[41.627111,3.982442],[41.628398,3.982319],[41.629623,3.980604],[41.629685,3.979991],[41.62899445,3.97796264],[41.629072,3.976681],[41.629869,3.976436],[41.631768,3.977539],[41.632197,3.978091],[41.632381,3.980236],[41.632381,3.9814],[41.632933,3.982871],[41.633301,3.983422],[41.635016,3.984526],[41.636364,3.984403],[41.636916,3.984097],[41.637958,3.982871],[41.638203,3.981768],[41.638142,3.981094],[41.637529,3.979684],[41.6352,3.977968],[41.634955,3.977478],[41.635002589,3.976844292],[41.635502276,3.976213735],[41.636144731,3.975868713],[41.637108412,3.975725946],[41.637919291,3.9761362],[41.639368,3.977907],[41.640716,3.977907],[41.642064,3.977478],[41.643228,3.976804],[41.64378,3.976252],[41.643719,3.973311],[41.643841,3.972698],[41.645005,3.971534],[41.645618,3.971227],[41.647089,3.970921],[41.649969,3.971105],[41.651991,3.970676],[41.653156,3.969879],[41.653707,3.968592],[41.653769,3.966509],[41.654707451,3.965661519],[41.655167,3.965502001],[41.657384,3.965651],[41.659468,3.966325],[41.661613,3.967612],[41.6629,3.967612],[41.663942,3.966264],[41.664493,3.965344],[41.664983,3.964854],[41.665876591,3.964612221],[41.666515,3.96467],[41.667128,3.964915],[41.667619,3.965406],[41.66866,3.967122],[41.669334,3.967367],[41.670437,3.96706],[41.671479,3.96608],[41.672997,3.963493],[41.673059,3.962874],[41.673864,3.961636],[41.674126715,3.960609605],[41.674813897,3.959439231],[41.675539632,3.958832466],[41.676241573,3.958665904],[41.676860236,3.958737288],[41.677324228,3.959094207],[41.677574071,3.959677175],[41.677383716,3.960855008],[41.677419406,3.961628333],[41.677823918,3.963198777],[41.678276012,3.963698467],[41.678525856,3.964471789],[41.67821531,3.967281917],[41.678530131,3.967944125],[41.678910086,3.968280658],[41.681797615,3.969218815],[41.682190769,3.969960864],[41.681644045,3.972390403],[41.681613201,3.973524048],[41.681830319,3.974631348],[41.682416536,3.975662657],[41.683447845,3.976020901],[41.684034063,3.975912342],[41.684446586,3.975586666],[41.68480483,3.973676031],[41.684891677,3.971059763],[41.685497548,3.97032481],[41.686129931,3.970153697],[41.687182268,3.970267284],[41.688472003,3.971015308],[41.690110277,3.974022169],[41.690825773,3.97632283],[41.690893623,3.978137798],[41.691063246,3.979019838],[41.691521228,3.979647444],[41.69226757,3.980020615],[41.692793402,3.980020615],[41.693404045,3.979718],[41.695353,3.979718],[41.697024,3.980895],[41.69752,3.981452],[41.698759,3.981947],[41.700988,3.981886],[41.702041,3.982381],[41.702474,3.983124],[41.703031,3.984796],[41.703341,3.985292],[41.704456,3.985973],[41.70718,3.985849],[41.7078,3.985663],[41.708233,3.985725],[41.709038,3.985353],[41.70972,3.985292],[41.710277,3.98492],[41.711082,3.984734],[41.712568,3.985106],[41.71294,3.985725],[41.713807,3.989007],[41.714178,3.98975],[41.714364,3.990555],[41.715107,3.992289],[41.716098,3.993342],[41.717027,3.993961],[41.718079,3.994395],[41.718822,3.994395],[41.719628,3.993775],[41.720371,3.992847],[41.72040722,3.992214254],[41.719940375,3.99077673],[41.719119461,3.989051621],[41.719107563,3.988266402],[41.719702431,3.98742169],[41.720392472,3.986933901],[41.721403745,3.986886311],[41.722908338,3.988319498],[41.72384258,3.988906833],[41.724537357,3.989091383],[41.725916054,3.98880913],[41.726743761,3.98781691],[41.727959158,3.985994014],[41.728339872,3.985637094],[41.729018018,3.985327764],[41.729565295,3.985411046],[41.731302304,3.986719749],[41.731897166,3.98680303],[41.732563417,3.986541291],[41.732837053,3.985934527],[41.732694286,3.984982743],[41.732135114,3.983638347],[41.732384956,3.983233839],[41.733312948,3.983352813],[41.7343956,3.984042855],[41.735668612,3.985530019],[41.73669138,3.986443139],[41.738031999,3.986495924],[41.73877013,3.986309168],[41.742143146,3.984665697],[41.743806369,3.984328394],[41.745460094,3.984161829],[41.746423916,3.983881225],[41.746933,3.98341],[41.747065986,3.983469559],[41.747435047,3.98315056],[41.749350514,3.98269846],[41.75227725,3.982436719],[41.752753143,3.981853752],[41.75289591,3.981211297],[41.752788834,3.980580741],[41.752431916,3.979819312],[41.751789461,3.979045987],[41.750671114,3.976833089],[41.750480757,3.975143671],[41.750564038,3.974334658],[41.750897162,3.97356133],[41.751587207,3.972906978],[41.752431916,3.972657135],[41.753181446,3.972609546],[41.755203988,3.973442357],[41.758027463,3.973540277],[41.758941459,3.973954057],[41.760656779,3.975135917],[41.760975,3.97506],[41.762419,3.975383],[41.763658,3.975259],[41.765701,3.974207],[41.766754,3.973278],[41.768596491,3.972539207],[41.770752509,3.97272765],[41.771089,3.972968],[41.772699,3.973154],[41.773999,3.973711],[41.775238,3.974764],[41.775609,3.975383],[41.776662,3.979285],[41.777343,3.980771],[41.778334,3.981576],[41.780192,3.981638],[41.781121,3.98139],[41.782483,3.980461],[41.78335,3.979347],[41.784093,3.977365],[41.784465,3.976746],[41.785208,3.976808],[41.78849,3.978046],[41.789852,3.978913],[41.790224,3.980028],[41.790657,3.982009],[41.791215,3.982505],[41.792082,3.982443],[41.792639,3.981947],[41.792701,3.980709],[41.791648,3.978975],[41.791277,3.977613],[41.791277,3.976746],[41.79171,3.975445],[41.792453,3.974083],[41.792577,3.972782],[41.793196,3.972039],[41.793939,3.971668],[41.796726,3.972597],[41.797345,3.972535],[41.79846,3.971977],[41.79846,3.970491],[41.798089,3.969934],[41.796912,3.969191],[41.795612,3.969253],[41.79493,3.969686],[41.794001,3.969748],[41.793382,3.969624],[41.793382,3.969067],[41.795364,3.966837],[41.796355,3.965723],[41.79685,3.961697],[41.79685,3.960273],[41.797221,3.959158],[41.798398,3.958044],[41.799699,3.957548],[41.800194,3.957548],[41.801619,3.957053],[41.802238,3.957239],[41.804095,3.958477],[41.806139,3.960335],[41.807439,3.960335],[41.808369,3.959221],[41.809359,3.957425],[41.810102,3.957301],[41.810969,3.957858],[41.811589,3.958601],[41.813013,3.959344],[41.814313,3.959158],[41.814685,3.958911],[41.815862,3.958911],[41.817471,3.959282],[41.81902,3.959221],[41.819453,3.958663],[41.819391,3.957239],[41.818772,3.956062],[41.817595,3.955195],[41.817162,3.954638],[41.817038,3.954019],[41.8171,3.953276],[41.81741,3.952718],[41.818958,3.951232],[41.819639,3.950922],[41.821807,3.949065],[41.823045,3.948817],[41.823788,3.948941],[41.824283,3.94956],[41.824841,3.949932],[41.82515,3.950551],[41.825088,3.952842],[41.825522,3.953214],[41.826575,3.95309],[41.828247,3.952409],[41.830971,3.950303],[41.831776,3.947702],[41.832086,3.947269],[41.832768,3.946897],[41.833758,3.948198],[41.834254,3.950055],[41.833882,3.95117],[41.832891,3.952409],[41.832706,3.953214],[41.832891,3.954328],[41.833511,3.955009],[41.834254,3.955195],[41.835368,3.954824],[41.836297,3.954204],[41.83766,3.954266],[41.838155,3.954638],[41.839084,3.955876],[41.839827,3.956],[41.841066,3.955319],[41.841994,3.954081],[41.842304,3.951789],[41.842552,3.95117],[41.843605,3.950427],[41.845451003,3.950052],[41.847967274,3.949957077],[41.849178,3.950303],[41.850355,3.950922],[41.851283,3.952161],[41.851717,3.953523],[41.851283,3.955505],[41.850974,3.956248],[41.850664,3.957796],[41.850788,3.959221],[41.851345,3.961326],[41.85215,3.961821],[41.854627,3.961883],[41.856052,3.962131],[41.857509,3.962078],[41.858838,3.961687],[41.859386,3.961765],[41.861184,3.960592],[41.861809,3.960436],[41.862591,3.960514],[41.86306,3.960905],[41.86353,3.961609],[41.863217,3.965127],[41.863608,3.966847],[41.864155,3.967238],[41.865406,3.967003],[41.866031,3.966456],[41.866266,3.965752],[41.866266,3.96497],[41.866891,3.96372],[41.868142,3.963329],[41.870097,3.963329],[41.870957,3.963563],[41.87166,3.963954],[41.87213,3.964658],[41.87213,3.967238],[41.872911,3.967785],[41.875413,3.967785],[41.876742,3.967472],[41.877602,3.967629],[41.878697,3.968489],[41.879166,3.969505],[41.878931,3.973023],[41.879322,3.973649],[41.881746,3.975447],[41.88245,3.976542],[41.883466,3.977167],[41.883857,3.977636],[41.884639,3.978027],[41.886046,3.978183],[41.887766,3.978262],[41.893005,3.982171],[41.894724,3.982796],[41.895897,3.98264],[41.896992,3.98178],[41.899415,3.978496],[41.900432,3.978183],[41.901761,3.978262],[41.902308,3.978496],[41.902621,3.979278],[41.90309,3.979825],[41.903325,3.981311],[41.903654,3.982188],[41.904186,3.982856],[41.905111,3.98313],[41.906864034,3.982703712],[41.902578564,3.976619373],[41.906898002,3.978008],[41.913090001,3.990754],[41.921424371,3.994116673],[41.926399502,4.002609],[41.943459,4.016659],[41.948955,4.027875001],[41.945991001,4.044590002],[41.94622,4.055664],[41.966911001,4.080088],[41.972679003,4.079374499],[41.974220733,4.080558535],[41.97905,4.095186001],[41.9999995,4.093367001],[42.008709001,4.101515002],[42.0353465,4.132223001],[42.05114,4.151519003],[42.061089,4.161539001],[42.069023501,4.168312001],[42.080158,4.175357],[42.087669001,4.179365001],[42.097740001,4.179727001],[42.14151,4.179605002],[42.196739,4.178940001],[42.298633,4.184389],[42.316952,4.185543],[42.370979,4.189451001],[42.4165005,4.194858],[42.4455485,4.199364],[42.4755215,4.202731001],[42.485828,4.20332],[42.49752,4.202317001],[42.526619001,4.202912],[42.542629505,4.204951497],[42.554531434,4.206249525],[42.565716,4.209839],[42.573940501,4.212011002],[42.587879,4.215405002],[42.5994945,4.220608],[42.638268002,4.235578],[42.671543,4.250478],[42.694370518,4.257888497],[42.7023625,4.260056999],[42.7099,4.261758501],[42.720204001,4.262805999],[42.737598,4.263939001],[42.750198,4.264553002],[42.817341,4.264911999],[42.8251,4.267076001],[42.833309,4.270625],[42.84901,4.279555],[42.862419002,4.289376503],[42.877628501,4.301519],[42.898049,4.318554],[42.925659001,4.348094002],[42.939671,4.364360501],[42.952099,4.379919001],[42.969238501,4.4033515],[42.990161501,4.436950001],[42.9975505,4.451756],[43.003395502,4.461715002],[43.007221001,4.467740001],[43.009667001,4.473978001],[43.012322,4.482289],[43.0212365,4.523561001],[43.021869,4.528398],[43.023849,4.535321001],[43.026058,4.542246999],[43.030335,4.549196503],[43.034790001,4.560288],[43.039085,4.565398501],[43.044281,4.572128502],[43.080139,4.602680999],[43.122452001,4.631236001],[43.169579,4.659616001],[43.235191001,4.696257002],[43.324322,4.741442002],[43.421471001,4.788548],[43.4349285,4.794680001],[43.469185,4.806797],[43.543434502,4.831321],[43.659069,4.868027002],[43.813858,4.909974502],[44.007584,4.958975999],[44.0151365,4.960437],[44.030281499,4.959678502],[44.2431985,4.950421502],[44.5875585,4.934976001],[44.981739333,4.917296],[45.124888132,5.064169871],[45.532864,5.4827735],[45.948795341,5.909539497],[46.19936422,6.166635058],[46.540371,6.516524001],[46.878071,6.863023002],[47.023529008,7.012270994],[47.338512,7.3354605],[47.5576625,7.560321],[47.77192075,7.7801605005],[47.986179,8.000000001],[47.4999995,8.000000001],[46.9897005,8.000000001],[46.98967,8.003058],[46.918629,8.028798],[46.889308501,8.037029],[46.763137434,8.081773727],[46.750206,8.085095001],[46.629082,8.127763501],[46.6154515,8.131302],[46.5877,8.141581501],[46.579128,8.146086499],[46.524132,8.1622855],[46.484119,8.176562],[46.480629,8.179279999],[46.456138001,8.185452],[46.4508015,8.188839001],[46.346279,8.222381501],[46.329830501,8.229548001],[46.2939915,8.240171001],[46.239380002,8.259303001],[45.852962169,8.386421652],[45.656150666,8.451166],[45.611641002,8.467787499],[45.529141,8.4946725],[45.513401001,8.498129001],[45.494148515,8.505667438],[45.4816585,8.508018999],[45.257679,8.58218],[45.2389105,8.586724],[45.12315,8.6253965],[45.101089002,8.634014],[45.001571502,8.665309],[44.9911,8.670425001],[44.8669285,8.7107],[44.830779567,8.719887275],[44.804908501,8.732884002],[44.79287,8.734983001],[44.780998501,8.7403],[44.692032,8.77143],[44.252110951,8.922118014500001],[43.985641333,9.013393001],[43.897312,9.100441],[43.8842815,9.115258999],[43.871868479,9.130151484],[43.7698215,9.234706999],[43.765602001,9.237149001],[43.667492,9.337391001],[43.6655695,9.341027001],[43.663239001,9.341669],[43.656814,9.3500385],[43.646691,9.3583315],[43.601540001,9.3590125],[43.593861,9.360692001],[43.468304,9.419411501],[43.445519002,9.444892],[43.432221,9.470801002],[43.413708001,9.512682999],[43.410255,9.532828999],[43.404881,9.545810501],[43.398239,9.5527915],[43.375179622,9.569071597],[43.371319,9.576111503],[43.360668467,9.586223445],[43.341548501,9.598605],[43.340621501,9.600288],[43.324790378,9.606130702],[43.306899623,9.6082713],[43.29919,9.6110915],[43.289581501,9.657529002],[43.269951001,9.768551002],[43.269058,9.787375],[43.2568705,9.842637001],[43.181808,9.882671],[43.162151,9.890739],[43.149891001,9.899430001],[43.145259742,9.898867257],[43.144482,9.892646001],[43.13813,9.886299],[43.128849001,9.886322002],[43.115349,9.888778502],[43.099861524,9.896476567],[43.089474002,9.904517002],[43.085895,9.908804001],[43.0651815,9.961888001],[43.061820501,9.966868002],[43.017399,10.080784],[43.010650502,10.091433499],[42.9999995,10.101205],[42.993210001,10.105669999],[42.978626501,10.117047001],[42.942001501,10.1525305],[42.881149,10.20711],[42.865295001,10.2242555],[42.8583295,10.23407],[42.832630001,10.2778795],[42.804828278,10.351844569],[42.791851,10.4041],[42.763081,10.456710002],[42.756904,10.471558999],[42.74667,10.5122555],[42.739440501,10.5211495],[42.7316515,10.526386001],[42.716869508,10.530389613],[42.7040485,10.538960001],[42.698399001,10.546208],[42.695415001,10.558231002],[42.683166,10.592532001],[42.68301,10.60633],[42.68502,10.612960001],[42.692958501,10.625200001],[42.703201001,10.636006001],[42.722607,10.651211501],[42.766525,10.721973],[42.788570001,10.75068],[42.797497001,10.764509],[42.811272,10.78085],[42.840931,10.8228595],[42.855709501,10.838157502],[42.8642195,10.854290002],[42.870438,10.861278499],[42.876258552,10.871489477],[42.910046,10.913726002],[42.93132,10.94796],[42.961639781,10.984408951],[42.952209,10.98497],[42.919609655,10.979195115],[42.913034746,10.976559196],[42.908751715,10.974179734],[42.902089226,10.97322795],[42.896616464,10.970610544],[42.892095489,10.970372598],[42.888050406,10.970372598],[42.882577645,10.971800273],[42.876866938,10.973703842],[42.873059801,10.970610544],[42.865921418,10.969420814],[42.861638389,10.975607412],[42.856165628,10.982269902],[42.851644651,10.97989044],[42.846647783,10.982745794],[42.839033509,10.983459634],[42.828087988,10.983697578],[42.813097384,10.986077039],[42.796203211,10.986790877],[42.791191363,10.988580823],[42.786209475,10.998450237],[42.782878228,11.004636835],[42.783592068,11.011537273],[42.786981961,11.020528829],[42.783604193,11.030645536],[42.767576267,11.058813938],[42.763366649,11.061030061],[42.761701025,11.064837198],[42.758845672,11.07340326],[42.750041667,11.079827803],[42.74623453,11.07697245],[42.745191142,11.07138847],[42.73974572,11.067452277],[42.732671602,11.069834067],[42.725771164,11.067930498],[42.714349752,11.064361308],[42.697693525,11.058174708],[42.688100776,11.058386642],[42.681936459,11.064988305],[42.675811646,11.071031891],[42.66985383,11.074117096],[42.660573934,11.079351912],[42.656279999,11.076709],[42.648914574,11.08672824],[42.639158784,11.093866623],[42.6286024,11.096400155],[42.618457474,11.08791797],[42.61012936,11.084586726],[42.60703606,11.080303696],[42.603704814,11.071499689],[42.584669127,11.066264876],[42.504481292,11.040804642],[42.42215194,10.98298374],[42.37281,10.996097],[42.357447816,10.997251609],[42.353623464,10.999639967],[42.346723027,11.002257374],[42.340298482,10.999639967],[42.335777506,10.995594884],[42.333929906,10.990555972],[42.325402,10.988809001],[42.309379,10.990751],[42.299780251,10.987808407],[42.284413369,10.985016196],[42.281027139,10.977725482],[42.26728125,10.97073943],[42.199207033,10.965284495],[42.1959,10.973763],[42.188991,10.977353],[42.175709,10.976702],[42.15413788,10.971810187],[42.145116441,10.972770178],[42.144501062,10.974308623],[42.146285658,10.979305491],[42.144857982,10.983588519],[42.136291923,10.979662409],[42.126961,10.97148],[42.113092178,10.970382513],[42.105953795,10.966456401],[42.102384602,10.957176502],[42.096256892,10.958986478],[42.080833,10.958141],[42.07557,10.951118],[42.070430999,10.92731],[42.069421515,10.925907396],[42.043103803,10.926114622],[41.991707445,10.925162837],[41.971006134,10.927542299],[41.965533374,10.91707267],[41.960298559,10.915882939],[41.947211523,10.915644993],[41.942237321,10.920728038],[41.939670999,10.928489002],[41.942596999,10.935335001],[41.942211,10.93948],[41.927372,10.942298001],[41.900627999,10.943273001],[41.864386471,10.952791502],[41.842547461,10.961102613],[41.827199938,10.963244129],[41.820775393,10.962887209],[41.81399393,10.967170239],[41.797932568,10.976093217],[41.792578779,10.983588519],[41.795434134,10.993582256],[41.799717163,10.998579124],[41.801858678,11.010000537],[41.80188406,11.03791938],[41.803772,11.062855002],[41.801689,11.099917],[41.809047,11.204406],[41.809890999,11.24831],[41.808501999,11.260987],[41.80774,11.31826],[41.801819,11.362065],[41.79457,11.397386002],[41.775488999,11.472713],[41.773441999,11.487469],[41.776101,11.50467],[41.783847,11.531657001],[41.79084,11.543713],[41.791010999,11.552680001],[41.803511999,11.596368],[41.80724,11.620439],[41.805329,11.630140001],[41.825637,11.691155001],[41.828746999,11.707194],[41.83685,11.72797],[41.846767999,11.733987001],[41.877381,11.747890001],[41.886521,11.749556],[41.892003,11.755431],[41.896953,11.781783001],[41.901031,11.787453],[41.935188999,11.803119001],[41.960735999,11.819647],[41.977841,11.834492001],[41.999943,11.865572],[42.00372,11.879059001],[42.01308,11.89176],[42.02375,11.911549],[42.041007,11.933522001],[42.06662,11.97579],[42.095952,12.005330002],[42.113349,12.033505],[42.118366999,12.038694001],[42.134143999,12.067585],[42.140331,12.07275],[42.148521,12.07328],[42.152324,12.076649001],[42.156441,12.094965],[42.16267,12.113697001],[42.170219999,12.12849],[42.184768999,12.142689],[42.205815,12.176757],[42.22308,12.2086],[42.240219,12.23447],[42.257718,12.255039],[42.304112,12.292260001],[42.309075,12.294919],[42.317231,12.304639001],[42.329731,12.342555],[42.330389999,12.35151],[42.337139,12.371839],[42.373778999,12.422129],[42.384776999,12.433165],[42.386307,12.439113],[42.418206566,12.476442132],[42.396301,12.501668003],[42.380001,12.519551003],[42.366383,12.53226],[42.353158003,12.548375002],[42.342534,12.563168],[42.330051,12.577255003],[42.312965,12.59852],[42.291847,12.621759003],[42.276852,12.643283001],[42.267117647,12.655758355],[42.215094802,12.762420993],[42.062809295,12.796923175],[42.027117382,12.865927545],[41.966441125,12.921844878],[41.883159992,13.074130384],[41.792736879,13.184778373],[41.745151252,13.225226159],[41.727305297,13.270435919],[41.671387962,13.322784058],[41.644024158,13.391788427],[41.604972002,13.405062002],[41.410757665,13.500133218],[41.252523508,13.609588425],[41.198985634,13.695249021],[41.018146598,13.986732994],[40.971747109,14.050978443],[40.874189208,14.139018501],[40.669467,14.232974],[40.567318053,14.270152862],[40.448820896,14.307748348],[40.370298682,14.355813461],[40.364587974,14.366758979],[40.263698828,14.411968738],[40.263475051,14.411855764],[40.263222939,14.411968738],[40.214594212,14.387418317],[40.147581132,14.537128387],[40.145630872,14.53880109],[40.143841,14.538582],[40.141622,14.538757],[40.13924,14.540918],[40.137649002,14.542416001],[40.136952001,14.543543002],[40.134477002,14.54603],[40.132839002,14.546634],[40.129923001,14.546448001],[40.127158001,14.547424002],[40.126298,14.547517],[40.124985,14.547203],[40.124125,14.547447001],[40.122580002,14.546831],[40.121035002,14.546111],[40.120698001,14.546215002],[40.120082002,14.546866],[40.117852,14.547191002],[40.115714002,14.546820002],[40.115354,14.546657],[40.114866,14.546924],[40.114448002,14.547505001],[40.114297,14.547993001],[40.113960002,14.548156],[40.113449001,14.548179],[40.112426,14.548737],[40.112113,14.548771001],[40.11159,14.549132001],[40.110439,14.548981],[40.109859,14.549132001],[40.109127,14.548864],[40.108534001,14.549015],[40.108046001,14.548806],[40.106733001,14.548853],[40.105804001,14.548690001],[40.105223002,14.548806],[40.104235,14.548795],[40.103759002,14.549085001],[40.102237002,14.549132001],[40.101482,14.548748001],[40.100564,14.548551],[40.100286002,14.548121],[40.098392,14.547819],[40.097811001,14.547679001],[40.096777002,14.54783],[40.095290001,14.548423],[40.092305001,14.548221],[40.090682,14.547811],[40.087733,14.545903002],[40.086687001,14.544051002],[40.08551,14.543003],[40.083202002,14.542382],[40.080240001,14.542147],[40.074101,14.54096],[40.071769,14.540903],[40.069291,14.540404002],[40.068576002,14.539712001],[40.067899,14.538458],[40.067876002,14.537222],[40.069028001,14.535909],[40.068261,14.534272],[40.065862001,14.532585001],[40.064143001,14.531822001],[40.062291001,14.530549],[40.059854001,14.529366002],[40.057545,14.527996],[40.055042001,14.525876002],[40.053565,14.52335],[40.053177,14.521040001],[40.052791,14.520292],[40.052085,14.519606],[40.050675002,14.519295],[40.048856,14.518355],[40.048167001,14.516635001],[40.045807,14.514294001],[40.044822001,14.512334],[40.040858,14.510161],[40.038227,14.507230001],[40.036876,14.504588],[40.036686,14.503624002],[40.036827002,14.502935],[40.037485001,14.502337002],[40.038239,14.502061001],[40.039851001,14.502058],[40.041323,14.501722],[40.042667,14.500632],[40.043774002,14.499088],[40.044804002,14.498322001],[40.0457541,14.496702931],[40.046054001,14.496037002],[40.045931,14.495085001],[40.04544,14.494487],[40.044685001,14.493972001],[40.042835002,14.494402001],[40.041166,14.493926],[40.038036001,14.490744001],[40.037658,14.489642002],[40.038268001,14.487575001],[40.037748002,14.486704],[40.036346,14.486519001],[40.034824,14.486712],[40.033793,14.486427001],[40.033595002,14.485231001],[40.033741,14.484131],[40.03231,14.478489001],[40.031268313,14.477109259],[40.030344,14.476339001],[40.026576,14.475508],[40.025356001,14.474541],[40.024089,14.472607],[40.022778,14.471596],[40.02192,14.471817002],[40.020929,14.473358002],[40.019789,14.474678],[40.018022,14.47468],[40.016451002,14.474203],[40.015284,14.472815],[40.014062613,14.470007272],[40.01388,14.469494001],[40.013877002,14.467074],[40.013514,14.465183],[40.013602001,14.463335001],[40.014032002,14.46268],[40.013982,14.462058],[40.013343,14.461246002],[40.012753,14.459860001],[40.012407,14.457565],[40.012496196,14.455004324],[40.012353002,14.45393],[40.011566,14.452544],[40.010290002,14.452402],[40.009435487,14.451930054],[40.009158002,14.449486001],[40.008617,14.448291],[40.007979,14.448435002],[40.006165,14.449919001],[40.003968001,14.449749001],[40.001405,14.450498],[39.998912001,14.450569],[39.992075002,14.454315],[39.990419,14.454855],[39.988701002,14.454797],[39.985569,14.452229],[39.984892,14.450317],[39.983245,14.449752],[39.981575001,14.448558],[39.981230002,14.446741001],[39.982161001,14.445114],[39.983877,14.443964],[39.983167,14.443384002],[39.98044,14.442915002],[39.976266001,14.439619002],[39.974203001,14.438665001],[39.974398001,14.436608],[39.974297,14.434456],[39.975059,14.432332],[39.973973316,14.429793046],[39.968621,14.426005001],[39.966069,14.426071],[39.963974001,14.42518],[39.961748001,14.422886001],[39.960503002,14.421038001],[39.957229,14.41814],[39.952123,14.415785],[39.946948002,14.414482002],[39.942838,14.414126],[39.936224,14.414969002],[39.930448002,14.415153],[39.924194,14.418147001],[39.918921001,14.421558001],[39.916287002,14.425446],[39.911812,14.429335],[39.903534002,14.434900002],[39.898499,14.442020001],[39.895014001,14.445248],[39.891977,14.449428002],[39.890532,14.450546],[39.887297,14.454917],[39.883918002,14.458287],[39.881465,14.459903001],[39.875885002,14.464748],[39.872942,14.46732],[39.868341,14.470073],[39.866685,14.470671],[39.864968,14.471748],[39.86324,14.473138],[39.861049,14.475469],[39.858508001,14.476684],[39.855569,14.478822],[39.853177001,14.47926],[39.849909319,14.480870183],[39.848637001,14.48146],[39.847196001,14.482396],[39.845463002,14.484252],[39.8435,14.485986],[39.841353,14.487541],[39.838351,14.490417],[39.836492002,14.490966001],[39.832377002,14.490281],[39.83063,14.489239],[39.829446002,14.487757],[39.828206,14.486824],[39.827697002,14.485734],[39.826452,14.484661],[39.82353,14.484086001],[39.821033,14.483742001],[39.819643002,14.484294],[39.818866,14.484776],[39.817805002,14.484960002],[39.816580002,14.485397],[39.816463001,14.486223],[39.816180001,14.486728],[39.815568,14.486843],[39.815025,14.486706],[39.814719,14.487119],[39.813793,14.491803001],[39.813430001,14.492454],[39.812972002,14.492808],[39.8124,14.492864],[39.811827,14.493942],[39.810396002,14.495021001],[39.809098,14.495989001],[39.808583001,14.497012002],[39.808144,14.497291],[39.807705001,14.497849001],[39.807324,14.500992001],[39.807076,14.501531],[39.806027001,14.502610002],[39.805206001,14.503075001],[39.804538001,14.503912],[39.804252001,14.504061],[39.802820001,14.503857001],[39.802438002,14.50328],[39.802247002,14.502035],[39.801636001,14.501756],[39.800376,14.5017],[39.799861,14.501961],[39.799670001,14.502221001],[39.799575002,14.503486001],[39.799022001,14.503951],[39.798258001,14.503988],[39.798048002,14.503802001],[39.795471,14.503263001],[39.794688001,14.503003001],[39.794097,14.503208],[39.793620001,14.504008],[39.793314001,14.504863],[39.794307002,14.506016],[39.794632,14.506648001],[39.795338002,14.506815],[39.796064001,14.506722001],[39.796216002,14.506834],[39.796045002,14.508991],[39.796370001,14.509940001],[39.796446,14.510888],[39.79553,14.51139],[39.795034,14.511335],[39.794804,14.510516],[39.794499001,14.510554],[39.794212001,14.510888],[39.79406,14.511948],[39.793392002,14.511930001],[39.793048,14.511502002],[39.792342,14.511781],[39.791789001,14.511744],[39.791502001,14.511558001],[39.790414,14.511614],[39.790204001,14.511875001],[39.790242,14.512284001],[39.790815001,14.513177001],[39.790834002,14.513511002],[39.790395,14.514032],[39.788123001,14.513828],[39.786883,14.5142],[39.786692,14.514498],[39.786711,14.514814],[39.788773,14.516654001],[39.788830001,14.517008],[39.788334,14.518049],[39.787991002,14.518849],[39.786292002,14.518663001],[39.785624,14.519184001],[39.785299001,14.519798],[39.784574002,14.520486],[39.784288,14.520616],[39.784593001,14.522941],[39.784479001,14.523443],[39.783658001,14.524206],[39.782665002,14.524764002],[39.780890002,14.526177],[39.780261001,14.527479],[39.779898002,14.529097],[39.779306001,14.530064],[39.778409,14.531032],[39.778161002,14.531404],[39.776958,14.532017001],[39.776653001,14.532445001],[39.776558001,14.534454001],[39.776061,14.535346],[39.774897,14.536128],[39.773446,14.536556],[39.772243,14.5357],[39.770658,14.535552],[39.770086002,14.536388001],[39.770029002,14.537616002],[39.770506,14.538676],[39.77085,14.539048001],[39.771232,14.540033002],[39.771136001,14.54035],[39.771526518,14.541340741],[39.771671,14.542060001],[39.771136001,14.542693],[39.771098001,14.543325],[39.771289,14.543995001],[39.771022001,14.545259002],[39.77064,14.54578],[39.769609001,14.546301],[39.768903,14.546282],[39.767815,14.546561],[39.766593001,14.545743],[39.765829,14.545725001],[39.76581,14.546803001],[39.765314,14.548161],[39.764875,14.54831],[39.764531001,14.548217],[39.764130001,14.547826],[39.762755001,14.547194001],[39.761148548,14.547068736],[39.760636001,14.547492],[39.760235002,14.547603001],[39.759624,14.549203],[39.758536001,14.549761],[39.7576,14.549742],[39.75718,14.549184],[39.75676,14.548905001],[39.756398001,14.548942],[39.756264,14.54911],[39.755615001,14.549091],[39.752388,14.548738],[39.749448,14.549017],[39.748951,14.549798],[39.748243023,14.549248723],[39.747500002,14.549407],[39.745171,14.550133001],[39.744503002,14.550188],[39.74351,14.550486002],[39.741066002,14.550542001],[39.740589,14.550616],[39.739023002,14.551267002],[39.737591,14.551099],[39.73677,14.551099],[39.736451471,14.551240539],[39.736007,14.551099],[39.735701001,14.550709],[39.734803001,14.550504001],[39.733753001,14.550783],[39.733047001,14.550709],[39.732226,14.550820001],[39.731195001,14.551062],[39.731061002,14.551359],[39.730393,14.551694001],[39.730221001,14.551973],[39.729782,14.551898],[39.729438,14.552419001],[39.729121453,14.552478718],[39.728388002,14.552419001],[39.727052,14.553293001],[39.726326002,14.553219001],[39.725696001,14.552865002],[39.724245,14.552772],[39.72352,14.553088],[39.721954002,14.555152],[39.721565576,14.555376511],[39.721476,14.555766],[39.721228001,14.555896],[39.719414,14.555561],[39.718975002,14.555710001],[39.718746,14.55623],[39.718479,14.556398001],[39.718364001,14.556937],[39.717821016,14.557347331],[39.716798,14.556602],[39.716512002,14.556081001],[39.715123,14.556047001],[39.713552002,14.555616002],[39.713171,14.555449],[39.711853002,14.55662],[39.71128,14.556676],[39.710306,14.557568001],[39.709848001,14.558535],[39.709198,14.559204002],[39.708931002,14.559614001],[39.707919,14.559948001],[39.707518001,14.560246],[39.706465,14.56185],[39.705915,14.563439],[39.705599,14.563731001],[39.704303377,14.5641856],[39.703751,14.56425],[39.702457002,14.565508],[39.701368,14.567014],[39.700642002,14.568762001],[39.700165,14.570268],[39.699515,14.574471001],[39.698789002,14.575215002],[39.69728,14.575884],[39.696822,14.576534],[39.696745,14.577018],[39.696402,14.577185001],[39.696172001,14.577836],[39.695886,14.577948001],[39.695676,14.577724],[39.694587,14.57817],[39.694053,14.578152],[39.693097,14.579174001],[39.692353001,14.579416],[39.69199,14.579713],[39.69124428,14.579918464],[39.690615001,14.580457],[39.690156,14.58148],[39.690041,14.582409001],[39.689373,14.582577001],[39.688227,14.583209001],[39.688093,14.583692],[39.687920001,14.585641],[39.688011,14.585997001],[39.688298002,14.586315],[39.688416002,14.587129002],[39.687854,14.589049],[39.687997,14.590131001],[39.687709002,14.591112],[39.687098001,14.591837],[39.686219,14.592321],[39.683565,14.592208],[39.681718048,14.592746181],[39.680834,14.593361],[39.680318001,14.593528001],[39.680089002,14.593788],[39.680108002,14.593063],[39.679880001,14.591371],[39.679517001,14.591166002],[39.67797,14.591202],[39.677111,14.589677],[39.676844,14.589435],[39.676233,14.589435],[39.67524,14.590588],[39.674246001,14.592057],[39.673826001,14.592670001],[39.673596,14.594084],[39.673367,14.594660001],[39.673119,14.594883],[39.672297001,14.594883],[39.672049002,14.595106002],[39.671991001,14.596557],[39.671838002,14.597133001],[39.671494,14.597412],[39.670215001,14.597616],[39.669699,14.597858001],[39.669049001,14.598341001],[39.668515001,14.598006],[39.668649001,14.596593],[39.668191002,14.595867002],[39.667332001,14.594863],[39.666988,14.594565],[39.667065,14.594230001],[39.666130001,14.592872],[39.664673813,14.592797035],[39.663494,14.593578],[39.662959001,14.594043],[39.662291,14.594154001],[39.662062,14.594414001],[39.661336,14.594191001],[39.661203001,14.59393],[39.660133001,14.593781001],[39.660153001,14.592108],[39.659179001,14.591475],[39.658110002,14.591642],[39.658129002,14.592256001],[39.658308651,14.592715877],[39.657727,14.593762001],[39.657307001,14.594208001],[39.656963,14.594301],[39.656734,14.594152001],[39.656619,14.593538],[39.656443823,14.593446173],[39.655906111,14.59342825],[39.654939,14.594058],[39.654729001,14.594337],[39.654671,14.594802],[39.655439002,14.596671],[39.655461,14.597034001],[39.654966001,14.597056002],[39.654023311,14.596881233],[39.652054,14.597404],[39.650258,14.598259],[39.648807002,14.598631],[39.64831,14.598444001],[39.647776,14.598388],[39.647298,14.598128002],[39.645427001,14.598722],[39.645026,14.59874],[39.644834,14.599019],[39.64490245,14.599626476],[39.645464001,14.600861001],[39.645024002,14.602460001],[39.643438,14.604895002],[39.642922,14.60536],[39.642389002,14.605261],[39.641702001,14.604721002],[39.641148,14.604516001],[39.640289,14.603846001],[39.639850001,14.603865001],[39.639219,14.604311002],[39.638303,14.604106],[39.637062001,14.603305001],[39.636241,14.602505],[39.635516,14.602375],[39.635229001,14.602077],[39.635191001,14.601779001],[39.634714,14.601296],[39.633683,14.601388001],[39.632899,14.602169001],[39.632097,14.60334],[39.631505001,14.603228],[39.630932,14.602875],[39.630741,14.602112],[39.630952,14.601777001],[39.631410002,14.601536],[39.631659,14.600941],[39.631086,14.600122],[39.630074,14.599731001],[39.629559002,14.59988],[39.629406,14.600159001],[39.629634002,14.601014001],[39.62908,14.601535],[39.627953,14.602166002],[39.627457,14.602185002],[39.627017,14.602408],[39.626157,14.603635],[39.625890002,14.603653],[39.625413,14.602779],[39.624955002,14.602481001],[39.624497,14.601588],[39.624230001,14.601476],[39.624632,14.599673001],[39.624479,14.599245],[39.623353001,14.598333],[39.623028,14.598407],[39.622245002,14.599355001],[39.621729,14.599857],[39.621366002,14.600656],[39.620354002,14.599317001],[39.620125,14.599280002],[39.618806,14.600674],[39.618119,14.600524],[39.617795001,14.60019],[39.617680279,14.599799949],[39.617795001,14.599111],[39.617261,14.598515],[39.61623,14.598143],[39.615734002,14.597287],[39.614913002,14.596971],[39.613996002,14.597026],[39.613423,14.597453],[39.613346,14.598030001],[39.612411,14.598011002],[39.612144002,14.597843],[39.611857,14.597992002],[39.611799,14.599647001],[39.612276001,14.600186],[39.612772,14.599833],[39.613116002,14.599833],[39.613326,14.600410002],[39.612867002,14.600968],[39.612256001,14.601377],[39.611911002,14.602418001],[39.611625,14.602436001],[39.610117002,14.600334001],[39.609888,14.600296001],[39.609429001,14.601245],[39.608722,14.601765],[39.60792,14.602025],[39.607653,14.602211],[39.607767,14.602452],[39.609046,14.603513001],[39.609255002,14.604871],[39.609159002,14.605206001],[39.608606,14.605205001],[39.608358002,14.604629],[39.607804,14.604647],[39.606409002,14.605539002],[39.606161,14.605278],[39.60576,14.605166001],[39.605474002,14.604608],[39.605198001,14.604446001],[39.605098,14.603328],[39.604583,14.602875],[39.604269,14.602926002],[39.603565,14.603592001],[39.602439,14.603249],[39.601999001,14.604234001],[39.601349,14.604699001],[39.600662,14.604698001],[39.599879002,14.604270001],[39.599211001,14.604418],[39.598331,14.60531],[39.598045002,14.605329],[39.597663,14.605068],[39.596460001,14.605142],[39.595811,14.604769],[39.595601,14.604174002],[39.594398002,14.60356],[39.593463002,14.603448],[39.592889,14.604098001],[39.592984,14.604805],[39.593328,14.605456],[39.593327,14.605772001],[39.592640002,14.606051],[39.591303,14.606050001],[39.591189,14.605715002],[39.59138,14.60551],[39.591323,14.604934002],[39.591036,14.604878001],[39.590731002,14.605231],[39.590158,14.604598],[39.589948001,14.604059001],[39.588573,14.6043],[39.58842,14.60469],[39.588840002,14.605546],[39.588687,14.606011001],[39.587598,14.605917],[39.587400473,14.606522155],[39.587387,14.607665002],[39.587023002,14.608390001],[39.586965002,14.608929],[39.586794,14.609022],[39.585878,14.60785],[39.58542,14.607794],[39.585076002,14.607068],[39.585230002,14.605822],[39.585078,14.605413],[39.584848,14.605301],[39.584409001,14.605654001],[39.583912,14.60664],[39.583644,14.606453001],[39.583301002,14.605709],[39.582557002,14.605151001],[39.582194,14.605095],[39.581926959,14.605225109],[39.582098,14.606471],[39.581066,14.607140001],[39.580684001,14.607195001],[39.580359,14.60686],[39.580493002,14.606247],[39.581029,14.605856],[39.581124,14.605187001],[39.580934,14.605038],[39.580418,14.605205001],[39.57994,14.6058],[39.579348,14.606004],[39.579061,14.605967001],[39.578851001,14.605688],[39.578680002,14.604813],[39.578222,14.604534],[39.577764002,14.604552],[39.577592,14.604273001],[39.577860002,14.603362],[39.578605,14.603158001],[39.578778002,14.602545],[39.578549,14.602024],[39.578071001,14.601949001],[39.577823,14.602246001],[39.577632,14.602655001],[39.57725,14.602320001],[39.577212001,14.601446001],[39.576716,14.601130001],[39.575857,14.601259],[39.574998,14.600849],[39.574578,14.600328],[39.574291002,14.600458],[39.573737,14.601183],[39.572686,14.601703],[39.571732001,14.600735],[39.57135,14.600382],[39.570778002,14.600047],[39.570855001,14.598708],[39.569997001,14.598261],[39.569921002,14.597777002],[39.569729002,14.59761],[39.568717,14.598148002],[39.567895002,14.598873001],[39.567647,14.598798],[39.567723,14.598556001],[39.567667,14.597701001],[39.567572,14.597496],[39.566483,14.597495],[39.56593,14.596881002],[39.565319002,14.596918001],[39.56379,14.597475],[39.563428002,14.597419],[39.562912,14.596953],[39.561002,14.597807],[39.560773001,14.597584001],[39.560716002,14.597398],[39.56022,14.597323],[39.559914001,14.596765001],[39.559743002,14.595909001],[39.558255,14.594365002],[39.558237001,14.593676],[39.557836,14.593174001],[39.557798,14.592746002],[39.557512,14.592653],[39.557206002,14.592876],[39.557053002,14.59282],[39.556978,14.591574001],[39.556673,14.591406],[39.556425002,14.591406],[39.556101,14.590792],[39.555566001,14.590457],[39.555395002,14.589806],[39.554975,14.589155001],[39.554459002,14.589563],[39.55297,14.589451002],[39.552301,14.589599],[39.551671002,14.589263],[39.551213,14.589412002],[39.551099001,14.588779],[39.550355,14.588388],[39.549877002,14.588388],[39.549554,14.587272],[39.549382,14.587179],[39.547815,14.587586],[39.547262002,14.587549],[39.546364002,14.588199],[39.544912,14.588291],[39.543709001,14.588903001],[39.543365,14.589219001],[39.542926,14.588903001],[39.541777074,14.589211018],[39.541264,14.589366],[39.540729002,14.589328],[39.539928002,14.588546],[39.539852002,14.588323001],[39.540216,14.587264001],[39.540216,14.58691],[39.539911002,14.586798002],[39.539701,14.586333001],[39.539128002,14.586407001],[39.538919,14.585366],[39.538766,14.585347],[39.53867,14.5857],[39.53846,14.585793],[39.537983,14.585383],[39.537793,14.585048],[39.537621,14.585197001],[39.536952,14.585029],[39.536342002,14.58421],[39.535642,14.584238],[39.535182,14.583831001],[39.534458,14.583931002],[39.533279002,14.584776],[39.532751002,14.584623],[39.532081,14.583831001],[39.529267,14.566244002],[39.52855,14.565414],[39.527640001,14.56483],[39.525789184,14.565484788],[39.523586002,14.564513],[39.523361,14.564109],[39.522984002,14.564072],[39.521892002,14.56319],[39.52178,14.562823],[39.521365002,14.562565],[39.519105,14.561829],[39.519143,14.561499],[39.519332001,14.561352001],[39.519332001,14.561132001],[39.518805001,14.560948],[39.517268002,14.560951],[39.51696,14.560504],[39.516096002,14.560232],[39.515867,14.560027],[39.516402,14.559563],[39.516479,14.558949001],[39.516288,14.558874001],[39.516307,14.558689],[39.515086002,14.558353],[39.514763,14.556865001],[39.514458002,14.556641],[39.513942,14.556399],[39.513847,14.555859],[39.513580002,14.555710001],[39.512969,14.555784],[39.513027,14.555375],[39.512912,14.555152],[39.512492002,14.555151],[39.511825002,14.554574],[39.511692002,14.553979001],[39.511177,14.553439],[39.511139,14.553179001],[39.510624,14.552695],[39.510223,14.552434001],[39.509879002,14.552508],[39.509727,14.552061],[39.509288001,14.551875],[39.508736,14.550331002],[39.508106,14.550181],[39.508298002,14.549698],[39.508222,14.549363],[39.508413002,14.549103001],[39.508318002,14.548285001],[39.508013,14.548024],[39.508205,14.547336],[39.508072,14.547001],[39.508511002,14.546648001],[39.508226,14.546053],[39.507884001,14.543747],[39.508114,14.543226],[39.508096,14.542538],[39.508536,14.541795],[39.508383,14.541255],[39.508136,14.541069001],[39.508824002,14.540233],[39.508996001,14.53934],[39.508617,14.537685],[39.507987002,14.537219],[39.506632,14.536678001],[39.506385002,14.536139],[39.506843,14.535823001],[39.507435001,14.535303],[39.50757,14.534597],[39.507055,14.534205001],[39.507114,14.532848],[39.507286,14.532644001],[39.507915,14.532700002],[39.508145,14.53257],[39.508393002,14.531975],[39.508966,14.531827],[39.509272002,14.531511002],[39.508433002,14.530673002],[39.508052,14.529836001],[39.507652002,14.529315],[39.507652002,14.529110001],[39.508551002,14.527996],[39.50838,14.527066001],[39.508189,14.526898],[39.506795002,14.526859],[39.506528,14.526748],[39.507123001,14.524368],[39.507105001,14.523456001],[39.506667,14.522247001],[39.507031002,14.52128],[39.507546,14.521318],[39.508005002,14.521114001],[39.50963,14.518419],[39.509879002,14.517378],[39.510396,14.516263001],[39.510588,14.514924],[39.510512,14.514533],[39.510207002,14.514124],[39.510627,14.514013],[39.510953,14.513548001],[39.511506,14.513772],[39.511906002,14.514312001],[39.512288,14.514145],[39.513110001,14.513309],[39.514485,14.512808001],[39.515568827,14.511861559],[39.516071,14.510857001],[39.516377,14.510783001],[39.516702002,14.510299],[39.516417,14.509165001],[39.516837002,14.508217],[39.519051,14.508479002],[39.519814,14.509187],[39.520215002,14.509169],[39.520464002,14.508927001],[39.52077,14.507477],[39.520962,14.507235001],[39.521229002,14.507273001],[39.521477001,14.507626],[39.522183002,14.507813],[39.523252001,14.507498],[39.523539,14.507238],[39.523846,14.505546],[39.525183001,14.504896],[39.526481,14.504488],[39.527627,14.504303],[39.528161,14.504118],[39.528677002,14.503672],[39.529021,14.503709],[39.52921,14.505030001],[39.529763,14.505923001],[39.530526001,14.506184],[39.53087,14.506073],[39.531406002,14.505181001],[39.531655,14.503935001],[39.532132,14.503452],[39.533946,14.502747002],[39.534902,14.501874],[39.536678,14.501262001],[39.53727,14.500184],[39.53771,14.500296],[39.538720002,14.500985],[39.539427,14.501004],[39.539809001,14.500855002],[39.54021,14.499926],[39.539943,14.499926],[39.539866001,14.500390001],[39.539389,14.500632],[39.53916,14.500557],[39.538608,14.499125],[39.538628,14.498325],[39.538876002,14.498046002],[39.540308,14.497713001],[39.540548,14.497568],[39.540482,14.495883001],[39.539451,14.495332],[39.538535,14.494978],[39.538059002,14.494382001],[39.538023,14.491425],[39.536667,14.491982002],[39.533651002,14.492407],[39.531648,14.49168],[39.53056,14.491902001],[39.529815,14.491641],[39.529339002,14.490841],[39.528976,14.490691],[39.528843,14.490282001],[39.528259062,14.489286344],[39.527185,14.488291],[39.52644,14.488178002],[39.526021001,14.487936],[39.525907002,14.487601],[39.526271,14.4863],[39.525851002,14.485835],[39.525546,14.485779001],[39.525183001,14.485927],[39.524381,14.486001],[39.523293002,14.486595],[39.522872,14.487227],[39.521155,14.486872002],[39.520716001,14.486481001],[39.519590002,14.486238],[39.518635002,14.486534],[39.518292,14.486311],[39.517797,14.485548001],[39.51753,14.484711],[39.517034002,14.48458],[39.516633,14.484784001],[39.514396,14.487962001],[39.514033002,14.488594],[39.513728,14.488426],[39.513633,14.487348],[39.513119,14.486640001],[39.512852,14.48651],[39.511649002,14.486713001],[39.511382,14.486899],[39.510751001,14.488163],[39.510483002,14.488367],[39.509616,14.487916],[39.509406001,14.487432],[39.509196002,14.487283001],[39.50893,14.486241],[39.508396002,14.485962],[39.507651001,14.486128001],[39.507155,14.486537],[39.506907,14.486500001],[39.506678002,14.485979],[39.506526,14.485439],[39.505872187,14.485635485],[39.504902002,14.486721],[39.504501,14.486665],[39.504559068,14.485543338],[39.504389,14.484954],[39.504179001,14.484767001],[39.503071002,14.485491001],[39.502881,14.485212001],[39.503034002,14.484487],[39.502539,14.483706],[39.502215002,14.483463],[39.501202,14.48402],[39.499294,14.483981],[39.497346,14.484444],[39.496488,14.483978],[39.496062,14.484132],[39.495864,14.48406],[39.494834,14.48622],[39.494943,14.49031],[39.494394002,14.49714],[39.493643,14.50233],[39.489444,14.50519],[39.482943002,14.50239],[39.472863002,14.500170001],[39.466674,14.50756],[39.456833002,14.50667],[39.447584001,14.50531],[39.433504001,14.51608],[39.423721982,14.514979406],[39.418842645,14.513566965],[39.415660413,14.519438792],[39.417742445,14.526874611],[39.406142572,14.526279743],[39.403911827,14.53088995],[39.403763108,14.537582183],[39.397517024,14.543382119],[39.394096548,14.542341104],[39.393586144,14.540619906],[39.388296615,14.537136033],[39.383240256,14.541151374],[39.375656873,14.537427023],[39.373127547,14.539515497],[39.369944722,14.53640979],[39.371045521,14.533269409],[39.368368626,14.527172042],[39.36063538,14.533418126],[39.357958484,14.527618191],[39.360477834,14.515614456],[39.355303898,14.508106608],[39.359097496,14.504241536],[39.366393,14.49519],[39.357563,14.49644],[39.360033,14.48331],[39.352473,14.48322],[39.343753,14.48883],[39.328644001,14.49394],[39.328813,14.49217],[39.337754002,14.483030002],[39.342424,14.476],[39.342864002,14.47064],[39.346443,14.46625],[39.334533,14.46822],[39.324974,14.47075],[39.314064,14.47064],[39.301334,14.46992],[39.295444,14.465890001],[39.293753,14.458110001],[39.285066,14.450728],[39.285023002,14.45098],[39.284181001,14.450986001],[39.283665,14.450117],[39.282796001,14.449510001],[39.282384,14.448782],[39.282508002,14.448439],[39.283401001,14.447633001],[39.283505,14.447351],[39.283258,14.446866],[39.282263,14.447086001],[39.281519,14.445994001],[39.280775,14.445468001],[39.279118,14.445242],[39.278994001,14.444657],[39.279099,14.444455001],[39.278354002,14.443787],[39.277298002,14.443422002],[39.276968002,14.442835001],[39.277052,14.442432],[39.276929002,14.441866],[39.277053,14.441604],[39.276599002,14.440775],[39.276227002,14.440532],[39.275897002,14.440047001],[39.275815001,14.439562001],[39.275091,14.439097],[39.274596,14.438046],[39.273872,14.437418001],[39.273479002,14.437357002],[39.273086002,14.436771001],[39.273070002,14.434651],[39.272905,14.434287],[39.272948001,14.433782],[39.272617001,14.433297],[39.272702,14.432369],[39.271917002,14.431438],[39.27169,14.430651001],[39.271734,14.429762],[39.271923,14.42961],[39.270507,14.425267002],[39.269593001,14.423136],[39.269221,14.422853],[39.268290002,14.422548],[39.268167,14.421922],[39.268251002,14.421296],[39.267548002,14.420871],[39.266988,14.420748],[39.266782,14.420485],[39.266474001,14.419294],[39.266164002,14.419051],[39.265898,14.417455],[39.265609,14.416687001],[39.266149,14.416103001],[39.265884,14.414184],[39.265575,14.413538],[39.264022002,14.413111],[39.263589002,14.412443],[39.263361,14.412019],[39.263113,14.411877],[39.262346,14.412441],[39.262159,14.412683],[39.261641002,14.412621],[39.260587002,14.41165],[39.260131,14.411770001],[39.259799,14.412092],[39.259095,14.411687],[39.258183,14.411968001],[39.257809,14.412492002],[39.257168,14.412026001],[39.256671,14.412126],[39.256152,14.412307],[39.25479,14.410245],[39.254210002,14.410163],[39.25307,14.410524001],[39.251589,14.409174],[39.250796002,14.409393001],[39.250544002,14.409637],[39.250771,14.410326001],[39.250246,14.410414],[39.250063,14.410747],[39.250085,14.411413],[39.249765002,14.411679],[39.248829002,14.412144001],[39.248692002,14.41241],[39.249192,14.412967],[39.249326,14.414256],[39.249027,14.415433],[39.248434001,14.415654001],[39.248138,14.415298001],[39.247912002,14.414697002],[39.247593,14.414319],[39.246178696,14.413627798],[39.245361,14.413514],[39.244949002,14.414069],[39.242849,14.415308],[39.242824,14.416286],[39.243391,14.417487001],[39.243229002,14.418553],[39.242657,14.419485],[39.241556002,14.422705],[39.240984001,14.423637],[39.241233,14.424459],[39.241710002,14.425238],[39.241770002,14.426114],[39.240954,14.426792],[39.238261,14.427786],[39.238124002,14.428074002],[39.238441,14.428831],[39.239079002,14.429232],[39.239237,14.42961],[39.238894,14.430320001],[39.238163002,14.430852],[39.238295788,14.43122014],[39.238526,14.431608001],[39.238569002,14.432941],[39.238132,14.434562],[39.237286,14.43536],[39.236373,14.436047],[39.236258,14.436358],[39.236528,14.437781],[39.236116,14.438869],[39.232461,14.441927],[39.231160002,14.442257],[39.230909,14.442457],[39.231483592,14.444765297],[39.232246,14.446015001],[39.232061,14.447014001],[39.231444,14.447702],[39.231079001,14.447812001],[39.230715,14.447233],[39.228871,14.446141],[39.228461,14.446095001],[39.228049,14.44645],[39.228048,14.446872001],[39.228457,14.447651],[39.228162515,14.449124211],[39.227791,14.449804],[39.227767002,14.450227001],[39.228632,14.450873001],[39.229088001,14.450896],[39.229636002,14.450697002],[39.230296,14.451032],[39.230614002,14.451388],[39.231845,14.45188],[39.232461,14.451503],[39.232713,14.451171],[39.233351,14.451216],[39.234079,14.451707],[39.234123002,14.452396001],[39.23394,14.453018001],[39.234053,14.453329002],[39.235601,14.454399001],[39.235917002,14.45591],[39.23596,14.456888],[39.235867,14.457554],[39.236331,14.457629],[39.236843,14.459757],[39.237538002,14.460800001],[39.237723,14.460903],[39.237907002,14.461210001],[39.238541,14.461455],[39.239544002,14.462049001],[39.239748,14.462356001],[39.240464002,14.462622],[39.241242002,14.463665002],[39.241938,14.464013],[39.243206,14.464258],[39.24497,14.46533],[39.249271,14.471853001],[39.249462,14.472256],[39.250935002,14.473777],[39.251643,14.473963001],[39.25169,14.474193001],[39.252916,14.475254],[39.253245,14.476130001],[39.25348,14.476360002],[39.254613,14.476639],[39.254943,14.477100001],[39.255036,14.477652],[39.255933,14.478253002],[39.256311,14.478346],[39.256687002,14.478991001],[39.256685002,14.480141001],[39.257203,14.480833],[39.257769,14.481064001],[39.260700001,14.480426],[39.261219,14.480657],[39.261973002,14.481487001],[39.262539002,14.481811],[39.263766002,14.482228001],[39.263954,14.482642001],[39.265181,14.483473],[39.265746,14.484303],[39.266501,14.484535001],[39.266784,14.484996],[39.265743,14.485638],[39.265742,14.486144],[39.266873,14.487436001],[39.266919,14.488080001],[39.266729002,14.488586001],[39.266066002,14.489183],[39.263655,14.489961],[39.263048,14.490382002],[39.264076002,14.492627001],[39.264438,14.494283002],[39.264665002,14.498622],[39.2646,14.498937],[39.264039002,14.499501],[39.264574,14.501116],[39.264656,14.502835],[39.264591,14.503045],[39.262418001,14.503229],[39.262288,14.503438],[39.262502,14.504109001],[39.262285002,14.504926],[39.262434,14.505807001],[39.263075,14.507862],[39.263009,14.508134],[39.262643,14.50849],[39.261652,14.508949001],[39.261351,14.509305],[39.261541002,14.510521],[39.262012002,14.511758001],[39.261903,14.512156],[39.260804002,14.513244],[39.261447002,14.514524001],[39.261553,14.515048],[39.261401,14.515676002],[39.260926,14.516598],[39.260214001,14.517518],[39.25905,14.518354],[39.259025002,14.520157],[39.2587,14.521015],[39.258248002,14.521119001],[39.258012002,14.520637],[39.257453,14.520468],[39.257087,14.520614],[39.256677,14.521095001],[39.253253002,14.522513],[39.253080002,14.523162001],[39.252907,14.523308],[39.253078002,14.524021001],[39.253615,14.524379],[39.254152002,14.524590001],[39.254087,14.525009],[39.253418,14.526034001],[39.253158002,14.526746],[39.252360002,14.52731],[39.251758,14.527519],[39.250574,14.527705],[39.250121,14.528018001],[39.249991,14.528395],[39.250098002,14.528668],[39.251647,14.528860001],[39.251732002,14.529133001],[39.250909,14.53173],[39.249894,14.533614],[39.249633,14.534599],[39.249029,14.535184],[39.245973,14.535534],[39.245736,14.535806],[39.245582,14.537252],[39.247834002,14.540652],[39.248434001,14.541512],[39.248304,14.542099001],[39.247442002,14.542537],[39.246084,14.543645],[39.244921,14.544167002],[39.241283002,14.544829001],[39.240852002,14.54508],[39.24057,14.546023001],[39.240933,14.547113002],[39.242026,14.54917],[39.242303,14.550302],[39.241676,14.551768],[39.241931,14.552984001],[39.243110001,14.555061],[39.243,14.556109],[39.241636,14.559690001],[39.241268,14.560570001],[39.241032,14.563238001],[39.222084,14.565970002],[39.205283002,14.565330001],[39.195084,14.57222],[39.190253,14.576440001],[39.178174002,14.58461],[39.176284002,14.59194],[39.157394,14.608330001],[39.158864001,14.613670001],[39.157614,14.617610002],[39.157003,14.62681],[39.157394,14.634440002],[39.162750002,14.640640001],[39.16572,14.644390001],[39.16794,14.64758],[39.168523,14.649397001],[39.166156,14.649249],[39.164981,14.649369],[39.163229,14.650234],[39.162581,14.65036],[39.160419,14.651372],[39.157138,14.651795001],[39.154278,14.653386],[39.153654,14.653428],[39.153348002,14.653231],[39.152997002,14.652323002],[39.152572,14.652082],[39.151902001,14.652150001],[39.150872002,14.651622002],[39.149156002,14.651577],[39.148703001,14.651307001],[39.148198002,14.650609001],[39.146685,14.650184],[39.14402,14.649754],[39.142467002,14.649713001],[39.139413,14.650402],[39.137952,14.649937],[39.137379,14.649144001],[39.137200002,14.64785],[39.136043,14.647031],[39.134091,14.645865],[39.133215,14.644814001],[39.132648,14.644025],[39.1315,14.643692],[39.130314001,14.642388],[39.129409,14.641374],[39.129055,14.641291],[39.128214,14.641685],[39.127379,14.643544],[39.126092,14.64412],[39.125472,14.644774001],[39.124837002,14.644825],[39.12315,14.64452],[39.120526002,14.644852001],[39.118572,14.646634],[39.117021,14.646912],[39.116654,14.646609002],[39.116529002,14.646298002],[39.116903,14.646148],[39.117111001,14.645798],[39.117033001,14.645549],[39.115864002,14.644823],[39.115453001,14.644649],[39.114128002,14.644995],[39.112263,14.645899],[39.112003002,14.645803],[39.111171,14.644931001],[39.110069,14.644718002],[39.109425,14.643329],[39.108736,14.641915],[39.107823,14.640743001],[39.106946,14.640173001],[39.105487001,14.639805001],[39.104558,14.639218002],[39.104032,14.639207],[39.103429,14.639457],[39.102599,14.639516],[39.102390002,14.639115],[39.102609,14.638121],[39.102227,14.637904],[39.101299002,14.637878],[39.100905001,14.637230002],[39.099296,14.635881001],[39.09776,14.635372],[39.09663,14.636463],[39.095792,14.636856001],[39.093594002,14.635815],[39.092257,14.635885001],[39.090669002,14.635596],[39.090356002,14.635823001],[39.090722,14.637661001],[39.090387,14.637837001],[39.08959,14.637719001],[39.088705,14.638134],[39.088074002,14.639159001],[39.087007,14.639415001],[39.084391002,14.641354],[39.083358002,14.641382001],[39.082068002,14.641174],[39.081333,14.640385],[39.080887,14.639076],[39.081362,14.638405],[39.081229002,14.637600002],[39.080842002,14.636803001],[39.080653,14.636774],[39.079291,14.63755],[39.076912,14.636740001],[39.072354001,14.636913],[39.071594001,14.637296],[39.069765002,14.637328001],[39.069089,14.637540001],[39.068497002,14.638242001],[39.067156,14.638867002],[39.065108,14.640527001],[39.063149001,14.641065],[39.061965002,14.641152001],[39.060636002,14.640746],[39.058758,14.639729001],[39.05795,14.639904001],[39.056891002,14.640356],[39.055715,14.6406],[39.053018,14.640575],[39.0516,14.640357],[39.051419,14.640129],[39.051172,14.639308],[39.050942001,14.639194],[39.050376001,14.639257002],[39.049469,14.638872],[39.049221,14.638558001],[39.049541002,14.636788],[39.049172002,14.636535],[39.047120001,14.636695],[39.045417,14.63603],[39.044462,14.635200001],[39.043715,14.634784],[39.042801,14.634784],[39.040938162,14.635354145],[39.040227,14.635739],[39.038856002,14.635532002],[39.037195002,14.635075],[39.036904002,14.635324],[39.036738,14.636238001],[39.037047,14.637784],[39.036980002,14.638947001],[39.036643,14.639198001],[39.034084,14.639407],[39.032435001,14.638998],[39.032050002,14.638821],[39.031913002,14.638528],[39.030368001,14.637407001],[39.030165,14.637496],[39.029529001,14.637346002],[39.028553095,14.635377699],[39.027024,14.633897003],[39.025586,14.632612],[39.024525,14.632140002],[39.024239,14.632274001],[39.023794101,14.632851782],[39.023335,14.633042],[39.022715,14.632965],[39.022358002,14.633194003],[39.021741,14.633318],[39.021198,14.632717],[39.021153,14.631757],[39.020381,14.631137],[39.020149001,14.630339],[39.019660202,14.629425545],[39.019735,14.627591],[39.019659,14.627166002],[39.019071,14.626876003],[39.017544,14.626643003],[39.017495,14.625999001],[39.016982,14.625155001],[39.016067,14.624693002],[39.015852,14.624361003],[39.015193,14.62417],[39.014756,14.624271],[39.013745,14.623694001],[39.013371,14.623254],[39.013223,14.622687],[39.013316,14.620559002],[39.013032002,14.620035],[39.013042,14.618567002],[39.013186001,14.617862001],[39.014385,14.616061],[39.01484,14.615646],[39.015841002,14.615219],[39.018444,14.612063],[39.019112,14.610321002],[39.017364361,14.604035425],[39.015922002,14.601679002],[39.015891,14.600737],[39.017150002,14.597736001],[39.016946,14.596267],[39.016116002,14.595386],[39.015062002,14.594869001],[39.006346002,14.592144003],[39.00534,14.591463002],[39.003923001,14.589418],[39.003642,14.588468],[39.003799,14.587195],[39.005005,14.585255001],[39.005211001,14.583682002],[39.003701,14.581207],[39.003536002,14.580815002],[39.003750002,14.580195],[39.003721,14.579555],[39.003038,14.57864],[39.001430002,14.577896],[39.000639,14.577354],[38.999643,14.575895001],[38.999371,14.574781],[38.99950304,14.57412086],[38.999830002,14.573633001],[38.999806,14.573121],[38.997829,14.569717003],[38.996491,14.568323],[38.994039002,14.566374],[38.993097,14.563476003],[38.992183001,14.562759],[38.989433001,14.562653001],[38.988766,14.562041],[38.986026002,14.556944003],[38.985317,14.556453002],[38.983762002,14.556217001],[38.98356,14.555523],[38.984011001,14.554872001],[38.984045027,14.554067088],[38.984225,14.553902003],[38.984179,14.553489002],[38.983762002,14.552879],[38.982279002,14.552315],[38.981811002,14.551724],[38.980751,14.547711],[38.979714,14.547507],[38.979774,14.546851],[38.978359002,14.545173],[38.976436,14.544631],[38.973190002,14.542746003],[38.971953,14.542589002],[38.969246,14.543625002],[38.967366,14.543864],[38.962239,14.542598],[38.95657178,14.540519406],[38.955924,14.540166],[38.955469,14.539406],[38.955108,14.537798],[38.953774,14.535267],[38.952741,14.534856],[38.95191,14.535153],[38.949568,14.536529],[38.94966,14.536574],[38.947501,14.537995],[38.946076,14.539195002],[38.941541002,14.540113003],[38.936050869,14.540132539],[38.935729002,14.539886],[38.935265,14.538421],[38.935313,14.537841],[38.934858,14.537170002],[38.934172,14.536632],[38.933028,14.536271003],[38.930522002,14.536378],[38.930121,14.537015],[38.930246001,14.53743],[38.929953001,14.537644],[38.929038002,14.537239],[38.925933,14.534461],[38.925477,14.533835002],[38.92548,14.53312],[38.926169,14.532543001],[38.926951001,14.531608002],[38.927054,14.52864],[38.926689,14.528059002],[38.923486,14.52711],[38.922345,14.525901],[38.921936,14.525007],[38.921297002,14.524291],[38.920383002,14.523618],[38.917958,14.522895002],[38.917501,14.522447002],[38.917251556,14.520111408],[38.916464002,14.517958002],[38.915780002,14.517197002],[38.914088,14.516298001],[38.91354,14.515850001],[38.913393,14.514704002],[38.908876002,14.511126],[38.906403,14.509466],[38.903445,14.507847],[38.901454,14.506176001],[38.900524,14.505069003],[38.899426,14.504663],[38.897182,14.504253],[38.895071,14.503414],[38.893886,14.503661001],[38.891963,14.503431003],[38.890819002,14.503025],[38.889289,14.503663002],[38.888299001,14.503083],[38.886927,14.501416],[38.885916,14.500682003],[38.882767,14.500206],[38.880155,14.500903],[38.879904,14.501594001],[38.878083002,14.502099],[38.876636001,14.501565],[38.875112,14.501472],[38.873923,14.500887],[38.873605,14.500217],[38.873567,14.498253],[38.873111002,14.497626],[38.871507001,14.497732001],[38.869351,14.498616002],[38.868204,14.498924002],[38.865680002,14.498812],[38.865075002,14.498313],[38.864486001,14.498175],[38.863715,14.498774],[38.86161,14.498364],[38.858997,14.498711003],[38.855696002,14.49948],[38.850696,14.500125],[38.847729,14.498333],[38.843135002,14.494930002],[38.842573,14.494377],[38.840977,14.490918],[38.840337,14.490228003],[38.839458,14.490223],[38.838108,14.489617],[38.836002,14.488994],[38.834826002,14.488879001],[38.834058,14.489167],[38.830198,14.486704],[38.828478,14.486654],[38.826651,14.485957003],[38.824980002,14.485829],[38.823644,14.486208001],[38.822384002,14.487365],[38.821879002,14.488218002],[38.821000002,14.488621],[38.819998,14.488414003],[38.819253,14.486864],[38.818502001,14.486658002],[38.817962,14.486086],[38.817292001,14.484861001],[38.816989,14.483764],[38.817564,14.483452],[38.818238,14.483336],[38.820160001,14.479745],[38.820121001,14.479012002],[38.818409002,14.478965],[38.816538,14.476922],[38.813574,14.476422003],[38.812279,14.476336],[38.811160222,14.476587839],[38.809772,14.476692002],[38.80873,14.476118],[38.806942002,14.474076001],[38.806151,14.473584],[38.804794002,14.473363],[38.803648,14.472934],[38.802797214,14.47195119],[38.802115,14.470576],[38.799948,14.468543003],[38.797461002,14.467107],[38.794613001,14.466941002],[38.792039001,14.467509003],[38.786374,14.469240001],[38.784709002,14.470004002],[38.784550001,14.470196001],[38.780709002,14.470836],[38.778256002,14.470787002],[38.777067,14.471245],[38.774526001,14.473162002],[38.773340002,14.473003],[38.77263,14.472614001],[38.772111002,14.472128002],[38.771854001,14.470654],[38.771932001,14.469238],[38.770037,14.468343001],[38.766118,14.468905],[38.764854002,14.468322],[38.763351001,14.468315],[38.761213,14.468711],[38.758754002,14.469973],[38.757361,14.470450001],[38.756303054,14.471820538],[38.754996,14.472323002],[38.753371002,14.470529002],[38.753201402,14.469604591],[38.753298,14.469025001],[38.75461,14.467643002],[38.754177,14.467140002],[38.753664002,14.466868],[38.752674,14.466940001],[38.75053,14.466648002],[38.749981,14.467178003],[38.74883,14.467152],[38.748455002,14.466692],[38.748486,14.466278002],[38.747058,14.465621],[38.741779,14.464917002],[38.740833,14.464561001],[38.739887,14.463897001],[38.738941,14.463497],[38.736999,14.463576],[38.735741002,14.462711003],[38.73466,14.462392],[38.73286,14.462112],[38.731806,14.462495002],[38.729679,14.463752],[38.727108,14.464347002],[38.726068002,14.464783],[38.724847,14.465085],[38.72381,14.464817003],[38.722459002,14.464151001],[38.721559001,14.463399],[38.720748,14.463176001],[38.719571002,14.463743002],[38.717314,14.465653001],[38.715231,14.466612003],[38.712149354,14.468270474],[38.711495504,14.468451223],[38.710791,14.468345002],[38.709530002,14.467724003],[38.708402,14.467543001],[38.706878002,14.468105],[38.706026,14.47093],[38.704843,14.471108],[38.703203,14.469906002],[38.70248,14.467909],[38.701601,14.466409],[38.700734002,14.465793003],[38.698148,14.465628],[38.696998,14.465401002],[38.692503002,14.46563],[38.689602,14.464677001],[38.687059,14.461850001],[38.686415,14.460204],[38.679224002,14.459815],[38.679305,14.459497],[38.679822,14.458949002],[38.68009,14.457513],[38.679955,14.457051001],[38.679696,14.457015002],[38.679559,14.456459],[38.67911,14.455973],[38.67842,14.455707001],[38.677621001,14.455922001],[38.671298,14.456452003],[38.669519,14.456239002],[38.668953,14.455751002],[38.668371,14.454868001],[38.667926,14.453458],[38.667523002,14.450219],[38.667178,14.449474],[38.666233001,14.448809002],[38.663887,14.448579],[38.661492,14.448919001],[38.659365,14.449911],[38.658427,14.44975],[38.657151002,14.449783002],[38.656248001,14.449298],[38.655742001,14.448599],[38.655556434,14.447660416],[38.654985002,14.446640002],[38.651681645,14.446120669],[38.650515001,14.446041],[38.64934,14.445133],[38.646987002,14.442896002],[38.646426,14.442894001],[38.644228,14.443714002],[38.643655002,14.444023],[38.642782,14.443839],[38.642062,14.443352],[38.640257001,14.443255],[38.639753002,14.443641002],[38.636864001,14.444724],[38.635956,14.444886002],[38.634358,14.444830002],[38.632881,14.445094],[38.632037,14.444975],[38.63112,14.444079],[38.630192,14.442339],[38.629712002,14.441236001],[38.628850002,14.440855],[38.626499,14.440729001],[38.623745,14.440011003],[38.622882002,14.439087],[38.622569001,14.43844],[38.622294,14.437244002],[38.621088002,14.436583],[38.618583,14.436656002],[38.616939,14.437558],[38.616324,14.438331001],[38.616394,14.439021],[38.613560001,14.441880001],[38.612881002,14.442879003],[38.610303001,14.443752001],[38.608704001,14.444109002],[38.60741,14.443553],[38.606255,14.442397],[38.605024,14.442315],[38.604730002,14.443426002],[38.603682,14.444084001],[38.602441,14.443394],[38.598936002,14.442177003],[38.597689002,14.442604002],[38.595716001,14.442450003],[38.591964,14.440362003],[38.590421,14.439877002],[38.585532,14.438668002],[38.583844002,14.438123],[38.581232,14.436394],[38.580433,14.43626],[38.578931694,14.436898287],[38.577006,14.437175],[38.575008002,14.436775003],[38.572654,14.436525],[38.571118,14.435877003],[38.570175,14.434842002],[38.570604,14.432738003],[38.570737002,14.43103],[38.570092002,14.430741],[38.566006,14.430180002],[38.563844,14.430114],[38.561293,14.430353],[38.558682001,14.431235002],[38.55758,14.431138003],[38.556982,14.430750002],[38.55579882,14.428163527],[38.555523001,14.426307],[38.554538,14.426147002],[38.553881,14.42577],[38.552717002,14.425514],[38.551766,14.426002],[38.550485,14.427505],[38.549387,14.427852],[38.547847,14.427277003],[38.545482002,14.426046002],[38.543482,14.425752001],[38.539011,14.423593002],[38.538305002,14.422965002],[38.535202001,14.421548],[38.532781027,14.419746324],[38.529585001,14.418713002],[38.527942,14.418471],[38.526712,14.417840002],[38.525078,14.416405],[38.523005,14.41323],[38.522232001,14.411773003],[38.521974,14.408386],[38.52158,14.407831001],[38.520841,14.407522003],[38.518658,14.408196],[38.517927002,14.408684],[38.516084,14.411158],[38.514824002,14.413923],[38.512821,14.416971],[38.512053001,14.417563002],[38.51013,14.418283001],[38.509086857,14.41790655],[38.506612001,14.417583002],[38.50536,14.41783],[38.504628002,14.417482],[38.502116,14.415074],[38.50097,14.414711],[38.498133002,14.415249],[38.497066,14.415918],[38.494886,14.419232],[38.493056,14.420608003],[38.491054002,14.421031],[38.487769,14.420687002],[38.487302,14.420965],[38.486979002,14.422077],[38.486940002,14.423442],[38.486249,14.42442],[38.485159,14.424765],[38.484205001,14.424574],[38.483956002,14.424216003],[38.483952001,14.422213],[38.483411002,14.421166],[38.482466,14.42056],[38.479975002,14.421146],[38.479265,14.420978003],[38.47798,14.418749],[38.477434,14.417043],[38.476571,14.415574002],[38.475779001,14.41568],[38.473366002,14.417237],[38.471964,14.417766],[38.468440812,14.415954112],[38.467189,14.415164002],[38.465931001,14.414746],[38.457932,14.413514],[38.455326002,14.413472002],[38.451095002,14.414707],[38.448833002,14.416278003],[38.447376,14.417817002],[38.446448,14.419143002],[38.446119001,14.421752],[38.446113,14.423255001],[38.446323,14.425249003],[38.446583,14.426306],[38.44671782,14.42792383],[38.446317002,14.429477001],[38.445241001,14.430315001],[38.443545002,14.431350002],[38.441008001,14.432394],[38.439051,14.432356],[38.437356,14.432621003],[38.435174,14.432368002],[38.433606,14.432560002],[38.432488,14.433477002],[38.431582,14.434791],[38.431398002,14.436744],[38.431159,14.442326],[38.429784,14.446355],[38.429265,14.448415002],[38.429693,14.450683],[38.429611,14.453259],[38.425262,14.458784],[38.42431,14.460261],[38.423494,14.462055],[38.423581,14.463284],[38.4244553,14.46625994],[38.424941002,14.468524002],[38.42466,14.469611001],[38.422788,14.470915],[38.420921001,14.471439],[38.418656,14.471277],[38.417026002,14.47071],[38.416389,14.470261],[38.415715076,14.469042361],[38.415016002,14.468193002],[38.414173,14.468249002],[38.410739,14.470321],[38.409303002,14.469626],[38.408217,14.469661],[38.407803002,14.470027],[38.406573162,14.470529673],[38.405375,14.471447002],[38.40365,14.470837],[38.402822,14.470393002],[38.401752001,14.470099001],[38.401233,14.470511002],[38.400897002,14.471593],[38.401006,14.476356],[38.401435924,14.479383145],[38.401451,14.481334002],[38.400812,14.483705],[38.39939,14.486942],[38.398872,14.487641],[38.398184001,14.488168],[38.397214,14.488405],[38.394782,14.487543],[38.393057002,14.486529],[38.391375,14.485194002],[38.38962,14.484182002],[38.388658,14.484616],[38.386899,14.486182],[38.384377001,14.487233],[38.383127001,14.487706],[38.379881,14.486378],[38.376019,14.485709],[38.375413,14.485944],[38.374073,14.487491],[38.373526,14.488698],[38.372185,14.490205001],[38.371323,14.49092],[38.370698,14.490963],[38.370072,14.490538002],[38.368507002,14.490342001],[38.367269,14.490575001],[38.366273,14.491674],[38.366105002,14.492195001],[38.364567002,14.494274],[38.362880999,14.498284002],[38.362777791,14.499002786],[38.361969001,14.500986],[38.361261,14.502267],[38.360839002,14.503791],[38.360701001,14.505999],[38.359165002,14.514444],[38.358496,14.515886],[38.358169317,14.516095373],[38.355726779,14.515648448],[38.355286,14.515023],[38.35357547,14.514635684],[38.348251328,14.512129254],[38.345158028,14.515460502],[38.345158028,14.521171205],[38.346170804,14.529078308],[38.34308113,14.533588667],[38.338733484,14.53616181],[38.332070992,14.539493058],[38.32445672,14.548772953],[38.318983958,14.554959552],[38.319221903,14.562573829],[38.315414767,14.566380967],[38.319221903,14.573281403],[38.319971764,14.577869095],[38.317005,14.582854],[38.309895465,14.591709986],[38.302565679,14.596838065],[38.298044702,14.601596987],[38.29685497,14.607307695],[38.292247259,14.608381072],[38.290192479,14.6130184],[38.286147395,14.613970185],[38.279960796,14.613494294],[38.273536254,14.61444608],[38.269729118,14.61849116],[38.270680902,14.622536244],[38.268539386,14.626105436],[38.270578788,14.630343477],[38.272822414,14.636099172],[38.27187063,14.64109604],[38.268301438,14.642523719],[38.26639787,14.648234424],[38.268624894,14.653972703],[38.267946793,14.659037058],[38.265446086,14.663462973],[38.265558718,14.6684306],[38.264576,14.672642001],[38.256166186,14.680595093],[38.254500566,14.679881252],[38.249027803,14.680119201],[38.249741642,14.682498665],[38.249265751,14.684164285],[38.245458614,14.682498665],[38.245220667,14.684640177],[38.242841205,14.688447316],[38.239509962,14.690112937],[38.235004179,14.692023428],[38.230705957,14.688923206],[38.226422925,14.687971422],[38.220236325,14.688209369],[38.21690508,14.690588832],[38.212384105,14.692016506],[38.201676533,14.690350885],[38.198583234,14.69296829],[38.194889375,14.694972541],[38.190255116,14.693920074],[38.19001717,14.687257585],[38.188113602,14.679643308],[38.182640845,14.682260717],[38.176216296,14.682498665],[38.169791752,14.67892947],[38.163129261,14.679881256],[38.155824586,14.68220731],[38.151469905,14.679881256],[38.146473037,14.676787955],[38.141714115,14.677977686],[38.136003406,14.682260717],[38.135527516,14.687971422],[38.133148052,14.693206237],[38.128627079,14.694158021],[38.122916371,14.694395969],[38.116729774,14.697727212],[38.113398528,14.697013374],[38.108639607,14.697251321],[38.106973982,14.701534354],[38.106260143,14.707958894],[38.101739171,14.710338358],[38.094124891,14.711290142],[38.092221323,14.714621385],[38.091226993,14.717095961],[38.086510618,14.71628701],[38.081989641,14.715097278],[38.07366153,14.717238794],[38.064381631,14.71628701],[38.057957085,14.715335226],[38.048915133,14.718428526],[38.03773167,14.723663338],[38.033448637,14.730563774],[38.027975876,14.736988319],[38.021313386,14.737226266],[38.015364732,14.741985187],[38.016554465,14.748647677],[38.020123654,14.754358387],[38.021789281,14.761972659],[38.020123654,14.766255691],[38.014412948,14.768159259],[38.005846891,14.767207475],[38.001563861,14.76863515],[38.001801807,14.77553559],[37.99989824,14.777439158],[37.99537726,14.774583803],[37.9899045,14.776725317],[37.988952719,14.780532458],[37.990380392,14.789574407],[37.988952719,14.794571276],[37.984907632,14.799092252],[37.985859419,14.80408912],[37.987655477,14.8072864],[37.984149003,14.811685],[37.98014871,14.804565011],[37.974438004,14.80099582],[37.968013459,14.803137336],[37.968489352,14.807896258],[37.970392919,14.814320804],[37.968251404,14.820031508],[37.967061675,14.830977028],[37.963492484,14.832642652],[37.960161238,14.836925681],[37.956354099,14.837163628],[37.951119286,14.838115412],[37.948263932,14.841208713],[37.949929559,14.847871201],[37.947312147,14.848585041],[37.942553228,14.851678339],[37.943505012,14.854295749],[37.944694743,14.860244401],[37.94112555,14.864527429],[37.93803225,14.869048405],[37.935176896,14.870714027],[37.931845654,14.870238137],[37.930893867,14.875948841],[37.92661084,14.874045273],[37.921138077,14.880469817],[37.919948347,14.889987662],[37.916172873,14.89410128],[37.91066845,14.891653284],[37.904005958,14.878804195],[37.880680687,14.83845321],[37.877922002,14.83257],[37.870186,14.817421],[37.852883003,14.789209003],[37.841590001,14.773469002],[37.832585004,14.761248],[37.826972999,14.751843003],[37.821576001,14.740132],[37.815030002,14.728889003],[37.80729,14.712587003],[37.799820003,14.700889],[37.790238001,14.685061],[37.776474002,14.664423],[37.767117,14.647208],[37.764058,14.643307],[37.759096783,14.613256348],[37.699372311,14.502135517],[37.622039832,14.358891965],[37.552083677,14.228497503],[37.542089942,14.211127436],[37.527575226,14.184715421],[37.522578358,14.182573906],[37.516867654,14.185429258],[37.514012301,14.185667206],[37.505446239,14.180908282],[37.499219985,14.182807888],[37.49543664,14.18566324],[37.496079095,14.191588096],[37.496935702,14.1946576],[37.495151105,14.197370188],[37.491296378,14.200082771],[37.481588181,14.203866114],[37.479518045,14.208506065],[37.476948227,14.213574315],[37.472206224,14.215120517],[37.468096633,14.215929982],[37.466668958,14.218214264],[37.467168644,14.223282517],[37.469024624,14.228422152],[37.470809218,14.232419647],[37.471451674,14.238844194],[37.471523057,14.248052706],[37.470666451,14.252407119],[37.46709726,14.255119708],[37.464313289,14.255405242],[37.459601962,14.254191715],[37.454890628,14.252335739],[37.450036524,14.251693284],[37.44718117,14.254620018],[37.446610103,14.258474746],[37.446895636,14.26097318],[37.445396574,14.263257462],[37.443183678,14.264042683],[37.440471091,14.26639835],[37.437829889,14.269896157],[37.434117929,14.272751514],[37.431191196,14.27403642],[37.426908163,14.275464096],[37.424124193,14.278462218],[37.419627013,14.284244307],[37.415700902,14.288455954],[37.413559387,14.290026397],[37.410846802,14.289598094],[37.408562519,14.289027024],[37.405778553,14.290026397],[37.402280745,14.293024519],[37.399068472,14.296165407],[37.395427893,14.298735225],[37.393571918,14.301376427],[37.393286378,14.30330379],[37.395213742,14.306373295],[37.397498028,14.30887173],[37.403280115,14.313226143],[37.403565651,14.314368284],[37.403351499,14.316581183],[37.402066593,14.318722697],[37.400567533,14.320435909],[37.399925077,14.322862959],[37.40021061,14.326432154],[37.403851188,14.334641292],[37.404279492,14.336782806],[37.403494266,14.338210484],[37.402137974,14.338424635],[37.400139229,14.337782181],[37.39885432,14.338281867],[37.393643299,14.342422129],[37.387504292,14.342493516],[37.384648936,14.341708291],[37.381508047,14.342207977],[37.380223137,14.34542025],[37.380865593,14.34820422],[37.380580061,14.352915554],[37.380865593,14.355057067],[37.382364655,14.356341976],[37.384577551,14.357555501],[37.386933218,14.358055188],[37.389146117,14.358911794],[37.390859329,14.360482238],[37.392144239,14.362766521],[37.39250116,14.365050803],[37.39250116,14.36662125],[37.390930713,14.366906783],[37.387504292,14.364908037],[37.385434158,14.364765268],[37.383863716,14.365907409],[37.382578806,14.367763389],[37.381864969,14.369762136],[37.381722199,14.372403337],[37.381079745,14.374045167],[37.380151756,14.374759004],[37.377225018,14.374116549],[37.375940109,14.37311718],[37.37386998,14.372546106],[37.371871233,14.374045167],[37.371371542,14.375901145],[37.372085386,14.378114046],[37.373655827,14.380541096],[37.373513057,14.382753994],[37.371799845,14.384038903],[37.367445433,14.385894881],[37.363947625,14.388179165],[37.362163031,14.391248669],[37.361663345,14.394032639],[37.358807989,14.398958122],[37.35559572,14.399957496],[37.351883761,14.401385175],[37.348814253,14.403455305],[37.347315196,14.405668202],[37.346958275,14.408095255],[37.34838595,14.410236767],[37.350027777,14.411450293],[37.351027154,14.414234264],[37.349599474,14.415162252],[37.346458589,14.41509087],[37.342675243,14.414162881],[37.338820517,14.415019484],[37.335322709,14.424156614],[37.333395349,14.427654424],[37.330468609,14.429510402],[37.327399801,14.430368116],[37.322545006,14.430723929],[37.317405368,14.432651292],[37.314478631,14.435221108],[37.313479259,14.441003198],[37.313622025,14.444857927],[37.313336489,14.44657114],[37.311337742,14.447213595],[37.307697166,14.446999443],[37.300915702,14.446999443],[37.295990219,14.447570511],[37.291979273,14.447536153],[37.28949429,14.446428369],[37.288352149,14.44528623],[37.287781078,14.443073329],[37.283997734,14.442502259],[37.276431048,14.442502259],[37.273147393,14.442073956],[37.271648333,14.442073956],[37.267722221,14.440789047],[37.263225044,14.440860431],[37.259655849,14.440360744],[37.254944516,14.43743401],[37.250090416,14.434792805],[37.247663367,14.434293118],[37.245236318,14.43450727],[37.243665871,14.435720797],[37.239311458,14.437862312],[37.229317721,14.445714533],[37.225819914,14.4458573],[37.221982315,14.444995796],[37.216896934,14.442787794],[37.213256362,14.440931817],[37.209258865,14.440003825],[37.208259494,14.437790926],[37.206649325,14.436203296],[37.206061377,14.434998004],[37.205975209,14.432651292],[37.2046903,14.430866695],[37.20226325,14.428939331],[37.199550664,14.427654424],[37.197908838,14.425441523],[37.195267636,14.424085231],[37.192840584,14.424085231],[37.187629568,14.420872958],[37.185345281,14.419873586],[37.182204397,14.418874211],[37.178563819,14.418017605],[37.176208151,14.417232386],[37.174138021,14.417161001],[37.170854365,14.418731446],[37.163715981,14.418088991],[37.161574469,14.418731446],[37.159939404,14.419768851],[37.158076661,14.419802204],[37.155792376,14.418874211],[37.145870024,14.410807838],[37.144014046,14.409451547],[37.142800518,14.409237395],[37.136947044,14.410308153],[37.135233833,14.409308778],[37.132092945,14.404882982],[37.126810544,14.39388987],[37.12623947,14.389678226],[37.125882552,14.384253055],[37.124312106,14.381754619],[37.122099209,14.379970023],[37.117816178,14.373831015],[37.116602656,14.371261196],[37.11653127,14.368976914],[37.117173723,14.366978167],[37.116317118,14.363908662],[37.11446114,14.362409601],[37.111558811,14.361118113],[37.110392259,14.359697018],[37.107965211,14.352415865],[37.104181867,14.342850432],[37.103539416,14.34020923],[37.102325888,14.337068345],[37.101683433,14.334569907],[37.101968967,14.332285628],[37.103325261,14.330001342],[37.106251998,14.326503535],[37.10843305,14.323391745],[37.108964584,14.321863589],[37.108654097,14.319661902],[37.106653324,14.317747249],[37.10609205,14.314651307],[37.106037846,14.311941234],[37.106323382,14.309942488],[37.105680928,14.307372669],[37.105680928,14.303589325],[37.105966465,14.301447813],[37.106894453,14.297807236],[37.106466149,14.29580849],[37.10660892,14.291525458],[37.10532401,14.289740864],[37.102540039,14.287956266],[37.099756069,14.286457209],[37.098328393,14.283958772],[37.098685311,14.279390207],[37.097114868,14.275392715],[37.094402282,14.272965662],[37.090547558,14.271252453],[37.084836849,14.270395846],[37.077698469,14.27082415],[37.075057264,14.270681379],[37.073201286,14.270110309],[37.072630213,14.268111562],[37.070917002,14.265898663],[37.067918881,14.265184827],[37.063136168,14.264685138],[37.058282063,14.266255585],[37.054498723,14.2688254],[37.047074806,14.269824774],[37.04100718,14.267540493],[37.037437985,14.263328845],[37.030228218,14.25797506],[37.025017198,14.25633323],[37.016451143,14.252264351],[37.012025341,14.252835423],[37.008527534,14.254691402],[37.006314636,14.257118455],[37.003816202,14.26040211],[37.001389152,14.262258088],[36.999247637,14.263257462],[36.995607064,14.263899917],[36.991609567,14.26561313],[36.989253905,14.267968796],[36.985970244,14.275678248],[36.984899487,14.279532976],[36.983900114,14.280817886],[36.980901992,14.282745249],[36.977975255,14.283887389],[36.975905124,14.285243681],[36.974406063,14.288741489],[36.972264548,14.291454077],[36.969409195,14.292881751],[36.963555721,14.295094649],[36.95977238,14.295380187],[36.946994673,14.293238671],[36.94264026,14.294309429],[36.934431118,14.299877366],[36.931932688,14.30101951],[36.927221352,14.301876116],[36.923937697,14.303232407],[36.919583284,14.303446559],[36.915871326,14.304303165],[36.913444277,14.305373923],[36.910303383,14.305873608],[36.906305893,14.307444053],[36.903664688,14.307729591],[36.901023486,14.309585567],[36.89995273,14.31151293],[36.89866782,14.314439667],[36.897025992,14.316938102],[36.893813719,14.316866721],[36.885319043,14.31522489],[36.880750478,14.315296274],[36.878037893,14.315938729],[36.871113664,14.320293142],[36.868329693,14.321435286],[36.865831258,14.321506667],[36.859192563,14.321078364],[36.855409219,14.321863589],[36.851982798,14.322149121],[36.850055434,14.319293769],[36.848841906,14.317794708],[36.847200081,14.316367031],[36.846272089,14.314511053],[36.844773028,14.313511678],[36.84277428,14.313011992],[36.841417988,14.311227398],[36.839490624,14.310228021],[36.837991563,14.310656324],[36.836563891,14.312369537],[36.834850678,14.313226143],[36.834208223,14.310442173],[36.833422998,14.309300033],[36.831852555,14.310656324],[36.830353494,14.312726459],[36.829425506,14.315510426],[36.828997203,14.31815163],[36.826213232,14.318080243],[36.820145606,14.317152253],[36.816362267,14.316795334],[36.806582682,14.31800886],[36.794875733,14.318508546],[36.782454948,14.320935596],[36.770391076,14.319222384],[36.764751754,14.319507921],[36.759540734,14.320792831],[36.755257705,14.32157805],[36.744764281,14.321863589],[36.74076679,14.322363273],[36.737340364,14.321078364],[36.734699164,14.317723327],[36.732272115,14.315296274],[36.729916447,14.313654446],[36.727489399,14.313011992],[36.723063597,14.312655073],[36.719494408,14.312869223],[36.715139995,14.312012617],[36.709857589,14.310299406],[36.704932107,14.30815789],[36.696294661,14.302661335],[36.693867613,14.301305043],[36.689370429,14.30101951],[36.681946512,14.301876116],[36.675736118,14.303089638],[36.671453091,14.305445305],[36.669026038,14.307301288],[36.666384837,14.309728336],[36.66210181,14.310656324],[36.659317839,14.309871103],[36.656034184,14.308514809],[36.65267914,14.307444053],[36.649324103,14.307444053],[36.644113083,14.310085257],[36.638759293,14.311655701],[36.633427042,14.312213724],[36.629764934,14.311584314],[36.626838195,14.310870476],[36.624768065,14.309371415],[36.622983471,14.307372669],[36.619913963,14.301376426],[36.617486912,14.299520449],[36.615345398,14.296950629],[36.612704195,14.295879872],[36.610277145,14.29566572],[36.607207642,14.296807861],[36.604780593,14.296522326],[36.602139393,14.293310054],[36.599926491,14.291668229],[36.597285288,14.291239925],[36.594073017,14.289383943],[36.590860747,14.286956893],[36.589076149,14.286100287],[36.587148788,14.287242428],[36.585792492,14.289241175],[36.583936514,14.291239925],[36.582437453,14.292239296],[36.58015317,14.291097155],[36.578154422,14.2904547],[36.576012908,14.290097781],[36.564877029,14.286100287],[36.561736145,14.284815378],[36.555026064,14.283673238],[36.555168829,14.281674491],[36.556025435,14.280603734],[36.557524495,14.277676995],[36.558452485,14.274893026],[36.561736145,14.273965036],[36.563050113,14.273366387],[36.56430596,14.270467228],[36.565733635,14.268968168],[36.566161939,14.266612501],[36.566090558,14.265184827],[36.564377345,14.264185451],[36.56359212,14.262686391],[36.561298499,14.26115],[36.561069,14.256090002],[36.55777,14.24139],[36.549061001,14.22141],[36.53447,14.171100001],[36.51094,14.107700001],[36.498711,14.06565],[36.475899,14.00936],[36.470020001,14.0004],[36.45285,13.981100003],[36.451908,13.975810001],[36.455688001,13.94641],[36.459461,13.93676],[36.474769,13.91034],[36.488659,13.86462],[36.498550001,13.845090001],[36.5009,13.832220001],[36.488911,13.82004],[36.484211,13.80832],[36.478809,13.800280003],[36.471759999,13.797980003],[36.467289001,13.785799999],[36.452259,13.764200002],[36.427818001,13.73707],[36.42242,13.7288],[36.394509001,13.635490002],[36.375278,13.582390002],[36.374111001,13.57366],[36.375771001,13.5601],[36.374149001,13.53023],[36.333118001,13.43896],[36.32774,13.42471],[36.327511,13.41919],[36.321411,13.40563],[36.292389,13.32424],[36.281380001,13.30516],[36.272228,13.297100003],[36.251591,13.28306],[36.246208,13.26996],[36.239449,13.23823],[36.22916,13.206730002],[36.218891,13.16879],[36.212841,13.13867],[36.198131001,13.09062],[36.19091,13.05751],[36.18343,13.040260001],[36.180889001,13.014970003],[36.171581,12.988170001],[36.150291001,12.94091],[36.149601,12.932400003],[36.153359,12.92551],[36.176842,12.90072],[36.182251,12.889920001],[36.181332,12.87681],[36.17667,12.860260001],[36.1763,12.792670003],[36.178200001,12.77819],[36.176129001,12.75336],[36.174271,12.74209],[36.15699,12.709650002],[36.155842,12.69862],[36.15773,12.68873],[36.15517,12.68091],[36.131512001,12.68433],[36.12167,12.68202],[36.111599001,12.68384],[36.109249,12.69211],[36.110161,12.702920001],[36.107811,12.7059],[36.100781,12.71256],[36.08226,12.72035],[36.078270001,12.72356],[36.068668,12.72446],[36.05135,12.71892],[36.041512001,12.719130003],[36.02346,12.72508],[36.00964,12.724590003],[35.984829,12.71972],[35.980621,12.71672],[35.965401,12.71186],[35.951840001,12.705400003],[35.936611001,12.703060003],[35.907360001,12.694730001],[35.88488,12.691920001],[35.840901,12.675720003],[35.806019,12.67034],[35.783798001,12.66362],[35.781197055,12.66488753],[35.777710713,12.66408297],[35.775331214,12.663131222],[35.775005495,12.66345694],[35.772483,12.662802],[35.77305,12.667510001],[35.774155,12.670145],[35.774261,12.670804001],[35.774112,12.671697001],[35.772731,12.672696001],[35.771881,12.673099],[35.768926,12.673121001],[35.766525,12.672313],[35.763124,12.668849],[35.762359,12.667765],[35.762325,12.667002001],[35.762628,12.666444],[35.764588,12.664866],[35.765258,12.663814],[35.765034,12.662715],[35.764588,12.662268],[35.764094,12.662189],[35.762803,12.661487],[35.762293,12.661631],[35.759934,12.66348],[35.759041,12.663623001],[35.758675,12.663288],[35.757878,12.661312],[35.756905,12.660164],[35.756076,12.659590002],[35.755455,12.659415001],[35.752219,12.659495001],[35.749844,12.66018],[35.748792,12.660148],[35.747182,12.659670001],[35.743776172,12.657896469],[35.741157,12.656801002],[35.739404,12.656530001],[35.738415,12.657215],[35.738049,12.658076],[35.738096,12.658491],[35.738861,12.659479],[35.741778,12.661152001],[35.742336,12.661822],[35.742321,12.662204001],[35.74079,12.662938],[35.74044,12.663193],[35.739372,12.663193],[35.738463,12.662826002],[35.73816,12.662236],[35.738033,12.661742],[35.73706,12.661296],[35.735833581,12.661390059],[35.735084,12.661965],[35.735148,12.663798],[35.735004,12.664309002],[35.734127,12.665201],[35.733777,12.66603],[35.731816,12.667417],[35.730175,12.668947001],[35.728963,12.66976],[35.728437,12.669601],[35.727959,12.66925],[35.727544,12.669186001],[35.727225,12.66933],[35.726795,12.66984],[35.725469416,12.670434691],[35.724946,12.670318001],[35.724691,12.669744],[35.724213,12.669569],[35.723703,12.669664],[35.723241,12.669999],[35.721647,12.670621],[35.719729311,12.671975228],[35.719096,12.672071002],[35.717375,12.670876],[35.716865,12.670764002],[35.713629,12.668517],[35.712402,12.668309001],[35.710967,12.668309001],[35.709795789,12.668756612],[35.707680001,12.66685],[35.699501,12.662690002],[35.689442,12.66013],[35.687569,12.65737],[35.690949001,12.62887],[35.688179001,12.61576],[35.681889,12.607460001],[35.670891,12.60398],[35.644909001,12.6039],[35.641869,12.60205],[35.614639001,12.55759],[35.610931,12.54815],[35.591389,12.51429],[35.561130001,12.47096],[35.544182001,12.43734],[35.541641,12.42928],[35.502579,12.367750003],[35.480751,12.32951],[35.465401,12.308070001],[35.44659,12.275350003],[35.431019,12.254130001],[35.42847,12.247910002],[35.437439,12.22818],[35.438480001,12.20381],[35.436161001,12.1992],[35.429649001,12.19228],[35.420090001,12.185800003],[35.40583,12.18667],[35.396019,12.18341],[35.354031,12.11334],[35.333660001,12.07301],[35.343529001,12.06018],[35.345451,12.04961],[35.34248,12.03373],[35.33297,12.019900002],[35.325741001,12.015960003],[35.305649,12.016560001],[35.30217,12.01218],[35.299961001,11.98435],[35.293281,11.96523],[35.2752,11.93595],[35.251251,11.9163],[35.246120001,11.91467],[35.217751,11.8897],[35.19751,11.87604],[35.193561001,11.871880002],[35.181919001,11.86631],[35.168911001,11.853370001],[35.15398,11.84939],[35.12561,11.82947],[35.109581,11.815830001],[35.08152,11.78234],[35.076222001,11.769440003],[35.062328,11.74959],[35.054711001,11.73438],[35.055271,11.71851],[35.059330001,11.70152],[35.066712,11.67558],[35.075199,11.658610002],[35.091919001,11.632480003],[35.09243,11.62352],[35.08791,11.596360002],[35.089588,11.54648],[35.082050001,11.51747],[35.060848,11.47298],[35.059422,11.437790001],[35.037281,11.3956],[34.998879,11.34573],[34.999130001,11.34297],[34.995190001,11.33973],[34.992008,11.325],[34.97868,11.293890002],[34.955620001,11.25375],[34.9538,11.247300001],[34.957588,11.236750002],[34.987141,11.20242],[35.0,11.18192],[35.006962,11.15977],[35.004940001,11.15275],[35.003052001,11.15078],[34.999008,11.12432],[34.980091,11.05547],[34.974739,11.044740003],[34.971241001,11.01863],[34.952461001,10.967490001],[34.951111,10.959440003],[34.952091001,10.95116],[34.960018,10.94822],[34.958229,10.93602],[34.960121,10.931900001],[34.975109,10.91428],[34.975151,10.908990002],[34.972401,10.900700003],[34.953220001,10.87898],[34.94442,10.87226],[34.9091,10.82861],[34.903869,10.808810002],[34.89904,10.800500002],[34.88747,10.79055],[34.880791001,10.78039],[34.872681001,10.77621],[34.863209,10.766040002],[34.854740001,10.74552],[34.84824,10.74296],[34.833351,10.74425],[34.81641,10.73885],[34.806753243,10.731945106],[34.786629,10.706480001],[34.781509001,10.70829],[34.77729,10.712860002],[34.776771001,10.720680002],[34.780109001,10.74392],[34.775349001,10.75952],[34.7621,10.758980002],[34.756489001,10.76285],[34.7239,10.80287],[34.69907,10.82846],[34.67685,10.844630001],[34.669159,10.84803],[34.662590001,10.855340003],[34.641781001,10.87037],[34.634041001,10.879520002],[34.608291,10.900950001],[34.601978001,10.904130001],[34.541599,10.85818],[34.508709,10.83955],[34.493450001,10.82818],[34.472149,10.816060001],[34.450062001,10.78555],[34.437462001,10.76086],[34.417019,10.729670002],[34.412861,10.725730002],[34.384460001,10.672410001],[34.332359,10.62027],[34.318741,10.60867],[34.309638147,10.599403066],[34.294575999,10.584899],[34.295260999,10.584132001],[34.296209,10.58332],[34.296487999,10.583059001],[34.296794,10.582716],[34.296847,10.582579],[34.29667,10.5821],[34.296883,10.581782],[34.296851,10.581593],[34.296794,10.580957],[34.296806,10.580624],[34.296721999,10.580135],[34.296984,10.579597],[34.296795999,10.579349001],[34.296485999,10.579225],[34.296643999,10.578906],[34.297189999,10.578572],[34.297165999,10.578298],[34.297580999,10.578087],[34.297955,10.577433],[34.297632,10.576989001],[34.297809999,10.576437],[34.297865,10.575775],[34.297950999,10.575373999],[34.298452999,10.575096],[34.298582,10.574503],[34.298331,10.574223],[34.298029999,10.574058],[34.298194,10.573411],[34.298446,10.572951],[34.298372,10.572198],[34.29862,10.571988],[34.298001,10.571014],[34.297928999,10.569949001],[34.297415,10.570062],[34.296285,10.569375],[34.296202,10.56899],[34.296551787,10.568246707],[34.295802999,10.563546],[34.295980999,10.56284],[34.296221,10.562613],[34.296047,10.562311],[34.295543,10.56217],[34.295559,10.561813],[34.295731,10.561416],[34.294762,10.560932],[34.294574999,10.560143999],[34.294433,10.559473],[34.293498999,10.558962],[34.292700999,10.556969],[34.29267,10.556343],[34.2932,10.555794],[34.292261,10.554167],[34.291453999,10.553576],[34.290451,10.552496],[34.289955999,10.552091001],[34.289562999,10.551249],[34.289832999,10.550312],[34.290241999,10.549897],[34.290319999,10.549305],[34.289945,10.548226],[34.289338,10.547720999],[34.288369,10.547238],[34.288257999,10.546656],[34.287413,10.545854],[34.287389,10.545341],[34.287610999,10.545143001],[34.287426,10.544059],[34.287300999,10.543152],[34.286801,10.542937],[34.286064,10.543137],[34.285156999,10.542813],[34.284360944,10.542063546],[34.284095,10.541397],[34.284454999,10.539022],[34.284644999,10.537884],[34.284001,10.536814],[34.283713999,10.536571],[34.282683999,10.536363],[34.281976999,10.536755],[34.281741999,10.537547],[34.280570999,10.538613],[34.280252,10.538638],[34.283273284,10.527928224],[34.28294,10.527240001],[34.282089,10.518270001],[34.289829,10.5089],[34.304008,10.50787],[34.308910001,10.50561],[34.314319,10.49761],[34.32542,10.4754],[34.324120001,10.46481],[34.313080001,10.45162],[34.302818,10.428780002],[34.296711,10.40874],[34.29591,10.39448],[34.31493,10.341530003],[34.317410001,10.32293],[34.349911,10.20918],[34.345261001,10.18248],[34.34652,10.16985],[34.344509,10.16041],[34.33355,10.13964],[34.33067809,10.123575335],[34.324009,10.11497],[34.307659001,10.10059],[34.249771,10.06128],[34.238041001,10.04946],[34.232109001,10.038610002],[34.221451,9.983366],[34.22506,9.968],[34.222401001,9.927758],[34.224640001,9.909851],[34.222690001,9.893518002],[34.209221,9.869966],[34.20425,9.854987],[34.201821,9.841179],[34.173531001,9.764877],[34.160702,9.722946],[34.153179,9.708864],[34.139919,9.663713003],[34.124069,9.622677001],[34.113480001,9.590647],[34.108539,9.57429],[34.106831001,9.557962],[34.107436125,9.496214086],[34.112195047,9.444460809],[34.116061671,9.326082624],[34.124389785,9.171715091],[34.128851274,9.100628694],[34.137774253,9.028352567],[34.144128092,8.971528096],[34.141899,8.822776],[34.144402,8.774806001],[34.142979,8.752751002],[34.144291,8.709596001],[34.143058514,8.625936032],[34.142180794,8.615225205],[34.140428992,8.600540646],[34.135989657,8.601834181],[34.131825601,8.600644451],[34.129743572,8.596777826],[34.127661544,8.591424038],[34.124687218,8.585772819],[34.119630863,8.581906194],[34.109815586,8.572090918],[34.107138693,8.567034563],[34.097620849,8.555137259],[34.09434909,8.554839826],[34.090185033,8.556624422],[34.08423638,8.555732123],[34.078585161,8.550973201],[34.074718536,8.547106577],[34.066687856,8.541455357],[34.05925204,8.536993868],[34.05360082,8.532234946],[34.046165004,8.528665756],[34.040513785,8.526286293],[34.034267699,8.520337641],[34.035159997,8.509332635],[34.029508777,8.496543031],[34.026534451,8.48851235],[34.022066653,8.488620995],[34.016719174,8.48970208],[34.01285255,8.48970208],[34.010770522,8.491486676],[34.008093628,8.494461002],[34.003929572,8.495948165],[33.99917065,8.495650733],[33.992032267,8.491784111],[33.984893884,8.490891811],[33.978647798,8.493568705],[33.977160635,8.4953533],[33.974186309,8.500707089],[33.970617117,8.502789116],[33.964965898,8.499517357],[33.961099273,8.496543031],[33.954555756,8.493866137],[33.948904536,8.49981479],[33.939386692,8.500707089],[33.934925202,8.497137896],[33.92897655,8.494461002],[33.926894521,8.489999513],[33.918566408,8.487620053],[33.910535727,8.487620053],[33.906074238,8.487025187],[33.896853826,8.482266265],[33.894771798,8.478697075],[33.890012876,8.473343286],[33.884659089,8.465610038],[33.879900167,8.46233828],[33.877223273,8.458471655],[33.874546379,8.453117867],[33.875685238,8.44695409],[33.87273,8.443567],[33.874299394,8.441023938],[33.879305301,8.437948803],[33.884064223,8.433487314],[33.879602734,8.431107853],[33.881684762,8.427538662],[33.880495032,8.42396947],[33.876330975,8.421292577],[33.875141245,8.418318251],[33.876033542,8.414749059],[33.875141245,8.410585002],[33.871572053,8.4114773],[33.870679755,8.413261896],[33.868002862,8.413261896],[33.865028535,8.416236222],[33.86169729,8.413618815],[33.860507559,8.411715247],[33.857176314,8.412191138],[33.856938368,8.412904977],[33.853607123,8.411953193],[33.853369176,8.409335785],[33.8519415,8.409573731],[33.849324093,8.410763463],[33.846944632,8.411001409],[33.844803117,8.409573731],[33.842661602,8.405290701],[33.840995979,8.404100971],[33.839330356,8.407670163],[33.83909241,8.409573731],[33.835999111,8.409573731],[33.835761165,8.405766595],[33.83361965,8.403149186],[33.830050459,8.402673295],[33.827670998,8.400531779],[33.825529483,8.398866157],[33.82386386,8.399104103],[33.821484399,8.400531779],[33.818791395,8.403905854],[33.816487531,8.405290701],[33.813632178,8.404338917],[33.810538878,8.402197402],[33.811490663,8.400055887],[33.811936887,8.397389885],[33.807921471,8.398152318],[33.806255848,8.398152318],[33.803638441,8.397676427],[33.801972819,8.398390264],[33.80125898,8.398390264],[33.798403627,8.397200534],[33.795548274,8.396248749],[33.792454975,8.391965721],[33.79031346,8.391013935],[33.788885783,8.388872421],[33.789599621,8.385303229],[33.791979082,8.38339966],[33.790075514,8.380068414],[33.787834867,8.380189153],[33.785792484,8.380068414],[33.783650969,8.37911663],[33.781033562,8.376261277],[33.78055767,8.375071546],[33.778892047,8.374595654],[33.776988478,8.375071546],[33.771515718,8.372454139],[33.769374203,8.369598786],[33.764377335,8.371502355],[33.759380467,8.374595654],[33.751290299,8.377688954],[33.745817539,8.377213061],[33.740582725,8.375309492],[33.736299695,8.373405924],[33.732016665,8.370074678],[33.727733635,8.369122894],[33.71583633,8.371264409],[33.712743031,8.37364387],[33.711315354,8.376975116],[33.708460001,8.377451007],[33.702987241,8.377451007],[33.697752427,8.378402792],[33.695610912,8.383875553],[33.688710475,8.386255013],[33.688234583,8.391489827],[33.690053799,8.395282307],[33.68775869,8.402673295],[33.685855122,8.405290701],[33.683475661,8.407670163],[33.681300924,8.409232783],[33.678716739,8.412667031],[33.678716739,8.422660767],[33.676002009,8.425549344],[33.674195763,8.428609419],[33.674671655,8.433606288],[33.6791,8.437964],[33.678954685,8.444789756],[33.674909601,8.447407161],[33.669674787,8.447407161],[33.661584619,8.450024568],[33.658253374,8.453831708],[33.655635967,8.45787679],[33.649449368,8.461683928],[33.642310985,8.462873657],[33.637314117,8.463111604],[33.633744926,8.465729012],[33.63041368,8.465729012],[33.626780776,8.465461017],[33.621371728,8.470487933],[33.618040483,8.470963825],[33.61518513,8.470012041],[33.612567723,8.466680796],[33.609712369,8.464301334],[33.606381124,8.46097009],[33.603287825,8.457400897],[33.600670418,8.452166083],[33.60114631,8.446693324],[33.598290957,8.442886186],[33.594245873,8.44621743],[33.593056142,8.449548676],[33.589011059,8.448120999],[33.583538298,8.44693127],[33.577589646,8.447883054],[33.573306616,8.449786624],[33.569499478,8.451690192],[33.566120131,8.455318051],[33.567120017,8.460018304],[33.567120017,8.462397765],[33.561409311,8.462635712],[33.561409311,8.465491065],[33.56450261,8.470487933],[33.561171365,8.474533016],[33.555936551,8.472629448],[33.55355709,8.469774095],[33.546180761,8.469298202],[33.542849515,8.46763258],[33.534045509,8.471677664],[33.529286587,8.470487933],[33.525955342,8.468584364],[33.519768743,8.468822311],[33.51691339,8.471439717],[33.513820091,8.473819179],[33.508347331,8.473343286],[33.505491977,8.471915609],[33.502636624,8.475008909],[33.500019217,8.479291938],[33.494546457,8.481195507],[33.490739319,8.4785781],[33.48764602,8.476674533],[33.489787535,8.470249987],[33.489704905,8.468015238],[33.486577992,8.463570269],[33.484076828,8.46097009],[33.479317906,8.458828576],[33.476462553,8.45668706],[33.473369254,8.457638844],[33.470513901,8.459542412],[33.465517032,8.458352682],[33.459806326,8.456449113],[33.454809458,8.452166083],[33.450764374,8.447169215],[33.44552956,8.44621743],[33.434584039,8.444789756],[33.427445656,8.452404029],[33.418641651,8.450738408],[33.414834513,8.44574154],[33.407220238,8.443600024],[33.401985424,8.438365209],[33.398178286,8.43479602],[33.397226502,8.427895582],[33.394609094,8.426467904],[33.390326065,8.427895582],[33.38509125,8.431464772],[33.382711789,8.435747804],[33.377952867,8.437651372],[33.372955999,8.437413425],[33.370100646,8.440030832],[33.3698627,8.444075916],[33.368197077,8.446455377],[33.355110042,8.447883054],[33.348447551,8.450738408],[33.342736845,8.449072784],[33.337739976,8.448358945],[33.332505162,8.44931073],[33.329411863,8.451928138],[33.322987318,8.453831708],[33.31799045,8.456925006],[33.31680072,8.464301334],[33.312041798,8.467156687],[33.30823466,8.465966958],[33.307044929,8.46097009],[33.305379307,8.458352682],[33.301572169,8.455973222],[33.302392189,8.451252483],[33.299430654,8.446455377],[33.296337355,8.44264824],[33.291340487,8.440744672],[33.287533349,8.440744672],[33.284202104,8.444789756],[33.281108805,8.450262514],[33.281108805,8.455021436],[33.279443182,8.458352682],[33.273494529,8.462159819],[33.269211499,8.462635712],[33.269449446,8.457400897],[33.265642308,8.455735276],[33.258979817,8.452404029],[33.255648572,8.449786624],[33.244703051,8.448596892],[33.242085644,8.445979484],[33.246130728,8.442172347],[33.250651704,8.440982616],[33.250651704,8.440030832],[33.245178943,8.437889318],[33.243037428,8.435747804],[33.240657967,8.431464772],[33.239473679,8.427935816],[33.237326722,8.427181742],[33.234471369,8.426705851],[33.230664231,8.426943796],[33.226381201,8.428371473],[33.224477633,8.430750936],[33.219718711,8.435033964],[33.216387465,8.430750936],[33.213294166,8.428133527],[33.214941349,8.421763498],[33.21615512,8.415343498],[33.21609205,8.407173494],[33.210676759,8.406956325],[33.205441945,8.407908109],[33.196875885,8.408146054],[33.191203819,8.405412013],[33.189361175,8.402246707],[33.189956402,8.398355321],[33.193782586,8.396486695],[33.193034529,8.393939198],[33.188547771,8.391251881],[33.18794616,8.38318619],[33.1875,8.381957],[33.192652925,8.353731549],[33.196875885,8.35294256],[33.204252214,8.354370236],[33.211152651,8.358891214],[33.215197735,8.359842998],[33.217815142,8.358891214],[33.218291034,8.353180505],[33.217577196,8.343186769],[33.212526383,8.337997271],[33.2075927,8.332049988],[33.203974725,8.331628476],[33.199493292,8.333668925],[33.196399993,8.335810441],[33.191165178,8.334620709],[33.191601203,8.330092842],[33.195210262,8.324626973],[33.1990174,8.318202428],[33.202348645,8.313681453],[33.203062484,8.309398423],[33.200473926,8.302772027],[33.200481,8.302238],[33.197507612,8.299740385],[33.186406256,8.29916674],[33.175936628,8.301070309],[33.173081275,8.300118525],[33.170411418,8.296354268],[33.170266076,8.29062974],[33.175936628,8.287745328],[33.17423792,8.285342117],[33.170463868,8.27846543],[33.169750029,8.269423478],[33.172093824,8.261849149],[33.176888412,8.255622604],[33.183075011,8.252529305],[33.188309825,8.251101628],[33.199493292,8.245628868],[33.205679891,8.241583784],[33.201396861,8.224451665],[33.198779454,8.216123551],[33.18926161,8.21255436],[33.178316089,8.207319545],[33.171415652,8.203036517],[33.166418784,8.19851554],[33.166894676,8.191377157],[33.173557167,8.190663318],[33.178316089,8.189473588],[33.176888412,8.182811098],[33.176650466,8.178766014],[33.179743766,8.173293253],[33.188071879,8.169010224],[33.189023664,8.165441032],[33.184264742,8.16377541],[33.182599119,8.160920058],[33.18465416,8.158203821],[33.187595987,8.148546859],[33.19045134,8.140932585],[33.193544639,8.136887501],[33.192354909,8.128083495],[33.188310697,8.126227674],[33.18069555,8.128797333],[33.174033059,8.130462955],[33.170701814,8.129511171],[33.166894676,8.125466087],[33.167132622,8.118327704],[33.164753161,8.11428262],[33.158804509,8.111903161],[33.154521479,8.112379051],[33.150476395,8.115710297],[33.143575958,8.116186189],[33.131916599,8.114044675],[33.124064378,8.111903161],[33.11906751,8.109761644],[33.118720257,8.104366844],[33.11906751,8.093343363],[33.121684917,8.077876868],[33.121684917,8.067883132],[33.121922863,8.061934479],[33.11591181,8.061493315],[33.112222472,8.06798481],[33.106694313,8.075497406],[33.095510846,8.076925084],[33.090513978,8.076925084],[33.084089433,8.07406973],[33.085279164,8.069310807],[33.088134517,8.061458586],[33.086269,8.059187],[33.085170287,8.058255804],[33.080520242,8.058841179],[33.079092565,8.055271987],[33.080758188,8.05146485],[33.082185864,8.047419766],[33.081947918,8.042422898],[33.078717128,8.037545052],[33.076599,8.023042001],[33.075150657,8.021213448],[33.07147829,8.021483641],[33.069336775,8.022673371],[33.064577853,8.020055965],[33.060532769,8.017200611],[33.054584117,8.015772934],[33.049349303,8.015534988],[33.041021189,8.012917582],[33.038118247,8.007111696],[33.039355566,8.001258222],[33.036028545,7.997957577],[33.035916949,7.994093223],[33.037127962,7.98793895],[33.038165836,7.984364049],[33.040545297,7.980318966],[33.041021189,7.973418529],[33.037214051,7.967945769],[33.03479,7.966375],[33.027475391,7.960310831],[33.021509609,7.959379709],[33.01413328,7.957714086],[33.011991765,7.953431056],[33.006043112,7.950337757],[33.000808298,7.947958297],[32.998190891,7.944864997],[32.999380621,7.941533751],[33.003663651,7.940819913],[33.006043112,7.937488667],[33.006281058,7.932729745],[33.00128419,7.922022172],[32.999618568,7.917977088],[33.00128419,7.912742273],[33.00441,7.910826002],[33.008422573,7.906079784],[33.010564088,7.900607022],[33.016988633,7.893230694],[33.014847118,7.890137394],[33.01103998,7.890137394],[33.006994897,7.890375339],[33.004615436,7.88918561],[33.004615436,7.883474903],[33.003187759,7.879429819],[33.001034364,7.875112606],[33.00082,7.873695002],[33.006148581,7.859776426],[33.00965474,7.853675179],[33.015798902,7.849924503],[33.019368094,7.845879419],[33.022699339,7.837789251],[33.025576165,7.830219403],[33.032217183,7.825891946],[33.03792789,7.821608916],[33.042686812,7.816374102],[33.04768368,7.81232902],[33.049587249,7.807094206],[33.049111356,7.799955822],[33.046798646,7.795603097],[33.044114488,7.79334092],[33.044685559,7.790104854],[33.047731269,7.791056638],[33.048111983,7.791818065],[33.051157693,7.790675923],[33.054964831,7.789724139],[33.055726258,7.793721633],[33.058200897,7.795625203],[33.061056251,7.795054132],[33.062008035,7.790675923],[33.064292318,7.789914496],[33.065434459,7.791627708],[33.069812667,7.79086628],[33.07266802,7.791437351],[33.070574095,7.794102347],[33.072287307,7.794483061],[33.074381232,7.794292704],[33.076665515,7.796196273],[33.080091939,7.795625203],[33.085041218,7.795244488],[33.086183359,7.79638663],[33.08675443,7.799813054],[33.088467641,7.800955195],[33.09341692,7.803239477],[33.09341692,7.799813054],[33.092655493,7.797338414],[33.09589156,7.796576989],[33.096081917,7.793721633],[33.098175842,7.792389135],[33.100079411,7.792579492],[33.10198298,7.794673419],[33.106361188,7.795054132],[33.106932259,7.791246995],[33.105409404,7.789533782],[33.105301,7.788032],[33.102173337,7.785345931],[33.098175842,7.784013433],[33.100840839,7.783252005],[33.104481,7.783701],[33.10502869,7.780396652],[33.1080744,7.779825581],[33.109787612,7.782490577],[33.10750333,7.784394146],[33.111881538,7.785536289],[33.115117605,7.782871292],[33.114927248,7.787249499],[33.117592244,7.788772355],[33.121780096,7.787439857],[33.125016163,7.788772355],[33.127490802,7.79086628],[33.127110088,7.787249499],[33.128442586,7.786107358],[33.130536512,7.785917001],[33.134724363,7.790675923],[33.137579717,7.789153068],[33.137770074,7.785726646],[33.14100614,7.785917001],[33.14043507,7.790485566],[33.145003635,7.790104854],[33.146716847,7.788581998],[33.149952914,7.790675923],[33.152808267,7.790295211],[33.155979,7.788998001],[33.156805762,7.794102347],[33.157947903,7.796576989],[33.159470758,7.7982902],[33.159470758,7.800574481],[33.158899687,7.803620191],[33.160803256,7.803049122],[33.163087539,7.801335909],[33.165942892,7.800384125],[33.169178959,7.798099842],[33.172034312,7.799241984],[33.171653598,7.79638663],[33.170130743,7.795054132],[33.165562178,7.796196273],[33.16422968,7.795244488],[33.166513962,7.790295211],[33.169369316,7.792198779],[33.172224669,7.794483061],[33.174508951,7.795625203],[33.17584145,7.793911992],[33.175651093,7.791437351],[33.178316089,7.790485566],[33.181361799,7.789914496],[33.184217152,7.791056638],[33.185930364,7.789533782],[33.185359294,7.783252005],[33.189356788,7.781919508],[33.190879643,7.784203789],[33.188595361,7.787249499],[33.189927859,7.789153068],[33.192212141,7.786297715],[33.195257851,7.784584503],[33.197542134,7.784584503],[33.201729985,7.785345931],[33.203633554,7.782300221],[33.202491413,7.778493084],[33.202778633,7.774746993],[33.204135995,7.773991561],[33.205537123,7.775828087],[33.20629855,7.777922012],[33.210105688,7.778112369],[33.211057472,7.776018444],[33.20877319,7.772782378],[33.210486402,7.772211307],[33.213151398,7.773353447],[33.215245324,7.773543804],[33.218671748,7.771640235],[33.222098172,7.768784882],[33.225334239,7.767833098],[33.225524595,7.771449878],[33.224763168,7.77392452],[33.22647638,7.774495589],[33.228189592,7.777350943],[33.231425659,7.777350943],[33.234281012,7.781348436],[33.236946008,7.781348436],[33.24113386,7.777731655],[33.244369927,7.775447373],[33.244560283,7.778873797],[33.248367421,7.777922012],[33.250651704,7.776589515],[33.247605994,7.772782378],[33.249509562,7.771259523],[33.251984202,7.770307739],[33.253507057,7.767452385],[33.252745629,7.764216317],[33.253697414,7.76040918],[33.256172053,7.76040918],[33.25636241,7.765358458],[33.258646693,7.761932034],[33.264357399,7.758695967],[33.267783823,7.758124897],[33.269116321,7.755840615],[33.27159096,7.754698474],[33.276730596,7.755840615],[33.27711131,7.75241419],[33.275969169,7.749178123],[33.281870232,7.751652763],[33.285106299,7.751652763],[33.285106299,7.748035982],[33.283964158,7.74327706],[33.288342366,7.744799916],[33.293482002,7.748416698],[33.296337355,7.748416698],[33.297098782,7.744990272],[33.292092,7.742027],[33.292189465,7.73869297],[33.294053072,7.736233856],[33.29645703,7.734832935],[33.297378,7.735859001],[33.298240924,7.737947067],[33.296908426,7.740802421],[33.301667348,7.742896347],[33.30338056,7.742705989],[33.303190203,7.738137424],[33.300874639,7.734508632],[33.303570916,7.733378502],[33.304903415,7.730713506],[33.303570916,7.727858153],[33.30338056,7.72557387],[33.305474485,7.726525656],[33.30642627,7.728429224],[33.307758768,7.729000294],[33.307568411,7.725383513],[33.310804478,7.726906368],[33.314040545,7.729000294],[33.315753757,7.730903863],[33.317657326,7.728809937],[33.317466969,7.725954584],[33.319180181,7.722337803],[33.320893393,7.71643674],[33.320322322,7.712058534],[33.319560894,7.709393536],[33.324129459,7.708441752],[33.325652315,7.711868175],[33.327555883,7.711677818],[33.33022088,7.710154964],[33.332124448,7.713200673],[33.334599088,7.713771745],[33.336693014,7.712058534],[33.337835155,7.709012822],[33.340690508,7.708061037],[33.34240372,7.711487461],[33.341642292,7.713771745],[33.339929081,7.715104242],[33.33935801,7.717388524],[33.344497646,7.716246383],[33.347333224,7.717930269],[33.347543356,7.723099232],[33.349637281,7.728429224],[33.351921564,7.729952078],[33.35401549,7.725764229],[33.357822627,7.724051016],[33.359726196,7.721386019],[33.36356547,7.720244175],[33.365480123,7.724058185],[33.365056189,7.725764229],[33.365056189,7.727667797],[33.366007973,7.729761722],[33.365436903,7.731855647],[33.367150114,7.732046005],[33.373051178,7.730713506],[33.378761884,7.733568859],[33.379523312,7.73413993],[33.38085581,7.737756711],[33.380665453,7.74213492],[33.381997951,7.742705989],[33.382569022,7.73851814],[33.385043661,7.73661457],[33.386566516,7.736995283],[33.388660442,7.741944563],[33.391706152,7.740231351],[33.390754368,7.735662786],[33.392277223,7.73166529],[33.394561505,7.729761722],[33.396465074,7.731094221],[33.400081855,7.730142435],[33.402569,7.733291],[33.402366137,7.736233856],[33.401033639,7.739660279],[33.403127565,7.741183135],[33.40769613,7.738327782],[33.410551483,7.738327782],[33.41378755,7.738898852],[33.417023617,7.738898852],[33.420069327,7.739850636],[33.420640398,7.74327706],[33.421401825,7.745370986],[33.423835996,7.745213535],[33.425970391,7.750510622],[33.428635387,7.752033479],[33.426922175,7.755840615],[33.429777528,7.756221328],[33.432061811,7.755269544],[33.435678588,7.754888831],[33.436820733,7.752223834],[33.439485729,7.750891335],[33.439676086,7.748987767],[33.444054294,7.749178123],[33.447861432,7.748987767],[33.449955357,7.746703485],[33.448813216,7.744799916],[33.446338577,7.745561344],[33.444054294,7.745942056],[33.444054294,7.743467417],[33.449765001,7.741183135],[33.454286314,7.738978116],[33.45528535,7.744609558],[33.457379276,7.745751701],[33.461757484,7.746893841],[33.463089982,7.750320266],[33.461757484,7.753556332],[33.465374265,7.752223834],[33.468039261,7.749178123],[33.471275328,7.75184312],[33.476414964,7.748987767],[33.479270317,7.747845625],[33.482316027,7.745942056],[33.48212567,7.742705989],[33.483648525,7.739850636],[33.483458168,7.738327782],[33.484029239,7.735662786],[33.487265306,7.734711],[33.488788161,7.733188146],[33.490882087,7.733188146],[33.491453157,7.735282071],[33.494689224,7.737566356],[33.497734934,7.741754205],[33.499638503,7.740612064],[33.499067433,7.737566356],[33.499962,7.734961002],[33.501085629,7.730365019],[33.504016712,7.730523149],[33.505158853,7.732046005],[33.504016712,7.735282071],[33.505158853,7.735472428],[33.506491351,7.734520644],[33.509156347,7.732236362],[33.512963485,7.733759216],[33.516389909,7.736804927],[33.518674191,7.73718564],[33.518483834,7.73413993],[33.515628481,7.731284578],[33.51584271,7.728496114],[33.517151336,7.728429224],[33.520006689,7.729000294],[33.524194541,7.729000294],[33.525527039,7.726716013],[33.524575255,7.724431729],[33.524765612,7.721576376],[33.523768591,7.718832995],[33.52057776,7.71586567],[33.52057776,7.714152457],[33.52515,7.715665],[33.528382392,7.717578883],[33.531237745,7.717578883],[33.531808816,7.712248889],[33.534664169,7.710154964],[33.537709879,7.709393536],[33.539523868,7.70637022],[33.541517017,7.704634613],[33.540558356,7.701345076],[33.538471307,7.699494979],[33.538471307,7.697591411],[33.539994162,7.696068554],[33.543039872,7.693403557],[33.546085582,7.691880702],[33.54989272,7.691119276],[33.551605932,7.694355342],[33.548369865,7.697781766],[33.553454365,7.698266512],[33.555793783,7.700066048],[33.559410564,7.699304622],[33.563027344,7.698162479],[33.565501984,7.699494979],[33.566644125,7.699494979],[33.567215196,7.698162479],[33.565882698,7.695497483],[33.567786266,7.694355342],[33.571593404,7.693403557],[33.574639114,7.692261417],[33.578446252,7.691309633],[33.581682319,7.689215706],[33.586060527,7.69016749],[33.589486951,7.692832487],[33.595768728,7.69264213],[33.599766222,7.689786777],[33.611187635,7.692261417],[33.617469412,7.694164985],[33.623941546,7.696639625],[33.62984261,7.695497483],[33.632126892,7.691499989],[33.635172602,7.689406065],[33.637607973,7.689959557],[33.640883309,7.694164985],[33.646974729,7.693403557],[33.649905382,7.691692014],[33.651791499,7.691119496],[33.653066149,7.688834992],[33.655350432,7.688073565],[33.661441852,7.687502495],[33.665248989,7.686169996],[33.666010417,7.683505],[33.667913986,7.679888219],[33.67495719,7.679507506],[33.676860759,7.677794293],[33.677241473,7.674367869],[33.679145042,7.670560732],[33.682048546,7.672497983],[33.683579,7.670310001],[33.686780786,7.671076159],[33.686949674,7.668086092],[33.689424313,7.664659668],[33.694563949,7.665801812],[33.697800016,7.665421096],[33.701416797,7.663898242],[33.698942157,7.659520034],[33.703320365,7.658948962],[33.70484322,7.662185031],[33.708460001,7.662375386],[33.712076782,7.661233247],[33.714170708,7.6627561],[33.716264633,7.661804315],[33.716645347,7.659139319],[33.717216418,7.656474323],[33.718168202,7.655522538],[33.722165697,7.65666468],[33.726353548,7.656474323],[33.72806676,7.653428613],[33.727305332,7.64943112],[33.729399258,7.646575766],[33.733967823,7.642007201],[33.735681035,7.639532561],[33.734538894,7.634583281],[33.734598184,7.631402021],[33.738155675,7.628682219],[33.738917102,7.623732939],[33.742429762,7.622103119],[33.745752681,7.621015198],[33.749767444,7.622971513],[33.75186137,7.622781155],[33.754145652,7.620496873],[33.754669,7.618096],[33.758511,7.613348002],[33.762330998,7.610979028],[33.762330998,7.607171891],[33.765757422,7.603935826],[33.769183846,7.60355511],[33.772800627,7.60355511],[33.775084909,7.602603325],[33.779268577,7.602362381],[33.780224545,7.599557616],[33.779463118,7.597082976],[33.780985973,7.592895125],[33.783460612,7.589468703],[33.786696679,7.586422991],[33.790503817,7.585851922],[33.794120597,7.582235141],[33.800783088,7.57728586],[33.802686657,7.574811222],[33.809158791,7.572146227],[33.811823787,7.572146227],[33.818295921,7.565293377],[33.822483773,7.563770522],[33.825910196,7.563199452],[33.835116773,7.563085284],[33.845897669,7.560724812],[33.854844442,7.559963384],[33.85922265,7.560915169],[33.86169729,7.559963384],[33.864743,7.558059815],[33.866646569,7.557679104],[33.868169424,7.554252678],[33.869692279,7.550064826],[33.872547632,7.546828761],[33.877116197,7.545876977],[33.880352264,7.548161258],[33.884730472,7.544163764],[33.888918324,7.541498767],[33.892535105,7.540927696],[33.898436168,7.53883377],[33.90014938,7.533123066],[33.903575804,7.529315926],[33.905098659,7.525889504],[33.904908302,7.52360522],[33.90072045,7.520749867],[33.898816882,7.517704159],[33.902814376,7.510280238],[33.905098659,7.508186313],[33.9062408,7.503237035],[33.909667224,7.497716686],[33.915187573,7.496574543],[33.916520072,7.495432402],[33.91842364,7.492386692],[33.922611492,7.491244551],[33.924134347,7.488008483],[33.927370414,7.484962774],[33.929464339,7.481917063],[33.928322198,7.478680998],[33.925657202,7.477538855],[33.925276488,7.473922074],[33.929905029,7.472495702],[33.933271477,7.473731717],[33.94059,7.474628],[33.944312176,7.470495652],[33.947548243,7.468592084],[33.954480852,7.468332046],[33.957150738,7.469205935],[33.957912166,7.468634864],[33.957045865,7.466842608],[33.95604,7.461929],[33.956304595,7.456853129],[33.957436273,7.454453276],[33.957912166,7.452549707],[33.957912166,7.451026853],[33.958768772,7.448837748],[33.960577162,7.448932927],[33.962004839,7.449979891],[33.964479478,7.449789533],[33.965716798,7.448552213],[33.966954118,7.446934179],[33.96800108,7.447314894],[33.968857686,7.446934179],[33.968572151,7.445220968],[33.971141969,7.444745077],[33.973426251,7.443507756],[33.976186426,7.442936686],[33.978089995,7.443031864],[33.979993564,7.442270436],[33.982563382,7.440557224],[33.984466951,7.43893919],[33.986180162,7.4371308],[33.987512661,7.435417588],[33.98694159,7.433989912],[33.988369267,7.432086344],[33.990748728,7.431324915],[33.991510155,7.429326169],[33.992842653,7.427708135],[33.993699259,7.425328674],[33.99550765,7.424567247],[33.997601575,7.425043138],[33.999505144,7.423996175],[34.000742464,7.421902251],[34.002550854,7.42009386],[34.004264066,7.417714398],[34.004549601,7.414859046],[34.005501386,7.410671194],[34.005120672,7.408672446],[34.007024241,7.407435129],[34.007404955,7.405150844],[34.007309776,7.403818348],[34.008547096,7.401629242],[34.007638858,7.399316381],[34.006072456,7.39687032],[34.005120672,7.393253539],[34.004549601,7.389922294],[34.005977278,7.385544087],[34.007785668,7.381356234],[34.010069951,7.379833379],[34.01378191,7.378024989],[34.016922799,7.377549098],[34.019016724,7.37555035],[34.020634758,7.373456424],[34.023966003,7.369649286],[34.02720207,7.365461436],[34.029010461,7.362320546],[34.033579026,7.358703765],[34.0363392,7.356324304],[34.033959739,7.34499807],[34.032817598,7.341190934],[34.031865814,7.337383796],[34.030541094,7.3344401],[34.030086283,7.328625121],[34.031580278,7.325391311],[34.032056171,7.322821493],[34.033198312,7.320632389],[34.032056171,7.318443287],[34.03329349,7.317015609],[34.033579026,7.315397575],[34.032151349,7.314636149],[34.033007955,7.31082901],[34.031960992,7.309401335],[34.032912777,7.30664116],[34.033388669,7.304452054],[34.033388669,7.302834022],[34.034816345,7.298170277],[34.0363392,7.296552245],[34.037386163,7.293887249],[34.038337948,7.292554749],[34.037481342,7.291222253],[34.036910271,7.289223505],[34.03881384,7.281609229],[34.039099375,7.277135842],[34.04185955,7.275327452],[34.040241516,7.272091387],[34.03881384,7.271329958],[34.03757652,7.271996207],[34.036148844,7.271805849],[34.033864561,7.269997459],[34.03183,7.270663],[34.025429,7.264231002],[34.024175442,7.264597661],[34.020825115,7.267427642],[34.018540832,7.267713177],[34.013210839,7.27056853],[34.012259055,7.269902281],[34.011693713,7.268248521],[34.011592806,7.265333715],[34.014257802,7.260003723],[34.015399944,7.256482122],[34.016446906,7.25591105],[34.019207081,7.254768911],[34.019968509,7.252484626],[34.020063687,7.249534095],[34.021138353,7.246222699],[34.023252892,7.243963795],[34.025203323,7.243252317],[34.028724925,7.242300533],[34.033388669,7.243823389],[34.035006702,7.24249089],[34.033103133,7.241348749],[34.031770635,7.239635537],[34.033103133,7.23639947],[34.038052412,7.231640548],[34.039955981,7.228975551],[34.040146338,7.227452697],[34.038337948,7.226215377],[34.038337948,7.224692523],[34.039575267,7.222503417],[34.041288479,7.22174199],[34.043192048,7.222122705],[34.045857044,7.222122705],[34.048902755,7.225453949],[34.050044896,7.226405733],[34.054518283,7.223074489],[34.058896491,7.22050467],[34.060609703,7.218030031],[34.061511308,7.215892801],[34.062989164,7.214127715],[34.065486297,7.214452462],[34.068033621,7.215269856],[34.06746255,7.216983068],[34.062989164,7.219743243],[34.065749338,7.221646811],[34.068414335,7.219362531],[34.071079331,7.218315566],[34.073458792,7.218220388],[34.074410577,7.214793966],[34.076314145,7.212128969],[34.076980394,7.209463972],[34.079645391,7.207179689],[34.082310387,7.205466477],[34.083336244,7.202123375],[34.086293272,7.200020759],[34.089163235,7.199470236],[34.09249448,7.198423273],[34.093065551,7.196805239],[34.096206439,7.19547274],[34.096872688,7.194235421],[34.09496912,7.192712566],[34.096491975,7.192046318],[34.098681079,7.193378815],[34.100489469,7.193473993],[34.102107503,7.189571677],[34.10163161,7.187477752],[34.100394291,7.186145253],[34.098395543,7.18452722],[34.098726575,7.18045696],[34.10286893,7.174247948],[34.10410625,7.171297418],[34.106104997,7.169774561],[34.108103744,7.171582952],[34.110578384,7.171202239],[34.114195165,7.168251706],[34.117907124,7.1673951],[34.12238051,7.167204744],[34.125616577,7.166633674],[34.129518893,7.163492784],[34.131898354,7.160922967],[34.135324778,7.15835315],[34.136655848,7.154670341],[34.139989309,7.151660798],[34.1400837,7.148073877],[34.142367983,7.145028168],[34.146079942,7.145218524],[34.148840117,7.14731245],[34.151505113,7.147502807],[34.155502608,7.146646203],[34.158357961,7.146836558],[34.16330724,7.145694417],[34.166828842,7.144552275],[34.170731158,7.142077636],[34.172254013,7.138936747],[34.177108114,7.135319966],[34.180915251,7.134558539],[34.182342928,7.134653717],[34.185198281,7.133797111],[34.187577742,7.1320839],[34.189862025,7.131227294],[34.191194523,7.129989973],[34.191194523,7.12837194],[34.193383627,7.125802124],[34.193954697,7.123898554],[34.195477553,7.121328737],[34.194811303,7.119044453],[34.193669162,7.117902312],[34.19163982,7.118581345],[34.189386132,7.118378205],[34.189100597,7.116664993],[34.190908987,7.115046959],[34.192907735,7.115046959],[34.191004166,7.113333746],[34.189870336,7.111723259],[34.191765593,7.109336253],[34.191670415,7.106671258],[34.191099344,7.104862866],[34.192907735,7.102197871],[34.195192017,7.100008765],[34.197285943,7.097438947],[34.19928469,7.096391984],[34.198903976,7.095345021],[34.195096839,7.094773952],[34.194421926,7.093962916],[34.192812556,7.093536631],[34.191860772,7.092489668],[34.19014756,7.088587354],[34.189100597,7.087350032],[34.188719883,7.084399501],[34.191670415,7.082305576],[34.191480058,7.080306829],[34.188092357,7.080381234],[34.186721136,7.080116471],[34.18586453,7.07897433],[34.187636131,7.077795299],[34.189195775,7.077737011],[34.19014756,7.076118976],[34.191860772,7.075833443],[34.190242738,7.07345398],[34.191670415,7.070979341],[34.196905229,7.069456486],[34.197857014,7.068599881],[34.196905229,7.067648096],[34.191765593,7.066410775],[34.189481311,7.065458991],[34.189290954,7.064412028],[34.191402592,7.063747458],[34.193288448,7.0649831],[34.195572731,7.065554169],[34.196905229,7.065268634],[34.197000408,7.063555422],[34.195192017,7.062508459],[34.194507858,7.061500571],[34.19508,7.059993001],[34.19623898,7.059272392],[34.195953445,7.058035073],[34.193859519,7.058320608],[34.192146307,7.058035073],[34.190718631,7.057178467],[34.190052381,7.055370076],[34.191289701,7.054799007],[34.192717378,7.056417039],[34.193859519,7.056131504],[34.196048623,7.052800258],[34.195763088,7.051753296],[34.191670415,7.050611154],[34.19138488,7.049564193],[34.194525768,7.049278656],[34.196619694,7.048326872],[34.196714872,7.047375087],[34.195572731,7.045281162],[34.193669162,7.045661875],[34.191765593,7.047470266],[34.191670415,7.046423303],[34.191860772,7.044614913],[34.191099344,7.042711344],[34.192819586,7.041621121],[34.193764341,7.039951169],[34.193954697,7.03928492],[34.194716125,7.03928492],[34.196143802,7.041949916],[34.197285943,7.04109331],[34.197190764,7.039570457],[34.198524959,7.038577277],[34.200046118,7.040236704],[34.200617188,7.039855991],[34.200712367,7.037857244],[34.202425579,7.037952422],[34.204329147,7.039094563],[34.205566467,7.039380098],[34.207470036,7.039380098],[34.208612177,7.041283668],[34.210135032,7.04109331],[34.209468783,7.039475279],[34.207945928,7.037762066],[34.207660393,7.03623921],[34.210230211,7.035668139],[34.210828828,7.037183892],[34.212324136,7.037762066],[34.213466278,7.03747653],[34.213043835,7.035233458],[34.21213378,7.035001892],[34.211181995,7.033954928],[34.211753066,7.033574214],[34.214257058,7.034081006],[34.214989133,7.034050108],[34.21575056,7.034335641],[34.216416809,7.036334388],[34.217749308,7.037857244],[34.22003359,7.038523493],[34.222032337,7.036334388],[34.220509482,7.034335641],[34.218510735,7.033383857],[34.217368594,7.032241716],[34.218365051,7.030179611],[34.220414304,7.031004396],[34.221080553,7.029005648],[34.223364836,7.028815292],[34.223935906,7.02776833],[34.223269657,7.026055117],[34.225458761,7.023294943],[34.223460014,7.022247981],[34.222349795,7.023193727],[34.220985374,7.022914228],[34.219748055,7.021867265],[34.219367341,7.019963697],[34.220223947,7.018155306],[34.219557698,7.016061381],[34.222603408,7.014824062],[34.223269657,7.017869771],[34.225078047,7.018155306],[34.225268404,7.015680667],[34.225871094,7.013924894],[34.227158921,7.013047219],[34.22859965,7.013206029],[34.229741791,7.012825314],[34.231264646,7.012063886],[34.232787501,7.012063886],[34.233358572,7.010445854],[34.233358572,7.00816157],[34.232121252,7.006733894],[34.231359824,7.005496574],[34.23288268,7.003497826],[34.23773678,7.001974971],[34.239573664,7.003407467],[34.240434691,7.003678981],[34.241639096,7.005020683],[34.243352308,7.005877288],[34.245351055,7.006638716],[34.246778732,7.00768568],[34.247254624,7.009494069],[34.24934855,7.008637464],[34.251331999,7.008284653],[34.251728011,7.010731388],[34.252870152,7.011207281],[34.254868899,7.010826566],[34.256962825,7.011778351],[34.25848568,7.008732641],[34.261721747,7.007019429],[34.2645771,7.009113354],[34.266290312,7.008827819],[34.264957814,7.007019429],[34.263625316,7.003402648],[34.264386743,7.00207015],[34.265624063,7.003021934],[34.266004777,7.005211038],[34.266766204,7.005306217],[34.267188707,7.003923988],[34.269508915,7.00296384],[34.271144412,7.003212293],[34.273333517,7.004639968],[34.275332264,7.004354432],[34.276569584,7.003212293],[34.27495155,7.001689436],[34.271390326,6.999961367],[34.269145665,6.999119618],[34.267717989,6.997787121],[34.26762281,6.99664498],[34.271082106,6.997237639],[34.272476911,6.997120871],[34.273809409,6.99854855],[34.275046729,6.997406406],[34.275332264,6.994551053],[34.275141907,6.991790878],[34.275617799,6.988649992],[34.277045476,6.987983741],[34.281328506,6.991410166],[34.283422431,6.991981235],[34.285230822,6.990839094],[34.284183859,6.988840347],[34.284374216,6.986746422],[34.285992249,6.984842852],[34.28713439,6.983034463],[34.287895818,6.981035715],[34.289228316,6.980179109],[34.289989744,6.977894826],[34.291227063,6.97827554],[34.291512599,6.981226071],[34.292940275,6.982082677],[34.293606524,6.980559823],[34.29389206,6.979036967],[34.295985985,6.978180361],[34.300364194,6.977894826],[34.303885796,6.97827554],[34.306265257,6.977514112],[34.305884543,6.976086436],[34.303600261,6.977133398],[34.301601513,6.97703822],[34.30302919,6.973802153],[34.302458119,6.971993763],[34.299602766,6.971327516],[34.298365446,6.970566087],[34.299412409,6.969519124],[34.3012208,6.969328766],[34.302077406,6.967805913],[34.302458119,6.965331272],[34.3012208,6.964189132],[34.299412409,6.963237348],[34.297604019,6.964379487],[34.29874616,6.966568592],[34.29750884,6.968091447],[34.295510093,6.969614303],[34.293987238,6.969519124],[34.294343359,6.967873622],[34.295304929,6.967213279],[34.292274026,6.965045738],[34.291036707,6.963998775],[34.29141742,6.962475919],[34.293606524,6.963046989],[34.294939023,6.964379487],[34.296176342,6.963713238],[34.296081164,6.961143421],[34.294367952,6.959144673],[34.294748666,6.957907354],[34.29693777,6.957241104],[34.297738326,6.95630421],[34.29780971,6.954091312],[34.297381407,6.953163321],[34.296239266,6.953020554],[34.295739579,6.952092565],[34.294311902,6.952235331],[34.293312529,6.951807028],[34.29259869,6.949308596],[34.29352668,6.947309848],[34.296667569,6.946239092],[34.2987377,6.946096322],[34.300165376,6.945739403],[34.300379528,6.947381231],[34.300165376,6.950664887],[34.301878588,6.952163948],[34.302877962,6.947238463],[34.305305012,6.943883424],[34.307803446,6.94252713],[34.310016345,6.942812666],[34.310730183,6.944668645],[34.308945588,6.946381857],[34.30973081,6.949736899],[34.311015719,6.950236584],[34.312015092,6.948594756],[34.315013213,6.945882171],[34.314085223,6.941813292],[34.315941203,6.941884677],[34.317154728,6.943026818],[34.31701196,6.940742535],[34.31736888,6.938672405],[34.319010708,6.936530889],[34.32072392,6.935460131],[34.321437758,6.936959192],[34.321794677,6.939386242],[34.32315097,6.939386242],[34.325006949,6.938529636],[34.326434626,6.93860102],[34.32707708,6.93802995],[34.326862929,6.93710196],[34.324721414,6.936459506],[34.323650657,6.934889061],[34.326363242,6.93317585],[34.325506636,6.931605404],[34.324578646,6.930606033],[34.325435252,6.9285359],[34.32707708,6.929249738],[34.327790919,6.927679294],[34.328361989,6.925823315],[34.330360737,6.925466395],[34.331859797,6.924823941],[34.332645019,6.921754436],[34.33471515,6.92125475],[34.336999433,6.923182114],[34.338641261,6.924324255],[34.339712018,6.924395638],[34.339069564,6.922396891],[34.339569251,6.9210406],[34.342067685,6.922182739],[34.34235322,6.924538407],[34.34085416,6.926251618],[34.340140321,6.928250365],[34.341211079,6.929606657],[34.343067058,6.929249738],[34.344708886,6.926679921],[34.345851028,6.923753183],[34.346279331,6.922111356],[34.347350088,6.921897205],[34.348563613,6.923396264],[34.350419593,6.924038718],[34.352346956,6.923824567],[34.35484539,6.922039971],[34.358343198,6.918113861],[34.359770875,6.917685558],[34.361198551,6.920398145],[34.363197299,6.9210406],[34.3658385,6.921326133],[34.3658385,6.919470153],[34.365410197,6.917899709],[34.366409571,6.915758194],[34.36919354,6.915258507],[34.373976257,6.912260386],[34.377331297,6.912617306],[34.380757721,6.912046235],[34.382899236,6.911332397],[34.383684458,6.911832084],[34.382256781,6.914330519],[34.382114014,6.916686185],[34.382399549,6.918970467],[34.384541064,6.919969842],[34.386825346,6.920540911],[34.388110255,6.919684305],[34.389894851,6.920469527],[34.391036992,6.922967962],[34.393749578,6.923396264],[34.393892345,6.925609165],[34.395534174,6.925823315],[34.395891093,6.923967335],[34.39546279,6.920969214],[34.399174749,6.920326759],[34.401102112,6.92182582],[34.40310086,6.9236818],[34.40459992,6.921683053],[34.404243001,6.919327387],[34.406670051,6.919327387],[34.408454647,6.920612297],[34.409382637,6.920826447],[34.41038201,6.918970467],[34.411381384,6.918185244],[34.412095222,6.918328012],[34.413665666,6.917471406],[34.414879192,6.916543416],[34.415307495,6.919684305],[34.415307495,6.922396891],[34.417306242,6.923467649],[34.418162848,6.922325508],[34.417734545,6.921111981],[34.416877939,6.919827072],[34.418662535,6.918827699],[34.420304363,6.919256002],[34.422445878,6.918684932],[34.422374494,6.917114488],[34.42380217,6.915329891],[34.425586766,6.91582958],[34.426657524,6.91904185],[34.428442119,6.91975569],[34.428941806,6.918113861],[34.428013816,6.917400022],[34.427728281,6.91568681],[34.428156584,6.914259134],[34.425087079,6.914330519],[34.424444625,6.911189629],[34.424301857,6.909405033],[34.425158463,6.908405661],[34.426728907,6.909262266],[34.425443998,6.911617932],[34.427299978,6.911903468],[34.428656271,6.911617932],[34.430012564,6.908262893],[34.432939301,6.907549055],[34.43479528,6.908262893],[34.433795907,6.910618559],[34.43144024,6.913045609],[34.430226715,6.915758194],[34.431083321,6.916828952],[34.433367604,6.915758194],[34.43422421,6.913973598],[34.435366351,6.912046235],[34.436294341,6.912545923],[34.43722233,6.916686185],[34.43907831,6.917828326],[34.441077057,6.918042477],[34.441719512,6.916900336],[34.440862906,6.915900962],[34.442147815,6.915615429],[34.444789016,6.918256629],[34.447216067,6.918899084],[34.448358208,6.917400022],[34.448144056,6.91582958],[34.447572986,6.91418775],[34.449072046,6.913402529],[34.450285571,6.913045609],[34.451784632,6.912189003],[34.45435445,6.911903468],[34.455282439,6.913259761],[34.451070793,6.914473285],[34.450285571,6.915615429],[34.449857268,6.917614174],[34.451427713,6.918399396],[34.45342646,6.918756315],[34.454497217,6.919541539],[34.454782753,6.921468903],[34.456139045,6.922468274],[34.458566096,6.921683053],[34.459993772,6.920112608],[34.459137166,6.918613547],[34.457138419,6.918328012],[34.457780873,6.916257882],[34.458994399,6.916543416],[34.460350691,6.917471406],[34.4616356,6.9166148],[34.458780247,6.911903468],[34.462135287,6.911332397],[34.464776489,6.911689317],[34.465847246,6.909547802],[34.466703852,6.909833336],[34.466132782,6.912688689],[34.467203539,6.912831458],[34.4687026,6.914044982],[34.469916125,6.918113861],[34.47170072,6.917542791],[34.473057013,6.916329265],[34.472512015,6.914640913],[34.470701347,6.913902216],[34.469559205,6.912974226],[34.468417064,6.911475165],[34.467988761,6.909690569],[34.468773983,6.908619811],[34.470273044,6.909190882],[34.470986882,6.908619811],[34.471986256,6.909476417],[34.472985629,6.909619185],[34.473913619,6.907049367],[34.476269286,6.905693074],[34.476483437,6.902837721],[34.4784108,6.902766338],[34.4784108,6.906406912],[34.479008668,6.906686633],[34.480052629,6.905978609],[34.480552315,6.90505062],[34.480052629,6.904051246],[34.479981245,6.903051873],[34.481177609,6.902487052],[34.482242434,6.899872507],[34.483336285,6.899625449],[34.486548557,6.901195893],[34.488404537,6.901410044],[34.48940391,6.901124509],[34.48847592,6.900267903],[34.486548557,6.899982369],[34.485763335,6.899268529],[34.485049497,6.898126388],[34.485406416,6.897269782],[34.486834092,6.896984247],[34.487191012,6.895770722],[34.486263022,6.893415055],[34.487833466,6.892701217],[34.488333153,6.892058763],[34.487333779,6.890416935],[34.487048244,6.889488945],[34.488261769,6.888989258],[34.489189759,6.890274167],[34.490902971,6.889703096],[34.491188506,6.888204037],[34.492973102,6.887490197],[34.495971223,6.886990511],[34.496827829,6.88549145],[34.497113364,6.883706855],[34.496685061,6.881993642],[34.496970596,6.881279805],[34.497898586,6.881779491],[34.498184121,6.883492704],[34.498826576,6.88434931],[34.499540414,6.883849622],[34.499825949,6.88192226],[34.500682555,6.880351814],[34.502110232,6.879780745],[34.504410695,6.880288067],[34.50560804,6.883849622],[34.506821565,6.884420693],[34.508320625,6.883207169],[34.508463393,6.881850875],[34.506607413,6.8804232],[34.506036343,6.87913829],[34.50617911,6.878210299],[34.508606161,6.877710613],[34.510676292,6.876854007],[34.512246736,6.875926017],[34.513674413,6.873855886],[34.515958695,6.872285442],[34.514459635,6.871286069],[34.514673786,6.870001161],[34.515887311,6.868073796],[34.516315614,6.866431968],[34.514316867,6.866431968],[34.510676292,6.867359958],[34.509748302,6.866788887],[34.510533524,6.865718129],[34.511818433,6.864861523],[34.512246736,6.863505231],[34.513174726,6.862077554],[34.512675039,6.860292958],[34.510475422,6.859337841],[34.51046214,6.857009302],[34.511033211,6.856081313],[34.51288919,6.856509616],[34.515459008,6.858008677],[34.517600523,6.860078807],[34.51959927,6.861506484],[34.521026947,6.861792019],[34.526023815,6.860578493],[34.52630935,6.859150818],[34.525595512,6.858008677],[34.526523502,6.855581625],[34.527451492,6.854510868],[34.529521623,6.853511495],[34.530520996,6.852226585],[34.529164704,6.851369979],[34.527451492,6.850798909],[34.52666627,6.849942303],[34.523239846,6.847943556],[34.522311856,6.846587263],[34.522311856,6.844017445],[34.522882927,6.842161466],[34.523596765,6.842161466],[34.523168462,6.844374365],[34.523239846,6.845802041],[34.525292569,6.846068632],[34.52723734,6.845944808],[34.527665643,6.844802669],[34.527023189,6.842661152],[34.52634127,6.841153671],[34.526680804,6.840112787],[34.528736401,6.8398058],[34.531163451,6.839734415],[34.533233582,6.838877809],[34.533590501,6.838021203],[34.532234208,6.837021829],[34.529521623,6.836236607],[34.528950552,6.835308618],[34.529023734,6.834095793],[34.530806532,6.833024336],[34.53301943,6.833952326],[34.534161572,6.83423786],[34.535589248,6.833167103],[34.534661259,6.832310497],[34.533090814,6.831668042],[34.531163451,6.830168982],[34.530924094,6.829215385],[34.530949299,6.827741932],[34.532271684,6.827174893],[34.534804026,6.827599165],[34.537231076,6.82752778],[34.537231076,6.826242871],[34.534849946,6.824009234],[34.534447107,6.822530912],[34.535018178,6.821602922],[34.537231076,6.82231676],[34.539586743,6.821602922],[34.54251348,6.81874757],[34.54344147,6.816320521],[34.542013793,6.815321145],[34.539165076,6.815106994],[34.536017551,6.815106994],[34.534589875,6.814250388],[34.536017551,6.811466418],[34.538016299,6.809895974],[34.535874784,6.807040621],[34.535446481,6.805184641],[34.534018804,6.804470803],[34.533447733,6.803328662],[34.533447733,6.802257904],[34.535375097,6.802043753],[34.537873531,6.803257279],[34.540728884,6.803328662],[34.542085177,6.802257904],[34.542013793,6.800401925],[34.542727631,6.79676135],[34.541871025,6.79676135],[34.541371339,6.797974874],[34.540586116,6.798331794],[34.538801521,6.797261036],[34.537516612,6.796904117],[34.534518491,6.797974874],[34.532948047,6.797189653],[34.53244836,6.795833359],[34.534232956,6.795333673],[34.535517865,6.794191533],[34.535124119,6.792709756],[34.532519744,6.791122029],[34.531234835,6.790122653],[34.531377602,6.788266673],[34.532805279,6.78783837],[34.534447107,6.786981766],[34.534018804,6.786125161],[34.53301943,6.785125785],[34.532948047,6.783769493],[34.533804653,6.783055655],[34.536802773,6.782484583],[34.536660006,6.781627977],[34.536160319,6.780414452],[34.53394742,6.779986149],[34.53301943,6.778986777],[34.534232956,6.776773878],[34.536874157,6.774489594],[34.536160319,6.772704999],[34.532305592,6.770634867],[34.532948047,6.769492726],[34.535089562,6.769278575],[34.535018178,6.768065051],[34.535446481,6.76620907],[34.536945541,6.765138313],[34.534732642,6.763853404],[34.534447107,6.762140192],[34.536660006,6.760141444],[34.538587369,6.759356222],[34.538587369,6.757571627],[34.53730246,6.756143951],[34.535946168,6.756215334],[34.534447107,6.757357475],[34.53152037,6.756215334],[34.53002131,6.754430739],[34.529521623,6.752146455],[34.529807158,6.749648023],[34.5307806,6.745663136],[34.53149923,6.745316141],[34.534090188,6.74757789],[34.535446481,6.747220972],[34.536445854,6.745579143],[34.538730137,6.744651155],[34.539372591,6.747149587],[34.541157187,6.748363113],[34.544083924,6.749291102],[34.545939904,6.74921972],[34.545011914,6.746792669],[34.543584237,6.744936689],[34.544155308,6.742295487],[34.54679651,6.742009953],[34.550008782,6.74308071],[34.550365701,6.741367498],[34.549580479,6.738226609],[34.549866014,6.735799558],[34.550165652,6.734900046],[34.550936772,6.734800185],[34.5525786,6.737798306],[34.554149044,6.736798933],[34.555291186,6.735371255],[34.556718862,6.734728801],[34.558217923,6.735942328],[34.55928868,6.736442013],[34.562358185,6.737013084],[34.563357558,6.739654287],[34.565713225,6.739297366],[34.567140901,6.737941074],[34.566783982,6.733729427],[34.568497194,6.732872821],[34.570638709,6.735371255],[34.572423305,6.735442639],[34.573708214,6.734229115],[34.573137143,6.733015589],[34.573565446,6.73173068],[34.574921739,6.731088226],[34.576420799,6.731873448],[34.577491557,6.733729427],[34.578276779,6.733943579],[34.579561688,6.733372509],[34.580489678,6.731373762],[34.581560435,6.72966055],[34.582631192,6.729375014],[34.583559182,6.730874074],[34.584415788,6.73173068],[34.586485919,6.729232247],[34.587913596,6.728018721],[34.588413283,6.728232872],[34.589198505,6.729517781],[34.58948404,6.73080269],[34.590768949,6.73023162],[34.591696939,6.728661175],[34.593481535,6.728946711],[34.595408898,6.730731307],[34.59712211,6.730445771],[34.598763938,6.729446399],[34.599977463,6.729446399],[34.601333756,6.730588539],[34.602832816,6.730874074],[34.60625924,6.733443892],[34.608043836,6.732158983],[34.609899816,6.73115961],[34.611827179,6.72966055],[34.612469633,6.725663054],[34.614753916,6.724592297],[34.616824047,6.723236004],[34.619322481,6.723307388],[34.621392612,6.724163994],[34.622606137,6.725377519],[34.623391359,6.728232872],[34.624105198,6.72930363],[34.62380279,6.731553355],[34.623177208,6.732944206],[34.623462743,6.735656791],[34.624247965,6.737370003],[34.624319349,6.740368123],[34.624961804,6.743509012],[34.626175329,6.743865931],[34.628887914,6.742795174],[34.630315591,6.741438881],[34.632314338,6.741153348],[34.634098934,6.741224729],[34.635954914,6.740296742],[34.638810267,6.740153972],[34.641380085,6.739797053],[34.643807135,6.735870942],[34.647876013,6.734300498],[34.649160922,6.732730054],[34.651802124,6.732087599],[34.653015649,6.731016842],[34.653680645,6.729676361],[34.654394483,6.727392076],[34.656393231,6.72410842],[34.657963675,6.71982539],[34.660533493,6.715827896],[34.662817775,6.714542987],[34.666958037,6.712829775],[34.669956158,6.71382915],[34.670527229,6.710545493],[34.672668744,6.706833533],[34.675666865,6.703264342],[34.678236683,6.700694524],[34.682091409,6.699409615],[34.68451846,6.699980685],[34.688230419,6.698838546],[34.691085772,6.697125333],[34.694226661,6.695554889],[34.697082014,6.692985072],[34.701079508,6.692842302],[34.704077629,6.691985697],[34.707218518,6.687988203],[34.710930477,6.685989456],[34.711216012,6.682991335],[34.709788336,6.680135982],[34.70707575,6.677851698],[34.706076376,6.674853577],[34.708788962,6.672712062],[34.711787083,6.664146003],[34.713928598,6.660576812],[34.71621288,6.659149135],[34.717069486,6.656722085],[34.714927971,6.655865479],[34.714499668,6.654866105],[34.717783325,6.653295661],[34.720210375,6.651439682],[34.722637425,6.649155398],[34.72477894,6.648298792],[34.726492152,6.647013884],[34.726492152,6.645015136],[34.727063222,6.642159784],[34.72906197,6.641160409],[34.732345626,6.641731481],[34.737628029,6.641303177],[34.740197847,6.638876129],[34.74248213,6.634593097],[34.745337483,6.630024532],[34.748192836,6.626169805],[34.749477745,6.622457846],[34.753189704,6.620459099],[34.75590229,6.619316958],[34.75832934,6.615604999],[34.765324955,6.610179828],[34.766324329,6.607181707],[34.764896652,6.604040818],[34.765182188,6.602184839],[34.768180309,6.595617527],[34.769750753,6.595189224],[34.771321197,6.596902436],[34.772606106,6.59961502],[34.774747621,6.602613142],[34.776460833,6.603898052],[34.777460207,6.602184839],[34.777317439,6.599757789],[34.778745115,6.597901808],[34.782171539,6.597045202],[34.783741984,6.595760293],[34.784313054,6.593047709],[34.787311175,6.590763425],[34.789738225,6.589478516],[34.792879114,6.589906819],[34.793878487,6.592048334],[34.791451437,6.593618779],[34.792165276,6.59533199],[34.795306164,6.598044577],[34.801159638,6.601328233],[34.804014991,6.602327606],[34.80715588,6.603898052],[34.810439536,6.604611888],[34.813294889,6.605040191],[34.816435778,6.607038939],[34.817863454,6.60575403],[34.820718808,6.604897424],[34.825572908,6.604469121],[34.82728612,6.606039566],[34.832996826,6.604897424],[34.83827923,6.603041446],[34.840135209,6.601328233],[34.842705027,6.603755282],[34.847559128,6.606753404],[34.849415107,6.608752151],[34.852841531,6.609751525],[34.861978661,6.609894292],[34.864120176,6.611464737],[34.864976782,6.609751525],[34.868117671,6.606753404],[34.871115792,6.604897424],[34.875113286,6.606039566],[34.87853971,6.607467242],[34.881372111,6.60325047],[34.886863182,6.601603149],[34.889361616,6.594821685],[34.889718535,6.591609413],[34.883293991,6.589824817],[34.88365091,6.588040221],[34.893287727,6.579474163],[34.895429242,6.579117243],[34.899712272,6.579117243],[34.909706008,6.579474163],[34.91291828,6.57626189],[34.908459,6.572642001],[34.914345957,6.566981991],[34.920413582,6.562342044],[34.926481208,6.560200528],[34.930764238,6.557345176],[34.936831863,6.557702094],[34.939877573,6.556036471],[34.939639627,6.554132902],[34.943684711,6.551515496],[34.94558828,6.548422198],[34.942970873,6.543187381],[34.943922657,6.538190513],[34.948681579,6.535335161],[34.953440501,6.534621322],[34.952012824,6.530814184],[34.951120785,6.526376922],[34.953916393,6.522724017],[34.958437369,6.520820448],[34.96081683,6.517965095],[34.958199423,6.513206173],[34.956342855,6.507792608],[34.958675315,6.504878059],[34.962958345,6.505116005],[34.967479321,6.507257521],[34.972476189,6.504640113],[34.977235111,6.500119137],[34.980566357,6.497263784],[34.981518141,6.492266916],[34.982707871,6.488221832],[34.985801171,6.485842371],[34.9931775,6.481321396],[34.999602045,6.478466044],[35.004836859,6.476562474],[35.009119889,6.474183012],[35.011975242,6.470375876],[35.017210056,6.461095977],[35.017685948,6.456575002],[35.017822686,6.451120647],[35.019539,6.447019],[35.020779248,6.443012073],[35.023396655,6.437539314],[35.019569128,6.434725025],[35.01957,6.434369],[35.01374,6.426988001],[35.012087406,6.417727308],[35.013640864,6.413982649],[35.014592649,6.409937565],[35.008807084,6.404022254],[35.007759,6.401669],[35.006086663,6.399887438],[35.001981506,6.400181775],[34.997698476,6.399467938],[34.996270799,6.396136691],[34.9931775,6.394233122],[34.99155,6.390102],[34.98949,6.384054],[34.991035985,6.383049656],[34.991749823,6.378766626],[34.990538314,6.376957266],[34.9921644,6.365943617],[34.993891338,6.362586292],[34.997936422,6.359492994],[34.999839991,6.352592556],[34.998888206,6.349023363],[34.993415446,6.347119795],[34.991035985,6.344026495],[34.989846254,6.339743465],[34.99057,6.333830001],[34.992225715,6.328084107],[34.992225715,6.325704645],[34.989281,6.322119],[34.985563225,6.319042155],[34.98461144,6.314521181],[34.98342171,6.311903772]]]}}
]
}
