{
"type": "FeatureCollection",
"name": "ken_boundary",
"features": [
{"type":"Feature","properties":{"country":"Kenya","iso3":"KEN","poly":"POLYGON((40.196700009 -2.740897771, 40.204964526 -2.724299195, 40.218568048 -2.703974801, 40.220108 -2.700848999, 40.229153002 -2.688805001, 40.240494922 -2.676381681, 40.268076434 -2.648702071, 40.285033402 -2.63421312, 40.299131733 -2.623263728, 40.315112591 -2.612972713, 40.330245964 -2.604121119, 40.336527742 -2.600123625, 40.350947274 -2.591985867, 40.357259451 -2.587324407, 40.377044766 -2.575264033, 40.388233898 -2.569550556, 40.42073167 -2.555657275, 40.443288961 -2.546615323, 40.465370359 -2.540428724, 40.480045509 -2.536630541, 40.495351567 -2.53395659, 40.502984492 -2.533440854, 40.513702407 -2.534164964, 40.526123193 -2.534307733, 40.534546485 -2.535307108, 40.536688 -2.537448621, 40.536021895 -2.539271917, 40.537259073 -2.542302723, 40.556290174 -2.544019449, 40.563242785 -2.545158075, 40.565955372 -2.546871288, 40.568096888 -2.548441731, 40.570809471 -2.552439226, 40.579359973 -2.552678937, 40.587370519 -2.554723508, 40.589797569 -2.556293951, 40.594248093 -2.555805334, 40.599220236 -2.559577607, 40.606401997 -2.560594153, 40.609213972 -2.561433589, 40.617922798 -2.555865648, 40.623230086 -2.553263465, 40.637333601 -2.543770242, 40.647610704 -2.534628665, 40.666863117 -2.510161981, 40.685477301 -2.492289503, 40.70693324 -2.476183277, 40.718197002 -2.468047001, 40.740262681 -2.456252166, 40.746103986 -2.453991372, 40.756616387 -2.452959739, 40.76927512 -2.454292237, 40.771595 -2.451690999, 40.772320829 -2.444774393, 40.773082256 -2.439254044, 40.779955626 -2.428770976, 40.79024777 -2.419193082, 40.801445431 -2.411652295, 40.81562702 -2.399850168, 40.82016126 -2.397957235, 40.824381868 -2.394478892, 40.823912622 -2.393214422, 40.826382185 -2.392426251, 40.827619502 -2.390332324, 40.826584001 -2.389282002, 40.825715934 -2.387286616, 40.826667718 -2.379006092, 40.826253828 -2.374869915, 40.8259536 -2.374519651, 40.82577514 -2.372913514, 40.824466437 -2.370236623, 40.824287977 -2.368749459, 40.823098247 -2.365120781, 40.822146462 -2.363514644, 40.819879248 -2.360548813, 40.819148624 -2.359970401, 40.818090177 -2.358074023, 40.817690586 -2.357919281, 40.815436665 -2.358162013, 40.811058455 -2.357971655, 40.808012744 -2.356448801, 40.805347747 -2.356068085, 40.80287311 -2.354830767, 40.80207765 -2.352886313, 40.799660555 -2.347929174, 40.799303637 -2.345073821, 40.796554515 -2.342084351, 40.791213469 -2.340731304, 40.788536576 -2.339779519, 40.783480222 -2.33621033, 40.780229265 -2.335075776, 40.778304893 -2.334009327, 40.775330567 -2.332700625, 40.774021865 -2.33139192, 40.772653676 -2.329488352, 40.771880348 -2.327465809, 40.770988051 -2.325919159, 40.767645333 -2.323255329, 40.757423 -2.318621001, 40.740974002 -2.301568999, 40.742910692 -2.300579055, 40.747098542 -2.303148873, 40.749523032 -2.305919042, 40.754965875 -2.311305986, 40.756711284 -2.313426989, 40.758733826 -2.314676206, 40.761767639 -2.315865936, 40.763314288 -2.316698747, 40.765753236 -2.31753156, 40.767240399 -2.317234126, 40.768224179 -2.317567644, 40.773558148 -2.321994206, 40.776413501 -2.32532545, 40.778031535 -2.327895267, 40.780601353 -2.329608479, 40.787359024 -2.332463832, 40.789677961 -2.332990866, 40.793245528 -2.331429991, 40.795301384 -2.331087351, 40.797243023 -2.329431245, 40.7986707 -2.327146962, 40.799184664 -2.325148213, 40.799698629 -2.32406318, 40.800212591 -2.322235754, 40.801030717 -2.320528857, 40.800208113 -2.318377425, 40.797352761 -2.31561725, 40.787739736 -2.312286003, 40.779744747 -2.307717438, 40.777174929 -2.30581387, 40.773748507 -2.302006733, 40.77041726 -2.295629778, 40.770209816 -2.292656618, 40.771844657 -2.291155234, 40.772844031 -2.289656176, 40.774200323 -2.288442649, 40.77541385 -2.287800194, 40.776239795 -2.287756723, 40.775366539 -2.28991907, 40.775271081 -2.296723172, 40.776056305 -2.299364374, 40.776841525 -2.300006829, 40.781195939 -2.300078215, 40.782623615 -2.300363749, 40.783337453 -2.300934819, 40.783622988 -2.30243388, 40.786050041 -2.304218477, 40.787977402 -2.305146466, 40.791118291 -2.306074454, 40.795829626 -2.308073201, 40.797043149 -2.308358739, 40.798470826 -2.308215969, 40.800683724 -2.309715031, 40.804038764 -2.313284222, 40.805751976 -2.314711899, 40.807108268 -2.314140827, 40.80882148 -2.311356858, 40.809128363 -2.308499063, 40.809145732 -2.305707927, 40.808506666 -2.303892981, 40.806965501 -2.303290486, 40.805323673 -2.302005577, 40.804538452 -2.300506518, 40.802753855 -2.295795185, 40.801897252 -2.291869074, 40.795521887 -2.286201808, 40.794473331 -2.282018104, 40.794187796 -2.279448288, 40.795187171 -2.276521548, 40.795473794 -2.273895918, 40.796473809 -2.271566167, 40.798756361 -2.268669328, 40.803396309 -2.266385045, 40.805582846 -2.265104557, 40.808107643 -2.264029381, 40.810249157 -2.261602329, 40.811034382 -2.259103895, 40.811676833 -2.256177157, 40.811534066 -2.254178411, 40.812319288 -2.253892875, 40.812676208 -2.255463318, 40.812784911 -2.25738375, 40.812295773 -2.260318576, 40.809916312 -2.263745, 40.806775424 -2.266600354, 40.803539357 -2.268218387, 40.801254797 -2.269097631, 40.799398815 -2.270668074, 40.7972573 -2.274594185, 40.796900384 -2.276807085, 40.796900384 -2.280661811, 40.797828371 -2.284231004, 40.799398815 -2.286658055, 40.801968633 -2.289156486, 40.805194344 -2.291499961, 40.806323047 -2.293368135, 40.80882148 -2.29550965, 40.810962996 -2.296366254, 40.812176521 -2.294653044, 40.813818348 -2.291726304, 40.814246652 -2.287657427, 40.814817722 -2.284944842, 40.816102631 -2.282660559, 40.820528429 -2.276093245, 40.823940358 -2.27327901, 40.834876579 -2.267384418, 40.836875329 -2.266028127, 40.838659923 -2.262601702, 40.839659295 -2.261316792, 40.840780505 -2.259097678, 40.842276982 -2.257939115, 40.844370908 -2.255178939, 40.849243509 -2.251775968, 40.852980761 -2.250618014, 40.860309331 -2.247168089, 40.86128055 -2.246496803, 40.865571628 -2.244327442, 40.871639254 -2.242471463, 40.874137685 -2.241900393, 40.878056781 -2.241802348, 40.88149022 -2.242185926, 40.885773252 -2.241900393, 40.887486461 -2.242185926, 40.890341817 -2.241614856, 40.890779366 -2.239744985, 40.889984896 -2.237617361, 40.888030053 -2.234140538, 40.887018781 -2.230452375, 40.886840321 -2.22932213, 40.888057583 -2.2288576, 40.892009523 -2.234762009, 40.892983017 -2.234762009, 40.894838996 -2.233691251, 40.896875701 -2.229494642, 40.897428922 -2.227834967, 40.897470777 -2.226411925, 40.896909127 -2.223126445, 40.896046518 -2.220622325, 40.896545588 -2.219829547, 40.896953031 -2.219625828, 40.89832122 -2.219566339, 40.900462736 -2.220161204, 40.902604252 -2.221529396, 40.903793981 -2.222064775, 40.904448332 -2.223432965, 40.903793981 -2.224622696, 40.902366304 -2.226407291, 40.902187844 -2.228905725, 40.902425791 -2.230928265, 40.903020657 -2.232712861, 40.903258602 -2.235568216, 40.904329359 -2.240029706, 40.904745765 -2.241100463, 40.905578578 -2.241754813, 40.906113957 -2.242647111, 40.906054469 -2.243896329, 40.906589847 -2.24663271, 40.906292415 -2.248179358, 40.907541632 -2.24936909, 40.90843393 -2.250737279, 40.910218525 -2.251153684, 40.909207254 -2.255674662, 40.908850335 -2.256566958, 40.909564174 -2.258530015, 40.910456472 -2.259184367, 40.914085152 -2.260552557, 40.915512826 -2.261444854, 40.916345637 -2.264062262, 40.917297421 -2.264954559, 40.91818972 -2.266322749, 40.919241996 -2.267327195, 40.919466419 -2.268740711, 40.919823337 -2.269525934, 40.920751329 -2.269882855, 40.921273622 -2.270609414, 40.921520967 -2.271557562, 40.922948642 -2.272925752, 40.924554778 -2.275067267, 40.925566051 -2.277684674, 40.926160914 -2.279766703, 40.928540377 -2.282800516, 40.931990594 -2.285239463, 40.933545213 -2.285601003, 40.934778251 -2.286086982, 40.936086952 -2.286086982, 40.937217198 -2.285670576, 40.938076451 -2.285082961, 40.938942305 -2.284183413, 40.940388435 -2.284259064, 40.942222276 -2.283811787, 40.942618573 -2.283569121, 40.944415066 -2.283350603, 40.945489611 -2.282874438, 40.94725 -2.282985999, 40.94727863 -2.284763571, 40.948111444 -2.285596382, 40.949360659 -2.286250734, 40.95108577 -2.286131761, 40.952037554 -2.286548166, 40.952989338 -2.287737897, 40.954476501 -2.289106087, 40.956558528 -2.288868142, 40.960663102 -2.284644598, 40.963161533 -2.282622056, 40.964886643 -2.282503083, 40.964767669 -2.283990246, 40.963198827 -2.289907391, 40.959251 -2.293451002, 40.956196284 -2.294330835, 40.955249825 -2.296066012, 40.953941122 -2.296482418, 40.950550391 -2.296898824, 40.945018144 -2.296363445, 40.941448001 -2.293522001, 40.939307436 -2.291604523, 40.935857218 -2.290890684, 40.932525972 -2.290533766, 40.926993725 -2.288689681, 40.924366761 -2.288862359, 40.92383273 -2.288406956, 40.92311889 -2.288704389, 40.922642998 -2.289477714, 40.922405052 -2.291143339, 40.922761972 -2.294177149, 40.922226593 -2.296378152, 40.921810188 -2.297210962, 40.921036862 -2.300185288, 40.920085077 -2.302088859, 40.918895347 -2.303278588, 40.91681332 -2.304408834, 40.914790778 -2.30601497, 40.914017452 -2.306966755, 40.912530289 -2.311130811, 40.912351831 -2.312558485, 40.912351831 -2.314045648, 40.913422586 -2.314997433, 40.914493343 -2.316544085, 40.91609948 -2.320708142, 40.918003048 -2.321659926, 40.921810188 -2.322849655, 40.925498351 -2.323147089, 40.929900357 -2.32261171, 40.933061351 -2.32140727, 40.94061614 -2.32021754, 40.942698168 -2.319682161, 40.944304304 -2.318908838, 40.948051955 -2.317719106, 40.954060096 -2.313257617, 40.957688772 -2.310223804, 40.959116449 -2.308677154, 40.960365666 -2.306595127, 40.961257964 -2.305405397, 40.961257964 -2.304394125, 40.960603612 -2.301955176, 40.96131745 -2.300051608, 40.964065448 -2.298559325, 40.965422022 -2.295173713, 40.967199224 -2.293063863, 40.969529742 -2.291086332, 40.969877447 -2.288691111, 40.969634504 -2.287216085, 40.972168003 -2.281133999, 40.98333776 -2.267590881, 40.987975207 -2.263365216, 40.990334698 -2.261439732, 40.990239519 -2.26096384, 40.988907024 -2.260678304, 40.986896657 -2.260731015, 40.98665871 -2.259660257, 40.986242304 -2.254484931, 40.98652756 -2.251731532, 40.983754741 -2.249456423, 40.982137737 -2.247227573, 40.981571335 -2.245677426, 40.981197568 -2.243070295, 40.980055427 -2.241928151, 40.978673669 -2.24133597, 40.978390084 -2.24098149, 40.977735731 -2.238780487, 40.976427028 -2.237293324, 40.975832163 -2.235449243, 40.976189085 -2.234081053, 40.97571319 -2.231999023, 40.977021895 -2.229203156, 40.977140869 -2.227537533, 40.975296784 -2.224979613, 40.972381944 -2.224920128, 40.970299916 -2.223730396, 40.967385076 -2.222600154, 40.966790211 -2.223195017, 40.965957401 -2.227299588, 40.965481507 -2.228905725, 40.965005617 -2.229798022, 40.964589212 -2.230154943, 40.963934859 -2.230214427, 40.96304256 -2.229857509, 40.961793343 -2.228191885, 40.962388208 -2.226704722, 40.962626154 -2.225336533, 40.962388208 -2.223551938, 40.961436423 -2.223373478, 40.956327492 -2.225600328, 40.953822148 -2.225871912, 40.949241686 -2.222897586, 40.94727863 -2.221410423, 40.945969928 -2.220637097, 40.944185331 -2.220399151, 40.942519708 -2.220994018, 40.939991075 -2.222529239, 40.93860403 -2.227915615, 40.934320175 -2.230381526, 40.933678 -2.229747999, 40.933210885 -2.228150205, 40.93520678 -2.226136168, 40.936348921 -2.223566352, 40.936634458 -2.221377247, 40.934159817 -2.219664035, 40.931589999 -2.218236358, 40.928639467 -2.218236358, 40.92559376 -2.213477436, 40.923214296 -2.208432981, 40.922643225 -2.204054772, 40.922606652 -2.199157928, 40.928112389 -2.199230053, 40.933308337 -2.205843076, 40.938867637 -2.201446506, 40.93676019 -2.194106776, 40.933526348 -2.190545917, 40.93243629 -2.191708647, 40.930764866 -2.192072, 40.92818506 -2.192217341, 40.925677925 -2.193489076, 40.924515195 -2.194288453, 40.922150682 -2.194325176, 40.921501084 -2.189968362, 40.921691441 -2.186732296, 40.9205493 -2.183115515, 40.920930014 -2.180069804, 40.922643225 -2.17673856, 40.922971063 -2.167657199, 40.921774722 -2.155910345, 40.921655752 -2.149961692, 40.921715236 -2.146749419, 40.921358317 -2.136041845, 40.921001398 -2.134614167, 40.920347046 -2.133602898, 40.918800396 -2.132413167, 40.917729638 -2.131163948, 40.916837341 -2.129141406, 40.916718368 -2.127535272, 40.917372719 -2.126642972, 40.91838399 -2.126821433, 40.920109099 -2.127832705, 40.920763451 -2.127832705, 40.921250935 -2.126708138, 40.92101645 -2.124730565, 40.91993064 -2.121527131, 40.919276288 -2.119028699, 40.917848612 -2.115400021, 40.918265017 -2.113199018, 40.919260293 -2.109918126, 40.918877819 -2.106691705, 40.917372719 -2.101956064, 40.916896827 -2.099338659, 40.916718368 -2.093925385, 40.914799983 -2.08839924, 40.91090075 -2.080962317, 40.909688089 -2.077441689, 40.908866611 -2.072591048, 40.907614832 -2.070713383, 40.905422457 -2.069073382, 40.902959781 -2.06848365, 40.902646836 -2.068209826, 40.902552184 -2.067263273, 40.905542615 -2.067125304, 40.909969858 -2.0671717, 40.912465473 -2.065980095, 40.912991093 -2.064300519, 40.912778419 -2.061990051, 40.912387236 -2.060620919, 40.911370167 -2.059916793, 40.908279838 -2.059877674, 40.907693068 -2.058938841, 40.907614832 -2.058312952, 40.909179554 -2.056787347, 40.909493197 -2.055585049, 40.909044606 -2.053831467, 40.905945711 -2.049138084, 40.905580691 -2.043096023, 40.905971875 -2.039301569, 40.906519527 -2.036250359, 40.906558643 -2.031712662, 40.907106297 -2.027996446, 40.906832469 -2.023654339, 40.906650643 -2.023307778, 40.906189253 -2.017901606, 40.90589182 -2.010465791, 40.903869278 -2.006480191, 40.9011329 -2.005349949, 40.897504221 -2.005885328, 40.892507353 -2.005290462, 40.881323885 -2.003446381, 40.875613181 -2.001185891, 40.873055259 -2.000472054, 40.870616312 -1.999222838, 40.864905604 -1.994225967, 40.859908736 -1.99024037, 40.856636977 -1.988515261, 40.849022703 -1.983339934, 40.841586888 -1.978581013, 40.841884319 -1.97364363, 40.842122267 -1.972394414, 40.845156078 -1.972572872, 40.848130404 -1.971978009, 40.850509866 -1.972215953, 40.856874923 -1.975071308, 40.859730276 -1.975904119, 40.863061523 -1.976082577, 40.866214308 -1.976796416, 40.87079477 -1.979711255, 40.872757825 -1.982864042, 40.875077801 -1.985838368, 40.882097212 -1.991846508, 40.885131023 -1.993512129, 40.888164838 -1.99470186, 40.89102019 -1.995356213, 40.893637596 -1.995237239, 40.896314489 -1.994820834, 40.901549305 -1.993274183, 40.904642605 -1.992738804, 40.909126 -1.992832999, 40.910184268 -1.993225023, 40.913565583 -1.993631102, 40.916480421 -1.99488032, 40.918443477 -1.996545944, 40.921358317 -1.99862797, 40.922131641 -1.999936676, 40.922175168 -2.000306653, 40.91919611 -2.005889146, 40.91826812 -2.008244812, 40.917482898 -2.010886015, 40.916340756 -2.017167792, 40.915841072 -2.019237923, 40.915769686 -2.02145082, 40.915912453 -2.024591709, 40.918696424 -2.032658084, 40.918910575 -2.034157142, 40.920980706 -2.037012498, 40.922836685 -2.040224768, 40.925943157 -2.042534865, 40.926474158 -2.043242867, 40.93105462 -2.048001788, 40.933731514 -2.051095087, 40.935159193 -2.054009925, 40.938906841 -2.05769809, 40.939501708 -2.060553445, 40.938787868 -2.063408798, 40.937241219 -2.067334908, 40.936408408 -2.071142044, 40.933850487 -2.07483021, 40.933374595 -2.076614807, 40.934861758 -2.078934781, 40.943308844 -2.082801404, 40.947175471 -2.084169593, 40.949971335 -2.084586001, 40.954492312 -2.082979865, 40.95948918 -2.08083835, 40.964664507 -2.078339915, 40.968352671 -2.075722507, 40.973230566 -2.071320505, 40.976502327 -2.06935745, 40.979000759 -2.067572855, 40.980606896 -2.064776987, 40.980309463 -2.057281685, 40.978584354 -2.051570978, 40.972516728 -2.043778246, 40.971029565 -2.041160836, 40.969244969 -2.038483942, 40.967579349 -2.0364614, 40.967757806 -2.034260399, 40.967575026 -2.032206279, 40.966279764 -2.030312322, 40.963534264 -2.028490206, 40.960619423 -2.025932285, 40.959429693 -2.023255392, 40.958953801 -2.020697471, 40.960440964 -2.015700603, 40.960619423 -2.01403498, 40.961809154 -2.011774493, 40.964307588 -2.009930412, 40.968114728 -2.004933544, 40.969244969 -2.002078191, 40.969601891 -1.998568486, 40.969542402 -1.996902862, 40.970501329 -1.993400541, 40.972933134 -1.991311129, 40.974836703 -1.989110128, 40.975015164 -1.986552208, 40.974241837 -1.98322096, 40.972933134 -1.980187147, 40.972397755 -1.976558471, 40.972992622 -1.970847764, 40.973706459 -1.967397546, 40.973944406 -1.963352462, 40.973409027 -1.960140188, 40.971445971 -1.954191536, 40.971029565 -1.944316774, 40.973278781 -1.940071597, 40.974306929 -1.936370707, 40.980547411 -1.932776387, 40.984556801 -1.931063177, 40.987412154 -1.930920408, 40.989839204 -1.930420722, 40.992765942 -1.928636125, 40.994407769 -1.925566621, 40.99497884 -1.921926047, 40.995335762 -1.917857168, 40.996763436 -1.914573512, 41.000431676 -1.907920433, 41.002410546 -1.906448615, 41.004809072 -1.905732289, 41.007114092 -1.907792049, 41.008113465 -1.910004947, 41.009826677 -1.910932936, 41.011040202 -1.910718784, 41.011904576 -1.911892679, 41.009683911 -1.914145209, 41.007328244 -1.917857168, 41.005615031 -1.921069441, 41.00297383 -1.930349338, 41.002117224 -1.932705003, 41.000618163 -1.934846518, 40.994228425 -1.941721277, 40.991124113 -1.944126418, 40.986555548 -1.946410698, 40.985413407 -1.949694356, 40.986198632 -1.952906627, 40.990481659 -1.963257284, 40.990624426 -1.966969243, 40.989696439 -1.975178384, 40.991338265 -1.98124601, 40.9892486 -1.985879847, 40.985556177 -1.992524653, 40.982129751 -2.001875934, 40.982772206 -2.006016199, 40.983166003 -2.009824999, 40.981273145 -2.014368105, 40.980202387 -2.018151448, 40.98005962 -2.021649255, 40.98500442 -2.02603508, 40.990053356 -2.037996154, 40.992551791 -2.041493961, 40.99833388 -2.047204667, 41.002331375 -2.0492748, 41.009184222 -2.051844618, 41.013824173 -2.052701222, 41.018249969 -2.05320091, 41.023960675 -2.051916001, 41.025883 -2.049889001, 41.027489951 -2.048897496, 41.031384593 -2.048846497, 41.03431133 -2.048489576, 41.035899494 -2.046475235, 41.038406 -2.044245999, 41.044243002 -2.033608001, 41.046461017 -2.031553173, 41.049373319 -2.031785759, 41.052085905 -2.030929153, 41.056368937 -2.028430721, 41.059010138 -2.026075054, 41.06200826 -2.024219074, 41.06636267 -2.022363095, 41.070217397 -2.018793903, 41.073429669 -2.017937299, 41.076213639 -2.017865912, 41.078212386 -2.016866541, 41.078141004 -2.014653641, 41.077141629 -2.01222659, 41.075837038 -2.010505917, 41.075214265 -2.007800794, 41.075428417 -2.006158964, 41.077569932 -2.00701557, 41.07899761 -2.009371237, 41.079640065 -2.011084449, 41.081710194 -2.012654893, 41.08292372 -2.013083196, 41.084851085 -2.010299226, 41.085850456 -2.008371866, 41.086778449 -2.007086954, 41.08813474 -2.006444502, 41.089134112 -2.007086954, 41.092275001 -2.005159593, 41.094559283 -2.003374995, 41.095630041 -2.001376248, 41.09691495 -1.999734422, 41.101983201 -1.99802121, 41.10526686 -1.997235985, 41.105552393 -1.995594159, 41.105052709 -1.994095099, 41.106123467 -1.993024342, 41.109264352 -1.993024342, 41.11389067 -1.990538373, 41.114546756 -1.987813322, 41.115546129 -1.987670552, 41.115260596 -1.99116836, 41.116117203 -1.991668049, 41.117852229 -1.990080831, 41.119543624 -1.987956088, 41.122113442 -1.986671181, 41.125825401 -1.987813322, 41.12711031 -1.988455776, 41.128466602 -1.989597916, 41.128823522 -1.99024037, 41.128323836 -1.99152528, 41.127538613 -1.99266742, 41.126467855 -1.993738178, 41.125040181 -1.994523402, 41.124185266 -1.995867406, 41.124611878 -1.996950452, 41.12618232 -1.997521521, 41.128272376 -1.996430655, 41.129894279 -1.99488032, 41.130608117 -1.991953583, 41.13139334 -1.991882198, 41.133131537 -1.994399668, 41.133750196 -1.994542438, 41.134297473 -1.993685832, 41.134226088 -1.992948199, 41.134654391 -1.993019581, 41.135338651 -1.994260517, 41.136058273 -1.994661411, 41.137652512 -1.994637616, 41.137914254 -1.994756589, 41.138175993 -1.995327659, 41.138723269 -1.995874934, 41.140079562 -1.995779755, 41.140626838 -1.995518017, 41.141459649 -1.993757213, 41.143648754 -1.992044002, 41.143910494 -1.990925657, 41.143553577 -1.988974497, 41.143862906 -1.988451016, 41.144648127 -1.988117891, 41.149002541 -1.988593785, 41.154356328 -1.988355838, 41.155641237 -1.988712756, 41.156521639 -1.988498607, 41.156735791 -1.988165482, 41.156664405 -1.987760972, 41.156878557 -1.98728508, 41.157259271 -1.987023339, 41.157687575 -1.986999546, 41.157901726 -1.987523028, 41.157830341 -1.988474812, 41.158282439 -1.988784141, 41.160757078 -1.988236864, 41.166015687 -1.987808561, 41.166039481 -1.987070928, 41.165611178 -1.986071555, 41.166277428 -1.985310129, 41.170441485 -1.987166107, 41.169941801 -1.988189275, 41.170060771 -1.989045881, 41.171107733 -1.990164228, 41.171536036 -1.990901861, 41.171536036 -1.991425342, 41.170132156 -1.991234987, 41.169727646 -1.991020835, 41.169418316 -1.990521149, 41.169013808 -1.990259406, 41.168514121 -1.990521149, 41.168062023 -1.99104463, 41.167253008 -1.991472933, 41.166634349 -1.991496727, 41.166325017 -1.991972619, 41.166206046 -1.992900608, 41.16675332 -1.994447259, 41.169128036 -1.99601249, 41.169899292 -1.996035167, 41.170988763 -1.996898104, 41.172059521 -1.997017076, 41.172630588 -1.997778504, 41.173439608 -1.998087834, 41.174201033 -1.998040245, 41.175200406 -1.997207434, 41.176461521 -1.996755335, 41.176937415 -1.996327032, 41.177817813 -1.996041498, 41.178230087 -1.995132748, 41.178752174 -1.994938641, 41.179316874 -1.995208685, 41.180030715 -1.995232479, 41.183933028 -1.99347168, 41.185336912 -1.99192503, 41.186788381 -1.990997039, 41.186931151 -1.990188024, 41.186788381 -1.989640748, 41.186193519 -1.989188648, 41.18543209 -1.98892691, 41.18445651 -1.98892691, 41.183052628 -1.987665794, 41.182386379 -1.987380258, 41.182124638 -1.986737804, 41.182219816 -1.985548074, 41.182814682 -1.984786646, 41.185574856 -1.983335174, 41.187407041 -1.984667674, 41.188549183 -1.98450111, 41.189334405 -1.985191156, 41.190857261 -1.986190529, 41.192053411 -1.986613558, 41.196266 -1.981956999, 41.199635003 -1.976172001, 41.201382 -1.968104999, 41.198742 -1.955940999, 41.196447061 -1.951329895, 41.200889222 -1.950470122, 41.201379722 -1.947854124, 41.198436724 -1.944747623, 41.197328456 -1.941838416, 41.198678521 -1.941441761, 41.203261967 -1.94293138, 41.211353217 -1.954394119, 41.215513536 -1.955103694, 41.218375726 -1.951353236, 41.218762305 -1.949592166, 41.220509213 -1.945074624, 41.221653712 -1.942622125, 41.222798211 -1.942458627, 41.223942712 -1.943603125, 41.222063891 -1.952423994, 41.221350053 -1.956469078, 41.222658758 -1.96158492, 41.225633084 -1.965154109, 41.226703843 -1.96860433, 41.227536652 -1.971935574, 41.229202274 -1.973601198, 41.230392004 -1.974077088, 41.233009411 -1.973125304, 41.235388872 -1.971697629, 41.23800628 -1.969794058, 41.241337525 -1.968723303, 41.247048231 -1.96789049, 41.249784615 -1.966581788, 41.252283046 -1.966105894, 41.255257372 -1.965035136, 41.25870759 -1.964202325, 41.262276782 -1.963726435, 41.263942405 -1.963131567, 41.267868515 -1.963845406, 41.271318734 -1.967414599, 41.274887925 -1.974790926, 41.276939273 -1.981641009, 41.273810186 -1.981862106, 41.271684687 -1.984151105, 41.270703688 -1.987421102, 41.270703688 -1.991508603, 41.27184819 -1.994124602, 41.275935686 -1.995923098, 41.279859683 -1.994615099, 41.281658182 -1.9919991, 41.281985182 -1.988892602, 41.281821685 -1.987584602, 41.282762565 -1.984592767, 41.28396865 -1.983602055, 41.286467081 -1.979319026, 41.287061946 -1.979200052, 41.287537838 -1.97753443, 41.28872757 -1.975987782, 41.292534706 -1.973370374, 41.294795196 -1.972180642, 41.295302257 -1.972144425, 41.295946111 -1.97242101, 41.297059698 -1.972406733, 41.29771643 -1.972235413, 41.297973411 -1.971892771, 41.298649764 -1.968602222, 41.299554773 -1.965554582, 41.301219739 -1.962662798, 41.304541091 -1.95874628, 41.30942888 -1.957309012, 41.313579156 -1.958921137, 41.314901642 -1.96075923, 41.312723167 -1.964204115, 41.312723167 -1.966002613, 41.314521666 -1.964367614, 41.316810664 -1.961424615, 41.31751893 -1.955551408, 41.319590164 -1.953086119, 41.322753863 -1.95219317, 41.326117341 -1.948464096, 41.327155864 -1.944816842, 41.324776405 -1.944697868, 41.32465743 -1.942199436, 41.325609214 -1.938749216, 41.327512783 -1.935774889, 41.332985547 -1.930659048, 41.336197816 -1.925781153, 41.339053169 -1.921974017, 41.340837767 -1.918880717, 41.343098253 -1.916620228, 41.345834635 -1.915549471, 41.354447739 -1.914768133, 41.355340036 -1.913429686, 41.355340036 -1.908968197, 41.359364469 -1.902058395, 41.363222 -1.897665756, 41.370509102 -1.89067609, 41.376011603 -1.885917169, 41.380324376 -1.88145568, 41.384517663 -1.878860351, 41.388916559 -1.878436225, 41.390592296 -1.879429253, 41.393019345 -1.877716041, 41.395589165 -1.875146223, 41.396361545 -1.870485008, 41.398587283 -1.865866327, 41.407035482 -1.860624061, 41.411579141 -1.852588933, 41.413863424 -1.847163762, 41.415544872 -1.842473043, 41.418866527 -1.836794842, 41.436546 -1.823347, 41.437347 -1.812300001, 41.460636 -1.787912, 41.478867 -1.760585001, 41.488400997 -1.750399036, 41.491861611 -1.74835458, 41.497917937 -1.734419612, 41.498692003 -1.733011999, 41.508614001 -1.720031999, 41.517822002 -1.704527999, 41.521072621 -1.700794804, 41.52405126 -1.69819038, 41.526597284 -1.695572972, 41.529898743 -1.692756383, 41.535321802 -1.686936737, 41.545285795 -1.679054773, 41.552870327 -1.671916389, 41.559222682 -1.662260809, 41.559091125 -1.658799521, 41.558921588 -1.599064342, 41.558350518 -1.598088765, 41.533699302 -1.564704927, 41.526299178 -1.554925342, 41.492344269 -1.508716207, 41.442232823 -1.441306076, 41.422007403 -1.412514598, 41.371600503 -1.344741603, 41.342699012 -1.305549358, 41.330635142 -1.28955938, 41.286948238 -1.230346493, 41.265318937 -1.201507427, 41.240334597 -1.167421645, 41.227318749 -1.150001513, 41.225804666 -1.147900448, 41.225095588 -1.147047414, 41.218925168 -1.138789414, 41.217556978 -1.13682636, 41.21635535 -1.135648526, 41.215784281 -1.134637253, 41.215436881 -1.13341421, 41.213262051 -1.130655226, 41.212138945 -1.129494048, 41.209435878 -1.12595341, 41.209492985 -1.1253062, 41.208465058 -1.12446863, 41.202939949 -1.116920979, 41.203012523 -1.116630685, 41.202640732 -1.116071509, 41.20190298 -1.115896501, 41.199017884 -1.111970391, 41.194556394 -1.105545844, 41.180041684 -1.08615324, 41.150833798 -1.046535211, 41.133273379 -1.023139162, 41.121459354 -1.006185503, 41.116783713 -1.001081559, 41.098480932 -0.975872153, 41.075995022 -0.946009918, 41.047358173 -0.906792832, 41.017436452 -0.866698916, 40.999055117 -0.841655086, 40.993569063 -0.833659461, 40.993407057 -0.662660948, 40.993490497 -0.589057125, 40.993325371 -0.521109837, 40.993816872 -0.41085818, 40.993519439 -0.345274284, 40.993739719 -0.33323464, 40.993502092 -0.324015287, 40.993497054 -0.157619898, 40.992783213 -0.140725723, 40.99266424 -0.122403875, 40.992812956 -0.056086314, 40.993110389 -0.014891893, 40.993739719 0.007989816, 40.9886325 0.014013001, 40.989307502 0.093186, 40.990962992 0.10664258, 40.98926554 0.11931247, 40.9900935 0.197212001, 40.989070504 0.358226505, 40.9913785 0.650817001, 40.990005 0.722351001, 40.991287494 0.963058506, 40.990104505 1.027148505, 40.991802001 1.619200666, 40.990955 1.757638002, 40.9914815 1.792801002, 40.99383143 1.823885387, 40.9912875 1.831670001, 40.990314508 1.941991493, 40.99176 2.017508668, 40.990269005 2.095263501, 40.991436003 2.109327663, 40.9909135 2.319638, 40.992080477 2.33333348, 40.992085015 2.410414878, 40.99219837 2.410500538, 40.99235323 2.502620191, 40.992542746 2.592351252, 40.992878253 2.593693268, 40.992514193 2.595249436, 40.99263039 2.653797423, 40.992491513 2.783413604, 40.992497364 2.828128399, 41.004589168 2.834352927, 41.13552139 2.964561792, 41.180823947 3.008907806, 41.301997959 3.128832163, 41.328760947 3.155690332, 41.336685742 3.165940214, 41.36684541 3.209424864, 41.426891108 3.295067617, 41.434301642 3.306063698, 41.440088016 3.314465577, 41.440302167 3.316692752, 41.440648379 3.317357066, 41.442308054 3.318630078, 41.443263406 3.319623505, 41.447075303 3.324349115, 41.477919483 3.369178755, 41.482273897 3.375543812, 41.536388503 3.458952, 41.592529001 3.539861999, 41.610645 3.564137001, 41.661449501 3.639192001, 41.749001001 3.760230499, 41.764553501 3.7794035, 41.787423464 3.814623518, 41.822790405 3.861888828, 41.840306804 3.887465654, 41.860013501 3.915442167, 41.862383443 3.920829267, 41.861660087 3.923484743, 41.863582692 3.925959385, 41.866114438 3.927977166, 41.866552262 3.928700524, 41.868912684 3.93136552, 41.869712183 3.931593947, 41.871934604 3.934824722, 41.872883 3.9366145, 41.87680696 3.942438572, 41.882436356 3.949033269, 41.887790141 3.95613596, 41.890185095 3.95872485, 41.906864034 3.982703712, 41.905111 3.98313, 41.904186 3.982856, 41.903654 3.982188, 41.903325 3.981311, 41.90309 3.979825, 41.902621 3.979278, 41.902308 3.978496, 41.901214 3.978183, 41.900432 3.978183, 41.899415 3.978496, 41.896992 3.98178, 41.895897 3.98264, 41.894724 3.982796, 41.893005 3.982171, 41.889877 3.979903, 41.887766 3.978262, 41.885342 3.978183, 41.884639 3.978027, 41.883857 3.977636, 41.882997 3.976854, 41.88245 3.976542, 41.881746 3.975447, 41.879322 3.973649, 41.878931 3.973023, 41.879166 3.969505, 41.878697 3.968489, 41.877602 3.967629, 41.876742 3.967472, 41.874788 3.967863, 41.872911 3.967785, 41.87213 3.967238, 41.87213 3.964658, 41.87166 3.963954, 41.870957 3.963563, 41.870097 3.963329, 41.868142 3.963329, 41.866891 3.96372, 41.866266 3.96497, 41.866266 3.965752, 41.866031 3.966456, 41.865406 3.967003, 41.864155 3.967238, 41.863608 3.966847, 41.863217 3.965127, 41.86353 3.961609, 41.86306 3.960905, 41.862591 3.960514, 41.861809 3.960436, 41.861184 3.960592, 41.859386 3.961765, 41.858838 3.961687, 41.857509 3.962078, 41.855185 3.962069, 41.853822 3.961821, 41.85215 3.961821, 41.851345 3.961326, 41.850664 3.958477, 41.850664 3.957796, 41.850974 3.956248, 41.851469 3.954948, 41.851717 3.953523, 41.851283 3.952161, 41.850355 3.950922, 41.848775473 3.950119764, 41.84732482 3.949957077, 41.844862077 3.950123639, 41.843605 3.950427, 41.842552 3.95117, 41.84218 3.952471, 41.841994 3.954081, 41.841066 3.955319, 41.839827 3.956, 41.839084 3.955876, 41.838155 3.954638, 41.83766 3.954266, 41.836297 3.954204, 41.835368 3.954824, 41.834254 3.955195, 41.833511 3.955009, 41.832891 3.954328, 41.832706 3.953214, 41.832891 3.952409, 41.833882 3.95117, 41.834254 3.950055, 41.833758 3.948198, 41.832768 3.946897, 41.832086 3.947269, 41.831776 3.947702, 41.830971 3.950303, 41.828247 3.952409, 41.826575 3.95309, 41.825522 3.953214, 41.825088 3.952842, 41.82515 3.950551, 41.824841 3.949932, 41.824283 3.94956, 41.823788 3.948941, 41.823045 3.948817, 41.821807 3.949065, 41.819639 3.950922, 41.818958 3.951232, 41.81741 3.952718, 41.8171 3.953276, 41.817038 3.954019, 41.817162 3.954638, 41.817595 3.955195, 41.818772 3.956062, 41.819391 3.957239, 41.819453 3.958663, 41.81902 3.959221, 41.817471 3.959282, 41.81549 3.958911, 41.814685 3.958911, 41.814313 3.959158, 41.813013 3.959344, 41.811589 3.958601, 41.810598 3.95761, 41.810102 3.957301, 41.809359 3.957425, 41.808369 3.959221, 41.807439 3.960335, 41.806139 3.960335, 41.8036 3.958044, 41.802238 3.957239, 41.801619 3.957053, 41.800194 3.957548, 41.799699 3.957548, 41.798398 3.958044, 41.797221 3.959158, 41.79685 3.960273, 41.79685 3.962379, 41.796355 3.965723, 41.793382 3.969067, 41.793382 3.969624, 41.794001 3.969748, 41.79493 3.969686, 41.795612 3.969253, 41.796912 3.969191, 41.798089 3.969934, 41.79846 3.970491, 41.79846 3.971977, 41.797345 3.972535, 41.796726 3.972597, 41.793939 3.971668, 41.793108919 3.972143527, 41.792577 3.972782, 41.792453 3.974083, 41.79171 3.975445, 41.791277 3.976746, 41.791277 3.977613, 41.791648 3.978975, 41.792701 3.980709, 41.792639 3.981947, 41.792082 3.982443, 41.791215 3.982505, 41.790657 3.982009, 41.7901 3.979409, 41.789852 3.978913, 41.787747 3.977675, 41.785208 3.976808, 41.784465 3.976746, 41.783536 3.978665, 41.78335 3.979347, 41.782483 3.980461, 41.781121 3.98139, 41.77982 3.981638, 41.778334 3.981576, 41.777343 3.980771, 41.776476 3.978603, 41.775609 3.975383, 41.775238 3.974764, 41.773999 3.973711, 41.772699 3.973154, 41.771089 3.972968, 41.770655 3.972658, 41.768596491 3.972539207, 41.766754 3.973278, 41.765701 3.974207, 41.763658 3.975259, 41.762419 3.975383, 41.760975 3.97506, 41.760656779 3.975135917, 41.758456 3.973711, 41.757524043 3.973464001, 41.755203988 3.973442357, 41.753181446 3.972609546, 41.752431916 3.972657135, 41.751587207 3.972906978, 41.750897162 3.97356133, 41.750564038 3.974334658, 41.750540246 3.976154942, 41.750671114 3.976833089, 41.751887977 3.979164571, 41.752431916 3.979819312, 41.752788834 3.980580741, 41.75289591 3.981211297, 41.752572 3.982195, 41.75227725 3.982436719, 41.748065604 3.98292451, 41.747435047 3.98315056, 41.747065986 3.983469559, 41.746933 3.98341, 41.746423916 3.983881225, 41.744829537 3.984268904, 41.742699919 3.984494953, 41.741559339 3.98490163, 41.73877013 3.986309168, 41.737196044 3.986535943, 41.73669138 3.986443139, 41.734930979 3.984661515, 41.7343956 3.984042855, 41.733312948 3.983352813, 41.732384956 3.983233839, 41.732135114 3.983638347, 41.732694286 3.984982743, 41.732837053 3.985934527, 41.732563417 3.986541291, 41.731897166 3.98680303, 41.731302304 3.986719749, 41.730540875 3.986220064, 41.729565295 3.985411046, 41.729018018 3.985327764, 41.728339872 3.985637094, 41.727363358 3.986885216, 41.726530326 3.988195402, 41.725916054 3.98880913, 41.724537357 3.989091383, 41.72384258 3.988906833, 41.722908338 3.988319498, 41.721403745 3.986886311, 41.720392472 3.986933901, 41.719702431 3.98742169, 41.719107563 3.988266402, 41.719119461 3.989051621, 41.720154526 3.991252622, 41.72044738 3.992351144, 41.720371 3.992847, 41.719628 3.993775, 41.718822 3.994395, 41.718079 3.994395, 41.716655 3.993775, 41.71554 3.992847, 41.715107 3.992289, 41.714364 3.990555, 41.714178 3.98975, 41.713559 3.988326, 41.71294 3.985725, 41.712568 3.985106, 41.711082 3.984734, 41.710277 3.98492, 41.70972 3.985292, 41.709038 3.985353, 41.708233 3.985725, 41.7078 3.985663, 41.706499 3.985911, 41.704456 3.985973, 41.703341 3.985292, 41.702598 3.983681, 41.702474 3.983124, 41.702041 3.982381, 41.700988 3.981886, 41.698759 3.981947, 41.69752 3.981452, 41.697024 3.980895, 41.695353 3.979718, 41.693404045 3.979718, 41.692793402 3.980020615, 41.69226757 3.980020615, 41.691521228 3.979647444, 41.691063246 3.979019838, 41.690893623 3.978137798, 41.690825773 3.97632283, 41.689970009 3.973772237, 41.688472003 3.971015308, 41.687182268 3.970267284, 41.685854121 3.970228327, 41.685497548 3.97032481, 41.684891677 3.971059763, 41.684728839 3.974403375, 41.684446586 3.975586666, 41.684034063 3.975912342, 41.683447845 3.976020901, 41.682416536 3.975662657, 41.681830319 3.974631348, 41.681613201 3.973524048, 41.681644045 3.972390403, 41.682190769 3.969960864, 41.681797615 3.969218815, 41.678910086 3.968280658, 41.678530131 3.967944125, 41.67821531 3.967281917, 41.678525856 3.964471789, 41.678276012 3.963698467, 41.677823918 3.963198777, 41.677419406 3.961628333, 41.677383716 3.960855008, 41.677574071 3.959677175, 41.677324228 3.959094207, 41.676860236 3.958737288, 41.676241573 3.958665904, 41.675539632 3.958832466, 41.674813897 3.959439231, 41.67405 3.960892, 41.673864 3.961636, 41.673059 3.962874, 41.672997 3.963493, 41.671479 3.96608, 41.670437 3.96706, 41.669334 3.967367, 41.66866 3.967122, 41.667619 3.965406, 41.667128 3.964915, 41.666515 3.96467, 41.665719 3.964609, 41.664983 3.964854, 41.664126 3.965896, 41.663267 3.967183, 41.6629 3.967612, 41.661613 3.967612, 41.658732 3.966018, 41.657085286 3.965547119, 41.655167 3.965502001, 41.654160175 3.966042236, 41.653769 3.966509, 41.653707 3.968592, 41.653156 3.969879, 41.651991 3.970676, 41.649969 3.971105, 41.647089 3.970921, 41.645618 3.971227, 41.645005 3.971534, 41.643841 3.972698, 41.643719 3.974598, 41.64378 3.976252, 41.642738 3.97711, 41.641451 3.977723, 41.640103 3.977907, 41.639368 3.977907, 41.638199484 3.976503729, 41.637822309 3.976029567, 41.637108412 3.975725946, 41.636144731 3.975868713, 41.635502276 3.976213735, 41.635002589 3.976844292, 41.634955 3.977478, 41.6352 3.977968, 41.637529 3.979684, 41.638142 3.981094, 41.638142 3.982381, 41.637958 3.982871, 41.636916 3.984097, 41.636364 3.984403, 41.635016 3.984526, 41.633301 3.983422, 41.632933 3.982871, 41.632381 3.9814, 41.63232 3.978826, 41.632197 3.978091, 41.631768 3.977539, 41.629869 3.976436, 41.629072 3.976681, 41.62899445 3.97796264, 41.629685 3.979991, 41.629623 3.980604, 41.628398 3.982319, 41.627111 3.982442, 41.62515 3.981768, 41.62466 3.9814, 41.624169 3.980726, 41.623451909 3.977978673, 41.623129082 3.977213109, 41.622189192 3.976237529, 41.62060685 3.974964518, 41.6177396 3.973572533, 41.616526077 3.973156127, 41.615027015 3.973239408, 41.612021789 3.974246182, 41.610493281 3.973968271, 41.609256579 3.973447189, 41.606563408 3.973500678, 41.605390197 3.973739095, 41.602961905 3.975607943, 41.602246285 3.975802481, 41.601523718 3.975753846, 41.600516292 3.975295294, 41.599224008 3.974239234, 41.597811616 3.972061575, 41.597085878 3.971145483, 41.596086505 3.970622003, 41.594968158 3.970467336, 41.591845916 3.970506113, 41.590369516 3.970712375, 41.588838837 3.971396296, 41.587481852 3.971797963, 41.585017567 3.97193909, 41.582781255 3.972981254, 41.581923641 3.973241795, 41.580675214 3.973068101, 41.579253094 3.972427604, 41.577232462 3.970854506, 41.576420259 3.970395953, 41.575505655 3.970431649, 41.573618891 3.970875213, 41.572739565 3.970842646, 41.572033933 3.970571249, 41.571556274 3.970180437, 41.570872353 3.969214263, 41.569287394 3.967954981, 41.567487406 3.968130625, 41.56613 3.969203, 41.564431 3.9723, 41.563299 3.974698, 41.562866 3.975398, 41.5619 3.976263, 41.556738 3.97996, 41.556305 3.98046, 41.55424 3.982025, 41.552842 3.982891, 41.55071 3.983357, 41.549345 3.982891, 41.546947 3.981492, 41.546514 3.981092, 41.544582 3.980293, 41.542318 3.98016, 41.541718 3.97986, 41.540153 3.978328, 41.53942 3.977263, 41.538621 3.975131, 41.538155 3.974765, 41.53549 3.973932, 41.532926 3.973166, 41.529995 3.972866, 41.528663 3.972034, 41.527164 3.96897, 41.525932 3.965806, 41.524833 3.960977, 41.5243 3.959445, 41.523867 3.958979, 41.522968 3.958613, 41.521236 3.958213, 41.520437 3.957414, 41.518738 3.955116, 41.517007 3.953684, 41.514742 3.95365, 41.51361 3.953883, 41.509947 3.95405, 41.50908 3.955082, 41.508614 3.956548, 41.509913 3.95808, 41.510679 3.959412, 41.510746 3.960711, 41.510413 3.962076, 41.50958 3.962975, 41.507982 3.964241, 41.507049 3.966272, 41.50615 3.967205, 41.505417 3.967704, 41.504018 3.967904, 41.503319 3.967738, 41.502286 3.967105, 41.501021 3.963542, 41.500055 3.962442, 41.49869 3.962309, 41.495859 3.962975, 41.494327 3.963009, 41.492695 3.963542, 41.490064 3.964774, 41.489165 3.96474, 41.486068 3.962875, 41.484902 3.962842, 41.482538 3.964341, 41.481072 3.964474, 41.479873 3.964274, 41.478974 3.963841, 41.478541 3.963308, 41.478241 3.962576, 41.478208 3.960278, 41.478841 3.957081, 41.478808 3.956348, 41.478308 3.955648, 41.477709 3.955349, 41.476576 3.955415, 41.47591 3.955848, 41.475044 3.957647, 41.474411 3.959045, 41.474026 3.959403, 41.472595 3.959766, 41.471668 3.959564, 41.470701 3.958859, 41.469452 3.956945, 41.468223 3.955877, 41.467235 3.955534, 41.466631 3.955514, 41.465744 3.955776, 41.464414 3.956985, 41.462641 3.959141, 41.461432 3.96035, 41.460344 3.96084, 41.458839 3.960921, 41.454971 3.959631, 41.453331 3.959282, 41.449973 3.957106, 41.448657 3.955494, 41.447555 3.954929, 41.446588 3.954956, 41.443095 3.95673, 41.440543 3.958019, 41.439038 3.958503, 41.437668 3.958557, 41.436244 3.958207, 41.43568 3.957804, 41.43533 3.957213, 41.43533 3.956112, 41.435922 3.954473, 41.437211 3.952028, 41.437534 3.951087, 41.437319 3.950738, 41.436136 3.95055, 41.431005 3.951114, 41.425631 3.950147, 41.420688 3.948804, 41.41956 3.948643, 41.418404 3.948804, 41.417679 3.94961, 41.416416 3.952055, 41.415529 3.953962, 41.414589 3.954768, 41.412439 3.954661, 41.410183 3.954312, 41.409591 3.954392, 41.403627 3.959309, 41.400833 3.961163, 41.398012 3.96299, 41.39554 3.964414, 41.393471 3.965032, 41.392047 3.964978, 41.390596 3.963554, 41.389361 3.961727, 41.388205 3.958449, 41.387775 3.9581, 41.386701 3.95818, 41.384175 3.959631, 41.382939 3.959873, 41.380817 3.959578, 41.38028 3.959309, 41.379823 3.958771, 41.379742 3.957885, 41.380548 3.956649, 41.382053 3.955171, 41.38216 3.95458, 41.381999 3.95407, 41.379876 3.951517, 41.379312 3.951437, 41.378238 3.951786, 41.375013 3.953613, 41.372192 3.953613, 41.369371 3.955897, 41.368135 3.956031, 41.367303 3.955897, 41.366308 3.955144, 41.364777 3.954338, 41.363514 3.954365, 41.36295 3.954768, 41.362386 3.95544, 41.362466 3.958583, 41.361983 3.959497, 41.361445 3.959766, 41.359269 3.959282, 41.357872 3.959363, 41.355803 3.959739, 41.354117163 3.95964102, 41.353005162 3.957955512, 41.354299957 3.953546989, 41.354395135 3.952619001, 41.354157187 3.951524447, 41.35330058 3.949501905, 41.352027569 3.947265212, 41.351147168 3.946741731, 41.350469025 3.946872602, 41.348791502 3.948443045, 41.347708847 3.948788069, 41.346792754 3.948740478, 41.345591127 3.94825269, 41.344603652 3.947110547, 41.342545417 3.945456822, 41.340296826 3.944338478, 41.337643727 3.942470598, 41.336846609 3.94220886, 41.336180358 3.942637163, 41.335424717 3.943745363, 41.334551401 3.944391305, 41.33284459 3.944466288, 41.331861496 3.943974265, 41.331131677 3.943119334, 41.330599952 3.941086266, 41.329244573 3.939668332, 41.32842092 3.939459812, 41.327034264 3.93938683, 41.321418056 3.942096367, 41.320701968 3.942732341, 41.319337382 3.944380044, 41.318590047 3.944666968, 41.318436576 3.944540188, 41.31838199 3.942553879, 41.317894201 3.941994708, 41.317275542 3.941851938, 41.316050118 3.94237542, 41.315360076 3.942887004, 41.314812799 3.94374361, 41.314252836 3.945254159, 41.313678989 3.94591475, 41.312991708 3.946208346, 41.312035064 3.946313563, 41.309494703 3.944873857, 41.30831687 3.944564524, 41.306924885 3.94462401, 41.303772101 3.946194455, 41.301153887 3.948076591, 41.300281177 3.948864054, 41.300156065 3.950928399, 41.29894665 3.952690391, 41.298289813 3.953190839, 41.297059546 3.953670434, 41.296475691 3.953472341, 41.296267171 3.953097005, 41.296279244 3.948194243, 41.297169095 3.946004098, 41.297383247 3.945028519, 41.29657423 3.944790573, 41.29551537 3.944945238, 41.294682558 3.945361643, 41.293326266 3.945730462, 41.290090199 3.945956509, 41.287341921 3.945754254, 41.285343174 3.946111174, 41.284534159 3.945897022, 41.283867908 3.945290262, 41.283296837 3.944421757, 41.282797151 3.94401725, 41.281988136 3.943933967, 41.281274296 3.944112428, 41.280631841 3.944707292, 41.280429587 3.945516308, 41.280572355 3.946313428, 41.281012555 3.946848806, 41.283714555 3.948497429, 41.284065845 3.949277757, 41.284065845 3.950265307, 41.283778922 3.95080579, 41.281783805 3.951886756, 41.281273482 3.952047696, 41.280609421 3.951913447, 41.279962176 3.951139421, 41.278881209 3.950719046, 41.278454161 3.950365396, 41.278079701 3.947552544, 41.277712687 3.947309595, 41.276983237 3.94733957, 41.273870902 3.949538192, 41.272243349 3.952807572, 41.271429573 3.953535689, 41.270287432 3.95379267, 41.268417176 3.955234622, 41.267517739 3.956319656, 41.265364541 3.958038924, 41.264593017 3.958330851, 41.263977884 3.958247443, 41.263498289 3.957903386, 41.262935285 3.957111011, 41.261293072 3.95537739, 41.260522124 3.954763492, 41.259751179 3.954378016, 41.257281298 3.954420846, 41.256053496 3.95472066, 41.255199103 3.955195324, 41.253979361 3.956329062, 41.252696964 3.956735675, 41.251456272 3.956026708, 41.250838776 3.955035777, 41.250357066 3.953906885, 41.249843106 3.953164492, 41.24947191 3.952222224, 41.248458258 3.951337066, 41.246802152 3.951408449, 41.245474413 3.952236501, 41.244774851 3.952964616, 41.244332271 3.953721285, 41.244132397 3.954749212, 41.244146673 3.955634373, 41.24509767 3.957331625, 41.245357903 3.958118995, 41.245395791 3.959251764, 41.244770711 3.960314291, 41.244196864 3.960814739, 41.243155934 3.961341877, 41.242355218 3.961461984, 41.241414377 3.961368567, 41.240700405 3.960948192, 41.240353428 3.960407708, 41.239799599 3.958806276, 41.238350309 3.956905004, 41.235195141 3.954734935, 41.234552686 3.954121037, 41.234110108 3.951965242, 41.233867402 3.951422725, 41.233424822 3.951122914, 41.232810921 3.951080083, 41.23219702 3.951422725, 41.231768717 3.952165117, 41.231611673 3.953350089, 41.231254757 3.954435123, 41.230869281 3.954906256, 41.229783524 3.955380893, 41.227894189 3.955180248, 41.222085 3.955333, 41.219292748 3.956532368, 41.21825015 3.956206556, 41.217875466 3.95550606, 41.218022081 3.953551187, 41.218619816 3.951437005, 41.218505601 3.950337691, 41.218005915 3.949623853, 41.21733491 3.949295488, 41.214322509 3.949866558, 41.212209548 3.949809451, 41.210967469 3.949452534, 41.210182247 3.948867185, 41.209939542 3.947653659, 41.209939542 3.945997554, 41.209311364 3.944555604, 41.208897338 3.942956604, 41.209111489 3.940900752, 41.20965401 3.938902002, 41.209454133 3.93741722, 41.208868784 3.936631996, 41.207355448 3.936032372, 41.202501347 3.937588539, 41.19811838 3.937674201, 41.196676426 3.937988289, 41.195234473 3.938502252, 41.194349315 3.93917326, 41.193041 3.941523, 41.192015 3.942544, 41.191429 3.942812, 41.190784 3.942893, 41.187264 3.942114, 41.185948 3.942409, 41.181596 3.945902, 41.181058 3.946198, 41.180279 3.946359, 41.17899 3.946144, 41.176948 3.944881, 41.176061 3.94429, 41.174449 3.944424, 41.173697 3.945365, 41.173132 3.947514, 41.172273 3.948562, 41.170902 3.949126, 41.170284 3.949234, 41.168941 3.949852, 41.168242 3.950926, 41.167544 3.952914, 41.167248 3.953344, 41.166523 3.953935, 41.165798 3.954177, 41.164615 3.953882, 41.163192 3.953264, 41.16209 3.953129, 41.161365 3.953398, 41.160881 3.954715, 41.160505 3.956756, 41.159403 3.957482, 41.157496 3.958315, 41.15548 3.959873, 41.152794 3.960948, 41.149624 3.961485, 41.147286 3.96127, 41.146023 3.961619, 41.143524 3.962775, 41.140784 3.963124, 41.139468 3.964145, 41.138769 3.965354, 41.138474 3.967557, 41.13807 3.968095, 41.137318 3.96839, 41.136405 3.968148, 41.135518 3.967288, 41.134658 3.966778, 41.133987 3.966859, 41.132858 3.96745, 41.132021942 3.968146908, 41.131891 3.970835, 41.132509 3.972017, 41.1331 3.972447, 41.13447 3.972528, 41.13662 3.971211, 41.137883 3.972098, 41.13799 3.973468, 41.137211 3.974704, 41.136593 3.975134, 41.133288 3.976074, 41.131784 3.976128, 41.130306 3.975644, 41.128049 3.97379, 41.126598 3.973952, 41.126249 3.974408, 41.126081537 3.97566349, 41.127727 3.976934, 41.128183 3.977579, 41.128291 3.978492, 41.127727 3.979701, 41.126733 3.980856, 41.125497 3.98134, 41.124207 3.982173, 41.123294 3.983086, 41.121654 3.98443, 41.120069 3.986982, 41.119129 3.989024, 41.117625 3.990421, 41.116845 3.991684, 41.116254 3.992114, 41.115368 3.992356, 41.114051 3.991845, 41.113621 3.991254, 41.112573 3.988648, 41.111956 3.988003, 41.111257 3.9876, 41.110559 3.9876, 41.107764 3.989481, 41.105319 3.990905, 41.103627 3.992248, 41.103251 3.992786, 41.102686 3.994935, 41.101638 3.996251, 41.101262 3.99789, 41.100107 4.000523, 41.099059 4.002458, 41.098898 4.003183, 41.099435 4.004715, 41.100241 4.005628, 41.102713 4.006783, 41.103224 4.007321, 41.103331 4.008288, 41.102445 4.00947, 41.101638 4.009793, 41.097528 4.0099, 41.09554 4.010652, 41.091969197 4.013055209, 41.087103 4.015273, 41.085061 4.016294, 41.0831 4.016966, 41.082455 4.017342, 41.081568 4.018605, 41.081408 4.019277, 41.081837 4.022205, 41.081622 4.023387, 41.080736 4.024731, 41.079768 4.025564, 41.077888 4.026665, 41.076249 4.027041, 41.074341 4.02688, 41.071869 4.02645, 41.070204 4.026612, 41.069505 4.026988, 41.069048 4.027498, 41.068995 4.031689, 41.068619 4.032764, 41.067087 4.035316, 41.066792 4.036042, 41.06663 4.039454, 41.065636 4.041523, 41.064347 4.043699, 41.063352 4.045687, 41.060559 4.048831, 41.058812 4.051759, 41.057173 4.053103, 41.053089 4.054715, 41.051477 4.055574, 41.049811 4.057025, 41.048119 4.059228, 41.04519 4.062345, 41.043283 4.065945, 41.041375 4.07054, 41.040274 4.073764, 41.03893 4.076209, 41.03807 4.077418, 41.036647 4.078465, 41.035088 4.078573, 41.034014 4.078385, 41.032831 4.077552, 41.03181 4.076665, 41.029258 4.075241, 41.028586 4.075134, 41.027243 4.075671, 41.027001 4.076316, 41.027297 4.078546, 41.027189 4.079137, 41.025685 4.08271, 41.024395 4.084081, 41.023562 4.084161, 41.020929 4.083248, 41.020123 4.083194, 41.019102 4.083731, 41.017759 4.084672, 41.015771 4.085478, 41.015126 4.085934, 41.014507 4.087812, 41.014507 4.088661, 41.014286 4.089363, 41.013399 4.090693, 41.01255 4.09158, 41.009742 4.096455, 41.008375 4.098118, 41.006824 4.101221, 41.006529 4.101775, 41.0059 4.102218, 41.00446 4.102587, 41.001911 4.103585, 41.001062 4.104767, 40.999879 4.107869, 40.999621 4.109162, 40.998365 4.1116, 40.997479 4.112782, 40.992159 4.114481, 40.99094 4.114666, 40.990128 4.114666, 40.988835 4.114149, 40.987653 4.113964, 40.986175 4.114186, 40.985621 4.114481, 40.98274 4.114888, 40.980708 4.115553, 40.980265 4.115811, 40.979785 4.116402, 40.979305 4.118471, 40.979194 4.123494, 40.978012 4.125341, 40.976128 4.127262, 40.974429 4.130513, 40.973505 4.131621, 40.96959 4.133394, 40.966967 4.133948, 40.964714 4.134244, 40.964086 4.134539, 40.962128 4.13646, 40.960207 4.137605, 40.959432 4.138418, 40.957437 4.14285, 40.954962 4.145325, 40.954224 4.145768, 40.949532 4.145842, 40.948055 4.146507, 40.947575 4.146877, 40.946577 4.148317, 40.945469 4.148391, 40.944102 4.148317, 40.942588 4.149093, 40.940704 4.151198, 40.939928 4.151937, 40.938561 4.152307, 40.937971 4.152307, 40.935976 4.151531, 40.934498 4.151346, 40.930804 4.149647, 40.930029 4.149573, 40.928329 4.151014, 40.927037 4.151716, 40.924156 4.152196, 40.920499 4.153489, 40.9188 4.154929, 40.917285 4.156296, 40.914736 4.157626, 40.913591 4.157958, 40.909158 4.157663, 40.906462 4.157367, 40.905834 4.157404, 40.905243 4.157773, 40.903802 4.159362, 40.903433 4.160027, 40.903174 4.162649, 40.903174 4.163536, 40.901512 4.166159, 40.901291 4.16686, 40.901253 4.168227, 40.902029 4.169963, 40.902325 4.170813, 40.902103 4.171921, 40.900293 4.173989, 40.900182 4.177277, 40.899407 4.178533, 40.898853 4.179087, 40.898114 4.181119, 40.898151 4.183704, 40.897781 4.184997, 40.896969 4.186216, 40.895934 4.186881, 40.894014 4.187731, 40.893533 4.188137, 40.892056 4.190021, 40.889433 4.190723, 40.887512 4.192533, 40.884003 4.196928, 40.883819 4.197556, 40.884594 4.200142, 40.885074 4.201361, 40.884668 4.202321, 40.884299 4.202765, 40.883027182 4.205329657, 40.88297959 4.206495592, 40.883536907 4.208649358, 40.884336 4.210522, 40.884594 4.212184, 40.884262 4.213144, 40.880937 4.216912, 40.878906 4.21887, 40.877169 4.220975, 40.875988 4.221788, 40.87355 4.222859, 40.871296 4.224595, 40.869745 4.225962, 40.869375 4.226553, 40.867159 4.228215, 40.866384 4.228585, 40.864463 4.228991, 40.86184 4.229767, 40.857444 4.229582, 40.855524 4.229065, 40.853529 4.229065, 40.852125 4.22973, 40.851793 4.230247, 40.85135 4.231688, 40.851312 4.23298, 40.850758 4.234384, 40.848173 4.23745, 40.847988 4.238189, 40.848284 4.239555, 40.849059 4.241439, 40.849059 4.242215, 40.847914 4.245466, 40.846474 4.247977, 40.844553 4.24975, 40.841118 4.251191, 40.838384 4.252041, 40.837017 4.252299, 40.834727 4.252152, 40.833693 4.251413, 40.833287 4.250859, 40.833249 4.250009, 40.833619 4.248938, 40.83373 4.24831, 40.833471 4.248014, 40.832511 4.248199, 40.831772 4.249049, 40.830147 4.251339, 40.828706 4.252152, 40.826564 4.253001, 40.824865 4.253038, 40.822759 4.252779, 40.822205 4.252816, 40.819841 4.254183, 40.817514 4.255808, 40.815815 4.257286, 40.815372 4.257655, 40.812897 4.258874, 40.810976 4.260093, 40.809092 4.26098, 40.805103 4.261091, 40.804364 4.261349, 40.803403 4.263085, 40.802517 4.265191, 40.801556 4.266336, 40.799709 4.267112, 40.795461 4.268035, 40.794279 4.268515, 40.791435 4.268811, 40.788775 4.269365, 40.787446 4.27003, 40.786375 4.270879, 40.784638 4.273059, 40.784121 4.274019, 40.783789 4.276642, 40.783235 4.278378, 40.782634 4.279704, 40.782153 4.280243, 40.781454 4.282036, 40.781145 4.283292, 40.776398 4.281787, 40.775560653 4.281747931, 40.774921 4.281918, 40.747105 4.261769, 40.724297001 4.249159, 40.709213 4.246799, 40.690327001 4.23493, 40.673592 4.233181, 40.652157 4.224947, 40.417667 4.127468, 40.403019 4.119734, 40.387772 4.104848001, 40.37579 4.106327, 40.324177 4.084782001, 40.234051003 4.050078, 40.212196 4.043508, 40.191982001 4.043934, 40.182538142 4.03606308, 40.182356296 4.035678565, 40.181611348 4.035290655, 40.172241 4.027481, 40.158224456 4.020505924, 40.155662712 4.017063249, 40.15226697 4.01754129, 40.129585 4.006254, 40.122231 4.000173, 40.106106 3.9943, 39.997286981 3.939300489, 39.996859685 3.938931184, 39.996592214 3.938949263, 39.987997382 3.934437572, 39.987427956 3.934316462, 39.987290682 3.934037824, 39.983932073 3.932360302, 39.98315399 3.931550096, 39.982868454 3.93149299, 39.982615041 3.93166431, 39.973667078 3.927000567, 39.972980666 3.927012934, 39.972496382 3.926768114, 39.97233141 3.926267693, 39.926710001 3.902559932, 39.887388516 3.882061966, 39.885926423 3.88299893, 39.869568 3.874727001, 39.865074 3.867917001, 39.857533003 3.850039, 39.853873761 3.845100418, 39.82862266 3.791073004, 39.802995865 3.735322232, 39.782133227 3.690643095, 39.777909684 3.681125247, 39.771450166 3.681929731, 39.762844001 3.663264001, 39.61972 3.516321001, 39.612137001 3.506446002, 39.585072001 3.481984001, 39.581814001 3.476435, 39.567917 3.429983, 39.562077 3.416309003, 39.557610001 3.411847001, 39.547066002 3.405368003, 39.532887002 3.402422002, 39.528297001 3.402976001, 39.519268 3.408284001, 39.514832003 3.414258002, 39.509005892 3.43600077, 39.505606016 3.441695349, 39.505082857 3.447879587, 39.50073002 3.449099635, 39.494860692 3.457073825, 39.489185002 3.463384002, 39.470688001 3.460448001, 39.427993768 3.460763146, 39.425339 3.461234001, 39.418736001 3.466129001, 39.408756 3.468456003, 39.335739001 3.470115001, 39.332245 3.476357, 39.330795003 3.490727003, 39.33218 3.504006002, 39.328541 3.506319001, 39.322598 3.504706001, 39.301899 3.486726002, 39.283115 3.476737001, 39.237232 3.480902, 39.204445 3.486258002, 39.192425001 3.482758001, 39.183266 3.491587, 39.17828 3.494579001, 39.1381 3.514449001, 39.123123 3.516919, 39.102238 3.534037002, 39.096039 3.537844001, 39.086594003 3.539489, 39.082005 3.539227003, 39.077415492 3.537862182, 39.077536525 3.53626102, 39.076413422 3.536280055, 39.075937527 3.536013558, 39.075604402 3.536232466, 39.07353903 3.53556622, 39.072376943 3.535768603, 39.070814547 3.533132028, 39.06975331 3.533155823, 39.068016301 3.534378866, 39.067521373 3.534545431, 39.06700265 3.53440266, 39.06634116 3.533907733, 39.065046736 3.533612681, 39.064566082 3.533070162, 39.062971844 3.532651377, 39.061981988 3.532056514, 39.060963581 3.531147558, 39.059926133 3.531128522, 39.059531143 3.531233218, 39.058379487 3.530771605, 39.057361074 3.530000658, 39.055195765 3.527069162, 39.055271908 3.526816939, 39.054957822 3.526769353, 39.054386748 3.526807424, 39.054320123 3.526993019, 39.053853749 3.52700254, 39.053606285 3.526750317, 39.05230234 3.52668845, 39.051126032 3.527475417, 39.050924186 3.527756826, 39.049234769 3.527542674, 39.048530451 3.5276093, 39.047611977 3.527937665, 39.047112292 3.528185129, 39.046703025 3.528641987, 39.046103398 3.528875174, 39.045751241 3.529389136, 39.045240641 3.529675247, 39.044152806 3.529842706, 39.043726492 3.529639894, 39.043360682 3.53007268, 39.035750859 3.532282019, 39.035144394 3.530401597, 39.034416279 3.529487884, 39.032281904 3.529773419, 39.032110581 3.529559268, 39.03171797 3.529466472, 39.031382466 3.52972345, 39.03118973 3.530187445, 39.029911962 3.530751381, 39.028327238 3.530708549, 39.027449219 3.530444428, 39.02611434 3.529637791, 39.024758049 3.529402223, 39.023979963 3.528774047, 39.021776282 3.52799345, 39.021767001 3.523756001, 39.016791611 3.517477951, 39.016011148 3.517801559, 39.015202131 3.51783963, 39.014745277 3.518543949, 39.014735757 3.518877074, 39.01463389 3.519221258, 39.013252 3.519434003, 39.010711783 3.523213175, 39.010433692 3.522903122, 39.010148156 3.522941193, 39.009976835 3.522722286, 39.009767445 3.521599177, 39.009367693 3.521551589, 39.008663373 3.521380269, 39.007797249 3.521580142, 39.007997125 3.522303498, 39.007778213 3.523616963, 39.007578338 3.523959603, 39.007207142 3.524207067, 39.007131 3.525234994, 39.006731251 3.525863171, 39.006588483 3.526300993, 39.006093557 3.526234367, 39.00572236 3.526510386, 39.005261661 3.527857807, 38.995861 3.529361, 38.990459 3.527879, 38.977646 3.532918001, 38.969143 3.534017001, 38.966171002 3.532938001, 38.960609001 3.518852, 38.954933 3.515203, 38.915646 3.512155001, 38.905033209 3.516663552, 38.902863366 3.516469684, 38.888598497 3.522037624, 38.879721409 3.525068244, 38.871996799 3.527165363, 38.868350815 3.528513258, 38.864958353 3.529371124, 38.859735498 3.53151256, 38.854165118 3.533539937, 38.85213967 3.53448459, 38.844211884 3.537191119, 38.840778 3.536814, 38.828999 3.538865, 38.802625929 3.549137763, 38.793560246 3.551443002, 38.718158489 3.574099103, 38.717376177 3.580327413, 38.715466 3.581867001, 38.711251228 3.588987767, 38.709310377 3.591007772, 38.707184625 3.590285326, 38.703883123 3.594895529, 38.707113115 3.595979008, 38.695751 3.615183001, 38.687813 3.623565001, 38.68103 3.625132003, 38.676376002 3.624166001, 38.673987378 3.620670765, 38.667805 3.600819001, 38.655773393 3.600908725, 38.647302513 3.602717116, 38.644066445 3.603716488, 38.642396063 3.60381167, 38.624570946 3.608040562, 38.619347 3.60731, 38.617023 3.609455, 38.615677 3.616659001, 38.613934003 3.618219001, 38.611412 3.618222001, 38.605782003 3.611417001, 38.598213002 3.608118, 38.589294 3.608909, 38.583578328 3.610674153, 38.57961565 3.610681172, 38.579557443 3.612011692, 38.563725 3.623153001, 38.561985 3.627243001, 38.562584002 3.637559001, 38.560463 3.645737001, 38.55117 3.653146001, 38.537411 3.657836003, 38.532536048 3.658562215, 38.528060661 3.654303832, 38.525909631 3.652476406, 38.523625346 3.652057618, 38.521873077 3.651973778, 38.520721 3.649097002, 38.521477003 3.634886, 38.516815003 3.629831002, 38.488487 3.618381001, 38.477436 3.616058, 38.457645002 3.606349002, 38.446976001 3.602858001, 38.439999003 3.604228, 38.413631002 3.604453001, 38.297501003 3.612167, 38.291496 3.613730001, 38.278893002 3.613547002, 38.251945003 3.616104001, 38.246128001 3.615331001, 38.188354 3.619469001, 38.178082 3.623565001, 38.171101 3.623961002, 38.159855002 3.623192001, 38.152676 3.618915, 38.145699003 3.620672001, 38.137939 3.617369002, 38.129215 3.616987001, 38.121078 3.622054, 38.102287002 3.638614001, 38.093372001 3.643293001, 38.041447 3.683234001, 38.031761 3.694336001, 38.025761001 3.705047002, 38.013168 3.717318, 38.00639 3.729002001, 38.000771 3.733872002, 37.988361003 3.734269001, 37.977703 3.739337, 37.967617 3.739537001, 37.962578002 3.741681001, 37.653381003 3.949114, 37.649117 3.953008001, 37.644901 3.966297, 37.634716002 3.974431001, 37.567127 4.015334001, 37.557175001 4.023699001, 37.546524 4.028811001, 37.531708002 4.040662001, 37.520596 4.045774001, 37.509022 4.055766002, 37.493046 4.064131002, 37.338379 4.164491, 37.287666002 4.195847003, 37.200119 4.253906, 37.194794 4.259016, 37.169083 4.273412001, 37.139435003 4.293381001, 37.133411 4.296167, 37.122295 4.29802, 37.111637 4.306845001, 37.094955 4.334950002, 37.090553 4.340060002, 37.085224 4.342380002, 37.068546002 4.345393001, 37.054184 4.358396, 37.046535 4.371171001, 37.041901 4.375583001, 37.025455 4.379059001, 37.006229 4.380674001, 37.002754 4.382531001, 36.993484002 4.383919002, 36.979584 4.395992003, 36.974487001 4.397848, 36.963135 4.398305001, 36.955719 4.407362003, 36.951088003 4.410147001, 36.904285003 4.426843003, 36.882275 4.436585001, 36.86837 4.444474003, 36.665691 4.440267001, 36.655212 4.444334002, 36.64629 4.454521001, 36.544014 4.446094, 36.340407718 4.44824113, 36.339464028 4.446193497, 36.337560459 4.444718231, 36.333562964 4.445765194, 36.331944931 4.445931756, 36.3307552 4.445527248, 36.329613059 4.443861625, 36.326686325 4.443290554, 36.324925521 4.444742028, 36.322569854 4.445408274, 36.321499097 4.445455864, 36.32166566 4.442790867, 36.321237357 4.442053234, 36.318857895 4.442505334, 36.317787138 4.445051357, 36.314717633 4.445836577, 36.311219825 4.445693812, 36.308792775 4.44141078, 36.30679403 4.44141078, 36.304295594 4.440696944, 36.298156584 4.441268012, 36.295443999 4.443195376, 36.294016322 4.443195376, 36.292374494 4.445194123, 36.291803425 4.447906709, 36.289453805 4.448773001, 36.279076 4.448881003, 36.263748 4.449485003, 36.254749275 4.454897097, 36.252613701 4.45390295, 36.250543571 4.454474021, 36.247830984 4.457472142, 36.245546703 4.457472142, 36.242876194 4.458592283, 36.233402 4.450693002, 36.211983 4.448308001, 36.189144 4.449683, 36.142853 4.449137, 36.136600001 4.447558, 36.047611 4.446621, 36.041355002 4.447551001, 36.037285 4.449740001, 36.02882 4.461332001, 36.013786 4.475265002, 35.964592 4.527251001, 35.958019 4.531317, 35.955978002 4.534607002, 35.953777 4.543073003, 35.960781 4.562824001, 35.953823 4.569776001, 35.945045 4.574524001, 35.949173003 4.620171001, 35.949348003 4.626770001, 35.947697 4.629333, 35.946439389 4.630758447, 35.946197498 4.630702296, 35.945860964 4.631414067, 35.817108003 4.77735, 35.815739001 4.825182002, 35.816181 4.890246, 35.813938 4.912784002, 35.81628 4.935881, 35.8163 5.025682, 35.814739 5.083957, 35.817452 5.104121, 35.818075437 5.104873646, 35.818069507 5.107610353, 35.826832269 5.117972749, 35.827498519 5.118234487, 35.828616864 5.117901363, 35.829425258 5.118132876, 35.829759009 5.120090469, 35.830734585 5.121066049, 35.831139093 5.120851895, 35.831614985 5.120899484, 35.831781551 5.121946446, 35.831543603 5.122517517, 35.831924315 5.122660288, 35.83256677 5.122374749, 35.833114046 5.121898859, 35.834129289 5.121779885, 35.838110914 5.124944567, 35.838372658 5.126229476, 35.839562385 5.127490591, 35.839824126 5.128823092, 35.840347607 5.129298981, 35.841109036 5.130631482, 35.841608722 5.130750452, 35.841799078 5.131321523, 35.842599505 5.131905789, 35.844716729 5.135963694, 35.858700001 5.153502, 35.862881 5.165605003, 35.863781 5.175502, 35.861589488 5.190544814, 35.861099779 5.190754688, 35.860326454 5.19149827, 35.859701846 5.191825446, 35.85937467 5.192479799, 35.858809551 5.192985433, 35.857976736 5.193282866, 35.855957764 5.194633213, 35.854083067 5.197360042, 35.843558392 5.199741437, 35.840560272 5.206494349, 35.838847974 5.206935553, 35.83769778 5.208606595, 35.837555012 5.210248425, 35.837935726 5.211866456, 35.837911931 5.212461322, 35.838173674 5.212937214, 35.837959523 5.21436489, 35.837483628 5.217244038, 35.837055325 5.217934082, 35.836555639 5.220741846, 35.836817379 5.22200296, 35.837317068 5.222859566, 35.837555012 5.224096886, 35.83888751 5.225001081, 35.839173046 5.225619741, 35.839363403 5.226547731, 35.839101662 5.227428131, 35.839720322 5.230735582, 35.839696527 5.232662946, 35.838601977 5.233686114, 35.838245056 5.234994817, 35.836745996 5.237612224, 35.836365284 5.238540217, 35.836127336 5.239848918, 35.835818006 5.240205837, 35.835056578 5.240277221, 35.834533097 5.240562759, 35.833938235 5.240610345, 35.833866848 5.240991061, 35.833010242 5.240729318, 35.832248814 5.240967266, 35.831987074 5.241490747, 35.831558771 5.24187146, 35.830630783 5.242180789, 35.829512434 5.24372744, 35.827645711 5.245464829, 35.827751635 5.245512035, 35.827585071 5.245892749, 35.828013374 5.246606589, 35.826680877 5.248129442, 35.826300162 5.24977127, 35.826466725 5.250151984, 35.826442929 5.251079976, 35.826752259 5.252460063, 35.827656454 5.25353082, 35.827823017 5.254768138, 35.828370293 5.255148852, 35.828536855 5.25595787, 35.828156141 5.257076215, 35.828322704 5.258860811, 35.828076828 5.262501386, 35.830433633 5.263274113, 35.8349913 5.272389447, 35.845285734 5.279466867, 35.849634743 5.286200818, 35.851627732 5.288982699, 35.851463755 5.289238914, 35.851511344 5.289905163, 35.851820674 5.29071418, 35.852653485 5.291261456, 35.853676656 5.291213869, 35.854966785 5.29039963, 35.857834125 5.293804594, 35.863183598 5.307454653, 35.85997564 5.320216612, 35.856914295 5.321354231, 35.856365445 5.321171281, 35.855342276 5.321742351, 35.855172121 5.322001635, 35.849427069 5.32413654, 35.848500913 5.325551753, 35.84777559 5.3255019, 35.845848227 5.325739846, 35.838636852 5.327624887, 35.838709844 5.332354749, 35.840653366 5.33446828, 35.838525658 5.336209132, 35.83466476 5.336161885, 35.833998513 5.336495011, 35.833189494 5.336495011, 35.830286554 5.338327194, 35.829215796 5.33808925, 35.828168835 5.337280232, 35.824813792 5.335733582, 35.824052364 5.335471841, 35.823386118 5.335709787, 35.821839465 5.335781171, 35.821315984 5.336709162, 35.82067353 5.337137466, 35.82000728 5.337137466, 35.819388621 5.337827508, 35.819888307 5.33923139, 35.819769334 5.340444917, 35.819483799 5.341325315, 35.818966595 5.342194226, 35.808579286 5.344487115, 35.802939619 5.347172667, 35.801376104 5.345965266, 35.799377354 5.345655937, 35.798425569 5.345846292, 35.797640349 5.346179418, 35.795094326 5.346155621, 35.792072408 5.348178163, 35.791429954 5.348225752, 35.790930268 5.34805919, 35.790192635 5.347583298, 35.789835715 5.347607092, 35.789716742 5.347987808, 35.788170093 5.350391062, 35.78774179 5.351675971, 35.787146924 5.351985301, 35.786409291 5.351961506, 35.785528893 5.353032263, 35.77910036 5.356200613, 35.778433582 5.356264115, 35.777652876 5.35538793, 35.777105599 5.35522137, 35.776391763 5.35522137, 35.775915868 5.355435522, 35.775772801 5.356517526, 35.772666549 5.356813358, 35.772703596 5.356387306, 35.772061141 5.355887617, 35.771323508 5.355316548, 35.771490073 5.353769896, 35.773940918 5.352461196, 35.774654754 5.351342846, 35.774654754 5.350938338, 35.775368592 5.350129321, 35.774868905 5.349463073, 35.772394266 5.348939592, 35.771728017 5.34929651, 35.770800027 5.350914543, 35.761686691 5.354721681, 35.760259015 5.355245162, 35.75980692 5.355673465, 35.759997275 5.35631592, 35.760758704 5.356530071, 35.760782496 5.35688699, 35.759997275 5.357791185, 35.759212052 5.357933953, 35.758498214 5.358362256, 35.757332278 5.358623999, 35.754215184 5.360170646, 35.753858268 5.360932074, 35.753905854 5.361526939, 35.755190763 5.362026629, 35.755952191 5.362145599, 35.756618439 5.362764261, 35.756951564 5.363763633, 35.756642234 5.3643585, 35.755571476 5.364477474, 35.754476926 5.364477474, 35.753763086 5.364667829, 35.753096839 5.365548228, 35.752858891 5.366143094, 35.75166916 5.366785549, 35.751264652 5.367285235, 35.751407423 5.367880102, 35.751883312 5.368427376, 35.752311615 5.368546349, 35.752763713 5.368451171, 35.753215813 5.368046662, 35.75362032 5.368046662, 35.754405541 5.368332198, 35.754786255 5.368118046, 35.755458027 5.368165968, 35.749408672 5.374304645, 35.748599656 5.374066699, 35.748885191 5.371568265, 35.748433093 5.371044784, 35.74743372 5.370735455, 35.747243364 5.371092372, 35.746267784 5.371044784, 35.745910865 5.371187551, 35.74573082 5.372213851, 35.747063076 5.374576304, 35.74464975 5.374613975, 35.744411804 5.37432844, 35.743983501 5.374423618, 35.743591621 5.374741611, 35.731988087 5.375182161, 35.730991647 5.374804332, 35.730254011 5.375066072, 35.72961156 5.375066072, 35.729230843 5.374851921, 35.728921513 5.37432844, 35.728160086 5.37428085, 35.72761281 5.374899511, 35.727582526 5.375182161, 35.723632528 5.375182161, 35.724227803 5.381084596, 35.723258396 5.381823742, 35.722972861 5.382418608, 35.722972861 5.383632132, 35.723329782 5.384774276, 35.723854281 5.385566054, 35.720658767 5.388215655, 35.720260275 5.387796189, 35.720141304 5.386987173, 35.718689831 5.385916415, 35.71738113 5.38589262, 35.716905235 5.386297128, 35.716405549 5.387344091, 35.716183958 5.388417953, 35.717031452 5.3895056, 35.712634343 5.388952092, 35.707006696 5.390017715, 35.706863913 5.389461811, 35.706126277 5.389271455, 35.705079314 5.389485606, 35.704532038 5.389771144, 35.704270297 5.390151855, 35.702937799 5.390413599, 35.702223961 5.390722928, 35.702199844 5.390927916, 35.699180512 5.391499642, 35.699059278 5.391317791, 35.697107437 5.391490387, 35.693175684 5.391209548, 35.691563975 5.389414222, 35.690493218 5.389176276, 35.689898353 5.389390428, 35.689446255 5.38903351, 35.68916072 5.38753445, 35.68854206 5.386677844, 35.688066168 5.386463692, 35.687756838 5.386535074, 35.687780632 5.387129941, 35.687994784 5.38770101, 35.688208935 5.389081098, 35.688018579 5.389937704, 35.687542686 5.390318417, 35.686805053 5.390580158, 35.685615323 5.390342212, 35.684520773 5.390009087, 35.683616576 5.389128689, 35.683426219 5.388795563, 35.683426219 5.388081726, 35.682855148 5.387915162, 35.682117515 5.388153108, 35.681784391 5.388629, 35.681950953 5.390407783, 35.680409972 5.390297715, 35.680261537 5.389485606, 35.679642879 5.388795563, 35.679000424 5.38836726, 35.67804864 5.388295879, 35.676954085 5.387605832, 35.676573371 5.386725431, 35.675978506 5.386130566, 35.673575252 5.386035389, 35.672552082 5.386178155, 35.670957843 5.387463064, 35.669934675 5.387320298, 35.668649766 5.38770101, 35.667769365 5.38831967, 35.666674813 5.388438643, 35.665794413 5.38893833, 35.664033612 5.387653424, 35.663021273 5.386345209, 35.662106248 5.386178155, 35.661202053 5.38620195, 35.658418084 5.387463064, 35.657156969 5.387677216, 35.656205185 5.388581412, 35.654753716 5.388771768, 35.654468178 5.389247663, 35.654349205 5.389818731, 35.654515768 5.390270828, 35.656252777 5.39110364, 35.656990409 5.392507522, 35.657061791 5.392983414, 35.654139622 5.394265044, 35.653659162 5.394125557, 35.653053701 5.394170404, 35.64928946 5.392445127, 35.648638499 5.391293996, 35.647615331 5.39074672, 35.644838304 5.390405014, 35.64026812 5.388310346, 35.63940619 5.386368514, 35.637835747 5.385702263, 35.637162823 5.386887083, 35.636544254 5.386603573, 35.634052403 5.386212813, 35.634052403 5.385940211, 35.633195797 5.384940836, 35.63269611 5.384607711, 35.63222022 5.384512533, 35.631720531 5.384655302, 35.629269686 5.383441775, 35.628769999 5.382799321, 35.627104378 5.382846911, 35.626247772 5.383227624, 35.625400599 5.384856076, 35.62356959 5.384568945, 35.623059294 5.38351316, 35.6212747 5.38191892, 35.620465681 5.382061688, 35.618942825 5.384226998, 35.617872071 5.387058556, 35.618276578 5.387867576, 35.61901421 5.38836726, 35.619038006 5.390413599, 35.619607732 5.39167416, 35.619600857 5.394170524, 35.619394923 5.394387296, 35.618609703 5.394696626, 35.617895863 5.39564841, 35.617705506 5.396742962, 35.617967248 5.397028497, 35.617991041 5.397718541, 35.617705506 5.398432379, 35.617372381 5.399836261, 35.617526609 5.400067603, 35.612987588 5.405163369, 35.610971631 5.404939374, 35.611043016 5.403881345, 35.610805069 5.403476838, 35.610471944 5.403286482, 35.609543955 5.403548221, 35.608972884 5.403976524, 35.607664183 5.404190675, 35.607212083 5.403809964, 35.606569628 5.403928934, 35.60623122 5.404289903, 35.605245401 5.403815663, 35.606307888 5.401501884, 35.606688602 5.400954608, 35.606664807 5.400121797, 35.606307888 5.399812467, 35.605046773 5.399407958, 35.604352627 5.399422728, 35.602738696 5.400835638, 35.602572134 5.401478093, 35.601667939 5.401382911, 35.601406198 5.400764251, 35.600502003 5.399812467, 35.60038303 5.399407958, 35.599193299 5.399170012, 35.598812586 5.39962211, 35.598393226 5.400519333, 35.597771002 5.40022, 35.594530134 5.405893766, 35.593625363 5.406546342, 35.591888354 5.407046028, 35.591007953 5.407545715, 35.59062724 5.408259555, 35.590175142 5.408521294, 35.59062724 5.40942549, 35.592133691 5.410089197, 35.58910147 5.413256602, 35.588842646 5.413161245, 35.588414343 5.413280217, 35.588033627 5.4138037, 35.587557737 5.414160617, 35.586907844 5.415476014, 35.583919894 5.418499094, 35.583703008 5.418253291, 35.583108146 5.418086727, 35.582275331 5.417563246, 35.581918414 5.417777397, 35.581823236 5.418848155, 35.582084975 5.419347842, 35.582108769 5.419776145, 35.581728055 5.419799939, 35.581323547 5.419609582, 35.580300379 5.418300879, 35.580062433 5.416778026, 35.579776897 5.416421105, 35.579242849 5.416318843, 35.578515784 5.416492488, 35.578111278 5.416849408, 35.577564 5.417039765, 35.577516409 5.417468067, 35.576326679 5.417301507, 35.575898376 5.416992178, 35.575826992 5.416635256, 35.575612841 5.416492488, 35.575276664 5.417068564, 35.570629826 5.414267171, 35.569961289 5.414320385, 35.568688609 5.413589549, 35.567779289 5.412131046, 35.566499506 5.412042896, 35.564595938 5.412542583, 35.563929687 5.412923297, 35.561550226 5.413232627, 35.560312906 5.413541957, 35.559646657 5.414945839, 35.559313533 5.415136196, 35.557219607 5.415064813, 35.556981661 5.414850662, 35.557290991 5.413541957, 35.55702925 5.412875708, 35.556291618 5.412661556, 35.55567296 5.413208832, 35.555339834 5.413304011, 35.555173271 5.413541957, 35.55579193 5.414017852, 35.555768137 5.414755484, 35.555411217 5.41520758, 35.555558734 5.415452331, 35.554804424 5.415510928, 35.553864569 5.414350974, 35.553150729 5.413827492, 35.552056179 5.414541333, 35.551675463 5.41463651, 35.551058901 5.415801879, 35.550169817 5.415870943, 35.549744817 5.416221721, 35.549248413 5.415992802, 35.548344217 5.416587667, 35.547582792 5.416159364, 35.545940962 5.416302132, 35.545703016 5.416516283, 35.54510815 5.416563875, 35.544775026 5.417753603, 35.544917795 5.418348469, 35.544679848 5.419942707, 35.544288739 5.420724926, 35.543207079 5.42161768, 35.537242986 5.422333373, 35.536875215 5.421727303, 35.536185172 5.422274579, 35.535590306 5.422155606, 35.534257808 5.421346591, 35.533234642 5.421536946, 35.532830132 5.421465564, 35.53230665 5.42165592, 35.532021115 5.422012838, 35.531045536 5.422274579, 35.530403081 5.42284565, 35.529760627 5.42284565, 35.529475092 5.422583909, 35.52940371 5.421965249, 35.528666077 5.420965875, 35.527833264 5.421037262, 35.526591344 5.422674747, 35.525384468 5.422594289, 35.524644786 5.419871324, 35.52466858 5.419109898, 35.524406842 5.418895746, 35.519100644 5.419181279, 35.518743723 5.418729182, 35.518077473 5.418752976, 35.517553992 5.419157485, 35.516221496 5.421941454, 35.515412477 5.422464936, 35.514484487 5.422869444, 35.513939451 5.423455988, 35.513366144 5.423321542, 35.512319178 5.422774266, 35.511890875 5.422821856, 35.511438779 5.422631501, 35.51098668 5.422655292, 35.51067735 5.42310739, 35.510572508 5.424017145, 35.509796949 5.424130558, 35.50944003 5.423511898, 35.508726192 5.423154982, 35.508059943 5.423392925, 35.507179544 5.423131185, 35.505526671 5.423739986, 35.504791236 5.423537107, 35.504324192 5.423154982, 35.504300395 5.422726678, 35.504776286 5.422298375, 35.504966643 5.421774894, 35.5042766 5.420442394, 35.503515172 5.41984753, 35.502801334 5.419657175, 35.501897139 5.419990296, 35.501682987 5.420252037, 35.50087397 5.420323421, 35.500350489 5.420085478, 35.499232142 5.418586417, 35.499089375 5.41772981, 35.498661072 5.417301507, 35.498327947 5.417230121, 35.498113796 5.416968381, 35.498375536 5.416801818, 35.498113796 5.416563875, 35.497637903 5.416873204, 35.497043038 5.418134317, 35.49663853 5.418372265, 35.496115049 5.418372265, 35.495129857 5.417140996, 35.494449426 5.417468067, 35.493473849 5.41856262, 35.492641035 5.41856262, 35.491998584 5.418372265, 35.491308537 5.418871949, 35.490451931 5.418848155, 35.489976042 5.418229495, 35.489523942 5.41789637, 35.486716177 5.416944586, 35.486502026 5.415992802, 35.485859571 5.415945212, 35.485050555 5.41639731, 35.484669841 5.416230749, 35.483384935 5.414850662, 35.483028013 5.414707893, 35.482528329 5.415136196, 35.482456942 5.415992802, 35.482004848 5.415969007, 35.480672346 5.415112401, 35.480101276 5.414184411, 35.48012507 5.413613341, 35.478982929 5.411781158, 35.478459448 5.411471829, 35.47769802 5.41149562, 35.47738869 5.411781158, 35.476294138 5.411733566, 35.474676105 5.412423613, 35.474342983 5.412613968, 35.47341499 5.412447405, 35.47310566 5.411638388, 35.472915304 5.411019729, 35.472296644 5.410305891, 35.471749368 5.410472452, 35.47134486 5.410805578, 35.471059324 5.410139328, 35.471654189 5.409354105, 35.471630395 5.408640267, 35.470610543 5.407280401, 35.468836518 5.405560856, 35.467994701 5.40379681, 35.462636034 5.400026618, 35.462683621 5.399645906, 35.462897773 5.399431754, 35.462897773 5.398955861, 35.461898401 5.399526932, 35.461530095 5.39931688, 35.461493891 5.397647159, 35.460875231 5.39714747, 35.460090011 5.396980909, 35.459280992 5.396576402, 35.458393237 5.397143055, 35.457446458 5.396486942, 35.457520192 5.395267696, 35.457173605 5.393911191, 35.456853942 5.394173144, 35.456140104 5.392983414, 35.45602113 5.392626496, 35.454141359 5.392079219, 35.453260956 5.391222613, 35.453070601 5.39079431, 35.452642298 5.390366007, 35.451833279 5.390366007, 35.451547744 5.390675337, 35.451199749 5.392355828, 35.445090093 5.388486379, 35.444528334 5.386725431, 35.443433782 5.385654674, 35.443053068 5.384917041, 35.44110191 5.383989051, 35.439126958 5.383584543, 35.43862727 5.383132445, 35.438436914 5.382727937, 35.437984819 5.382442402, 35.436747496 5.382418608, 35.435652944 5.381704772, 35.435533974 5.381371646, 35.435605355 5.380586422, 35.435438796 5.380205711, 35.434796341 5.380800573, 35.43413009 5.380634014, 35.433749375 5.380205711, 35.433796965 5.379610843, 35.432535851 5.378944594, 35.431988574 5.378159372, 35.431369915 5.378111782, 35.430965409 5.377635891, 35.43103679 5.377255176, 35.431679245 5.376874463, 35.431845807 5.376350982, 35.430584692 5.375756116, 35.429347373 5.375732323, 35.427610366 5.375066072, 35.427229654 5.373876342, 35.426872733 5.373233887, 35.424778808 5.372948352, 35.424064969 5.373162504, 35.423007462 5.372401155, 35.422803855 5.371901391, 35.423065596 5.371586113, 35.422391386 5.371392149, 35.422080933 5.371621611, 35.414305373 5.365079585, 35.412553002 5.364953465, 35.412112116 5.364539298, 35.4115696 5.364567855, 35.411194181 5.36485567, 35.409600978 5.364741006, 35.409056887 5.363497097, 35.40860003 5.363368603, 35.408214557 5.363468541, 35.407871916 5.363896844, 35.407129523 5.363839737, 35.406558453 5.36338288, 35.405987384 5.363939674, 35.405830338 5.36441081, 35.404710274 5.364389018, 35.404531154 5.363482817, 35.40340329 5.362669042, 35.402646622 5.361698222, 35.402204039 5.36184099, 35.402018441 5.362083694, 35.401661522 5.362083694, 35.401147561 5.361798159, 35.399362962 5.361983757, 35.397835348 5.361798159, 35.397064405 5.361812436, 35.396497613 5.361418147, 35.396036476 5.361769605, 35.395194147 5.361384133, 35.394780121 5.362569104, 35.393878965 5.362788906, 35.390211555 5.361084322, 35.389654763 5.36051325, 35.388421352 5.360265358, 35.37767155 5.355294752, 35.371707013 5.354943317, 35.371235071 5.354314055, 35.370922705 5.354195572, 35.370366852 5.354369958, 35.368867791 5.354191498, 35.368425447 5.353877577, 35.368189644 5.35401304, 35.367190273 5.35404873, 35.366583508 5.354548419, 35.365726902 5.353584737, 35.365120139 5.353477661, 35.36547706 5.353977347, 35.365120139 5.353870271, 35.36476322 5.353441968, 35.364263533 5.352406903, 35.363121392 5.35137184, 35.362407556 5.351336145, 35.360801419 5.350550923, 35.360158964 5.350622309, 35.356946691 5.3493374, 35.356090085 5.348659251, 35.355304862 5.348373717, 35.35430549 5.348266641, 35.353341807 5.348694945, 35.352913504 5.349622933, 35.35227105 5.350265387, 35.351235986 5.35012262, 35.349201546 5.349408781, 35.348023712 5.349408781, 35.34706003 5.349230324, 35.346831782 5.349372978, 35.346101127 5.349153781, 35.345882197 5.348909096, 35.345395821 5.348942192, 35.344448173 5.348657895, 35.344204678 5.348195256, 35.34370499 5.347802645, 35.342420084 5.347981105, 35.341028098 5.347517111, 35.340939817 5.347605392, 35.321027723 5.34163176, 35.31368809 5.346267896, 35.313045635 5.345803898, 35.312760102 5.346446353, 35.312260413 5.34616082, 35.312022515 5.345227519, 35.309917265 5.348326915, 35.29997834 5.353507365, 35.295071 5.365172, 35.293919003 5.371593, 35.294061256 5.373310116, 35.291772252 5.375816683, 35.289487967 5.380575605, 35.289487967 5.384192386, 35.290249394 5.389141668, 35.291391536 5.394090944, 35.293295105 5.398278798, 35.293485461 5.402085934, 35.292914391 5.406273784, 35.292914391 5.424167331, 35.29367582 5.42968768, 35.296721528 5.432923749, 35.299247492 5.434818222, 35.302727049 5.444039047, 35.305011332 5.456221889, 35.30704129 5.458338226, 35.307381515 5.463951919, 35.306810443 5.469852982, 35.307952584 5.473089049, 35.307952584 5.476896187, 35.306239372 5.482797252, 35.308333299 5.485081533, 35.310113981 5.488781148, 35.312140436 5.494218663, 35.314234361 5.498406515, 35.312140436 5.502784725, 35.30682359 5.50498927, 35.29735806 5.496219482, 34.792327397 5.009877895, 34.37846 4.611326001, 34.213388626 4.448501073, 34.08485 4.302599001, 33.994954104 4.235003934, 33.988520032 4.23139091, 34.048133834 4.176470183, 34.06644437 4.141325461, 34.050289846 4.118431816, 34.063897523 4.091513211, 34.077655 4.084510884, 34.080505234 4.082773223, 34.092378887 4.058596711, 34.092114455 4.046392323, 34.088377316 4.033943518, 34.066212522 4.02745218, 34.059593887 4.025014811, 34.060810547 4.006830444, 34.08287526 3.9995782, 34.106453534 3.973957119, 34.135399429 3.958658903, 34.134776027 3.95536387, 34.134516838 3.953077198, 34.134909571 3.952700074, 34.126857317 3.922336699, 34.120686258 3.898153838, 34.11707609 3.894760386, 34.09219816 3.882562269, 34.090282969 3.865641593, 34.089193042 3.858580793, 34.093422052 3.857204978, 34.098953234 3.860033772, 34.102043943 3.861838814, 34.110178712 3.86573648, 34.120094797 3.867606293, 34.121174837 3.868000906, 34.128567349 3.869457239, 34.153351077 3.866110013, 34.15985108 3.866714241, 34.167673527 3.867194491, 34.171454874 3.873903404, 34.175753273 3.877003658, 34.205332894 3.87941696, 34.216330482 3.878173612, 34.225821926 3.849435774, 34.226769451 3.828320967, 34.180819947 3.828876794, 34.16935464 3.815630041, 34.164659816 3.807785075, 34.159034367 3.80484656, 34.153931356 3.804278532, 34.15452384 3.797253887, 34.15982639 3.798721687, 34.162752877 3.797002276, 34.164238303 3.795042341, 34.171326943 3.797565923, 34.176773528 3.796266282, 34.189405387 3.79244833, 34.189784784 3.79082966, 34.188989179 3.787556583, 34.190903921 3.780141985, 34.166830643 3.770829208, 34.17163501 3.765021998, 34.176867048 3.765757771, 34.186553385 3.768222782, 34.21270802 3.777932237, 34.22109832 3.781501291, 34.22677776 3.779862561, 34.227587913 3.778774284, 34.227577597 3.771436186, 34.229734254 3.771433128, 34.233938029 3.778083871, 34.236142732 3.778172999, 34.240187333 3.780197203, 34.246343187 3.781203342, 34.258435921 3.763736943, 34.258718862 3.76383829, 34.259235921 3.762318019, 34.261784893 3.757563564, 34.267205485 3.745552667, 34.271272905 3.741116266, 34.278531667 3.73419869, 34.284054721 3.728077633, 34.287002611 3.726406149, 34.29823904 3.718424264, 34.308677149 3.709014077, 34.309623043 3.703419926, 34.30639457 3.69135672, 34.305448135 3.68730914, 34.30511675 3.686606877, 34.305131838 3.683137831, 34.308297195 3.683454154, 34.310090991 3.690395379, 34.312040775 3.695854769, 34.315238418 3.700378265, 34.318046105 3.705369707, 34.31843606 3.71160901, 34.3202362 3.719808825, 34.326252568 3.7254055, 34.355563792 3.732487845, 34.365831733 3.732471882, 34.373932908 3.729201866, 34.383113123 3.724844324, 34.39498669 3.715053586, 34.399299622 3.708532144, 34.403613352 3.702553565, 34.405666087 3.690058473, 34.423121027 3.685768724, 34.456511919 3.67363107, 34.463983496 3.666812595, 34.45581598 3.617059584, 34.455861242 3.61671431, 34.453875557 3.608459906, 34.457435213 3.572781387, 34.453429556 3.535463483, 34.452256328 3.514440868, 34.44041451 3.501561985, 34.425533643 3.489026854, 34.396817759 3.485336646, 34.39175821 3.49009592, 34.389730069 3.489080704, 34.39174373 3.48025304, 34.404559821 3.467336419, 34.417365991 3.447971044, 34.420042374 3.430657308, 34.410563071 3.415398042, 34.405307139 3.412623819, 34.402452788 3.412355296, 34.401066019 3.387580433, 34.401375498 3.367894221, 34.415542394 3.355654966, 34.428712478 3.342085557, 34.430376963 3.338323591, 34.433404086 3.329834028, 34.438771088 3.304710222, 34.448191352 3.280259438, 34.450859689 3.257176133, 34.452838778 3.224251199, 34.456152469 3.179305608, 34.461349232 3.171241186, 34.471333187 3.169920447, 34.476880647 3.166508349, 34.482802666 3.162437218, 34.489541568 3.152584966, 34.495599266 3.138660974, 34.51282948 3.146102721, 34.537464911 3.137921136, 34.546574926 3.133834953, 34.559703807 3.10768263, 34.563372303 3.104807501, 34.565323999 3.10178946, 34.573059789 3.0887047, 34.575609621 3.066197816, 34.573501526 3.047376226, 34.574642309 3.042470024, 34.576493226 3.032514011, 34.577332861 3.017799229, 34.585138543 3.00790669, 34.588141891 3.001122567, 34.588920881 2.987946626, 34.589539342 2.979415397, 34.598925774 2.925592763, 34.599626492 2.922306321, 34.59979878 2.921987666, 34.614271954 2.916003873, 34.623090671 2.912155722, 34.632226051 2.908336032, 34.640050691 2.904040601, 34.650171915 2.875311411, 34.653654733 2.864871355, 34.66922806 2.860432663, 34.685732535 2.861353497, 34.693143494 2.86018207, 34.70250558 2.874990706, 34.704121981 2.873791949, 34.707736136 2.871800608, 34.709114772 2.870745777, 34.712469824 2.862569793, 34.716000125 2.86092975, 34.721970166 2.858332454, 34.732578331 2.855038497, 34.737107347 2.852292064, 34.743547246 2.838536674, 34.749878001 2.823453616, 34.750266075 2.823013156, 34.750789172 2.822749177, 34.752702022 2.823140931, 34.755770361 2.825704057, 34.762909575 2.818246629, 34.766728904 2.810794274, 34.767746898 2.80848173, 34.767989141 2.79975095, 34.773083724 2.791269591, 34.776138828 2.785102335, 34.778921657 2.767637381, 34.780957615 2.763012353, 34.784261538 2.752479595, 34.784893212 2.745833157, 34.784551438 2.739995799, 34.782248646 2.727366471, 34.778117636 2.705786211, 34.77710469 2.699751803, 34.77617015 2.695183347, 34.790290889 2.681768013, 34.791179129 2.680687664, 34.791622661 2.679739551, 34.793223947 2.67409195, 34.794964983 2.669381737, 34.799949502 2.653140949, 34.809450678 2.642623754, 34.832372994 2.618186343, 34.839295426 2.60152433, 34.848265189 2.588088808, 34.852944394 2.580881029, 34.869006807 2.567890228, 34.879107715 2.569705543, 34.881285607 2.586724555, 34.894624312 2.590161631, 34.898066468 2.585323759, 34.905915727 2.544557211, 34.913756312 2.513886912, 34.933819628 2.513247091, 34.935454351 2.50879484, 34.937542144 2.497205207, 34.948444417 2.47163237, 34.949302753 2.469508476, 34.952829476 2.469680604, 34.954203495 2.468347205, 34.954898888 2.466204058, 34.952281482 2.460671811, 34.95251943 2.458708756, 34.953649671 2.456031861, 34.951865077 2.454961103, 34.95022899 2.453360683, 34.94884316 2.454092601, 34.947225127 2.453093228, 34.947129948 2.452141444, 34.946505812 2.451598796, 34.945892628 2.451927293, 34.945416736 2.453117022, 34.944322186 2.452450774, 34.943536962 2.451617962, 34.941776163 2.450713766, 34.942037902 2.449405063, 34.943302131 2.448873113, 34.94363214 2.447858414, 34.943121332 2.446126652, 34.939896387 2.448381895, 34.9393967 2.447882209, 34.940039154 2.446668682, 34.939872595 2.445931049, 34.938659067 2.445098239, 34.938135585 2.444527168, 34.937754872 2.443266052, 34.936565143 2.442647394, 34.936017866 2.441671814, 34.936707909 2.439411327, 34.937255185 2.438649899, 34.936422374 2.437650526, 34.935875098 2.436365616, 34.934875727 2.435627984, 34.934518805 2.43705566, 34.933804969 2.437079455, 34.933114923 2.43648459, 34.931401711 2.437198428, 34.931044794 2.436294234, 34.931330327 2.430369375, 34.932163138 2.430083838, 34.932044165 2.429013081, 34.930164391 2.427632995, 34.929141223 2.426252906, 34.928118055 2.42703813, 34.925524442 2.426609827, 34.925381675 2.425753221, 34.926262078 2.425063177, 34.922050429 2.424468312, 34.921312796 2.423802061, 34.920741729 2.422826483, 34.917767399 2.421517781, 34.917124948 2.422636127, 34.916315928 2.422588537, 34.916482493 2.420423228, 34.916434901 2.419043141, 34.916006598 2.417758231, 34.916720436 2.416925421, 34.917243918 2.416806447, 34.916387312 2.414998057, 34.916387312 2.413213462, 34.916910793 2.412118908, 34.916625258 2.409739448, 34.915959009 2.409168378, 34.916768026 2.407764495, 34.915554501 2.407074452, 34.91605419 2.406170256, 34.91586383 2.404861553, 34.914412359 2.402743833, 34.914007851 2.401149594, 34.914745484 2.399103257, 34.914697895 2.397651785, 34.914793073 2.395914779, 34.914555129 2.394939201, 34.914793073 2.394272952, 34.914626511 2.393630497, 34.915625887 2.392726302, 34.917291507 2.392131436, 34.920189524 2.390343892, 34.91865597 2.387993638, 34.918549784 2.387428361, 34.920967891 2.370338431, 34.930061571 2.31487869, 34.937771208 2.263145676, 34.941869947 2.236844861, 34.942846907 2.229867493, 34.946276625 2.208648804, 34.949139606 2.194142619, 34.951534657 2.183496609, 34.953061821 2.175728388, 34.957043299 2.157663224, 34.960386826 2.141776626, 34.968277269 2.106051592, 34.973488507 2.083486486, 34.976698789 2.068302836, 34.978901314 2.058371449, 34.982193578 2.022747456, 34.982355324 2.018552201, 34.984803784 1.994854194, 34.985110872 1.987139908, 34.987259687 1.982527984, 34.988425151 1.977454017, 34.998536269 1.962984251, 35.000964968 1.959708831, 35.001031868 1.758758256, 34.999560523 1.744356529, 34.997605362 1.728951869, 34.996701801 1.719327422, 34.996012425 1.709964608, 34.993809916 1.67984028, 34.992363623 1.665822962, 34.992277445 1.663621799, 34.991998951 1.661656053, 34.988718354 1.654358995, 34.975279975 1.629226524, 34.972355934 1.622475812, 34.96636735 1.611067575, 34.961544896 1.602192884, 34.961089568 1.60120187, 34.957417883 1.59563209, 34.953812862 1.589916268, 34.952231587 1.586686511, 34.94706098 1.577819073, 34.944429547 1.573909564, 34.938019309 1.569581094, 34.924264898 1.559813837, 34.90936912 1.551635674, 34.907362094 1.550338683, 34.906335553 1.550011015, 34.902892033 1.550741779, 34.890990617 1.552559923, 34.878274662 1.538910191, 34.873629332 1.534540548, 34.864836169 1.525644217, 34.861132304 1.512995497, 34.859985716 1.508638318, 34.854886203 1.491037875, 34.84898304 1.46967447, 34.846736409 1.460474838, 34.845301363 1.454936343, 34.844997729 1.454412362, 34.842468853 1.45177761, 34.837173782 1.451069938, 34.833985536 1.45024315, 34.831831022 1.449079059, 34.827660715 1.445201507, 34.827157383 1.444122411, 34.826624791 1.442831524, 34.825138369 1.44097832, 34.823767995 1.438428643, 34.821042163 1.432468557, 34.819594459 1.430419686, 34.817454658 1.428160112, 34.816350116 1.427456781, 34.807367689 1.423950675, 34.805026697 1.422896211, 34.801557332 1.420488957, 34.799550082 1.418690884, 34.798554059 1.41756492, 34.796133321 1.413912708, 34.794607158 1.41087794, 34.794559262 1.409250454, 34.795606964 1.406816179, 34.797299875 1.404264035, 34.799265491 1.402486321, 34.800042191 1.401499825, 34.800631855 1.399918789, 34.80168045 1.398642562, 34.802503283 1.396983113, 34.802782482 1.396075238, 34.803636517 1.394556618, 34.805700765 1.389594225, 34.806987952 1.385148861, 34.807257021 1.381134643, 34.806890934 1.380235111, 34.793844148 1.368312488, 34.787466043 1.363623537, 34.789402633 1.361587829, 34.790679664 1.360140014, 34.79166409 1.359406806, 34.792562022 1.357895978, 34.795213367 1.354430588, 34.799338637 1.34848637, 34.803599168 1.34169205, 34.80467519 1.340298662, 34.806416529 1.337213776, 34.808177595 1.334996989, 34.809478726 1.332744375, 34.810712005 1.331387046, 34.811729507 1.32983094, 34.814606728 1.32660055, 34.815673179 1.325180051, 34.817503467 1.323189295, 34.82133829 1.317136888, 34.824254653 1.313707553, 34.826133419 1.311988058, 34.82826676 1.309002405, 34.829401866 1.307798897, 34.829832002 1.307029952, 34.830216885 1.303104153, 34.830733841 1.30163082, 34.830808862 1.300545648, 34.830454165 1.299252807, 34.830514725 1.298357539, 34.829046802 1.294334621, 34.829002953 1.29348464, 34.829289612 1.292308887, 34.82903321 1.2910431, 34.828737615 1.286474966, 34.828737615 1.282489367, 34.829622082 1.278202082, 34.829755397 1.272188613, 34.830109306 1.271600585, 34.830758167 1.271238417, 34.831343774 1.269591004, 34.831894036 1.268955033, 34.832036976 1.268607578, 34.831206308 1.268034142, 34.831471557 1.266965534, 34.831027846 1.266517235, 34.829428075 1.265475879, 34.82935949 1.264963804, 34.828023779 1.264405464, 34.827645222 1.263445851, 34.82700676 1.263428218, 34.826625845 1.26372137, 34.825703802 1.263275219, 34.825716889 1.262562869, 34.825566985 1.262041767, 34.823889463 1.261749092, 34.823643747 1.26125521, 34.823036427 1.261274392, 34.822212529 1.260812038, 34.8214755 1.260855605, 34.82061288 1.260027945, 34.82052083 1.259647398, 34.819952646 1.259104322, 34.819362539 1.257714718, 34.819495789 1.256820041, 34.819115076 1.255811149, 34.818734361 1.255354292, 34.818639183 1.254269257, 34.81829654 1.253374579, 34.818258469 1.25267026, 34.818826997 1.252165279, 34.818106185 1.249872012, 34.819129354 1.248532863, 34.819145886 1.247889345, 34.818461878 1.247641108, 34.817483516 1.247499523, 34.816824675 1.247165673, 34.816356835 1.246084695, 34.81598282 1.245591317, 34.813810794 1.245557563, 34.81353027 1.245169901, 34.813564677 1.244253117, 34.813470572 1.244052247, 34.813207505 1.243890067, 34.81305489 1.243564286, 34.812319334 1.243038202, 34.812300299 1.242600381, 34.812640559 1.241914845, 34.812254891 1.241456732, 34.81136755 1.241401133, 34.811215264 1.240772955, 34.811272371 1.239345279, 34.811957656 1.238279279, 34.81207187 1.237517853, 34.811310443 1.23673739, 34.810323407 1.236146049, 34.809483017 1.235899819, 34.809494631 1.235006053, 34.808255918 1.233667021, 34.807729738 1.232633085, 34.806946049 1.230706069, 34.807087873 1.230430351, 34.806285023 1.228837577, 34.802135241 1.225601511, 34.80143135 1.225630841, 34.801175393 1.225398146, 34.801033325 1.224833404, 34.800530898 1.224387114, 34.799946139 1.22459262, 34.799546388 1.224440334, 34.797352622 1.221368634, 34.796932009 1.221028069, 34.796652963 1.220366698, 34.795576417 1.21951279, 34.793759538 1.219319734, 34.793055218 1.219452985, 34.792503186 1.219757554, 34.791361042 1.219472021, 34.78867701 1.219833698, 34.788315332 1.220062126, 34.787647588 1.21976494, 34.786830548 1.219757554, 34.786830548 1.220442841, 34.786487906 1.220766445, 34.785669371 1.220956803, 34.784336876 1.222022802, 34.783765802 1.222003766, 34.781891015 1.220426986, 34.779977702 1.219738519, 34.778740381 1.219510092, 34.777350776 1.220233447, 34.776989097 1.220899696, 34.775865992 1.220385734, 34.774476388 1.220804518, 34.772442171 1.217835746, 34.770467946 1.216743969, 34.769032181 1.21629306, 34.766367184 1.217244844, 34.761988975 1.217987235, 34.761246583 1.218386985, 34.756544768 1.218958056, 34.752985095 1.217815915, 34.751386097 1.217587487, 34.750530544 1.21698248, 34.74788353 1.217853986, 34.74669728 1.217401565, 34.74594189 1.217911093, 34.744537658 1.218114775, 34.742420288 1.218158557, 34.742028979 1.217817439, 34.741735005 1.217225808, 34.741030683 1.217416165, 34.740649969 1.217282915, 34.740992612 1.216312095, 34.739888544 1.21619788, 34.739540395 1.2165098, 34.739336506 1.216978344, 34.738098674 1.216949375, 34.737223547 1.216787989, 34.73636694 1.216216916, 34.735662618 1.216388238, 34.735339014 1.217035451, 34.73455855 1.216902202, 34.733816157 1.216312095, 34.73350388 1.215699839, 34.730609975 1.215544164, 34.728848387 1.215817876, 34.727635559 1.215368563, 34.726635892 1.215501493, 34.723599023 1.214416917, 34.722260527 1.21458574, 34.721562747 1.214916972, 34.720717955 1.21479194, 34.719197476 1.214195845, 34.71811637 1.214038479, 34.717502572 1.213361563, 34.714191439 1.212892954, 34.712497021 1.212946132, 34.711188288 1.212422455, 34.710568337 1.212422851, 34.708846271 1.212740465, 34.705476556 1.212541053, 34.704133183 1.212707442, 34.703541925 1.21280714, 34.703012849 1.213089134, 34.701548689 1.213071595, 34.699298076 1.211659664, 34.697667385 1.211381853, 34.697229566 1.211610279, 34.696610824 1.210734387, 34.696006837 1.21044689, 34.694621676 1.210772709, 34.69081454 1.209706711, 34.688130508 1.209059498, 34.685617795 1.209002391, 34.682001014 1.208431322, 34.677013664 1.206984608, 34.675624059 1.207022679, 34.67415831 1.206470645, 34.672045349 1.206223181, 34.670351173 1.205785361, 34.669393139 1.204700589, 34.668748858 1.203545087, 34.668637961 1.20247315, 34.668143035 1.200721866, 34.66629573 1.196290042, 34.665949907 1.194595238, 34.665078287 1.192688807, 34.664849859 1.190042846, 34.660766464 1.186675675, 34.657525022 1.184924714, 34.656998434 1.183851856, 34.655991091 1.181260509, 34.655345247 1.180611225, 34.652793124 1.179743886, 34.651609789 1.178937077, 34.649577535 1.176395398, 34.64779266 1.175580768, 34.644386117 1.174614082, 34.642604682 1.173513007, 34.64149307 1.172568083, 34.640008288 1.170969086, 34.63793419 1.169408876, 34.636008921 1.168719723, 34.635058576 1.168661674, 34.63429758 1.168779983, 34.631594672 1.167432411, 34.629348301 1.166686058, 34.6255602 1.166533771, 34.624113487 1.166134021, 34.622876168 1.16539163, 34.62131524 1.165106095, 34.62079672 1.163985149, 34.618066791 1.161812648, 34.616800503 1.159831144, 34.615887253 1.159178433, 34.615198522 1.1582887, 34.613261408 1.156854121, 34.611169219 1.156425821, 34.609722506 1.155740536, 34.607818938 1.155588251, 34.606848117 1.155359821, 34.605891931 1.154560588, 34.60317423 1.153836967, 34.601480053 1.153551432, 34.600147556 1.153151683, 34.598263024 1.15294229, 34.596162244 1.151760762, 34.592998453 1.150775606, 34.591600531 1.150524758, 34.590613678 1.149715642, 34.588964534 1.149067618, 34.587755322 1.149116117, 34.586926114 1.148876102, 34.585356829 1.14896383, 34.583948185 1.148887688, 34.582520508 1.148031081, 34.581787177 1.147984229, 34.580662595 1.147466892, 34.578049501 1.146938911, 34.577506985 1.146667652, 34.577571229 1.146018059, 34.576895224 1.144761703, 34.576980887 1.144133525, 34.576595412 1.14380516, 34.5762956 1.141463771, 34.576224219 1.140136031, 34.57673818 1.137594767, 34.576524028 1.135153439, 34.576723903 1.133026202, 34.577723277 1.131941168, 34.57825886 1.130008446, 34.577109376 1.127558199, 34.576995162 1.12627329, 34.577480572 1.124074669, 34.57657295 1.112398339, 34.575370197 1.099882262, 34.575205435 1.099457289, 34.534358686 1.10351001, 34.533949052 1.103857007, 34.533460703 1.103523544, 34.527484235 1.104051544, 34.526752846 1.103393823, 34.526581521 1.103051179, 34.527048607 1.101541876, 34.526752105 1.101231654, 34.523654785 1.10031004, 34.523340696 1.099981674, 34.523112269 1.098354123, 34.522441259 1.097897267, 34.522255662 1.097240535, 34.521544016 1.097134951, 34.521527546 1.096398206, 34.519410252 1.092034935, 34.519107634 1.091615491, 34.519200433 1.091294262, 34.519007697 1.09068036, 34.519243265 1.089895139, 34.519600183 1.089809479, 34.519033001 1.088961638, 34.518797394 1.088457914, 34.518750718 1.086732837, 34.518929175 1.086261703, 34.518786407 1.085876231, 34.517672819 1.084662705, 34.517316767 1.084447935, 34.517036142 1.083843444, 34.516730553 1.083684746, 34.51608096 1.083013738, 34.516052406 1.08265682, 34.515731179 1.081885874, 34.514911769 1.08000027, 34.513717548 1.078262353, 34.513689602 1.078038286, 34.513438744 1.077968544, 34.513239884 1.077488631, 34.512929419 1.077271725, 34.512825857 1.076967528, 34.512476078 1.077067466, 34.512461803 1.076681993, 34.510396393 1.075567359, 34.508685595 1.07413359, 34.508642765 1.073576797, 34.507821851 1.072798712, 34.50716512 1.071735093, 34.506379897 1.070657197, 34.506115777 1.070707166, 34.505812455 1.070156154, 34.505152096 1.069636408, 34.50460244 1.068758386, 34.503610206 1.067858951, 34.503474576 1.067173667, 34.502846401 1.06658832, 34.502974889 1.066017247, 34.503481714 1.065538976, 34.502832121 1.064839415, 34.502939197 1.063504537, 34.502468067 1.062826392, 34.502339573 1.06243378, 34.502425235 1.062241044, 34.501916029 1.061108419, 34.500811961 1.060099528, 34.499888728 1.058224513, 34.499908797 1.0575856, 34.500678712 1.056273356, 34.500869067 1.055273982, 34.500621602 1.054655321, 34.499242443 1.0534075, 34.497775263 1.051508929, 34.497439731 1.049763559, 34.497419916 1.048244143, 34.496998965 1.04700213, 34.496976268 1.046374798, 34.496262431 1.045889388, 34.496062353 1.043978798, 34.495662805 1.043348123, 34.495777021 1.042910301, 34.495053663 1.042424891, 34.494440143 1.041399461, 34.494435005 1.040997216, 34.493797308 1.040464217, 34.49361647 1.040016878, 34.49392104 1.038170417, 34.493762894 1.037456142, 34.493255376 1.03657005, 34.493078726 1.03590086, 34.493369008 1.034344244, 34.493248811 1.033725478, 34.493473701 1.033316315, 34.493101673 1.032714931, 34.493235755 1.032183693, 34.493121541 1.031907674, 34.492820186 1.031840124, 34.492483845 1.031089139, 34.492569508 1.03011832, 34.491979399 1.029195089, 34.491907678 1.028331392, 34.492179276 1.027348627, 34.492054596 1.026995394, 34.492141205 1.026482503, 34.491979399 1.025016755, 34.491406595 1.024361206, 34.491370257 1.023636668, 34.491024376 1.022172921, 34.491159007 1.020861204, 34.490835527 1.01961325, 34.490892678 1.017480421, 34.489610494 1.015417292, 34.489432282 1.014992296, 34.489629471 1.012713054, 34.489609698 1.011220761, 34.48935512 1.010160837, 34.489248309 1.009119204, 34.489039045 1.008552973, 34.488739577 1.008218472, 34.488714808 1.005867341, 34.488549757 1.005118744, 34.488563366 1.003130873, 34.488777156 1.000693642, 34.488284006 0.999842619, 34.488247693 0.99925602, 34.487877097 0.998613315, 34.487739207 0.997827088, 34.488319839 0.996843289, 34.489311099 0.995474864, 34.489239649 0.99518548, 34.488597425 0.994398923, 34.488454044 0.992743891, 34.488844539 0.989442563, 34.488701053 0.987543336, 34.488736586 0.986629849, 34.489056838 0.98572528, 34.489021286 0.985336392, 34.489412903 0.984540322, 34.489697446 0.982894143, 34.489554315 0.981781763, 34.490124322 0.980560532, 34.490088734 0.980090248, 34.489517692 0.978978064, 34.488946683 0.977938231, 34.488910195 0.976699184, 34.488517117 0.974185059, 34.488516976 0.973868508, 34.488124223 0.973362205, 34.488017274 0.972792466, 34.488230756 0.971716106, 34.48808796 0.971354397, 34.487552553 0.970811979, 34.487231287 0.969772075, 34.486803236 0.969093905, 34.487052067 0.967945174, 34.486694953 0.966742446, 34.486124229 0.966344747, 34.485945728 0.965232383, 34.485945199 0.964011409, 34.485588187 0.963043828, 34.485498649 0.962505721, 34.484446156 0.960891795, 34.484088878 0.959309204, 34.483481973 0.958341734, 34.483303179 0.956532958, 34.48355188 0.955058632, 34.483230349 0.953014764, 34.483301313 0.952191704, 34.482515978 0.950247528, 34.4818024 0.949316274, 34.481376557 0.947873213, 34.48151539 0.945246471, 34.480608425 0.943323666, 34.480087698 0.942117762, 34.480397226 0.940472517, 34.480656563 0.938138033, 34.480656206 0.937287872, 34.480085042 0.935822941, 34.479906045 0.934819099, 34.479335211 0.934131976, 34.478407748 0.933345516, 34.477872771 0.932450358, 34.476660289 0.929592874, 34.475257171 0.927413788, 34.474709478 0.925650374, 34.472616587 0.923028401, 34.47149728 0.918651418, 34.46952313 0.916626305, 34.469190403 0.915930031, 34.46800094 0.914356809, 34.467002187 0.913615583, 34.466597171 0.911915415, 34.465764763 0.910088798, 34.46469439 0.908605963, 34.462886883 0.907593734, 34.461793445 0.907386162, 34.460176028 0.905686478, 34.45939135 0.905243623, 34.458963077 0.904330317, 34.458082666 0.901816337, 34.457060227 0.900812824, 34.455823376 0.900071681, 34.453351151 0.899475748, 34.451733929 0.898246357, 34.451234443 0.89759536, 34.450972097 0.89592225, 34.452396993 0.89220443, 34.452538895 0.890332184, 34.452348656 0.889237885, 34.452443213 0.888351496, 34.451967083 0.887103556, 34.451585906 0.884535097, 34.450657708 0.881804052, 34.44854063 0.878901626, 34.447588977 0.876478093, 34.447445763 0.874976775, 34.447040905 0.873575049, 34.447110928 0.870201451, 34.447705192 0.869088755, 34.447898203 0.865715112, 34.447683334 0.864783617, 34.447374344 0.864431006, 34.447207071 0.863137717, 34.447135644 0.862848321, 34.447277318 0.861794684, 34.44718221 0.861247442, 34.446539979 0.860270887, 34.444743612 0.859023444, 34.444495445 0.85902354, 34.444234229 0.858788485, 34.443971535 0.857594716, 34.443805176 0.857233005, 34.443780689 0.856328568, 34.443524505 0.855737553, 34.44244857 0.8551032, 34.44196627 0.854860681, 34.441184501 0.854494644, 34.440843858 0.853927637, 34.440324502 0.853787812, 34.439876351 0.854060633, 34.438237977 0.853676586, 34.437885419 0.853951918, 34.436770171 0.853491489, 34.436484634 0.853569167, 34.435478053 0.852789295, 34.433882318 0.852310797, 34.433342705 0.851749763, 34.432304694 0.851768405, 34.430591358 0.851988068, 34.429752565 0.851399771, 34.429090543 0.850779465, 34.427893335 0.850971191, 34.426494785 0.850115517, 34.425944299 0.849557786, 34.42617078 0.849128793, 34.425762779 0.849001183, 34.425258476 0.849245366, 34.424366462 0.84846328, 34.423319334 0.848354162, 34.423128859 0.848094146, 34.422942711 0.847263771, 34.422688755 0.846949023, 34.422271823 0.847195574, 34.422011234 0.847405229, 34.421316127 0.847337743, 34.42138667 0.846758869, 34.421671138 0.846089466, 34.421481163 0.845637312, 34.42165802 0.844000188, 34.421419595 0.84311391, 34.420516573 0.843014755, 34.420231748 0.842707346, 34.419874319 0.841947735, 34.419327824 0.841676598, 34.418543761 0.841342239, 34.418376897 0.841107143, 34.418519366 0.840654864, 34.417833927 0.839466443, 34.417477655 0.839735623, 34.417180501 0.840210969, 34.416546434 0.840290372, 34.415815521 0.840377497, 34.415154524 0.839973165, 34.414935495 0.839413306, 34.415024371 0.838475935, 34.415319623 0.837734936, 34.415332798 0.836784965, 34.415189894 0.836043362, 34.41501109 0.835410309, 34.414404275 0.834487985, 34.414470756 0.83400833, 34.415132395 0.833643174, 34.415853306 0.833283773, 34.416087216 0.832514733, 34.414663072 0.831584216, 34.414069519 0.831168753, 34.413214203 0.830997217, 34.410911854 0.829766323, 34.409886519 0.8297774, 34.409102351 0.829135516, 34.408786994 0.828470523, 34.409082195 0.827561135, 34.408085351 0.82662893, 34.40718764 0.826567545, 34.406474864 0.82613366, 34.406382579 0.825008261, 34.406661235 0.824620878, 34.408646411 0.825114095, 34.408992485 0.824934361, 34.408874734 0.824294541, 34.409276008 0.823166033, 34.409242161 0.822655461, 34.408881116 0.822420285, 34.409156251 0.821158181, 34.409882554 0.820303457, 34.410222423 0.819562441, 34.41080226 0.819427527, 34.411259454 0.819360012, 34.412658163 0.81803656, 34.413979813 0.817523649, 34.414252841 0.816990334, 34.414146676 0.816350511, 34.41433613 0.815996835, 34.413895363 0.81519997, 34.412686926 0.815022661, 34.412183385 0.814633681, 34.411664701 0.814252193, 34.411056672 0.813494677, 34.411117818 0.812955823, 34.41209883 0.812001297, 34.412622673 0.811176026, 34.413498024 0.811035398, 34.414736338 0.809052159, 34.414492771 0.808367276, 34.414064604 0.807625771, 34.412476222 0.806921555, 34.412197238 0.806354756, 34.410369026 0.806089492, 34.408159005 0.805249116, 34.406210239 0.80479757, 34.402277072 0.803134728, 34.401706497 0.803044482, 34.400579513 0.802218559, 34.398949011 0.800730011, 34.397594472 0.80055863, 34.395394965 0.799630784, 34.395121968 0.799746829, 34.395075461 0.800855935, 34.395347345 0.801745851, 34.395128211 0.802246472, 34.394637532 0.8022298, 34.394558183 0.801515723, 34.394152083 0.801197198, 34.39406627 0.800813094, 34.393577697 0.80098411, 34.393093866 0.801104131, 34.392401115 0.800754384, 34.391949488 0.800805055, 34.391916202 0.801298999, 34.392329287 0.802696465, 34.392053479 0.802962942, 34.390729096 0.802932754, 34.390357466 0.80274794, 34.389135424 0.801596443, 34.387896096 0.801393961, 34.387507836 0.801221249, 34.385880253 0.800864843, 34.385335068 0.800245042, 34.385196608 0.799196747, 34.384408904 0.798903932, 34.384531449 0.797013866, 34.384560424 0.794357303, 34.38430629 0.793825082, 34.384160172 0.791806095, 34.383943168 0.790280623, 34.382894093 0.789728625, 34.381677238 0.789751578, 34.380893766 0.790950487, 34.380651563 0.792220606, 34.379744942 0.793517249, 34.379682038 0.795166816, 34.379375962 0.795193222, 34.378677306 0.794405663, 34.378147348 0.793544088, 34.377226147 0.793713621, 34.376919287 0.793555775, 34.376309873 0.790595059, 34.375092609 0.789389305, 34.374730218 0.788427504, 34.374297189 0.788322437, 34.373688321 0.788426015, 34.372535198 0.787879637, 34.372596884 0.787007367, 34.373187793 0.785955568, 34.373453892 0.783899899, 34.373015195 0.783227668, 34.372720298 0.783186434, 34.372242552 0.78331059, 34.371730631 0.781664963, 34.370961434 0.780876138, 34.370453751 0.780771096, 34.370113908 0.780260184, 34.369445763 0.780290466, 34.368997861 0.780387608, 34.36863934 0.77981728, 34.368127931 0.779742297, 34.368146462 0.779321451, 34.36831805 0.77896443, 34.367578741 0.778258257, 34.367384748 0.77859274, 34.367224508 0.779419449, 34.366772878 0.779509778, 34.365324492 0.77923595, 34.364453602 0.778443284, 34.364614729 0.777541538, 34.363285774 0.776621366, 34.362628222 0.775374088, 34.361825238 0.773984061, 34.361336241 0.773957915, 34.360616202 0.775130503, 34.359597353 0.775720766, 34.359063486 0.775450395, 34.3585182 0.77448864, 34.356115031 0.773829906, 34.354639766 0.773734728, 34.354546066 0.772907999, 34.354930341 0.772291637, 34.355001047 0.771607741, 34.354720963 0.771205773, 34.352843537 0.771642251, 34.351100411 0.771849476, 34.350316425 0.771500276, 34.350118637 0.771646883, 34.350342815 0.772323174, 34.350107677 0.772402158, 34.349514076 0.772105502, 34.348866609 0.771975434, 34.348483605 0.771365593, 34.347501385 0.771997722, 34.346311653 0.772211874, 34.345740581 0.772140489, 34.344469319 0.770406824, 34.344223661 0.769752856, 34.343780709 0.769200691, 34.342100006 0.768856833, 34.33912568 0.769404109, 34.337317289 0.768666475, 34.337425568 0.768343166, 34.338078717 0.768476119, 34.338124114 0.767637333, 34.337576408 0.767274429, 34.33634171 0.767262594, 34.33547487 0.765949554, 34.334380266 0.765865601, 34.33360533 0.766905676, 34.332941124 0.765502691, 34.332575346 0.765478581, 34.332230876 0.765858782, 34.331555113 0.765755056, 34.331208715 0.766157285, 34.330765857 0.765895804, 34.330635865 0.765755347, 34.329389379 0.765862323, 34.328632257 0.766453577, 34.326728688 0.765834918, 34.322540837 0.765311437, 34.322243018 0.764976855, 34.323635389 0.764454831, 34.323157275 0.76351992, 34.321672857 0.763856239, 34.320732446 0.765121079, 34.319959945 0.764770011, 34.319162002 0.765002107, 34.318797503 0.763732599, 34.318602252 0.762698662, 34.318091245 0.762479877, 34.317591558 0.762789207, 34.317187051 0.7632651, 34.3156404 0.761694656, 34.314702998 0.761024337, 34.314822718 0.7602205, 34.314165134 0.759910059, 34.313879599 0.759505551, 34.31424482 0.758292307, 34.315045535 0.758529972, 34.315283483 0.758458587, 34.315253069 0.757722167, 34.313784422 0.756840555, 34.313218575 0.756087571, 34.313187639 0.7558425, 34.313808218 0.755246316, 34.313342094 0.75335382, 34.312826599 0.753370713, 34.312372179 0.753739126, 34.312161474 0.753504836, 34.312277509 0.752271642, 34.311135262 0.750988613, 34.311035077 0.749627148, 34.310829658 0.748533549, 34.310741531 0.747967417, 34.310424621 0.747889023, 34.310243783 0.747565416, 34.310665145 0.746711435, 34.311547728 0.745776061, 34.311519173 0.745442936, 34.311119425 0.745128849, 34.31126145 0.744833749, 34.310795817 0.744234171, 34.310360875 0.741830607, 34.309701267 0.739970175, 34.309596569 0.739218267, 34.310139086 0.737904804, 34.310210473 0.737233797, 34.309389556 0.736853082, 34.309779892 0.735889368, 34.309750378 0.734822069, 34.309590805 0.734572383, 34.309575446 0.733863357, 34.308378286 0.732058468, 34.308152236 0.730916327, 34.308331605 0.730146249, 34.307894673 0.729035805, 34.308057058 0.728417894, 34.308699513 0.727751644, 34.309581588 0.727106361, 34.309839732 0.726097671, 34.309615004 0.725285251, 34.309110625 0.72508233, 34.30913734 0.724452801, 34.308659855 0.72338052, 34.308038702 0.722458578, 34.307616857 0.721565044, 34.307819111 0.71766273, 34.308437771 0.714997733, 34.308929029 0.714190765, 34.309472837 0.712808629, 34.310091499 0.713141753, 34.310618427 0.712905895, 34.310657089 0.712607401, 34.310200345 0.711938207, 34.30933007 0.709060979, 34.310099096 0.707752076, 34.310049668 0.706504382, 34.30986271 0.706317623, 34.30910402 0.70640788, 34.308866074 0.705955781, 34.310140048 0.704831221, 34.310412262 0.704263591, 34.310505255 0.703904002, 34.311221369 0.70361733, 34.312137833 0.702767303, 34.312993979 0.701372908, 34.31400571 0.698317712, 34.313743969 0.697806128, 34.313446537 0.697699052, 34.3132905 0.697965171, 34.313355064 0.69864254, 34.312576565 0.698709186, 34.312433803 0.698445364, 34.312409909 0.698014605, 34.312114041 0.697651461, 34.312181071 0.696978501, 34.311864195 0.696568807, 34.312006965 0.695724099, 34.312375779 0.695628919, 34.312982542 0.695878765, 34.313235474 0.695403177, 34.313293715 0.694815242, 34.312730296 0.694209387, 34.311578662 0.694022784, 34.311067076 0.694320217, 34.310779725 0.695014935, 34.310457856 0.695015025, 34.309127816 0.694367806, 34.308687615 0.694415395, 34.308573513 0.694884479, 34.308011639 0.694919864, 34.307641477 0.694581656, 34.307664446 0.694022784, 34.307236143 0.693701557, 34.306534202 0.693665866, 34.306355744 0.694046578, 34.306641278 0.694510575, 34.306474718 0.695010261, 34.305737085 0.694736622, 34.305290117 0.694719314, 34.305057 0.694091903, 34.304284236 0.693589556, 34.304297509 0.693178074, 34.304892374 0.692904438, 34.305044911 0.693356011, 34.3053361 0.693242255, 34.305415858 0.692952027, 34.304693792 0.69219978, 34.3043451 0.691238815, 34.303714543 0.691096048, 34.303241222 0.690770407, 34.302382043 0.690548772, 34.301532188 0.690531209, 34.301369032 0.690133251, 34.300719623 0.690138146, 34.299062695 0.691357788, 34.298872338 0.691333993, 34.298884725 0.689435244, 34.298472974 0.689247662, 34.2975604 0.689182255, 34.297461275 0.688936261, 34.298003835 0.688835559, 34.298206089 0.688490537, 34.297817603 0.687843265, 34.296996763 0.687746599, 34.295229403 0.688320037, 34.294976929 0.688235587, 34.294810114 0.68764161, 34.29482115 0.687394442, 34.294608359 0.68701954, 34.294836282 0.686700688, 34.295383599 0.686407126, 34.295886114 0.68636092, 34.296148921 0.684753578, 34.295777298 0.684558154, 34.295092213 0.68467182, 34.294779667 0.685278265, 34.294286077 0.685661163, 34.294125314 0.686241947, 34.293827883 0.686491789, 34.29356614 0.686420407, 34.293814573 0.685791078, 34.293149734 0.685313957, 34.293137837 0.68489755, 34.293506656 0.684885654, 34.293792189 0.685385341, 34.294208594 0.6851236, 34.293634628 0.684048675, 34.292867946 0.683617503, 34.292305026 0.683767308, 34.291983798 0.683660232, 34.291849331 0.683253505, 34.291329447 0.68331521, 34.290831466 0.68298108, 34.28972331 0.683231929, 34.289068227 0.6828334, 34.288557375 0.682934496, 34.28835512 0.68282742, 34.288581169 0.682446705, 34.288818681 0.682472673, 34.289233771 0.682211727, 34.289449673 0.681839945, 34.289306905 0.681637691, 34.288283952 0.681263697, 34.287967923 0.680685461, 34.287707161 0.680318296, 34.286719417 0.680056958, 34.286439654 0.680483651, 34.285586346 0.680146705, 34.285119053 0.680733494, 34.284603225 0.680550131, 34.284080058 0.681265096, 34.284135311 0.681466912, 34.283846045 0.682101684, 34.283572404 0.682173069, 34.283106717 0.681843409, 34.282668211 0.681816148, 34.282162257 0.681011057, 34.281918139 0.679945805, 34.281529694 0.68000967, 34.281341791 0.680121748, 34.281216737 0.680507446, 34.280919305 0.680471755, 34.280767502 0.6798366, 34.280157877 0.679948272, 34.279622498 0.67965084, 34.279289374 0.679853094, 34.278563638 0.679293921, 34.278218616 0.678318342, 34.278254308 0.677937628, 34.2778498 0.677223789, 34.278040157 0.676854974, 34.277534391 0.674513399, 34.278052054 0.673833056, 34.278956249 0.673000246, 34.279063325 0.672738505, 34.278512642 0.671449825, 34.278658817 0.670894424, 34.278136574 0.670395784, 34.27882538 0.670347148, 34.278904071 0.670117766, 34.27921799 0.669978331, 34.279348861 0.669740384, 34.279136355 0.66949607, 34.27908712 0.669157416, 34.279301271 0.669086034, 34.279681987 0.669335876, 34.279931828 0.669109827, 34.279824753 0.668693422, 34.280062699 0.668491167, 34.279991316 0.668134249, 34.279520886 0.667934337, 34.279606938 0.667636746, 34.279919931 0.66755128, 34.28014598 0.667182465, 34.28027685 0.667349025, 34.280241158 0.667598871, 34.28071705 0.667063492, 34.280226209 0.666318513, 34.280359713 0.665643381, 34.280719868 0.665610979, 34.281121559 0.66574289, 34.280931202 0.666254474, 34.281192943 0.666397241, 34.281466581 0.666147398, 34.281350887 0.664996964, 34.281329367 0.664519531, 34.281537965 0.663220662, 34.281109662 0.663125484, 34.280978791 0.663387224, 34.281228635 0.66383932, 34.281062074 0.664231932, 34.28027685 0.664469877, 34.280241158 0.663910705, 34.28071705 0.662863742, 34.280669461 0.662566309, 34.28041459 0.662290025, 34.280370458 0.66188808, 34.28014598 0.66115053, 34.279515423 0.661114839, 34.27882538 0.661376579, 34.278480287 0.660688805, 34.278357702 0.659824893, 34.278168598 0.659412114, 34.279919931 0.65704596, 34.280360131 0.65722442, 34.280348234 0.656225047, 34.279661879 0.656037346, 34.279537756 0.656431344, 34.279622498 0.657069756, 34.279432142 0.657117344, 34.279187792 0.656773371, 34.279241785 0.656201251, 34.27905143 0.656046586, 34.278481634 0.656396629, 34.278575536 0.656938884, 34.278278103 0.657057858, 34.27802826 0.656403505, 34.277135964 0.656046586, 34.27692311 0.65564677, 34.278206545 0.654404378, 34.278658817 0.654250093, 34.279015736 0.654571321, 34.279241785 0.65453563, 34.279249391 0.653918705, 34.279539217 0.653536254, 34.27952732 0.652275141, 34.278884866 0.652441703, 34.278623127 0.6520134, 34.278160667 0.651611551, 34.278169545 0.651461974, 34.278706406 0.651180589, 34.278772593 0.650293979, 34.279194195 0.649931372, 34.279170401 0.649657734, 34.278807971 0.649559231, 34.279020952 0.649156204, 34.279559922 0.648987345, 34.279812855 0.649074765, 34.279872342 0.648860614, 34.279543682 0.648548632, 34.2790989 0.648419406, 34.278721226 0.64731864, 34.278920558 0.647183095, 34.278658817 0.646826174, 34.278192948 0.646579548, 34.278242837 0.646310341, 34.279310139 0.646100122, 34.27967963 0.645697638, 34.279458983 0.644668255, 34.278818225 0.644050161, 34.278361384 0.644101693, 34.278385179 0.643542518, 34.27807459 0.643328557, 34.278111541 0.643102319, 34.278456563 0.643090421, 34.278563638 0.642911962, 34.277892891 0.642637088, 34.277651213 0.642420508, 34.277310374 0.642538924, 34.277198662 0.642346667, 34.277615853 0.64203004, 34.278059577 0.64204176, 34.277927255 0.641692733, 34.277390152 0.641497258, 34.277213058 0.641169316, 34.277318818 0.64105688, 34.277730827 0.641079777, 34.277956876 0.640901318, 34.277542009 0.640497731, 34.277571298 0.640116119, 34.277339115 0.639962352, 34.276965969 0.640157686, 34.276552994 0.639568819, 34.276124691 0.639533128, 34.275601209 0.640163685, 34.275361509 0.640095967, 34.275172906 0.639711586, 34.274994448 0.639640204, 34.274839782 0.640127991, 34.274191826 0.640049441, 34.273783528 0.640185109, 34.273767774 0.639902664, 34.274137841 0.639794868, 34.274090252 0.639568819, 34.273448376 0.63954919, 34.273557022 0.639226721, 34.274280608 0.63934277, 34.274304403 0.639164311, 34.273696956 0.638873299, 34.272842929 0.639123364, 34.272764869 0.639346605, 34.272884349 0.640256334, 34.273104833 0.640620132, 34.273102778 0.641044085, 34.272162888 0.640865625, 34.271770061 0.64025385, 34.270949364 0.640116095, 34.270794698 0.639901943, 34.271051974 0.639365747, 34.271829767 0.638533752, 34.272045753 0.638104879, 34.272484115 0.637903195, 34.272312715 0.637592267, 34.272089716 0.637509622, 34.271689068 0.637678655, 34.271556126 0.63828391, 34.270494804 0.638682936, 34.270449676 0.639461743, 34.26999758 0.639616408, 34.269264783 0.638855817, 34.26871267 0.638819289, 34.268365619 0.637418369, 34.267760886 0.636630184, 34.267451557 0.63665398, 34.267332583 0.637272639, 34.266713925 0.637284537, 34.266642539 0.637843711, 34.266047673 0.637879402, 34.263299397 0.637046589, 34.261479108 0.637153665, 34.261241162 0.636975207, 34.26169326 0.636094805, 34.261365765 0.635189185, 34.261239744 0.635091095, 34.260289378 0.635154919, 34.259551745 0.635024047, 34.259187751 0.634634743, 34.258177968 0.634325611, 34.257630596 0.633565122, 34.258147863 0.633215657, 34.257750026 0.632657242, 34.256743981 0.633096685, 34.256529829 0.632799251, 34.256671293 0.632006736, 34.256602787 0.6319272, 34.255887375 0.632049721, 34.255691085 0.631506928, 34.254840412 0.631442961, 34.254431748 0.63062698, 34.253817244 0.630836197, 34.253460325 0.630800506, 34.253377044 0.630348408, 34.252687003 0.629908207, 34.252423088 0.62942387, 34.25188988 0.629539392, 34.251651657 0.62878975, 34.250902404 0.629253855, 34.250302243 0.628523548, 34.249903031 0.628920731, 34.249212987 0.629063499, 34.248885092 0.628781211, 34.247678236 0.629075395, 34.247719811 0.629872432, 34.247467908 0.630255408, 34.24659558 0.63046738, 34.245904963 0.630448327, 34.245025138 0.630741019, 34.244693255 0.631610784, 34.244040038 0.63159896, 34.243692637 0.631347782, 34.242948304 0.632267579, 34.242241166 0.632228182, 34.242196639 0.63257664, 34.241866775 0.632495639, 34.241551122 0.632168695, 34.241301281 0.632549409, 34.241464144 0.632858674, 34.241216558 0.632887479, 34.240873406 0.632499741, 34.240504159 0.632442333, 34.240432776 0.632085415, 34.240599338 0.631514342, 34.241003595 0.631600094, 34.24080785 0.631017126, 34.240635165 0.630631066, 34.240938053 0.63017153, 34.240588544 0.629529329, 34.240159138 0.629194369, 34.240159138 0.628730374, 34.240607857 0.628692844, 34.240718311 0.628456736, 34.24055175 0.628194995, 34.240099651 0.62821879, 34.240017166 0.628530823, 34.239147867 0.628337762, 34.239231148 0.628123611, 34.23969484 0.627889968, 34.239541364 0.627635182, 34.239112175 0.627659617, 34.238963507 0.627174886, 34.238731461 0.627124238, 34.238809949 0.627501567, 34.237767779 0.627481156, 34.237776935 0.627025563, 34.237553628 0.626838703, 34.236887379 0.627100444, 34.236588133 0.626698556, 34.23623213 0.626843364, 34.235840416 0.626684039, 34.235983185 0.626124865, 34.236708919 0.625910714, 34.236637535 0.625553794, 34.236081341 0.62557422, 34.235513838 0.626157371, 34.234960015 0.625910714, 34.234829148 0.626124865, 34.235122747 0.62666712, 34.234938814 0.627377591, 34.234519815 0.62777859, 34.233497386 0.627547818, 34.232813469 0.627338482, 34.232725712 0.62708468, 34.232318814 0.627064751, 34.232138733 0.626405279, 34.231438413 0.626267632, 34.231295646 0.625767945, 34.230938726 0.625922611, 34.230684076 0.626313434, 34.230165401 0.626576963, 34.22995125 0.626386605, 34.229986942 0.626124865, 34.230301468 0.625965559, 34.230539105 0.625301404, 34.229853766 0.625289813, 34.229439666 0.62530395, 34.229249309 0.625815535, 34.228683017 0.625704889, 34.228549767 0.625857175, 34.228911448 0.626199818, 34.228649705 0.626404451, 34.228421277 0.626223612, 34.22818809 0.626285478, 34.228235678 0.626613843, 34.227969179 0.627056424, 34.228349896 0.627175396, 34.228402241 0.627437136, 34.228164295 0.627627494, 34.227759786 0.627261057, 34.227367565 0.627155446, 34.227098296 0.627322923, 34.227288653 0.627508521, 34.227371662 0.627912215, 34.227142316 0.628076022, 34.226832987 0.628010586, 34.226731083 0.627649817, 34.226462678 0.627970347, 34.226022339 0.628702745, 34.225518814 0.628532199, 34.225375566 0.628343711, 34.225161418 0.628421044, 34.224973658 0.629606754, 34.224810445 0.629860619, 34.224524909 0.629777337, 34.224596293 0.629473956, 34.224435679 0.629307394, 34.224431432 0.628952937, 34.223763483 0.629164626, 34.223544325 0.629611827, 34.223358973 0.629652416, 34.223198359 0.629420419, 34.223348939 0.629026335, 34.223037746 0.629045653, 34.22275221 0.629444213, 34.222555905 0.629360931, 34.222576967 0.629029427, 34.222246575 0.628974268, 34.222085961 0.629801132, 34.221425663 0.629926052, 34.221050896 0.629473956, 34.221003309 0.630229434, 34.220598798 0.630503074, 34.220313263 0.630294871, 34.220218085 0.629902259, 34.220045576 0.629801132, 34.22019429 0.629236011, 34.219736247 0.629200318, 34.219777884 0.628635196, 34.219862565 0.628415208, 34.219242506 0.627493054, 34.218748768 0.627415723, 34.218594102 0.627689359, 34.217654215 0.627510901, 34.217362732 0.6270707, 34.217511448 0.626808959, 34.217793397 0.626735422, 34.217814831 0.626059429, 34.217291347 0.625988044, 34.217332988 0.625827433, 34.217623896 0.625713096, 34.217451961 0.625464563, 34.217606629 0.625167132, 34.217154529 0.624964878, 34.216904685 0.62434027, 34.217434115 0.62450683, 34.217446012 0.624209399, 34.217065328 0.623464388, 34.217092099 0.623158034, 34.216919586 0.622961729, 34.216637025 0.622911164, 34.216532924 0.622711883, 34.216767361 0.62218235, 34.216193851 0.621867175, 34.216205748 0.622937933, 34.216015391 0.623461414, 34.215480013 0.623568489, 34.214486588 0.623497108, 34.21421295 0.623681514, 34.213980952 0.623610132, 34.21368352 0.622741629, 34.213325732 0.622476609, 34.213055398 0.622688238, 34.212862605 0.62321752, 34.212511636 0.623140186, 34.212315331 0.622931984, 34.212305439 0.622438981, 34.211882758 0.62283699, 34.211732361 0.623544696, 34.210982831 0.624038435, 34.210227352 0.624270431, 34.210167866 0.624466738, 34.210330729 0.624968193, 34.210114328 0.625234113, 34.209793101 0.625192473, 34.209680076 0.624835552, 34.209771569 0.624129318, 34.209609585 0.624004089, 34.209055468 0.62396705, 34.20887106 0.624222843, 34.208621216 0.625031859, 34.207633742 0.62476417, 34.207919471 0.625881025, 34.207776508 0.626144258, 34.207074567 0.62590631, 34.206670856 0.625235377, 34.205896733 0.625483956, 34.205813453 0.625257908, 34.205914579 0.624883144, 34.206217961 0.624692786, 34.206568933 0.624752272, 34.206919902 0.624609505, 34.207098362 0.624103868, 34.20605735 0.623675565, 34.205938376 0.623086649, 34.206455908 0.622325223, 34.205730174 0.62211702, 34.205474379 0.621724408, 34.204748644 0.622343069, 34.203606505 0.622313325, 34.203142507 0.621760099, 34.203071126 0.622188402, 34.203494404 0.622895408, 34.20349348 0.623253211, 34.203005688 0.623265109, 34.202666615 0.623050958, 34.202476258 0.622414452, 34.202143134 0.622491784, 34.202143134 0.622973626, 34.202803434 0.623610132, 34.202517899 0.623978947, 34.201298425 0.624335868, 34.200977198 0.623877819, 34.200507256 0.625210318, 34.200697611 0.625793285, 34.20043587 0.626078822, 34.20017413 0.625977695, 34.200013516 0.625329291, 34.199603059 0.625222216, 34.199139067 0.625311447, 34.198942759 0.624984271, 34.199125223 0.624488507, 34.198871375 0.623907564, 34.198966553 0.623556593, 34.198716713 0.623491159, 34.198222972 0.624139562, 34.197848208 0.624175253, 34.197945738 0.624691375, 34.197800617 0.624817707, 34.197419905 0.624579761, 34.197384212 0.624145511, 34.197594051 0.623498939, 34.197271187 0.623021214, 34.197294982 0.622557219, 34.197015398 0.622432299, 34.196598989 0.622818959, 34.196218276 0.622705936, 34.196569247 0.621771997, 34.195813767 0.621462668, 34.196313454 0.62114739, 34.19670012 0.621070056, 34.196801246 0.620879699, 34.195635311 0.620600113, 34.195367618 0.619808942, 34.196105251 0.619695918, 34.197027292 0.618488342, 34.196391121 0.618123959, 34.195510387 0.618024346, 34.195058288 0.618637057, 34.194766806 0.618607315, 34.194677578 0.617720964, 34.194148148 0.617756658, 34.194039546 0.618357433, 34.193761482 0.618708442, 34.19390425 0.619475817, 34.193702051 0.619885031, 34.192940568 0.619737557, 34.193410512 0.618565674, 34.193160669 0.618470495, 34.192910867 0.618595108, 34.192756162 0.618904747, 34.192333808 0.619077258, 34.192500368 0.61937469, 34.191833691 0.619825525, 34.191643762 0.619172436, 34.191989356 0.618830927, 34.1914891 0.618387215, 34.191447456 0.618000552, 34.191732992 0.617578197, 34.192637188 0.617280765, 34.192690725 0.617042819, 34.192042322 0.61566868, 34.191596176 0.615674628, 34.191084589 0.615983958, 34.190941823 0.616352775, 34.190739569 0.616340877, 34.190299317 0.615845849, 34.190043574 0.615972061, 34.189918653 0.615853089, 34.190091165 0.615603244, 34.190923975 0.615347453, 34.191048898 0.614716895, 34.191613746 0.614513078, 34.191869811 0.613194041, 34.191358228 0.612670559, 34.190352904 0.61377106, 34.18984132 0.61372942, 34.189347584 0.613515269, 34.18931665 0.61328208, 34.189773506 0.612197046, 34.189480832 0.611932926, 34.188583989 0.61176714, 34.188302999 0.612118524, 34.187824727 0.612218462, 34.187423926 0.611622384, 34.187639132 0.610747954, 34.187021983 0.610892119, 34.186668309 0.610433867, 34.186361359 0.610305375, 34.185997301 0.610976384, 34.185711767 0.610904999, 34.185568998 0.609977008, 34.184669562 0.609577261, 34.18471953 0.60931314, 34.185594499 0.608923633, 34.186175761 0.608984775, 34.186404192 0.608813453, 34.186208229 0.607630499, 34.186504126 0.607243008, 34.187539193 0.606750459, 34.187574884 0.606607692, 34.186561233 0.60621508, 34.186746831 0.60546555, 34.187189411 0.605215708, 34.187039505 0.605008694, 34.186734612 0.605073659, 34.186547331 0.604846099, 34.186768246 0.60440907, 34.186546956 0.60392366, 34.18631139 0.603852275, 34.185783149 0.604294856, 34.185590413 0.604951587, 34.18490513 0.604751714, 34.184511504 0.604110411, 34.183975978 0.603910622, 34.183570251 0.603645263, 34.183135222 0.604316673, 34.183141948 0.605287092, 34.183013457 0.605408443, 34.181584686 0.604774827, 34.181307385 0.604701744, 34.180962718 0.605391524, 34.180743451 0.605451275, 34.180149928 0.605184198, 34.180022475 0.605644011, 34.179315777 0.605900992, 34.178830367 0.605701118, 34.17871615 0.605793917, 34.178994549 0.606493478, 34.17800945 0.606372125, 34.177895236 0.606150836, 34.177637571 0.606124448, 34.177324168 0.605458412, 34.17651039 0.605244261, 34.176186844 0.604687031, 34.17642473 0.604080705, 34.176351786 0.603918135, 34.175711512 0.604089759, 34.175375387 0.604558976, 34.175732306 0.604837373, 34.175618093 0.605458412, 34.175418217 0.605536935, 34.17509699 0.605108632, 34.175159481 0.604797278, 34.174818593 0.604109259, 34.174276076 0.604080705, 34.173754974 0.603788031, 34.173976264 0.603309759, 34.174361737 0.602988531, 34.174504504 0.602181894, 34.174868562 0.602031989, 34.174518781 0.601625102, 34.173812081 0.601318151, 34.173897742 0.600911263, 34.173633622 0.600839878, 34.173348089 0.6010112, 34.173790667 0.601903499, 34.173162488 0.60185353, 34.173005444 0.602189032, 34.17329812 0.602446015, 34.173119658 0.602624475, 34.172391544 0.602503122, 34.172727047 0.601489472, 34.172163118 0.600982647, 34.17192041 0.600996923, 34.171763365 0.601375257, 34.171948966 0.601996298, 34.171086504 0.602010698, 34.170789642 0.601699155, 34.170985284 0.601111136, 34.171691982 0.600932679, 34.171834749 0.600682833, 34.171684845 0.600347331, 34.17143934 0.600120123, 34.171741952 0.599869059, 34.171663428 0.599604938, 34.170835376 0.599804814, 34.170171506 0.599540694, 34.169793171 0.599583524, 34.169657542 0.599840505, 34.168529678 0.599676322, 34.168090074 0.600292711, 34.167883846 0.60022683, 34.167715903 0.599740569, 34.167430367 0.599490725, 34.166959235 0.599604938, 34.166759037 0.599940225, 34.166395301 0.59964777, 34.166652283 0.599140944, 34.166588039 0.598912514, 34.165688153 0.598510275, 34.165638633 0.59836286, 34.16600269 0.597913143, 34.165381651 0.597634745, 34.165802815 0.596942322, 34.165360236 0.597035121, 34.165088977 0.597727543, 34.164839134 0.597848896, 34.164639683 0.597348451, 34.16485341 0.596528296, 34.164003945 0.596928045, 34.164182402 0.595635998, 34.163911144 0.595464676, 34.163668439 0.596521158, 34.163354353 0.596678203, 34.163154475 0.596185653, 34.163520531 0.595436286, 34.162736552 0.595409315, 34.162547716 0.595850149, 34.162804695 0.596628234, 34.162466603 0.596769875, 34.162140825 0.596628234, 34.16198378 0.595635998, 34.161691109 0.59540757, 34.16198378 0.594708008, 34.161348464 0.594800808, 34.161050158 0.594562806, 34.160684595 0.594543826, 34.160627488 0.59430112, 34.161070067 0.593879955, 34.160984407 0.593651527, 34.160663183 0.593680082, 34.160170631 0.594315398, 34.160035003 0.593894233, 34.160577519 0.593194672, 34.161091483 0.592866306, 34.160741702 0.592809199, 34.160063555 0.593059041, 34.159882156 0.593465147, 34.159606699 0.593016211, 34.159242641 0.592830613, 34.159235503 0.592602186, 34.15947107 0.592466556, 34.159743891 0.592465011, 34.159178396 0.59160281, 34.158885722 0.591638504, 34.158789379 0.591825508, 34.158107638 0.59174558, 34.157912701 0.591848619, 34.157814965 0.59138866, 34.157292399 0.591210973, 34.157001189 0.590967495, 34.157258171 0.589982398, 34.157022606 0.58988246, 34.157129681 0.589504126, 34.156994051 0.589254283, 34.156016092 0.589197176, 34.155480714 0.588940194, 34.154945335 0.588961609, 34.154866815 0.58883312, 34.155116656 0.588497615, 34.155152348 0.588090728, 34.154759739 0.587819469, 34.154467063 0.588055034, 34.154295742 0.588497615, 34.15408159 0.588483337, 34.153974515 0.588276325, 34.153603319 0.588183526, 34.153603319 0.587933683, 34.153953102 0.587141321, 34.153664452 0.586870236, 34.15391027 0.585934936, 34.153538155 0.585973883, 34.153367754 0.585842137, 34.153317784 0.585285342, 34.152332687 0.585356727, 34.152154227 0.585592293, 34.150542839 0.584846756, 34.149972862 0.585018741, 34.149598689 0.585306758, 34.149548719 0.585685091, 34.149341705 0.585699368, 34.148941955 0.584735687, 34.1485779 0.58516399, 34.148342331 0.585092606, 34.14803538 0.58467144, 34.148870571 0.583193797, 34.14796453 0.583447924, 34.147657046 0.58370062, 34.147442894 0.583564992, 34.147742706 0.582629863, 34.147036007 0.58260131, 34.146693364 0.582893983, 34.146436455 0.582859483, 34.145765374 0.582337191, 34.145422732 0.582394298, 34.145337071 0.582786907, 34.14506516 0.582856908, 34.144884328 0.582396593, 34.144230624 0.582487096, 34.14441622 0.581280709, 34.144737447 0.581209327, 34.144568645 0.580835736, 34.143832722 0.581077366, 34.143423987 0.581616213, 34.143167003 0.58154483, 34.142831501 0.580959481, 34.142790313 0.580370823, 34.142495995 0.580317027, 34.142388919 0.580495487, 34.142488856 0.581444891, 34.141932063 0.58141634, 34.141846402 0.581202187, 34.141946339 0.580595425, 34.141650568 0.580678825, 34.141446653 0.58123074, 34.141096872 0.581045144, 34.141096872 0.580416965, 34.140670084 0.580731603, 34.140432894 0.581051452, 34.140061806 0.581195049, 34.139347049 0.582303435, 34.138831536 0.582729917, 34.138318987 0.582834435, 34.128207736 0.555815054, 34.127414778 0.543938366, 34.127152976 0.537335143, 34.12689057 0.536548229, 34.116813306 0.520385596, 34.117864329 0.519897327, 34.118702955 0.520133553, 34.119222138 0.519313453, 34.119826379 0.518571581, 34.120455338 0.518706542, 34.120874475 0.517820056, 34.121260277 0.518140783, 34.121629173 0.517693293, 34.1228534 0.517110579, 34.123088051 0.51623257, 34.123171796 0.515607847, 34.123335352 0.515245009, 34.123062652 0.514881857, 34.123255467 0.514544145, 34.123129556 0.513851925, 34.123188043 0.513636107, 34.121636744 0.513050203, 34.121351551 0.512619711, 34.121058024 0.51247625, 34.12099085 0.511995068, 34.120797935 0.511758727, 34.120705661 0.511581459, 34.120319914 0.51158153, 34.119665627 0.510458859, 34.119246257 0.510003066, 34.118910746 0.509547259, 34.117820392 0.508424665, 34.117661018 0.508171433, 34.117820115 0.506820684, 34.118415349 0.50588352, 34.118322968 0.505089989, 34.118658224 0.504068448, 34.118339415 0.50320742, 34.11828899 0.502557398, 34.118213455 0.502194404, 34.118674459 0.500919585, 34.118540174 0.500269574, 34.118917271 0.498724625, 34.118925449 0.497483649, 34.119101441 0.496833586, 34.119017474 0.496200452, 34.119067693 0.495617945, 34.118916637 0.494976381, 34.119319094 0.494596423, 34.118857732 0.493760744, 34.118840875 0.4932289, 34.117767378 0.492562165, 34.11764983 0.491675774, 34.118094144 0.490890595, 34.1177921 0.489953583, 34.117934344 0.488062555, 34.118621756 0.486728605, 34.118755764 0.485732428, 34.118898222 0.485116137, 34.119158127 0.484778413, 34.119032217 0.484052425, 34.120264598 0.482043024, 34.120078212 0.481064963, 34.119006525 0.480793818, 34.115618265 0.47829555, 34.113563585 0.477308171, 34.111735239 0.475797352, 34.110418431 0.47431177, 34.107715415 0.472068838, 34.103489491 0.468033271, 34.100291498 0.466301024, 34.100176399 0.465985187, 34.098954297 0.46558814, 34.098806711 0.465187437, 34.098364133 0.464866209, 34.097120233 0.463408027, 34.097134371 0.462763136, 34.096612834 0.461936051, 34.093702767 0.460713258, 34.092284609 0.457734171, 34.090761754 0.456915636, 34.089867076 0.455221461, 34.089172274 0.454583765, 34.08895916 0.454013629, 34.089702893 0.45232189, 34.090154437 0.449987696, 34.091149607 0.449000163, 34.091184132 0.448250767, 34.091037691 0.44747953, 34.090867326 0.447238214, 34.090870742 0.44614724, 34.091309471 0.445175216, 34.091569247 0.443546953, 34.092036318 0.44237999, 34.092148979 0.439634603, 34.091206714 0.438397283, 34.090845035 0.438140302, 34.089902768 0.435951198, 34.090502392 0.434114254, 34.090273965 0.432762721, 34.089674342 0.430773489, 34.089950357 0.428822332, 34.089845662 0.425586265, 34.089464947 0.424253767, 34.090797446 0.421702986, 34.091320927 0.421150949, 34.092977033 0.41986604, 34.09320546 0.419028471, 34.094138209 0.418171865, 34.094956743 0.416791778, 34.096298759 0.415725778, 34.096641402 0.415611565, 34.09775499 0.414659781, 34.099268327 0.414783512, 34.099639523 0.414412318, 34.099572901 0.412927532, 34.09982988 0.41170925, 34.101229003 0.408121022, 34.101276592 0.406712382, 34.101038646 0.406093721, 34.101400327 0.40428533, 34.10128611 0.403714261, 34.10137177 0.403171744, 34.101238521 0.402581635, 34.101657306 0.401820209, 34.10231404 0.401696478, 34.10248536 0.400754209, 34.103408589 0.399240873, 34.10402092 0.398542344, 34.105658169 0.394662165, 34.107346684 0.389207414, 34.108033616 0.385815209, 34.108603053 0.381437046, 34.109359087 0.378189565, 34.109541886 0.376054771, 34.109171148 0.369652282, 34.10848844 0.367411626, 34.106805422 0.363983703, 34.106180661 0.363534681, 34.104962378 0.3630112, 34.104086736 0.36195472, 34.103813882 0.361734258, 34.103544219 0.361811951, 34.103125433 0.361393166, 34.102620987 0.360403311, 34.102782791 0.35979417, 34.102977907 0.359731114, 34.103063205 0.359351552, 34.102383557 0.359041467, 34.102604847 0.358655993, 34.102493828 0.358444145, 34.101548368 0.358177721, 34.101498399 0.357999262, 34.101733964 0.35774228, 34.101476982 0.357242593, 34.101137898 0.357136971, 34.100991572 0.356714353, 34.100784559 0.356849983, 34.100598961 0.357335393, 34.100256321 0.35681429, 34.100178419 0.355399523, 34.099415833 0.355418202, 34.098968495 0.35462822, 34.099020845 0.354138052, 34.099706128 0.354047631, 34.099218444 0.353560191, 34.098654409 0.353681193, 34.098464049 0.353405177, 34.099092585 0.353125392, 34.099306378 0.353205303, 34.099434869 0.352967357, 34.098892352 0.352586642, 34.098987531 0.352324902, 34.099277825 0.352096474, 34.098691999 0.351967662, 34.0977169 0.352215446, 34.097683586 0.352001295, 34.097983398 0.351868045, 34.098673445 0.350935296, 34.098606817 0.350768734, 34.098183274 0.350516512, 34.09850212 0.350012067, 34.098785282 0.350157564, 34.098901871 0.349969234, 34.09868296 0.349460031, 34.098701995 0.349141184, 34.098873316 0.348898477, 34.098445013 0.348460658, 34.098492603 0.348289336, 34.098759102 0.34836548, 34.099258789 0.348888961, 34.099729922 0.348698603, 34.099867931 0.347770612, 34.099309357 0.346914469, 34.097713193 0.34601621, 34.096184525 0.344372744, 34.095289851 0.344448886, 34.095132806 0.344134796, 34.094837751 0.344091967, 34.094837751 0.344382261, 34.095446896 0.34492002, 34.095147272 0.345573386, 34.09448559 0.345448259, 34.094161986 0.345500608, 34.094123912 0.345310252, 34.094571254 0.344815323, 34.094518903 0.344344189, 34.094190537 0.343882573, 34.094238128 0.343668423, 34.094694983 0.343397163, 34.094666432 0.34324012, 34.094052528 0.343263914, 34.093833618 0.343087834, 34.093000807 0.343249638, 34.093110264 0.342921272, 34.09298653 0.342745193, 34.092077577 0.342940307, 34.09210137 0.343178254, 34.092472566 0.343506619, 34.09245829 0.343735048, 34.092031217 0.343591357, 34.091268559 0.342873682, 34.091972028 0.34276046, 34.092106129 0.342145567, 34.092010951 0.341874309, 34.091734933 0.341712507, 34.091282838 0.341702988, 34.090887845 0.341988523, 34.090783149 0.342383514, 34.09064514 0.342216952, 34.090680029 0.341453487, 34.090307195 0.341193081, 34.089931302 0.341298479, 34.089907507 0.341012945, 34.090174009 0.340784516, 34.090078831 0.340646507, 34.089621972 0.340518015, 34.089698115 0.340251517, 34.090254644 0.340217609, 34.090754596 0.340636989, 34.090959229 0.34063223, 34.090923854 0.34007901, 34.090707006 0.339894597, 34.089591585 0.339499882, 34.089048701 0.338930806, 34.087894483 0.338167108, 34.087242511 0.338214699, 34.087052154 0.337905368, 34.087218718 0.337510378, 34.087152091 0.337310502, 34.0861432 0.33657763, 34.085510263 0.33701545, 34.085262799 0.336944066, 34.085338942 0.336196915, 34.084877327 0.336239745, 34.084867812 0.336016077, 34.085043892 0.335854272, 34.084915398 0.335568738, 34.084491854 0.335768612, 34.084429988 0.33529748, 34.084587033 0.334935801, 34.084244392 0.334831105, 34.084192042 0.334650265, 34.084525167 0.334164856, 34.083601937 0.333736552, 34.083159356 0.333846008, 34.082826877 0.334429444, 34.082102876 0.334255275, 34.08181734 0.334364731, 34.081788786 0.334602676, 34.081612706 0.334650265, 34.081528952 0.334148741, 34.081108261 0.333888837, 34.081579395 0.333146446, 34.081826858 0.333041751, 34.082159982 0.333179758, 34.082407446 0.333089339, 34.08234558 0.33277525, 34.082026734 0.332361225, 34.081731679 0.332285082, 34.081041636 0.333141687, 34.080927421 0.333474812, 34.080737065 0.333284455, 34.080737065 0.332542063, 34.080342074 0.332151831, 34.080660922 0.331485583, 34.080832243 0.33127619, 34.081665464 0.331313814, 34.081864929 0.331185769, 34.081979143 0.33083361, 34.081793547 0.330386271, 34.082240886 0.33008646, 34.082045769 0.329848513, 34.081393796 0.329881824, 34.080994047 0.330281576, 34.080665682 0.330314888, 34.080908386 0.329929416, 34.081093003 0.329873547, 34.081174885 0.32959153, 34.080613333 0.329225094, 34.080708511 0.329029978, 34.08141759 0.329191783, 34.081527046 0.328972872, 34.081370001 0.328701613, 34.080370628 0.328634988, 34.079195174 0.328982389, 34.079047647 0.329301236, 34.078838256 0.329296478, 34.078895363 0.328592158, 34.078395675 0.328049641, 34.077418401 0.327693512, 34.076639634 0.32756423, 34.076225607 0.327178758, 34.075668814 0.327521401, 34.075721161 0.326517268, 34.075545081 0.326207938, 34.075221475 0.326088965, 34.075140572 0.325822465, 34.074731305 0.325646384, 34.074288727 0.325789154, 34.074164993 0.326012822, 34.073465432 0.325793911, 34.073646272 0.325460788, 34.074174514 0.325351332, 34.074345833 0.32518477, 34.074412457 0.32469936, 34.073908012 0.324294851, 34.073622476 0.324351959, 34.073846146 0.323799923, 34.07374145 0.323514389, 34.072875325 0.323500111, 34.072656417 0.323309754, 34.072742076 0.323114638, 34.072565996 0.322729165, 34.072180523 0.322686335, 34.071723669 0.322933799, 34.071409578 0.323633362, 34.071114524 0.323457282, 34.071005072 0.322971872, 34.071257294 0.322614952, 34.070919408 0.322443631, 34.069772579 0.322862748, 34.068397181 0.323238371, 34.067811833 0.323076567, 34.066474578 0.323247888, 34.065860674 0.322933799, 34.065208704 0.323581013, 34.064861304 0.323604807, 34.06468998 0.323452523, 34.06473281 0.323038496, 34.064351198 0.322456763, 34.06411415 0.322600676, 34.063871445 0.323271683, 34.063546041 0.323049868, 34.0632861 0.32305753, 34.063114776 0.323300237, 34.062819726 0.323005184, 34.06280069 0.32249122, 34.062513488 0.322322041, 34.062395703 0.323092985, 34.062202967 0.323435629, 34.062035215 0.32329286, 34.062245797 0.321979398, 34.062185123 0.32166531, 34.061556943 0.321936568, 34.061075102 0.321640325, 34.060853813 0.321954413, 34.060546864 0.322043644, 34.060282743 0.321697432, 34.060686062 0.32112636, 34.060279173 0.321144207, 34.059833024 0.321622479, 34.059611734 0.321611771, 34.059526075 0.321140638, 34.059361893 0.321112085, 34.059211985 0.321329805, 34.059294076 0.322093613, 34.059179863 0.322600436, 34.058630206 0.322536192, 34.058533838 0.322393424, 34.058962141 0.321847337, 34.05892288 0.321622479, 34.058259013 0.321725985, 34.057902091 0.322164996, 34.057602279 0.322061489, 34.056667151 0.321147776, 34.056651684 0.320548152, 34.056830144 0.320376831, 34.057237032 0.320498183, 34.057708165 0.320412523, 34.058229267 0.319770069, 34.057836659 0.319356042, 34.058457695 0.318735002, 34.058471972 0.318499436, 34.058015116 0.318299561, 34.057929455 0.318049719, 34.05847911 0.31671484, 34.058664708 0.315544145, 34.058993074 0.314708955, 34.05932144 0.314573324, 34.058893137 0.313002881, 34.058750372 0.312538886, 34.058993074 0.312460365, 34.059606975 0.312824421, 34.05994248 0.312603131, 34.060120939 0.312260488, 34.059992449 0.311532374, 34.05980685 0.311275393, 34.059899649 0.311004135, 34.060385059 0.31093275, 34.060827638 0.311239699, 34.060974448 0.311152872, 34.060903822 0.310302404, 34.060382825 0.309887391, 34.059221502 0.310304573, 34.059071599 0.31022605, 34.05925404 0.309455994, 34.059128706 0.309198122, 34.058453424 0.309071983, 34.058065085 0.308855481, 34.057294139 0.308962557, 34.057101403 0.308669882, 34.057087128 0.308163058, 34.056523194 0.307634816, 34.055716556 0.307820415, 34.055536159 0.307632262, 34.055009856 0.307542018, 34.054745736 0.307099437, 34.054506537 0.306276695, 34.054181807 0.306164311, 34.053839161 0.306407015, 34.053125323 0.306200002, 34.052418625 0.306378461, 34.052340101 0.306150033, 34.052625639 0.30585736, 34.052580079 0.305672412, 34.052111002 0.3057858, 34.051597709 0.306128618, 34.051205098 0.306171449, 34.050955258 0.305878775, 34.050948116 0.305321981, 34.051255067 0.304686665, 34.052104534 0.304151286, 34.052247305 0.303887166, 34.051873189 0.3031528, 34.051576294 0.30302342, 34.051219375 0.303758676, 34.050926701 0.303751537, 34.05085532 0.303451723, 34.051077293 0.30283962, 34.050120064 0.302637948, 34.050077234 0.302359553, 34.049905912 0.302231061, 34.04965974 0.302686666, 34.04925632 0.302602257, 34.049556132 0.301474392, 34.048806601 0.300767691, 34.04885657 0.300532127, 34.049352203 0.300175794, 34.049177797 0.299539891, 34.049456197 0.298997373, 34.049227766 0.297898063, 34.04934198 0.297448344, 34.049541855 0.297248471, 34.050262834 0.297077148, 34.0503128 0.296827306, 34.049948744 0.296349033, 34.049977296 0.296077775, 34.050562662 0.295387285, 34.050598336 0.294935634, 34.05036293 0.29443821, 34.049734592 0.293986228, 34.049413365 0.294064751, 34.049327703 0.294257486, 34.04857725 0.294527708, 34.048299776 0.294350287, 34.048349745 0.293950537, 34.049242045 0.293629309, 34.04938481 0.293386605, 34.049362931 0.293032145, 34.049013615 0.292615659, 34.048364022 0.292244463, 34.048742356 0.291837575, 34.048528205 0.291387858, 34.047999964 0.291937514, 34.047414619 0.292315847, 34.047171912 0.292244463, 34.047146238 0.291926203, 34.046765024 0.291637701, 34.046793577 0.291337889, 34.046665839 0.291199082, 34.046265337 0.291359303, 34.045751376 0.29115229, 34.045493695 0.291394703, 34.045244548 0.291237952, 34.045089707 0.29067865, 34.044559264 0.290902448, 34.044323697 0.290788233, 34.044395081 0.290516974, 34.044759138 0.290431315, 34.044866214 0.290202887, 34.044575239 0.289793766, 34.044345112 0.289717475, 34.043881118 0.290017288, 34.04360986 0.290424176, 34.043502784 0.291023801, 34.043267216 0.290995246, 34.043103033 0.290352792, 34.042924574 0.290324239, 34.042774668 0.290581221, 34.042867467 0.291273643, 34.042738979 0.291345028, 34.042274981 0.290916725, 34.04185561 0.290843611, 34.042476575 0.28931383, 34.042349908 0.289046695, 34.042025138 0.288960807, 34.041555928 0.288498807, 34.0412185 0.288718102, 34.041054318 0.289182098, 34.040783059 0.289224927, 34.040561769 0.28908216, 34.040679717 0.288498889, 34.041025766 0.288246969, 34.040834949 0.288007579, 34.03998356 0.28855392, 34.039698025 0.288568196, 34.039326829 0.287868633, 34.0395594 0.28741178, 34.040054946 0.287090552, 34.040833028 0.287511715, 34.041496897 0.287540268, 34.041518313 0.288104201, 34.041646803 0.288161308, 34.041875235 0.287575962, 34.042396334 0.28766876, 34.042589071 0.287533131, 34.042531964 0.287140519, 34.041189948 0.287047721, 34.041104286 0.286662249, 34.04191144 0.286180365, 34.042177885 0.285866889, 34.042631903 0.286198252, 34.043245801 0.28603407, 34.04329577 0.285827057, 34.043003096 0.285491553, 34.042703284 0.285434447, 34.042274981 0.284856236, 34.041840749 0.284726092, 34.040897273 0.285106081, 34.040304787 0.284692053, 34.039655194 0.284806267, 34.039341106 0.284613533, 34.03950975 0.284172029, 34.039862208 0.284199506, 34.040326204 0.283507082, 34.04033349 0.283270367, 34.040097774 0.283021673, 34.040104916 0.282828936, 34.040554631 0.28294315, 34.040690294 0.282826628, 34.040383311 0.282314973, 34.04046897 0.282165066, 34.041125701 0.28210796, 34.040847304 0.281843839, 34.040868721 0.281337015, 34.040645784 0.281218748, 34.040376174 0.28130846, 34.040304787 0.281094308, 34.040979866 0.280395292, 34.041389822 0.280052106, 34.041280999 0.27977603, 34.040047809 0.279688048, 34.040297649 0.2805161, 34.040019252 0.280687421, 34.039726578 0.280666005, 34.039597415 0.280295941, 34.039134999 0.279750168, 34.038505916 0.279316851, 34.038491641 0.278695812, 34.039241168 0.278374585, 34.039776547 0.278845718, 34.03998356 0.278874273, 34.039905038 0.278288925, 34.040369264 0.277941606, 34.040361894 0.277211029, 34.041496897 0.277318105, 34.041654706 0.276875135, 34.042406803 0.276414031, 34.042545447 0.275700841, 34.042090586 0.275489396, 34.041687881 0.275780875, 34.041382683 0.275769075, 34.041461206 0.275219421, 34.041819568 0.275090499, 34.041854163 0.274775933, 34.041118563 0.27481967, 34.041054318 0.273963064, 34.041123337 0.273587537, 34.040704538 0.273777467, 34.040304787 0.273777467, 34.039962145 0.273477654, 34.040600698 0.273045335, 34.040162022 0.272856616, 34.039605226 0.273242088, 34.03944719 0.272833285, 34.039655194 0.272428313, 34.039169784 0.272742402, 34.038916552 0.273144785, 34.038391703 0.273192119, 34.037863461 0.272692433, 34.03791343 0.272192745, 34.038163272 0.271885796, 34.038605854 0.271735889, 34.038520192 0.271536013, 34.037813492 0.271607398, 34.037713554 0.271414662, 34.037842045 0.271136265, 34.038584437 0.270964943, 34.038812865 0.270757931, 34.038720067 0.27032249, 34.038298902 0.270115477, 34.0377778 0.270201136, 34.037577928 0.270615162, 34.036185943 0.269644343, 34.035779052 0.269680034, 34.035664838 0.269887047, 34.036043173 0.270193998, 34.036078867 0.270508086, 34.035679115 0.270686546, 34.035243674 0.270550918, 34.035065215 0.270222552, 34.035764777 0.268794874, 34.035557763 0.268737767, 34.03522226 0.268909089, 34.035165645 0.26908192, 34.034651188 0.26873063, 34.034230023 0.268844843, 34.033934548 0.269495166, 34.033701783 0.269394499, 34.033529845 0.26882075, 34.032980806 0.268873398, 34.03270241 0.268045345, 34.032431152 0.267531382, 34.032074232 0.267816917, 34.031845804 0.268566447, 34.031583121 0.268579765, 34.03146747 0.26837371, 34.031545991 0.268088175, 34.031110025 0.267662391, 34.030346743 0.267609902, 34.03023253 0.267410029, 34.030234459 0.266825327, 34.029383061 0.266603391, 34.029104665 0.266903204, 34.029154634 0.267602765, 34.029042347 0.268654309, 34.028699418 0.268959653, 34.028305165 0.268851982, 34.027527082 0.26775981, 34.027248685 0.266639083, 34.026956012 0.266846097, 34.026820382 0.267260124, 34.027020256 0.267702703, 34.026784692 0.267938269, 34.025999468 0.267681287, 34.025613995 0.267738394, 34.025364152 0.267552796, 34.025878116 0.266731883, 34.025913807 0.266310718, 34.025779294 0.266195635, 34.025428397 0.266296442, 34.025106473 0.266834458, 34.024015934 0.267095202, 34.023829402 0.26701028, 34.023843676 0.266589114, 34.024502542 0.265896877, 34.024614621 0.265325622, 34.025191248 0.264829379, 34.025085821 0.264629475, 34.0244433 0.264533261, 34.024257705 0.264340524, 34.024507546 0.264112095, 34.024935849 0.264133511, 34.025178555 0.263969328, 34.025214246 0.263740899, 34.024604689 0.263475509, 34.024627222 0.263246733, 34.025014373 0.263069893, 34.02410066 0.26272011, 34.024236099 0.261796043, 34.024297484 0.261507535, 34.023972167 0.26139951, 34.023536726 0.261528002, 34.023451068 0.261378094, 34.024051798 0.260868727, 34.023990371 0.260662659, 34.023643801 0.26042869, 34.023037039 0.260378721, 34.022076379 0.259601539, 34.022025768 0.25888204, 34.022499614 0.258712413, 34.022568285 0.25822531, 34.022406482 0.257958809, 34.021616501 0.258111096, 34.021388072 0.257625686, 34.021587947 0.257054614, 34.022393423 0.256706185, 34.02250166 0.256531134, 34.022054321 0.256207526, 34.021863966 0.255883918, 34.022598427 0.255506379, 34.022508005 0.254868684, 34.022165363 0.254464174, 34.022441382 0.25421671, 34.023304125 0.254284748, 34.023317024 0.253993042, 34.022674569 0.253521908, 34.022492344 0.2528247, 34.021996421 0.252915146, 34.021496735 0.252743824, 34.020918525 0.252087093, 34.020566658 0.252043967, 34.020404562 0.252229861, 34.020261795 0.252165616, 34.020021765 0.251176613, 34.01901258 0.251080581, 34.018912642 0.250880707, 34.019026855 0.250345328, 34.018941193 0.250209698, 34.01737678 0.250589132, 34.017253712 0.250594098, 34.017230073 0.250409834, 34.017534932 0.249781395, 34.01705666 0.249724288, 34.016114396 0.249053281, 34.01620073 0.248577075, 34.016021595 0.248246644, 34.016200054 0.247497114, 34.015944929 0.247508104, 34.015690738 0.247176942, 34.014965114 0.247175886, 34.013980017 0.246804689, 34.013765866 0.247040256, 34.013558852 0.246868935, 34.013794419 0.246454909, 34.014201307 0.246069436, 34.014301245 0.245591164, 34.01374445 0.245205692, 34.013301019 0.244469792, 34.012720427 0.243879685, 34.012530071 0.243851132, 34.012453928 0.243565597, 34.012149358 0.243222954, 34.012035145 0.242785134, 34.012130322 0.2426614, 34.009734963 0.239257153, 34.009403886 0.238420699, 34.006305196 0.234801754, 34.006644837 0.234530969, 34.006930372 0.234381063, 34.007458613 0.233874238, 34.007694179 0.233988452, 34.007922607 0.2337743, 34.007708457 0.233253198, 34.007401505 0.233146123, 34.007415782 0.232774927, 34.007894054 0.233031909, 34.008935137 0.232611665, 34.00995397 0.231190149, 34.010443426 0.230871435, 34.011973429 0.22895893, 34.013025306 0.226855177, 34.012451554 0.224847047, 34.010539051 0.223412669, 34.006905296 0.219492038, 34.003462787 0.21604953, 34.001837159 0.212511399, 34.000020281 0.209451392, 33.997438401 0.203044507, 33.996195273 0.198263247, 33.996482149 0.195872619, 33.999299394 0.193457838, 34.001794405 0.189628485, 34.000916313 0.187423699, 33.999446529 0.187361975, 33.998299028 0.186596974, 33.997055903 0.185066973, 33.996386525 0.183441345, 33.996290901 0.181146341, 33.997000958 0.179732392, 33.996803736 0.177379771, 33.995021948 0.175716553, 33.993230893 0.174739454, 33.992561517 0.173783202, 33.992370266 0.172253199, 33.994602534 0.169032396, 33.994792 0.168572001, 33.9937 0.164641, 33.989888113 0.161909513, 33.987875883 0.162021302, 33.986059005 0.160969426, 33.984337751 0.159343798, 33.982616498 0.155040667, 33.982616498 0.153606288, 33.985401 0.152409999, 33.987584999 0.153065, 33.989114 0.153939001, 33.991516 0.153501999, 33.994356 0.153721001, 33.99808954 0.147917652, 33.997342776 0.145765024, 33.9966734 0.144713144, 33.995239022 0.143278769, 33.994597354 0.138108344, 33.990744638 0.136585004, 33.989023386 0.136106881, 33.987971511 0.136011254, 33.986441507 0.135246253, 33.985389628 0.134098749, 33.984911503 0.132664374, 33.984433377 0.132090623, 33.983094623 0.131325622, 33.982807749 0.130178117, 33.982520873 0.127500612, 33.982616498 0.126257486, 33.981564623 0.124631859, 33.981182121 0.122719353, 33.983381499 0.118894347, 33.985131008 0.119075331, 33.987421 0.118312, 33.988171436 0.116905575, 33.986824006 0.116599344, 33.985102753 0.115738717, 33.983955253 0.114973716, 33.98357275 0.113826213, 33.986441507 0.112104958, 33.987800576 0.111034143, 33.987900032 0.109443552, 33.986441507 0.108471203, 33.983190251 0.107514951, 33.982903374 0.106176197, 33.980225869 0.103976817, 33.978313366 0.101777441, 33.975731488 0.101873066, 33.973340857 0.102446816, 33.971715229 0.102159939, 33.969228975 0.101203688, 33.966360217 0.099004308, 33.96492584 0.096996182, 33.961578958 0.096709305, 33.957945202 0.096996182, 33.954980821 0.098526184, 33.951442689 0.09957806, 33.94943456 0.099769309, 33.94790456 0.099291186, 33.947426431 0.096900556, 33.947522057 0.09498805, 33.948956434 0.094318675, 33.951347065 0.094031798, 33.954502697 0.095179303, 33.956135 0.094232999, 33.956463 0.093578001, 33.956463 0.093266797, 33.955363323 0.092214921, 33.953068317 0.091545544, 33.950677687 0.091067419, 33.948382683 0.090111168, 33.945131427 0.088294288, 33.943218924 0.086381786, 33.943697049 0.084756158, 33.945896428 0.083799906, 33.949419 0.080800999, 33.950009327 0.080159447, 33.952494566 0.076341141, 33.953163942 0.074333011, 33.953546442 0.07242051, 33.952972693 0.070125504, 33.952112067 0.067830499, 33.951155813 0.066491748, 33.949912686 0.06304924, 33.948669558 0.061232361, 33.947426431 0.05989361, 33.945418302 0.057311729, 33.946183303 0.054347351, 33.947426431 0.053295473, 33.94943456 0.05214797, 33.952207691 0.051956721, 33.954980821 0.052339219, 33.961770208 0.055016726, 33.962630838 0.056164228, 33.964734589 0.055972979, 33.97028085 0.052817348, 33.97305398 0.051000468, 33.976400861 0.046792958, 33.97860024 0.045167332, 33.98137337 0.042394201, 33.983285875 0.039525446, 33.983764 0.037134818, 33.986345883 0.032927309, 33.987589008 0.031492932, 33.988449634 0.028337301, 33.988832134 0.022026037, 33.989401523 0.020887263, 33.991727348 0.017731454, 33.993083641 0.01451918, 33.993654712 0.012805968, 33.995225156 0.012805968, 33.998009125 0.01059307, 33.999151267 0.006595576, 33.99865158 0.005239282, 33.997366671 0.004953747, 33.996866985 0.004025758, 33.998799923 -0.001129601, 34.004227789 -0.009434645, 34.010347801 -0.020335919, 34.01199627 -0.022883552, 34.012797407 -0.024819157, 34.013089404 -0.026695512, 34.012926553 -0.028649745, 34.011916867 -0.029073162, 34.010027775 -0.029105731, 34.008887806 -0.030245699, 34.008203828 -0.032558205, 34.007715269 -0.033698173, 34.007878121 -0.034219304, 34.011225797 -0.03556404, 34.011575568 -0.037544434, 34.011004495 -0.038757962, 34.011111571 -0.03932903, 34.011004495 -0.039793026, 34.010040813 -0.040328405, 34.00979097 -0.041006553, 34.010183583 -0.041756081, 34.01036204 -0.042898224, 34.009862355 -0.04361206, 34.009077132 -0.043861906, 34.008684521 -0.044468666, 34.00847037 -0.0456465, 34.00850606 -0.046181879, 34.008898673 -0.04693141, 34.010254965 -0.047395406, 34.011861101 -0.047252637, 34.013181701 -0.046538797, 34.013895541 -0.045468042, 34.013986609 -0.045058235, 34.014662 -0.044130001, 34.015153001 -0.044007, 34.015718387 -0.04410953, 34.016536742 -0.044587641, 34.017000736 -0.045194401, 34.017607499 -0.045408553, 34.018606872 -0.044944558, 34.020141625 -0.044873174, 34.023389589 -0.045087326, 34.024281887 -0.043945186, 34.024674498 -0.043124273, 34.025302822 -0.042390487, 34.026244945 -0.041839364, 34.027636927 -0.04155, 34.029314449 -0.04155, 34.029956903 -0.042017821, 34.030777816 -0.043231349, 34.031848573 -0.0434455, 34.0337606 -0.043313754, 34.035301002 -0.044743999, 34.037758002 -0.048552, 34.039969 -0.052729001, 34.041624946 -0.059038703, 34.042120857 -0.062510755, 34.041961283 -0.063397279, 34.041295034 -0.064682189, 34.039343875 -0.06701406, 34.038106556 -0.067918255, 34.037107182 -0.068394147, 34.033585579 -0.068346558, 34.032538617 -0.0681562, 34.031063351 -0.067442363, 34.030063979 -0.067252008, 34.027732108 -0.068632095, 34.027684517 -0.069060398, 34.028350766 -0.069298342, 34.030301923 -0.068489325, 34.030825408 -0.068489325, 34.031634422 -0.069345931, 34.033062098 -0.07248682, 34.034537367 -0.07615119, 34.034918078 -0.078007169, 34.035060847 -0.079577616, 34.033966294 -0.080101096, 34.033633169 -0.080814933, 34.033823526 -0.081861896, 34.035013257 -0.082242612, 34.037512528 -0.080601592, 34.039109 -0.080001999, 34.040970031 -0.079564583, 34.042341996 -0.08038663, 34.044007622 -0.080719755, 34.046849003 -0.080125, 34.049429 -0.077668, 34.050703379 -0.077079885, 34.052278055 -0.077532188, 34.053360002 -0.076931001, 34.054957001 -0.077176999, 34.055563181 -0.077090302, 34.057285013 -0.07738851, 34.059569294 -0.075104228, 34.060092776 -0.073866907, 34.060854203 -0.072772357, 34.062186704 -0.071915751, 34.063947502 -0.071106733, 34.06528 -0.071725394, 34.065898662 -0.072677179, 34.067231159 -0.074152444, 34.068325711 -0.07615119, 34.070467227 -0.082480556, 34.071323834 -0.086478052, 34.071419011 -0.087858139, 34.071323834 -0.088762334, 34.068849192 -0.090570724, 34.06713598 -0.091427329, 34.065517947 -0.091808045, 34.064137859 -0.093188133, 34.063233666 -0.09442545, 34.063104312 -0.096417464, 34.062424647 -0.096662143, 34.061234916 -0.096662143, 34.060092776 -0.096900091, 34.05923617 -0.097375983, 34.060187954 -0.098280178, 34.060473491 -0.099041607, 34.058474741 -0.101087941, 34.059093404 -0.10308669, 34.061008554 -0.103422095, 34.062925376 -0.104470752, 34.064233038 -0.107274539, 34.063281253 -0.111938284, 34.064466815 -0.112902695, 34.065277003 -0.113172999, 34.066382 -0.114032999, 34.068717 -0.114647001, 34.070559001 -0.116244001, 34.072034 -0.117104001, 34.072132848 -0.115031582, 34.071752137 -0.114603279, 34.070990708 -0.11269971, 34.070419636 -0.110796141, 34.070800349 -0.109987127, 34.072465973 -0.109416054, 34.07849501 -0.109155039, 34.081235247 -0.108836078, 34.085124706 -0.106275168, 34.085315062 -0.105561328, 34.084553635 -0.103800527, 34.084030153 -0.102943921, 34.082792835 -0.101659011, 34.080413372 -0.100374102, 34.077129716 -0.100278924, 34.075749629 -0.100707227, 34.074084008 -0.100421694, 34.073322579 -0.099898212, 34.073016001 -0.098921999, 34.073988827 -0.09694768, 34.075016382 -0.095663211, 34.080841675 -0.093045362, 34.083268726 -0.09214117, 34.087551755 -0.091617686, 34.087837291 -0.090903847, 34.087171041 -0.09019001, 34.086219257 -0.089761707, 34.086837919 -0.08790573, 34.086933096 -0.086097337, 34.088551132 -0.083146805, 34.089407734 -0.083813055, 34.089836037 -0.08471725, 34.090502287 -0.08543109, 34.093119697 -0.08652564, 34.093785944 -0.087620191, 34.094638 -0.088601999, 34.095464168 -0.089221415, 34.096699845 -0.089731596, 34.097783439 -0.08952376, 34.09825933 -0.088667154, 34.097878617 -0.08790573, 34.097212367 -0.087049121, 34.094832906 -0.085050373, 34.094499784 -0.084526892, 34.094309424 -0.083241983, 34.093881121 -0.08233779, 34.093690765 -0.081195649, 34.092738981 -0.080624577, 34.091454072 -0.080339043, 34.088551132 -0.080291451, 34.085789262 -0.08001704, 34.084553635 -0.078483061, 34.082221763 -0.076293959, 34.080270604 -0.075151817, 34.079271231 -0.073628963, 34.078842928 -0.073343426, 34.078652573 -0.07248682, 34.078938107 -0.071630216, 34.079747123 -0.070868788, 34.087518302 -0.068006488, 34.092427 -0.067226, 34.094147 -0.066612001, 34.097341 -0.064769, 34.100245098 -0.06474024, 34.101162272 -0.06520567, 34.103732091 -0.065538795, 34.105017001 -0.066966471, 34.105445304 -0.067823077, 34.106968158 -0.069679057, 34.108253066 -0.071820573, 34.108491012 -0.072534409, 34.108633782 -0.074247622, 34.109062085 -0.07486628, 34.109728332 -0.075294583, 34.110965653 -0.075389762, 34.112084 -0.075087999, 34.11229815 -0.075770478, 34.113110155 -0.075811078, 34.114153264 -0.075372458, 34.114296897 -0.07500905, 34.114177492 -0.074766778, 34.114443991 -0.074282231, 34.115316172 -0.073991505, 34.117014048 -0.072690735, 34.117342608 -0.072296462, 34.11905411 -0.071597927, 34.120573483 -0.069969783, 34.121978663 -0.069000693, 34.125472777 -0.067533611, 34.128054 -0.066243001, 34.132048448 -0.063091568, 34.132980393 -0.061355094, 34.135642826 -0.058631436, 34.137144916 -0.056862848, 34.137968641 -0.05613603, 34.140052184 -0.055045804, 34.140730548 -0.054876215, 34.14148159 -0.054973121, 34.143274405 -0.056765939, 34.143492451 -0.05831648, 34.144001224 -0.059406706, 34.144509995 -0.06008507, 34.144679585 -0.060593843, 34.144461542 -0.06112684, 34.142668725 -0.062677386, 34.141093956 -0.063646474, 34.140391366 -0.064542883, 34.139349595 -0.066456832, 34.136030461 -0.068152742, 34.134092282 -0.068976467, 34.132832468 -0.0709631, 34.132808238 -0.071956416, 34.133680419 -0.072150234, 34.134940237 -0.073119324, 34.135230963 -0.073918823, 34.135206735 -0.074427597, 34.134407236 -0.075081731, 34.13387424 -0.076171958, 34.133656193 -0.077092593, 34.133898465 -0.077649818, 34.134528373 -0.078158591, 34.135927604 -0.078795419, 34.136790159 -0.07968772, 34.13780143 -0.080609758, 34.138426038 -0.080817961, 34.138991159 -0.081234367, 34.140151149 -0.081412829, 34.141875816 -0.081017813, 34.142441378 -0.08135334, 34.143512136 -0.081502059, 34.144344947 -0.082067179, 34.144731612 -0.082781019, 34.145237246 -0.083167679, 34.145861853 -0.084387155, 34.145980827 -0.0857256, 34.145385961 -0.086945076, 34.143303933 -0.088283521, 34.142560351 -0.089056847, 34.142715016 -0.092417834, 34.142715016 -0.093345823, 34.142536557 -0.094059664, 34.141180264 -0.095987026, 34.140859037 -0.096736556, 34.138539063 -0.098092851, 34.137289848 -0.098414078, 34.135398174 -0.099270684, 34.133113891 -0.099984521, 34.130544073 -0.099663294, 34.129401933 -0.099270684, 34.126332429 -0.09887807, 34.124440755 -0.09848546, 34.121478327 -0.099698987, 34.119943576 -0.100555593, 34.119051277 -0.102697106, 34.117373756 -0.103446635, 34.116338693 -0.104303241, 34.115125166 -0.104981389, 34.114982398 -0.106266299, 34.114197177 -0.106730295, 34.114054409 -0.107301362, 34.114661171 -0.108300738, 34.114339943 -0.109014575, 34.114197177 -0.109835488, 34.114339943 -0.110620712, 34.114696863 -0.111298857, 34.115410701 -0.111941312, 34.116691 -0.112696001, 34.118441 -0.112236, 34.120837003 -0.111958999, 34.123509003 -0.111498999, 34.124439201 -0.112138277, 34.124869059 -0.113119144, 34.125261671 -0.113547447, 34.12701 -0.113618002, 34.128576001 -0.113249, 34.133183 -0.112789, 34.135948001 -0.113156999, 34.138527 -0.112880999, 34.139725 -0.111958999, 34.141752 -0.111866999, 34.143134 -0.111314001, 34.145898 -0.112236, 34.147649002 -0.113156999, 34.148735682 -0.113904555, 34.150460164 -0.115474811, 34.151209694 -0.116581263, 34.151388152 -0.117723402, 34.151138308 -0.118544317, 34.150531546 -0.119365232, 34.148211572 -0.120757217, 34.145998674 -0.121935048, 34.14335747 -0.12361257, 34.142358097 -0.124861786, 34.140644885 -0.125968234, 34.138931673 -0.126860532, 34.137860916 -0.127645756, 34.135540941 -0.128538053, 34.134434492 -0.128787896, 34.133363734 -0.12868082, 34.132471437 -0.128002674, 34.131507755 -0.127003302, 34.130544073 -0.126539304, 34.126832114 -0.126325153, 34.125868432 -0.126146696, 34.124797675 -0.124933168, 34.123691225 -0.121613821, 34.123155846 -0.120364603, 34.121692478 -0.119258156, 34.120835873 -0.118151705, 34.120871564 -0.117366483, 34.119765115 -0.117080947, 34.118730049 -0.118116014, 34.118230363 -0.119579381, 34.116624226 -0.120328914, 34.116124542 -0.120721524, 34.11576762 -0.121756588, 34.115624853 -0.123005806, 34.114839632 -0.124504865, 34.11462548 -0.125432855, 34.113947333 -0.126682075, 34.11387595 -0.127717138, 34.113055034 -0.12810975, 34.112483964 -0.128609438, 34.113126419 -0.129644502, 34.114475849 -0.130437962, 34.114732556 -0.130858027, 34.114768247 -0.132071551, 34.114554095 -0.132856776, 34.11391164 -0.133820458, 34.112983651 -0.136283198, 34.110735061 -0.138496098, 34.107844015 -0.13985239, 34.105845268 -0.140423462, 34.104715024 -0.14139904, 34.103477707 -0.142112879, 34.102763866 -0.142731539, 34.102430741 -0.144587517, 34.101431368 -0.145158587, 34.099289853 -0.144682695, 34.098909142 -0.143873678, 34.098195301 -0.143635733, 34.095768251 -0.143540553, 34.094150217 -0.14325502, 34.091818346 -0.143350197, 34.089962367 -0.144016448, 34.089486474 -0.144539929, 34.090105133 -0.145396535, 34.090628614 -0.146586266, 34.091294864 -0.147300104, 34.09255 -0.148078, 34.092294238 -0.148965724, 34.092960486 -0.149489206, 34.093862358 -0.149681466, 34.095387539 -0.151678312, 34.095720664 -0.153010808, 34.096767626 -0.154010184, 34.097576641 -0.15420054, 34.098671194 -0.15486679, 34.099051907 -0.156532411, 34.099147086 -0.157674552, 34.100146459 -0.159197408, 34.100717529 -0.15976848, 34.101954849 -0.161767227, 34.102478331 -0.16219553, 34.102834039 -0.162269002, 34.103525294 -0.163337669, 34.103810828 -0.164194276, 34.105048149 -0.165812311, 34.106380647 -0.166240614, 34.107475199 -0.167668288, 34.108236627 -0.16823936, 34.112995548 -0.168382129, 34.113138317 -0.167715879, 34.115660545 -0.167573109, 34.116802686 -0.167811057, 34.117995501 -0.168795157, 34.121430395 -0.173835102, 34.120681287 -0.174316272, 34.120859745 -0.174613705, 34.121157178 -0.174494732, 34.121062 -0.174340066, 34.121567352 -0.174051293, 34.122449 -0.175442999, 34.123186 -0.178114999, 34.123088876 -0.178445854, 34.121980393 -0.178556701, 34.12163775 -0.178842237, 34.121809073 -0.180555452, 34.12089536 -0.182211554, 34.120210074 -0.182382878, 34.116441008 -0.182325769, 34.115470188 -0.184495839, 34.115698616 -0.185752191, 34.117583149 -0.18695144, 34.119867434 -0.188036477, 34.124292 -0.189356001, 34.125749459 -0.189007297, 34.129083001 -0.186316001, 34.130506403 -0.185813675, 34.133002056 -0.187179871, 34.132659415 -0.188207797, 34.131974129 -0.189178616, 34.131802809 -0.190320757, 34.132202558 -0.191976862, 34.133002056 -0.192833468, 34.134201304 -0.193404541, 34.136257161 -0.193975609, 34.137268772 -0.19409823, 34.138666 -0.194884999, 34.140509 -0.196912, 34.141682332 -0.199638727, 34.144775629 -0.203445864, 34.145299113 -0.20444524, 34.145394291 -0.205397024, 34.144965987 -0.206919877, 34.147695 -0.207968, 34.148248 -0.207230999, 34.149354 -0.207599999, 34.150275 -0.208244999, 34.151473002 -0.208613, 34.152026 -0.206955, 34.15175 -0.205941, 34.152302 -0.204927999, 34.154329 -0.203730001, 34.155159002 -0.203638, 34.155527001 -0.203269, 34.155343 -0.201241999, 34.157092999 -0.19811, 34.159028 -0.197096, 34.161240001 -0.196727001, 34.162438 -0.196912, 34.16428 -0.198939, 34.164833003 -0.199214999, 34.166215002 -0.199399001, 34.167551149 -0.199957587, 34.169993 -0.200413001, 34.171099 -0.200320999, 34.171099 -0.199491999, 34.171836 -0.198386001, 34.17331 -0.198386001, 34.174784 -0.197741001, 34.176351 -0.197925, 34.177456 -0.198477999, 34.179852 -0.197187999, 34.181326 -0.19341, 34.182156 -0.192120999, 34.186486 -0.191106999, 34.187499 -0.190554, 34.188513 -0.189540999, 34.189619003 -0.188896, 34.190724 -0.188526999, 34.193857 -0.188251, 34.195239 -0.188619001, 34.196529 -0.190185999, 34.197174 -0.191290999, 34.19698777 -0.192534556, 34.194125651 -0.194356325, 34.193649759 -0.194974985, 34.193316634 -0.196212302, 34.192031725 -0.197639981, 34.191793779 -0.19892489, 34.189699853 -0.200542922, 34.188700479 -0.201447117, 34.188272176 -0.20244649, 34.188224587 -0.203445864, 34.187605929 -0.20444524, 34.186368608 -0.205349432, 34.185464413 -0.20672952, 34.184322274 -0.210155944, 34.184227092 -0.211250498, 34.184607807 -0.211773979, 34.185797539 -0.211773979, 34.189652263 -0.21115532, 34.192844 -0.210271999, 34.195894179 -0.209748822, 34.200407428 -0.213392013, 34.201435355 -0.214077295, 34.201856097 -0.214159107, 34.202177747 -0.21636158, 34.20212064 -0.217846362, 34.201655885 -0.219115881, 34.199931537 -0.219197896, 34.198265912 -0.219816555, 34.197409306 -0.221006287, 34.197361718 -0.222005662, 34.197780503 -0.222985997, 34.198694216 -0.223956817, 34.201320003 -0.224737999, 34.202334003 -0.225750999, 34.204545 -0.229529001, 34.206296 -0.233121999, 34.207100297 -0.23561698, 34.206846328 -0.235899103, 34.206294293 -0.23608946, 34.205970686 -0.236432101, 34.20595165 -0.23692703, 34.206465614 -0.237250636, 34.206720961 -0.237658449, 34.206664003 -0.239296, 34.207309 -0.240217001, 34.209889 -0.240308999, 34.210626 -0.241507001, 34.211271 -0.243073999, 34.212009 -0.243811, 34.214957 -0.244086999, 34.216392519 -0.245124011, 34.217445001 -0.246758999, 34.218366 -0.246943001, 34.219196 -0.246666999, 34.219656 -0.245193001, 34.220109365 -0.24297347, 34.219656 -0.24077, 34.219656 -0.238927, 34.220301 -0.237821999, 34.222236 -0.236807999, 34.224447002 -0.236255, 34.227027 -0.235978999, 34.229331 -0.234688999, 34.230528 -0.234597, 34.232463002 -0.234964999, 34.232924 -0.235426, 34.235318946 -0.237066367, 34.237812554 -0.239489939, 34.239126017 -0.240175224, 34.241217001 -0.239663999, 34.244626 -0.237729999, 34.244902001 -0.237360999, 34.246008 -0.237452999, 34.247851003 -0.238650999, 34.251352 -0.243073999, 34.254018024 -0.248420025, 34.254228387 -0.250903008, 34.254873 -0.252475999, 34.256010043 -0.253044521, 34.257512044 -0.253139699, 34.25832106 -0.253282466, 34.258844541 -0.254900501, 34.259272844 -0.255757108, 34.258796953 -0.257232372, 34.258939722 -0.258279334, 34.260309001 -0.258649999, 34.261875 -0.257543999, 34.263366088 -0.257074289, 34.265560999 -0.256899, 34.267634689 -0.2571691, 34.268634804 -0.258203128, 34.270335092 -0.263358741, 34.270075598 -0.264418345, 34.269171402 -0.265846021, 34.268885867 -0.26708334, 34.268362386 -0.267844768, 34.267553371 -0.267606823, 34.265602211 -0.269224855, 34.265126318 -0.270557356, 34.262080609 -0.271651905, 34.260462576 -0.273269939, 34.259939094 -0.276601186, 34.259415613 -0.27812404, 34.259796329 -0.280122789, 34.259415613 -0.281264929, 34.259272844 -0.282264304, 34.258796953 -0.282597427, 34.256465081 -0.282502249, 34.255751245 -0.283073319, 34.254466335 -0.283311267, 34.253752495 -0.283882336, 34.251706161 -0.283834748, 34.250611607 -0.284025103, 34.249326698 -0.28488171, 34.247137596 -0.28602385, 34.24680447 -0.286928047, 34.247137596 -0.288403313, 34.248327324 -0.289164741, 34.249377455 -0.288809401, 34.250358 -0.288687, 34.251230267 -0.28908964, 34.251230267 -0.289735809, 34.25165857 -0.290735184, 34.251087498 -0.293162233, 34.251277857 -0.297445265, 34.250278482 -0.29763562, 34.248374913 -0.299015708, 34.248232146 -0.299919903, 34.248422502 -0.300538564, 34.250128653 -0.302816586, 34.250266001 -0.303705999, 34.251003 -0.304810999, 34.251831999 -0.305456, 34.254043 -0.304904001, 34.255149 -0.305087999, 34.261783 -0.304350999, 34.264732 -0.302691999, 34.266298002 -0.302969, 34.266743983 -0.30337448, 34.265887747 -0.303964987, 34.2656498 -0.304821593, 34.267696137 -0.304726413, 34.268219618 -0.305249896, 34.267125068 -0.308343194, 34.265935336 -0.308819089, 34.265173908 -0.309485336, 34.263651053 -0.309723281, 34.262842036 -0.310246764, 34.261176416 -0.312578636, 34.259605969 -0.314101489, 34.258892131 -0.314624971, 34.258511419 -0.315243632, 34.258559007 -0.316005058, 34.258939722 -0.316861664, 34.260401 -0.317699001, 34.261783 -0.317976, 34.262612002 -0.317837999, 34.263787 -0.317354, 34.266412121 -0.317285001, 34.266553995 -0.318384522, 34.266363639 -0.319288716, 34.266389999 -0.320343142, 34.265602211 -0.321477821, 34.265126318 -0.322953087, 34.264650427 -0.323904871, 34.263841409 -0.32504701, 34.26322275 -0.325380135, 34.262270966 -0.325284958, 34.261271594 -0.324761477, 34.26017704 -0.324428351, 34.258749363 -0.324904243, 34.25774999 -0.32566567, 34.256798206 -0.32566567, 34.256322313 -0.325856027, 34.255989188 -0.327331295, 34.256703029 -0.328425846, 34.259295001 -0.329792999, 34.261645 -0.329446999, 34.264063 -0.330206999, 34.265515001 -0.329723999, 34.268490142 -0.32933838, 34.271043 -0.329171, 34.272425 -0.329654001, 34.273793041 -0.330948053, 34.274073092 -0.331757091, 34.27421586 -0.333803429, 34.273930327 -0.336230478, 34.273502023 -0.338181637, 34.273168898 -0.338229224, 34.272217114 -0.339561725, 34.272264702 -0.341036991, 34.272740595 -0.343939932, 34.272740595 -0.346795286, 34.272264702 -0.347699479, 34.272645417 -0.348603677, 34.274568003 -0.349971001, 34.276019 -0.349902, 34.277055 -0.349833, 34.277677 -0.349971001, 34.278437 -0.350454999, 34.279336 -0.350177999, 34.280027002 -0.350316999, 34.281063003 -0.350938999, 34.281823003 -0.350039999, 34.282445002 -0.348519999, 34.283528 -0.347103001, 34.285463 -0.344983999, 34.286676305 -0.344626829, 34.287731199 -0.345367608, 34.288445037 -0.346129037, 34.289111286 -0.347366354, 34.290127639 -0.347532853, 34.291062443 -0.347318768, 34.291636 -0.347563999, 34.292850078 -0.348844338, 34.295393064 -0.352743939, 34.296103339 -0.35473719, 34.296106901 -0.356265539, 34.295964133 -0.356979379, 34.295393064 -0.358264288, 34.295155117 -0.360310623, 34.295488241 -0.360881693, 34.297073003 -0.362491001, 34.298169684 -0.36408976, 34.299152611 -0.366116509, 34.300009218 -0.366877937, 34.300770645 -0.36730624, 34.302562177 -0.367617241, 34.303331145 -0.367956209, 34.303721176 -0.370066415, 34.303816354 -0.372160339, 34.30357841 -0.373540426, 34.30291216 -0.37449221, 34.30105618 -0.375253639, 34.299533326 -0.375348816, 34.296963507 -0.375253639, 34.295773777 -0.376015068, 34.294964761 -0.376728904, 34.294759537 -0.377500811, 34.294917171 -0.379155953, 34.293441905 -0.381773363, 34.292870834 -0.382201666, 34.291585928 -0.382296844, 34.288635394 -0.380821579, 34.287588431 -0.380440862, 34.286731825 -0.380773988, 34.284923435 -0.382487201, 34.283781293 -0.383296216, 34.282829509 -0.383343807, 34.282258438 -0.38305827, 34.280687994 -0.383248629, 34.280164512 -0.384010054, 34.280069334 -0.385390144, 34.28040246 -0.385961212, 34.281449421 -0.386007633, 34.281449421 -0.386484693, 34.281782547 -0.386817818, 34.282422 -0.387092, 34.283753819 -0.387178708, 34.284726002 -0.387552001, 34.285555 -0.388749999, 34.286330441 -0.39180704, 34.285629801 -0.393775505, 34.28397165 -0.394955577, 34.282972279 -0.396954324, 34.283115044 -0.397382627, 34.2862 -0.397596001, 34.287754799 -0.400196621, 34.287731199 -0.400951816, 34.288064325 -0.402189136, 34.288596 -0.402571001, 34.290346003 -0.402848, 34.293387003 -0.402479, 34.29394 -0.402295001, 34.294388479 -0.401653918, 34.294821992 -0.401380119, 34.294726814 -0.400523513, 34.294346102 -0.400237979, 34.293387003 -0.398609001, 34.293295 -0.397502999, 34.294124001 -0.396582001, 34.296704 -0.395752999, 34.297625 -0.396121, 34.298731003 -0.396306001, 34.300992949 -0.395809817, 34.302150732 -0.396716376, 34.303245284 -0.397906108, 34.303245284 -0.399666907, 34.303673587 -0.40076146, 34.304768142 -0.40204637, 34.306471002 -0.402848, 34.307484001 -0.403032, 34.308774003 -0.402663, 34.309419 -0.401557999, 34.309143002 -0.399530999, 34.310248 -0.395937001, 34.31163 -0.395107999, 34.312368 -0.395015999, 34.31421 -0.395383999, 34.314694 -0.394359001, 34.314418 -0.393599001, 34.314901 -0.392147999, 34.315731 -0.391595, 34.316491 -0.391387999, 34.317527001 -0.390144001, 34.317855174 -0.387055766, 34.317379282 -0.386389515, 34.316855801 -0.385961212, 34.315618481 -0.385532909, 34.312442268 -0.385031944, 34.312206003 -0.383993999, 34.312344003 -0.382334999, 34.313588001 -0.380261999, 34.313657 -0.378949, 34.313429377 -0.378108991, 34.312572149 -0.377475388, 34.312690001 -0.376807001, 34.312344003 -0.375355999, 34.312967003 -0.374181, 34.314002999 -0.373351, 34.315938 -0.373421, 34.317251 -0.373212999, 34.317804003 -0.373558999, 34.320222003 -0.373834999, 34.322434 -0.375079, 34.323194 -0.375010001, 34.323885001 -0.373212999, 34.325129 -0.372453, 34.325706469 -0.371074261, 34.327066301 -0.369349082, 34.327980494 -0.369776838, 34.329110738 -0.370847596, 34.329527143 -0.370996313, 34.329943549 -0.370639393, 34.330122009 -0.369925556, 34.329913806 -0.369300947, 34.329527143 -0.368765568, 34.328099467 -0.368676339, 34.326897126 -0.368400791, 34.325800511 -0.367170441, 34.325231994 -0.365876071, 34.325889 -0.362157, 34.326856 -0.360359999, 34.327686001 -0.360014001, 34.33197 -0.356697, 34.333491 -0.355868, 34.334458003 -0.355729999, 34.335633 -0.356143999, 34.337801687 -0.356122893, 34.338673 -0.356558999, 34.340263 -0.355592001, 34.341178803 -0.35537193, 34.342316034 -0.353933668, 34.34374371 -0.352505992, 34.345028619 -0.35145903, 34.346361118 -0.351030727, 34.348217097 -0.350887957, 34.348930936 -0.350174121, 34.349549595 -0.3489368, 34.349359239 -0.348460908, 34.346599064 -0.346652517, 34.345980404 -0.346033859, 34.345409333 -0.345177253, 34.344974648 -0.343565408, 34.345031 -0.342324, 34.345998001 -0.341424999, 34.347311 -0.341218001, 34.348555002 -0.339905, 34.350144 -0.339628999, 34.352702 -0.339698001, 34.354222 -0.338867999, 34.355326999 -0.338591999, 34.357608 -0.337279001, 34.358437 -0.336449999, 34.360994 -0.329953999, 34.3621 -0.328640999, 34.3621 -0.327880999, 34.362929002 -0.326706001, 34.363689002 -0.326359999, 34.364968503 -0.325142189, 34.36572993 -0.322715138, 34.366681715 -0.321906124, 34.368728051 -0.321763354, 34.371838001 -0.320874001, 34.373230313 -0.320117326, 34.374200811 -0.319383894, 34.375057417 -0.317765862, 34.374867061 -0.317289967, 34.374400767 -0.316767021, 34.373794 -0.314142999, 34.374254 -0.312761001, 34.374991 -0.311839999, 34.375134404 -0.31062533, 34.375676079 -0.308961855, 34.375798078 -0.308084394, 34.376098688 -0.30778342, 34.37915009 -0.307724534, 34.380672947 -0.308438374, 34.381291606 -0.308914266, 34.384758 -0.310549999, 34.385772 -0.311287, 34.38697 -0.311379001, 34.387615001 -0.311102, 34.388536003 -0.309997001, 34.388905002 -0.308798999, 34.39001 -0.307417, 34.390655 -0.306863999, 34.392037 -0.306311001, 34.393051 -0.305021001, 34.393696 -0.300322001, 34.394341 -0.299123999, 34.396091 -0.298387, 34.397842 -0.297926999, 34.398211 -0.296820999, 34.399132 -0.296175999, 34.399961001 -0.294517, 34.400330001 -0.292859, 34.400975001 -0.292306001, 34.402081 -0.290832, 34.402172 -0.288620001, 34.403186 -0.285672, 34.403186 -0.283091999, 34.404107 -0.281525999, 34.404415032 -0.279714031, 34.404467556 -0.278504754, 34.401707381 -0.278504754, 34.399408 -0.278023999, 34.398948002 -0.277195001, 34.398487 -0.2748, 34.397196999 -0.273048999, 34.39775 -0.271206001, 34.398392563 -0.269992183, 34.39866167 -0.268796552, 34.398185778 -0.268225484, 34.39532554 -0.267554545, 34.394433 -0.265401, 34.394341 -0.263743, 34.392682 -0.261346999, 34.391454 -0.256785999, 34.391331 -0.254697999, 34.390594 -0.252364, 34.389365 -0.251011999, 34.388628 -0.248801001, 34.388751003 -0.246835, 34.388412777 -0.241952515, 34.387858918 -0.239719541, 34.386336063 -0.237958737, 34.384912558 -0.236148523, 34.38427743 -0.233648441, 34.384183238 -0.23321769, 34.383441325 -0.232432134, 34.382786696 -0.232170283, 34.381564722 -0.23256306, 34.381084663 -0.233130408, 34.379906329 -0.233959602, 34.378684354 -0.235836206, 34.37763695 -0.236621761, 34.377069603 -0.237320032, 34.373054545 -0.238629291, 34.371614363 -0.238672931, 34.369694117 -0.237974662, 34.365111716 -0.236927254, 34.364064308 -0.235748921, 34.361533077 -0.234308738, 34.360616595 -0.233523185, 34.359263695 -0.231864792, 34.357736227 -0.22959541, 34.356950672 -0.22872257, 34.356514253 -0.22662776, 34.355248638 -0.225449428, 34.352848333 -0.221739864, 34.350448025 -0.218641284, 34.34830957 -0.215324498, 34.345341919 -0.212138637, 34.344600006 -0.21013111, 34.34446908 -0.205810557, 34.344163589 -0.203235682, 34.344381796 -0.201446365, 34.345080067 -0.199220625, 34.346520802 -0.196773196, 34.348455 -0.194746, 34.34993 -0.194132, 34.351895 -0.194132, 34.353546602 -0.195161927, 34.354288515 -0.195816556, 34.355728699 -0.196733035, 34.356645179 -0.196733035, 34.358085365 -0.196209331, 34.361355 -0.193763001, 34.364345029 -0.1926908, 34.365312799 -0.192510238, 34.366883 -0.192411999, 34.367866 -0.193148999, 34.370569 -0.193395001, 34.37278 -0.194132, 34.374869 -0.194008999, 34.377203002 -0.193272, 34.378923 -0.191551999, 34.379783 -0.190322999, 34.381749003 -0.188971999, 34.383591 -0.188603, 34.387154 -0.188603, 34.388505 -0.188112001, 34.390471 -0.186637999, 34.392805002 -0.186392001, 34.396491002 -0.187252001, 34.398088001 -0.186761001, 34.399562 -0.185532001, 34.402879 -0.184426001, 34.404476 -0.185408999, 34.405827 -0.186761001, 34.407051018 -0.189641516, 34.407051018 -0.190441014, 34.406708376 -0.191811581, 34.406765483 -0.193239261, 34.407460408 -0.19552304, 34.40745077 -0.196437254, 34.408136052 -0.197122539, 34.409106872 -0.197179646, 34.411848011 -0.194267187, 34.411848011 -0.194038757, 34.411162728 -0.193867437, 34.410373001 -0.193026001, 34.410619 -0.190938001, 34.41111 -0.189094999, 34.413813 -0.183811999, 34.415779002 -0.181354999, 34.417621 -0.178283999, 34.422044 -0.176564001, 34.424038 -0.175280999, 34.425264 -0.174791001, 34.425917001 -0.174710001, 34.427142 -0.174873, 34.428694 -0.175363, 34.430654 -0.175526, 34.431634003 -0.176260999, 34.434329 -0.176996001, 34.436044 -0.176833, 34.437922 -0.176750999, 34.438494 -0.176425001, 34.440345 -0.176667, 34.443848 -0.174247999, 34.449666 -0.171084001, 34.45181 -0.170165001, 34.456098 -0.166080999, 34.457833 -0.165163, 34.459773002 -0.164855999, 34.46086954 -0.165018732, 34.462216442 -0.166627367, 34.46341569 -0.168454793, 34.464857342 -0.171282141, 34.465471544 -0.172623608, 34.46632815 -0.173879965, 34.466613687 -0.175307641, 34.467606628 -0.176414888, 34.468155576 -0.178391423, 34.46769872 -0.179933312, 34.46769872 -0.181132562, 34.468041362 -0.182046275, 34.469526146 -0.182160488, 34.47061118 -0.181532312, 34.47352364 -0.180561492, 34.474414076 -0.181005718, 34.475965773 -0.180488968, 34.479767232 -0.180238185, 34.484145554 -0.180904132, 34.485500861 -0.181539932, 34.485892578 -0.181483839, 34.486429836 -0.179076706, 34.488085942 -0.178391423, 34.488771226 -0.177934567, 34.489170975 -0.17724928, 34.490027581 -0.176392674, 34.490817407 -0.176274261, 34.491797901 -0.176563997, 34.492368971 -0.176392674, 34.492940044 -0.17690664, 34.493111363 -0.17764903, 34.492882937 -0.180390171, 34.493225577 -0.183359738, 34.49379665 -0.184387664, 34.494082183 -0.185529805, 34.495912003 -0.187825999, 34.499995 -0.189357001, 34.502037 -0.189458999, 34.50316 -0.190989999, 34.505202 -0.193133999, 34.506222 -0.193950999, 34.507856 -0.193950999, 34.509285001 -0.194155001, 34.509489 -0.194460999, 34.510427497 -0.194836948, 34.511742542 -0.193988791, 34.512563457 -0.1930608, 34.51317022 -0.191918657, 34.513884057 -0.191561739, 34.514812049 -0.1908479, 34.51671251 -0.1905861, 34.516953565 -0.189384532, 34.516418186 -0.188813462, 34.516167625 -0.187705342, 34.515954189 -0.187207325, 34.516061265 -0.186743332, 34.516570872 -0.186101877, 34.516953565 -0.185030119, 34.517738785 -0.184137821, 34.518416931 -0.183745209, 34.520551294 -0.183998754, 34.526197771 -0.183067064, 34.527149369 -0.182823631, 34.528946047 -0.181211085, 34.52937435 -0.18017602, 34.529445733 -0.179426489, 34.529227024 -0.178326952, 34.530373723 -0.17500069, 34.531087563 -0.174251159, 34.53188943 -0.17373103, 34.531438 -0.172105, 34.53205 -0.170165001, 34.532666589 -0.16954841, 34.534906597 -0.16825492, 34.538788 -0.167613001, 34.539400003 -0.166591999, 34.539605 -0.165469001, 34.540523 -0.164142001, 34.541591493 -0.163454846, 34.541914109 -0.162788106, 34.543847423 -0.161628119, 34.544918177 -0.16070608, 34.547327382 -0.159278401, 34.548249424 -0.158921482, 34.549290437 -0.158891741, 34.550914462 -0.159298713, 34.554614943 -0.15941212, 34.554763198 -0.159248659, 34.556815485 -0.158980969, 34.557678037 -0.158624049, 34.558034957 -0.158177901, 34.558391876 -0.156601507, 34.558897511 -0.15561998, 34.559760066 -0.155144088, 34.559908785 -0.15451948, 34.559284173 -0.153151291, 34.55815393 -0.152110277, 34.556101645 -0.149403638, 34.555328322 -0.147797502, 34.555477036 -0.14666726, 34.555220264 -0.145717522, 34.555326 -0.145154, 34.556856999 -0.142703999, 34.558592 -0.141784999, 34.559205 -0.141989001, 34.563289002 -0.141887, 34.56404109 -0.142160699, 34.565738463 -0.143395499, 34.566303583 -0.144971894, 34.567255368 -0.145893933, 34.568564072 -0.146310338, 34.570378411 -0.147886731, 34.570854305 -0.147886731, 34.571119529 -0.147589468, 34.573191 -0.147705999, 34.573905 -0.147399999, 34.575222046 -0.146319847, 34.575672712 -0.145537015, 34.577457307 -0.144228313, 34.579241904 -0.143752418, 34.580548328 -0.143918341, 34.581262055 -0.144215207, 34.581657056 -0.144948098, 34.582965761 -0.145471579, 34.586487361 -0.145471579, 34.588914413 -0.145186046, 34.589961375 -0.144519795, 34.592007713 -0.142735201, 34.594006459 -0.141712031, 34.59633833 -0.141045783, 34.597409088 -0.141045783, 34.59861 -0.141479001, 34.599520486 -0.141383259, 34.600904404 -0.141729124, 34.602881848 -0.143020734, 34.604071579 -0.144686358, 34.604571265 -0.145709527, 34.60464265 -0.146685106, 34.604404703 -0.147232383, 34.602739082 -0.149064565, 34.602096627 -0.150040144, 34.601977653 -0.150920547, 34.602215601 -0.151563001, 34.602810464 -0.152086483, 34.603548097 -0.152300634, 34.604894238 -0.152283805, 34.606981 -0.150973, 34.608921002 -0.149440999, 34.613827368 -0.147470326, 34.614969512 -0.147351354, 34.615659554 -0.147018229, 34.616706517 -0.146875463, 34.619276335 -0.146804077, 34.620165578 -0.147468158, 34.620299502 -0.150420858, 34.621489233 -0.151658179, 34.622247939 -0.151445922, 34.624534945 -0.152086483, 34.625082222 -0.152402001, 34.626072 -0.152402001, 34.627314003 -0.151376, 34.627927 -0.150253, 34.628029 -0.148823999, 34.628253337 -0.147446791, 34.627985162 -0.146661311, 34.624796684 -0.146994436, 34.623940078 -0.146256803, 34.622988294 -0.14402011, 34.622993046 -0.142939811, 34.623583161 -0.141307522, 34.62596262 -0.138951855, 34.628127929 -0.137381411, 34.630464322 -0.134993844, 34.631197434 -0.133250667, 34.63249186 -0.131366134, 34.633101003 -0.130852171, 34.6349665 -0.129881352, 34.63744114 -0.127045035, 34.637226525 -0.125723491, 34.637632155 -0.124507168, 34.638583281 -0.122933324, 34.640144207 -0.121696006, 34.642904382 -0.120077971, 34.647720411 -0.115223873, 34.648748339 -0.114709907, 34.649338445 -0.114291124, 34.651413335 -0.113567767, 34.652574511 -0.113662944, 34.653088475 -0.114157872, 34.654915901 -0.114386302, 34.657561862 -0.114024623, 34.658228112 -0.114100765, 34.659351217 -0.114824121, 34.659674823 -0.115185801, 34.661254786 -0.115338086, 34.661749715 -0.115242908, 34.662492105 -0.114519551, 34.663919782 -0.11368198, 34.664738316 -0.112958623, 34.665537816 -0.112596947, 34.668716658 -0.11115285, 34.669165762 -0.110628939, 34.670391916 -0.110160377, 34.670715522 -0.109836773, 34.672352592 -0.108904024, 34.673875447 -0.107799952, 34.674160982 -0.10711467, 34.674096319 -0.105621314, 34.674827231 -0.104563886, 34.67478916 -0.104030887, 34.675431051 -0.102641411, 34.676083586 -0.101841782, 34.677301871 -0.10096614, 34.677949083 -0.100299891, 34.678748583 -0.09978593, 34.679281582 -0.098872217, 34.679376761 -0.097882361, 34.679681331 -0.097692003, 34.67994138 -0.097785925, 34.680804439 -0.097159004, 34.681946578 -0.097063826, 34.682574759 -0.096740218, 34.682993541 -0.096321433, 34.683678827 -0.096054935, 34.684230861 -0.095655183, 34.684992289 -0.09557904, 34.686952964 -0.095997828, 34.687600178 -0.096892503, 34.688247392 -0.097063826, 34.688609069 -0.09677829, 34.688494855 -0.094151364, 34.688837497 -0.09329476, 34.690093853 -0.092190689, 34.690741069 -0.091809975, 34.692739814 -0.09148637, 34.695385776 -0.091600584, 34.69610913 -0.091886117, 34.702390907 -0.092666581, 34.705436619 -0.094551114, 34.709586398 -0.097406466, 34.71112669 -0.098723157, 34.711623219 -0.098834145, 34.712803429 -0.099919179, 34.714059784 -0.100737714, 34.714497606 -0.101061318, 34.714459535 -0.101213604, 34.715677818 -0.102222496, 34.716393724 -0.103190392, 34.716610566 -0.103764386, 34.71721971 -0.104316423, 34.718013332 -0.104809337, 34.718247636 -0.105496634, 34.71959917 -0.106334205, 34.721228352 -0.10660233, 34.722625846 -0.106143849, 34.723558594 -0.106124814, 34.723954 -0.106259001, 34.726303002 -0.104829999, 34.72754905 -0.103375708, 34.72763223 -0.102698389, 34.728450764 -0.101613356, 34.729136049 -0.101308783, 34.731058653 -0.099271964, 34.732048509 -0.098472465, 34.734565982 -0.096573656, 34.734997872 -0.095309756, 34.734798181 -0.095052505, 34.735902022 -0.09338851, 34.736215049 -0.093306134, 34.736626928 -0.092713027, 34.737252985 -0.091773941, 34.738669854 -0.090373549, 34.73923001 -0.090274696, 34.739586856 -0.090444984, 34.740472744 -0.089815564, 34.740169097 -0.089302659, 34.74026795 -0.08898963, 34.741157701 -0.088248628, 34.741767192 -0.088099971, 34.746067221 -0.086155895, 34.747187537 -0.086221796, 34.749823567 -0.087259735, 34.750597902 -0.087852842, 34.7510173 -0.08784927, 34.751610655 -0.088071758, 34.752819878 -0.089301105, 34.752805578 -0.089615689, 34.753459632 -0.090426038, 34.753559848 -0.091101327, 34.752970331 -0.092597702, 34.751471088 -0.093800393, 34.750630851 -0.094360548, 34.750037744 -0.094871278, 34.74926341 -0.095332586, 34.749115134 -0.095810367, 34.748274897 -0.096337574, 34.747846544 -0.097474363, 34.747566464 -0.09788624, 34.747335811 -0.098792377, 34.746347299 -0.10015982, 34.745951894 -0.100390474, 34.7462449 -0.100976484, 34.745688291 -0.101296608, 34.745474113 -0.101626112, 34.744848055 -0.103767888, 34.743282911 -0.103734939, 34.743266435 -0.103982066, 34.743711267 -0.10421272, 34.744403227 -0.10421272, 34.744567976 -0.104591649, 34.7444197 -0.105052957, 34.744567976 -0.105217707, 34.743991345 -0.106074417, 34.744716254 -0.106469822, 34.744798631 -0.107079405, 34.744617405 -0.10889168, 34.744881008 -0.109336508, 34.743315863 -0.113735388, 34.74339824 -0.116387897, 34.744057247 -0.120276044, 34.744551501 -0.121264558, 34.744535028 -0.121824715, 34.744353799 -0.121989466, 34.744287898 -0.123818212, 34.744024295 -0.124559598, 34.743530041 -0.124955005, 34.743436874 -0.125194572, 34.742788657 -0.124790252, 34.742195547 -0.124444272, 34.741717766 -0.124905576, 34.741223512 -0.12602589, 34.742821605 -0.128414797, 34.742492102 -0.128596022, 34.741141135 -0.127904063, 34.74084458 -0.129024379, 34.740284424 -0.129238557, 34.740218525 -0.129419783, 34.740828108 -0.129930513, 34.740906242 -0.130104146, 34.740004347 -0.130441244, 34.739954919 -0.131001401, 34.739823117 -0.131248531, 34.739543039 -0.131248531, 34.739312387 -0.131660411, 34.739295911 -0.132187617, 34.739889019 -0.133027854, 34.740531552 -0.133258505, 34.741454163 -0.133390307, 34.741520063 -0.134395294, 34.74119056 -0.135037829, 34.741239985 -0.135317905, 34.741009334 -0.135383808, 34.74084458 -0.135334383, 34.740767312 -0.135847664, 34.738768705 -0.136471172, 34.738636903 -0.136800673, 34.738192073 -0.136619446, 34.738444562 -0.137730664, 34.737052576 -0.138266704, 34.736824148 -0.13868549, 34.736511601 -0.138909502, 34.735654891 -0.138695324, 34.73352959 -0.140128667, 34.732063296 -0.141693809, 34.731783218 -0.142748225, 34.731601991 -0.142978875, 34.731733792 -0.143555507, 34.731931494 -0.143983862, 34.73191502 -0.144395745, 34.732689355 -0.145087702, 34.732936482 -0.145417206, 34.733925989 -0.145234928, 34.734200894 -0.145722238, 34.735604228 -0.146110201, 34.736607046 -0.1457308, 34.73679168 -0.14530188, 34.737434215 -0.145400732, 34.738044235 -0.145727696, 34.738697527 -0.146407633, 34.738965216 -0.147032242, 34.739084189 -0.14801377, 34.738638041 -0.150006568, 34.739316121 -0.151221122, 34.740029957 -0.155206722, 34.743342358 -0.162170622, 34.744320243 -0.162383483, 34.750202153 -0.160560507, 34.751867778 -0.160382048, 34.753473911 -0.159787182, 34.755080048 -0.159668211, 34.755933839 -0.159933124, 34.759006158 -0.16204767, 34.76151097 -0.164363018, 34.763586621 -0.167223, 34.766442757 -0.169413237, 34.768345542 -0.17299319, 34.770130139 -0.174301895, 34.771617302 -0.175848547, 34.777744414 -0.185366389, 34.78071874 -0.190779662, 34.78208693 -0.192861691, 34.783098202 -0.194705772, 34.784637572 -0.196661189, 34.793155592 -0.196460779, 34.793371521 -0.196553296, 34.793746291 -0.197204206, 34.795590372 -0.198929315, 34.797910345 -0.203450293, 34.798564698 -0.205294374, 34.800289807 -0.207138456, 34.804096945 -0.216358868, 34.804572837 -0.218619355, 34.80522719 -0.220760871, 34.805941027 -0.226293118, 34.806535892 -0.227720794, 34.807487676 -0.22914847, 34.809450732 -0.231527934, 34.810937895 -0.234442771, 34.8113543 -0.236703259, 34.813198384 -0.241045775, 34.813835672 -0.243116293, 34.815420625 -0.246821244, 34.818195253 -0.258951222, 34.819087549 -0.260795302, 34.820371569 -0.261901894, 34.821575329 -0.261891182, 34.822002388 -0.26115222, 34.82274443 -0.260324548, 34.824020839 -0.260700663, 34.826349943 -0.260524512, 34.828648342 -0.260988348, 34.829957044 -0.261880645, 34.830664828 -0.263241541, 34.831103827 -0.264602441, 34.832174584 -0.266565494, 34.833423801 -0.267279336, 34.836457614 -0.267576768, 34.837824688 -0.267537706, 34.83859913 -0.265851658, 34.838361183 -0.265197305, 34.837706831 -0.264483468, 34.838361183 -0.264245521, 34.84080013 -0.264423979, 34.842584726 -0.264007574, 34.843477024 -0.264959358, 34.844309835 -0.265494737, 34.843536511 -0.265732684, 34.84252524 -0.265494737, 34.841989861 -0.26561371, 34.840264752 -0.2669819, 34.840110527 -0.267567952, 34.840383725 -0.267576768, 34.841573456 -0.268647525, 34.842941645 -0.269182904, 34.84561854 -0.269361363, 34.848176461 -0.268528552, 34.849425676 -0.26870701, 34.850555921 -0.269301876, 34.8510913 -0.269777768, 34.851983597 -0.27180031, 34.851983597 -0.273287473, 34.851686166 -0.274060799, 34.851031813 -0.274715149, 34.850258488 -0.276142825, 34.849009271 -0.276202312, 34.848159921 -0.278953279, 34.848635814 -0.280380954, 34.849961055 -0.281258667, 34.850139515 -0.282091477, 34.850080029 -0.283102751, 34.849723109 -0.283935562, 34.848771325 -0.285184777, 34.847998 -0.286731427, 34.848992732 -0.291504934, 34.850182463 -0.292397232, 34.851669626 -0.292397232, 34.85297833 -0.292040313, 34.85364922 -0.292680079, 34.853887166 -0.294524161, 34.853827679 -0.295654405, 34.852518976 -0.299699489, 34.850199003 -0.304101492, 34.848949784 -0.307789657, 34.847522108 -0.310823471, 34.845936266 -0.312974286, 34.843952916 -0.314809067, 34.841394995 -0.316355718, 34.838658616 -0.319151583, 34.834494559 -0.320400802, 34.833661748 -0.321947449, 34.833126369 -0.323791533, 34.831460746 -0.325635614, 34.825928499 -0.327479696, 34.823192121 -0.328669427, 34.820812658 -0.329264293, 34.818254738 -0.32860994, 34.816886547 -0.327539185, 34.814745033 -0.32539767, 34.813555302 -0.323613072, 34.811275481 -0.321062587, 34.809990572 -0.31999183, 34.808384435 -0.317993084, 34.807313678 -0.317172171, 34.806921067 -0.31624418, 34.804494017 -0.314673734, 34.802602346 -0.312425145, 34.800746366 -0.310497781, 34.799390073 -0.308499033, 34.798462084 -0.306643056, 34.796484698 -0.303597957, 34.795111934 -0.300999134, 34.793750751 -0.297006238, 34.790681246 -0.290736358, 34.789610488 -0.289903545, 34.788807423 -0.28948714, 34.788034095 -0.288535356, 34.788391014 -0.28776203, 34.787290514 -0.286958964, 34.786546932 -0.287256395, 34.785862838 -0.287881003, 34.784911053 -0.289606114, 34.784197215 -0.290319951, 34.783602352 -0.291509682, 34.78241262 -0.292996845, 34.779795212 -0.295762968, 34.779021889 -0.296357834, 34.777237291 -0.297071674, 34.776612683 -0.297636795, 34.775928589 -0.297696282, 34.774441426 -0.298469605, 34.773876303 -0.298410118, 34.773489642 -0.296863471, 34.773340924 -0.295584511, 34.772716315 -0.294573238, 34.771348126 -0.294275805, 34.768314313 -0.294008116, 34.764864095 -0.2949599, 34.761622079 -0.295138361, 34.760670294 -0.295911687, 34.760313377 -0.296536295, 34.758528779 -0.29739885, 34.757725711 -0.298112687, 34.756922642 -0.298558837, 34.756268293 -0.299480876, 34.754751385 -0.306886949, 34.754216006 -0.310337168, 34.754473271 -0.313208822, 34.756985 -0.316819001, 34.758556649 -0.318259679, 34.75901062 -0.320800847, 34.75901062 -0.32180022, 34.760117069 -0.322442674, 34.76068814 -0.323192205, 34.761473364 -0.324834035, 34.76161613 -0.325762024, 34.76068814 -0.32701124, 34.76068814 -0.327653694, 34.762686887 -0.331472729, 34.763507804 -0.332686257, 34.764614251 -0.333649938, 34.765078246 -0.334470851, 34.764864095 -0.336933595, 34.763686261 -0.340645553, 34.761187827 -0.347248558, 34.759902917 -0.349390073, 34.757261716 -0.351138974, 34.75547712 -0.351174668, 34.753549757 -0.349925452, 34.752336234 -0.349390073, 34.750230408 -0.349568531, 34.746090146 -0.349247304, 34.743698788 -0.349461455, 34.742485263 -0.348854694, 34.74073636 -0.348426391, 34.739665602 -0.348783309, 34.737631163 -0.350425138, 34.736774557 -0.35174574, 34.735882259 -0.352495268, 34.734633042 -0.353066338, 34.732598603 -0.353066338, 34.727815886 -0.352352502, 34.726638053 -0.353387565, 34.724103927 -0.35274511, 34.722033798 -0.351710047, 34.721177191 -0.351602971, 34.719249827 -0.352102656, 34.717893536 -0.352673729, 34.716572933 -0.35274511, 34.714824028 -0.352495268, 34.713753271 -0.352174041, 34.712075752 -0.350817747, 34.711433297 -0.350175293, 34.710219773 -0.347819627, 34.709541626 -0.34746271, 34.70868502 -0.347391324, 34.707614262 -0.347748242, 34.705080136 -0.349425762, 34.699869117 -0.352316807, 34.698584208 -0.352423883, 34.694194105 -0.350782055, 34.690839062 -0.34935438, 34.688519087 -0.348747618, 34.687698176 -0.348997459, 34.685628042 -0.350817747, 34.684343134 -0.352209732, 34.682594232 -0.354815244, 34.681701932 -0.354993702, 34.680595482 -0.354708168, 34.679667493 -0.355100778, 34.67845397 -0.354993702, 34.677597364 -0.354672475, 34.676203458 -0.354862508, 34.674879736 -0.354538689, 34.669959291 -0.351710047, 34.665604878 -0.352209732, 34.66489104 -0.352423883, 34.664212893 -0.352923571, 34.663035063 -0.353494641, 34.662392608 -0.354208479, 34.660144016 -0.354386941, 34.658609263 -0.353744487, 34.656467748 -0.351959889, 34.655682527 -0.351067592, 34.65575391 -0.350425138, 34.657181588 -0.349211611, 34.656681899 -0.348604849, 34.655289914 -0.348890385, 34.653433935 -0.347712552, 34.652541637 -0.347891013, 34.651577956 -0.348497773, 34.649829052 -0.347926703, 34.647009391 -0.348140855, 34.644903567 -0.348783309, 34.643547274 -0.349033152, 34.642654977 -0.34935438, 34.641976832 -0.349247304, 34.639835316 -0.347605476, 34.639335628 -0.347427015, 34.638443331 -0.347569785, 34.637658109 -0.347427015, 34.636801503 -0.346998712, 34.634481528 -0.34489289, 34.632804008 -0.344250436, 34.631376332 -0.344000591, 34.630948028 -0.343715057, 34.630769569 -0.343251062, 34.630091422 -0.342430147, 34.630055731 -0.341180932, 34.629698812 -0.340145867, 34.629306201 -0.339574795, 34.62837821 -0.33893234, 34.627343145 -0.339717564, 34.626275006 -0.340005403, 34.624880402 -0.339896022, 34.623809645 -0.339110799, 34.620204762 -0.339860329, 34.615207893 -0.341502159, 34.613815912 -0.342394456, 34.612423927 -0.344571663, 34.611495935 -0.345107042, 34.610675021 -0.346606103, 34.609782722 -0.347141482, 34.608319355 -0.346927331, 34.60674891 -0.346463333, 34.602037578 -0.34621349, 34.595934261 -0.345963649, 34.593792745 -0.345499652, 34.592472144 -0.345035659, 34.591758306 -0.344179053, 34.590723241 -0.343500905, 34.58979525 -0.343286753, 34.587689428 -0.34432182, 34.586975589 -0.344393205, 34.585547912 -0.344179053, 34.5838347 -0.343322447, 34.580301202 -0.340145867, 34.576874777 -0.335862837, 34.573805272 -0.334399469, 34.572377596 -0.33386409, 34.569879162 -0.332186568, 34.566452738 -0.330294896, 34.563418928 -0.328902911, 34.557422683 -0.326832783, 34.556316234 -0.326261709, 34.555174093 -0.325976176, 34.552211664 -0.325833406, 34.550998139 -0.325904793, 34.549284926 -0.326261709, 34.54842832 -0.326047558, 34.547464641 -0.325512179, 34.547214796 -0.325940482, 34.545358816 -0.325904793, 34.544038215 -0.325619255, 34.542325003 -0.326047558, 34.540112105 -0.325654949, 34.539576726 -0.326226018, 34.538934271 -0.326368785, 34.537113984 -0.326297404, 34.536614299 -0.326475861, 34.534615549 -0.327939231, 34.533830328 -0.328867222, 34.531153434 -0.33018782, 34.528644212 -0.331516107, 34.526870404 -0.331401347, 34.525228577 -0.330294896, 34.523265521 -0.329366907, 34.522480301 -0.32943829, 34.521944922 -0.329723828, 34.522087688 -0.330330589, 34.519482178 -0.330473358, 34.518447115 -0.331187196, 34.517269281 -0.333614245, 34.516448365 -0.33461362, 34.513557319 -0.335220382, 34.508738911 -0.33539884, 34.507025699 -0.335934218, 34.50459865 -0.3368979, 34.502207291 -0.338539731, 34.501794191 -0.339213735, 34.50008022 -0.339927959, 34.497103347 -0.340252943, 34.49660366 -0.340752629, 34.495639978 -0.344357511, 34.493641231 -0.344286129, 34.492784625 -0.34450028, 34.491785252 -0.345178424, 34.490607418 -0.345499652, 34.490107732 -0.34603503, 34.489286818 -0.346427642, 34.488001908 -0.346070724, 34.486788384 -0.346713179, 34.481327522 -0.346570409, 34.477865405 -0.346356258, 34.476009426 -0.346891636, 34.473439607 -0.348176546, 34.470869789 -0.349961141, 34.468728275 -0.350603596, 34.465979997 -0.351031898, 34.46530185 -0.350924823, 34.464695088 -0.35124605, 34.464195401 -0.35270942, 34.463410179 -0.352816495, 34.46212527 -0.353744487, 34.462268038 -0.355707539, 34.462018195 -0.357313675, 34.461125898 -0.361775165, 34.46009083 -0.362239162, 34.459162841 -0.36330992, 34.459055766 -0.364130832, 34.458698849 -0.36520159, 34.458484694 -0.366700652, 34.456771485 -0.367949866, 34.457021327 -0.36855663, 34.457235478 -0.370876606, 34.456985636 -0.371840286, 34.455986261 -0.372839659, 34.454451508 -0.373267962, 34.453773362 -0.374267338, 34.453309367 -0.375373785, 34.453523519 -0.377943603, 34.453380754 -0.379085744, 34.453023832 -0.379799582, 34.451596155 -0.381262953, 34.451203544 -0.382405092, 34.450489707 -0.38290478, 34.449668791 -0.383118931, 34.44945464 -0.383440159, 34.44981156 -0.384332456, 34.449561716 -0.388722563, 34.449276181 -0.390971152, 34.447634355 -0.393790813, 34.447098976 -0.394290501, 34.446706363 -0.395147106, 34.447063282 -0.396931702, 34.447527279 -0.397502772, 34.448455267 -0.397931075, 34.449597408 -0.398180921, 34.450275555 -0.398787682, 34.450953701 -0.400358125, 34.451060776 -0.402285488, 34.451560465 -0.403606092, 34.451988768 -0.406068832, 34.45206015 -0.408959878, 34.452131534 -0.409887869, 34.452881064 -0.411279852, 34.453987514 -0.412993064, 34.453916129 -0.414813351, 34.45355921 -0.41609826, 34.455403824 -0.417136582, 34.456843468 -0.418216259, 34.459055766 -0.419239151, 34.460661902 -0.42020283, 34.461090205 -0.420880976, 34.461125898 -0.421844658, 34.462553573 -0.423736331, 34.463124644 -0.424164634, 34.463778185 -0.424365946, 34.467580996 -0.427670807, 34.468948216 -0.429199559, 34.469584881 -0.430196569, 34.470370103 -0.430767637, 34.470727021 -0.432695, 34.471824772 -0.432773411, 34.472458 -0.433497001, 34.472618695 -0.434408213, 34.472654385 -0.436228502, 34.472868537 -0.436799571, 34.474367597 -0.438191556, 34.475311259 -0.438492006, 34.475709079 -0.438853845, 34.476116502 -0.439833385, 34.476758001 -0.440724999, 34.477420988 -0.441245879, 34.478864778 -0.441582288, 34.479828461 -0.442081976, 34.483361959 -0.445329938, 34.485325015 -0.44629362, 34.486145929 -0.446971769, 34.487216687 -0.448613596, 34.488180368 -0.450469576, 34.489715121 -0.45225417, 34.491928019 -0.454003076, 34.49546152 -0.456215974, 34.498495332 -0.458928559, 34.498887942 -0.459428247, 34.498887942 -0.460891615, 34.498566715 -0.461498376, 34.498423948 -0.462711903, 34.498673794 -0.463068821, 34.499637472 -0.462890361, 34.500172851 -0.462426367, 34.50274267 -0.462569133, 34.505026953 -0.463104512, 34.50574079 -0.46342574, 34.506882932 -0.463532815, 34.507739538 -0.464032503, 34.508953063 -0.465281719, 34.509559825 -0.465495873, 34.512700716 -0.468422608, 34.513057633 -0.469172138, 34.513236095 -0.470100127, 34.513236095 -0.471456421, 34.512914868 -0.4733124, 34.512201027 -0.474704385, 34.511023194 -0.478059425, 34.510666276 -0.478380653, 34.509952436 -0.478202192, 34.509238598 -0.479344333, 34.509024447 -0.48016525, 34.508917371 -0.481949846, 34.508453375 -0.483484597, 34.507596772 -0.485554728, 34.50499126 -0.48969499, 34.502778361 -0.49083713, 34.502314367 -0.490730054, 34.499851624 -0.488945459, 34.498638099 -0.488802692, 34.49828118 -0.489088229, 34.49753165 -0.489016842, 34.497388884 -0.48930238, 34.497995645 -0.490266062, 34.498138415 -0.490908514, 34.496996271 -0.492014963, 34.496017653 -0.492515654, 34.494426453 -0.490765748, 34.493212928 -0.491336817, 34.492070789 -0.491229741, 34.491142797 -0.490944206, 34.490571728 -0.49172943, 34.490678803 -0.492478961, 34.491464024 -0.493157106, 34.492748934 -0.493835251, 34.493712615 -0.494085097, 34.493212928 -0.495726922, 34.492677549 -0.496619222, 34.491820943 -0.498796427, 34.491499716 -0.500366874, 34.490714494 -0.50090225, 34.489750812 -0.502615463, 34.487430838 -0.504971128, 34.486467156 -0.505435125, 34.485182247 -0.505792045, 34.483968722 -0.505792045, 34.482683813 -0.505256666, 34.482219819 -0.505292356, 34.481613056 -0.506291731, 34.480970601 -0.506934186, 34.47965 -0.507790792, 34.477794021 -0.51000369, 34.474760208 -0.512466433, 34.468978118 -0.51596424, 34.466051381 -0.517534682, 34.464231093 -0.518534059, 34.462196656 -0.519283589, 34.461554201 -0.51989035, 34.460269291 -0.520604187, 34.459519761 -0.520782647, 34.456414564 -0.521996172, 34.45541519 -0.522210323, 34.455022579 -0.522067559, 34.454415817 -0.521353717, 34.451703231 -0.523066929, 34.450953701 -0.522995548, 34.450346938 -0.522638626, 34.449990018 -0.522710011, 34.449311873 -0.523209699, 34.447634355 -0.52381646, 34.444850384 -0.525601055, 34.440281819 -0.527242886, 34.438354455 -0.527242886, 34.436605551 -0.527849646, 34.433571738 -0.529884086, 34.432715132 -0.530847769, 34.431822835 -0.531525914, 34.43060931 -0.532917899, 34.429931163 -0.533346202, 34.429253016 -0.534060042, 34.429217325 -0.535059413, 34.428182258 -0.535023723, 34.423934924 -0.536701243, 34.422328787 -0.537700616, 34.421757714 -0.537200928, 34.421543563 -0.536094479, 34.419723275 -0.532668057, 34.419152204 -0.532204059, 34.417367609 -0.531490223, 34.417117767 -0.530597923, 34.41665377 -0.529991162, 34.415797164 -0.529634242, 34.41551163 -0.528991787, 34.41461384 -0.528804538, 34.41422672 -0.52845641, 34.41479779 -0.527242886, 34.41479779 -0.526493355, 34.414369487 -0.52642197, 34.414005568 -0.526151507, 34.414083953 -0.525565366, 34.414726407 -0.523923536, 34.414476563 -0.523495233, 34.414485848 -0.52292318, 34.415261786 -0.52153218, 34.415270618 -0.520830575, 34.415720943 -0.519629771, 34.415583013 -0.519069437, 34.415797164 -0.518462672, 34.416264747 -0.518588972, 34.416475312 -0.518284213, 34.41679654 -0.516392543, 34.417260533 -0.515428861, 34.418081446 -0.515393168, 34.41925928 -0.514822099, 34.420931442 -0.513643669, 34.421174142 -0.51242122, 34.42204325 -0.511252905, 34.422257401 -0.510289224, 34.422721396 -0.509468311, 34.423078318 -0.508433247, 34.423899229 -0.508076325, 34.424755836 -0.506862801, 34.425505366 -0.504471443, 34.426254897 -0.504471443, 34.426968734 -0.504721287, 34.42946453 -0.506802405, 34.432964978 -0.50682711, 34.433678814 -0.507148338, 34.435283794 -0.507357881, 34.436217003 -0.506999001, 34.437110001 -0.505340001, 34.438004 -0.502659999, 34.438979732 -0.500709492, 34.438961217 -0.500117029, 34.437783347 -0.498808327, 34.437238 -0.497173001, 34.436217003 -0.495896999, 34.435748945 -0.493978021, 34.433286202 -0.493192797, 34.432393905 -0.492978645, 34.431644375 -0.492621727, 34.430716386 -0.492478961, 34.430109622 -0.492728803, 34.429038864 -0.493942327, 34.426076436 -0.495798306, 34.422721396 -0.497261677, 34.420936801 -0.499331806, 34.419973119 -0.499331806, 34.419758968 -0.498617968, 34.418295601 -0.49768998, 34.417902988 -0.494870316, 34.417474685 -0.493763869, 34.417438995 -0.492264809, 34.41758176 -0.491550969, 34.417614673 -0.489514742, 34.417760222 -0.489052535, 34.418352002 -0.488367999, 34.419116513 -0.487018095, 34.419330664 -0.486268565, 34.419187896 -0.485376267, 34.418045755 -0.484198436, 34.416618079 -0.484162743, 34.415475937 -0.483948591, 34.413548574 -0.483127679, 34.410657528 -0.48055786, 34.409693846 -0.48016525, 34.40676711 -0.476060677, 34.406124655 -0.475560992, 34.405196666 -0.473669321, 34.405910504 -0.471741958, 34.407016955 -0.470956733, 34.407341788 -0.471296334, 34.409164001 -0.471524001, 34.409875474 -0.470971042, 34.410657528 -0.470100127, 34.410800296 -0.468636759, 34.410229225 -0.468065689, 34.408194789 -0.467815847, 34.407052645 -0.467458925, 34.405375125 -0.467280469, 34.404593444 -0.466173711, 34.404054524 -0.464246653, 34.404232984 -0.456037513, 34.403269302 -0.455359368, 34.402412696 -0.455716286, 34.40041395 -0.455859053, 34.3993075 -0.45635874, 34.398986273 -0.456715659, 34.398236742 -0.457072581, 34.396701992 -0.457215347, 34.396059537 -0.457500884, 34.39520293 -0.45760796, 34.393953712 -0.457964877, 34.39316849 -0.457679341, 34.393132799 -0.458428871, 34.391883581 -0.459142709, 34.390277445 -0.458535947, 34.389599298 -0.457679341, 34.388707001 -0.457500884, 34.388064546 -0.456751353, 34.387065173 -0.456215974, 34.385887339 -0.456608583, 34.384673815 -0.456679968, 34.382246766 -0.456251665, 34.381211699 -0.455894747, 34.37939141 -0.455680595, 34.378356346 -0.455502134, 34.376928671 -0.454538455, 34.375036997 -0.452075713, 34.373109633 -0.450540958, 34.372395796 -0.449291742, 34.371896109 -0.449006208, 34.371325038 -0.450041272, 34.371396424 -0.451397564, 34.371646266 -0.452147094, 34.371574882 -0.452753858, 34.371146579 -0.453788925, 34.366149711 -0.453896, 34.365864176 -0.454324303, 34.365864176 -0.454931065, 34.36629248 -0.455894747, 34.365981661 -0.456635926, 34.364222347 -0.457500884, 34.363972503 -0.458678717, 34.364186655 -0.459535323, 34.365221722 -0.460070699, 34.365507256 -0.460748845, 34.366756473 -0.461319918, 34.36818415 -0.46153407, 34.369576135 -0.462818979, 34.369825977 -0.463996812, 34.36986167 -0.465388797, 34.369469059 -0.46660232, 34.369478001 -0.468206, 34.369337454 -0.468909285, 34.368652024 -0.470481739, 34.369227933 -0.470840145, 34.369569395 -0.472870946, 34.370378121 -0.474668114, 34.370953214 -0.477543584, 34.370881328 -0.478406224, 34.372265147 -0.479790044, 34.372642553 -0.480113534, 34.372498779 -0.480994147, 34.37133062 -0.48252174, 34.369713168 -0.482234193, 34.369191989 -0.482683485, 34.368329349 -0.48284523, 34.367506002 -0.483448908, 34.366934934 -0.483306136, 34.365186029 -0.481557233, 34.363402741 -0.480922627, 34.36315159 -0.480379399, 34.36240206 -0.480450784, 34.361402687 -0.480879087, 34.359082711 -0.482342454, 34.358261797 -0.482485224, 34.357226732 -0.482342454, 34.356227358 -0.482413839, 34.355335061 -0.482842142, 34.354799682 -0.482556606, 34.354050151 -0.483056294, 34.353407697 -0.484269818, 34.353157854 -0.485411959, 34.353122164 -0.487053789, 34.353800308 -0.489230994, 34.35440707 -0.491051281, 34.354835373 -0.4945134, 34.35551352 -0.496119534, 34.3551566 -0.497083216, 34.353514772 -0.49843951, 34.350266808 -0.499867184, 34.349053283 -0.499902878, 34.348125296 -0.49958165, 34.346876077 -0.498760738, 34.346519159 -0.498153974, 34.34598378 -0.496297995, 34.344913022 -0.494656165, 34.341611519 -0.492752596, 34.338339762 -0.491116719, 34.336822853 -0.490135191, 34.336495678 -0.489718786, 34.336703881 -0.488915715, 34.336614651 -0.487012146, 34.336674138 -0.485614213, 34.33688234 -0.485049093, 34.336978952 -0.483159873, 34.336555164 -0.481628618, 34.336614651 -0.48100401, 34.336495678 -0.480438886, 34.336079272 -0.47972505, 34.335811582 -0.478416344, 34.335543893 -0.478267628, 34.335484406 -0.477851223, 34.335841326 -0.477137383, 34.335930556 -0.476453289, 34.336257732 -0.476274829, 34.336733625 -0.476334315, 34.337269004 -0.476007142, 34.337887662 -0.474436696, 34.3377211 -0.47300902, 34.337506948 -0.471866879, 34.336882836 -0.47110961, 34.332771821 -0.470010897, 34.333033561 -0.469463621, 34.331439326 -0.46908291, 34.330463746 -0.469011524, 34.329726113 -0.468535633, 34.328726738 -0.468583221, 34.328250845 -0.468178714, 34.328084283 -0.467821796, 34.327537007 -0.46727452, 34.327084909 -0.466179965, 34.32615692 -0.465466129, 34.325609644 -0.462206266, 34.324250111 -0.459441756, 34.322907726 -0.456951847, 34.323059286 -0.456085791, 34.323297451 -0.455176435, 34.323708827 -0.454483591, 34.324704791 -0.45387735, 34.324704791 -0.45337937, 34.324531579 -0.453011294, 34.323730479 -0.452556616, 34.323405707 -0.451820471, 34.323470662 -0.450629642, 34.322799469 -0.45086781, 34.321673597 -0.449417165, 34.321175618 -0.44915735, 34.320526074 -0.449179002, 34.320114697 -0.449373862, 34.319811578 -0.449720286, 34.319746625 -0.450023406, 34.320179653 -0.451322486, 34.319746625 -0.453032946, 34.319811578 -0.453422671, 34.320049745 -0.453704139, 34.320107274 -0.454108338, 34.319854881 -0.454830011, 34.319900566 -0.45510413, 34.318707357 -0.45747148, 34.317927908 -0.458359188, 34.317473228 -0.458640656, 34.315806071 -0.459052032, 34.314831759 -0.459896436, 34.314615245 -0.459874784, 34.314030659 -0.460610933, 34.313792492 -0.460372766, 34.312103684 -0.461606897, 34.312146987 -0.461931665, 34.311107723 -0.462841025, 34.310566436 -0.462992586, 34.309873591 -0.462776069, 34.308834325 -0.462126529, 34.308011573 -0.462039925, 34.307188822 -0.462191482, 34.306820747 -0.463793685, 34.306431021 -0.464529834, 34.305759828 -0.465006163, 34.304828818 -0.464897905, 34.303551388 -0.465071118, 34.302642029 -0.465265979, 34.303053405 -0.467582678, 34.303313221 -0.467950751, 34.304330837 -0.468145615, 34.30632364 -0.469199526, 34.307037261 -0.469423047, 34.307333 -0.469993, 34.307792147 -0.470222443, 34.308141481 -0.471025247, 34.309505518 -0.47165314, 34.31063139 -0.471588183, 34.311229569 -0.471909033, 34.312861483 -0.473774976, 34.313296185 -0.474843458, 34.313900752 -0.475182314, 34.313727538 -0.476113325, 34.314940016 -0.477845435, 34.315113227 -0.478494978, 34.316022585 -0.479729106, 34.317300017 -0.480616814, 34.317689741 -0.481331308, 34.317408273 -0.481656078, 34.316282401 -0.481331308, 34.315719468 -0.481417915, 34.315524603 -0.481894244, 34.31505344 -0.482139691, 34.3131213 -0.480660114, 34.311021115 -0.479447637, 34.309353959 -0.477802134, 34.306993957 -0.476914424, 34.303161665 -0.476048369, 34.301927533 -0.476308189, 34.301537808 -0.476113325, 34.300715056 -0.476264885, 34.299978909 -0.476005066, 34.29939432 -0.476178278, 34.297618908 -0.47574525, 34.296081659 -0.475074057, 34.294631019 -0.47466268, 34.294436154 -0.474511122, 34.292314318 -0.47446782, 34.291924593 -0.474251304, 34.290690464 -0.474272956, 34.289737805 -0.473774976, 34.287053031 -0.473493508, 34.286316884 -0.472930572, 34.285645691 -0.4726058, 34.284952847 -0.47165314, 34.284454864 -0.470440661, 34.284663165 -0.468101414, 34.284411563 -0.467366164, 34.283935232 -0.466586714, 34.281813396 -0.465136074, 34.279453395 -0.464334969, 34.279215229 -0.463923593, 34.279345138 -0.462732769, 34.278695196 -0.460847228, 34.278651801 -0.459852211, 34.278479083 -0.459614968, 34.278457431 -0.459203592, 34.278825505 -0.458835517, 34.278825505 -0.458424141, 34.279020367 -0.458099372, 34.279994679 -0.457774599, 34.281250459 -0.458142673, 34.281770095 -0.458164324, 34.282376332 -0.457536436, 34.28402184 -0.457514783, 34.284411563 -0.45762304, 34.284887893 -0.457514783, 34.284907567 -0.457229577, 34.285126756 -0.457113618, 34.285688996 -0.456172399, 34.285429177 -0.455609463, 34.284822939 -0.455371297, 34.284000187 -0.454765059, 34.283523855 -0.454830011, 34.282462939 -0.455674415, 34.281856699 -0.455761023, 34.280860735 -0.455587812, 34.280622569 -0.453963959, 34.280124587 -0.453834048, 34.279691563 -0.454072215, 34.279583303 -0.455241387, 34.278608991 -0.456129095, 34.277677981 -0.456540471, 34.275144769 -0.456583775, 34.273196144 -0.455219737, 34.271618461 -0.453358675, 34.272097876 -0.452239735, 34.272871373 -0.451300838, 34.273044585 -0.450846158, 34.272481649 -0.450023406, 34.270715632 -0.449840797, 34.270576327 -0.44930891, 34.269212292 -0.449763587, 34.266202747 -0.451647258, 34.265033571 -0.451842122, 34.263864397 -0.45151735, 34.26267357 -0.45091111, 34.261352836 -0.449114045, 34.260545609 -0.446331638, 34.261136322 -0.44560652, 34.261504397 -0.444545604, 34.262132286 -0.4437012, 34.261980726 -0.443463036, 34.260530084 -0.443246519, 34.259728982 -0.443203217, 34.258927881 -0.44259698, 34.25747724 -0.442077345, 34.256264761 -0.442163952, 34.254619255 -0.439912206, 34.255111502 -0.437510642, 34.255370092 -0.437155029, 34.255398705 -0.436859362, 34.256156504 -0.435906702, 34.255290448 -0.435257159, 34.253255218 -0.436491287, 34.251068427 -0.436686149, 34.250375583 -0.436447986, 34.249379622 -0.435646883, 34.248968243 -0.435776794, 34.24840531 -0.435668538, 34.248210445 -0.435278809, 34.247647509 -0.435300461, 34.247214481 -0.435495326, 34.24704127 -0.435906702, 34.246131912 -0.436577894, 34.245828793 -0.437249085, 34.245763838 -0.438006887, 34.245287508 -0.438807986, 34.244291544 -0.439479178, 34.242364571 -0.43950083, 34.240892277 -0.439154408, 34.238922 -0.43950083, 34.237557963 -0.439370923, 34.235717595 -0.439435879, 34.234353558 -0.439305968, 34.233790622 -0.438223398, 34.233206034 -0.437508902, 34.231647138 -0.43638303, 34.230564566 -0.435906702, 34.228789152 -0.434694223, 34.22766328 -0.434261195, 34.225519792 -0.434217894, 34.222531902 -0.436426334, 34.220410066 -0.437032574, 34.217404992 -0.436455885, 34.216888 -0.436226001, 34.215257036 -0.433828169, 34.213893 -0.432745597, 34.211987677 -0.432702297, 34.211468043 -0.432507432, 34.210601988 -0.431554773, 34.210212263 -0.430948532, 34.209782853 -0.429523334, 34.21047208 -0.426986331, 34.210619244 -0.4239996, 34.211158713 -0.423400191, 34.210559304 -0.422980606, 34.209780072 -0.422980606, 34.209420426 -0.421781788, 34.20846368 -0.421073089, 34.207576423 -0.419716092, 34.206663145 -0.418964563, 34.20570409 -0.417466041, 34.205574348 -0.416654062, 34.206003793 -0.415188288, 34.206603203 -0.413869587, 34.207322493 -0.412730708, 34.208281548 -0.41159183, 34.21103883 -0.410333073, 34.212537353 -0.409793604, 34.213485001 -0.408776, 34.214431 -0.408539999, 34.215119 -0.408013999, 34.21598 -0.404782999, 34.21598 -0.400609999, 34.216434003 -0.397433999, 34.216278147 -0.39660202, 34.216433513 -0.393849321, 34.216754458 -0.391469353, 34.217452508 -0.388454638, 34.217208004 -0.386842369, 34.217342 -0.385637, 34.218414 -0.384206999, 34.218976 -0.380462999, 34.222752122 -0.371652048, 34.225689892 -0.363064174, 34.2284868 -0.35851569, 34.228629136 -0.356807653, 34.228531189 -0.356089374, 34.227845558 -0.355338443, 34.226996682 -0.354685463, 34.225168333 -0.354293672, 34.224711248 -0.354032481, 34.224417403 -0.353216255, 34.224352106 -0.352302078, 34.223797071 -0.351714397, 34.223242036 -0.351387904, 34.222458459 -0.351877642, 34.222131969 -0.353183606, 34.222251756 -0.353628533, 34.222105001 -0.354104, 34.221478986 -0.355011952, 34.221413688 -0.355632285, 34.220728058 -0.357003547, 34.219297073 -0.358640999, 34.218807968 -0.358640999, 34.218540568 -0.357525933, 34.217528446 -0.358309513, 34.217267254 -0.359027791, 34.216614273 -0.359419579, 34.215893916 -0.359455598, 34.213712 -0.360682999, 34.212092436 -0.36297644, 34.21129247 -0.363533364, 34.211071933 -0.364666578, 34.211161875 -0.365394365, 34.211390417 -0.365720855, 34.211488365 -0.366830925, 34.212206644 -0.367908343, 34.212076048 -0.369051062, 34.212239293 -0.370030533, 34.212173995 -0.371532391, 34.211749558 -0.373197496, 34.211782207 -0.374927899, 34.21243519 -0.376854193, 34.212271942 -0.378715192, 34.211978101 -0.380053805, 34.210508892 -0.383188118, 34.210117103 -0.38416759, 34.209953857 -0.385016466, 34.210117103 -0.386028589, 34.210763 -0.387678999, 34.211077 -0.388119001, 34.210724099 -0.389413992, 34.209839961 -0.390449699, 34.207627062 -0.39251983, 34.20681124 -0.39372414, 34.204343406 -0.395125339, 34.202772963 -0.396481634, 34.201880664 -0.39683855, 34.200310219 -0.396517323, 34.199132386 -0.396053331, 34.198311473 -0.395089649, 34.198204398 -0.392555523, 34.197633326 -0.391413379, 34.197276406 -0.390164162, 34.196455493 -0.388843562, 34.194456745 -0.38730881, 34.193136144 -0.386487897, 34.192279538 -0.38541714, 34.19081617 -0.385916825, 34.189102958 -0.386238052, 34.188067892 -0.386059594, 34.186961442 -0.38527437, 34.185819302 -0.383739618, 34.184748545 -0.3833827, 34.181857499 -0.383097163, 34.17796708 -0.382026408, 34.176789247 -0.380848575, 34.17554003 -0.378778441, 34.173612667 -0.376993846, 34.171935147 -0.376065858, 34.170935773 -0.375423404, 34.16900841 -0.37556617, 34.166081673 -0.375137867, 34.165153682 -0.374709564, 34.1628694 -0.374281263, 34.161441723 -0.37424557, 34.160692193 -0.374566798, 34.158479295 -0.376422776, 34.158372219 -0.377886146, 34.158479295 -0.37856429, 34.159764204 -0.381633796, 34.162048487 -0.3833827, 34.162369714 -0.384453458, 34.162413511 -0.386620924, 34.161798643 -0.391627532, 34.160727886 -0.395053954, 34.15987128 -0.396695785, 34.158657756 -0.398159153, 34.154053497 -0.399836671, 34.150377233 -0.400300669, 34.149128013 -0.399693904, 34.148913862 -0.399301292, 34.148307099 -0.398944374, 34.147628952 -0.399444062, 34.147174377 -0.400404703, 34.145016932 -0.403945827, 34.141833 -0.411374999, 34.138432336 -0.412459713, 34.137242605 -0.412554891, 34.136195642 -0.412459713, 34.134815555 -0.41203141, 34.133149935 -0.412078999, 34.12905726 -0.411745873, 34.126725388 -0.411222392, 34.125012176 -0.411222392, 34.12291825 -0.410889267, 34.12110986 -0.40903329, 34.120253254 -0.409080877, 34.119587005 -0.409604359, 34.120015308 -0.410270609, 34.119015937 -0.417123456, 34.11863522 -0.41878908, 34.118302096 -0.419312561, 34.118825577 -0.422072735, 34.119111114 -0.424357017, 34.119634595 -0.425023266, 34.120538789 -0.425213624, 34.12110986 -0.425927464, 34.121633341 -0.427117192, 34.122156823 -0.42787862, 34.12348932 -0.429211119, 34.124433579 -0.42924158, 34.127983462 -0.432791459, 34.129951937 -0.435654699, 34.131550935 -0.436054449, 34.134234967 -0.435369162, 34.135662643 -0.432628023, 34.137033213 -0.430686384, 34.139203281 -0.428858958, 34.140516745 -0.426346246, 34.141259135 -0.425775176, 34.14291524 -0.425832285, 34.144792917 -0.42636382, 34.147557 -0.427801001, 34.150347 -0.430469999, 34.152288 -0.432046999, 34.154742394 -0.433474722, 34.158905218 -0.437310803, 34.162016 -0.441335001, 34.163122 -0.442125, 34.164937 -0.441897999, 34.164736257 -0.4392901, 34.165287859 -0.438173249, 34.174511 -0.432177002, 34.17947 -0.430816999, 34.180874 -0.429031001, 34.180874 -0.427882001, 34.183682 -0.422778, 34.186489 -0.420609001, 34.188275 -0.419971, 34.190572001 -0.419459999, 34.192879987 -0.418508782, 34.195910597 -0.417723082, 34.197111585 -0.417592311, 34.198194879 -0.418351258, 34.199508343 -0.418808116, 34.202184 -0.419076999, 34.203562943 -0.418465472, 34.203802792 -0.418545424, 34.204647977 -0.418179936, 34.20573301 -0.419550508, 34.206018547 -0.420178684, 34.20556169 -0.422063217, 34.205037085 -0.422687399, 34.204354 -0.424053999, 34.203588 -0.426095999, 34.204354 -0.428648, 34.204871999 -0.429747999, 34.204099464 -0.433301005, 34.203448728 -0.43365595, 34.202592122 -0.435026522, 34.201392875 -0.437482125, 34.200878911 -0.438909801, 34.200707589 -0.439937727, 34.200022305 -0.441365407, 34.19853752 -0.442850189, 34.198194879 -0.444220759, 34.197166951 -0.446447933, 34.196367453 -0.448446683, 34.19642456 -0.449303287, 34.194939778 -0.451987319, 34.194654241 -0.453186569, 34.194026065 -0.454271602, 34.190314103 -0.458097774, 34.190083997 -0.45850868, 34.188429789 -0.459727619, 34.186430823 -0.460153629, 34.183175722 -0.462266592, 34.180149046 -0.465064838, 34.174609661 -0.471118185, 34.17152588 -0.47494436, 34.169127383 -0.478827639, 34.165301209 -0.481854313, 34.164117524 -0.484325478, 34.163492 -0.485156001, 34.164951365 -0.490340338, 34.164615925 -0.494417867, 34.163587998 -0.497844292, 34.161703464 -0.500185681, 34.161303717 -0.504068963, 34.161303717 -0.505610852, 34.161646357 -0.507723815, 34.162674285 -0.50937992, 34.163085453 -0.509749968, 34.164048697 -0.516012691, 34.16344285 -0.521574657, 34.163502336 -0.523240278, 34.164513608 -0.526036146, 34.164573094 -0.527285361, 34.164241 -0.530200204, 34.163561823 -0.531508906, 34.163145418 -0.532698635, 34.163323878 -0.533590935, 34.164454124 -0.534780666, 34.163740283 -0.537695503, 34.162312608 -0.539182667, 34.161003903 -0.540967263, 34.160468524 -0.542394939, 34.159457256 -0.54275186, 34.158089063 -0.542513913, 34.155947551 -0.540967263, 34.154162953 -0.540074966, 34.152794763 -0.539896505, 34.150831709 -0.540907776, 34.149170816 -0.542106296, 34.146727137 -0.5425734, 34.145002027 -0.542156993, 34.143931273 -0.542275966, 34.142979485 -0.543049292, 34.142682053 -0.544179535, 34.141551809 -0.545785671, 34.139945673 -0.546737455, 34.138636969 -0.548105645, 34.136911862 -0.549295376, 34.136316995 -0.550009215, 34.13488932 -0.548997944, 34.133402157 -0.548343591, 34.131974479 -0.548224618, 34.130784748 -0.549057431, 34.126858638 -0.548641024, 34.125014558 -0.548641024, 34.123884311 -0.547867702, 34.123350729 -0.547836738, 34.122516121 -0.547272834, 34.121074443 -0.543708732, 34.12013666 -0.541621614, 34.119812226 -0.538665823, 34.12013666 -0.535910908, 34.118054632 -0.534899637, 34.115913117 -0.534542719, 34.114782874 -0.534721177, 34.110797276 -0.538706777, 34.110321385 -0.54019394, 34.110440359 -0.541086235, 34.109845491 -0.541978534, 34.109488575 -0.542870831, 34.110559329 -0.546440023, 34.111035222 -0.547570268, 34.111332655 -0.549176403, 34.111273169 -0.551436891, 34.110606444 -0.55466582, 34.107941923 -0.557088113, 34.107228085 -0.558039897, 34.104848623 -0.559289112, 34.103896839 -0.559646034, 34.10300454 -0.56035987, 34.101755324 -0.560835764, 34.100446623 -0.561133197, 34.09925689 -0.562025493, 34.098245619 -0.563274712, 34.097402062 -0.565411986, 34.095033346 -0.568033633, 34.092534912 -0.569163875, 34.090393398 -0.569163875, 34.085456018 -0.568152607, 34.082660149 -0.566427496, 34.080637607 -0.564702386, 34.079983256 -0.564226496, 34.079328904 -0.56345317, 34.079209931 -0.562501386, 34.07653304 -0.560776275, 34.075819199 -0.559765007, 34.074391524 -0.559824491, 34.072666413 -0.561371143, 34.071595656 -0.562084981, 34.071119763 -0.563631628, 34.070227466 -0.564345469, 34.068978251 -0.564345469, 34.066955709 -0.563929062, 34.066182382 -0.56428598, 34.066122895 -0.56565417, 34.065825463 -0.566427496, 34.064397788 -0.567022361, 34.062791651 -0.568390551, 34.064416225 -0.569596433, 34.065095 -0.570817, 34.066360842 -0.571543338, 34.067491088 -0.572435635, 34.068442872 -0.572911527, 34.06951363 -0.57404177, 34.069930035 -0.575053043, 34.070049005 -0.576004827, 34.069216195 -0.576718664, 34.068799789 -0.579098127, 34.069037735 -0.579930937, 34.069097221 -0.581001695, 34.069335168 -0.581596559, 34.070108492 -0.582131938, 34.072904361 -0.581893992, 34.073366778 -0.582577841, 34.074332036 -0.583083722, 34.075997661 -0.583143211, 34.076600696 -0.582871845, 34.078050003 -0.583004, 34.079313676 -0.584583074, 34.080102229 -0.586474455, 34.079923771 -0.587247779, 34.076711497 -0.590043647, 34.076116631 -0.591233378, 34.075759713 -0.593434378, 34.076354578 -0.594564623, 34.080102229 -0.595873325, 34.083552447 -0.594862054, 34.084623204 -0.595694868, 34.085931908 -0.5959923, 34.088489829 -0.594505137, 34.089890232 -0.594483269, 34.090928776 -0.594743083, 34.091702101 -0.594207705, 34.092118507 -0.593493865, 34.093546183 -0.593791299, 34.095152319 -0.596170758, 34.095925645 -0.598133815, 34.097115375 -0.602476331, 34.097234348 -0.604320414, 34.096520509 -0.605272198, 34.093962592 -0.60646193, 34.093189264 -0.607235251, 34.09263704 -0.608192441, 34.090528001 -0.609999999, 34.0895007 -0.612566745, 34.087657017 -0.613576515, 34.087942553 -0.61479004, 34.087728401 -0.615646646, 34.086514878 -0.617002939, 34.085515503 -0.618787535, 34.084164188 -0.621900706, 34.082588768 -0.623141948, 34.08137524 -0.623284716, 34.08080417 -0.624141322, 34.078234351 -0.626140069, 34.077734665 -0.626842012, 34.076925649 -0.626889599, 34.076164221 -0.627222724, 34.074616466 -0.628655934, 34.072404672 -0.628507633, 34.070405925 -0.629173884, 34.067788519 -0.631267807, 34.065551825 -0.63240995, 34.064552451 -0.632647895, 34.062030222 -0.632695487, 34.061030849 -0.632457539, 34.05912728 -0.631553344, 34.058127908 -0.632647895, 34.056938176 -0.633647271, 34.056033981 -0.634694233, 34.056605051 -0.635550839, 34.056842999 -0.636217089, 34.057080943 -0.637787533, 34.056509873 -0.640833241, 34.055986392 -0.641594669, 34.054463536 -0.642546453, 34.052322022 -0.642831989, 34.051608183 -0.642213328, 34.050846756 -0.642165741, 34.049038365 -0.643450648, 34.048134172 -0.644307255, 34.048038991 -0.646163234, 34.048467294 -0.646829485, 34.049181134 -0.647352966, 34.051084702 -0.647257788, 34.052845503 -0.646972251, 34.053987647 -0.646543948, 34.054558715 -0.646068056, 34.055367734 -0.646734306, 34.055891215 -0.647495732, 34.056576685 -0.649339205, 34.057128533 -0.650017963, 34.056842999 -0.651302872, 34.057461657 -0.652968493, 34.05731889 -0.65377751, 34.05670023 -0.654538936, 34.055367734 -0.655681078, 34.055500982 -0.656918399, 34.05441595 -0.658631612, 34.053102485 -0.660173501, 34.051560593 -0.661030107, 34.051275059 -0.662971746, 34.051903237 -0.664285209, 34.053273806 -0.665370243, 34.05441595 -0.666512385, 34.055624003 -0.666675635, 34.056871551 -0.668739561, 34.057214195 -0.67011013, 34.057842371 -0.67165202, 34.058013695 -0.673936305, 34.058299228 -0.674964232, 34.058413442 -0.677305619, 34.056757337 -0.678048011, 34.054130412 -0.67981833, 34.053045378 -0.680275189, 34.052302986 -0.68141733, 34.051560593 -0.681931292, 34.051160844 -0.682673683, 34.05201745 -0.682902112, 34.052759843 -0.683930041, 34.054815697 -0.683815825, 34.056014945 -0.684501109, 34.056221438 -0.685265439, 34.056072052 -0.686043001, 34.055044125 -0.686385642, 34.054073305 -0.687927534, 34.052131665 -0.689983387, 34.051160844 -0.691525279, 34.051217952 -0.692553205, 34.051674811 -0.693695348, 34.052931163 -0.693980884, 34.053445127 -0.695351451, 34.053559343 -0.696093844, 34.054016198 -0.696836237, 34.054244626 -0.697578629, 34.054244626 -0.698606556, 34.053673556 -0.699520269, 34.053388019 -0.700319768, 34.053445127 -0.700947945, 34.053787769 -0.701690335, 34.053388019 -0.702375622, 34.05264563 -0.703118014, 34.053216699 -0.704088835, 34.053502237 -0.705116761, 34.053330913 -0.70608758, 34.052245879 -0.707343936, 34.052131665 -0.7078579, 34.053216699 -0.708486078, 34.054701482 -0.708600293, 34.055558089 -0.708200541, 34.056471802 -0.708543186, 34.057514006 -0.709958964, 34.058108873 -0.710434856, 34.059715006 -0.710375369, 34.060607305 -0.71138664, 34.061261656 -0.714301479, 34.060904738 -0.716324021, 34.059952953 -0.716799913, 34.059060657 -0.717037861, 34.058168357 -0.717930158, 34.057211703 -0.719271974, 34.056145815 -0.719417321, 34.055194031 -0.720012188, 34.053825841 -0.722213186, 34.052755083 -0.723105487, 34.051803299 -0.723343431, 34.049066921 -0.723045998, 34.046746944 -0.724711623, 34.044431571 -0.726698874, 34.043751 -0.727093001, 34.042225968 -0.727091082, 34.040679318 -0.726317757, 34.040024968 -0.726198786, 34.039073184 -0.72679365, 34.038656776 -0.727983382, 34.039905994 -0.72780492, 34.039846507 -0.728459273, 34.040441373 -0.729292083, 34.04133367 -0.729351571, 34.041664685 -0.729543212, 34.040995689 -0.732357803, 34.038656776 -0.732861276, 34.036991154 -0.733575113, 34.0350281 -0.734883818, 34.034373747 -0.736370981, 34.035325531 -0.737560713, 34.038581084 -0.737950043, 34.039239613 -0.738223104, 34.04198 -0.738855001, 34.043568001 -0.738402, 34.0456167 -0.736073549, 34.046925404 -0.735062276, 34.046606949 -0.733797463, 34.046627974 -0.733218196, 34.04637 -0.732183001, 34.046449512 -0.731255139, 34.047877188 -0.730303355, 34.048888459 -0.72988695, 34.052100732 -0.729470545, 34.05414941 -0.730016857, 34.055948375 -0.729362165, 34.058346817 -0.727566976, 34.059001169 -0.726198786, 34.05989781 -0.725622567, 34.062026132 -0.725504238, 34.065128283 -0.727091082, 34.067626715 -0.728578245, 34.068756958 -0.729767976, 34.071358382 -0.731696618, 34.071764723 -0.732418955, 34.07149334 -0.734288954, 34.071790771 -0.73535971, 34.073277934 -0.737382252, 34.075716882 -0.739404793, 34.076252261 -0.741427335, 34.075776368 -0.742973986, 34.075181503 -0.748089827, 34.075716882 -0.752253882, 34.076133288 -0.753622074, 34.075954829 -0.755525643, 34.076133288 -0.757310237, 34.076748445 -0.758130447, 34.076898806 -0.759257155, 34.076442618 -0.760260768, 34.075586012 -0.760903222, 34.075157709 -0.762473668, 34.073801416 -0.763116121, 34.072016821 -0.763615811, 34.070446378 -0.764829333, 34.069518386 -0.767613303, 34.067662407 -0.768969595, 34.066520265 -0.770397274, 34.070558692 -0.7720491, 34.071127077 -0.771993634, 34.074372488 -0.770254504, 34.076085698 -0.767684688, 34.076799537 -0.767042233, 34.077584758 -0.766756696, 34.079869041 -0.767541921, 34.081161275 -0.768962273, 34.081867789 -0.771468032, 34.082510243 -0.772824322, 34.082367475 -0.774680304, 34.082795778 -0.776036597, 34.083509618 -0.77682182, 34.083295467 -0.77853503, 34.08372377 -0.779605786, 34.083581001 -0.780676543, 34.083152698 -0.78167592, 34.081082566 -0.781818686, 34.078441365 -0.782675292, 34.07776891 -0.783799489, 34.077013689 -0.786815554, 34.076585386 -0.787243857, 34.075728779 -0.787600775, 34.075300476 -0.788386, 34.075157709 -0.789599522, 34.075256697 -0.790417786, 34.073944185 -0.790884431, 34.073515882 -0.792026576, 34.073444497 -0.793525634, 34.073801416 -0.794739159, 34.07512463 -0.796030849, 34.075931268 -0.797845577, 34.075657398 -0.801235089, 34.076514001 -0.803091067, 34.077921908 -0.803895584, 34.078743124 -0.803238613, 34.07950311 -0.802870877, 34.080214065 -0.801963797, 34.082224709 -0.80144924, 34.083652384 -0.801592009, 34.084606335 -0.802015982, 34.087150192 -0.80144924, 34.088720638 -0.801377855, 34.090005548 -0.802305847, 34.092004293 -0.805161199, 34.092789514 -0.807231329, 34.093646121 -0.808659006, 34.095145181 -0.809444229, 34.098565319 -0.809632174, 34.099532403 -0.808754634, 34.100684638 -0.80850948, 34.103798127 -0.805592115, 34.104827785 -0.805003741, 34.106347756 -0.804439878, 34.107475476 -0.804464396, 34.10875029 -0.805126317, 34.109902526 -0.806180491, 34.111765716 -0.807332728, 34.11321214 -0.808632056, 34.114658567 -0.811328781, 34.115590159 -0.812628109, 34.116815942 -0.813510673, 34.116963036 -0.814883551, 34.11688949 -0.816329973, 34.117306255 -0.817286084, 34.119071383 -0.818119616, 34.122479059 -0.818683478, 34.12287131 -0.819541524, 34.12360678 -0.82047312, 34.126009317 -0.821159559, 34.127357676 -0.822189218, 34.130373101 -0.825645925, 34.132285325 -0.826160752, 34.133854324 -0.828318131, 34.135711206 -0.829317323, 34.136306071 -0.829495785, 34.136990166 -0.830060906, 34.137347085 -0.831191151, 34.138417842 -0.832589082, 34.139458859 -0.833302922, 34.140261925 -0.833540869, 34.141064996 -0.834581883, 34.144812644 -0.835355206, 34.146359295 -0.835295719, 34.148887471 -0.836693653, 34.150136688 -0.83758595, 34.152188973 -0.840619763, 34.153283528 -0.843564346, 34.152783839 -0.844099725, 34.152926606 -0.844884948, 34.153176452 -0.845241866, 34.151962925 -0.846740927, 34.15058874 -0.847886171, 34.1502 -0.84922, 34.150051003 -0.850801999, 34.149870188 -0.851034148, 34.151249087 -0.852451635, 34.152284152 -0.85238025, 34.153569061 -0.851880562, 34.154318591 -0.851273802, 34.154925354 -0.850488577, 34.156245955 -0.850452886, 34.156888741 -0.849955064, 34.15745948 -0.849060903, 34.157745017 -0.848168603, 34.158458853 -0.846776618, 34.158280396 -0.846348315, 34.159172692 -0.84513479, 34.160743135 -0.844992024, 34.163134494 -0.845277558, 34.165632927 -0.845848631, 34.166739377 -0.845598785, 34.167096298 -0.844777873, 34.167667367 -0.844135418, 34.169451962 -0.84345727, 34.171486402 -0.843207429, 34.172771311 -0.843207429, 34.1736993 -0.843385887, 34.1736993 -0.844028342, 34.173984836 -0.844349569, 34.174734366 -0.844420952, 34.175305436 -0.8442068, 34.175733739 -0.844670797, 34.177054341 -0.847918761, 34.177875255 -0.849275055, 34.178803247 -0.850095968, 34.180123846 -0.850524271, 34.181765675 -0.850452886, 34.184192724 -0.849774741, 34.185798861 -0.850417195, 34.186869619 -0.851595029, 34.187547764 -0.852630093, 34.187190846 -0.854093461, 34.185910209 -0.855941386, 34.1854267 -0.85750628, 34.18628665 -0.858174238, 34.187000487 -0.861457893, 34.187048077 -0.863075929, 34.186572184 -0.864836727, 34.185810759 -0.866597531, 34.185382456 -0.869072169, 34.186001114 -0.870404668, 34.186762543 -0.871261274, 34.18628665 -0.873593146, 34.184335491 -0.875115999, 34.182527104 -0.876305729, 34.179862107 -0.879684564, 34.179148267 -0.880826707, 34.176959162 -0.883015809, 34.176471555 -0.883235234, 34.175266896 -0.885196797, 34.171343636 -0.887631966, 34.168678639 -0.889107231, 34.161445077 -0.894008921, 34.158304188 -0.898006414, 34.153241977 -0.903659177, 34.150832682 -0.904193012, 34.147168311 -0.903050873, 34.145645455 -0.903431585, 34.143932246 -0.904716494, 34.143123227 -0.906048994, 34.14355153 -0.90738149, 34.143837065 -0.909142292, 34.143741887 -0.912188003, 34.14355153 -0.913092198, 34.142647337 -0.914329519, 34.140838946 -0.915376481, 34.138411894 -0.916375853, 34.136555914 -0.918945672, 34.136032433 -0.920182993, 34.135794487 -0.921610667, 34.136127611 -0.92384736, 34.136936628 -0.926559948, 34.136080022 -0.931375976, 34.133738633 -0.938343039, 34.132710707 -0.942454745, 34.130972072 -0.94733212, 34.130426423 -0.947423062, 34.129912461 -0.948622309, 34.129861157 -0.951478928, 34.128770318 -0.954904087, 34.128770318 -0.956331763, 34.129626924 -0.957645226, 34.13048353 -0.958330512, 34.130940387 -0.959415545, 34.131397243 -0.961185865, 34.132284782 -0.963072775, 34.132760676 -0.963608154, 34.134307324 -0.964084048, 34.135378081 -0.965392753, 34.136746272 -0.965868643, 34.137341136 -0.967117859, 34.136389352 -0.971817295, 34.134307324 -0.975327, 34.133117594 -0.975802892, 34.132046836 -0.975148542, 34.131035565 -0.974791621, 34.130143267 -0.975089053, 34.12907251 -0.977290055, 34.127882782 -0.977884921, 34.126871508 -0.978182352, 34.12597921 -0.978182352, 34.123064371 -0.975921866, 34.122231561 -0.977111595, 34.123183345 -0.982822302, 34.123897182 -0.984190494, 34.127347403 -0.98781917, 34.127585347 -0.989484794, 34.12889405 -0.991031442, 34.129488915 -0.991983226, 34.130500186 -0.992518605, 34.132403755 -0.992578094, 34.133533999 -0.993351417, 34.134069378 -0.995195498, 34.13371246 -0.996623178, 34.133118004 -0.997151581, 34.132939134 -0.998050852, 34.133771945 -0.999062125, 34.13591346 -1.000489799, 34.136686786 -1.001382099, 34.137103191 -1.003285667, 34.137698056 -1.00394002, 34.138173949 -1.005129751, 34.13728165 -1.00786613, 34.136984217 -1.009412779, 34.136270381 -1.010424051, 34.134890294 -1.010828557, 34.13410507 -1.010150412, 34.131999247 -1.008936888, 34.129607889 -1.00900827, 34.127863391 -1.009542549, 34.127109455 -1.009204575, 34.126419411 -1.008014845, 34.125729368 -1.006158866, 34.12492035 -1.004897753, 34.124753788 -1.00416012, 34.124158922 -1.003660432, 34.120545159 -1.003358468, 34.120042455 -1.002875211, 34.119637947 -1.001923427, 34.118757546 -1.001376149, 34.116925364 -1.001209586, 34.115688042 -1.000210214, 34.113070635 -0.997497628, 34.112285412 -0.995879596, 34.111809521 -0.995260934, 34.11088153 -0.994737453, 34.107502696 -0.99549888, 34.106860241 -0.995879596, 34.105289797 -0.996212718, 34.104654844 -0.996540437, 34.104123861 -0.996284104, 34.103481407 -0.995665444, 34.103005514 -0.994904017, 34.102815158 -0.993595311, 34.102505828 -0.993119421, 34.100982972 -0.992857678, 34.099983599 -0.991548976, 34.099436323 -0.989930943, 34.098484538 -0.989002951, 34.097532754 -0.988503265, 34.094701198 -0.984815102, 34.092797626 -0.982887738, 34.089537765 -0.981222114, 34.087253484 -0.97855712, 34.086420674 -0.978081225, 34.084517102 -0.977629129, 34.083708086 -0.977105646, 34.082899071 -0.976153862, 34.080543403 -0.975511407, 34.079996126 -0.975749354, 34.079329877 -0.976962881, 34.079353672 -0.978176404, 34.079829564 -0.9795327, 34.079663002 -0.981341088, 34.078996753 -0.984410594, 34.079044342 -0.985243405, 34.08037684 -0.98831291, 34.081281035 -0.988931568, 34.082327998 -0.989336076, 34.082446971 -0.990454425, 34.08237559 -0.991882099, 34.082661123 -0.992357994, 34.082565945 -0.993452544, 34.081919717 -0.995304316, 34.080977655 -0.99774747, 34.079431005 -0.999591555, 34.078627937 -0.999799758, 34.077795127 -0.999472581, 34.076962313 -0.999591555, 34.076397192 -1.000037702, 34.076010529 -1.000751542, 34.075207461 -1.000692055, 34.074701827 -1.000216163, 34.073422866 -1.000126934, 34.072292621 -1.000335137, 34.07018085 -1.00000796, 34.069318295 -0.999591555, 34.068247537 -0.999442836, 34.06744447 -0.99974027, 34.066552171 -1.000483852, 34.065749104 -1.000900257, 34.064916293 -1.001048973, 34.06342913 -1.001643839, 34.060544033 -1.001911528, 34.059562505 -1.001524865, 34.058759438 -1.000632568, 34.057658936 -0.99974027, 34.057183043 -0.999056177, 34.057183043 -0.998223365, 34.05742099 -0.997628497, 34.057480478 -0.996944405, 34.056736896 -0.996171079, 34.055904083 -0.995814158, 34.055041531 -0.996141334, 34.053941028 -0.996230565, 34.053346165 -0.996527999, 34.053286677 -0.997241837, 34.053643596 -0.997896189, 34.054238461 -0.998253107, 34.054936536 -0.999271695, 34.05486307 -0.99974027, 34.053851799 -1.000959744, 34.053584109 -1.00173307, 34.051502081 -1.003398691, 34.050520553 -1.003934071, 34.049925689 -1.003666381, 34.04983646 -1.003131002, 34.049211849 -1.002238705, 34.048170836 -1.001881784, 34.047100078 -1.002744338, 34.046267267 -1.002238705, 34.045999579 -1.001762812, 34.046118553 -1.000692055, 34.045940091 -0.999770012, 34.045255997 -0.999353607, 34.04183552 -0.998669513, 34.04064579 -1.000156676, 34.039634522 -1.002149476, 34.039783236 -1.002803825, 34.040229384 -1.00348792, 34.040586306 -1.00357715, 34.041389372 -1.003309463, 34.042787305 -1.003904326, 34.043233455 -1.004707396, 34.044012734 -1.005226607, 34.045077536 -1.004647907, 34.046059064 -1.009049913, 34.046564699 -1.009942209, 34.04739751 -1.010893993, 34.047189307 -1.012619102, 34.047903147 -1.013362683, 34.04867647 -1.013451914, 34.049271336 -1.012946278, 34.049539025 -1.011340141, 34.050758499 -1.011250912, 34.052245662 -1.012381159, 34.052215919 -1.012976023, 34.051710284 -1.01360063, 34.052453865 -1.017378025, 34.052572838 -1.019549282, 34.051829257 -1.020590296, 34.049806715 -1.021958487, 34.049063133 -1.022791298, 34.048646728 -1.023683595, 34.048587241 -1.025497934, 34.048914417 -1.026390235, 34.050639526 -1.027371761, 34.051948231 -1.027936882, 34.053108217 -1.028055855, 34.055249733 -1.02680664, 34.056171773 -1.026033313, 34.057183043 -1.024665124, 34.057480478 -1.02371334, 34.057629193 -1.019370825, 34.057807654 -1.017794432, 34.058134831 -1.016931877, 34.059354302 -1.016277525, 34.060633262 -1.016277525, 34.062655804 -1.016634443, 34.066462942 -1.01669393, 34.067920361 -1.016099064, 34.069615727 -1.015117538, 34.070864945 -1.014136009, 34.07145981 -1.013362683, 34.073155176 -1.012529872, 34.073809528 -1.011697062, 34.075088488 -1.010715533, 34.077348976 -1.008098128, 34.079074087 -1.006373018, 34.079609467 -1.004618165, 34.080620735 -1.003934071, 34.086718105 -1.005718665, 34.088354105 -1.005955768, 34.091001133 -1.005599692, 34.092220607 -1.004796626, 34.093529313 -1.003368947, 34.09415392 -1.00310126, 34.095046217 -1.003696123, 34.095224678 -1.003279717, 34.094867758 -1.002684854, 34.094867758 -1.002060244, 34.096503639 -1.001078718, 34.097395935 -1.001019229, 34.099240017 -1.00238742, 34.100102572 -1.003220233, 34.101500507 -1.005718665, 34.105724048 -1.010804763, 34.107062495 -1.012886794, 34.108400943 -1.015474456, 34.108817348 -1.019638512, 34.10872812 -1.021006703, 34.10783582 -1.022612838, 34.105793151 -1.024843139, 34.106480055 -1.025354637, 34.10616157 -1.025769407, 34.105780853 -1.025924075, 34.10579275 -1.025674229, 34.105269269 -1.025698026, 34.105055117 -1.025840792, 34.105067015 -1.02606684, 34.104531636 -1.026090634, 34.104472149 -1.025900279, 34.103948668 -1.025912178, 34.103389497 -1.025852688, 34.103413289 -1.026007355, 34.103139651 -1.025995457, 34.102984986 -1.026173915, 34.103103959 -1.026257197, 34.102889808 -1.026316684, 34.102770835 -1.026090634, 34.101545412 -1.026019253, 34.10049845 -1.026447556, 34.100712602 -1.026530836, 34.100593628 -1.026840165, 34.099499076 -1.027363646, 34.098797135 -1.027435031, 34.098249859 -1.027232775, 34.098261756 -1.027006728, 34.097762072 -1.026768784, 34.097821556 -1.026411862, 34.097345667 -1.026304786, 34.097286177 -1.026554632, 34.096417674 -1.026388067, 34.095430201 -1.026875859, 34.094859127 -1.02831543, 34.094621181 -1.0284582, 34.093789619 -1.028385803, 34.093599444 -1.028864411, 34.093439513 -1.028971847, 37.266213 -2.817495, 37.500712 -2.948171, 37.514796 -2.956495, 37.530393 -2.965786, 37.558014 -2.984116, 37.579245 -2.997611, 37.605106153 -3.01453909, 37.672877 -3.060937, 37.695554 -3.201616, 37.712068 -3.311389, 37.685735 -3.322978, 37.68522 -3.350792, 37.680842 -3.356393, 37.664186 -3.358251, 37.619073 -3.402536, 37.585305 -3.440439, 37.585273727 -3.460921369, 37.585783891 -3.461332015, 37.585966034 -3.46203802, 37.586377473 -3.462465509, 37.587253816 -3.462709776, 37.587640154 -3.462506456, 37.588193306 -3.461662225, 37.5887849 -3.461764908, 37.589488068 -3.462066195, 37.59107975 -3.462107971, 37.591314731 -3.461965046, 37.591321775 -3.461362848, 37.591910069 -3.461421931, 37.592595422 -3.46127485, 37.593883968 -3.461466731, 37.594451964 -3.460670781, 37.594627902 -3.459877416, 37.596231143 -3.459016391, 37.597150842 -3.45887754, 37.59800812 -3.459836685, 37.598264683 -3.459733072, 37.598856877 -3.460194036, 37.599189696 -3.459953205, 37.599430852 -3.460330424, 37.599932031 -3.460183765, 37.600289745 -3.460449925, 37.60034843 -3.460724853, 37.600996276 -3.460726387, 37.601107185 -3.460989584, 37.60136584 -3.460994935, 37.601864988 -3.461666495, 37.602125724 -3.461639796, 37.602518231 -3.461240385, 37.602700685 -3.461359262, 37.602922058 -3.461080257, 37.603508675 -3.460899251, 37.603873725 -3.461077779, 37.604622645 -3.460712131, 37.605131594 -3.461234468, 37.606085818 -3.461172761, 37.606501611 -3.46197684, 37.606808145 -3.4618141, 37.607356542 -3.462222563, 37.60782639 -3.462859292, 37.608073387 -3.462857615, 37.608444414 -3.463109558, 37.608450663 -3.463340282, 37.608731569 -3.463379408, 37.609122697 -3.463769402, 37.60994018 -3.463451428, 37.610669883 -3.46289982, 37.610600817 -3.462673848, 37.611005527 -3.462479221, 37.611864877 -3.46262538, 37.613815045 -3.463028911, 37.614886738 -3.462828434, 37.615088921 -3.462410503, 37.615681016 -3.462556948, 37.616307325 -3.462191575, 37.616686794 -3.462013021, 37.617185546 -3.462091864, 37.617706426 -3.461618918, 37.61858995 -3.461403457, 37.619192119 -3.462035235, 37.619324643 -3.462732895, 37.61923361 -3.463402136, 37.619445604 -3.463575586, 37.619576326 -3.46473923, 37.619776213 -3.464859581, 37.61996948 -3.465368142, 37.620426605 -3.465563345, 37.620705894 -3.465969334, 37.622289658 -3.466184287, 37.622511621 -3.466647234, 37.623328549 -3.467048779, 37.624032369 -3.467060392, 37.624661268 -3.467023369, 37.624895316 -3.467223737, 37.62495168 -3.467583545, 37.625164931 -3.46774852, 37.625246581 -3.470770949, 37.625388643 -3.470771282, 37.625450295 -3.470984134, 37.625308905 -3.471118226, 37.625280025 -3.471666191, 37.625652735 -3.471755692, 37.625406363 -3.472488611, 37.62559141 -3.47308286, 37.62536335 -3.473459044, 37.62528731 -3.474021595, 37.625969632 -3.47462587, 37.625800321 -3.474882497, 37.62563737 -3.476202678, 37.625271589 -3.476937434, 37.625634865 -3.477266217, 37.625423435 -3.477923908, 37.625776599 -3.478775572, 37.62569626 -3.478952648, 37.6253231 -3.479049267, 37.625144273 -3.47957176, 37.625223139 -3.480015083, 37.625506821 -3.480210728, 37.625440693 -3.480468487, 37.625078989 -3.480901019, 37.625220493 -3.481140647, 37.625673301 -3.481159442, 37.625934695 -3.482089912, 37.62591852 -3.484905309, 37.626214 -3.485311, 37.626291 -3.486126, 37.62528 -3.488105, 37.625008 -3.488338, 37.624891 -3.489036, 37.623803 -3.489579, 37.623414 -3.48923, 37.622831 -3.489424, 37.622131 -3.489385, 37.621314 -3.488997, 37.62112 -3.489346, 37.62112 -3.489851, 37.620187 -3.490161, 37.619643 -3.491132, 37.619642 -3.49183, 37.619214 -3.492257, 37.618826 -3.492373, 37.61832 -3.492218, 37.618087 -3.492373, 37.61832 -3.492761, 37.617702 -3.494011, 37.617624 -3.494749, 37.618518 -3.495292, 37.618713 -3.496107, 37.618635 -3.496922, 37.61844 -3.497271, 37.618518 -3.497698, 37.618129 -3.498125, 37.615719 -3.498552, 37.614902 -3.498358, 37.614202 -3.498396, 37.613541 -3.498668, 37.613619 -3.500143, 37.613365332 -3.500843007, 37.613346 -3.501074, 37.61288 -3.501501, 37.611869 -3.501579, 37.61032 -3.50236, 37.608967 -3.503517, 37.608117 -3.504404, 37.606842 -3.504713, 37.606765 -3.50533, 37.607035 -3.505793, 37.607189 -3.507104, 37.606842 -3.507605, 37.606108 -3.507837, 37.605682 -3.508454, 37.606378 -3.509727, 37.606455 -3.510189, 37.606185 -3.511115, 37.605755 -3.511523, 37.604502 -3.51226, 37.60206 -3.513125, 37.601771 -3.514889, 37.600935 -3.516524, 37.600935 -3.517743, 37.600067 -3.520116, 37.600035 -3.521302, 37.602831 -3.52111, 37.603152 -3.521559, 37.60549 -3.521924, 37.606456 -3.522503, 37.608195 -3.524431, 37.610514 -3.524779, 37.611944 -3.525396, 37.614278 -3.52563, 37.615499 -3.526047, 37.61627 -3.526079, 37.616912 -3.526335, 37.617555 -3.526368, 37.618357173 -3.52613636, 37.618969 -3.526111, 37.620061 -3.52672, 37.6208 -3.526913, 37.621378 -3.526881, 37.621988 -3.526496, 37.62266763 -3.525174305, 37.622935 -3.524284, 37.625023 -3.524188, 37.626437 -3.523675, 37.628568 -3.524639, 37.630399 -3.524607, 37.631063 -3.524252, 37.631995 -3.522264, 37.632638 -3.521687, 37.634447 -3.52108, 37.635058 -3.520599, 37.635475 -3.520471, 37.636246 -3.520599, 37.636793 -3.520439, 37.637596 -3.519958, 37.638849 -3.519797, 37.640493 -3.519852, 37.640943 -3.519468, 37.641232 -3.519532, 37.641425 -3.519981, 37.644412 -3.519724, 37.644408545 -3.518780778, 37.644284 -3.518249, 37.644862 -3.517961, 37.645537 -3.516518, 37.645954 -3.516229, 37.646693 -3.516037, 37.646854 -3.51546, 37.647593 -3.515332, 37.64865 -3.51402, 37.649389 -3.513828, 37.650224 -3.51386, 37.650674 -3.514116, 37.65138 -3.513988, 37.651959 -3.513699, 37.653083 -3.513603, 37.653565 -3.513154, 37.655454 -3.512096, 37.655871 -3.51014, 37.656746 -3.509627, 37.65681 -3.509275, 37.657453 -3.508633, 37.658301 -3.507959, 37.659875 -3.507831, 37.661 -3.506644, 37.662381 -3.50658, 37.663249 -3.506067, 37.663924 -3.505394, 37.665755 -3.505073, 37.666205 -3.505137, 37.666783 -3.505747, 37.667586 -3.506324, 37.667939 -3.506644, 37.668955 -3.506953, 37.669469 -3.506825, 37.670047 -3.50628, 37.672168 -3.506761, 37.673806 -3.50644, 37.674931 -3.506729, 37.675027 -3.507306, 37.675413 -3.507851, 37.676023 -3.509615, 37.676505 -3.509647, 37.67772 -3.511612, 37.67772 -3.512286, 37.679005 -3.513376, 37.679455 -3.513504, 37.679776 -3.513985, 37.680418 -3.514081, 37.68074 -3.514659, 37.681543 -3.514787, 37.682282 -3.515236, 37.683824 -3.515172, 37.685728 -3.51573, 37.686499 -3.516724, 37.686981 -3.516981, 37.687495 -3.517622, 37.688106 -3.517911, 37.688298 -3.519482, 37.687881 -3.520796, 37.687881 -3.52147, 37.688298 -3.522528, 37.68862 -3.522752, 37.689294 -3.524131, 37.690901 -3.525638, 37.691318 -3.526504, 37.692186 -3.526953, 37.692539 -3.52753, 37.693085 -3.528043, 37.69497 -3.529312, 37.697331 -3.529059, 37.698808 -3.529412, 37.699869 -3.529348, 37.700929 -3.530149, 37.704131 -3.52989, 37.708478 -3.530983, 37.709689 -3.531108, 37.710621 -3.531429, 37.712002 -3.530884, 37.713127 -3.530723, 37.71544 -3.531397, 37.718074 -3.530948, 37.720162 -3.531268, 37.721769 -3.531685, 37.723247 -3.532326, 37.724532 -3.533128, 37.725303 -3.535276, 37.725942 -3.536774, 37.725974 -3.53796, 37.726874 -3.539339, 37.727742 -3.539596, 37.728415 -3.540487, 37.744059 -3.543993, 37.744356 -3.54429, 37.746819775 -3.549484276, 37.747928 -3.552923, 37.748545386 -3.556934393, 37.749086 -3.565094, 37.749384 -3.566384, 37.750243 -3.5686, 37.753452 -3.574818, 37.762515 -3.617874, 37.785959 -3.676852, 39.194956787 -4.66359735, 39.200275491 -4.670663601, 39.201484561 -4.672593705, 39.202353958 -4.673576441, 39.202610593 -4.673693048, 39.203371797 -4.673651246, 39.203894975 -4.673957052, 39.204016463 -4.674157309, 39.203810039 -4.674726214, 39.204117901 -4.676106048, 39.20575346 -4.676199884, 39.206505318 -4.676897074, 39.2060636 -4.678114175, 39.205903413 -4.679111424, 39.206150836 -4.680544622, 39.208560429 -4.680320498, 39.212462746 -4.680225321, 39.214223546 -4.680606035, 39.216431957 -4.681391792, 39.21906789 -4.679300051, 39.221338024 -4.674848122, 39.221776903 -4.67370704, 39.222479109 -4.67265373, 39.225331817 -4.669844909, 39.227570097 -4.665105023, 39.228880836 -4.664323094, 39.229439001 -4.662943999, 39.228951 -4.659267001, 39.228369897 -4.658326055, 39.230378918 -4.657600203, 39.231476114 -4.657600203, 39.232617198 -4.658170745, 39.232704974 -4.659224054, 39.23323163 -4.660233473, 39.234153275 -4.660935678, 39.235250468 -4.661023456, 39.235996562 -4.660409025, 39.235908786 -4.659311828, 39.235557686 -4.658346296, 39.235645459 -4.657336877, 39.235469908 -4.656151906, 39.234767702 -4.655186373, 39.23485548 -4.653957513, 39.237875929 -4.65037986, 39.237620411 -4.649393178, 39.237795963 -4.648603196, 39.238366508 -4.648383759, 39.239478258 -4.647583376, 39.239463701 -4.645794374, 39.240341457 -4.643994974, 39.242677187 -4.642000418, 39.243424011 -4.640697013, 39.243238055 -4.639430639, 39.240122018 -4.637367912, 39.237927628 -4.636534041, 39.237488749 -4.636182938, 39.237752075 -4.635436846, 39.238849273 -4.63512963, 39.240209793 -4.634997967, 39.241745868 -4.63534907, 39.243150279 -4.636051275, 39.247012408 -4.636534041, 39.247231848 -4.636051275, 39.246354093 -4.633944659, 39.247056299 -4.632101369, 39.248855698 -4.629599763, 39.249645681 -4.628151464, 39.250391772 -4.627317597, 39.251620631 -4.626878718, 39.252542276 -4.626878718, 39.253507808 -4.626439839, 39.2557022 -4.624552662, 39.256711621 -4.623104365, 39.257104769 -4.622103621, 39.257517463 -4.619508128, 39.258409761 -4.619746071, 39.259064113 -4.620400423, 39.259064113 -4.620816829, 39.258686573 -4.621612177, 39.260485974 -4.62275326, 39.263382571 -4.623104365, 39.264435881 -4.623631017, 39.264830869 -4.625693747, 39.266235281 -4.626834831, 39.267244702 -4.627142044, 39.268649113 -4.626659279, 39.269658532 -4.625693747, 39.27006912 -4.624921402, 39.270901932 -4.625159346, 39.270485526 -4.62611113, 39.271258853 -4.626765481, 39.274442306 -4.627361484, 39.274925072 -4.626834831, 39.275459492 -4.625157982, 39.277470567 -4.612483507, 39.27760223 -4.610333004, 39.277514458 -4.608050835, 39.277997223 -4.60611977, 39.278172772 -4.604715361, 39.277997223 -4.602784295, 39.276241707 -4.599843812, 39.275188402 -4.598966055, 39.273652325 -4.597166652, 39.273125672 -4.596025568, 39.273432886 -4.59541114, 39.274749522 -4.595279475, 39.275671167 -4.594752822, 39.276373373 -4.595103923, 39.276680586 -4.596376673, 39.277163352 -4.596991101, 39.278611651 -4.598088296, 39.279489407 -4.601423773, 39.280244745 -4.603152241, 39.28010384 -4.609104143, 39.281157145 -4.613887918, 39.281683799 -4.615380106, 39.282605444 -4.616652851, 39.286072583 -4.61832059, 39.289276396 -4.619373898, 39.289581717 -4.618874281, 39.288390973 -4.618080449, 39.287379699 -4.617128665, 39.286963293 -4.616057907, 39.287796105 -4.615700989, 39.288331484 -4.615284582, 39.289402241 -4.615046636, 39.290631463 -4.615069834, 39.291514674 -4.611517975, 39.292172992 -4.609806349, 39.293665178 -4.607216966, 39.294762374 -4.60291596, 39.295985212 -4.600443789, 39.296259388 -4.597229671, 39.295771795 -4.595542802, 39.294762374 -4.593655625, 39.296610344 -4.593115432, 39.297313951 -4.595366114, 39.297581638 -4.597061481, 39.297615084 -4.600458239, 39.294190906 -4.609137247, 39.29347707 -4.612825409, 39.292674 -4.615115643, 39.292168364 -4.617286898, 39.29249554 -4.617970996, 39.293328352 -4.618536117, 39.294101677 -4.618536117, 39.294904745 -4.615769993, 39.295172435 -4.615472559, 39.295797042 -4.615145384, 39.296825102 -4.613613626, 39.29708843 -4.612790723, 39.298141741 -4.61243962, 39.299151158 -4.613273489, 39.300658724 -4.613440995, 39.301150829 -4.612855155, 39.301478005 -4.612171057, 39.302043128 -4.611784397, 39.302727224 -4.612022343, 39.303232858 -4.611843881, 39.303671605 -4.61204463, 39.303188839 -4.613492929, 39.30308772 -4.616930959, 39.302846195 -4.618625346, 39.303530291 -4.618982264, 39.30397644 -4.618803807, 39.304184643 -4.616959722, 39.304262186 -4.612824178, 39.305815203 -4.606026947, 39.306041548 -4.605593116, 39.306787642 -4.60511035, 39.307533737 -4.605724782, 39.30762151 -4.607875286, 39.307402071 -4.609455248, 39.307445959 -4.611122986, 39.307797063 -4.612132404, 39.30885037 -4.612395731, 39.30968424 -4.612220181, 39.310386445 -4.612395731, 39.310342559 -4.61305405, 39.30949219 -4.613904416, 39.3063559 -4.61565102, 39.306117955 -4.616156657, 39.306897932 -4.62003257, 39.306173213 -4.622270494, 39.306129327 -4.62437711, 39.303553603 -4.633180456, 39.303553603 -4.635916837, 39.304862305 -4.638296296, 39.306073751 -4.639594273, 39.316676812 -4.642776876, 39.319807929 -4.643937359, 39.321875451 -4.645315706, 39.324380558 -4.646136781, 39.326819265 -4.646792215, 39.328871551 -4.646851702, 39.33487969 -4.644085578, 39.337616069 -4.642717389, 39.340025274 -4.64182509, 39.342137046 -4.64125997, 39.347728779 -4.640605619, 39.352695905 -4.640754334, 39.356027149 -4.6413492, 39.361291707 -4.643074307, 39.364206546 -4.643223023, 39.366942928 -4.644293781, 39.368281373 -4.644948134, 39.370040503 -4.645326957, 39.370578262 -4.645620279, 39.377472044 -4.647178879, 39.381636098 -4.648963473, 39.383004291 -4.649320395, 39.383837101 -4.650093717, 39.385235035 -4.650629096, 39.386395022 -4.650450636, 39.387138603 -4.649915257, 39.389012427 -4.649766544, 39.391629834 -4.649112192, 39.392700592 -4.649201421, 39.394009296 -4.648814757, 39.395466715 -4.648785016, 39.397930163 -4.648060416, 39.401028706 -4.647316835, 39.401772287 -4.647744002, 39.403789586 -4.646275821, 39.404295221 -4.64609736, 39.406101459 -4.644772287, 39.407648109 -4.644177424, 39.410919868 -4.643582557, 39.413418305 -4.642392828, 39.414727006 -4.641500529, 39.415559816 -4.639953881, 39.415857252 -4.63787185, 39.415857252 -4.635194956, 39.41294241 -4.631328335, 39.412347547 -4.629722199, 39.413180356 -4.625677115, 39.413180356 -4.624546869, 39.412823437 -4.622167409, 39.412466517 -4.621334598, 39.411336274 -4.620620759, 39.409551678 -4.620323325, 39.408983679 -4.620056032, 39.407240289 -4.620255276, 39.405425949 -4.62183167, 39.403284435 -4.621920899, 39.401856757 -4.621682955, 39.400607541 -4.621177318, 39.398971664 -4.619957844, 39.398228082 -4.619125034, 39.397900906 -4.618232734, 39.397987232 -4.616835205, 39.397297454 -4.615504917, 39.397136408 -4.613958744, 39.397789717 -4.612797307, 39.398878567 -4.612180292, 39.399391527 -4.611638831, 39.399983361 -4.6101021, 39.39977642 -4.609821249, 39.398490429 -4.609244771, 39.398313051 -4.608683075, 39.395766982 -4.607473798, 39.39619274 -4.606409396, 39.395938677 -4.605247958, 39.394740942 -4.603832456, 39.393952509 -4.603287828, 39.394765491 -4.601573175, 39.394484645 -4.600434997, 39.393967292 -4.600109804, 39.393432575 -4.599496307, 39.393361734 -4.597130402, 39.395401096 -4.590974838, 39.395933229 -4.58962972, 39.396007137 -4.586865581, 39.395795237 -4.585645608, 39.396662594 -4.583091089, 39.396410509 -4.581402183, 39.392577829 -4.576222901, 39.392267417 -4.576089867, 39.39169217 -4.576212007, 39.390929973 -4.575486108, 39.389986305 -4.573743952, 39.389804833 -4.572618807, 39.389260406 -4.571965498, 39.388207853 -4.569388558, 39.3871553 -4.5683723, 39.387119005 -4.567428633, 39.387663429 -4.566593849, 39.388570803 -4.565976835, 39.389405587 -4.566702732, 39.388643392 -4.567501221, 39.388643392 -4.568481186, 39.38987742 -4.57087665, 39.392272886 -4.573889131, 39.394813532 -4.575957942, 39.397354178 -4.578680062, 39.398043783 -4.580567399, 39.398443029 -4.58292657, 39.400221478 -4.586301999, 39.400911082 -4.58673754, 39.402762123 -4.586919013, 39.403850972 -4.58666495, 39.407298994 -4.584450958, 39.408351544 -4.583906535, 39.408968558 -4.583325814, 39.409367802 -4.582019198, 39.409875933 -4.58114812, 39.412888411 -4.58013186, 39.414303915 -4.578934127, 39.415485396 -4.578955386, 39.416735675 -4.57976891, 39.418042293 -4.578353408, 39.419058551 -4.577917869, 39.419965927 -4.576683843, 39.420728118 -4.574723915, 39.421345132 -4.573889131, 39.42116304 -4.572818717, 39.421831621 -4.572096084, 39.421671789 -4.570840356, 39.420909593 -4.570005572, 39.419022256 -4.568807839, 39.417860821 -4.568444889, 39.41706233 -4.568771544, 39.41698974 -4.5683723, 39.417570459 -4.567138273, 39.419167437 -4.567392336, 39.420183697 -4.567210863, 39.42377221 -4.569755087, 39.423987796 -4.56934662, 39.424139843 -4.567428633, 39.423232469 -4.564307267, 39.422071034 -4.562601406, 39.417026037 -4.5569031, 39.41698974 -4.556503855, 39.41807859 -4.556249792, 39.418441537 -4.556540149, 39.418695605 -4.55610461, 39.418441537 -4.55374544, 39.418332653 -4.553418786, 39.419203731 -4.553019541, 39.420474054 -4.555197239, 39.421199952 -4.557520115, 39.421744377 -4.557919359, 39.422397685 -4.558064538, 39.42265175 -4.55632238, 39.423559126 -4.554289864, 39.425627935 -4.550987026, 39.426934555 -4.548591558, 39.430527754 -4.54550649, 39.435717928 -4.541876996, 39.438694113 -4.540352608, 39.439746666 -4.53955412, 39.440908105 -4.537303833, 39.440908105 -4.536214986, 39.440109616 -4.53552538, 39.440944399 -4.534472826, 39.442178427 -4.535198726, 39.442613966 -4.535706855, 39.444501303 -4.534073584, 39.446054206 -4.531643781, 39.446570117 -4.529645602, 39.446570117 -4.528447867, 39.448275978 -4.528774521, 39.448348567 -4.531278873, 39.448058209 -4.53229513, 39.446570117 -4.533928403, 39.444646486 -4.536831999, 39.442831736 -4.540715556, 39.438512637 -4.546232387, 39.437097137 -4.547357532, 39.43795 -4.548513, 39.440327385 -4.549680408, 39.440835513 -4.550333717, 39.440980694 -4.551132204, 39.439420013 -4.550841844, 39.436480122 -4.549607816, 39.434810555 -4.549390046, 39.432269909 -4.550841844, 39.431035881 -4.551894397, 39.429874446 -4.554072094, 39.427624157 -4.556721625, 39.427261207 -4.557810472, 39.427116028 -4.55955263, 39.429838148 -4.562274751, 39.431398831 -4.563073238, 39.432523973 -4.563363598, 39.433104693 -4.564016909, 39.433649117 -4.566013129, 39.434193541 -4.566993094, 39.43441131 -4.567791581, 39.434193541 -4.569061904, 39.433450347 -4.568989983, 39.432940957 -4.568761083, 39.434279405 -4.570724138, 39.43460658 -4.571467722, 39.434457866 -4.571675925, 39.43484685 -4.572151815, 39.434883349 -4.57311032, 39.435201447 -4.573401033, 39.434547094 -4.574204102, 39.434487607 -4.574679993, 39.435439391 -4.575364088, 39.43631581 -4.576706714, 39.436420919 -4.578844049, 39.436004514 -4.580420443, 39.435707081 -4.581848119, 39.435707081 -4.583156824, 39.435945029 -4.584138351, 39.436301946 -4.584762958, 39.435796311 -4.587201908, 39.435736826 -4.588361895, 39.436480408 -4.589908542, 39.437372704 -4.590800843, 39.439276273 -4.591544424, 39.442607518 -4.591841856, 39.443053667 -4.591752627, 39.44344875 -4.588915237, 39.444706 -4.585343999, 39.445316784 -4.585031791, 39.447078244 -4.585503512, 39.448493747 -4.585322036, 39.450199609 -4.585503512, 39.450744033 -4.584559843, 39.451469932 -4.582491031, 39.450961801 -4.581511068, 39.450961801 -4.580676284, 39.451143277 -4.57998668, 39.45237717 -4.578557363, 39.45310689 -4.578070725, 39.454594053 -4.576286128, 39.454802256 -4.575007168, 39.455516093 -4.573609236, 39.45557558 -4.573282059, 39.455099688 -4.572508736, 39.455724299 -4.572122075, 39.455278148 -4.571586696, 39.455527298 -4.571264638, 39.45557126 -4.570912945, 39.455026837 -4.569207083, 39.455063916 -4.56861385, 39.45602173 -4.566411365, 39.456319162 -4.565340608, 39.456514929 -4.562238455, 39.457603776 -4.559734104, 39.458674873 -4.558419751, 39.459263745 -4.558083252, 39.459294805 -4.557295716, 39.459882467 -4.556225333, 39.460483219 -4.555971481, 39.461345774 -4.555049439, 39.461959171 -4.553709146, 39.462068054 -4.552475118, 39.461775632 -4.548891959, 39.461821666 -4.547345937, 39.462119098 -4.546542866, 39.462288067 -4.542818308, 39.462759381 -4.54055215, 39.463152075 -4.539155913, 39.46323112 -4.538270256, 39.462862679 -4.537560401, 39.462059612 -4.536727589, 39.461821666 -4.535478372, 39.461821666 -4.535091712, 39.46372223 -4.533036423, 39.464027981 -4.530335205, 39.464499817 -4.529318945, 39.46453611 -4.527250135, 39.464971649 -4.524673193, 39.465531575 -4.523199704, 39.46555237 -4.521297764, 39.466568625 -4.518974887, 39.466641217 -4.517886041, 39.466967871 -4.516942372, 39.467947834 -4.515817228, 39.467984129 -4.515091331, 39.468863703 -4.513084043, 39.469525171 -4.512070424, 39.469918436 -4.509924671, 39.470149779 -4.509690966, 39.470114094 -4.50905138, 39.471831392 -4.503549539, 39.473392075 -4.499157851, 39.475751246 -4.494403216, 39.477311928 -4.489793758, 39.478531634 -4.486847937, 39.479888871 -4.485075415, 39.480360703 -4.483877683, 39.482211747 -4.48188146, 39.48374245 -4.480611137, 39.483920909 -4.480126163, 39.48493218 -4.479233862, 39.485814776 -4.479221631, 39.486167893 -4.478941571, 39.486748612 -4.477997903, 39.487728577 -4.476909055, 39.489252963 -4.47556614, 39.49243593 -4.471965615, 39.492992605 -4.472392913, 39.494212081 -4.472482144, 39.498000043 -4.468089385, 39.497624885 -4.467714226, 39.497637095 -4.467073125, 39.498907418 -4.464459891, 39.498762237 -4.463262157, 39.499234071 -4.46144741, 39.499161482 -4.460394857, 39.498326698 -4.458943061, 39.498145223 -4.458108275, 39.498289626 -4.457205759, 39.497454094 -4.456242322, 39.497245891 -4.45549874, 39.497632553 -4.453000307, 39.49795973 -4.451870061, 39.499268433 -4.449222912, 39.500547393 -4.447616775, 39.500625821 -4.447315044, 39.500249961 -4.445683465, 39.500249961 -4.445118341, 39.500934056 -4.445029113, 39.50144544 -4.444756175, 39.50270207 -4.443533605, 39.506421771 -4.440649543, 39.508053742 -4.439561563, 39.508670756 -4.438146059, 39.508631147 -4.436997895, 39.509178885 -4.435496529, 39.510521798 -4.433645488, 39.513715752 -4.42558801, 39.514059766 -4.425152727, 39.513933522 -4.423700673, 39.513425395 -4.42213999, 39.513497982 -4.420615605, 39.513969817 -4.420470423, 39.515603089 -4.421704451, 39.51618381 -4.42315625, 39.516583055 -4.423555495, 39.516909707 -4.422793299, 39.516837118 -4.421849633, 39.516365286 -4.420543013, 39.515893448 -4.420107475, 39.51774449 -4.420724489, 39.517998555 -4.421341501, 39.518470389 -4.421813336, 39.521700639 -4.421232619, 39.523442796 -4.420288948, 39.524096105 -4.41941787, 39.524590659 -4.417881312, 39.525584197 -4.41713129, 39.525293838 -4.419345282, 39.525547902 -4.421160028, 39.526201211 -4.422757005, 39.527689304 -4.425261357, 39.528487792 -4.427330168, 39.529540345 -4.428890849, 39.53001218 -4.429362683, 39.53073808 -4.429507863, 39.531790634 -4.429217503, 39.533024663 -4.428019771, 39.532988365 -4.426894627, 39.533387609 -4.426858333, 39.533278726 -4.430306353, 39.533714265 -4.431467789, 39.534149803 -4.43219369, 39.534222393 -4.432883293, 39.533714265 -4.434952106, 39.533677971 -4.435823183, 39.53389574 -4.437202391, 39.533714265 -4.438799367, 39.535020881 -4.438218648, 39.535492715 -4.43829124, 39.536378895 -4.438940308, 39.536763038 -4.439017137, 39.537888181 -4.438545305, 39.540065878 -4.435169875, 39.540828075 -4.432266278, 39.542134691 -4.430887071, 39.542824293 -4.42896344, 39.542388754 -4.427838296, 39.542606524 -4.427221282, 39.543949436 -4.426930924, 39.54387062 -4.426050619, 39.543549392 -4.425693698, 39.543299548 -4.425658007, 39.543192472 -4.424944168, 39.543549392 -4.423766335, 39.543763544 -4.42069683, 39.544013386 -4.419233463, 39.543906311 -4.417877171, 39.544298923 -4.416699338, 39.545226911 -4.415021816, 39.54519122 -4.414200902, 39.544977068 -4.413808292, 39.545512447 -4.412701841, 39.545548139 -4.412023697, 39.545405371 -4.4115597, 39.545726598 -4.410596018, 39.545084144 -4.409560954, 39.54519122 -4.408847114, 39.545876592 -4.408703012, 39.546012136 -4.407562207, 39.545797984 -4.407169595, 39.54576229 -4.406527141, 39.547618273 -4.402529646, 39.54779673 -4.401815809, 39.547582578 -4.39981706, 39.547868113 -4.397996774, 39.547761037 -4.397425702, 39.54986686 -4.390215937, 39.550616391 -4.3886098, 39.550901928 -4.387467659, 39.55432835 -4.381257264, 39.555292032 -4.377759457, 39.556398481 -4.374689953, 39.558368677 -4.370749564, 39.559539369 -4.366880561, 39.56076205 -4.364151639, 39.562851579 -4.360256141, 39.562851579 -4.358485822, 39.563365545 -4.354659649, 39.566278004 -4.34569384, 39.569418892 -4.337927281, 39.569932856 -4.335985639, 39.569997506 -4.33509238, 39.571350683 -4.332128894, 39.575243814 -4.321994408, 39.582496411 -4.305718895, 39.584323837 -4.301093223, 39.588892402 -4.292412949, 39.592547254 -4.284475069, 39.596658961 -4.274938187, 39.598372173 -4.270312515, 39.599000351 -4.263859417, 39.598486387 -4.259119532, 39.599444344 -4.256185121, 39.60134174 -4.252438004, 39.602141239 -4.246384657, 39.604025772 -4.237818596, 39.605910306 -4.234106636, 39.607509303 -4.230109143, 39.608251695 -4.227710645, 39.608194588 -4.225369258, 39.609964907 -4.220972013, 39.612363407 -4.2095506, 39.614990328 -4.20235511, 39.619901537 -4.19493119, 39.622528463 -4.189734448, 39.626811491 -4.185565633, 39.630751879 -4.180197568, 39.633662203 -4.173499849, 39.634163 -4.172826999, 39.63587786 -4.16759404, 39.638803977 -4.1634652, 39.642059077 -4.156726565, 39.651653065 -4.141650302, 39.653222742 -4.137964358, 39.654234014 -4.134216708, 39.657267826 -4.127018837, 39.663038019 -4.117619967, 39.664406209 -4.113158478, 39.66559594 -4.111195423, 39.669403077 -4.105722662, 39.671539389 -4.101047536, 39.67394354 -4.09662661, 39.675113784 -4.094063302, 39.675530189 -4.09204076, 39.67535173 -4.090732058, 39.674278505 -4.088551947, 39.674639531 -4.085865732, 39.674961817 -4.085479882, 39.67523722 -4.084765559, 39.674838532 -4.084029272, 39.674023693 -4.08357583, 39.670864745 -4.083771598, 39.670094 -4.083243, 39.668696462 -4.08309874, 39.667413944 -4.083366837, 39.665472973 -4.083286881, 39.662747607 -4.082098811, 39.662037513 -4.082178515, 39.661269451 -4.081747386, 39.660399947 -4.081200324, 39.659700722 -4.080598917, 39.660077507 -4.080352558, 39.659849262 -4.080113444, 39.659497837 -4.080493852, 39.658160975 -4.079066417, 39.65712952 -4.077936508, 39.656002836 -4.077364568, 39.654472758 -4.075194941, 39.653509044 -4.074338204, 39.653137848 -4.074263965, 39.652366141 -4.07493278, 39.651656759 -4.07491459, 39.651211866 -4.07512326, 39.650809644 -4.076070734, 39.650568032 -4.077576174, 39.649620903 -4.079283035, 39.649205914 -4.079554539, 39.649039352 -4.081196367, 39.647516497 -4.081743644, 39.646993016 -4.08290958, 39.64670748 -4.083361679, 39.646207795 -4.08343306, 39.646112618 -4.08317132, 39.646493329 -4.083123731, 39.64685025 -4.082267125, 39.646659891 -4.082029178, 39.646993016 -4.080982215, 39.646993016 -4.080672886, 39.646802659 -4.080387353, 39.647192964 -4.079840908, 39.647111989 -4.079221417, 39.647278553 -4.078483784, 39.64763547 -4.077817534, 39.648730022 -4.077674764, 39.649372477 -4.077746151, 39.649605529 -4.077507518, 39.649680959 -4.076967457, 39.649467655 -4.075628429, 39.649253504 -4.075390484, 39.64893183 -4.075346617, 39.648038906 -4.07478339, 39.647373731 -4.074081779, 39.645952264 -4.073467202, 39.643376235 -4.07020326, 39.643162084 -4.069679777, 39.642567218 -4.068894556, 39.642088177 -4.067680653, 39.642353067 -4.066062996, 39.642234094 -4.065349156, 39.642567218 -4.065372952, 39.642662397 -4.064825675, 39.64247204 -4.06449255, 39.642305477 -4.062398626, 39.641615434 -4.060423673, 39.64006033 -4.058559521, 39.639503248 -4.056232886, 39.639616688 -4.05535542, 39.639402536 -4.055069887, 39.639221793 -4.053711229, 39.639521511 -4.051548284, 39.638926643 -4.050739266, 39.638117627 -4.050429937, 39.637760707 -4.050739266, 39.637118253 -4.052143149, 39.636594771 -4.054046718, 39.63668995 -4.055046091, 39.63734826 -4.055548811, 39.637522761 -4.056021671, 39.637974859 -4.056378589, 39.638061583 -4.057702915, 39.637475172 -4.058686668, 39.635666781 -4.059805012, 39.633572855 -4.060994743, 39.632835222 -4.061613403, 39.631954823 -4.062065501, 39.630979243 -4.062969696, 39.629837103 -4.06365974, 39.628314247 -4.063707331, 39.627148311 -4.063207642, 39.624452013 -4.06152723, 39.624745848 -4.061079339, 39.624412355 -4.060801428, 39.624066437 -4.061285428, 39.622674924 -4.060352288, 39.621125458 -4.05987251, 39.621042689 -4.059689786, 39.621813891 -4.059161756, 39.621619354 -4.058710151, 39.619472495 -4.059446614, 39.617832822 -4.059682838, 39.617909248 -4.060176129, 39.619250166 -4.059953801, 39.619315993 -4.060175776, 39.618011181 -4.060756798, 39.617297344 -4.060804388, 39.616036228 -4.061613403, 39.61532239 -4.062089297, 39.615512746 -4.062898312, 39.616131409 -4.063445588, 39.616321764 -4.065016032, 39.615721395 -4.065940449, 39.615084443 -4.066277147, 39.614323018 -4.066396119, 39.613775741 -4.066277147, 39.613085697 -4.065372952, 39.612252885 -4.064278399, 39.611467662 -4.063778714, 39.609327472 -4.063574951, 39.607541552 -4.06308867, 39.607041866 -4.06308867, 39.606280438 -4.063635945, 39.606015402 -4.064387483, 39.604666629 -4.064243198, 39.602401918 -4.063469385, 39.601768773 -4.063699742, 39.600137769 -4.064653219, 39.599336847 -4.064937064, 39.593289644 -4.065126835, 39.592832788 -4.066040548, 39.592604361 -4.067411118, 39.592718574 -4.072379432, 39.592318824 -4.074035536, 39.591290897 -4.075120571, 39.589863222 -4.07631982, 39.586836546 -4.077404854, 39.585123337 -4.079175173, 39.580726092 -4.081802098, 39.579311007 -4.081844376, 39.577335925 -4.081727275, 39.577864541 -4.080605755, 39.579220834 -4.078963925, 39.57983283 -4.0777504, 39.579985119 -4.075679318, 39.579802374 -4.072207207, 39.578157693 -4.071658982, 39.575751582 -4.071110753, 39.57365004 -4.068247787, 39.573101811 -4.066785845, 39.571759786 -4.06401996, 39.570543415 -4.05600403, 39.570604329 -4.055333974, 39.570238844 -4.054359348, 39.569751532 -4.053780663, 39.56845693 -4.053095193, 39.566392217 -4.051078497, 39.565592718 -4.046681252, 39.566734902 -4.043406993, 39.569294674 -4.040927765, 39.572401298 -4.039465824, 39.575142437 -4.039313539, 39.576817579 -4.039404912, 39.580259231 -4.038978511, 39.579985119 -4.039831312, 39.580046031 -4.04034908, 39.581477516 -4.040379537, 39.581873457 -4.04013588, 39.581721172 -4.038338914, 39.581173189 -4.036245344, 39.579497802 -4.033587605, 39.577943748 -4.031570749, 39.571792156 -4.026947958, 39.568799748 -4.025326117, 39.567081809 -4.024747059, 39.570115621 -4.024776804, 39.571900216 -4.025133724, 39.573626782 -4.025687417, 39.574479134 -4.02625565, 39.574982135 -4.026365442, 39.575956008 -4.027504856, 39.577345616 -4.028171106, 39.57850679 -4.028551818, 39.580315181 -4.030284066, 39.581476358 -4.0316356, 39.582789822 -4.032777743, 39.584141354 -4.03344399, 39.584940853 -4.034471919, 39.585569032 -4.036032843, 39.585283495 -4.037727019, 39.584369782 -4.040468158, 39.584266731 -4.04285508, 39.584552264 -4.044339863, 39.585865726 -4.045424899, 39.586665225 -4.045482006, 39.589985447 -4.044400716, 39.599580161 -4.043979314, 39.60285192 -4.045525964, 39.605885732 -4.04540699, 39.608125823 -4.045496594, 39.608671647 -4.046063058, 39.609685985 -4.04661097, 39.610504547 -4.049230367, 39.610906386 -4.050048928, 39.611308225 -4.050525182, 39.613049529 -4.0511205, 39.613243007 -4.05137351, 39.618912689 -4.049570497, 39.618109728 -4.04722117, 39.621007446 -4.046272458, 39.622074496 -4.046117462, 39.622239901 -4.047357474, 39.62270498 -4.047337072, 39.623492207 -4.047678999, 39.630201292 -4.043858031, 39.630737745 -4.043114313, 39.631707017 -4.042992392, 39.63188547 -4.043600511, 39.634870867 -4.043278906, 39.63691914 -4.043285002, 39.638473633 -4.042870471, 39.638449249 -4.042687589, 39.639418521 -4.042699782, 39.63972942 -4.042510804, 39.640247909 -4.040867822, 39.639991077 -4.039850767, 39.638943204 -4.039203552, 39.636981009 -4.036861246, 39.637268661 -4.035803097, 39.638316534 -4.034580578, 39.639180651 -4.034423014, 39.640405326 -4.034462383, 39.641388267 -4.03435317, 39.644404014 -4.034710306, 39.644948701 -4.036886973, 39.646963145 -4.037386, 39.649075587 -4.037382935, 39.648864088 -4.035768348, 39.651467747 -4.034185504, 39.652447781 -4.034940378, 39.651629894 -4.036882008, 39.650133481 -4.038599411, 39.649229478 -4.038886833, 39.647655569 -4.038514942, 39.647027393 -4.038000978, 39.644010389 -4.037420023, 39.643315435 -4.037544122, 39.641773542 -4.038343622, 39.641179533 -4.039224637, 39.641060581 -4.040197895, 39.641276859 -4.040771037, 39.641199262 -4.041620337, 39.641514766 -4.042447201, 39.641579649 -4.043485342, 39.641190347 -4.043474527, 39.641190347 -4.043723248, 39.641579649 -4.043669178, 39.641723511 -4.044438793, 39.642465443 -4.044690495, 39.64275733 -4.044619735, 39.64463248 -4.048485021, 39.644862452 -4.049192625, 39.646507631 -4.050209806, 39.646666842 -4.050139045, 39.647073714 -4.051085465, 39.646942856 -4.051336463, 39.647940529 -4.055304554, 39.64824126 -4.059284826, 39.647781318 -4.059700543, 39.647666332 -4.060620428, 39.648167045 -4.06124304, 39.648893148 -4.061414821, 39.650518183 -4.061451721, 39.652542388 -4.063019146, 39.652957431 -4.062808147, 39.653214804 -4.063241739, 39.652985255 -4.063357673, 39.652982936 -4.063747211, 39.652704695 -4.063795903, 39.653096551 -4.064057914, 39.653115101 -4.063844595, 39.653917919 -4.063650847, 39.654492209 -4.06480091, 39.654812743 -4.065274291, 39.654794935 -4.065979169, 39.65456918 -4.066266786, 39.654853239 -4.066360794, 39.655389432 -4.067527378, 39.655925626 -4.067817213, 39.656280674 -4.067197691, 39.656813245 -4.067440428, 39.657008883 -4.067041905, 39.65733857 -4.0671832, 39.65781408 -4.066418535, 39.658051835 -4.066667611, 39.657927296 -4.067086513, 39.65815373 -4.067250677, 39.657955601 -4.068716832, 39.657185727 -4.068824388, 39.656949097 -4.06898551, 39.657245526 -4.070128867, 39.657412161 -4.070075432, 39.657559782 -4.070464289, 39.658102782 -4.070409421, 39.658003844 -4.070555766, 39.658223145 -4.070471373, 39.658682243 -4.069996044, 39.659465956 -4.070443549, 39.6598439 -4.07066846, 39.660154603 -4.071245811, 39.660189383 -4.071549557, 39.659897229 -4.072166325, 39.660356327 -4.072938445, 39.660538388 -4.073030834, 39.661383902 -4.072823441, 39.661646463 -4.072413355, 39.661499281 -4.072209565, 39.661799305 -4.072051062, 39.6620728 -4.072725367, 39.662422156 -4.072503382, 39.662562838 -4.071809684, 39.662103657 -4.070437791, 39.662225101 -4.070174011, 39.662153447 -4.069483761, 39.662138394 -4.06889556, 39.662566461 -4.068686716, 39.662983098 -4.06904901, 39.663240326 -4.069798957, 39.663193269 -4.069983563, 39.663929408 -4.072215017, 39.66347944 -4.073204513, 39.662178931 -4.074591055, 39.663392725 -4.075863979, 39.663212634 -4.07598959, 39.664963855 -4.078365582, 39.6652395 -4.078178608, 39.665340843 -4.078300219, 39.666070514 -4.078239414, 39.666719111 -4.079131234, 39.667063678 -4.079293383, 39.66959573 -4.0794796, 39.671903641 -4.079181051, 39.672885116 -4.078776912, 39.673914489 -4.076982757, 39.675788688 -4.074396414, 39.67719801 -4.07420595, 39.677502039 -4.073800577, 39.67808983 -4.073982993, 39.678981652 -4.073537083, 39.679387025 -4.073496547, 39.679609981 -4.072908755, 39.68068947 -4.072825869, 39.682684687 -4.071477542, 39.682577616 -4.070275912, 39.682034022 -4.068039294, 39.681899549 -4.066649738, 39.682143563 -4.065368812, 39.681515237 -4.063666244, 39.681176997 -4.063172983, 39.679995086 -4.059247676, 39.679663889 -4.058863753, 39.679164071 -4.058680156, 39.678495204 -4.057808601, 39.67719801 -4.056754632, 39.676894389 -4.056332348, 39.675580924 -4.055190205, 39.675313024 -4.053430573, 39.675331434 -4.052324393, 39.676647996 -4.049948176, 39.677913869 -4.049015428, 39.678511238 -4.047882696, 39.678503975 -4.047073789, 39.678199406 -4.046474165, 39.676609924 -4.046331396, 39.674152348 -4.047057116, 39.673220649 -4.046662368, 39.672440037 -4.045881753, 39.671697644 -4.044853826, 39.67118368 -4.042512437, 39.671413183 -4.041344045, 39.672450627 -4.040182868, 39.672660022 -4.039830709, 39.673337977 -4.039312912, 39.674667211 -4.038800478, 39.675340617 -4.03835154, 39.675537174 -4.038042399, 39.675617054 -4.036830537, 39.675211681 -4.035492807, 39.674948188 -4.03526985, 39.673534208 -4.035872689, 39.672571867 -4.035702864, 39.669990528 -4.034378229, 39.669520679 -4.033483818, 39.668620607 -4.032906413, 39.667063678 -4.030790476, 39.666394082 -4.030351221, 39.665734436 -4.030278762, 39.664024857 -4.030366071, 39.663379883 -4.030145512, 39.661532588 -4.030063098, 39.659134089 -4.030405739, 39.655650558 -4.032861344, 39.652997228 -4.033648357, 39.652827649 -4.033829242, 39.650820041 -4.032242387, 39.651001018 -4.03138513, 39.650715265 -4.030537398, 39.651096269 -4.029556315, 39.651048643 -4.029184837, 39.650658115 -4.029108636, 39.648810249 -4.029680141, 39.647857742 -4.029499164, 39.645066893 -4.028022777, 39.644314412 -4.027394122, 39.642333195 -4.024365147, 39.641602222 -4.020868861, 39.641887756 -4.018813006, 39.642344612 -4.016928473, 39.642573042 -4.013559157, 39.643715182 -4.012645444, 39.645599715 -4.013159405, 39.646342107 -4.013559157, 39.646856074 -4.014073118, 39.6470845 -4.016528724, 39.647427141 -4.018127722, 39.648055319 -4.019498289, 39.648854819 -4.020640432, 39.649624002 -4.021273001, 39.649830968 -4.019661399, 39.649540103 -4.017214009, 39.651367529 -4.015557904, 39.650625139 -4.013330726, 39.648455068 -4.011103552, 39.649482995 -4.008876376, 39.650967779 -4.008705054, 39.65210992 -4.0074487, 39.65445131 -4.0074487, 39.65446599 -4.010322712, 39.654679738 -4.010932232, 39.65684981 -4.008133986, 39.658453366 -4.008683766, 39.656335843 -4.012645444, 39.655022384 -4.016357403, 39.654622631 -4.018470363, 39.65525081 -4.020868861, 39.655936097 -4.02143993, 39.657877736 -4.021953895, 39.659248303 -4.023210249, 39.660219124 -4.023267357, 39.661132837 -4.02143993, 39.662846048 -4.022924715, 39.66455926 -4.023952641, 39.666558008 -4.02475214, 39.669013611 -4.027093529, 39.670327074 -4.027607493, 39.670783931 -4.026922209, 39.671983179 -4.027550386, 39.672097393 -4.029206492, 39.671926072 -4.031033918, 39.67219165 -4.032634926, 39.672698366 -4.032574119, 39.672747687 -4.032376848, 39.67432457 -4.031262345, 39.674952746 -4.031033918, 39.676323316 -4.031490774, 39.676780172 -4.031947631, 39.677743153 -4.034291232, 39.677441233 -4.035127971, 39.677664188 -4.035776567, 39.677724995 -4.036344091, 39.677990609 -4.036834236, 39.677562847 -4.037296716, 39.67748177 -4.037762896, 39.677889809 -4.038047657, 39.67661428 -4.03995971, 39.676087886 -4.040591383, 39.674049624 -4.041648617, 39.673526143 -4.042276796, 39.673726019 -4.04336183, 39.674618213 -4.043760942, 39.676048372 -4.043485561, 39.677457013 -4.04353315, 39.678646745 -4.043161954, 39.679324372 -4.043144579, 39.680328917 -4.043837085, 39.681109381 -4.044065514, 39.6818716 -4.044662346, 39.682081634 -4.045377155, 39.682044613 -4.04631236, 39.680957094 -4.048843473, 39.680995168 -4.049623934, 39.681565394 -4.050111424, 39.681961686 -4.051223169, 39.682016073 -4.051767036, 39.681635346 -4.054040849, 39.681162188 -4.054763805, 39.681147452 -4.055569017, 39.682961792 -4.056580291, 39.682932048 -4.057175155, 39.683526912 -4.057948481, 39.683854089 -4.058573089, 39.683883832 -4.059048979, 39.684301109 -4.060112368, 39.684504899 -4.060197281, 39.685245001 -4.061808797, 39.684277269 -4.062675424, 39.684391728 -4.062771048, 39.685365572 -4.061917775, 39.6857333 -4.062421988, 39.686542799 -4.062523883, 39.68812217 -4.063027697, 39.68878562 -4.063647218, 39.691379137 -4.063956617, 39.694096493 -4.06363693, 39.69581088 -4.063034578, 39.698101112 -4.061844846, 39.703319729 -4.058018908, 39.706488711 -4.05366545, 39.707797415 -4.051167015, 39.708838429 -4.049709595, 39.711158403 -4.047032702, 39.712258905 -4.045337335, 39.713002486 -4.043641969, 39.714549138 -4.041530197, 39.716333732 -4.038615358, 39.718338886 -4.034490797, 39.719477653 -4.032592857, 39.72194569 -4.029436589, 39.724061897 -4.025846893, 39.726609436 -4.023954311, 39.728398791 -4.023078669, 39.728578396 -4.023354067, 39.731016654 -4.021070638, 39.73146897 -4.020261013, 39.731516559 -4.018119498, 39.73146897 -4.017643608, 39.730968606 -4.017539284, 39.730568857 -4.017805782, 39.730473679 -4.018148425, 39.730226217 -4.018357819, 39.729731287 -4.018186496, 39.72914118 -4.018186496, 39.727247588 -4.01598811, 39.726676521 -4.01461754, 39.726219661 -4.011590865, 39.727190481 -4.007936013, 39.729256952 -4.003329011, 39.730519883 -4.001044384, 39.732804514 -3.997525203, 39.734620863 -3.995212196, 39.73801233 -3.990046948, 39.740779427 -3.987166327, 39.74333367 -3.98421476, 39.746720403 -3.979747745, 39.747136656 -3.979659692, 39.747500818 -3.979376185, 39.747732645 -3.979404267, 39.748314445 -3.978935989, 39.749052337 -3.977971053, 39.749587558 -3.976764454, 39.749676707 -3.976268224, 39.750950902 -3.974675423, 39.751308585 -3.974693106, 39.751805244 -3.974068738, 39.752131621 -3.973543697, 39.752926273 -3.972777425, 39.754529769 -3.970223183, 39.755849462 -3.969059581, 39.756488022 -3.968548732, 39.758428849 -3.966649672, 39.762703348 -3.96366729, 39.763498004 -3.962347597, 39.763455431 -3.962063795, 39.762405353 -3.960900193, 39.762008027 -3.959679832, 39.761241753 -3.958956132, 39.760872806 -3.95889937, 39.760145034 -3.958338452, 39.75860237 -3.958686518, 39.756615737 -3.959523741, 39.756076508 -3.959623072, 39.754983857 -3.95955212, 39.754160823 -3.959764976, 39.753791877 -3.959623072, 39.752018097 -3.959750783, 39.751237634 -3.959523741, 39.750556503 -3.959140603, 39.750344478 -3.958872456, 39.747349508 -3.958047957, 39.745788583 -3.957934433, 39.744582411 -3.957281683, 39.744304332 -3.956933193, 39.741773676 -3.956072769, 39.741403799 -3.955720758, 39.741914649 -3.955068004, 39.742595778 -3.95528086, 39.743753071 -3.955312777, 39.744785325 -3.955753019, 39.74546695 -3.956129097, 39.745816962 -3.956728264, 39.746384572 -3.956884355, 39.749098179 -3.957257062, 39.750421066 -3.957818129, 39.753564833 -3.958473662, 39.754345296 -3.958331759, 39.754714243 -3.958019574, 39.755182521 -3.957012068, 39.755537279 -3.956671502, 39.756090696 -3.95645865, 39.756950417 -3.95652485, 39.757339437 -3.956714072, 39.758616559 -3.956203224, 39.759184168 -3.955266667, 39.759538924 -3.954599727, 39.760599936 -3.953824275, 39.761028431 -3.953843752, 39.761582319 -3.954287541, 39.76280268 -3.954585537, 39.762958775 -3.954401065, 39.76268916 -3.954117258, 39.763498004 -3.953847643, 39.764231511 -3.953841032, 39.765931591 -3.953202865, 39.766997047 -3.952638024, 39.769902968 -3.949366577, 39.770380267 -3.948441162, 39.771151607 -3.947764491, 39.771606945 -3.947058713, 39.772068906 -3.946795094, 39.772509903 -3.9459131, 39.776083641 -3.941022976, 39.778837652 -3.935144909, 39.778936983 -3.93415159, 39.779901919 -3.931625727, 39.780270866 -3.930235085, 39.780497912 -3.929937089, 39.78055467 -3.928745109, 39.78115066 -3.927354468, 39.782143978 -3.925523924, 39.784911075 -3.91868423, 39.785407732 -3.917038163, 39.786103559 -3.913513051, 39.788273625 -3.907802347, 39.793125876 -3.898554701, 39.794120542 -3.8961927, 39.795674772 -3.89391515, 39.797620778 -3.890633084, 39.799044555 -3.889367192, 39.798959412 -3.888061692, 39.804948887 -3.876793211, 39.807004744 -3.873480999, 39.816827156 -3.851266353, 39.818825906 -3.845784073, 39.822709184 -3.839273869, 39.825393217 -3.834305554, 39.828648319 -3.827281384, 39.830304424 -3.820599859, 39.830475745 -3.816373935, 39.831046816 -3.813118834, 39.831617888 -3.81083455, 39.831846315 -3.809064231, 39.836586201 -3.799127602, 39.837671235 -3.794045075, 39.837442807 -3.792617396, 39.838897069 -3.790503081, 39.840850195 -3.784365426, 39.840897784 -3.780701057, 39.841483298 -3.779451967, 39.842096516 -3.779286231, 39.842560508 -3.778786546, 39.842537648 -3.778329346, 39.842753764 -3.778131238, 39.843467602 -3.776608386, 39.84418144 -3.774324101, 39.844466976 -3.772230174, 39.844419387 -3.769945892, 39.844942868 -3.767280896, 39.845942242 -3.763473759, 39.847893402 -3.758381713, 39.848274113 -3.756240197, 39.850177682 -3.750767439, 39.852842679 -3.746008514, 39.853874846 -3.745557372, 39.853689156 -3.744596981, 39.855507675 -3.739821916, 39.855818195 -3.737833877, 39.855580248 -3.737001067, 39.857900225 -3.726471952, 39.860101224 -3.723735569, 39.86140993 -3.723021731, 39.862064283 -3.721356109, 39.862837604 -3.718679215, 39.862778119 -3.717905891, 39.86188582 -3.717251538, 39.861647873 -3.716299754, 39.861766847 -3.71516951, 39.862421199 -3.713860807, 39.862931028 -3.713308496, 39.863547355 -3.712934961, 39.864653803 -3.711864203, 39.864993838 -3.710846358, 39.865974404 -3.709651304, 39.866913229 -3.707210932, 39.870808799 -3.699108148, 39.870612317 -3.695424119, 39.869916503 -3.694170768, 39.869440609 -3.685426249, 39.867893961 -3.680786298, 39.866109363 -3.679001704, 39.866704229 -3.677811972, 39.866823203 -3.67650327, 39.868012935 -3.675194565, 39.869381124 -3.67305305, 39.87027342 -3.666747478, 39.868845745 -3.657943474, 39.869083693 -3.654255308, 39.867477556 -3.650983551, 39.866228336 -3.649020495, 39.865514498 -3.647473846, 39.864265282 -3.645451304, 39.862540172 -3.641941599, 39.861290956 -3.641108788, 39.856888952 -3.640632894, 39.853339228 -3.63863981, 39.851654138 -3.637301648, 39.849274677 -3.637004217, 39.846716756 -3.638074973, 39.845727151 -3.638184079, 39.844165348 -3.637837027, 39.84356397 -3.637837027, 39.842255267 -3.637242162, 39.841184509 -3.636409352, 39.840411185 -3.635100647, 39.839399915 -3.634267836, 39.839221454 -3.63385143, 39.839340427 -3.633018621, 39.839102481 -3.631888375, 39.837077057 -3.632903604, 39.836633438 -3.633401881, 39.83672302 -3.634267836, 39.834700478 -3.63611192, 39.832380505 -3.637182677, 39.830417448 -3.637182677, 39.828751826 -3.636647299, 39.827978501 -3.636230893, 39.827383637 -3.636885243, 39.826907743 -3.639800083, 39.825599043 -3.641049299, 39.822386769 -3.643190814, 39.822327281 -3.644321061, 39.821732416 -3.645629762, 39.820899606 -3.646522062, 39.819828848 -3.647176414, 39.816200169 -3.647414359, 39.813003501 -3.648184564, 39.811517158 -3.647807079, 39.810197068 -3.647089641, 39.808848285 -3.645568669, 39.80841782 -3.64470774, 39.806179407 -3.643330257, 39.803912302 -3.64126403, 39.798651644 -3.642001085, 39.796569615 -3.640573409, 39.795558345 -3.638015489, 39.794903993 -3.633970405, 39.795022966 -3.632959133, 39.79615321 -3.631115052, 39.799608363 -3.630018656, 39.805070415 -3.627661791, 39.806854993 -3.627378547, 39.808050518 -3.628021752, 39.809597164 -3.629865833, 39.810410207 -3.631270179, 39.811144088 -3.633200014, 39.811488459 -3.632970431, 39.811746737 -3.63159295, 39.811689344 -3.630272862, 39.811857654 -3.629746862, 39.81138176 -3.628676104, 39.810786895 -3.626415615, 39.811084328 -3.625106911, 39.811024844 -3.624036153, 39.810562 -3.623199, 39.809936256 -3.622707793, 39.807958658 -3.619654759, 39.807729077 -3.618478159, 39.807729077 -3.616010165, 39.806954243 -3.612480365, 39.806495082 -3.61136116, 39.805748946 -3.610270652, 39.802305235 -3.60791745, 39.801214728 -3.607429593, 39.799980734 -3.607429593, 39.797943204 -3.608118335, 39.79587698 -3.609782794, 39.795963073 -3.608577493, 39.796709209 -3.607486985, 39.797598833 -3.606884338, 39.800038127 -3.606166898, 39.80118603 -3.606396478, 39.80285049 -3.607142615, 39.805691549 -3.608921865, 39.807843869 -3.610012373, 39.809537024 -3.611734228, 39.810168371 -3.611619439, 39.814099939 -3.608778379, 39.814903471 -3.608520101, 39.817916716 -3.60912275, 39.819294201 -3.609553212, 39.820069034 -3.609610609, 39.821610829 -3.610233322, 39.823264215 -3.611558233, 39.824172787 -3.611820319, 39.824431065 -3.612365576, 39.824497342 -3.612997678, 39.825107506 -3.614002655, 39.825378085 -3.61500575, 39.825865944 -3.615321424, 39.826015448 -3.616362392, 39.825923339 -3.617100673, 39.826439895 -3.618449459, 39.827530403 -3.619339085, 39.828017472 -3.621335709, 39.829649848 -3.621729604, 39.830341094 -3.62225107, 39.830122806 -3.623621438, 39.830535129 -3.624106522, 39.831298448 -3.624420079, 39.831432538 -3.624215669, 39.832972687 -3.624191414, 39.834124764 -3.624615863, 39.834440073 -3.624615863, 39.834973666 -3.624300558, 39.836128534 -3.624782009, 39.836914009 -3.625610291, 39.837338458 -3.625501144, 39.837847798 -3.626156013, 39.837641637 -3.626871512, 39.837714402 -3.62710193, 39.838272249 -3.627089801, 39.838454156 -3.626823006, 39.839303058 -3.626810877, 39.841303483 -3.627855189, 39.841992688 -3.62832675, 39.842513582 -3.629857548, 39.842849253 -3.631772622, 39.843120512 -3.632315139, 39.843880422 -3.632923604, 39.844833724 -3.634585146, 39.845219196 -3.634827851, 39.847109367 -3.634898393, 39.850515876 -3.63431389, 39.854042238 -3.63497062, 39.856366567 -3.636548416, 39.857262861 -3.637742256, 39.857654282 -3.637977109, 39.858645881 -3.637977109, 39.860211565 -3.637559593, 39.86282104 -3.637898827, 39.864073587 -3.637820542, 39.865508798 -3.637481309, 39.866526496 -3.636907226, 39.869428711 -3.633946608, 39.871582 -3.630744999, 39.880041108 -3.614720565, 39.884362814 -3.60855563, 39.888036097 -3.598540229, 39.89160529 -3.589974171, 39.896554567 -3.578885881, 39.899219563 -3.575744992, 39.900285957 -3.572955961, 39.901644149 -3.570520538, 39.903214592 -3.566570634, 39.90402361 -3.565333312, 39.904642269 -3.563382156, 39.904832626 -3.562287603, 39.905879589 -3.560003321, 39.907830747 -3.554530561, 39.908449407 -3.553102884, 39.909689195 -3.548714317, 39.919635339 -3.520589086, 39.924156318 -3.508406247, 39.924822564 -3.5064075, 39.924727385 -3.505693661, 39.924917742 -3.504741877, 39.925917116 -3.503599734, 39.926630954 -3.501315454, 39.926583367 -3.500220901, 39.926107473 -3.498935992, 39.925964705 -3.497651082, 39.926678544 -3.493986712, 39.929200772 -3.489703684, 39.932627196 -3.484659225, 39.93455411 -3.482237824, 39.93662469 -3.476569057, 39.937862013 -3.473856473, 39.938861384 -3.47228603, 39.93971799 -3.46795541, 39.940622187 -3.465385593, 39.941954683 -3.462720594, 39.942906467 -3.461292918, 39.944238968 -3.458675513, 39.947061644 -3.45446024, 39.948589 -3.449902999, 39.950390627 -3.44713617, 39.953994756 -3.440258484, 39.958222097 -3.430440663, 39.957897072 -3.427790107, 39.958706088 -3.426457611, 39.959879602 -3.425559209, 39.961371085 -3.4234119, 39.961323496 -3.422602883, 39.961023067 -3.421829245, 39.961834 -3.419184, 39.968838 -3.408078, 39.969129046 -3.407244024, 39.969318486 -3.404566567, 39.969128131 -3.403709963, 39.968271525 -3.402662999, 39.967557683 -3.402187107, 39.966463134 -3.401758804, 39.965987239 -3.400235948, 39.966510721 -3.397951668, 39.96717697 -3.396476402, 39.96712938 -3.392716852, 39.966939023 -3.391527121, 39.965987239 -3.390718106, 39.961846977 -3.389100071, 39.961007334 -3.388966215, 39.961037963 -3.387006147, 39.960847603 -3.384721863, 39.958594318 -3.381761497, 39.961235 -3.377306001, 39.961884002 -3.372927, 39.966966713 -3.362866374, 39.966558312 -3.361212789, 39.966177596 -3.358167078, 39.966034831 -3.354693067, 39.965749293 -3.353360567, 39.96370296 -3.350267267, 39.962846353 -3.347316736, 39.962753 -3.341622999, 39.964131263 -3.332897204, 39.96408367 -3.330850866, 39.964464384 -3.329280423, 39.965178224 -3.327614799, 39.966605899 -3.326044354, 39.969284252 -3.324928243, 39.973506336 -3.322760698, 39.975267138 -3.32209445, 39.976980351 -3.321666147, 39.983166948 -3.321570968, 39.985118106 -3.321380611, 39.986974087 -3.320999899, 39.988306583 -3.32028606, 39.990035089 -3.320012369, 39.991066758 -3.319524631, 39.993208273 -3.317002402, 39.994778717 -3.316193388, 39.996349162 -3.316574099, 39.996063626 -3.318144544, 39.994398004 -3.320524005, 39.993113095 -3.321713736, 39.989734262 -3.324045608, 39.98725962 -3.326758193, 39.98430909 -3.331088814, 39.983547661 -3.333135151, 39.984315733 -3.33663465, 39.985338642 -3.338102302, 39.986494975 -3.339014024, 39.986895242 -3.339525481, 39.987473408 -3.341838142, 39.987806964 -3.342260648, 39.988563029 -3.342349596, 39.989363565 -3.34443989, 39.988033921 -3.346380782, 39.987451172 -3.348175728, 39.987184326 -3.347931119, 39.986939716 -3.347241768, 39.986428262 -3.34675255, 39.98449363 -3.345974253, 39.983982176 -3.345396087, 39.983670856 -3.344751208, 39.983114928 -3.344462125, 39.982825844 -3.344995816, 39.982247678 -3.345173714, 39.981936361 -3.345774118, 39.981958596 -3.347664274, 39.981736225 -3.348642708, 39.981758462 -3.349154164, 39.980357522 -3.350154834, 39.979490273 -3.350088122, 39.978356178 -3.350555102, 39.977755778 -3.350577342, 39.977088661 -3.350266022, 39.975887855 -3.348442573, 39.974887183 -3.344706736, 39.974242307 -3.342638681, 39.973041503 -3.341037605, 39.972552284 -3.340659573, 39.971307004 -3.340237067, 39.970439754 -3.340348254, 39.968104855 -3.341282214, 39.967015235 -3.34208275, 39.966392595 -3.342816577, 39.965636533 -3.344951342, 39.966510721 -3.348125753, 39.967605273 -3.349791377, 39.970079915 -3.355787618, 39.971983483 -3.363592249, 39.972173838 -3.367780102, 39.973030444 -3.3708734, 39.972697319 -3.373538397, 39.970936518 -3.379011157, 39.970888929 -3.38010571, 39.970460626 -3.381200261, 39.970175093 -3.382675526, 39.970555804 -3.384959809, 39.969920253 -3.386416004, 39.969461252 -3.387006147, 39.970365448 -3.388291056, 39.972269016 -3.388957304, 39.973791873 -3.389766322, 39.975600264 -3.389004893, 39.977456241 -3.388433823, 39.9825007 -3.385197757, 39.986294839 -3.381973396, 39.993919821 -3.376411903, 39.996775173 -3.373499441, 40.000132808 -3.36906563, 40.004199091 -3.365104701, 40.005169911 -3.363619918, 40.008405734 -3.361368776, 40.009368111 -3.360856873, 40.010473821 -3.360652113, 40.011603521 -3.360712667, 40.012930954 -3.361348302, 40.01284905 -3.361798776, 40.011722865 -3.362884009, 40.011763816 -3.363232102, 40.012030005 -3.363559721, 40.012480479 -3.363662102, 40.015613324 -3.36124592, 40.015432439 -3.36045136, 40.015019517 -3.360324494, 40.014323332 -3.360385924, 40.013767591 -3.360654797, 40.013653965 -3.359259957, 40.014364281 -3.358276886, 40.015121897 -3.35762165, 40.016411891 -3.357027842, 40.017701888 -3.356679749, 40.019462832 -3.35682308, 40.01989283 -3.3571507, 40.020199972 -3.357724029, 40.01925807 -3.357908316, 40.019135214 -3.358461169, 40.019462832 -3.358973072, 40.020097592 -3.359034502, 40.021028635 -3.358037335, 40.022370439 -3.357212127, 40.022739009 -3.356515939, 40.02425424 -3.356249752, 40.024414786 -3.355575918, 40.025052809 -3.355389753, 40.026322786 -3.354464599, 40.026217994 -3.354075106, 40.024418052 -3.354550235, 40.024233765 -3.354181664, 40.024131385 -3.35330119, 40.024664747 -3.351790123, 40.025441855 -3.351233104, 40.026117567 -3.350516441, 40.027079944 -3.350127396, 40.028460939 -3.348773681, 40.028911413 -3.348548444, 40.029516601 -3.348571211, 40.031257069 -3.347772641, 40.033421165 -3.347173969, 40.035229555 -3.347031202, 40.036228928 -3.346507721, 40.038332871 -3.344300248, 40.040348462 -3.343226945, 40.040988058 -3.342584176, 40.042194995 -3.342249397, 40.043174166 -3.342325997, 40.04597939 -3.340708387, 40.048792482 -3.339464515, 40.049649088 -3.3386555, 40.050854375 -3.338009385, 40.051282702 -3.338189825, 40.05335079 -3.337288876, 40.058592672 -3.333644127, 40.05965743 -3.332661275, 40.060763139 -3.331985564, 40.066926447 -3.32647749, 40.070755481 -3.324040836, 40.073130707 -3.321727036, 40.074379663 -3.320131146, 40.082723596 -3.316859637, 40.087893981 -3.314744681, 40.088958739 -3.314007541, 40.090195105 -3.312719373, 40.092480629 -3.311775646, 40.092705866 -3.311468505, 40.093852529 -3.310628983, 40.101694879 -3.305939956, 40.109040438 -3.300488943, 40.110765792 -3.299080459, 40.111886591 -3.298913718, 40.112639019 -3.298324205, 40.113799358 -3.296681805, 40.114609502 -3.296403697, 40.115270536 -3.295968092, 40.116607121 -3.293731274, 40.117098048 -3.293275413, 40.11729767 -3.292569058, 40.117707192 -3.292057157, 40.11908176 -3.292065653, 40.119979476 -3.291730911, 40.121366046 -3.288924764, 40.122270238 -3.28673566, 40.12217506 -3.285974231, 40.122698541 -3.285355573, 40.123126844 -3.283594771, 40.124506931 -3.281072541, 40.125784152 -3.279482534, 40.126202637 -3.278200334, 40.126061445 -3.277744356, 40.124935234 -3.276837101, 40.124221397 -3.27564737, 40.124031039 -3.274172104, 40.124411753 -3.273077553, 40.127457463 -3.268366221, 40.127958496 -3.267650459, 40.128620957 -3.267772494, 40.128989527 -3.267076304, 40.129010003 -3.266564402, 40.130770732 -3.264293661, 40.131365314 -3.26375587, 40.131246928 -3.263349717, 40.130797898 -3.263358314, 40.130668568 -3.262223468, 40.131549041 -3.260237287, 40.131569516 -3.259274909, 40.132303741 -3.257757759, 40.132470465 -3.257063489, 40.133308576 -3.256229491, 40.133368442 -3.25591117, 40.132121207 -3.254041865, 40.130360406 -3.251662405, 40.129361032 -3.249806424, 40.128504425 -3.249044997, 40.127314698 -3.248949819, 40.127051747 -3.248724435, 40.127187631 -3.245781154, 40.127699535 -3.244777825, 40.127693125 -3.24062418, 40.127896428 -3.238286214, 40.128293342 -3.236259764, 40.128409247 -3.231912877, 40.129515549 -3.227534021, 40.129926559 -3.225646647, 40.130116918 -3.225384909, 40.13014071 -3.224885221, 40.129950353 -3.224004821, 40.130021736 -3.223457545, 40.12941842 -3.223875336, 40.128950979 -3.224504507, 40.128470365 -3.224279271, 40.127856428 -3.223647901, 40.127647739 -3.222954762, 40.127618481 -3.220530806, 40.127213973 -3.218817595, 40.126504872 -3.217858982, 40.125894946 -3.216318338, 40.124389483 -3.214344463, 40.122978534 -3.211988543, 40.12250264 -3.210418098, 40.121979159 -3.207086854, 40.122100355 -3.203041198, 40.122930943 -3.199091863, 40.126404956 -3.191763124, 40.130188299 -3.186290362, 40.133905019 -3.181464815, 40.136874584 -3.178000322, 40.139691866 -3.17518304, 40.141367007 -3.17287972, 40.142775647 -3.169891119, 40.143373554 -3.169292472, 40.14349503 -3.168952341, 40.143257086 -3.167905378, 40.142448067 -3.167667432, 40.140354142 -3.166668056, 40.138212627 -3.165287969, 40.136125267 -3.163505503, 40.131502547 -3.158244765, 40.132311566 -3.156769498, 40.137451199 -3.16038628, 40.138831287 -3.160957351, 40.143923333 -3.160243513, 40.146160026 -3.15981521, 40.147397348 -3.158768248, 40.14777806 -3.155389412, 40.147873238 -3.153057539, 40.147397348 -3.150916025, 40.14741862 -3.146719028, 40.154804544 -3.136722085, 40.160294024 -3.131785159, 40.162340361 -3.129643643, 40.163339736 -3.127882842, 40.163339736 -3.124646775, 40.162863843 -3.120934817, 40.162721078 -3.116937322, 40.161476137 -3.11186616, 40.16119822 -3.107419477, 40.160294024 -3.103707519, 40.160484384 -3.100376274, 40.16000849 -3.097425741, 40.159247062 -3.096045654, 40.157819387 -3.092143337, 40.157438672 -3.090239769, 40.157676618 -3.088288611, 40.158200099 -3.085909151, 40.161245808 -3.079912908, 40.165719196 -3.075249164, 40.172429276 -3.072013097, 40.173190703 -3.071156491, 40.17342865 -3.070014351, 40.173476239 -3.067777658, 40.173900904 -3.065228817, 40.173571417 -3.063494629, 40.171096778 -3.05978267, 40.170314425 -3.057717433, 40.170097404 -3.055547228, 40.170382939 -3.052977409, 40.17176303 -3.047409471, 40.172714814 -3.0450776, 40.174142488 -3.042460192, 40.175712932 -3.040461444, 40.181947121 -3.035131452, 40.185516311 -3.032799581, 40.188704789 -3.032085742, 40.192845051 -3.031371905, 40.195700404 -3.02975387, 40.196176297 -3.027993071, 40.19657045 -3.023907939, 40.19722326 -3.020807096, 40.197651563 -3.01752344, 40.198270222 -3.01585782, 40.199459953 -3.014239785, 40.201411113 -3.011003718, 40.205598962 -3.007006223, 40.210598302 -3.004157298, 40.21502163 -3.002437658, 40.216258948 -3.002152124, 40.22106546 -3.001866588, 40.222160014 -3.001485874, 40.226680987 -2.998297397, 40.233533838 -2.992729458, 40.234533208 -2.992681869, 40.237388561 -2.995870347, 40.237959632 -2.995822756, 40.239006595 -2.994395081, 40.240529451 -2.990825888, 40.241243288 -2.988636786, 40.241576413 -2.986114555, 40.240672217 -2.983021258, 40.241005342 -2.98092733, 40.240148736 -2.979118941, 40.239244542 -2.978309924, 40.23819758 -2.978167155, 40.236362522 -2.97831205, 40.234898097 -2.979212606, 40.230137853 -2.979568405, 40.228767282 -2.980367904, 40.227568035 -2.981966902, 40.225797715 -2.9835659, 40.224312931 -2.986592574, 40.221457578 -2.989162393, 40.217402978 -2.990818497, 40.212948627 -2.992931458, 40.209852104 -2.994204951, 40.201667601 -2.992581677, 40.198070756 -2.993389578, 40.196956269 -2.994104532, 40.194272729 -2.994728204, 40.18953235 -2.995103907, 40.187819139 -2.995056317, 40.187866727 -2.994294889, 40.188247442 -2.993485872, 40.188390209 -2.99239132, 40.187771549 -2.991582304, 40.187119441 -2.989887495, 40.189029441 -2.989571707, 40.190893896 -2.990302406, 40.193320945 -2.990825888, 40.195557638 -2.991111423, 40.198193588 -2.990725698, 40.199668854 -2.989250433, 40.199878429 -2.988067749, 40.198669481 -2.986728204, 40.197146625 -2.986252311, 40.194243683 -2.981731336, 40.192863595 -2.980065712, 40.191102795 -2.980303658, 40.188181308 -2.981403224, 40.186896399 -2.981070099, 40.18565908 -2.978595458, 40.182518191 -2.973693768, 40.180614622 -2.97117154, 40.177330966 -2.966507797, 40.174380434 -2.960939857, 40.173115685 -2.95718956, 40.17163587 -2.955988624, 40.170734248 -2.956505747, 40.170240172 -2.958465218, 40.169288388 -2.95908388, 40.168193835 -2.958465218, 40.166956517 -2.956276114, 40.16605232 -2.955086383, 40.165290893 -2.952706924, 40.165861964 -2.950232283, 40.166433036 -2.948519071, 40.166956517 -2.947710056, 40.168051068 -2.946710681, 40.168652079 -2.945464167, 40.16557643 -2.939667477, 40.165052949 -2.934860967, 40.16486259 -2.932433916, 40.165195714 -2.930435167, 40.165338482 -2.924867231, 40.168885677 -2.910122482, 40.16984249 -2.906399585, 40.172381688 -2.901786459, 40.1727624 -2.899264229, 40.172429276 -2.897313072, 40.172905169 -2.890127099, 40.172572044 -2.887414514, 40.172580851 -2.883111793, 40.172327042 -2.881335128, 40.170913171 -2.879116306, 40.171002997 -2.877081398, 40.171946328 -2.87670311, 40.172009781 -2.87422847, 40.171202095 -2.872571067, 40.170804189 -2.868581217, 40.171438712 -2.865535506, 40.174346465 -2.857279816, 40.17642872 -2.851546478, 40.176641799 -2.848784103, 40.176007277 -2.84795922, 40.17588037 -2.847324697, 40.176959061 -2.84459625, 40.177910845 -2.843327204, 40.181982986 -2.835633335, 40.183685002 -2.831525078, 40.185778929 -2.82194378, 40.185905835 -2.815344741, 40.185797563 -2.811880048, 40.186339328 -2.80906667, 40.184669001 -2.806310999, 40.185060261 -2.803566928, 40.184700239 -2.803161904, 40.184446431 -2.80119488, 40.185017501 -2.797514649, 40.186288403 -2.791316758, 40.187618255 -2.783476391, 40.190116692 -2.774053725, 40.192972044 -2.764345525, 40.193837074 -2.76258457, 40.194399755 -2.758817576, 40.193202847 -2.755889944, 40.192124158 -2.754874708, 40.192060707 -2.753351851, 40.193139397 -2.751067571, 40.192843007 -2.749879895, 40.196700009 -2.740897771))"},"geometry":{"type":"Polygon","coordinates":[[[40.196700009,-2.740897771],[40.204964526,-2.724299195],[40.218568048,-2.703974801],[40.220108,-2.700848999],[40.229153002,-2.688805001],[40.240494922,-2.676381681],[40.268076434,-2.648702071],[40.285033402,-2.63421312],[40.299131733,-2.623263728],[40.315112591,-2.612972713],[40.330245964,-2.604121119],[40.336527742,-2.600123625],[40.350947274,-2.591985867],[40.357259451,-2.587324407],[40.377044766,-2.575264033],[40.388233898,-2.569550556],[40.42073167,-2.555657275],[40.443288961,-2.546615323],[40.465370359,-2.540428724],[40.480045509,-2.536630541],[40.495351567,-2.53395659],[40.502984492,-2.533440854],[40.513702407,-2.534164964],[40.526123193,-2.534307733],[40.534546485,-2.535307108],[40.536688,-2.537448621],[40.536021895,-2.539271917],[40.537259073,-2.542302723],[40.556290174,-2.544019449],[40.563242785,-2.545158075],[40.565955372,-2.546871288],[40.568096888,-2.548441731],[40.570809471,-2.552439226],[40.579359973,-2.552678937],[40.587370519,-2.554723508],[40.589797569,-2.556293951],[40.594248093,-2.555805334],[40.599220236,-2.559577607],[40.606401997,-2.560594153],[40.609213972,-2.561433589],[40.617922798,-2.555865648],[40.623230086,-2.553263465],[40.637333601,-2.543770242],[40.647610704,-2.534628665],[40.666863117,-2.510161981],[40.685477301,-2.492289503],[40.70693324,-2.476183277],[40.718197002,-2.468047001],[40.740262681,-2.456252166],[40.746103986,-2.453991372],[40.756616387,-2.452959739],[40.76927512,-2.454292237],[40.771595,-2.451690999],[40.772320829,-2.444774393],[40.773082256,-2.439254044],[40.779955626,-2.428770976],[40.79024777,-2.419193082],[40.801445431,-2.411652295],[40.81562702,-2.399850168],[40.82016126,-2.397957235],[40.824381868,-2.394478892],[40.823912622,-2.393214422],[40.826382185,-2.392426251],[40.827619502,-2.390332324],[40.826584001,-2.389282002],[40.825715934,-2.387286616],[40.826667718,-2.379006092],[40.826253828,-2.374869915],[40.8259536,-2.374519651],[40.82577514,-2.372913514],[40.824466437,-2.370236623],[40.824287977,-2.368749459],[40.823098247,-2.365120781],[40.822146462,-2.363514644],[40.819879248,-2.360548813],[40.819148624,-2.359970401],[40.818090177,-2.358074023],[40.817690586,-2.357919281],[40.815436665,-2.358162013],[40.811058455,-2.357971655],[40.808012744,-2.356448801],[40.805347747,-2.356068085],[40.80287311,-2.354830767],[40.80207765,-2.352886313],[40.799660555,-2.347929174],[40.799303637,-2.345073821],[40.796554515,-2.342084351],[40.791213469,-2.340731304],[40.788536576,-2.339779519],[40.783480222,-2.33621033],[40.780229265,-2.335075776],[40.778304893,-2.334009327],[40.775330567,-2.332700625],[40.774021865,-2.33139192],[40.772653676,-2.329488352],[40.771880348,-2.327465809],[40.770988051,-2.325919159],[40.767645333,-2.323255329],[40.757423,-2.318621001],[40.740974002,-2.301568999],[40.742910692,-2.300579055],[40.747098542,-2.303148873],[40.749523032,-2.305919042],[40.754965875,-2.311305986],[40.756711284,-2.313426989],[40.758733826,-2.314676206],[40.761767639,-2.315865936],[40.763314288,-2.316698747],[40.765753236,-2.31753156],[40.767240399,-2.317234126],[40.768224179,-2.317567644],[40.773558148,-2.321994206],[40.776413501,-2.32532545],[40.778031535,-2.327895267],[40.780601353,-2.329608479],[40.787359024,-2.332463832],[40.789677961,-2.332990866],[40.793245528,-2.331429991],[40.795301384,-2.331087351],[40.797243023,-2.329431245],[40.7986707,-2.327146962],[40.799184664,-2.325148213],[40.799698629,-2.32406318],[40.800212591,-2.322235754],[40.801030717,-2.320528857],[40.800208113,-2.318377425],[40.797352761,-2.31561725],[40.787739736,-2.312286003],[40.779744747,-2.307717438],[40.777174929,-2.30581387],[40.773748507,-2.302006733],[40.77041726,-2.295629778],[40.770209816,-2.292656618],[40.771844657,-2.291155234],[40.772844031,-2.289656176],[40.774200323,-2.288442649],[40.77541385,-2.287800194],[40.776239795,-2.287756723],[40.775366539,-2.28991907],[40.775271081,-2.296723172],[40.776056305,-2.299364374],[40.776841525,-2.300006829],[40.781195939,-2.300078215],[40.782623615,-2.300363749],[40.783337453,-2.300934819],[40.783622988,-2.30243388],[40.786050041,-2.304218477],[40.787977402,-2.305146466],[40.791118291,-2.306074454],[40.795829626,-2.308073201],[40.797043149,-2.308358739],[40.798470826,-2.308215969],[40.800683724,-2.309715031],[40.804038764,-2.313284222],[40.805751976,-2.314711899],[40.807108268,-2.314140827],[40.80882148,-2.311356858],[40.809128363,-2.308499063],[40.809145732,-2.305707927],[40.808506666,-2.303892981],[40.806965501,-2.303290486],[40.805323673,-2.302005577],[40.804538452,-2.300506518],[40.802753855,-2.295795185],[40.801897252,-2.291869074],[40.795521887,-2.286201808],[40.794473331,-2.282018104],[40.794187796,-2.279448288],[40.795187171,-2.276521548],[40.795473794,-2.273895918],[40.796473809,-2.271566167],[40.798756361,-2.268669328],[40.803396309,-2.266385045],[40.805582846,-2.265104557],[40.808107643,-2.264029381],[40.810249157,-2.261602329],[40.811034382,-2.259103895],[40.811676833,-2.256177157],[40.811534066,-2.254178411],[40.812319288,-2.253892875],[40.812676208,-2.255463318],[40.812784911,-2.25738375],[40.812295773,-2.260318576],[40.809916312,-2.263745],[40.806775424,-2.266600354],[40.803539357,-2.268218387],[40.801254797,-2.269097631],[40.799398815,-2.270668074],[40.7972573,-2.274594185],[40.796900384,-2.276807085],[40.796900384,-2.280661811],[40.797828371,-2.284231004],[40.799398815,-2.286658055],[40.801968633,-2.289156486],[40.805194344,-2.291499961],[40.806323047,-2.293368135],[40.80882148,-2.29550965],[40.810962996,-2.296366254],[40.812176521,-2.294653044],[40.813818348,-2.291726304],[40.814246652,-2.287657427],[40.814817722,-2.284944842],[40.816102631,-2.282660559],[40.820528429,-2.276093245],[40.823940358,-2.27327901],[40.834876579,-2.267384418],[40.836875329,-2.266028127],[40.838659923,-2.262601702],[40.839659295,-2.261316792],[40.840780505,-2.259097678],[40.842276982,-2.257939115],[40.844370908,-2.255178939],[40.849243509,-2.251775968],[40.852980761,-2.250618014],[40.860309331,-2.247168089],[40.86128055,-2.246496803],[40.865571628,-2.244327442],[40.871639254,-2.242471463],[40.874137685,-2.241900393],[40.878056781,-2.241802348],[40.88149022,-2.242185926],[40.885773252,-2.241900393],[40.887486461,-2.242185926],[40.890341817,-2.241614856],[40.890779366,-2.239744985],[40.889984896,-2.237617361],[40.888030053,-2.234140538],[40.887018781,-2.230452375],[40.886840321,-2.22932213],[40.888057583,-2.2288576],[40.892009523,-2.234762009],[40.892983017,-2.234762009],[40.894838996,-2.233691251],[40.896875701,-2.229494642],[40.897428922,-2.227834967],[40.897470777,-2.226411925],[40.896909127,-2.223126445],[40.896046518,-2.220622325],[40.896545588,-2.219829547],[40.896953031,-2.219625828],[40.89832122,-2.219566339],[40.900462736,-2.220161204],[40.902604252,-2.221529396],[40.903793981,-2.222064775],[40.904448332,-2.223432965],[40.903793981,-2.224622696],[40.902366304,-2.226407291],[40.902187844,-2.228905725],[40.902425791,-2.230928265],[40.903020657,-2.232712861],[40.903258602,-2.235568216],[40.904329359,-2.240029706],[40.904745765,-2.241100463],[40.905578578,-2.241754813],[40.906113957,-2.242647111],[40.906054469,-2.243896329],[40.906589847,-2.24663271],[40.906292415,-2.248179358],[40.907541632,-2.24936909],[40.90843393,-2.250737279],[40.910218525,-2.251153684],[40.909207254,-2.255674662],[40.908850335,-2.256566958],[40.909564174,-2.258530015],[40.910456472,-2.259184367],[40.914085152,-2.260552557],[40.915512826,-2.261444854],[40.916345637,-2.264062262],[40.917297421,-2.264954559],[40.91818972,-2.266322749],[40.919241996,-2.267327195],[40.919466419,-2.268740711],[40.919823337,-2.269525934],[40.920751329,-2.269882855],[40.921273622,-2.270609414],[40.921520967,-2.271557562],[40.922948642,-2.272925752],[40.924554778,-2.275067267],[40.925566051,-2.277684674],[40.926160914,-2.279766703],[40.928540377,-2.282800516],[40.931990594,-2.285239463],[40.933545213,-2.285601003],[40.934778251,-2.286086982],[40.936086952,-2.286086982],[40.937217198,-2.285670576],[40.938076451,-2.285082961],[40.938942305,-2.284183413],[40.940388435,-2.284259064],[40.942222276,-2.283811787],[40.942618573,-2.283569121],[40.944415066,-2.283350603],[40.945489611,-2.282874438],[40.94725,-2.282985999],[40.94727863,-2.284763571],[40.948111444,-2.285596382],[40.949360659,-2.286250734],[40.95108577,-2.286131761],[40.952037554,-2.286548166],[40.952989338,-2.287737897],[40.954476501,-2.289106087],[40.956558528,-2.288868142],[40.960663102,-2.284644598],[40.963161533,-2.282622056],[40.964886643,-2.282503083],[40.964767669,-2.283990246],[40.963198827,-2.289907391],[40.959251,-2.293451002],[40.956196284,-2.294330835],[40.955249825,-2.296066012],[40.953941122,-2.296482418],[40.950550391,-2.296898824],[40.945018144,-2.296363445],[40.941448001,-2.293522001],[40.939307436,-2.291604523],[40.935857218,-2.290890684],[40.932525972,-2.290533766],[40.926993725,-2.288689681],[40.924366761,-2.288862359],[40.92383273,-2.288406956],[40.92311889,-2.288704389],[40.922642998,-2.289477714],[40.922405052,-2.291143339],[40.922761972,-2.294177149],[40.922226593,-2.296378152],[40.921810188,-2.297210962],[40.921036862,-2.300185288],[40.920085077,-2.302088859],[40.918895347,-2.303278588],[40.91681332,-2.304408834],[40.914790778,-2.30601497],[40.914017452,-2.306966755],[40.912530289,-2.311130811],[40.912351831,-2.312558485],[40.912351831,-2.314045648],[40.913422586,-2.314997433],[40.914493343,-2.316544085],[40.91609948,-2.320708142],[40.918003048,-2.321659926],[40.921810188,-2.322849655],[40.925498351,-2.323147089],[40.929900357,-2.32261171],[40.933061351,-2.32140727],[40.94061614,-2.32021754],[40.942698168,-2.319682161],[40.944304304,-2.318908838],[40.948051955,-2.317719106],[40.954060096,-2.313257617],[40.957688772,-2.310223804],[40.959116449,-2.308677154],[40.960365666,-2.306595127],[40.961257964,-2.305405397],[40.961257964,-2.304394125],[40.960603612,-2.301955176],[40.96131745,-2.300051608],[40.964065448,-2.298559325],[40.965422022,-2.295173713],[40.967199224,-2.293063863],[40.969529742,-2.291086332],[40.969877447,-2.288691111],[40.969634504,-2.287216085],[40.972168003,-2.281133999],[40.98333776,-2.267590881],[40.987975207,-2.263365216],[40.990334698,-2.261439732],[40.990239519,-2.26096384],[40.988907024,-2.260678304],[40.986896657,-2.260731015],[40.98665871,-2.259660257],[40.986242304,-2.254484931],[40.98652756,-2.251731532],[40.983754741,-2.249456423],[40.982137737,-2.247227573],[40.981571335,-2.245677426],[40.981197568,-2.243070295],[40.980055427,-2.241928151],[40.978673669,-2.24133597],[40.978390084,-2.24098149],[40.977735731,-2.238780487],[40.976427028,-2.237293324],[40.975832163,-2.235449243],[40.976189085,-2.234081053],[40.97571319,-2.231999023],[40.977021895,-2.229203156],[40.977140869,-2.227537533],[40.975296784,-2.224979613],[40.972381944,-2.224920128],[40.970299916,-2.223730396],[40.967385076,-2.222600154],[40.966790211,-2.223195017],[40.965957401,-2.227299588],[40.965481507,-2.228905725],[40.965005617,-2.229798022],[40.964589212,-2.230154943],[40.963934859,-2.230214427],[40.96304256,-2.229857509],[40.961793343,-2.228191885],[40.962388208,-2.226704722],[40.962626154,-2.225336533],[40.962388208,-2.223551938],[40.961436423,-2.223373478],[40.956327492,-2.225600328],[40.953822148,-2.225871912],[40.949241686,-2.222897586],[40.94727863,-2.221410423],[40.945969928,-2.220637097],[40.944185331,-2.220399151],[40.942519708,-2.220994018],[40.939991075,-2.222529239],[40.93860403,-2.227915615],[40.934320175,-2.230381526],[40.933678,-2.229747999],[40.933210885,-2.228150205],[40.93520678,-2.226136168],[40.936348921,-2.223566352],[40.936634458,-2.221377247],[40.934159817,-2.219664035],[40.931589999,-2.218236358],[40.928639467,-2.218236358],[40.92559376,-2.213477436],[40.923214296,-2.208432981],[40.922643225,-2.204054772],[40.922606652,-2.199157928],[40.928112389,-2.199230053],[40.933308337,-2.205843076],[40.938867637,-2.201446506],[40.93676019,-2.194106776],[40.933526348,-2.190545917],[40.93243629,-2.191708647],[40.930764866,-2.192072],[40.92818506,-2.192217341],[40.925677925,-2.193489076],[40.924515195,-2.194288453],[40.922150682,-2.194325176],[40.921501084,-2.189968362],[40.921691441,-2.186732296],[40.9205493,-2.183115515],[40.920930014,-2.180069804],[40.922643225,-2.17673856],[40.922971063,-2.167657199],[40.921774722,-2.155910345],[40.921655752,-2.149961692],[40.921715236,-2.146749419],[40.921358317,-2.136041845],[40.921001398,-2.134614167],[40.920347046,-2.133602898],[40.918800396,-2.132413167],[40.917729638,-2.131163948],[40.916837341,-2.129141406],[40.916718368,-2.127535272],[40.917372719,-2.126642972],[40.91838399,-2.126821433],[40.920109099,-2.127832705],[40.920763451,-2.127832705],[40.921250935,-2.126708138],[40.92101645,-2.124730565],[40.91993064,-2.121527131],[40.919276288,-2.119028699],[40.917848612,-2.115400021],[40.918265017,-2.113199018],[40.919260293,-2.109918126],[40.918877819,-2.106691705],[40.917372719,-2.101956064],[40.916896827,-2.099338659],[40.916718368,-2.093925385],[40.914799983,-2.08839924],[40.91090075,-2.080962317],[40.909688089,-2.077441689],[40.908866611,-2.072591048],[40.907614832,-2.070713383],[40.905422457,-2.069073382],[40.902959781,-2.06848365],[40.902646836,-2.068209826],[40.902552184,-2.067263273],[40.905542615,-2.067125304],[40.909969858,-2.0671717],[40.912465473,-2.065980095],[40.912991093,-2.064300519],[40.912778419,-2.061990051],[40.912387236,-2.060620919],[40.911370167,-2.059916793],[40.908279838,-2.059877674],[40.907693068,-2.058938841],[40.907614832,-2.058312952],[40.909179554,-2.056787347],[40.909493197,-2.055585049],[40.909044606,-2.053831467],[40.905945711,-2.049138084],[40.905580691,-2.043096023],[40.905971875,-2.039301569],[40.906519527,-2.036250359],[40.906558643,-2.031712662],[40.907106297,-2.027996446],[40.906832469,-2.023654339],[40.906650643,-2.023307778],[40.906189253,-2.017901606],[40.90589182,-2.010465791],[40.903869278,-2.006480191],[40.9011329,-2.005349949],[40.897504221,-2.005885328],[40.892507353,-2.005290462],[40.881323885,-2.003446381],[40.875613181,-2.001185891],[40.873055259,-2.000472054],[40.870616312,-1.999222838],[40.864905604,-1.994225967],[40.859908736,-1.99024037],[40.856636977,-1.988515261],[40.849022703,-1.983339934],[40.841586888,-1.978581013],[40.841884319,-1.97364363],[40.842122267,-1.972394414],[40.845156078,-1.972572872],[40.848130404,-1.971978009],[40.850509866,-1.972215953],[40.856874923,-1.975071308],[40.859730276,-1.975904119],[40.863061523,-1.976082577],[40.866214308,-1.976796416],[40.87079477,-1.979711255],[40.872757825,-1.982864042],[40.875077801,-1.985838368],[40.882097212,-1.991846508],[40.885131023,-1.993512129],[40.888164838,-1.99470186],[40.89102019,-1.995356213],[40.893637596,-1.995237239],[40.896314489,-1.994820834],[40.901549305,-1.993274183],[40.904642605,-1.992738804],[40.909126,-1.992832999],[40.910184268,-1.993225023],[40.913565583,-1.993631102],[40.916480421,-1.99488032],[40.918443477,-1.996545944],[40.921358317,-1.99862797],[40.922131641,-1.999936676],[40.922175168,-2.000306653],[40.91919611,-2.005889146],[40.91826812,-2.008244812],[40.917482898,-2.010886015],[40.916340756,-2.017167792],[40.915841072,-2.019237923],[40.915769686,-2.02145082],[40.915912453,-2.024591709],[40.918696424,-2.032658084],[40.918910575,-2.034157142],[40.920980706,-2.037012498],[40.922836685,-2.040224768],[40.925943157,-2.042534865],[40.926474158,-2.043242867],[40.93105462,-2.048001788],[40.933731514,-2.051095087],[40.935159193,-2.054009925],[40.938906841,-2.05769809],[40.939501708,-2.060553445],[40.938787868,-2.063408798],[40.937241219,-2.067334908],[40.936408408,-2.071142044],[40.933850487,-2.07483021],[40.933374595,-2.076614807],[40.934861758,-2.078934781],[40.943308844,-2.082801404],[40.947175471,-2.084169593],[40.949971335,-2.084586001],[40.954492312,-2.082979865],[40.95948918,-2.08083835],[40.964664507,-2.078339915],[40.968352671,-2.075722507],[40.973230566,-2.071320505],[40.976502327,-2.06935745],[40.979000759,-2.067572855],[40.980606896,-2.064776987],[40.980309463,-2.057281685],[40.978584354,-2.051570978],[40.972516728,-2.043778246],[40.971029565,-2.041160836],[40.969244969,-2.038483942],[40.967579349,-2.0364614],[40.967757806,-2.034260399],[40.967575026,-2.032206279],[40.966279764,-2.030312322],[40.963534264,-2.028490206],[40.960619423,-2.025932285],[40.959429693,-2.023255392],[40.958953801,-2.020697471],[40.960440964,-2.015700603],[40.960619423,-2.01403498],[40.961809154,-2.011774493],[40.964307588,-2.009930412],[40.968114728,-2.004933544],[40.969244969,-2.002078191],[40.969601891,-1.998568486],[40.969542402,-1.996902862],[40.970501329,-1.993400541],[40.972933134,-1.991311129],[40.974836703,-1.989110128],[40.975015164,-1.986552208],[40.974241837,-1.98322096],[40.972933134,-1.980187147],[40.972397755,-1.976558471],[40.972992622,-1.970847764],[40.973706459,-1.967397546],[40.973944406,-1.963352462],[40.973409027,-1.960140188],[40.971445971,-1.954191536],[40.971029565,-1.944316774],[40.973278781,-1.940071597],[40.974306929,-1.936370707],[40.980547411,-1.932776387],[40.984556801,-1.931063177],[40.987412154,-1.930920408],[40.989839204,-1.930420722],[40.992765942,-1.928636125],[40.994407769,-1.925566621],[40.99497884,-1.921926047],[40.995335762,-1.917857168],[40.996763436,-1.914573512],[41.000431676,-1.907920433],[41.002410546,-1.906448615],[41.004809072,-1.905732289],[41.007114092,-1.907792049],[41.008113465,-1.910004947],[41.009826677,-1.910932936],[41.011040202,-1.910718784],[41.011904576,-1.911892679],[41.009683911,-1.914145209],[41.007328244,-1.917857168],[41.005615031,-1.921069441],[41.00297383,-1.930349338],[41.002117224,-1.932705003],[41.000618163,-1.934846518],[40.994228425,-1.941721277],[40.991124113,-1.944126418],[40.986555548,-1.946410698],[40.985413407,-1.949694356],[40.986198632,-1.952906627],[40.990481659,-1.963257284],[40.990624426,-1.966969243],[40.989696439,-1.975178384],[40.991338265,-1.98124601],[40.9892486,-1.985879847],[40.985556177,-1.992524653],[40.982129751,-2.001875934],[40.982772206,-2.006016199],[40.983166003,-2.009824999],[40.981273145,-2.014368105],[40.980202387,-2.018151448],[40.98005962,-2.021649255],[40.98500442,-2.02603508],[40.990053356,-2.037996154],[40.992551791,-2.041493961],[40.99833388,-2.047204667],[41.002331375,-2.0492748],[41.009184222,-2.051844618],[41.013824173,-2.052701222],[41.018249969,-2.05320091],[41.023960675,-2.051916001],[41.025883,-2.049889001],[41.027489951,-2.048897496],[41.031384593,-2.048846497],[41.03431133,-2.048489576],[41.035899494,-2.046475235],[41.038406,-2.044245999],[41.044243002,-2.033608001],[41.046461017,-2.031553173],[41.049373319,-2.031785759],[41.052085905,-2.030929153],[41.056368937,-2.028430721],[41.059010138,-2.026075054],[41.06200826,-2.024219074],[41.06636267,-2.022363095],[41.070217397,-2.018793903],[41.073429669,-2.017937299],[41.076213639,-2.017865912],[41.078212386,-2.016866541],[41.078141004,-2.014653641],[41.077141629,-2.01222659],[41.075837038,-2.010505917],[41.075214265,-2.007800794],[41.075428417,-2.006158964],[41.077569932,-2.00701557],[41.07899761,-2.009371237],[41.079640065,-2.011084449],[41.081710194,-2.012654893],[41.08292372,-2.013083196],[41.084851085,-2.010299226],[41.085850456,-2.008371866],[41.086778449,-2.007086954],[41.08813474,-2.006444502],[41.089134112,-2.007086954],[41.092275001,-2.005159593],[41.094559283,-2.003374995],[41.095630041,-2.001376248],[41.09691495,-1.999734422],[41.101983201,-1.99802121],[41.10526686,-1.997235985],[41.105552393,-1.995594159],[41.105052709,-1.994095099],[41.106123467,-1.993024342],[41.109264352,-1.993024342],[41.11389067,-1.990538373],[41.114546756,-1.987813322],[41.115546129,-1.987670552],[41.115260596,-1.99116836],[41.116117203,-1.991668049],[41.117852229,-1.990080831],[41.119543624,-1.987956088],[41.122113442,-1.986671181],[41.125825401,-1.987813322],[41.12711031,-1.988455776],[41.128466602,-1.989597916],[41.128823522,-1.99024037],[41.128323836,-1.99152528],[41.127538613,-1.99266742],[41.126467855,-1.993738178],[41.125040181,-1.994523402],[41.124185266,-1.995867406],[41.124611878,-1.996950452],[41.12618232,-1.997521521],[41.128272376,-1.996430655],[41.129894279,-1.99488032],[41.130608117,-1.991953583],[41.13139334,-1.991882198],[41.133131537,-1.994399668],[41.133750196,-1.994542438],[41.134297473,-1.993685832],[41.134226088,-1.992948199],[41.134654391,-1.993019581],[41.135338651,-1.994260517],[41.136058273,-1.994661411],[41.137652512,-1.994637616],[41.137914254,-1.994756589],[41.138175993,-1.995327659],[41.138723269,-1.995874934],[41.140079562,-1.995779755],[41.140626838,-1.995518017],[41.141459649,-1.993757213],[41.143648754,-1.992044002],[41.143910494,-1.990925657],[41.143553577,-1.988974497],[41.143862906,-1.988451016],[41.144648127,-1.988117891],[41.149002541,-1.988593785],[41.154356328,-1.988355838],[41.155641237,-1.988712756],[41.156521639,-1.988498607],[41.156735791,-1.988165482],[41.156664405,-1.987760972],[41.156878557,-1.98728508],[41.157259271,-1.987023339],[41.157687575,-1.986999546],[41.157901726,-1.987523028],[41.157830341,-1.988474812],[41.158282439,-1.988784141],[41.160757078,-1.988236864],[41.166015687,-1.987808561],[41.166039481,-1.987070928],[41.165611178,-1.986071555],[41.166277428,-1.985310129],[41.170441485,-1.987166107],[41.169941801,-1.988189275],[41.170060771,-1.989045881],[41.171107733,-1.990164228],[41.171536036,-1.990901861],[41.171536036,-1.991425342],[41.170132156,-1.991234987],[41.169727646,-1.991020835],[41.169418316,-1.990521149],[41.169013808,-1.990259406],[41.168514121,-1.990521149],[41.168062023,-1.99104463],[41.167253008,-1.991472933],[41.166634349,-1.991496727],[41.166325017,-1.991972619],[41.166206046,-1.992900608],[41.16675332,-1.994447259],[41.169128036,-1.99601249],[41.169899292,-1.996035167],[41.170988763,-1.996898104],[41.172059521,-1.997017076],[41.172630588,-1.997778504],[41.173439608,-1.998087834],[41.174201033,-1.998040245],[41.175200406,-1.997207434],[41.176461521,-1.996755335],[41.176937415,-1.996327032],[41.177817813,-1.996041498],[41.178230087,-1.995132748],[41.178752174,-1.994938641],[41.179316874,-1.995208685],[41.180030715,-1.995232479],[41.183933028,-1.99347168],[41.185336912,-1.99192503],[41.186788381,-1.990997039],[41.186931151,-1.990188024],[41.186788381,-1.989640748],[41.186193519,-1.989188648],[41.18543209,-1.98892691],[41.18445651,-1.98892691],[41.183052628,-1.987665794],[41.182386379,-1.987380258],[41.182124638,-1.986737804],[41.182219816,-1.985548074],[41.182814682,-1.984786646],[41.185574856,-1.983335174],[41.187407041,-1.984667674],[41.188549183,-1.98450111],[41.189334405,-1.985191156],[41.190857261,-1.986190529],[41.192053411,-1.986613558],[41.196266,-1.981956999],[41.199635003,-1.976172001],[41.201382,-1.968104999],[41.198742,-1.955940999],[41.196447061,-1.951329895],[41.200889222,-1.950470122],[41.201379722,-1.947854124],[41.198436724,-1.944747623],[41.197328456,-1.941838416],[41.198678521,-1.941441761],[41.203261967,-1.94293138],[41.211353217,-1.954394119],[41.215513536,-1.955103694],[41.218375726,-1.951353236],[41.218762305,-1.949592166],[41.220509213,-1.945074624],[41.221653712,-1.942622125],[41.222798211,-1.942458627],[41.223942712,-1.943603125],[41.222063891,-1.952423994],[41.221350053,-1.956469078],[41.222658758,-1.96158492],[41.225633084,-1.965154109],[41.226703843,-1.96860433],[41.227536652,-1.971935574],[41.229202274,-1.973601198],[41.230392004,-1.974077088],[41.233009411,-1.973125304],[41.235388872,-1.971697629],[41.23800628,-1.969794058],[41.241337525,-1.968723303],[41.247048231,-1.96789049],[41.249784615,-1.966581788],[41.252283046,-1.966105894],[41.255257372,-1.965035136],[41.25870759,-1.964202325],[41.262276782,-1.963726435],[41.263942405,-1.963131567],[41.267868515,-1.963845406],[41.271318734,-1.967414599],[41.274887925,-1.974790926],[41.276939273,-1.981641009],[41.273810186,-1.981862106],[41.271684687,-1.984151105],[41.270703688,-1.987421102],[41.270703688,-1.991508603],[41.27184819,-1.994124602],[41.275935686,-1.995923098],[41.279859683,-1.994615099],[41.281658182,-1.9919991],[41.281985182,-1.988892602],[41.281821685,-1.987584602],[41.282762565,-1.984592767],[41.28396865,-1.983602055],[41.286467081,-1.979319026],[41.287061946,-1.979200052],[41.287537838,-1.97753443],[41.28872757,-1.975987782],[41.292534706,-1.973370374],[41.294795196,-1.972180642],[41.295302257,-1.972144425],[41.295946111,-1.97242101],[41.297059698,-1.972406733],[41.29771643,-1.972235413],[41.297973411,-1.971892771],[41.298649764,-1.968602222],[41.299554773,-1.965554582],[41.301219739,-1.962662798],[41.304541091,-1.95874628],[41.30942888,-1.957309012],[41.313579156,-1.958921137],[41.314901642,-1.96075923],[41.312723167,-1.964204115],[41.312723167,-1.966002613],[41.314521666,-1.964367614],[41.316810664,-1.961424615],[41.31751893,-1.955551408],[41.319590164,-1.953086119],[41.322753863,-1.95219317],[41.326117341,-1.948464096],[41.327155864,-1.944816842],[41.324776405,-1.944697868],[41.32465743,-1.942199436],[41.325609214,-1.938749216],[41.327512783,-1.935774889],[41.332985547,-1.930659048],[41.336197816,-1.925781153],[41.339053169,-1.921974017],[41.340837767,-1.918880717],[41.343098253,-1.916620228],[41.345834635,-1.915549471],[41.354447739,-1.914768133],[41.355340036,-1.913429686],[41.355340036,-1.908968197],[41.359364469,-1.902058395],[41.363222,-1.897665756],[41.370509102,-1.89067609],[41.376011603,-1.885917169],[41.380324376,-1.88145568],[41.384517663,-1.878860351],[41.388916559,-1.878436225],[41.390592296,-1.879429253],[41.393019345,-1.877716041],[41.395589165,-1.875146223],[41.396361545,-1.870485008],[41.398587283,-1.865866327],[41.407035482,-1.860624061],[41.411579141,-1.852588933],[41.413863424,-1.847163762],[41.415544872,-1.842473043],[41.418866527,-1.836794842],[41.436546,-1.823347],[41.437347,-1.812300001],[41.460636,-1.787912],[41.478867,-1.760585001],[41.488400997,-1.750399036],[41.491861611,-1.74835458],[41.497917937,-1.734419612],[41.498692003,-1.733011999],[41.508614001,-1.720031999],[41.517822002,-1.704527999],[41.521072621,-1.700794804],[41.52405126,-1.69819038],[41.526597284,-1.695572972],[41.529898743,-1.692756383],[41.535321802,-1.686936737],[41.545285795,-1.679054773],[41.552870327,-1.671916389],[41.559222682,-1.662260809],[41.559091125,-1.658799521],[41.558921588,-1.599064342],[41.558350518,-1.598088765],[41.533699302,-1.564704927],[41.526299178,-1.554925342],[41.492344269,-1.508716207],[41.442232823,-1.441306076],[41.422007403,-1.412514598],[41.371600503,-1.344741603],[41.342699012,-1.305549358],[41.330635142,-1.28955938],[41.286948238,-1.230346493],[41.265318937,-1.201507427],[41.240334597,-1.167421645],[41.227318749,-1.150001513],[41.225804666,-1.147900448],[41.225095588,-1.147047414],[41.218925168,-1.138789414],[41.217556978,-1.13682636],[41.21635535,-1.135648526],[41.215784281,-1.134637253],[41.215436881,-1.13341421],[41.213262051,-1.130655226],[41.212138945,-1.129494048],[41.209435878,-1.12595341],[41.209492985,-1.1253062],[41.208465058,-1.12446863],[41.202939949,-1.116920979],[41.203012523,-1.116630685],[41.202640732,-1.116071509],[41.20190298,-1.115896501],[41.199017884,-1.111970391],[41.194556394,-1.105545844],[41.180041684,-1.08615324],[41.150833798,-1.046535211],[41.133273379,-1.023139162],[41.121459354,-1.006185503],[41.116783713,-1.001081559],[41.098480932,-0.975872153],[41.075995022,-0.946009918],[41.047358173,-0.906792832],[41.017436452,-0.866698916],[40.999055117,-0.841655086],[40.993569063,-0.833659461],[40.993407057,-0.662660948],[40.993490497,-0.589057125],[40.993325371,-0.521109837],[40.993816872,-0.41085818],[40.993519439,-0.345274284],[40.993739719,-0.33323464],[40.993502092,-0.324015287],[40.993497054,-0.157619898],[40.992783213,-0.140725723],[40.99266424,-0.122403875],[40.992812956,-0.056086314],[40.993110389,-0.014891893],[40.993739719,0.007989816],[40.9886325,0.014013001],[40.989307502,0.093186],[40.990962992,0.10664258],[40.98926554,0.11931247],[40.9900935,0.197212001],[40.989070504,0.358226505],[40.9913785,0.650817001],[40.990005,0.722351001],[40.991287494,0.963058506],[40.990104505,1.027148505],[40.991802001,1.619200666],[40.990955,1.757638002],[40.9914815,1.792801002],[40.99383143,1.823885387],[40.9912875,1.831670001],[40.990314508,1.941991493],[40.99176,2.017508668],[40.990269005,2.095263501],[40.991436003,2.109327663],[40.9909135,2.319638],[40.992080477,2.33333348],[40.992085015,2.410414878],[40.99219837,2.410500538],[40.99235323,2.502620191],[40.992542746,2.592351252],[40.992878253,2.593693268],[40.992514193,2.595249436],[40.99263039,2.653797423],[40.992491513,2.783413604],[40.992497364,2.828128399],[41.004589168,2.834352927],[41.13552139,2.964561792],[41.180823947,3.008907806],[41.301997959,3.128832163],[41.328760947,3.155690332],[41.336685742,3.165940214],[41.36684541,3.209424864],[41.426891108,3.295067617],[41.434301642,3.306063698],[41.440088016,3.314465577],[41.440302167,3.316692752],[41.440648379,3.317357066],[41.442308054,3.318630078],[41.443263406,3.319623505],[41.447075303,3.324349115],[41.477919483,3.369178755],[41.482273897,3.375543812],[41.536388503,3.458952],[41.592529001,3.539861999],[41.610645,3.564137001],[41.661449501,3.639192001],[41.749001001,3.760230499],[41.764553501,3.7794035],[41.787423464,3.814623518],[41.822790405,3.861888828],[41.840306804,3.887465654],[41.860013501,3.915442167],[41.862383443,3.920829267],[41.861660087,3.923484743],[41.863582692,3.925959385],[41.866114438,3.927977166],[41.866552262,3.928700524],[41.868912684,3.93136552],[41.869712183,3.931593947],[41.871934604,3.934824722],[41.872883,3.9366145],[41.87680696,3.942438572],[41.882436356,3.949033269],[41.887790141,3.95613596],[41.890185095,3.95872485],[41.906864034,3.982703712],[41.905111,3.98313],[41.904186,3.982856],[41.903654,3.982188],[41.903325,3.981311],[41.90309,3.979825],[41.902621,3.979278],[41.902308,3.978496],[41.901214,3.978183],[41.900432,3.978183],[41.899415,3.978496],[41.896992,3.98178],[41.895897,3.98264],[41.894724,3.982796],[41.893005,3.982171],[41.889877,3.979903],[41.887766,3.978262],[41.885342,3.978183],[41.884639,3.978027],[41.883857,3.977636],[41.882997,3.976854],[41.88245,3.976542],[41.881746,3.975447],[41.879322,3.973649],[41.878931,3.973023],[41.879166,3.969505],[41.878697,3.968489],[41.877602,3.967629],[41.876742,3.967472],[41.874788,3.967863],[41.872911,3.967785],[41.87213,3.967238],[41.87213,3.964658],[41.87166,3.963954],[41.870957,3.963563],[41.870097,3.963329],[41.868142,3.963329],[41.866891,3.96372],[41.866266,3.96497],[41.866266,3.965752],[41.866031,3.966456],[41.865406,3.967003],[41.864155,3.967238],[41.863608,3.966847],[41.863217,3.965127],[41.86353,3.961609],[41.86306,3.960905],[41.862591,3.960514],[41.861809,3.960436],[41.861184,3.960592],[41.859386,3.961765],[41.858838,3.961687],[41.857509,3.962078],[41.855185,3.962069],[41.853822,3.961821],[41.85215,3.961821],[41.851345,3.961326],[41.850664,3.958477],[41.850664,3.957796],[41.850974,3.956248],[41.851469,3.954948],[41.851717,3.953523],[41.851283,3.952161],[41.850355,3.950922],[41.848775473,3.950119764],[41.84732482,3.949957077],[41.844862077,3.950123639],[41.843605,3.950427],[41.842552,3.95117],[41.84218,3.952471],[41.841994,3.954081],[41.841066,3.955319],[41.839827,3.956],[41.839084,3.955876],[41.838155,3.954638],[41.83766,3.954266],[41.836297,3.954204],[41.835368,3.954824],[41.834254,3.955195],[41.833511,3.955009],[41.832891,3.954328],[41.832706,3.953214],[41.832891,3.952409],[41.833882,3.95117],[41.834254,3.950055],[41.833758,3.948198],[41.832768,3.946897],[41.832086,3.947269],[41.831776,3.947702],[41.830971,3.950303],[41.828247,3.952409],[41.826575,3.95309],[41.825522,3.953214],[41.825088,3.952842],[41.82515,3.950551],[41.824841,3.949932],[41.824283,3.94956],[41.823788,3.948941],[41.823045,3.948817],[41.821807,3.949065],[41.819639,3.950922],[41.818958,3.951232],[41.81741,3.952718],[41.8171,3.953276],[41.817038,3.954019],[41.817162,3.954638],[41.817595,3.955195],[41.818772,3.956062],[41.819391,3.957239],[41.819453,3.958663],[41.81902,3.959221],[41.817471,3.959282],[41.81549,3.958911],[41.814685,3.958911],[41.814313,3.959158],[41.813013,3.959344],[41.811589,3.958601],[41.810598,3.95761],[41.810102,3.957301],[41.809359,3.957425],[41.808369,3.959221],[41.807439,3.960335],[41.806139,3.960335],[41.8036,3.958044],[41.802238,3.957239],[41.801619,3.957053],[41.800194,3.957548],[41.799699,3.957548],[41.798398,3.958044],[41.797221,3.959158],[41.79685,3.960273],[41.79685,3.962379],[41.796355,3.965723],[41.793382,3.969067],[41.793382,3.969624],[41.794001,3.969748],[41.79493,3.969686],[41.795612,3.969253],[41.796912,3.969191],[41.798089,3.969934],[41.79846,3.970491],[41.79846,3.971977],[41.797345,3.972535],[41.796726,3.972597],[41.793939,3.971668],[41.793108919,3.972143527],[41.792577,3.972782],[41.792453,3.974083],[41.79171,3.975445],[41.791277,3.976746],[41.791277,3.977613],[41.791648,3.978975],[41.792701,3.980709],[41.792639,3.981947],[41.792082,3.982443],[41.791215,3.982505],[41.790657,3.982009],[41.7901,3.979409],[41.789852,3.978913],[41.787747,3.977675],[41.785208,3.976808],[41.784465,3.976746],[41.783536,3.978665],[41.78335,3.979347],[41.782483,3.980461],[41.781121,3.98139],[41.77982,3.981638],[41.778334,3.981576],[41.777343,3.980771],[41.776476,3.978603],[41.775609,3.975383],[41.775238,3.974764],[41.773999,3.973711],[41.772699,3.973154],[41.771089,3.972968],[41.770655,3.972658],[41.768596491,3.972539207],[41.766754,3.973278],[41.765701,3.974207],[41.763658,3.975259],[41.762419,3.975383],[41.760975,3.97506],[41.760656779,3.975135917],[41.758456,3.973711],[41.757524043,3.973464001],[41.755203988,3.973442357],[41.753181446,3.972609546],[41.752431916,3.972657135],[41.751587207,3.972906978],[41.750897162,3.97356133],[41.750564038,3.974334658],[41.750540246,3.976154942],[41.750671114,3.976833089],[41.751887977,3.979164571],[41.752431916,3.979819312],[41.752788834,3.980580741],[41.75289591,3.981211297],[41.752572,3.982195],[41.75227725,3.982436719],[41.748065604,3.98292451],[41.747435047,3.98315056],[41.747065986,3.983469559],[41.746933,3.98341],[41.746423916,3.983881225],[41.744829537,3.984268904],[41.742699919,3.984494953],[41.741559339,3.98490163],[41.73877013,3.986309168],[41.737196044,3.986535943],[41.73669138,3.986443139],[41.734930979,3.984661515],[41.7343956,3.984042855],[41.733312948,3.983352813],[41.732384956,3.983233839],[41.732135114,3.983638347],[41.732694286,3.984982743],[41.732837053,3.985934527],[41.732563417,3.986541291],[41.731897166,3.98680303],[41.731302304,3.986719749],[41.730540875,3.986220064],[41.729565295,3.985411046],[41.729018018,3.985327764],[41.728339872,3.985637094],[41.727363358,3.986885216],[41.726530326,3.988195402],[41.725916054,3.98880913],[41.724537357,3.989091383],[41.72384258,3.988906833],[41.722908338,3.988319498],[41.721403745,3.986886311],[41.720392472,3.986933901],[41.719702431,3.98742169],[41.719107563,3.988266402],[41.719119461,3.989051621],[41.720154526,3.991252622],[41.72044738,3.992351144],[41.720371,3.992847],[41.719628,3.993775],[41.718822,3.994395],[41.718079,3.994395],[41.716655,3.993775],[41.71554,3.992847],[41.715107,3.992289],[41.714364,3.990555],[41.714178,3.98975],[41.713559,3.988326],[41.71294,3.985725],[41.712568,3.985106],[41.711082,3.984734],[41.710277,3.98492],[41.70972,3.985292],[41.709038,3.985353],[41.708233,3.985725],[41.7078,3.985663],[41.706499,3.985911],[41.704456,3.985973],[41.703341,3.985292],[41.702598,3.983681],[41.702474,3.983124],[41.702041,3.982381],[41.700988,3.981886],[41.698759,3.981947],[41.69752,3.981452],[41.697024,3.980895],[41.695353,3.979718],[41.693404045,3.979718],[41.692793402,3.980020615],[41.69226757,3.980020615],[41.691521228,3.979647444],[41.691063246,3.979019838],[41.690893623,3.978137798],[41.690825773,3.97632283],[41.689970009,3.973772237],[41.688472003,3.971015308],[41.687182268,3.970267284],[41.685854121,3.970228327],[41.685497548,3.97032481],[41.684891677,3.971059763],[41.684728839,3.974403375],[41.684446586,3.975586666],[41.684034063,3.975912342],[41.683447845,3.976020901],[41.682416536,3.975662657],[41.681830319,3.974631348],[41.681613201,3.973524048],[41.681644045,3.972390403],[41.682190769,3.969960864],[41.681797615,3.969218815],[41.678910086,3.968280658],[41.678530131,3.967944125],[41.67821531,3.967281917],[41.678525856,3.964471789],[41.678276012,3.963698467],[41.677823918,3.963198777],[41.677419406,3.961628333],[41.677383716,3.960855008],[41.677574071,3.959677175],[41.677324228,3.959094207],[41.676860236,3.958737288],[41.676241573,3.958665904],[41.675539632,3.958832466],[41.674813897,3.959439231],[41.67405,3.960892],[41.673864,3.961636],[41.673059,3.962874],[41.672997,3.963493],[41.671479,3.96608],[41.670437,3.96706],[41.669334,3.967367],[41.66866,3.967122],[41.667619,3.965406],[41.667128,3.964915],[41.666515,3.96467],[41.665719,3.964609],[41.664983,3.964854],[41.664126,3.965896],[41.663267,3.967183],[41.6629,3.967612],[41.661613,3.967612],[41.658732,3.966018],[41.657085286,3.965547119],[41.655167,3.965502001],[41.654160175,3.966042236],[41.653769,3.966509],[41.653707,3.968592],[41.653156,3.969879],[41.651991,3.970676],[41.649969,3.971105],[41.647089,3.970921],[41.645618,3.971227],[41.645005,3.971534],[41.643841,3.972698],[41.643719,3.974598],[41.64378,3.976252],[41.642738,3.97711],[41.641451,3.977723],[41.640103,3.977907],[41.639368,3.977907],[41.638199484,3.976503729],[41.637822309,3.976029567],[41.637108412,3.975725946],[41.636144731,3.975868713],[41.635502276,3.976213735],[41.635002589,3.976844292],[41.634955,3.977478],[41.6352,3.977968],[41.637529,3.979684],[41.638142,3.981094],[41.638142,3.982381],[41.637958,3.982871],[41.636916,3.984097],[41.636364,3.984403],[41.635016,3.984526],[41.633301,3.983422],[41.632933,3.982871],[41.632381,3.9814],[41.63232,3.978826],[41.632197,3.978091],[41.631768,3.977539],[41.629869,3.976436],[41.629072,3.976681],[41.62899445,3.97796264],[41.629685,3.979991],[41.629623,3.980604],[41.628398,3.982319],[41.627111,3.982442],[41.62515,3.981768],[41.62466,3.9814],[41.624169,3.980726],[41.623451909,3.977978673],[41.623129082,3.977213109],[41.622189192,3.976237529],[41.62060685,3.974964518],[41.6177396,3.973572533],[41.616526077,3.973156127],[41.615027015,3.973239408],[41.612021789,3.974246182],[41.610493281,3.973968271],[41.609256579,3.973447189],[41.606563408,3.973500678],[41.605390197,3.973739095],[41.602961905,3.975607943],[41.602246285,3.975802481],[41.601523718,3.975753846],[41.600516292,3.975295294],[41.599224008,3.974239234],[41.597811616,3.972061575],[41.597085878,3.971145483],[41.596086505,3.970622003],[41.594968158,3.970467336],[41.591845916,3.970506113],[41.590369516,3.970712375],[41.588838837,3.971396296],[41.587481852,3.971797963],[41.585017567,3.97193909],[41.582781255,3.972981254],[41.581923641,3.973241795],[41.580675214,3.973068101],[41.579253094,3.972427604],[41.577232462,3.970854506],[41.576420259,3.970395953],[41.575505655,3.970431649],[41.573618891,3.970875213],[41.572739565,3.970842646],[41.572033933,3.970571249],[41.571556274,3.970180437],[41.570872353,3.969214263],[41.569287394,3.967954981],[41.567487406,3.968130625],[41.56613,3.969203],[41.564431,3.9723],[41.563299,3.974698],[41.562866,3.975398],[41.5619,3.976263],[41.556738,3.97996],[41.556305,3.98046],[41.55424,3.982025],[41.552842,3.982891],[41.55071,3.983357],[41.549345,3.982891],[41.546947,3.981492],[41.546514,3.981092],[41.544582,3.980293],[41.542318,3.98016],[41.541718,3.97986],[41.540153,3.978328],[41.53942,3.977263],[41.538621,3.975131],[41.538155,3.974765],[41.53549,3.973932],[41.532926,3.973166],[41.529995,3.972866],[41.528663,3.972034],[41.527164,3.96897],[41.525932,3.965806],[41.524833,3.960977],[41.5243,3.959445],[41.523867,3.958979],[41.522968,3.958613],[41.521236,3.958213],[41.520437,3.957414],[41.518738,3.955116],[41.517007,3.953684],[41.514742,3.95365],[41.51361,3.953883],[41.509947,3.95405],[41.50908,3.955082],[41.508614,3.956548],[41.509913,3.95808],[41.510679,3.959412],[41.510746,3.960711],[41.510413,3.962076],[41.50958,3.962975],[41.507982,3.964241],[41.507049,3.966272],[41.50615,3.967205],[41.505417,3.967704],[41.504018,3.967904],[41.503319,3.967738],[41.502286,3.967105],[41.501021,3.963542],[41.500055,3.962442],[41.49869,3.962309],[41.495859,3.962975],[41.494327,3.963009],[41.492695,3.963542],[41.490064,3.964774],[41.489165,3.96474],[41.486068,3.962875],[41.484902,3.962842],[41.482538,3.964341],[41.481072,3.964474],[41.479873,3.964274],[41.478974,3.963841],[41.478541,3.963308],[41.478241,3.962576],[41.478208,3.960278],[41.478841,3.957081],[41.478808,3.956348],[41.478308,3.955648],[41.477709,3.955349],[41.476576,3.955415],[41.47591,3.955848],[41.475044,3.957647],[41.474411,3.959045],[41.474026,3.959403],[41.472595,3.959766],[41.471668,3.959564],[41.470701,3.958859],[41.469452,3.956945],[41.468223,3.955877],[41.467235,3.955534],[41.466631,3.955514],[41.465744,3.955776],[41.464414,3.956985],[41.462641,3.959141],[41.461432,3.96035],[41.460344,3.96084],[41.458839,3.960921],[41.454971,3.959631],[41.453331,3.959282],[41.449973,3.957106],[41.448657,3.955494],[41.447555,3.954929],[41.446588,3.954956],[41.443095,3.95673],[41.440543,3.958019],[41.439038,3.958503],[41.437668,3.958557],[41.436244,3.958207],[41.43568,3.957804],[41.43533,3.957213],[41.43533,3.956112],[41.435922,3.954473],[41.437211,3.952028],[41.437534,3.951087],[41.437319,3.950738],[41.436136,3.95055],[41.431005,3.951114],[41.425631,3.950147],[41.420688,3.948804],[41.41956,3.948643],[41.418404,3.948804],[41.417679,3.94961],[41.416416,3.952055],[41.415529,3.953962],[41.414589,3.954768],[41.412439,3.954661],[41.410183,3.954312],[41.409591,3.954392],[41.403627,3.959309],[41.400833,3.961163],[41.398012,3.96299],[41.39554,3.964414],[41.393471,3.965032],[41.392047,3.964978],[41.390596,3.963554],[41.389361,3.961727],[41.388205,3.958449],[41.387775,3.9581],[41.386701,3.95818],[41.384175,3.959631],[41.382939,3.959873],[41.380817,3.959578],[41.38028,3.959309],[41.379823,3.958771],[41.379742,3.957885],[41.380548,3.956649],[41.382053,3.955171],[41.38216,3.95458],[41.381999,3.95407],[41.379876,3.951517],[41.379312,3.951437],[41.378238,3.951786],[41.375013,3.953613],[41.372192,3.953613],[41.369371,3.955897],[41.368135,3.956031],[41.367303,3.955897],[41.366308,3.955144],[41.364777,3.954338],[41.363514,3.954365],[41.36295,3.954768],[41.362386,3.95544],[41.362466,3.958583],[41.361983,3.959497],[41.361445,3.959766],[41.359269,3.959282],[41.357872,3.959363],[41.355803,3.959739],[41.354117163,3.95964102],[41.353005162,3.957955512],[41.354299957,3.953546989],[41.354395135,3.952619001],[41.354157187,3.951524447],[41.35330058,3.949501905],[41.352027569,3.947265212],[41.351147168,3.946741731],[41.350469025,3.946872602],[41.348791502,3.948443045],[41.347708847,3.948788069],[41.346792754,3.948740478],[41.345591127,3.94825269],[41.344603652,3.947110547],[41.342545417,3.945456822],[41.340296826,3.944338478],[41.337643727,3.942470598],[41.336846609,3.94220886],[41.336180358,3.942637163],[41.335424717,3.943745363],[41.334551401,3.944391305],[41.33284459,3.944466288],[41.331861496,3.943974265],[41.331131677,3.943119334],[41.330599952,3.941086266],[41.329244573,3.939668332],[41.32842092,3.939459812],[41.327034264,3.93938683],[41.321418056,3.942096367],[41.320701968,3.942732341],[41.319337382,3.944380044],[41.318590047,3.944666968],[41.318436576,3.944540188],[41.31838199,3.942553879],[41.317894201,3.941994708],[41.317275542,3.941851938],[41.316050118,3.94237542],[41.315360076,3.942887004],[41.314812799,3.94374361],[41.314252836,3.945254159],[41.313678989,3.94591475],[41.312991708,3.946208346],[41.312035064,3.946313563],[41.309494703,3.944873857],[41.30831687,3.944564524],[41.306924885,3.94462401],[41.303772101,3.946194455],[41.301153887,3.948076591],[41.300281177,3.948864054],[41.300156065,3.950928399],[41.29894665,3.952690391],[41.298289813,3.953190839],[41.297059546,3.953670434],[41.296475691,3.953472341],[41.296267171,3.953097005],[41.296279244,3.948194243],[41.297169095,3.946004098],[41.297383247,3.945028519],[41.29657423,3.944790573],[41.29551537,3.944945238],[41.294682558,3.945361643],[41.293326266,3.945730462],[41.290090199,3.945956509],[41.287341921,3.945754254],[41.285343174,3.946111174],[41.284534159,3.945897022],[41.283867908,3.945290262],[41.283296837,3.944421757],[41.282797151,3.94401725],[41.281988136,3.943933967],[41.281274296,3.944112428],[41.280631841,3.944707292],[41.280429587,3.945516308],[41.280572355,3.946313428],[41.281012555,3.946848806],[41.283714555,3.948497429],[41.284065845,3.949277757],[41.284065845,3.950265307],[41.283778922,3.95080579],[41.281783805,3.951886756],[41.281273482,3.952047696],[41.280609421,3.951913447],[41.279962176,3.951139421],[41.278881209,3.950719046],[41.278454161,3.950365396],[41.278079701,3.947552544],[41.277712687,3.947309595],[41.276983237,3.94733957],[41.273870902,3.949538192],[41.272243349,3.952807572],[41.271429573,3.953535689],[41.270287432,3.95379267],[41.268417176,3.955234622],[41.267517739,3.956319656],[41.265364541,3.958038924],[41.264593017,3.958330851],[41.263977884,3.958247443],[41.263498289,3.957903386],[41.262935285,3.957111011],[41.261293072,3.95537739],[41.260522124,3.954763492],[41.259751179,3.954378016],[41.257281298,3.954420846],[41.256053496,3.95472066],[41.255199103,3.955195324],[41.253979361,3.956329062],[41.252696964,3.956735675],[41.251456272,3.956026708],[41.250838776,3.955035777],[41.250357066,3.953906885],[41.249843106,3.953164492],[41.24947191,3.952222224],[41.248458258,3.951337066],[41.246802152,3.951408449],[41.245474413,3.952236501],[41.244774851,3.952964616],[41.244332271,3.953721285],[41.244132397,3.954749212],[41.244146673,3.955634373],[41.24509767,3.957331625],[41.245357903,3.958118995],[41.245395791,3.959251764],[41.244770711,3.960314291],[41.244196864,3.960814739],[41.243155934,3.961341877],[41.242355218,3.961461984],[41.241414377,3.961368567],[41.240700405,3.960948192],[41.240353428,3.960407708],[41.239799599,3.958806276],[41.238350309,3.956905004],[41.235195141,3.954734935],[41.234552686,3.954121037],[41.234110108,3.951965242],[41.233867402,3.951422725],[41.233424822,3.951122914],[41.232810921,3.951080083],[41.23219702,3.951422725],[41.231768717,3.952165117],[41.231611673,3.953350089],[41.231254757,3.954435123],[41.230869281,3.954906256],[41.229783524,3.955380893],[41.227894189,3.955180248],[41.222085,3.955333],[41.219292748,3.956532368],[41.21825015,3.956206556],[41.217875466,3.95550606],[41.218022081,3.953551187],[41.218619816,3.951437005],[41.218505601,3.950337691],[41.218005915,3.949623853],[41.21733491,3.949295488],[41.214322509,3.949866558],[41.212209548,3.949809451],[41.210967469,3.949452534],[41.210182247,3.948867185],[41.209939542,3.947653659],[41.209939542,3.945997554],[41.209311364,3.944555604],[41.208897338,3.942956604],[41.209111489,3.940900752],[41.20965401,3.938902002],[41.209454133,3.93741722],[41.208868784,3.936631996],[41.207355448,3.936032372],[41.202501347,3.937588539],[41.19811838,3.937674201],[41.196676426,3.937988289],[41.195234473,3.938502252],[41.194349315,3.93917326],[41.193041,3.941523],[41.192015,3.942544],[41.191429,3.942812],[41.190784,3.942893],[41.187264,3.942114],[41.185948,3.942409],[41.181596,3.945902],[41.181058,3.946198],[41.180279,3.946359],[41.17899,3.946144],[41.176948,3.944881],[41.176061,3.94429],[41.174449,3.944424],[41.173697,3.945365],[41.173132,3.947514],[41.172273,3.948562],[41.170902,3.949126],[41.170284,3.949234],[41.168941,3.949852],[41.168242,3.950926],[41.167544,3.952914],[41.167248,3.953344],[41.166523,3.953935],[41.165798,3.954177],[41.164615,3.953882],[41.163192,3.953264],[41.16209,3.953129],[41.161365,3.953398],[41.160881,3.954715],[41.160505,3.956756],[41.159403,3.957482],[41.157496,3.958315],[41.15548,3.959873],[41.152794,3.960948],[41.149624,3.961485],[41.147286,3.96127],[41.146023,3.961619],[41.143524,3.962775],[41.140784,3.963124],[41.139468,3.964145],[41.138769,3.965354],[41.138474,3.967557],[41.13807,3.968095],[41.137318,3.96839],[41.136405,3.968148],[41.135518,3.967288],[41.134658,3.966778],[41.133987,3.966859],[41.132858,3.96745],[41.132021942,3.968146908],[41.131891,3.970835],[41.132509,3.972017],[41.1331,3.972447],[41.13447,3.972528],[41.13662,3.971211],[41.137883,3.972098],[41.13799,3.973468],[41.137211,3.974704],[41.136593,3.975134],[41.133288,3.976074],[41.131784,3.976128],[41.130306,3.975644],[41.128049,3.97379],[41.126598,3.973952],[41.126249,3.974408],[41.126081537,3.97566349],[41.127727,3.976934],[41.128183,3.977579],[41.128291,3.978492],[41.127727,3.979701],[41.126733,3.980856],[41.125497,3.98134],[41.124207,3.982173],[41.123294,3.983086],[41.121654,3.98443],[41.120069,3.986982],[41.119129,3.989024],[41.117625,3.990421],[41.116845,3.991684],[41.116254,3.992114],[41.115368,3.992356],[41.114051,3.991845],[41.113621,3.991254],[41.112573,3.988648],[41.111956,3.988003],[41.111257,3.9876],[41.110559,3.9876],[41.107764,3.989481],[41.105319,3.990905],[41.103627,3.992248],[41.103251,3.992786],[41.102686,3.994935],[41.101638,3.996251],[41.101262,3.99789],[41.100107,4.000523],[41.099059,4.002458],[41.098898,4.003183],[41.099435,4.004715],[41.100241,4.005628],[41.102713,4.006783],[41.103224,4.007321],[41.103331,4.008288],[41.102445,4.00947],[41.101638,4.009793],[41.097528,4.0099],[41.09554,4.010652],[41.091969197,4.013055209],[41.087103,4.015273],[41.085061,4.016294],[41.0831,4.016966],[41.082455,4.017342],[41.081568,4.018605],[41.081408,4.019277],[41.081837,4.022205],[41.081622,4.023387],[41.080736,4.024731],[41.079768,4.025564],[41.077888,4.026665],[41.076249,4.027041],[41.074341,4.02688],[41.071869,4.02645],[41.070204,4.026612],[41.069505,4.026988],[41.069048,4.027498],[41.068995,4.031689],[41.068619,4.032764],[41.067087,4.035316],[41.066792,4.036042],[41.06663,4.039454],[41.065636,4.041523],[41.064347,4.043699],[41.063352,4.045687],[41.060559,4.048831],[41.058812,4.051759],[41.057173,4.053103],[41.053089,4.054715],[41.051477,4.055574],[41.049811,4.057025],[41.048119,4.059228],[41.04519,4.062345],[41.043283,4.065945],[41.041375,4.07054],[41.040274,4.073764],[41.03893,4.076209],[41.03807,4.077418],[41.036647,4.078465],[41.035088,4.078573],[41.034014,4.078385],[41.032831,4.077552],[41.03181,4.076665],[41.029258,4.075241],[41.028586,4.075134],[41.027243,4.075671],[41.027001,4.076316],[41.027297,4.078546],[41.027189,4.079137],[41.025685,4.08271],[41.024395,4.084081],[41.023562,4.084161],[41.020929,4.083248],[41.020123,4.083194],[41.019102,4.083731],[41.017759,4.084672],[41.015771,4.085478],[41.015126,4.085934],[41.014507,4.087812],[41.014507,4.088661],[41.014286,4.089363],[41.013399,4.090693],[41.01255,4.09158],[41.009742,4.096455],[41.008375,4.098118],[41.006824,4.101221],[41.006529,4.101775],[41.0059,4.102218],[41.00446,4.102587],[41.001911,4.103585],[41.001062,4.104767],[40.999879,4.107869],[40.999621,4.109162],[40.998365,4.1116],[40.997479,4.112782],[40.992159,4.114481],[40.99094,4.114666],[40.990128,4.114666],[40.988835,4.114149],[40.987653,4.113964],[40.986175,4.114186],[40.985621,4.114481],[40.98274,4.114888],[40.980708,4.115553],[40.980265,4.115811],[40.979785,4.116402],[40.979305,4.118471],[40.979194,4.123494],[40.978012,4.125341],[40.976128,4.127262],[40.974429,4.130513],[40.973505,4.131621],[40.96959,4.133394],[40.966967,4.133948],[40.964714,4.134244],[40.964086,4.134539],[40.962128,4.13646],[40.960207,4.137605],[40.959432,4.138418],[40.957437,4.14285],[40.954962,4.145325],[40.954224,4.145768],[40.949532,4.145842],[40.948055,4.146507],[40.947575,4.146877],[40.946577,4.148317],[40.945469,4.148391],[40.944102,4.148317],[40.942588,4.149093],[40.940704,4.151198],[40.939928,4.151937],[40.938561,4.152307],[40.937971,4.152307],[40.935976,4.151531],[40.934498,4.151346],[40.930804,4.149647],[40.930029,4.149573],[40.928329,4.151014],[40.927037,4.151716],[40.924156,4.152196],[40.920499,4.153489],[40.9188,4.154929],[40.917285,4.156296],[40.914736,4.157626],[40.913591,4.157958],[40.909158,4.157663],[40.906462,4.157367],[40.905834,4.157404],[40.905243,4.157773],[40.903802,4.159362],[40.903433,4.160027],[40.903174,4.162649],[40.903174,4.163536],[40.901512,4.166159],[40.901291,4.16686],[40.901253,4.168227],[40.902029,4.169963],[40.902325,4.170813],[40.902103,4.171921],[40.900293,4.173989],[40.900182,4.177277],[40.899407,4.178533],[40.898853,4.179087],[40.898114,4.181119],[40.898151,4.183704],[40.897781,4.184997],[40.896969,4.186216],[40.895934,4.186881],[40.894014,4.187731],[40.893533,4.188137],[40.892056,4.190021],[40.889433,4.190723],[40.887512,4.192533],[40.884003,4.196928],[40.883819,4.197556],[40.884594,4.200142],[40.885074,4.201361],[40.884668,4.202321],[40.884299,4.202765],[40.883027182,4.205329657],[40.88297959,4.206495592],[40.883536907,4.208649358],[40.884336,4.210522],[40.884594,4.212184],[40.884262,4.213144],[40.880937,4.216912],[40.878906,4.21887],[40.877169,4.220975],[40.875988,4.221788],[40.87355,4.222859],[40.871296,4.224595],[40.869745,4.225962],[40.869375,4.226553],[40.867159,4.228215],[40.866384,4.228585],[40.864463,4.228991],[40.86184,4.229767],[40.857444,4.229582],[40.855524,4.229065],[40.853529,4.229065],[40.852125,4.22973],[40.851793,4.230247],[40.85135,4.231688],[40.851312,4.23298],[40.850758,4.234384],[40.848173,4.23745],[40.847988,4.238189],[40.848284,4.239555],[40.849059,4.241439],[40.849059,4.242215],[40.847914,4.245466],[40.846474,4.247977],[40.844553,4.24975],[40.841118,4.251191],[40.838384,4.252041],[40.837017,4.252299],[40.834727,4.252152],[40.833693,4.251413],[40.833287,4.250859],[40.833249,4.250009],[40.833619,4.248938],[40.83373,4.24831],[40.833471,4.248014],[40.832511,4.248199],[40.831772,4.249049],[40.830147,4.251339],[40.828706,4.252152],[40.826564,4.253001],[40.824865,4.253038],[40.822759,4.252779],[40.822205,4.252816],[40.819841,4.254183],[40.817514,4.255808],[40.815815,4.257286],[40.815372,4.257655],[40.812897,4.258874],[40.810976,4.260093],[40.809092,4.26098],[40.805103,4.261091],[40.804364,4.261349],[40.803403,4.263085],[40.802517,4.265191],[40.801556,4.266336],[40.799709,4.267112],[40.795461,4.268035],[40.794279,4.268515],[40.791435,4.268811],[40.788775,4.269365],[40.787446,4.27003],[40.786375,4.270879],[40.784638,4.273059],[40.784121,4.274019],[40.783789,4.276642],[40.783235,4.278378],[40.782634,4.279704],[40.782153,4.280243],[40.781454,4.282036],[40.781145,4.283292],[40.776398,4.281787],[40.775560653,4.281747931],[40.774921,4.281918],[40.747105,4.261769],[40.724297001,4.249159],[40.709213,4.246799],[40.690327001,4.23493],[40.673592,4.233181],[40.652157,4.224947],[40.417667,4.127468],[40.403019,4.119734],[40.387772,4.104848001],[40.37579,4.106327],[40.324177,4.084782001],[40.234051003,4.050078],[40.212196,4.043508],[40.191982001,4.043934],[40.182538142,4.03606308],[40.182356296,4.035678565],[40.181611348,4.035290655],[40.172241,4.027481],[40.158224456,4.020505924],[40.155662712,4.017063249],[40.15226697,4.01754129],[40.129585,4.006254],[40.122231,4.000173],[40.106106,3.9943],[39.997286981,3.939300489],[39.996859685,3.938931184],[39.996592214,3.938949263],[39.987997382,3.934437572],[39.987427956,3.934316462],[39.987290682,3.934037824],[39.983932073,3.932360302],[39.98315399,3.931550096],[39.982868454,3.93149299],[39.982615041,3.93166431],[39.973667078,3.927000567],[39.972980666,3.927012934],[39.972496382,3.926768114],[39.97233141,3.926267693],[39.926710001,3.902559932],[39.887388516,3.882061966],[39.885926423,3.88299893],[39.869568,3.874727001],[39.865074,3.867917001],[39.857533003,3.850039],[39.853873761,3.845100418],[39.82862266,3.791073004],[39.802995865,3.735322232],[39.782133227,3.690643095],[39.777909684,3.681125247],[39.771450166,3.681929731],[39.762844001,3.663264001],[39.61972,3.516321001],[39.612137001,3.506446002],[39.585072001,3.481984001],[39.581814001,3.476435],[39.567917,3.429983],[39.562077,3.416309003],[39.557610001,3.411847001],[39.547066002,3.405368003],[39.532887002,3.402422002],[39.528297001,3.402976001],[39.519268,3.408284001],[39.514832003,3.414258002],[39.509005892,3.43600077],[39.505606016,3.441695349],[39.505082857,3.447879587],[39.50073002,3.449099635],[39.494860692,3.457073825],[39.489185002,3.463384002],[39.470688001,3.460448001],[39.427993768,3.460763146],[39.425339,3.461234001],[39.418736001,3.466129001],[39.408756,3.468456003],[39.335739001,3.470115001],[39.332245,3.476357],[39.330795003,3.490727003],[39.33218,3.504006002],[39.328541,3.506319001],[39.322598,3.504706001],[39.301899,3.486726002],[39.283115,3.476737001],[39.237232,3.480902],[39.204445,3.486258002],[39.192425001,3.482758001],[39.183266,3.491587],[39.17828,3.494579001],[39.1381,3.514449001],[39.123123,3.516919],[39.102238,3.534037002],[39.096039,3.537844001],[39.086594003,3.539489],[39.082005,3.539227003],[39.077415492,3.537862182],[39.077536525,3.53626102],[39.076413422,3.536280055],[39.075937527,3.536013558],[39.075604402,3.536232466],[39.07353903,3.53556622],[39.072376943,3.535768603],[39.070814547,3.533132028],[39.06975331,3.533155823],[39.068016301,3.534378866],[39.067521373,3.534545431],[39.06700265,3.53440266],[39.06634116,3.533907733],[39.065046736,3.533612681],[39.064566082,3.533070162],[39.062971844,3.532651377],[39.061981988,3.532056514],[39.060963581,3.531147558],[39.059926133,3.531128522],[39.059531143,3.531233218],[39.058379487,3.530771605],[39.057361074,3.530000658],[39.055195765,3.527069162],[39.055271908,3.526816939],[39.054957822,3.526769353],[39.054386748,3.526807424],[39.054320123,3.526993019],[39.053853749,3.52700254],[39.053606285,3.526750317],[39.05230234,3.52668845],[39.051126032,3.527475417],[39.050924186,3.527756826],[39.049234769,3.527542674],[39.048530451,3.5276093],[39.047611977,3.527937665],[39.047112292,3.528185129],[39.046703025,3.528641987],[39.046103398,3.528875174],[39.045751241,3.529389136],[39.045240641,3.529675247],[39.044152806,3.529842706],[39.043726492,3.529639894],[39.043360682,3.53007268],[39.035750859,3.532282019],[39.035144394,3.530401597],[39.034416279,3.529487884],[39.032281904,3.529773419],[39.032110581,3.529559268],[39.03171797,3.529466472],[39.031382466,3.52972345],[39.03118973,3.530187445],[39.029911962,3.530751381],[39.028327238,3.530708549],[39.027449219,3.530444428],[39.02611434,3.529637791],[39.024758049,3.529402223],[39.023979963,3.528774047],[39.021776282,3.52799345],[39.021767001,3.523756001],[39.016791611,3.517477951],[39.016011148,3.517801559],[39.015202131,3.51783963],[39.014745277,3.518543949],[39.014735757,3.518877074],[39.01463389,3.519221258],[39.013252,3.519434003],[39.010711783,3.523213175],[39.010433692,3.522903122],[39.010148156,3.522941193],[39.009976835,3.522722286],[39.009767445,3.521599177],[39.009367693,3.521551589],[39.008663373,3.521380269],[39.007797249,3.521580142],[39.007997125,3.522303498],[39.007778213,3.523616963],[39.007578338,3.523959603],[39.007207142,3.524207067],[39.007131,3.525234994],[39.006731251,3.525863171],[39.006588483,3.526300993],[39.006093557,3.526234367],[39.00572236,3.526510386],[39.005261661,3.527857807],[38.995861,3.529361],[38.990459,3.527879],[38.977646,3.532918001],[38.969143,3.534017001],[38.966171002,3.532938001],[38.960609001,3.518852],[38.954933,3.515203],[38.915646,3.512155001],[38.905033209,3.516663552],[38.902863366,3.516469684],[38.888598497,3.522037624],[38.879721409,3.525068244],[38.871996799,3.527165363],[38.868350815,3.528513258],[38.864958353,3.529371124],[38.859735498,3.53151256],[38.854165118,3.533539937],[38.85213967,3.53448459],[38.844211884,3.537191119],[38.840778,3.536814],[38.828999,3.538865],[38.802625929,3.549137763],[38.793560246,3.551443002],[38.718158489,3.574099103],[38.717376177,3.580327413],[38.715466,3.581867001],[38.711251228,3.588987767],[38.709310377,3.591007772],[38.707184625,3.590285326],[38.703883123,3.594895529],[38.707113115,3.595979008],[38.695751,3.615183001],[38.687813,3.623565001],[38.68103,3.625132003],[38.676376002,3.624166001],[38.673987378,3.620670765],[38.667805,3.600819001],[38.655773393,3.600908725],[38.647302513,3.602717116],[38.644066445,3.603716488],[38.642396063,3.60381167],[38.624570946,3.608040562],[38.619347,3.60731],[38.617023,3.609455],[38.615677,3.616659001],[38.613934003,3.618219001],[38.611412,3.618222001],[38.605782003,3.611417001],[38.598213002,3.608118],[38.589294,3.608909],[38.583578328,3.610674153],[38.57961565,3.610681172],[38.579557443,3.612011692],[38.563725,3.623153001],[38.561985,3.627243001],[38.562584002,3.637559001],[38.560463,3.645737001],[38.55117,3.653146001],[38.537411,3.657836003],[38.532536048,3.658562215],[38.528060661,3.654303832],[38.525909631,3.652476406],[38.523625346,3.652057618],[38.521873077,3.651973778],[38.520721,3.649097002],[38.521477003,3.634886],[38.516815003,3.629831002],[38.488487,3.618381001],[38.477436,3.616058],[38.457645002,3.606349002],[38.446976001,3.602858001],[38.439999003,3.604228],[38.413631002,3.604453001],[38.297501003,3.612167],[38.291496,3.613730001],[38.278893002,3.613547002],[38.251945003,3.616104001],[38.246128001,3.615331001],[38.188354,3.619469001],[38.178082,3.623565001],[38.171101,3.623961002],[38.159855002,3.623192001],[38.152676,3.618915],[38.145699003,3.620672001],[38.137939,3.617369002],[38.129215,3.616987001],[38.121078,3.622054],[38.102287002,3.638614001],[38.093372001,3.643293001],[38.041447,3.683234001],[38.031761,3.694336001],[38.025761001,3.705047002],[38.013168,3.717318],[38.00639,3.729002001],[38.000771,3.733872002],[37.988361003,3.734269001],[37.977703,3.739337],[37.967617,3.739537001],[37.962578002,3.741681001],[37.653381003,3.949114],[37.649117,3.953008001],[37.644901,3.966297],[37.634716002,3.974431001],[37.567127,4.015334001],[37.557175001,4.023699001],[37.546524,4.028811001],[37.531708002,4.040662001],[37.520596,4.045774001],[37.509022,4.055766002],[37.493046,4.064131002],[37.338379,4.164491],[37.287666002,4.195847003],[37.200119,4.253906],[37.194794,4.259016],[37.169083,4.273412001],[37.139435003,4.293381001],[37.133411,4.296167],[37.122295,4.29802],[37.111637,4.306845001],[37.094955,4.334950002],[37.090553,4.340060002],[37.085224,4.342380002],[37.068546002,4.345393001],[37.054184,4.358396],[37.046535,4.371171001],[37.041901,4.375583001],[37.025455,4.379059001],[37.006229,4.380674001],[37.002754,4.382531001],[36.993484002,4.383919002],[36.979584,4.395992003],[36.974487001,4.397848],[36.963135,4.398305001],[36.955719,4.407362003],[36.951088003,4.410147001],[36.904285003,4.426843003],[36.882275,4.436585001],[36.86837,4.444474003],[36.665691,4.440267001],[36.655212,4.444334002],[36.64629,4.454521001],[36.544014,4.446094],[36.340407718,4.44824113],[36.339464028,4.446193497],[36.337560459,4.444718231],[36.333562964,4.445765194],[36.331944931,4.445931756],[36.3307552,4.445527248],[36.329613059,4.443861625],[36.326686325,4.443290554],[36.324925521,4.444742028],[36.322569854,4.445408274],[36.321499097,4.445455864],[36.32166566,4.442790867],[36.321237357,4.442053234],[36.318857895,4.442505334],[36.317787138,4.445051357],[36.314717633,4.445836577],[36.311219825,4.445693812],[36.308792775,4.44141078],[36.30679403,4.44141078],[36.304295594,4.440696944],[36.298156584,4.441268012],[36.295443999,4.443195376],[36.294016322,4.443195376],[36.292374494,4.445194123],[36.291803425,4.447906709],[36.289453805,4.448773001],[36.279076,4.448881003],[36.263748,4.449485003],[36.254749275,4.454897097],[36.252613701,4.45390295],[36.250543571,4.454474021],[36.247830984,4.457472142],[36.245546703,4.457472142],[36.242876194,4.458592283],[36.233402,4.450693002],[36.211983,4.448308001],[36.189144,4.449683],[36.142853,4.449137],[36.136600001,4.447558],[36.047611,4.446621],[36.041355002,4.447551001],[36.037285,4.449740001],[36.02882,4.461332001],[36.013786,4.475265002],[35.964592,4.527251001],[35.958019,4.531317],[35.955978002,4.534607002],[35.953777,4.543073003],[35.960781,4.562824001],[35.953823,4.569776001],[35.945045,4.574524001],[35.949173003,4.620171001],[35.949348003,4.626770001],[35.947697,4.629333],[35.946439389,4.630758447],[35.946197498,4.630702296],[35.945860964,4.631414067],[35.817108003,4.77735],[35.815739001,4.825182002],[35.816181,4.890246],[35.813938,4.912784002],[35.81628,4.935881],[35.8163,5.025682],[35.814739,5.083957],[35.817452,5.104121],[35.818075437,5.104873646],[35.818069507,5.107610353],[35.826832269,5.117972749],[35.827498519,5.118234487],[35.828616864,5.117901363],[35.829425258,5.118132876],[35.829759009,5.120090469],[35.830734585,5.121066049],[35.831139093,5.120851895],[35.831614985,5.120899484],[35.831781551,5.121946446],[35.831543603,5.122517517],[35.831924315,5.122660288],[35.83256677,5.122374749],[35.833114046,5.121898859],[35.834129289,5.121779885],[35.838110914,5.124944567],[35.838372658,5.126229476],[35.839562385,5.127490591],[35.839824126,5.128823092],[35.840347607,5.129298981],[35.841109036,5.130631482],[35.841608722,5.130750452],[35.841799078,5.131321523],[35.842599505,5.131905789],[35.844716729,5.135963694],[35.858700001,5.153502],[35.862881,5.165605003],[35.863781,5.175502],[35.861589488,5.190544814],[35.861099779,5.190754688],[35.860326454,5.19149827],[35.859701846,5.191825446],[35.85937467,5.192479799],[35.858809551,5.192985433],[35.857976736,5.193282866],[35.855957764,5.194633213],[35.854083067,5.197360042],[35.843558392,5.199741437],[35.840560272,5.206494349],[35.838847974,5.206935553],[35.83769778,5.208606595],[35.837555012,5.210248425],[35.837935726,5.211866456],[35.837911931,5.212461322],[35.838173674,5.212937214],[35.837959523,5.21436489],[35.837483628,5.217244038],[35.837055325,5.217934082],[35.836555639,5.220741846],[35.836817379,5.22200296],[35.837317068,5.222859566],[35.837555012,5.224096886],[35.83888751,5.225001081],[35.839173046,5.225619741],[35.839363403,5.226547731],[35.839101662,5.227428131],[35.839720322,5.230735582],[35.839696527,5.232662946],[35.838601977,5.233686114],[35.838245056,5.234994817],[35.836745996,5.237612224],[35.836365284,5.238540217],[35.836127336,5.239848918],[35.835818006,5.240205837],[35.835056578,5.240277221],[35.834533097,5.240562759],[35.833938235,5.240610345],[35.833866848,5.240991061],[35.833010242,5.240729318],[35.832248814,5.240967266],[35.831987074,5.241490747],[35.831558771,5.24187146],[35.830630783,5.242180789],[35.829512434,5.24372744],[35.827645711,5.245464829],[35.827751635,5.245512035],[35.827585071,5.245892749],[35.828013374,5.246606589],[35.826680877,5.248129442],[35.826300162,5.24977127],[35.826466725,5.250151984],[35.826442929,5.251079976],[35.826752259,5.252460063],[35.827656454,5.25353082],[35.827823017,5.254768138],[35.828370293,5.255148852],[35.828536855,5.25595787],[35.828156141,5.257076215],[35.828322704,5.258860811],[35.828076828,5.262501386],[35.830433633,5.263274113],[35.8349913,5.272389447],[35.845285734,5.279466867],[35.849634743,5.286200818],[35.851627732,5.288982699],[35.851463755,5.289238914],[35.851511344,5.289905163],[35.851820674,5.29071418],[35.852653485,5.291261456],[35.853676656,5.291213869],[35.854966785,5.29039963],[35.857834125,5.293804594],[35.863183598,5.307454653],[35.85997564,5.320216612],[35.856914295,5.321354231],[35.856365445,5.321171281],[35.855342276,5.321742351],[35.855172121,5.322001635],[35.849427069,5.32413654],[35.848500913,5.325551753],[35.84777559,5.3255019],[35.845848227,5.325739846],[35.838636852,5.327624887],[35.838709844,5.332354749],[35.840653366,5.33446828],[35.838525658,5.336209132],[35.83466476,5.336161885],[35.833998513,5.336495011],[35.833189494,5.336495011],[35.830286554,5.338327194],[35.829215796,5.33808925],[35.828168835,5.337280232],[35.824813792,5.335733582],[35.824052364,5.335471841],[35.823386118,5.335709787],[35.821839465,5.335781171],[35.821315984,5.336709162],[35.82067353,5.337137466],[35.82000728,5.337137466],[35.819388621,5.337827508],[35.819888307,5.33923139],[35.819769334,5.340444917],[35.819483799,5.341325315],[35.818966595,5.342194226],[35.808579286,5.344487115],[35.802939619,5.347172667],[35.801376104,5.345965266],[35.799377354,5.345655937],[35.798425569,5.345846292],[35.797640349,5.346179418],[35.795094326,5.346155621],[35.792072408,5.348178163],[35.791429954,5.348225752],[35.790930268,5.34805919],[35.790192635,5.347583298],[35.789835715,5.347607092],[35.789716742,5.347987808],[35.788170093,5.350391062],[35.78774179,5.351675971],[35.787146924,5.351985301],[35.786409291,5.351961506],[35.785528893,5.353032263],[35.77910036,5.356200613],[35.778433582,5.356264115],[35.777652876,5.35538793],[35.777105599,5.35522137],[35.776391763,5.35522137],[35.775915868,5.355435522],[35.775772801,5.356517526],[35.772666549,5.356813358],[35.772703596,5.356387306],[35.772061141,5.355887617],[35.771323508,5.355316548],[35.771490073,5.353769896],[35.773940918,5.352461196],[35.774654754,5.351342846],[35.774654754,5.350938338],[35.775368592,5.350129321],[35.774868905,5.349463073],[35.772394266,5.348939592],[35.771728017,5.34929651],[35.770800027,5.350914543],[35.761686691,5.354721681],[35.760259015,5.355245162],[35.75980692,5.355673465],[35.759997275,5.35631592],[35.760758704,5.356530071],[35.760782496,5.35688699],[35.759997275,5.357791185],[35.759212052,5.357933953],[35.758498214,5.358362256],[35.757332278,5.358623999],[35.754215184,5.360170646],[35.753858268,5.360932074],[35.753905854,5.361526939],[35.755190763,5.362026629],[35.755952191,5.362145599],[35.756618439,5.362764261],[35.756951564,5.363763633],[35.756642234,5.3643585],[35.755571476,5.364477474],[35.754476926,5.364477474],[35.753763086,5.364667829],[35.753096839,5.365548228],[35.752858891,5.366143094],[35.75166916,5.366785549],[35.751264652,5.367285235],[35.751407423,5.367880102],[35.751883312,5.368427376],[35.752311615,5.368546349],[35.752763713,5.368451171],[35.753215813,5.368046662],[35.75362032,5.368046662],[35.754405541,5.368332198],[35.754786255,5.368118046],[35.755458027,5.368165968],[35.749408672,5.374304645],[35.748599656,5.374066699],[35.748885191,5.371568265],[35.748433093,5.371044784],[35.74743372,5.370735455],[35.747243364,5.371092372],[35.746267784,5.371044784],[35.745910865,5.371187551],[35.74573082,5.372213851],[35.747063076,5.374576304],[35.74464975,5.374613975],[35.744411804,5.37432844],[35.743983501,5.374423618],[35.743591621,5.374741611],[35.731988087,5.375182161],[35.730991647,5.374804332],[35.730254011,5.375066072],[35.72961156,5.375066072],[35.729230843,5.374851921],[35.728921513,5.37432844],[35.728160086,5.37428085],[35.72761281,5.374899511],[35.727582526,5.375182161],[35.723632528,5.375182161],[35.724227803,5.381084596],[35.723258396,5.381823742],[35.722972861,5.382418608],[35.722972861,5.383632132],[35.723329782,5.384774276],[35.723854281,5.385566054],[35.720658767,5.388215655],[35.720260275,5.387796189],[35.720141304,5.386987173],[35.718689831,5.385916415],[35.71738113,5.38589262],[35.716905235,5.386297128],[35.716405549,5.387344091],[35.716183958,5.388417953],[35.717031452,5.3895056],[35.712634343,5.388952092],[35.707006696,5.390017715],[35.706863913,5.389461811],[35.706126277,5.389271455],[35.705079314,5.389485606],[35.704532038,5.389771144],[35.704270297,5.390151855],[35.702937799,5.390413599],[35.702223961,5.390722928],[35.702199844,5.390927916],[35.699180512,5.391499642],[35.699059278,5.391317791],[35.697107437,5.391490387],[35.693175684,5.391209548],[35.691563975,5.389414222],[35.690493218,5.389176276],[35.689898353,5.389390428],[35.689446255,5.38903351],[35.68916072,5.38753445],[35.68854206,5.386677844],[35.688066168,5.386463692],[35.687756838,5.386535074],[35.687780632,5.387129941],[35.687994784,5.38770101],[35.688208935,5.389081098],[35.688018579,5.389937704],[35.687542686,5.390318417],[35.686805053,5.390580158],[35.685615323,5.390342212],[35.684520773,5.390009087],[35.683616576,5.389128689],[35.683426219,5.388795563],[35.683426219,5.388081726],[35.682855148,5.387915162],[35.682117515,5.388153108],[35.681784391,5.388629],[35.681950953,5.390407783],[35.680409972,5.390297715],[35.680261537,5.389485606],[35.679642879,5.388795563],[35.679000424,5.38836726],[35.67804864,5.388295879],[35.676954085,5.387605832],[35.676573371,5.386725431],[35.675978506,5.386130566],[35.673575252,5.386035389],[35.672552082,5.386178155],[35.670957843,5.387463064],[35.669934675,5.387320298],[35.668649766,5.38770101],[35.667769365,5.38831967],[35.666674813,5.388438643],[35.665794413,5.38893833],[35.664033612,5.387653424],[35.663021273,5.386345209],[35.662106248,5.386178155],[35.661202053,5.38620195],[35.658418084,5.387463064],[35.657156969,5.387677216],[35.656205185,5.388581412],[35.654753716,5.388771768],[35.654468178,5.389247663],[35.654349205,5.389818731],[35.654515768,5.390270828],[35.656252777,5.39110364],[35.656990409,5.392507522],[35.657061791,5.392983414],[35.654139622,5.394265044],[35.653659162,5.394125557],[35.653053701,5.394170404],[35.64928946,5.392445127],[35.648638499,5.391293996],[35.647615331,5.39074672],[35.644838304,5.390405014],[35.64026812,5.388310346],[35.63940619,5.386368514],[35.637835747,5.385702263],[35.637162823,5.386887083],[35.636544254,5.386603573],[35.634052403,5.386212813],[35.634052403,5.385940211],[35.633195797,5.384940836],[35.63269611,5.384607711],[35.63222022,5.384512533],[35.631720531,5.384655302],[35.629269686,5.383441775],[35.628769999,5.382799321],[35.627104378,5.382846911],[35.626247772,5.383227624],[35.625400599,5.384856076],[35.62356959,5.384568945],[35.623059294,5.38351316],[35.6212747,5.38191892],[35.620465681,5.382061688],[35.618942825,5.384226998],[35.617872071,5.387058556],[35.618276578,5.387867576],[35.61901421,5.38836726],[35.619038006,5.390413599],[35.619607732,5.39167416],[35.619600857,5.394170524],[35.619394923,5.394387296],[35.618609703,5.394696626],[35.617895863,5.39564841],[35.617705506,5.396742962],[35.617967248,5.397028497],[35.617991041,5.397718541],[35.617705506,5.398432379],[35.617372381,5.399836261],[35.617526609,5.400067603],[35.612987588,5.405163369],[35.610971631,5.404939374],[35.611043016,5.403881345],[35.610805069,5.403476838],[35.610471944,5.403286482],[35.609543955,5.403548221],[35.608972884,5.403976524],[35.607664183,5.404190675],[35.607212083,5.403809964],[35.606569628,5.403928934],[35.60623122,5.404289903],[35.605245401,5.403815663],[35.606307888,5.401501884],[35.606688602,5.400954608],[35.606664807,5.400121797],[35.606307888,5.399812467],[35.605046773,5.399407958],[35.604352627,5.399422728],[35.602738696,5.400835638],[35.602572134,5.401478093],[35.601667939,5.401382911],[35.601406198,5.400764251],[35.600502003,5.399812467],[35.60038303,5.399407958],[35.599193299,5.399170012],[35.598812586,5.39962211],[35.598393226,5.400519333],[35.597771002,5.40022],[35.594530134,5.405893766],[35.593625363,5.406546342],[35.591888354,5.407046028],[35.591007953,5.407545715],[35.59062724,5.408259555],[35.590175142,5.408521294],[35.59062724,5.40942549],[35.592133691,5.410089197],[35.58910147,5.413256602],[35.588842646,5.413161245],[35.588414343,5.413280217],[35.588033627,5.4138037],[35.587557737,5.414160617],[35.586907844,5.415476014],[35.583919894,5.418499094],[35.583703008,5.418253291],[35.583108146,5.418086727],[35.582275331,5.417563246],[35.581918414,5.417777397],[35.581823236,5.418848155],[35.582084975,5.419347842],[35.582108769,5.419776145],[35.581728055,5.419799939],[35.581323547,5.419609582],[35.580300379,5.418300879],[35.580062433,5.416778026],[35.579776897,5.416421105],[35.579242849,5.416318843],[35.578515784,5.416492488],[35.578111278,5.416849408],[35.577564,5.417039765],[35.577516409,5.417468067],[35.576326679,5.417301507],[35.575898376,5.416992178],[35.575826992,5.416635256],[35.575612841,5.416492488],[35.575276664,5.417068564],[35.570629826,5.414267171],[35.569961289,5.414320385],[35.568688609,5.413589549],[35.567779289,5.412131046],[35.566499506,5.412042896],[35.564595938,5.412542583],[35.563929687,5.412923297],[35.561550226,5.413232627],[35.560312906,5.413541957],[35.559646657,5.414945839],[35.559313533,5.415136196],[35.557219607,5.415064813],[35.556981661,5.414850662],[35.557290991,5.413541957],[35.55702925,5.412875708],[35.556291618,5.412661556],[35.55567296,5.413208832],[35.555339834,5.413304011],[35.555173271,5.413541957],[35.55579193,5.414017852],[35.555768137,5.414755484],[35.555411217,5.41520758],[35.555558734,5.415452331],[35.554804424,5.415510928],[35.553864569,5.414350974],[35.553150729,5.413827492],[35.552056179,5.414541333],[35.551675463,5.41463651],[35.551058901,5.415801879],[35.550169817,5.415870943],[35.549744817,5.416221721],[35.549248413,5.415992802],[35.548344217,5.416587667],[35.547582792,5.416159364],[35.545940962,5.416302132],[35.545703016,5.416516283],[35.54510815,5.416563875],[35.544775026,5.417753603],[35.544917795,5.418348469],[35.544679848,5.419942707],[35.544288739,5.420724926],[35.543207079,5.42161768],[35.537242986,5.422333373],[35.536875215,5.421727303],[35.536185172,5.422274579],[35.535590306,5.422155606],[35.534257808,5.421346591],[35.533234642,5.421536946],[35.532830132,5.421465564],[35.53230665,5.42165592],[35.532021115,5.422012838],[35.531045536,5.422274579],[35.530403081,5.42284565],[35.529760627,5.42284565],[35.529475092,5.422583909],[35.52940371,5.421965249],[35.528666077,5.420965875],[35.527833264,5.421037262],[35.526591344,5.422674747],[35.525384468,5.422594289],[35.524644786,5.419871324],[35.52466858,5.419109898],[35.524406842,5.418895746],[35.519100644,5.419181279],[35.518743723,5.418729182],[35.518077473,5.418752976],[35.517553992,5.419157485],[35.516221496,5.421941454],[35.515412477,5.422464936],[35.514484487,5.422869444],[35.513939451,5.423455988],[35.513366144,5.423321542],[35.512319178,5.422774266],[35.511890875,5.422821856],[35.511438779,5.422631501],[35.51098668,5.422655292],[35.51067735,5.42310739],[35.510572508,5.424017145],[35.509796949,5.424130558],[35.50944003,5.423511898],[35.508726192,5.423154982],[35.508059943,5.423392925],[35.507179544,5.423131185],[35.505526671,5.423739986],[35.504791236,5.423537107],[35.504324192,5.423154982],[35.504300395,5.422726678],[35.504776286,5.422298375],[35.504966643,5.421774894],[35.5042766,5.420442394],[35.503515172,5.41984753],[35.502801334,5.419657175],[35.501897139,5.419990296],[35.501682987,5.420252037],[35.50087397,5.420323421],[35.500350489,5.420085478],[35.499232142,5.418586417],[35.499089375,5.41772981],[35.498661072,5.417301507],[35.498327947,5.417230121],[35.498113796,5.416968381],[35.498375536,5.416801818],[35.498113796,5.416563875],[35.497637903,5.416873204],[35.497043038,5.418134317],[35.49663853,5.418372265],[35.496115049,5.418372265],[35.495129857,5.417140996],[35.494449426,5.417468067],[35.493473849,5.41856262],[35.492641035,5.41856262],[35.491998584,5.418372265],[35.491308537,5.418871949],[35.490451931,5.418848155],[35.489976042,5.418229495],[35.489523942,5.41789637],[35.486716177,5.416944586],[35.486502026,5.415992802],[35.485859571,5.415945212],[35.485050555,5.41639731],[35.484669841,5.416230749],[35.483384935,5.414850662],[35.483028013,5.414707893],[35.482528329,5.415136196],[35.482456942,5.415992802],[35.482004848,5.415969007],[35.480672346,5.415112401],[35.480101276,5.414184411],[35.48012507,5.413613341],[35.478982929,5.411781158],[35.478459448,5.411471829],[35.47769802,5.41149562],[35.47738869,5.411781158],[35.476294138,5.411733566],[35.474676105,5.412423613],[35.474342983,5.412613968],[35.47341499,5.412447405],[35.47310566,5.411638388],[35.472915304,5.411019729],[35.472296644,5.410305891],[35.471749368,5.410472452],[35.47134486,5.410805578],[35.471059324,5.410139328],[35.471654189,5.409354105],[35.471630395,5.408640267],[35.470610543,5.407280401],[35.468836518,5.405560856],[35.467994701,5.40379681],[35.462636034,5.400026618],[35.462683621,5.399645906],[35.462897773,5.399431754],[35.462897773,5.398955861],[35.461898401,5.399526932],[35.461530095,5.39931688],[35.461493891,5.397647159],[35.460875231,5.39714747],[35.460090011,5.396980909],[35.459280992,5.396576402],[35.458393237,5.397143055],[35.457446458,5.396486942],[35.457520192,5.395267696],[35.457173605,5.393911191],[35.456853942,5.394173144],[35.456140104,5.392983414],[35.45602113,5.392626496],[35.454141359,5.392079219],[35.453260956,5.391222613],[35.453070601,5.39079431],[35.452642298,5.390366007],[35.451833279,5.390366007],[35.451547744,5.390675337],[35.451199749,5.392355828],[35.445090093,5.388486379],[35.444528334,5.386725431],[35.443433782,5.385654674],[35.443053068,5.384917041],[35.44110191,5.383989051],[35.439126958,5.383584543],[35.43862727,5.383132445],[35.438436914,5.382727937],[35.437984819,5.382442402],[35.436747496,5.382418608],[35.435652944,5.381704772],[35.435533974,5.381371646],[35.435605355,5.380586422],[35.435438796,5.380205711],[35.434796341,5.380800573],[35.43413009,5.380634014],[35.433749375,5.380205711],[35.433796965,5.379610843],[35.432535851,5.378944594],[35.431988574,5.378159372],[35.431369915,5.378111782],[35.430965409,5.377635891],[35.43103679,5.377255176],[35.431679245,5.376874463],[35.431845807,5.376350982],[35.430584692,5.375756116],[35.429347373,5.375732323],[35.427610366,5.375066072],[35.427229654,5.373876342],[35.426872733,5.373233887],[35.424778808,5.372948352],[35.424064969,5.373162504],[35.423007462,5.372401155],[35.422803855,5.371901391],[35.423065596,5.371586113],[35.422391386,5.371392149],[35.422080933,5.371621611],[35.414305373,5.365079585],[35.412553002,5.364953465],[35.412112116,5.364539298],[35.4115696,5.364567855],[35.411194181,5.36485567],[35.409600978,5.364741006],[35.409056887,5.363497097],[35.40860003,5.363368603],[35.408214557,5.363468541],[35.407871916,5.363896844],[35.407129523,5.363839737],[35.406558453,5.36338288],[35.405987384,5.363939674],[35.405830338,5.36441081],[35.404710274,5.364389018],[35.404531154,5.363482817],[35.40340329,5.362669042],[35.402646622,5.361698222],[35.402204039,5.36184099],[35.402018441,5.362083694],[35.401661522,5.362083694],[35.401147561,5.361798159],[35.399362962,5.361983757],[35.397835348,5.361798159],[35.397064405,5.361812436],[35.396497613,5.361418147],[35.396036476,5.361769605],[35.395194147,5.361384133],[35.394780121,5.362569104],[35.393878965,5.362788906],[35.390211555,5.361084322],[35.389654763,5.36051325],[35.388421352,5.360265358],[35.37767155,5.355294752],[35.371707013,5.354943317],[35.371235071,5.354314055],[35.370922705,5.354195572],[35.370366852,5.354369958],[35.368867791,5.354191498],[35.368425447,5.353877577],[35.368189644,5.35401304],[35.367190273,5.35404873],[35.366583508,5.354548419],[35.365726902,5.353584737],[35.365120139,5.353477661],[35.36547706,5.353977347],[35.365120139,5.353870271],[35.36476322,5.353441968],[35.364263533,5.352406903],[35.363121392,5.35137184],[35.362407556,5.351336145],[35.360801419,5.350550923],[35.360158964,5.350622309],[35.356946691,5.3493374],[35.356090085,5.348659251],[35.355304862,5.348373717],[35.35430549,5.348266641],[35.353341807,5.348694945],[35.352913504,5.349622933],[35.35227105,5.350265387],[35.351235986,5.35012262],[35.349201546,5.349408781],[35.348023712,5.349408781],[35.34706003,5.349230324],[35.346831782,5.349372978],[35.346101127,5.349153781],[35.345882197,5.348909096],[35.345395821,5.348942192],[35.344448173,5.348657895],[35.344204678,5.348195256],[35.34370499,5.347802645],[35.342420084,5.347981105],[35.341028098,5.347517111],[35.340939817,5.347605392],[35.321027723,5.34163176],[35.31368809,5.346267896],[35.313045635,5.345803898],[35.312760102,5.346446353],[35.312260413,5.34616082],[35.312022515,5.345227519],[35.309917265,5.348326915],[35.29997834,5.353507365],[35.295071,5.365172],[35.293919003,5.371593],[35.294061256,5.373310116],[35.291772252,5.375816683],[35.289487967,5.380575605],[35.289487967,5.384192386],[35.290249394,5.389141668],[35.291391536,5.394090944],[35.293295105,5.398278798],[35.293485461,5.402085934],[35.292914391,5.406273784],[35.292914391,5.424167331],[35.29367582,5.42968768],[35.296721528,5.432923749],[35.299247492,5.434818222],[35.302727049,5.444039047],[35.305011332,5.456221889],[35.30704129,5.458338226],[35.307381515,5.463951919],[35.306810443,5.469852982],[35.307952584,5.473089049],[35.307952584,5.476896187],[35.306239372,5.482797252],[35.308333299,5.485081533],[35.310113981,5.488781148],[35.312140436,5.494218663],[35.314234361,5.498406515],[35.312140436,5.502784725],[35.30682359,5.50498927],[35.29735806,5.496219482],[34.792327397,5.009877895],[34.37846,4.611326001],[34.213388626,4.448501073],[34.08485,4.302599001],[33.994954104,4.235003934],[33.988520032,4.23139091],[34.048133834,4.176470183],[34.06644437,4.141325461],[34.050289846,4.118431816],[34.063897523,4.091513211],[34.077655,4.084510884],[34.080505234,4.082773223],[34.092378887,4.058596711],[34.092114455,4.046392323],[34.088377316,4.033943518],[34.066212522,4.02745218],[34.059593887,4.025014811],[34.060810547,4.006830444],[34.08287526,3.9995782],[34.106453534,3.973957119],[34.135399429,3.958658903],[34.134776027,3.95536387],[34.134516838,3.953077198],[34.134909571,3.952700074],[34.126857317,3.922336699],[34.120686258,3.898153838],[34.11707609,3.894760386],[34.09219816,3.882562269],[34.090282969,3.865641593],[34.089193042,3.858580793],[34.093422052,3.857204978],[34.098953234,3.860033772],[34.102043943,3.861838814],[34.110178712,3.86573648],[34.120094797,3.867606293],[34.121174837,3.868000906],[34.128567349,3.869457239],[34.153351077,3.866110013],[34.15985108,3.866714241],[34.167673527,3.867194491],[34.171454874,3.873903404],[34.175753273,3.877003658],[34.205332894,3.87941696],[34.216330482,3.878173612],[34.225821926,3.849435774],[34.226769451,3.828320967],[34.180819947,3.828876794],[34.16935464,3.815630041],[34.164659816,3.807785075],[34.159034367,3.80484656],[34.153931356,3.804278532],[34.15452384,3.797253887],[34.15982639,3.798721687],[34.162752877,3.797002276],[34.164238303,3.795042341],[34.171326943,3.797565923],[34.176773528,3.796266282],[34.189405387,3.79244833],[34.189784784,3.79082966],[34.188989179,3.787556583],[34.190903921,3.780141985],[34.166830643,3.770829208],[34.17163501,3.765021998],[34.176867048,3.765757771],[34.186553385,3.768222782],[34.21270802,3.777932237],[34.22109832,3.781501291],[34.22677776,3.779862561],[34.227587913,3.778774284],[34.227577597,3.771436186],[34.229734254,3.771433128],[34.233938029,3.778083871],[34.236142732,3.778172999],[34.240187333,3.780197203],[34.246343187,3.781203342],[34.258435921,3.763736943],[34.258718862,3.76383829],[34.259235921,3.762318019],[34.261784893,3.757563564],[34.267205485,3.745552667],[34.271272905,3.741116266],[34.278531667,3.73419869],[34.284054721,3.728077633],[34.287002611,3.726406149],[34.29823904,3.718424264],[34.308677149,3.709014077],[34.309623043,3.703419926],[34.30639457,3.69135672],[34.305448135,3.68730914],[34.30511675,3.686606877],[34.305131838,3.683137831],[34.308297195,3.683454154],[34.310090991,3.690395379],[34.312040775,3.695854769],[34.315238418,3.700378265],[34.318046105,3.705369707],[34.31843606,3.71160901],[34.3202362,3.719808825],[34.326252568,3.7254055],[34.355563792,3.732487845],[34.365831733,3.732471882],[34.373932908,3.729201866],[34.383113123,3.724844324],[34.39498669,3.715053586],[34.399299622,3.708532144],[34.403613352,3.702553565],[34.405666087,3.690058473],[34.423121027,3.685768724],[34.456511919,3.67363107],[34.463983496,3.666812595],[34.45581598,3.617059584],[34.455861242,3.61671431],[34.453875557,3.608459906],[34.457435213,3.572781387],[34.453429556,3.535463483],[34.452256328,3.514440868],[34.44041451,3.501561985],[34.425533643,3.489026854],[34.396817759,3.485336646],[34.39175821,3.49009592],[34.389730069,3.489080704],[34.39174373,3.48025304],[34.404559821,3.467336419],[34.417365991,3.447971044],[34.420042374,3.430657308],[34.410563071,3.415398042],[34.405307139,3.412623819],[34.402452788,3.412355296],[34.401066019,3.387580433],[34.401375498,3.367894221],[34.415542394,3.355654966],[34.428712478,3.342085557],[34.430376963,3.338323591],[34.433404086,3.329834028],[34.438771088,3.304710222],[34.448191352,3.280259438],[34.450859689,3.257176133],[34.452838778,3.224251199],[34.456152469,3.179305608],[34.461349232,3.171241186],[34.471333187,3.169920447],[34.476880647,3.166508349],[34.482802666,3.162437218],[34.489541568,3.152584966],[34.495599266,3.138660974],[34.51282948,3.146102721],[34.537464911,3.137921136],[34.546574926,3.133834953],[34.559703807,3.10768263],[34.563372303,3.104807501],[34.565323999,3.10178946],[34.573059789,3.0887047],[34.575609621,3.066197816],[34.573501526,3.047376226],[34.574642309,3.042470024],[34.576493226,3.032514011],[34.577332861,3.017799229],[34.585138543,3.00790669],[34.588141891,3.001122567],[34.588920881,2.987946626],[34.589539342,2.979415397],[34.598925774,2.925592763],[34.599626492,2.922306321],[34.59979878,2.921987666],[34.614271954,2.916003873],[34.623090671,2.912155722],[34.632226051,2.908336032],[34.640050691,2.904040601],[34.650171915,2.875311411],[34.653654733,2.864871355],[34.66922806,2.860432663],[34.685732535,2.861353497],[34.693143494,2.86018207],[34.70250558,2.874990706],[34.704121981,2.873791949],[34.707736136,2.871800608],[34.709114772,2.870745777],[34.712469824,2.862569793],[34.716000125,2.86092975],[34.721970166,2.858332454],[34.732578331,2.855038497],[34.737107347,2.852292064],[34.743547246,2.838536674],[34.749878001,2.823453616],[34.750266075,2.823013156],[34.750789172,2.822749177],[34.752702022,2.823140931],[34.755770361,2.825704057],[34.762909575,2.818246629],[34.766728904,2.810794274],[34.767746898,2.80848173],[34.767989141,2.79975095],[34.773083724,2.791269591],[34.776138828,2.785102335],[34.778921657,2.767637381],[34.780957615,2.763012353],[34.784261538,2.752479595],[34.784893212,2.745833157],[34.784551438,2.739995799],[34.782248646,2.727366471],[34.778117636,2.705786211],[34.77710469,2.699751803],[34.77617015,2.695183347],[34.790290889,2.681768013],[34.791179129,2.680687664],[34.791622661,2.679739551],[34.793223947,2.67409195],[34.794964983,2.669381737],[34.799949502,2.653140949],[34.809450678,2.642623754],[34.832372994,2.618186343],[34.839295426,2.60152433],[34.848265189,2.588088808],[34.852944394,2.580881029],[34.869006807,2.567890228],[34.879107715,2.569705543],[34.881285607,2.586724555],[34.894624312,2.590161631],[34.898066468,2.585323759],[34.905915727,2.544557211],[34.913756312,2.513886912],[34.933819628,2.513247091],[34.935454351,2.50879484],[34.937542144,2.497205207],[34.948444417,2.47163237],[34.949302753,2.469508476],[34.952829476,2.469680604],[34.954203495,2.468347205],[34.954898888,2.466204058],[34.952281482,2.460671811],[34.95251943,2.458708756],[34.953649671,2.456031861],[34.951865077,2.454961103],[34.95022899,2.453360683],[34.94884316,2.454092601],[34.947225127,2.453093228],[34.947129948,2.452141444],[34.946505812,2.451598796],[34.945892628,2.451927293],[34.945416736,2.453117022],[34.944322186,2.452450774],[34.943536962,2.451617962],[34.941776163,2.450713766],[34.942037902,2.449405063],[34.943302131,2.448873113],[34.94363214,2.447858414],[34.943121332,2.446126652],[34.939896387,2.448381895],[34.9393967,2.447882209],[34.940039154,2.446668682],[34.939872595,2.445931049],[34.938659067,2.445098239],[34.938135585,2.444527168],[34.937754872,2.443266052],[34.936565143,2.442647394],[34.936017866,2.441671814],[34.936707909,2.439411327],[34.937255185,2.438649899],[34.936422374,2.437650526],[34.935875098,2.436365616],[34.934875727,2.435627984],[34.934518805,2.43705566],[34.933804969,2.437079455],[34.933114923,2.43648459],[34.931401711,2.437198428],[34.931044794,2.436294234],[34.931330327,2.430369375],[34.932163138,2.430083838],[34.932044165,2.429013081],[34.930164391,2.427632995],[34.929141223,2.426252906],[34.928118055,2.42703813],[34.925524442,2.426609827],[34.925381675,2.425753221],[34.926262078,2.425063177],[34.922050429,2.424468312],[34.921312796,2.423802061],[34.920741729,2.422826483],[34.917767399,2.421517781],[34.917124948,2.422636127],[34.916315928,2.422588537],[34.916482493,2.420423228],[34.916434901,2.419043141],[34.916006598,2.417758231],[34.916720436,2.416925421],[34.917243918,2.416806447],[34.916387312,2.414998057],[34.916387312,2.413213462],[34.916910793,2.412118908],[34.916625258,2.409739448],[34.915959009,2.409168378],[34.916768026,2.407764495],[34.915554501,2.407074452],[34.91605419,2.406170256],[34.91586383,2.404861553],[34.914412359,2.402743833],[34.914007851,2.401149594],[34.914745484,2.399103257],[34.914697895,2.397651785],[34.914793073,2.395914779],[34.914555129,2.394939201],[34.914793073,2.394272952],[34.914626511,2.393630497],[34.915625887,2.392726302],[34.917291507,2.392131436],[34.920189524,2.390343892],[34.91865597,2.387993638],[34.918549784,2.387428361],[34.920967891,2.370338431],[34.930061571,2.31487869],[34.937771208,2.263145676],[34.941869947,2.236844861],[34.942846907,2.229867493],[34.946276625,2.208648804],[34.949139606,2.194142619],[34.951534657,2.183496609],[34.953061821,2.175728388],[34.957043299,2.157663224],[34.960386826,2.141776626],[34.968277269,2.106051592],[34.973488507,2.083486486],[34.976698789,2.068302836],[34.978901314,2.058371449],[34.982193578,2.022747456],[34.982355324,2.018552201],[34.984803784,1.994854194],[34.985110872,1.987139908],[34.987259687,1.982527984],[34.988425151,1.977454017],[34.998536269,1.962984251],[35.000964968,1.959708831],[35.001031868,1.758758256],[34.999560523,1.744356529],[34.997605362,1.728951869],[34.996701801,1.719327422],[34.996012425,1.709964608],[34.993809916,1.67984028],[34.992363623,1.665822962],[34.992277445,1.663621799],[34.991998951,1.661656053],[34.988718354,1.654358995],[34.975279975,1.629226524],[34.972355934,1.622475812],[34.96636735,1.611067575],[34.961544896,1.602192884],[34.961089568,1.60120187],[34.957417883,1.59563209],[34.953812862,1.589916268],[34.952231587,1.586686511],[34.94706098,1.577819073],[34.944429547,1.573909564],[34.938019309,1.569581094],[34.924264898,1.559813837],[34.90936912,1.551635674],[34.907362094,1.550338683],[34.906335553,1.550011015],[34.902892033,1.550741779],[34.890990617,1.552559923],[34.878274662,1.538910191],[34.873629332,1.534540548],[34.864836169,1.525644217],[34.861132304,1.512995497],[34.859985716,1.508638318],[34.854886203,1.491037875],[34.84898304,1.46967447],[34.846736409,1.460474838],[34.845301363,1.454936343],[34.844997729,1.454412362],[34.842468853,1.45177761],[34.837173782,1.451069938],[34.833985536,1.45024315],[34.831831022,1.449079059],[34.827660715,1.445201507],[34.827157383,1.444122411],[34.826624791,1.442831524],[34.825138369,1.44097832],[34.823767995,1.438428643],[34.821042163,1.432468557],[34.819594459,1.430419686],[34.817454658,1.428160112],[34.816350116,1.427456781],[34.807367689,1.423950675],[34.805026697,1.422896211],[34.801557332,1.420488957],[34.799550082,1.418690884],[34.798554059,1.41756492],[34.796133321,1.413912708],[34.794607158,1.41087794],[34.794559262,1.409250454],[34.795606964,1.406816179],[34.797299875,1.404264035],[34.799265491,1.402486321],[34.800042191,1.401499825],[34.800631855,1.399918789],[34.80168045,1.398642562],[34.802503283,1.396983113],[34.802782482,1.396075238],[34.803636517,1.394556618],[34.805700765,1.389594225],[34.806987952,1.385148861],[34.807257021,1.381134643],[34.806890934,1.380235111],[34.793844148,1.368312488],[34.787466043,1.363623537],[34.789402633,1.361587829],[34.790679664,1.360140014],[34.79166409,1.359406806],[34.792562022,1.357895978],[34.795213367,1.354430588],[34.799338637,1.34848637],[34.803599168,1.34169205],[34.80467519,1.340298662],[34.806416529,1.337213776],[34.808177595,1.334996989],[34.809478726,1.332744375],[34.810712005,1.331387046],[34.811729507,1.32983094],[34.814606728,1.32660055],[34.815673179,1.325180051],[34.817503467,1.323189295],[34.82133829,1.317136888],[34.824254653,1.313707553],[34.826133419,1.311988058],[34.82826676,1.309002405],[34.829401866,1.307798897],[34.829832002,1.307029952],[34.830216885,1.303104153],[34.830733841,1.30163082],[34.830808862,1.300545648],[34.830454165,1.299252807],[34.830514725,1.298357539],[34.829046802,1.294334621],[34.829002953,1.29348464],[34.829289612,1.292308887],[34.82903321,1.2910431],[34.828737615,1.286474966],[34.828737615,1.282489367],[34.829622082,1.278202082],[34.829755397,1.272188613],[34.830109306,1.271600585],[34.830758167,1.271238417],[34.831343774,1.269591004],[34.831894036,1.268955033],[34.832036976,1.268607578],[34.831206308,1.268034142],[34.831471557,1.266965534],[34.831027846,1.266517235],[34.829428075,1.265475879],[34.82935949,1.264963804],[34.828023779,1.264405464],[34.827645222,1.263445851],[34.82700676,1.263428218],[34.826625845,1.26372137],[34.825703802,1.263275219],[34.825716889,1.262562869],[34.825566985,1.262041767],[34.823889463,1.261749092],[34.823643747,1.26125521],[34.823036427,1.261274392],[34.822212529,1.260812038],[34.8214755,1.260855605],[34.82061288,1.260027945],[34.82052083,1.259647398],[34.819952646,1.259104322],[34.819362539,1.257714718],[34.819495789,1.256820041],[34.819115076,1.255811149],[34.818734361,1.255354292],[34.818639183,1.254269257],[34.81829654,1.253374579],[34.818258469,1.25267026],[34.818826997,1.252165279],[34.818106185,1.249872012],[34.819129354,1.248532863],[34.819145886,1.247889345],[34.818461878,1.247641108],[34.817483516,1.247499523],[34.816824675,1.247165673],[34.816356835,1.246084695],[34.81598282,1.245591317],[34.813810794,1.245557563],[34.81353027,1.245169901],[34.813564677,1.244253117],[34.813470572,1.244052247],[34.813207505,1.243890067],[34.81305489,1.243564286],[34.812319334,1.243038202],[34.812300299,1.242600381],[34.812640559,1.241914845],[34.812254891,1.241456732],[34.81136755,1.241401133],[34.811215264,1.240772955],[34.811272371,1.239345279],[34.811957656,1.238279279],[34.81207187,1.237517853],[34.811310443,1.23673739],[34.810323407,1.236146049],[34.809483017,1.235899819],[34.809494631,1.235006053],[34.808255918,1.233667021],[34.807729738,1.232633085],[34.806946049,1.230706069],[34.807087873,1.230430351],[34.806285023,1.228837577],[34.802135241,1.225601511],[34.80143135,1.225630841],[34.801175393,1.225398146],[34.801033325,1.224833404],[34.800530898,1.224387114],[34.799946139,1.22459262],[34.799546388,1.224440334],[34.797352622,1.221368634],[34.796932009,1.221028069],[34.796652963,1.220366698],[34.795576417,1.21951279],[34.793759538,1.219319734],[34.793055218,1.219452985],[34.792503186,1.219757554],[34.791361042,1.219472021],[34.78867701,1.219833698],[34.788315332,1.220062126],[34.787647588,1.21976494],[34.786830548,1.219757554],[34.786830548,1.220442841],[34.786487906,1.220766445],[34.785669371,1.220956803],[34.784336876,1.222022802],[34.783765802,1.222003766],[34.781891015,1.220426986],[34.779977702,1.219738519],[34.778740381,1.219510092],[34.777350776,1.220233447],[34.776989097,1.220899696],[34.775865992,1.220385734],[34.774476388,1.220804518],[34.772442171,1.217835746],[34.770467946,1.216743969],[34.769032181,1.21629306],[34.766367184,1.217244844],[34.761988975,1.217987235],[34.761246583,1.218386985],[34.756544768,1.218958056],[34.752985095,1.217815915],[34.751386097,1.217587487],[34.750530544,1.21698248],[34.74788353,1.217853986],[34.74669728,1.217401565],[34.74594189,1.217911093],[34.744537658,1.218114775],[34.742420288,1.218158557],[34.742028979,1.217817439],[34.741735005,1.217225808],[34.741030683,1.217416165],[34.740649969,1.217282915],[34.740992612,1.216312095],[34.739888544,1.21619788],[34.739540395,1.2165098],[34.739336506,1.216978344],[34.738098674,1.216949375],[34.737223547,1.216787989],[34.73636694,1.216216916],[34.735662618,1.216388238],[34.735339014,1.217035451],[34.73455855,1.216902202],[34.733816157,1.216312095],[34.73350388,1.215699839],[34.730609975,1.215544164],[34.728848387,1.215817876],[34.727635559,1.215368563],[34.726635892,1.215501493],[34.723599023,1.214416917],[34.722260527,1.21458574],[34.721562747,1.214916972],[34.720717955,1.21479194],[34.719197476,1.214195845],[34.71811637,1.214038479],[34.717502572,1.213361563],[34.714191439,1.212892954],[34.712497021,1.212946132],[34.711188288,1.212422455],[34.710568337,1.212422851],[34.708846271,1.212740465],[34.705476556,1.212541053],[34.704133183,1.212707442],[34.703541925,1.21280714],[34.703012849,1.213089134],[34.701548689,1.213071595],[34.699298076,1.211659664],[34.697667385,1.211381853],[34.697229566,1.211610279],[34.696610824,1.210734387],[34.696006837,1.21044689],[34.694621676,1.210772709],[34.69081454,1.209706711],[34.688130508,1.209059498],[34.685617795,1.209002391],[34.682001014,1.208431322],[34.677013664,1.206984608],[34.675624059,1.207022679],[34.67415831,1.206470645],[34.672045349,1.206223181],[34.670351173,1.205785361],[34.669393139,1.204700589],[34.668748858,1.203545087],[34.668637961,1.20247315],[34.668143035,1.200721866],[34.66629573,1.196290042],[34.665949907,1.194595238],[34.665078287,1.192688807],[34.664849859,1.190042846],[34.660766464,1.186675675],[34.657525022,1.184924714],[34.656998434,1.183851856],[34.655991091,1.181260509],[34.655345247,1.180611225],[34.652793124,1.179743886],[34.651609789,1.178937077],[34.649577535,1.176395398],[34.64779266,1.175580768],[34.644386117,1.174614082],[34.642604682,1.173513007],[34.64149307,1.172568083],[34.640008288,1.170969086],[34.63793419,1.169408876],[34.636008921,1.168719723],[34.635058576,1.168661674],[34.63429758,1.168779983],[34.631594672,1.167432411],[34.629348301,1.166686058],[34.6255602,1.166533771],[34.624113487,1.166134021],[34.622876168,1.16539163],[34.62131524,1.165106095],[34.62079672,1.163985149],[34.618066791,1.161812648],[34.616800503,1.159831144],[34.615887253,1.159178433],[34.615198522,1.1582887],[34.613261408,1.156854121],[34.611169219,1.156425821],[34.609722506,1.155740536],[34.607818938,1.155588251],[34.606848117,1.155359821],[34.605891931,1.154560588],[34.60317423,1.153836967],[34.601480053,1.153551432],[34.600147556,1.153151683],[34.598263024,1.15294229],[34.596162244,1.151760762],[34.592998453,1.150775606],[34.591600531,1.150524758],[34.590613678,1.149715642],[34.588964534,1.149067618],[34.587755322,1.149116117],[34.586926114,1.148876102],[34.585356829,1.14896383],[34.583948185,1.148887688],[34.582520508,1.148031081],[34.581787177,1.147984229],[34.580662595,1.147466892],[34.578049501,1.146938911],[34.577506985,1.146667652],[34.577571229,1.146018059],[34.576895224,1.144761703],[34.576980887,1.144133525],[34.576595412,1.14380516],[34.5762956,1.141463771],[34.576224219,1.140136031],[34.57673818,1.137594767],[34.576524028,1.135153439],[34.576723903,1.133026202],[34.577723277,1.131941168],[34.57825886,1.130008446],[34.577109376,1.127558199],[34.576995162,1.12627329],[34.577480572,1.124074669],[34.57657295,1.112398339],[34.575370197,1.099882262],[34.575205435,1.099457289],[34.534358686,1.10351001],[34.533949052,1.103857007],[34.533460703,1.103523544],[34.527484235,1.104051544],[34.526752846,1.103393823],[34.526581521,1.103051179],[34.527048607,1.101541876],[34.526752105,1.101231654],[34.523654785,1.10031004],[34.523340696,1.099981674],[34.523112269,1.098354123],[34.522441259,1.097897267],[34.522255662,1.097240535],[34.521544016,1.097134951],[34.521527546,1.096398206],[34.519410252,1.092034935],[34.519107634,1.091615491],[34.519200433,1.091294262],[34.519007697,1.09068036],[34.519243265,1.089895139],[34.519600183,1.089809479],[34.519033001,1.088961638],[34.518797394,1.088457914],[34.518750718,1.086732837],[34.518929175,1.086261703],[34.518786407,1.085876231],[34.517672819,1.084662705],[34.517316767,1.084447935],[34.517036142,1.083843444],[34.516730553,1.083684746],[34.51608096,1.083013738],[34.516052406,1.08265682],[34.515731179,1.081885874],[34.514911769,1.08000027],[34.513717548,1.078262353],[34.513689602,1.078038286],[34.513438744,1.077968544],[34.513239884,1.077488631],[34.512929419,1.077271725],[34.512825857,1.076967528],[34.512476078,1.077067466],[34.512461803,1.076681993],[34.510396393,1.075567359],[34.508685595,1.07413359],[34.508642765,1.073576797],[34.507821851,1.072798712],[34.50716512,1.071735093],[34.506379897,1.070657197],[34.506115777,1.070707166],[34.505812455,1.070156154],[34.505152096,1.069636408],[34.50460244,1.068758386],[34.503610206,1.067858951],[34.503474576,1.067173667],[34.502846401,1.06658832],[34.502974889,1.066017247],[34.503481714,1.065538976],[34.502832121,1.064839415],[34.502939197,1.063504537],[34.502468067,1.062826392],[34.502339573,1.06243378],[34.502425235,1.062241044],[34.501916029,1.061108419],[34.500811961,1.060099528],[34.499888728,1.058224513],[34.499908797,1.0575856],[34.500678712,1.056273356],[34.500869067,1.055273982],[34.500621602,1.054655321],[34.499242443,1.0534075],[34.497775263,1.051508929],[34.497439731,1.049763559],[34.497419916,1.048244143],[34.496998965,1.04700213],[34.496976268,1.046374798],[34.496262431,1.045889388],[34.496062353,1.043978798],[34.495662805,1.043348123],[34.495777021,1.042910301],[34.495053663,1.042424891],[34.494440143,1.041399461],[34.494435005,1.040997216],[34.493797308,1.040464217],[34.49361647,1.040016878],[34.49392104,1.038170417],[34.493762894,1.037456142],[34.493255376,1.03657005],[34.493078726,1.03590086],[34.493369008,1.034344244],[34.493248811,1.033725478],[34.493473701,1.033316315],[34.493101673,1.032714931],[34.493235755,1.032183693],[34.493121541,1.031907674],[34.492820186,1.031840124],[34.492483845,1.031089139],[34.492569508,1.03011832],[34.491979399,1.029195089],[34.491907678,1.028331392],[34.492179276,1.027348627],[34.492054596,1.026995394],[34.492141205,1.026482503],[34.491979399,1.025016755],[34.491406595,1.024361206],[34.491370257,1.023636668],[34.491024376,1.022172921],[34.491159007,1.020861204],[34.490835527,1.01961325],[34.490892678,1.017480421],[34.489610494,1.015417292],[34.489432282,1.014992296],[34.489629471,1.012713054],[34.489609698,1.011220761],[34.48935512,1.010160837],[34.489248309,1.009119204],[34.489039045,1.008552973],[34.488739577,1.008218472],[34.488714808,1.005867341],[34.488549757,1.005118744],[34.488563366,1.003130873],[34.488777156,1.000693642],[34.488284006,0.999842619],[34.488247693,0.99925602],[34.487877097,0.998613315],[34.487739207,0.997827088],[34.488319839,0.996843289],[34.489311099,0.995474864],[34.489239649,0.99518548],[34.488597425,0.994398923],[34.488454044,0.992743891],[34.488844539,0.989442563],[34.488701053,0.987543336],[34.488736586,0.986629849],[34.489056838,0.98572528],[34.489021286,0.985336392],[34.489412903,0.984540322],[34.489697446,0.982894143],[34.489554315,0.981781763],[34.490124322,0.980560532],[34.490088734,0.980090248],[34.489517692,0.978978064],[34.488946683,0.977938231],[34.488910195,0.976699184],[34.488517117,0.974185059],[34.488516976,0.973868508],[34.488124223,0.973362205],[34.488017274,0.972792466],[34.488230756,0.971716106],[34.48808796,0.971354397],[34.487552553,0.970811979],[34.487231287,0.969772075],[34.486803236,0.969093905],[34.487052067,0.967945174],[34.486694953,0.966742446],[34.486124229,0.966344747],[34.485945728,0.965232383],[34.485945199,0.964011409],[34.485588187,0.963043828],[34.485498649,0.962505721],[34.484446156,0.960891795],[34.484088878,0.959309204],[34.483481973,0.958341734],[34.483303179,0.956532958],[34.48355188,0.955058632],[34.483230349,0.953014764],[34.483301313,0.952191704],[34.482515978,0.950247528],[34.4818024,0.949316274],[34.481376557,0.947873213],[34.48151539,0.945246471],[34.480608425,0.943323666],[34.480087698,0.942117762],[34.480397226,0.940472517],[34.480656563,0.938138033],[34.480656206,0.937287872],[34.480085042,0.935822941],[34.479906045,0.934819099],[34.479335211,0.934131976],[34.478407748,0.933345516],[34.477872771,0.932450358],[34.476660289,0.929592874],[34.475257171,0.927413788],[34.474709478,0.925650374],[34.472616587,0.923028401],[34.47149728,0.918651418],[34.46952313,0.916626305],[34.469190403,0.915930031],[34.46800094,0.914356809],[34.467002187,0.913615583],[34.466597171,0.911915415],[34.465764763,0.910088798],[34.46469439,0.908605963],[34.462886883,0.907593734],[34.461793445,0.907386162],[34.460176028,0.905686478],[34.45939135,0.905243623],[34.458963077,0.904330317],[34.458082666,0.901816337],[34.457060227,0.900812824],[34.455823376,0.900071681],[34.453351151,0.899475748],[34.451733929,0.898246357],[34.451234443,0.89759536],[34.450972097,0.89592225],[34.452396993,0.89220443],[34.452538895,0.890332184],[34.452348656,0.889237885],[34.452443213,0.888351496],[34.451967083,0.887103556],[34.451585906,0.884535097],[34.450657708,0.881804052],[34.44854063,0.878901626],[34.447588977,0.876478093],[34.447445763,0.874976775],[34.447040905,0.873575049],[34.447110928,0.870201451],[34.447705192,0.869088755],[34.447898203,0.865715112],[34.447683334,0.864783617],[34.447374344,0.864431006],[34.447207071,0.863137717],[34.447135644,0.862848321],[34.447277318,0.861794684],[34.44718221,0.861247442],[34.446539979,0.860270887],[34.444743612,0.859023444],[34.444495445,0.85902354],[34.444234229,0.858788485],[34.443971535,0.857594716],[34.443805176,0.857233005],[34.443780689,0.856328568],[34.443524505,0.855737553],[34.44244857,0.8551032],[34.44196627,0.854860681],[34.441184501,0.854494644],[34.440843858,0.853927637],[34.440324502,0.853787812],[34.439876351,0.854060633],[34.438237977,0.853676586],[34.437885419,0.853951918],[34.436770171,0.853491489],[34.436484634,0.853569167],[34.435478053,0.852789295],[34.433882318,0.852310797],[34.433342705,0.851749763],[34.432304694,0.851768405],[34.430591358,0.851988068],[34.429752565,0.851399771],[34.429090543,0.850779465],[34.427893335,0.850971191],[34.426494785,0.850115517],[34.425944299,0.849557786],[34.42617078,0.849128793],[34.425762779,0.849001183],[34.425258476,0.849245366],[34.424366462,0.84846328],[34.423319334,0.848354162],[34.423128859,0.848094146],[34.422942711,0.847263771],[34.422688755,0.846949023],[34.422271823,0.847195574],[34.422011234,0.847405229],[34.421316127,0.847337743],[34.42138667,0.846758869],[34.421671138,0.846089466],[34.421481163,0.845637312],[34.42165802,0.844000188],[34.421419595,0.84311391],[34.420516573,0.843014755],[34.420231748,0.842707346],[34.419874319,0.841947735],[34.419327824,0.841676598],[34.418543761,0.841342239],[34.418376897,0.841107143],[34.418519366,0.840654864],[34.417833927,0.839466443],[34.417477655,0.839735623],[34.417180501,0.840210969],[34.416546434,0.840290372],[34.415815521,0.840377497],[34.415154524,0.839973165],[34.414935495,0.839413306],[34.415024371,0.838475935],[34.415319623,0.837734936],[34.415332798,0.836784965],[34.415189894,0.836043362],[34.41501109,0.835410309],[34.414404275,0.834487985],[34.414470756,0.83400833],[34.415132395,0.833643174],[34.415853306,0.833283773],[34.416087216,0.832514733],[34.414663072,0.831584216],[34.414069519,0.831168753],[34.413214203,0.830997217],[34.410911854,0.829766323],[34.409886519,0.8297774],[34.409102351,0.829135516],[34.408786994,0.828470523],[34.409082195,0.827561135],[34.408085351,0.82662893],[34.40718764,0.826567545],[34.406474864,0.82613366],[34.406382579,0.825008261],[34.406661235,0.824620878],[34.408646411,0.825114095],[34.408992485,0.824934361],[34.408874734,0.824294541],[34.409276008,0.823166033],[34.409242161,0.822655461],[34.408881116,0.822420285],[34.409156251,0.821158181],[34.409882554,0.820303457],[34.410222423,0.819562441],[34.41080226,0.819427527],[34.411259454,0.819360012],[34.412658163,0.81803656],[34.413979813,0.817523649],[34.414252841,0.816990334],[34.414146676,0.816350511],[34.41433613,0.815996835],[34.413895363,0.81519997],[34.412686926,0.815022661],[34.412183385,0.814633681],[34.411664701,0.814252193],[34.411056672,0.813494677],[34.411117818,0.812955823],[34.41209883,0.812001297],[34.412622673,0.811176026],[34.413498024,0.811035398],[34.414736338,0.809052159],[34.414492771,0.808367276],[34.414064604,0.807625771],[34.412476222,0.806921555],[34.412197238,0.806354756],[34.410369026,0.806089492],[34.408159005,0.805249116],[34.406210239,0.80479757],[34.402277072,0.803134728],[34.401706497,0.803044482],[34.400579513,0.802218559],[34.398949011,0.800730011],[34.397594472,0.80055863],[34.395394965,0.799630784],[34.395121968,0.799746829],[34.395075461,0.800855935],[34.395347345,0.801745851],[34.395128211,0.802246472],[34.394637532,0.8022298],[34.394558183,0.801515723],[34.394152083,0.801197198],[34.39406627,0.800813094],[34.393577697,0.80098411],[34.393093866,0.801104131],[34.392401115,0.800754384],[34.391949488,0.800805055],[34.391916202,0.801298999],[34.392329287,0.802696465],[34.392053479,0.802962942],[34.390729096,0.802932754],[34.390357466,0.80274794],[34.389135424,0.801596443],[34.387896096,0.801393961],[34.387507836,0.801221249],[34.385880253,0.800864843],[34.385335068,0.800245042],[34.385196608,0.799196747],[34.384408904,0.798903932],[34.384531449,0.797013866],[34.384560424,0.794357303],[34.38430629,0.793825082],[34.384160172,0.791806095],[34.383943168,0.790280623],[34.382894093,0.789728625],[34.381677238,0.789751578],[34.380893766,0.790950487],[34.380651563,0.792220606],[34.379744942,0.793517249],[34.379682038,0.795166816],[34.379375962,0.795193222],[34.378677306,0.794405663],[34.378147348,0.793544088],[34.377226147,0.793713621],[34.376919287,0.793555775],[34.376309873,0.790595059],[34.375092609,0.789389305],[34.374730218,0.788427504],[34.374297189,0.788322437],[34.373688321,0.788426015],[34.372535198,0.787879637],[34.372596884,0.787007367],[34.373187793,0.785955568],[34.373453892,0.783899899],[34.373015195,0.783227668],[34.372720298,0.783186434],[34.372242552,0.78331059],[34.371730631,0.781664963],[34.370961434,0.780876138],[34.370453751,0.780771096],[34.370113908,0.780260184],[34.369445763,0.780290466],[34.368997861,0.780387608],[34.36863934,0.77981728],[34.368127931,0.779742297],[34.368146462,0.779321451],[34.36831805,0.77896443],[34.367578741,0.778258257],[34.367384748,0.77859274],[34.367224508,0.779419449],[34.366772878,0.779509778],[34.365324492,0.77923595],[34.364453602,0.778443284],[34.364614729,0.777541538],[34.363285774,0.776621366],[34.362628222,0.775374088],[34.361825238,0.773984061],[34.361336241,0.773957915],[34.360616202,0.775130503],[34.359597353,0.775720766],[34.359063486,0.775450395],[34.3585182,0.77448864],[34.356115031,0.773829906],[34.354639766,0.773734728],[34.354546066,0.772907999],[34.354930341,0.772291637],[34.355001047,0.771607741],[34.354720963,0.771205773],[34.352843537,0.771642251],[34.351100411,0.771849476],[34.350316425,0.771500276],[34.350118637,0.771646883],[34.350342815,0.772323174],[34.350107677,0.772402158],[34.349514076,0.772105502],[34.348866609,0.771975434],[34.348483605,0.771365593],[34.347501385,0.771997722],[34.346311653,0.772211874],[34.345740581,0.772140489],[34.344469319,0.770406824],[34.344223661,0.769752856],[34.343780709,0.769200691],[34.342100006,0.768856833],[34.33912568,0.769404109],[34.337317289,0.768666475],[34.337425568,0.768343166],[34.338078717,0.768476119],[34.338124114,0.767637333],[34.337576408,0.767274429],[34.33634171,0.767262594],[34.33547487,0.765949554],[34.334380266,0.765865601],[34.33360533,0.766905676],[34.332941124,0.765502691],[34.332575346,0.765478581],[34.332230876,0.765858782],[34.331555113,0.765755056],[34.331208715,0.766157285],[34.330765857,0.765895804],[34.330635865,0.765755347],[34.329389379,0.765862323],[34.328632257,0.766453577],[34.326728688,0.765834918],[34.322540837,0.765311437],[34.322243018,0.764976855],[34.323635389,0.764454831],[34.323157275,0.76351992],[34.321672857,0.763856239],[34.320732446,0.765121079],[34.319959945,0.764770011],[34.319162002,0.765002107],[34.318797503,0.763732599],[34.318602252,0.762698662],[34.318091245,0.762479877],[34.317591558,0.762789207],[34.317187051,0.7632651],[34.3156404,0.761694656],[34.314702998,0.761024337],[34.314822718,0.7602205],[34.314165134,0.759910059],[34.313879599,0.759505551],[34.31424482,0.758292307],[34.315045535,0.758529972],[34.315283483,0.758458587],[34.315253069,0.757722167],[34.313784422,0.756840555],[34.313218575,0.756087571],[34.313187639,0.7558425],[34.313808218,0.755246316],[34.313342094,0.75335382],[34.312826599,0.753370713],[34.312372179,0.753739126],[34.312161474,0.753504836],[34.312277509,0.752271642],[34.311135262,0.750988613],[34.311035077,0.749627148],[34.310829658,0.748533549],[34.310741531,0.747967417],[34.310424621,0.747889023],[34.310243783,0.747565416],[34.310665145,0.746711435],[34.311547728,0.745776061],[34.311519173,0.745442936],[34.311119425,0.745128849],[34.31126145,0.744833749],[34.310795817,0.744234171],[34.310360875,0.741830607],[34.309701267,0.739970175],[34.309596569,0.739218267],[34.310139086,0.737904804],[34.310210473,0.737233797],[34.309389556,0.736853082],[34.309779892,0.735889368],[34.309750378,0.734822069],[34.309590805,0.734572383],[34.309575446,0.733863357],[34.308378286,0.732058468],[34.308152236,0.730916327],[34.308331605,0.730146249],[34.307894673,0.729035805],[34.308057058,0.728417894],[34.308699513,0.727751644],[34.309581588,0.727106361],[34.309839732,0.726097671],[34.309615004,0.725285251],[34.309110625,0.72508233],[34.30913734,0.724452801],[34.308659855,0.72338052],[34.308038702,0.722458578],[34.307616857,0.721565044],[34.307819111,0.71766273],[34.308437771,0.714997733],[34.308929029,0.714190765],[34.309472837,0.712808629],[34.310091499,0.713141753],[34.310618427,0.712905895],[34.310657089,0.712607401],[34.310200345,0.711938207],[34.30933007,0.709060979],[34.310099096,0.707752076],[34.310049668,0.706504382],[34.30986271,0.706317623],[34.30910402,0.70640788],[34.308866074,0.705955781],[34.310140048,0.704831221],[34.310412262,0.704263591],[34.310505255,0.703904002],[34.311221369,0.70361733],[34.312137833,0.702767303],[34.312993979,0.701372908],[34.31400571,0.698317712],[34.313743969,0.697806128],[34.313446537,0.697699052],[34.3132905,0.697965171],[34.313355064,0.69864254],[34.312576565,0.698709186],[34.312433803,0.698445364],[34.312409909,0.698014605],[34.312114041,0.697651461],[34.312181071,0.696978501],[34.311864195,0.696568807],[34.312006965,0.695724099],[34.312375779,0.695628919],[34.312982542,0.695878765],[34.313235474,0.695403177],[34.313293715,0.694815242],[34.312730296,0.694209387],[34.311578662,0.694022784],[34.311067076,0.694320217],[34.310779725,0.695014935],[34.310457856,0.695015025],[34.309127816,0.694367806],[34.308687615,0.694415395],[34.308573513,0.694884479],[34.308011639,0.694919864],[34.307641477,0.694581656],[34.307664446,0.694022784],[34.307236143,0.693701557],[34.306534202,0.693665866],[34.306355744,0.694046578],[34.306641278,0.694510575],[34.306474718,0.695010261],[34.305737085,0.694736622],[34.305290117,0.694719314],[34.305057,0.694091903],[34.304284236,0.693589556],[34.304297509,0.693178074],[34.304892374,0.692904438],[34.305044911,0.693356011],[34.3053361,0.693242255],[34.305415858,0.692952027],[34.304693792,0.69219978],[34.3043451,0.691238815],[34.303714543,0.691096048],[34.303241222,0.690770407],[34.302382043,0.690548772],[34.301532188,0.690531209],[34.301369032,0.690133251],[34.300719623,0.690138146],[34.299062695,0.691357788],[34.298872338,0.691333993],[34.298884725,0.689435244],[34.298472974,0.689247662],[34.2975604,0.689182255],[34.297461275,0.688936261],[34.298003835,0.688835559],[34.298206089,0.688490537],[34.297817603,0.687843265],[34.296996763,0.687746599],[34.295229403,0.688320037],[34.294976929,0.688235587],[34.294810114,0.68764161],[34.29482115,0.687394442],[34.294608359,0.68701954],[34.294836282,0.686700688],[34.295383599,0.686407126],[34.295886114,0.68636092],[34.296148921,0.684753578],[34.295777298,0.684558154],[34.295092213,0.68467182],[34.294779667,0.685278265],[34.294286077,0.685661163],[34.294125314,0.686241947],[34.293827883,0.686491789],[34.29356614,0.686420407],[34.293814573,0.685791078],[34.293149734,0.685313957],[34.293137837,0.68489755],[34.293506656,0.684885654],[34.293792189,0.685385341],[34.294208594,0.6851236],[34.293634628,0.684048675],[34.292867946,0.683617503],[34.292305026,0.683767308],[34.291983798,0.683660232],[34.291849331,0.683253505],[34.291329447,0.68331521],[34.290831466,0.68298108],[34.28972331,0.683231929],[34.289068227,0.6828334],[34.288557375,0.682934496],[34.28835512,0.68282742],[34.288581169,0.682446705],[34.288818681,0.682472673],[34.289233771,0.682211727],[34.289449673,0.681839945],[34.289306905,0.681637691],[34.288283952,0.681263697],[34.287967923,0.680685461],[34.287707161,0.680318296],[34.286719417,0.680056958],[34.286439654,0.680483651],[34.285586346,0.680146705],[34.285119053,0.680733494],[34.284603225,0.680550131],[34.284080058,0.681265096],[34.284135311,0.681466912],[34.283846045,0.682101684],[34.283572404,0.682173069],[34.283106717,0.681843409],[34.282668211,0.681816148],[34.282162257,0.681011057],[34.281918139,0.679945805],[34.281529694,0.68000967],[34.281341791,0.680121748],[34.281216737,0.680507446],[34.280919305,0.680471755],[34.280767502,0.6798366],[34.280157877,0.679948272],[34.279622498,0.67965084],[34.279289374,0.679853094],[34.278563638,0.679293921],[34.278218616,0.678318342],[34.278254308,0.677937628],[34.2778498,0.677223789],[34.278040157,0.676854974],[34.277534391,0.674513399],[34.278052054,0.673833056],[34.278956249,0.673000246],[34.279063325,0.672738505],[34.278512642,0.671449825],[34.278658817,0.670894424],[34.278136574,0.670395784],[34.27882538,0.670347148],[34.278904071,0.670117766],[34.27921799,0.669978331],[34.279348861,0.669740384],[34.279136355,0.66949607],[34.27908712,0.669157416],[34.279301271,0.669086034],[34.279681987,0.669335876],[34.279931828,0.669109827],[34.279824753,0.668693422],[34.280062699,0.668491167],[34.279991316,0.668134249],[34.279520886,0.667934337],[34.279606938,0.667636746],[34.279919931,0.66755128],[34.28014598,0.667182465],[34.28027685,0.667349025],[34.280241158,0.667598871],[34.28071705,0.667063492],[34.280226209,0.666318513],[34.280359713,0.665643381],[34.280719868,0.665610979],[34.281121559,0.66574289],[34.280931202,0.666254474],[34.281192943,0.666397241],[34.281466581,0.666147398],[34.281350887,0.664996964],[34.281329367,0.664519531],[34.281537965,0.663220662],[34.281109662,0.663125484],[34.280978791,0.663387224],[34.281228635,0.66383932],[34.281062074,0.664231932],[34.28027685,0.664469877],[34.280241158,0.663910705],[34.28071705,0.662863742],[34.280669461,0.662566309],[34.28041459,0.662290025],[34.280370458,0.66188808],[34.28014598,0.66115053],[34.279515423,0.661114839],[34.27882538,0.661376579],[34.278480287,0.660688805],[34.278357702,0.659824893],[34.278168598,0.659412114],[34.279919931,0.65704596],[34.280360131,0.65722442],[34.280348234,0.656225047],[34.279661879,0.656037346],[34.279537756,0.656431344],[34.279622498,0.657069756],[34.279432142,0.657117344],[34.279187792,0.656773371],[34.279241785,0.656201251],[34.27905143,0.656046586],[34.278481634,0.656396629],[34.278575536,0.656938884],[34.278278103,0.657057858],[34.27802826,0.656403505],[34.277135964,0.656046586],[34.27692311,0.65564677],[34.278206545,0.654404378],[34.278658817,0.654250093],[34.279015736,0.654571321],[34.279241785,0.65453563],[34.279249391,0.653918705],[34.279539217,0.653536254],[34.27952732,0.652275141],[34.278884866,0.652441703],[34.278623127,0.6520134],[34.278160667,0.651611551],[34.278169545,0.651461974],[34.278706406,0.651180589],[34.278772593,0.650293979],[34.279194195,0.649931372],[34.279170401,0.649657734],[34.278807971,0.649559231],[34.279020952,0.649156204],[34.279559922,0.648987345],[34.279812855,0.649074765],[34.279872342,0.648860614],[34.279543682,0.648548632],[34.2790989,0.648419406],[34.278721226,0.64731864],[34.278920558,0.647183095],[34.278658817,0.646826174],[34.278192948,0.646579548],[34.278242837,0.646310341],[34.279310139,0.646100122],[34.27967963,0.645697638],[34.279458983,0.644668255],[34.278818225,0.644050161],[34.278361384,0.644101693],[34.278385179,0.643542518],[34.27807459,0.643328557],[34.278111541,0.643102319],[34.278456563,0.643090421],[34.278563638,0.642911962],[34.277892891,0.642637088],[34.277651213,0.642420508],[34.277310374,0.642538924],[34.277198662,0.642346667],[34.277615853,0.64203004],[34.278059577,0.64204176],[34.277927255,0.641692733],[34.277390152,0.641497258],[34.277213058,0.641169316],[34.277318818,0.64105688],[34.277730827,0.641079777],[34.277956876,0.640901318],[34.277542009,0.640497731],[34.277571298,0.640116119],[34.277339115,0.639962352],[34.276965969,0.640157686],[34.276552994,0.639568819],[34.276124691,0.639533128],[34.275601209,0.640163685],[34.275361509,0.640095967],[34.275172906,0.639711586],[34.274994448,0.639640204],[34.274839782,0.640127991],[34.274191826,0.640049441],[34.273783528,0.640185109],[34.273767774,0.639902664],[34.274137841,0.639794868],[34.274090252,0.639568819],[34.273448376,0.63954919],[34.273557022,0.639226721],[34.274280608,0.63934277],[34.274304403,0.639164311],[34.273696956,0.638873299],[34.272842929,0.639123364],[34.272764869,0.639346605],[34.272884349,0.640256334],[34.273104833,0.640620132],[34.273102778,0.641044085],[34.272162888,0.640865625],[34.271770061,0.64025385],[34.270949364,0.640116095],[34.270794698,0.639901943],[34.271051974,0.639365747],[34.271829767,0.638533752],[34.272045753,0.638104879],[34.272484115,0.637903195],[34.272312715,0.637592267],[34.272089716,0.637509622],[34.271689068,0.637678655],[34.271556126,0.63828391],[34.270494804,0.638682936],[34.270449676,0.639461743],[34.26999758,0.639616408],[34.269264783,0.638855817],[34.26871267,0.638819289],[34.268365619,0.637418369],[34.267760886,0.636630184],[34.267451557,0.63665398],[34.267332583,0.637272639],[34.266713925,0.637284537],[34.266642539,0.637843711],[34.266047673,0.637879402],[34.263299397,0.637046589],[34.261479108,0.637153665],[34.261241162,0.636975207],[34.26169326,0.636094805],[34.261365765,0.635189185],[34.261239744,0.635091095],[34.260289378,0.635154919],[34.259551745,0.635024047],[34.259187751,0.634634743],[34.258177968,0.634325611],[34.257630596,0.633565122],[34.258147863,0.633215657],[34.257750026,0.632657242],[34.256743981,0.633096685],[34.256529829,0.632799251],[34.256671293,0.632006736],[34.256602787,0.6319272],[34.255887375,0.632049721],[34.255691085,0.631506928],[34.254840412,0.631442961],[34.254431748,0.63062698],[34.253817244,0.630836197],[34.253460325,0.630800506],[34.253377044,0.630348408],[34.252687003,0.629908207],[34.252423088,0.62942387],[34.25188988,0.629539392],[34.251651657,0.62878975],[34.250902404,0.629253855],[34.250302243,0.628523548],[34.249903031,0.628920731],[34.249212987,0.629063499],[34.248885092,0.628781211],[34.247678236,0.629075395],[34.247719811,0.629872432],[34.247467908,0.630255408],[34.24659558,0.63046738],[34.245904963,0.630448327],[34.245025138,0.630741019],[34.244693255,0.631610784],[34.244040038,0.63159896],[34.243692637,0.631347782],[34.242948304,0.632267579],[34.242241166,0.632228182],[34.242196639,0.63257664],[34.241866775,0.632495639],[34.241551122,0.632168695],[34.241301281,0.632549409],[34.241464144,0.632858674],[34.241216558,0.632887479],[34.240873406,0.632499741],[34.240504159,0.632442333],[34.240432776,0.632085415],[34.240599338,0.631514342],[34.241003595,0.631600094],[34.24080785,0.631017126],[34.240635165,0.630631066],[34.240938053,0.63017153],[34.240588544,0.629529329],[34.240159138,0.629194369],[34.240159138,0.628730374],[34.240607857,0.628692844],[34.240718311,0.628456736],[34.24055175,0.628194995],[34.240099651,0.62821879],[34.240017166,0.628530823],[34.239147867,0.628337762],[34.239231148,0.628123611],[34.23969484,0.627889968],[34.239541364,0.627635182],[34.239112175,0.627659617],[34.238963507,0.627174886],[34.238731461,0.627124238],[34.238809949,0.627501567],[34.237767779,0.627481156],[34.237776935,0.627025563],[34.237553628,0.626838703],[34.236887379,0.627100444],[34.236588133,0.626698556],[34.23623213,0.626843364],[34.235840416,0.626684039],[34.235983185,0.626124865],[34.236708919,0.625910714],[34.236637535,0.625553794],[34.236081341,0.62557422],[34.235513838,0.626157371],[34.234960015,0.625910714],[34.234829148,0.626124865],[34.235122747,0.62666712],[34.234938814,0.627377591],[34.234519815,0.62777859],[34.233497386,0.627547818],[34.232813469,0.627338482],[34.232725712,0.62708468],[34.232318814,0.627064751],[34.232138733,0.626405279],[34.231438413,0.626267632],[34.231295646,0.625767945],[34.230938726,0.625922611],[34.230684076,0.626313434],[34.230165401,0.626576963],[34.22995125,0.626386605],[34.229986942,0.626124865],[34.230301468,0.625965559],[34.230539105,0.625301404],[34.229853766,0.625289813],[34.229439666,0.62530395],[34.229249309,0.625815535],[34.228683017,0.625704889],[34.228549767,0.625857175],[34.228911448,0.626199818],[34.228649705,0.626404451],[34.228421277,0.626223612],[34.22818809,0.626285478],[34.228235678,0.626613843],[34.227969179,0.627056424],[34.228349896,0.627175396],[34.228402241,0.627437136],[34.228164295,0.627627494],[34.227759786,0.627261057],[34.227367565,0.627155446],[34.227098296,0.627322923],[34.227288653,0.627508521],[34.227371662,0.627912215],[34.227142316,0.628076022],[34.226832987,0.628010586],[34.226731083,0.627649817],[34.226462678,0.627970347],[34.226022339,0.628702745],[34.225518814,0.628532199],[34.225375566,0.628343711],[34.225161418,0.628421044],[34.224973658,0.629606754],[34.224810445,0.629860619],[34.224524909,0.629777337],[34.224596293,0.629473956],[34.224435679,0.629307394],[34.224431432,0.628952937],[34.223763483,0.629164626],[34.223544325,0.629611827],[34.223358973,0.629652416],[34.223198359,0.629420419],[34.223348939,0.629026335],[34.223037746,0.629045653],[34.22275221,0.629444213],[34.222555905,0.629360931],[34.222576967,0.629029427],[34.222246575,0.628974268],[34.222085961,0.629801132],[34.221425663,0.629926052],[34.221050896,0.629473956],[34.221003309,0.630229434],[34.220598798,0.630503074],[34.220313263,0.630294871],[34.220218085,0.629902259],[34.220045576,0.629801132],[34.22019429,0.629236011],[34.219736247,0.629200318],[34.219777884,0.628635196],[34.219862565,0.628415208],[34.219242506,0.627493054],[34.218748768,0.627415723],[34.218594102,0.627689359],[34.217654215,0.627510901],[34.217362732,0.6270707],[34.217511448,0.626808959],[34.217793397,0.626735422],[34.217814831,0.626059429],[34.217291347,0.625988044],[34.217332988,0.625827433],[34.217623896,0.625713096],[34.217451961,0.625464563],[34.217606629,0.625167132],[34.217154529,0.624964878],[34.216904685,0.62434027],[34.217434115,0.62450683],[34.217446012,0.624209399],[34.217065328,0.623464388],[34.217092099,0.623158034],[34.216919586,0.622961729],[34.216637025,0.622911164],[34.216532924,0.622711883],[34.216767361,0.62218235],[34.216193851,0.621867175],[34.216205748,0.622937933],[34.216015391,0.623461414],[34.215480013,0.623568489],[34.214486588,0.623497108],[34.21421295,0.623681514],[34.213980952,0.623610132],[34.21368352,0.622741629],[34.213325732,0.622476609],[34.213055398,0.622688238],[34.212862605,0.62321752],[34.212511636,0.623140186],[34.212315331,0.622931984],[34.212305439,0.622438981],[34.211882758,0.62283699],[34.211732361,0.623544696],[34.210982831,0.624038435],[34.210227352,0.624270431],[34.210167866,0.624466738],[34.210330729,0.624968193],[34.210114328,0.625234113],[34.209793101,0.625192473],[34.209680076,0.624835552],[34.209771569,0.624129318],[34.209609585,0.624004089],[34.209055468,0.62396705],[34.20887106,0.624222843],[34.208621216,0.625031859],[34.207633742,0.62476417],[34.207919471,0.625881025],[34.207776508,0.626144258],[34.207074567,0.62590631],[34.206670856,0.625235377],[34.205896733,0.625483956],[34.205813453,0.625257908],[34.205914579,0.624883144],[34.206217961,0.624692786],[34.206568933,0.624752272],[34.206919902,0.624609505],[34.207098362,0.624103868],[34.20605735,0.623675565],[34.205938376,0.623086649],[34.206455908,0.622325223],[34.205730174,0.62211702],[34.205474379,0.621724408],[34.204748644,0.622343069],[34.203606505,0.622313325],[34.203142507,0.621760099],[34.203071126,0.622188402],[34.203494404,0.622895408],[34.20349348,0.623253211],[34.203005688,0.623265109],[34.202666615,0.623050958],[34.202476258,0.622414452],[34.202143134,0.622491784],[34.202143134,0.622973626],[34.202803434,0.623610132],[34.202517899,0.623978947],[34.201298425,0.624335868],[34.200977198,0.623877819],[34.200507256,0.625210318],[34.200697611,0.625793285],[34.20043587,0.626078822],[34.20017413,0.625977695],[34.200013516,0.625329291],[34.199603059,0.625222216],[34.199139067,0.625311447],[34.198942759,0.624984271],[34.199125223,0.624488507],[34.198871375,0.623907564],[34.198966553,0.623556593],[34.198716713,0.623491159],[34.198222972,0.624139562],[34.197848208,0.624175253],[34.197945738,0.624691375],[34.197800617,0.624817707],[34.197419905,0.624579761],[34.197384212,0.624145511],[34.197594051,0.623498939],[34.197271187,0.623021214],[34.197294982,0.622557219],[34.197015398,0.622432299],[34.196598989,0.622818959],[34.196218276,0.622705936],[34.196569247,0.621771997],[34.195813767,0.621462668],[34.196313454,0.62114739],[34.19670012,0.621070056],[34.196801246,0.620879699],[34.195635311,0.620600113],[34.195367618,0.619808942],[34.196105251,0.619695918],[34.197027292,0.618488342],[34.196391121,0.618123959],[34.195510387,0.618024346],[34.195058288,0.618637057],[34.194766806,0.618607315],[34.194677578,0.617720964],[34.194148148,0.617756658],[34.194039546,0.618357433],[34.193761482,0.618708442],[34.19390425,0.619475817],[34.193702051,0.619885031],[34.192940568,0.619737557],[34.193410512,0.618565674],[34.193160669,0.618470495],[34.192910867,0.618595108],[34.192756162,0.618904747],[34.192333808,0.619077258],[34.192500368,0.61937469],[34.191833691,0.619825525],[34.191643762,0.619172436],[34.191989356,0.618830927],[34.1914891,0.618387215],[34.191447456,0.618000552],[34.191732992,0.617578197],[34.192637188,0.617280765],[34.192690725,0.617042819],[34.192042322,0.61566868],[34.191596176,0.615674628],[34.191084589,0.615983958],[34.190941823,0.616352775],[34.190739569,0.616340877],[34.190299317,0.615845849],[34.190043574,0.615972061],[34.189918653,0.615853089],[34.190091165,0.615603244],[34.190923975,0.615347453],[34.191048898,0.614716895],[34.191613746,0.614513078],[34.191869811,0.613194041],[34.191358228,0.612670559],[34.190352904,0.61377106],[34.18984132,0.61372942],[34.189347584,0.613515269],[34.18931665,0.61328208],[34.189773506,0.612197046],[34.189480832,0.611932926],[34.188583989,0.61176714],[34.188302999,0.612118524],[34.187824727,0.612218462],[34.187423926,0.611622384],[34.187639132,0.610747954],[34.187021983,0.610892119],[34.186668309,0.610433867],[34.186361359,0.610305375],[34.185997301,0.610976384],[34.185711767,0.610904999],[34.185568998,0.609977008],[34.184669562,0.609577261],[34.18471953,0.60931314],[34.185594499,0.608923633],[34.186175761,0.608984775],[34.186404192,0.608813453],[34.186208229,0.607630499],[34.186504126,0.607243008],[34.187539193,0.606750459],[34.187574884,0.606607692],[34.186561233,0.60621508],[34.186746831,0.60546555],[34.187189411,0.605215708],[34.187039505,0.605008694],[34.186734612,0.605073659],[34.186547331,0.604846099],[34.186768246,0.60440907],[34.186546956,0.60392366],[34.18631139,0.603852275],[34.185783149,0.604294856],[34.185590413,0.604951587],[34.18490513,0.604751714],[34.184511504,0.604110411],[34.183975978,0.603910622],[34.183570251,0.603645263],[34.183135222,0.604316673],[34.183141948,0.605287092],[34.183013457,0.605408443],[34.181584686,0.604774827],[34.181307385,0.604701744],[34.180962718,0.605391524],[34.180743451,0.605451275],[34.180149928,0.605184198],[34.180022475,0.605644011],[34.179315777,0.605900992],[34.178830367,0.605701118],[34.17871615,0.605793917],[34.178994549,0.606493478],[34.17800945,0.606372125],[34.177895236,0.606150836],[34.177637571,0.606124448],[34.177324168,0.605458412],[34.17651039,0.605244261],[34.176186844,0.604687031],[34.17642473,0.604080705],[34.176351786,0.603918135],[34.175711512,0.604089759],[34.175375387,0.604558976],[34.175732306,0.604837373],[34.175618093,0.605458412],[34.175418217,0.605536935],[34.17509699,0.605108632],[34.175159481,0.604797278],[34.174818593,0.604109259],[34.174276076,0.604080705],[34.173754974,0.603788031],[34.173976264,0.603309759],[34.174361737,0.602988531],[34.174504504,0.602181894],[34.174868562,0.602031989],[34.174518781,0.601625102],[34.173812081,0.601318151],[34.173897742,0.600911263],[34.173633622,0.600839878],[34.173348089,0.6010112],[34.173790667,0.601903499],[34.173162488,0.60185353],[34.173005444,0.602189032],[34.17329812,0.602446015],[34.173119658,0.602624475],[34.172391544,0.602503122],[34.172727047,0.601489472],[34.172163118,0.600982647],[34.17192041,0.600996923],[34.171763365,0.601375257],[34.171948966,0.601996298],[34.171086504,0.602010698],[34.170789642,0.601699155],[34.170985284,0.601111136],[34.171691982,0.600932679],[34.171834749,0.600682833],[34.171684845,0.600347331],[34.17143934,0.600120123],[34.171741952,0.599869059],[34.171663428,0.599604938],[34.170835376,0.599804814],[34.170171506,0.599540694],[34.169793171,0.599583524],[34.169657542,0.599840505],[34.168529678,0.599676322],[34.168090074,0.600292711],[34.167883846,0.60022683],[34.167715903,0.599740569],[34.167430367,0.599490725],[34.166959235,0.599604938],[34.166759037,0.599940225],[34.166395301,0.59964777],[34.166652283,0.599140944],[34.166588039,0.598912514],[34.165688153,0.598510275],[34.165638633,0.59836286],[34.16600269,0.597913143],[34.165381651,0.597634745],[34.165802815,0.596942322],[34.165360236,0.597035121],[34.165088977,0.597727543],[34.164839134,0.597848896],[34.164639683,0.597348451],[34.16485341,0.596528296],[34.164003945,0.596928045],[34.164182402,0.595635998],[34.163911144,0.595464676],[34.163668439,0.596521158],[34.163354353,0.596678203],[34.163154475,0.596185653],[34.163520531,0.595436286],[34.162736552,0.595409315],[34.162547716,0.595850149],[34.162804695,0.596628234],[34.162466603,0.596769875],[34.162140825,0.596628234],[34.16198378,0.595635998],[34.161691109,0.59540757],[34.16198378,0.594708008],[34.161348464,0.594800808],[34.161050158,0.594562806],[34.160684595,0.594543826],[34.160627488,0.59430112],[34.161070067,0.593879955],[34.160984407,0.593651527],[34.160663183,0.593680082],[34.160170631,0.594315398],[34.160035003,0.593894233],[34.160577519,0.593194672],[34.161091483,0.592866306],[34.160741702,0.592809199],[34.160063555,0.593059041],[34.159882156,0.593465147],[34.159606699,0.593016211],[34.159242641,0.592830613],[34.159235503,0.592602186],[34.15947107,0.592466556],[34.159743891,0.592465011],[34.159178396,0.59160281],[34.158885722,0.591638504],[34.158789379,0.591825508],[34.158107638,0.59174558],[34.157912701,0.591848619],[34.157814965,0.59138866],[34.157292399,0.591210973],[34.157001189,0.590967495],[34.157258171,0.589982398],[34.157022606,0.58988246],[34.157129681,0.589504126],[34.156994051,0.589254283],[34.156016092,0.589197176],[34.155480714,0.588940194],[34.154945335,0.588961609],[34.154866815,0.58883312],[34.155116656,0.588497615],[34.155152348,0.588090728],[34.154759739,0.587819469],[34.154467063,0.588055034],[34.154295742,0.588497615],[34.15408159,0.588483337],[34.153974515,0.588276325],[34.153603319,0.588183526],[34.153603319,0.587933683],[34.153953102,0.587141321],[34.153664452,0.586870236],[34.15391027,0.585934936],[34.153538155,0.585973883],[34.153367754,0.585842137],[34.153317784,0.585285342],[34.152332687,0.585356727],[34.152154227,0.585592293],[34.150542839,0.584846756],[34.149972862,0.585018741],[34.149598689,0.585306758],[34.149548719,0.585685091],[34.149341705,0.585699368],[34.148941955,0.584735687],[34.1485779,0.58516399],[34.148342331,0.585092606],[34.14803538,0.58467144],[34.148870571,0.583193797],[34.14796453,0.583447924],[34.147657046,0.58370062],[34.147442894,0.583564992],[34.147742706,0.582629863],[34.147036007,0.58260131],[34.146693364,0.582893983],[34.146436455,0.582859483],[34.145765374,0.582337191],[34.145422732,0.582394298],[34.145337071,0.582786907],[34.14506516,0.582856908],[34.144884328,0.582396593],[34.144230624,0.582487096],[34.14441622,0.581280709],[34.144737447,0.581209327],[34.144568645,0.580835736],[34.143832722,0.581077366],[34.143423987,0.581616213],[34.143167003,0.58154483],[34.142831501,0.580959481],[34.142790313,0.580370823],[34.142495995,0.580317027],[34.142388919,0.580495487],[34.142488856,0.581444891],[34.141932063,0.58141634],[34.141846402,0.581202187],[34.141946339,0.580595425],[34.141650568,0.580678825],[34.141446653,0.58123074],[34.141096872,0.581045144],[34.141096872,0.580416965],[34.140670084,0.580731603],[34.140432894,0.581051452],[34.140061806,0.581195049],[34.139347049,0.582303435],[34.138831536,0.582729917],[34.138318987,0.582834435],[34.128207736,0.555815054],[34.127414778,0.543938366],[34.127152976,0.537335143],[34.12689057,0.536548229],[34.116813306,0.520385596],[34.117864329,0.519897327],[34.118702955,0.520133553],[34.119222138,0.519313453],[34.119826379,0.518571581],[34.120455338,0.518706542],[34.120874475,0.517820056],[34.121260277,0.518140783],[34.121629173,0.517693293],[34.1228534,0.517110579],[34.123088051,0.51623257],[34.123171796,0.515607847],[34.123335352,0.515245009],[34.123062652,0.514881857],[34.123255467,0.514544145],[34.123129556,0.513851925],[34.123188043,0.513636107],[34.121636744,0.513050203],[34.121351551,0.512619711],[34.121058024,0.51247625],[34.12099085,0.511995068],[34.120797935,0.511758727],[34.120705661,0.511581459],[34.120319914,0.51158153],[34.119665627,0.510458859],[34.119246257,0.510003066],[34.118910746,0.509547259],[34.117820392,0.508424665],[34.117661018,0.508171433],[34.117820115,0.506820684],[34.118415349,0.50588352],[34.118322968,0.505089989],[34.118658224,0.504068448],[34.118339415,0.50320742],[34.11828899,0.502557398],[34.118213455,0.502194404],[34.118674459,0.500919585],[34.118540174,0.500269574],[34.118917271,0.498724625],[34.118925449,0.497483649],[34.119101441,0.496833586],[34.119017474,0.496200452],[34.119067693,0.495617945],[34.118916637,0.494976381],[34.119319094,0.494596423],[34.118857732,0.493760744],[34.118840875,0.4932289],[34.117767378,0.492562165],[34.11764983,0.491675774],[34.118094144,0.490890595],[34.1177921,0.489953583],[34.117934344,0.488062555],[34.118621756,0.486728605],[34.118755764,0.485732428],[34.118898222,0.485116137],[34.119158127,0.484778413],[34.119032217,0.484052425],[34.120264598,0.482043024],[34.120078212,0.481064963],[34.119006525,0.480793818],[34.115618265,0.47829555],[34.113563585,0.477308171],[34.111735239,0.475797352],[34.110418431,0.47431177],[34.107715415,0.472068838],[34.103489491,0.468033271],[34.100291498,0.466301024],[34.100176399,0.465985187],[34.098954297,0.46558814],[34.098806711,0.465187437],[34.098364133,0.464866209],[34.097120233,0.463408027],[34.097134371,0.462763136],[34.096612834,0.461936051],[34.093702767,0.460713258],[34.092284609,0.457734171],[34.090761754,0.456915636],[34.089867076,0.455221461],[34.089172274,0.454583765],[34.08895916,0.454013629],[34.089702893,0.45232189],[34.090154437,0.449987696],[34.091149607,0.449000163],[34.091184132,0.448250767],[34.091037691,0.44747953],[34.090867326,0.447238214],[34.090870742,0.44614724],[34.091309471,0.445175216],[34.091569247,0.443546953],[34.092036318,0.44237999],[34.092148979,0.439634603],[34.091206714,0.438397283],[34.090845035,0.438140302],[34.089902768,0.435951198],[34.090502392,0.434114254],[34.090273965,0.432762721],[34.089674342,0.430773489],[34.089950357,0.428822332],[34.089845662,0.425586265],[34.089464947,0.424253767],[34.090797446,0.421702986],[34.091320927,0.421150949],[34.092977033,0.41986604],[34.09320546,0.419028471],[34.094138209,0.418171865],[34.094956743,0.416791778],[34.096298759,0.415725778],[34.096641402,0.415611565],[34.09775499,0.414659781],[34.099268327,0.414783512],[34.099639523,0.414412318],[34.099572901,0.412927532],[34.09982988,0.41170925],[34.101229003,0.408121022],[34.101276592,0.406712382],[34.101038646,0.406093721],[34.101400327,0.40428533],[34.10128611,0.403714261],[34.10137177,0.403171744],[34.101238521,0.402581635],[34.101657306,0.401820209],[34.10231404,0.401696478],[34.10248536,0.400754209],[34.103408589,0.399240873],[34.10402092,0.398542344],[34.105658169,0.394662165],[34.107346684,0.389207414],[34.108033616,0.385815209],[34.108603053,0.381437046],[34.109359087,0.378189565],[34.109541886,0.376054771],[34.109171148,0.369652282],[34.10848844,0.367411626],[34.106805422,0.363983703],[34.106180661,0.363534681],[34.104962378,0.3630112],[34.104086736,0.36195472],[34.103813882,0.361734258],[34.103544219,0.361811951],[34.103125433,0.361393166],[34.102620987,0.360403311],[34.102782791,0.35979417],[34.102977907,0.359731114],[34.103063205,0.359351552],[34.102383557,0.359041467],[34.102604847,0.358655993],[34.102493828,0.358444145],[34.101548368,0.358177721],[34.101498399,0.357999262],[34.101733964,0.35774228],[34.101476982,0.357242593],[34.101137898,0.357136971],[34.100991572,0.356714353],[34.100784559,0.356849983],[34.100598961,0.357335393],[34.100256321,0.35681429],[34.100178419,0.355399523],[34.099415833,0.355418202],[34.098968495,0.35462822],[34.099020845,0.354138052],[34.099706128,0.354047631],[34.099218444,0.353560191],[34.098654409,0.353681193],[34.098464049,0.353405177],[34.099092585,0.353125392],[34.099306378,0.353205303],[34.099434869,0.352967357],[34.098892352,0.352586642],[34.098987531,0.352324902],[34.099277825,0.352096474],[34.098691999,0.351967662],[34.0977169,0.352215446],[34.097683586,0.352001295],[34.097983398,0.351868045],[34.098673445,0.350935296],[34.098606817,0.350768734],[34.098183274,0.350516512],[34.09850212,0.350012067],[34.098785282,0.350157564],[34.098901871,0.349969234],[34.09868296,0.349460031],[34.098701995,0.349141184],[34.098873316,0.348898477],[34.098445013,0.348460658],[34.098492603,0.348289336],[34.098759102,0.34836548],[34.099258789,0.348888961],[34.099729922,0.348698603],[34.099867931,0.347770612],[34.099309357,0.346914469],[34.097713193,0.34601621],[34.096184525,0.344372744],[34.095289851,0.344448886],[34.095132806,0.344134796],[34.094837751,0.344091967],[34.094837751,0.344382261],[34.095446896,0.34492002],[34.095147272,0.345573386],[34.09448559,0.345448259],[34.094161986,0.345500608],[34.094123912,0.345310252],[34.094571254,0.344815323],[34.094518903,0.344344189],[34.094190537,0.343882573],[34.094238128,0.343668423],[34.094694983,0.343397163],[34.094666432,0.34324012],[34.094052528,0.343263914],[34.093833618,0.343087834],[34.093000807,0.343249638],[34.093110264,0.342921272],[34.09298653,0.342745193],[34.092077577,0.342940307],[34.09210137,0.343178254],[34.092472566,0.343506619],[34.09245829,0.343735048],[34.092031217,0.343591357],[34.091268559,0.342873682],[34.091972028,0.34276046],[34.092106129,0.342145567],[34.092010951,0.341874309],[34.091734933,0.341712507],[34.091282838,0.341702988],[34.090887845,0.341988523],[34.090783149,0.342383514],[34.09064514,0.342216952],[34.090680029,0.341453487],[34.090307195,0.341193081],[34.089931302,0.341298479],[34.089907507,0.341012945],[34.090174009,0.340784516],[34.090078831,0.340646507],[34.089621972,0.340518015],[34.089698115,0.340251517],[34.090254644,0.340217609],[34.090754596,0.340636989],[34.090959229,0.34063223],[34.090923854,0.34007901],[34.090707006,0.339894597],[34.089591585,0.339499882],[34.089048701,0.338930806],[34.087894483,0.338167108],[34.087242511,0.338214699],[34.087052154,0.337905368],[34.087218718,0.337510378],[34.087152091,0.337310502],[34.0861432,0.33657763],[34.085510263,0.33701545],[34.085262799,0.336944066],[34.085338942,0.336196915],[34.084877327,0.336239745],[34.084867812,0.336016077],[34.085043892,0.335854272],[34.084915398,0.335568738],[34.084491854,0.335768612],[34.084429988,0.33529748],[34.084587033,0.334935801],[34.084244392,0.334831105],[34.084192042,0.334650265],[34.084525167,0.334164856],[34.083601937,0.333736552],[34.083159356,0.333846008],[34.082826877,0.334429444],[34.082102876,0.334255275],[34.08181734,0.334364731],[34.081788786,0.334602676],[34.081612706,0.334650265],[34.081528952,0.334148741],[34.081108261,0.333888837],[34.081579395,0.333146446],[34.081826858,0.333041751],[34.082159982,0.333179758],[34.082407446,0.333089339],[34.08234558,0.33277525],[34.082026734,0.332361225],[34.081731679,0.332285082],[34.081041636,0.333141687],[34.080927421,0.333474812],[34.080737065,0.333284455],[34.080737065,0.332542063],[34.080342074,0.332151831],[34.080660922,0.331485583],[34.080832243,0.33127619],[34.081665464,0.331313814],[34.081864929,0.331185769],[34.081979143,0.33083361],[34.081793547,0.330386271],[34.082240886,0.33008646],[34.082045769,0.329848513],[34.081393796,0.329881824],[34.080994047,0.330281576],[34.080665682,0.330314888],[34.080908386,0.329929416],[34.081093003,0.329873547],[34.081174885,0.32959153],[34.080613333,0.329225094],[34.080708511,0.329029978],[34.08141759,0.329191783],[34.081527046,0.328972872],[34.081370001,0.328701613],[34.080370628,0.328634988],[34.079195174,0.328982389],[34.079047647,0.329301236],[34.078838256,0.329296478],[34.078895363,0.328592158],[34.078395675,0.328049641],[34.077418401,0.327693512],[34.076639634,0.32756423],[34.076225607,0.327178758],[34.075668814,0.327521401],[34.075721161,0.326517268],[34.075545081,0.326207938],[34.075221475,0.326088965],[34.075140572,0.325822465],[34.074731305,0.325646384],[34.074288727,0.325789154],[34.074164993,0.326012822],[34.073465432,0.325793911],[34.073646272,0.325460788],[34.074174514,0.325351332],[34.074345833,0.32518477],[34.074412457,0.32469936],[34.073908012,0.324294851],[34.073622476,0.324351959],[34.073846146,0.323799923],[34.07374145,0.323514389],[34.072875325,0.323500111],[34.072656417,0.323309754],[34.072742076,0.323114638],[34.072565996,0.322729165],[34.072180523,0.322686335],[34.071723669,0.322933799],[34.071409578,0.323633362],[34.071114524,0.323457282],[34.071005072,0.322971872],[34.071257294,0.322614952],[34.070919408,0.322443631],[34.069772579,0.322862748],[34.068397181,0.323238371],[34.067811833,0.323076567],[34.066474578,0.323247888],[34.065860674,0.322933799],[34.065208704,0.323581013],[34.064861304,0.323604807],[34.06468998,0.323452523],[34.06473281,0.323038496],[34.064351198,0.322456763],[34.06411415,0.322600676],[34.063871445,0.323271683],[34.063546041,0.323049868],[34.0632861,0.32305753],[34.063114776,0.323300237],[34.062819726,0.323005184],[34.06280069,0.32249122],[34.062513488,0.322322041],[34.062395703,0.323092985],[34.062202967,0.323435629],[34.062035215,0.32329286],[34.062245797,0.321979398],[34.062185123,0.32166531],[34.061556943,0.321936568],[34.061075102,0.321640325],[34.060853813,0.321954413],[34.060546864,0.322043644],[34.060282743,0.321697432],[34.060686062,0.32112636],[34.060279173,0.321144207],[34.059833024,0.321622479],[34.059611734,0.321611771],[34.059526075,0.321140638],[34.059361893,0.321112085],[34.059211985,0.321329805],[34.059294076,0.322093613],[34.059179863,0.322600436],[34.058630206,0.322536192],[34.058533838,0.322393424],[34.058962141,0.321847337],[34.05892288,0.321622479],[34.058259013,0.321725985],[34.057902091,0.322164996],[34.057602279,0.322061489],[34.056667151,0.321147776],[34.056651684,0.320548152],[34.056830144,0.320376831],[34.057237032,0.320498183],[34.057708165,0.320412523],[34.058229267,0.319770069],[34.057836659,0.319356042],[34.058457695,0.318735002],[34.058471972,0.318499436],[34.058015116,0.318299561],[34.057929455,0.318049719],[34.05847911,0.31671484],[34.058664708,0.315544145],[34.058993074,0.314708955],[34.05932144,0.314573324],[34.058893137,0.313002881],[34.058750372,0.312538886],[34.058993074,0.312460365],[34.059606975,0.312824421],[34.05994248,0.312603131],[34.060120939,0.312260488],[34.059992449,0.311532374],[34.05980685,0.311275393],[34.059899649,0.311004135],[34.060385059,0.31093275],[34.060827638,0.311239699],[34.060974448,0.311152872],[34.060903822,0.310302404],[34.060382825,0.309887391],[34.059221502,0.310304573],[34.059071599,0.31022605],[34.05925404,0.309455994],[34.059128706,0.309198122],[34.058453424,0.309071983],[34.058065085,0.308855481],[34.057294139,0.308962557],[34.057101403,0.308669882],[34.057087128,0.308163058],[34.056523194,0.307634816],[34.055716556,0.307820415],[34.055536159,0.307632262],[34.055009856,0.307542018],[34.054745736,0.307099437],[34.054506537,0.306276695],[34.054181807,0.306164311],[34.053839161,0.306407015],[34.053125323,0.306200002],[34.052418625,0.306378461],[34.052340101,0.306150033],[34.052625639,0.30585736],[34.052580079,0.305672412],[34.052111002,0.3057858],[34.051597709,0.306128618],[34.051205098,0.306171449],[34.050955258,0.305878775],[34.050948116,0.305321981],[34.051255067,0.304686665],[34.052104534,0.304151286],[34.052247305,0.303887166],[34.051873189,0.3031528],[34.051576294,0.30302342],[34.051219375,0.303758676],[34.050926701,0.303751537],[34.05085532,0.303451723],[34.051077293,0.30283962],[34.050120064,0.302637948],[34.050077234,0.302359553],[34.049905912,0.302231061],[34.04965974,0.302686666],[34.04925632,0.302602257],[34.049556132,0.301474392],[34.048806601,0.300767691],[34.04885657,0.300532127],[34.049352203,0.300175794],[34.049177797,0.299539891],[34.049456197,0.298997373],[34.049227766,0.297898063],[34.04934198,0.297448344],[34.049541855,0.297248471],[34.050262834,0.297077148],[34.0503128,0.296827306],[34.049948744,0.296349033],[34.049977296,0.296077775],[34.050562662,0.295387285],[34.050598336,0.294935634],[34.05036293,0.29443821],[34.049734592,0.293986228],[34.049413365,0.294064751],[34.049327703,0.294257486],[34.04857725,0.294527708],[34.048299776,0.294350287],[34.048349745,0.293950537],[34.049242045,0.293629309],[34.04938481,0.293386605],[34.049362931,0.293032145],[34.049013615,0.292615659],[34.048364022,0.292244463],[34.048742356,0.291837575],[34.048528205,0.291387858],[34.047999964,0.291937514],[34.047414619,0.292315847],[34.047171912,0.292244463],[34.047146238,0.291926203],[34.046765024,0.291637701],[34.046793577,0.291337889],[34.046665839,0.291199082],[34.046265337,0.291359303],[34.045751376,0.29115229],[34.045493695,0.291394703],[34.045244548,0.291237952],[34.045089707,0.29067865],[34.044559264,0.290902448],[34.044323697,0.290788233],[34.044395081,0.290516974],[34.044759138,0.290431315],[34.044866214,0.290202887],[34.044575239,0.289793766],[34.044345112,0.289717475],[34.043881118,0.290017288],[34.04360986,0.290424176],[34.043502784,0.291023801],[34.043267216,0.290995246],[34.043103033,0.290352792],[34.042924574,0.290324239],[34.042774668,0.290581221],[34.042867467,0.291273643],[34.042738979,0.291345028],[34.042274981,0.290916725],[34.04185561,0.290843611],[34.042476575,0.28931383],[34.042349908,0.289046695],[34.042025138,0.288960807],[34.041555928,0.288498807],[34.0412185,0.288718102],[34.041054318,0.289182098],[34.040783059,0.289224927],[34.040561769,0.28908216],[34.040679717,0.288498889],[34.041025766,0.288246969],[34.040834949,0.288007579],[34.03998356,0.28855392],[34.039698025,0.288568196],[34.039326829,0.287868633],[34.0395594,0.28741178],[34.040054946,0.287090552],[34.040833028,0.287511715],[34.041496897,0.287540268],[34.041518313,0.288104201],[34.041646803,0.288161308],[34.041875235,0.287575962],[34.042396334,0.28766876],[34.042589071,0.287533131],[34.042531964,0.287140519],[34.041189948,0.287047721],[34.041104286,0.286662249],[34.04191144,0.286180365],[34.042177885,0.285866889],[34.042631903,0.286198252],[34.043245801,0.28603407],[34.04329577,0.285827057],[34.043003096,0.285491553],[34.042703284,0.285434447],[34.042274981,0.284856236],[34.041840749,0.284726092],[34.040897273,0.285106081],[34.040304787,0.284692053],[34.039655194,0.284806267],[34.039341106,0.284613533],[34.03950975,0.284172029],[34.039862208,0.284199506],[34.040326204,0.283507082],[34.04033349,0.283270367],[34.040097774,0.283021673],[34.040104916,0.282828936],[34.040554631,0.28294315],[34.040690294,0.282826628],[34.040383311,0.282314973],[34.04046897,0.282165066],[34.041125701,0.28210796],[34.040847304,0.281843839],[34.040868721,0.281337015],[34.040645784,0.281218748],[34.040376174,0.28130846],[34.040304787,0.281094308],[34.040979866,0.280395292],[34.041389822,0.280052106],[34.041280999,0.27977603],[34.040047809,0.279688048],[34.040297649,0.2805161],[34.040019252,0.280687421],[34.039726578,0.280666005],[34.039597415,0.280295941],[34.039134999,0.279750168],[34.038505916,0.279316851],[34.038491641,0.278695812],[34.039241168,0.278374585],[34.039776547,0.278845718],[34.03998356,0.278874273],[34.039905038,0.278288925],[34.040369264,0.277941606],[34.040361894,0.277211029],[34.041496897,0.277318105],[34.041654706,0.276875135],[34.042406803,0.276414031],[34.042545447,0.275700841],[34.042090586,0.275489396],[34.041687881,0.275780875],[34.041382683,0.275769075],[34.041461206,0.275219421],[34.041819568,0.275090499],[34.041854163,0.274775933],[34.041118563,0.27481967],[34.041054318,0.273963064],[34.041123337,0.273587537],[34.040704538,0.273777467],[34.040304787,0.273777467],[34.039962145,0.273477654],[34.040600698,0.273045335],[34.040162022,0.272856616],[34.039605226,0.273242088],[34.03944719,0.272833285],[34.039655194,0.272428313],[34.039169784,0.272742402],[34.038916552,0.273144785],[34.038391703,0.273192119],[34.037863461,0.272692433],[34.03791343,0.272192745],[34.038163272,0.271885796],[34.038605854,0.271735889],[34.038520192,0.271536013],[34.037813492,0.271607398],[34.037713554,0.271414662],[34.037842045,0.271136265],[34.038584437,0.270964943],[34.038812865,0.270757931],[34.038720067,0.27032249],[34.038298902,0.270115477],[34.0377778,0.270201136],[34.037577928,0.270615162],[34.036185943,0.269644343],[34.035779052,0.269680034],[34.035664838,0.269887047],[34.036043173,0.270193998],[34.036078867,0.270508086],[34.035679115,0.270686546],[34.035243674,0.270550918],[34.035065215,0.270222552],[34.035764777,0.268794874],[34.035557763,0.268737767],[34.03522226,0.268909089],[34.035165645,0.26908192],[34.034651188,0.26873063],[34.034230023,0.268844843],[34.033934548,0.269495166],[34.033701783,0.269394499],[34.033529845,0.26882075],[34.032980806,0.268873398],[34.03270241,0.268045345],[34.032431152,0.267531382],[34.032074232,0.267816917],[34.031845804,0.268566447],[34.031583121,0.268579765],[34.03146747,0.26837371],[34.031545991,0.268088175],[34.031110025,0.267662391],[34.030346743,0.267609902],[34.03023253,0.267410029],[34.030234459,0.266825327],[34.029383061,0.266603391],[34.029104665,0.266903204],[34.029154634,0.267602765],[34.029042347,0.268654309],[34.028699418,0.268959653],[34.028305165,0.268851982],[34.027527082,0.26775981],[34.027248685,0.266639083],[34.026956012,0.266846097],[34.026820382,0.267260124],[34.027020256,0.267702703],[34.026784692,0.267938269],[34.025999468,0.267681287],[34.025613995,0.267738394],[34.025364152,0.267552796],[34.025878116,0.266731883],[34.025913807,0.266310718],[34.025779294,0.266195635],[34.025428397,0.266296442],[34.025106473,0.266834458],[34.024015934,0.267095202],[34.023829402,0.26701028],[34.023843676,0.266589114],[34.024502542,0.265896877],[34.024614621,0.265325622],[34.025191248,0.264829379],[34.025085821,0.264629475],[34.0244433,0.264533261],[34.024257705,0.264340524],[34.024507546,0.264112095],[34.024935849,0.264133511],[34.025178555,0.263969328],[34.025214246,0.263740899],[34.024604689,0.263475509],[34.024627222,0.263246733],[34.025014373,0.263069893],[34.02410066,0.26272011],[34.024236099,0.261796043],[34.024297484,0.261507535],[34.023972167,0.26139951],[34.023536726,0.261528002],[34.023451068,0.261378094],[34.024051798,0.260868727],[34.023990371,0.260662659],[34.023643801,0.26042869],[34.023037039,0.260378721],[34.022076379,0.259601539],[34.022025768,0.25888204],[34.022499614,0.258712413],[34.022568285,0.25822531],[34.022406482,0.257958809],[34.021616501,0.258111096],[34.021388072,0.257625686],[34.021587947,0.257054614],[34.022393423,0.256706185],[34.02250166,0.256531134],[34.022054321,0.256207526],[34.021863966,0.255883918],[34.022598427,0.255506379],[34.022508005,0.254868684],[34.022165363,0.254464174],[34.022441382,0.25421671],[34.023304125,0.254284748],[34.023317024,0.253993042],[34.022674569,0.253521908],[34.022492344,0.2528247],[34.021996421,0.252915146],[34.021496735,0.252743824],[34.020918525,0.252087093],[34.020566658,0.252043967],[34.020404562,0.252229861],[34.020261795,0.252165616],[34.020021765,0.251176613],[34.01901258,0.251080581],[34.018912642,0.250880707],[34.019026855,0.250345328],[34.018941193,0.250209698],[34.01737678,0.250589132],[34.017253712,0.250594098],[34.017230073,0.250409834],[34.017534932,0.249781395],[34.01705666,0.249724288],[34.016114396,0.249053281],[34.01620073,0.248577075],[34.016021595,0.248246644],[34.016200054,0.247497114],[34.015944929,0.247508104],[34.015690738,0.247176942],[34.014965114,0.247175886],[34.013980017,0.246804689],[34.013765866,0.247040256],[34.013558852,0.246868935],[34.013794419,0.246454909],[34.014201307,0.246069436],[34.014301245,0.245591164],[34.01374445,0.245205692],[34.013301019,0.244469792],[34.012720427,0.243879685],[34.012530071,0.243851132],[34.012453928,0.243565597],[34.012149358,0.243222954],[34.012035145,0.242785134],[34.012130322,0.2426614],[34.009734963,0.239257153],[34.009403886,0.238420699],[34.006305196,0.234801754],[34.006644837,0.234530969],[34.006930372,0.234381063],[34.007458613,0.233874238],[34.007694179,0.233988452],[34.007922607,0.2337743],[34.007708457,0.233253198],[34.007401505,0.233146123],[34.007415782,0.232774927],[34.007894054,0.233031909],[34.008935137,0.232611665],[34.00995397,0.231190149],[34.010443426,0.230871435],[34.011973429,0.22895893],[34.013025306,0.226855177],[34.012451554,0.224847047],[34.010539051,0.223412669],[34.006905296,0.219492038],[34.003462787,0.21604953],[34.001837159,0.212511399],[34.000020281,0.209451392],[33.997438401,0.203044507],[33.996195273,0.198263247],[33.996482149,0.195872619],[33.999299394,0.193457838],[34.001794405,0.189628485],[34.000916313,0.187423699],[33.999446529,0.187361975],[33.998299028,0.186596974],[33.997055903,0.185066973],[33.996386525,0.183441345],[33.996290901,0.181146341],[33.997000958,0.179732392],[33.996803736,0.177379771],[33.995021948,0.175716553],[33.993230893,0.174739454],[33.992561517,0.173783202],[33.992370266,0.172253199],[33.994602534,0.169032396],[33.994792,0.168572001],[33.9937,0.164641],[33.989888113,0.161909513],[33.987875883,0.162021302],[33.986059005,0.160969426],[33.984337751,0.159343798],[33.982616498,0.155040667],[33.982616498,0.153606288],[33.985401,0.152409999],[33.987584999,0.153065],[33.989114,0.153939001],[33.991516,0.153501999],[33.994356,0.153721001],[33.99808954,0.147917652],[33.997342776,0.145765024],[33.9966734,0.144713144],[33.995239022,0.143278769],[33.994597354,0.138108344],[33.990744638,0.136585004],[33.989023386,0.136106881],[33.987971511,0.136011254],[33.986441507,0.135246253],[33.985389628,0.134098749],[33.984911503,0.132664374],[33.984433377,0.132090623],[33.983094623,0.131325622],[33.982807749,0.130178117],[33.982520873,0.127500612],[33.982616498,0.126257486],[33.981564623,0.124631859],[33.981182121,0.122719353],[33.983381499,0.118894347],[33.985131008,0.119075331],[33.987421,0.118312],[33.988171436,0.116905575],[33.986824006,0.116599344],[33.985102753,0.115738717],[33.983955253,0.114973716],[33.98357275,0.113826213],[33.986441507,0.112104958],[33.987800576,0.111034143],[33.987900032,0.109443552],[33.986441507,0.108471203],[33.983190251,0.107514951],[33.982903374,0.106176197],[33.980225869,0.103976817],[33.978313366,0.101777441],[33.975731488,0.101873066],[33.973340857,0.102446816],[33.971715229,0.102159939],[33.969228975,0.101203688],[33.966360217,0.099004308],[33.96492584,0.096996182],[33.961578958,0.096709305],[33.957945202,0.096996182],[33.954980821,0.098526184],[33.951442689,0.09957806],[33.94943456,0.099769309],[33.94790456,0.099291186],[33.947426431,0.096900556],[33.947522057,0.09498805],[33.948956434,0.094318675],[33.951347065,0.094031798],[33.954502697,0.095179303],[33.956135,0.094232999],[33.956463,0.093578001],[33.956463,0.093266797],[33.955363323,0.092214921],[33.953068317,0.091545544],[33.950677687,0.091067419],[33.948382683,0.090111168],[33.945131427,0.088294288],[33.943218924,0.086381786],[33.943697049,0.084756158],[33.945896428,0.083799906],[33.949419,0.080800999],[33.950009327,0.080159447],[33.952494566,0.076341141],[33.953163942,0.074333011],[33.953546442,0.07242051],[33.952972693,0.070125504],[33.952112067,0.067830499],[33.951155813,0.066491748],[33.949912686,0.06304924],[33.948669558,0.061232361],[33.947426431,0.05989361],[33.945418302,0.057311729],[33.946183303,0.054347351],[33.947426431,0.053295473],[33.94943456,0.05214797],[33.952207691,0.051956721],[33.954980821,0.052339219],[33.961770208,0.055016726],[33.962630838,0.056164228],[33.964734589,0.055972979],[33.97028085,0.052817348],[33.97305398,0.051000468],[33.976400861,0.046792958],[33.97860024,0.045167332],[33.98137337,0.042394201],[33.983285875,0.039525446],[33.983764,0.037134818],[33.986345883,0.032927309],[33.987589008,0.031492932],[33.988449634,0.028337301],[33.988832134,0.022026037],[33.989401523,0.020887263],[33.991727348,0.017731454],[33.993083641,0.01451918],[33.993654712,0.012805968],[33.995225156,0.012805968],[33.998009125,0.01059307],[33.999151267,0.006595576],[33.99865158,0.005239282],[33.997366671,0.004953747],[33.996866985,0.004025758],[33.998799923,-0.001129601],[34.004227789,-0.009434645],[34.010347801,-0.020335919],[34.01199627,-0.022883552],[34.012797407,-0.024819157],[34.013089404,-0.026695512],[34.012926553,-0.028649745],[34.011916867,-0.029073162],[34.010027775,-0.029105731],[34.008887806,-0.030245699],[34.008203828,-0.032558205],[34.007715269,-0.033698173],[34.007878121,-0.034219304],[34.011225797,-0.03556404],[34.011575568,-0.037544434],[34.011004495,-0.038757962],[34.011111571,-0.03932903],[34.011004495,-0.039793026],[34.010040813,-0.040328405],[34.00979097,-0.041006553],[34.010183583,-0.041756081],[34.01036204,-0.042898224],[34.009862355,-0.04361206],[34.009077132,-0.043861906],[34.008684521,-0.044468666],[34.00847037,-0.0456465],[34.00850606,-0.046181879],[34.008898673,-0.04693141],[34.010254965,-0.047395406],[34.011861101,-0.047252637],[34.013181701,-0.046538797],[34.013895541,-0.045468042],[34.013986609,-0.045058235],[34.014662,-0.044130001],[34.015153001,-0.044007],[34.015718387,-0.04410953],[34.016536742,-0.044587641],[34.017000736,-0.045194401],[34.017607499,-0.045408553],[34.018606872,-0.044944558],[34.020141625,-0.044873174],[34.023389589,-0.045087326],[34.024281887,-0.043945186],[34.024674498,-0.043124273],[34.025302822,-0.042390487],[34.026244945,-0.041839364],[34.027636927,-0.04155],[34.029314449,-0.04155],[34.029956903,-0.042017821],[34.030777816,-0.043231349],[34.031848573,-0.0434455],[34.0337606,-0.043313754],[34.035301002,-0.044743999],[34.037758002,-0.048552],[34.039969,-0.052729001],[34.041624946,-0.059038703],[34.042120857,-0.062510755],[34.041961283,-0.063397279],[34.041295034,-0.064682189],[34.039343875,-0.06701406],[34.038106556,-0.067918255],[34.037107182,-0.068394147],[34.033585579,-0.068346558],[34.032538617,-0.0681562],[34.031063351,-0.067442363],[34.030063979,-0.067252008],[34.027732108,-0.068632095],[34.027684517,-0.069060398],[34.028350766,-0.069298342],[34.030301923,-0.068489325],[34.030825408,-0.068489325],[34.031634422,-0.069345931],[34.033062098,-0.07248682],[34.034537367,-0.07615119],[34.034918078,-0.078007169],[34.035060847,-0.079577616],[34.033966294,-0.080101096],[34.033633169,-0.080814933],[34.033823526,-0.081861896],[34.035013257,-0.082242612],[34.037512528,-0.080601592],[34.039109,-0.080001999],[34.040970031,-0.079564583],[34.042341996,-0.08038663],[34.044007622,-0.080719755],[34.046849003,-0.080125],[34.049429,-0.077668],[34.050703379,-0.077079885],[34.052278055,-0.077532188],[34.053360002,-0.076931001],[34.054957001,-0.077176999],[34.055563181,-0.077090302],[34.057285013,-0.07738851],[34.059569294,-0.075104228],[34.060092776,-0.073866907],[34.060854203,-0.072772357],[34.062186704,-0.071915751],[34.063947502,-0.071106733],[34.06528,-0.071725394],[34.065898662,-0.072677179],[34.067231159,-0.074152444],[34.068325711,-0.07615119],[34.070467227,-0.082480556],[34.071323834,-0.086478052],[34.071419011,-0.087858139],[34.071323834,-0.088762334],[34.068849192,-0.090570724],[34.06713598,-0.091427329],[34.065517947,-0.091808045],[34.064137859,-0.093188133],[34.063233666,-0.09442545],[34.063104312,-0.096417464],[34.062424647,-0.096662143],[34.061234916,-0.096662143],[34.060092776,-0.096900091],[34.05923617,-0.097375983],[34.060187954,-0.098280178],[34.060473491,-0.099041607],[34.058474741,-0.101087941],[34.059093404,-0.10308669],[34.061008554,-0.103422095],[34.062925376,-0.104470752],[34.064233038,-0.107274539],[34.063281253,-0.111938284],[34.064466815,-0.112902695],[34.065277003,-0.113172999],[34.066382,-0.114032999],[34.068717,-0.114647001],[34.070559001,-0.116244001],[34.072034,-0.117104001],[34.072132848,-0.115031582],[34.071752137,-0.114603279],[34.070990708,-0.11269971],[34.070419636,-0.110796141],[34.070800349,-0.109987127],[34.072465973,-0.109416054],[34.07849501,-0.109155039],[34.081235247,-0.108836078],[34.085124706,-0.106275168],[34.085315062,-0.105561328],[34.084553635,-0.103800527],[34.084030153,-0.102943921],[34.082792835,-0.101659011],[34.080413372,-0.100374102],[34.077129716,-0.100278924],[34.075749629,-0.100707227],[34.074084008,-0.100421694],[34.073322579,-0.099898212],[34.073016001,-0.098921999],[34.073988827,-0.09694768],[34.075016382,-0.095663211],[34.080841675,-0.093045362],[34.083268726,-0.09214117],[34.087551755,-0.091617686],[34.087837291,-0.090903847],[34.087171041,-0.09019001],[34.086219257,-0.089761707],[34.086837919,-0.08790573],[34.086933096,-0.086097337],[34.088551132,-0.083146805],[34.089407734,-0.083813055],[34.089836037,-0.08471725],[34.090502287,-0.08543109],[34.093119697,-0.08652564],[34.093785944,-0.087620191],[34.094638,-0.088601999],[34.095464168,-0.089221415],[34.096699845,-0.089731596],[34.097783439,-0.08952376],[34.09825933,-0.088667154],[34.097878617,-0.08790573],[34.097212367,-0.087049121],[34.094832906,-0.085050373],[34.094499784,-0.084526892],[34.094309424,-0.083241983],[34.093881121,-0.08233779],[34.093690765,-0.081195649],[34.092738981,-0.080624577],[34.091454072,-0.080339043],[34.088551132,-0.080291451],[34.085789262,-0.08001704],[34.084553635,-0.078483061],[34.082221763,-0.076293959],[34.080270604,-0.075151817],[34.079271231,-0.073628963],[34.078842928,-0.073343426],[34.078652573,-0.07248682],[34.078938107,-0.071630216],[34.079747123,-0.070868788],[34.087518302,-0.068006488],[34.092427,-0.067226],[34.094147,-0.066612001],[34.097341,-0.064769],[34.100245098,-0.06474024],[34.101162272,-0.06520567],[34.103732091,-0.065538795],[34.105017001,-0.066966471],[34.105445304,-0.067823077],[34.106968158,-0.069679057],[34.108253066,-0.071820573],[34.108491012,-0.072534409],[34.108633782,-0.074247622],[34.109062085,-0.07486628],[34.109728332,-0.075294583],[34.110965653,-0.075389762],[34.112084,-0.075087999],[34.11229815,-0.075770478],[34.113110155,-0.075811078],[34.114153264,-0.075372458],[34.114296897,-0.07500905],[34.114177492,-0.074766778],[34.114443991,-0.074282231],[34.115316172,-0.073991505],[34.117014048,-0.072690735],[34.117342608,-0.072296462],[34.11905411,-0.071597927],[34.120573483,-0.069969783],[34.121978663,-0.069000693],[34.125472777,-0.067533611],[34.128054,-0.066243001],[34.132048448,-0.063091568],[34.132980393,-0.061355094],[34.135642826,-0.058631436],[34.137144916,-0.056862848],[34.137968641,-0.05613603],[34.140052184,-0.055045804],[34.140730548,-0.054876215],[34.14148159,-0.054973121],[34.143274405,-0.056765939],[34.143492451,-0.05831648],[34.144001224,-0.059406706],[34.144509995,-0.06008507],[34.144679585,-0.060593843],[34.144461542,-0.06112684],[34.142668725,-0.062677386],[34.141093956,-0.063646474],[34.140391366,-0.064542883],[34.139349595,-0.066456832],[34.136030461,-0.068152742],[34.134092282,-0.068976467],[34.132832468,-0.0709631],[34.132808238,-0.071956416],[34.133680419,-0.072150234],[34.134940237,-0.073119324],[34.135230963,-0.073918823],[34.135206735,-0.074427597],[34.134407236,-0.075081731],[34.13387424,-0.076171958],[34.133656193,-0.077092593],[34.133898465,-0.077649818],[34.134528373,-0.078158591],[34.135927604,-0.078795419],[34.136790159,-0.07968772],[34.13780143,-0.080609758],[34.138426038,-0.080817961],[34.138991159,-0.081234367],[34.140151149,-0.081412829],[34.141875816,-0.081017813],[34.142441378,-0.08135334],[34.143512136,-0.081502059],[34.144344947,-0.082067179],[34.144731612,-0.082781019],[34.145237246,-0.083167679],[34.145861853,-0.084387155],[34.145980827,-0.0857256],[34.145385961,-0.086945076],[34.143303933,-0.088283521],[34.142560351,-0.089056847],[34.142715016,-0.092417834],[34.142715016,-0.093345823],[34.142536557,-0.094059664],[34.141180264,-0.095987026],[34.140859037,-0.096736556],[34.138539063,-0.098092851],[34.137289848,-0.098414078],[34.135398174,-0.099270684],[34.133113891,-0.099984521],[34.130544073,-0.099663294],[34.129401933,-0.099270684],[34.126332429,-0.09887807],[34.124440755,-0.09848546],[34.121478327,-0.099698987],[34.119943576,-0.100555593],[34.119051277,-0.102697106],[34.117373756,-0.103446635],[34.116338693,-0.104303241],[34.115125166,-0.104981389],[34.114982398,-0.106266299],[34.114197177,-0.106730295],[34.114054409,-0.107301362],[34.114661171,-0.108300738],[34.114339943,-0.109014575],[34.114197177,-0.109835488],[34.114339943,-0.110620712],[34.114696863,-0.111298857],[34.115410701,-0.111941312],[34.116691,-0.112696001],[34.118441,-0.112236],[34.120837003,-0.111958999],[34.123509003,-0.111498999],[34.124439201,-0.112138277],[34.124869059,-0.113119144],[34.125261671,-0.113547447],[34.12701,-0.113618002],[34.128576001,-0.113249],[34.133183,-0.112789],[34.135948001,-0.113156999],[34.138527,-0.112880999],[34.139725,-0.111958999],[34.141752,-0.111866999],[34.143134,-0.111314001],[34.145898,-0.112236],[34.147649002,-0.113156999],[34.148735682,-0.113904555],[34.150460164,-0.115474811],[34.151209694,-0.116581263],[34.151388152,-0.117723402],[34.151138308,-0.118544317],[34.150531546,-0.119365232],[34.148211572,-0.120757217],[34.145998674,-0.121935048],[34.14335747,-0.12361257],[34.142358097,-0.124861786],[34.140644885,-0.125968234],[34.138931673,-0.126860532],[34.137860916,-0.127645756],[34.135540941,-0.128538053],[34.134434492,-0.128787896],[34.133363734,-0.12868082],[34.132471437,-0.128002674],[34.131507755,-0.127003302],[34.130544073,-0.126539304],[34.126832114,-0.126325153],[34.125868432,-0.126146696],[34.124797675,-0.124933168],[34.123691225,-0.121613821],[34.123155846,-0.120364603],[34.121692478,-0.119258156],[34.120835873,-0.118151705],[34.120871564,-0.117366483],[34.119765115,-0.117080947],[34.118730049,-0.118116014],[34.118230363,-0.119579381],[34.116624226,-0.120328914],[34.116124542,-0.120721524],[34.11576762,-0.121756588],[34.115624853,-0.123005806],[34.114839632,-0.124504865],[34.11462548,-0.125432855],[34.113947333,-0.126682075],[34.11387595,-0.127717138],[34.113055034,-0.12810975],[34.112483964,-0.128609438],[34.113126419,-0.129644502],[34.114475849,-0.130437962],[34.114732556,-0.130858027],[34.114768247,-0.132071551],[34.114554095,-0.132856776],[34.11391164,-0.133820458],[34.112983651,-0.136283198],[34.110735061,-0.138496098],[34.107844015,-0.13985239],[34.105845268,-0.140423462],[34.104715024,-0.14139904],[34.103477707,-0.142112879],[34.102763866,-0.142731539],[34.102430741,-0.144587517],[34.101431368,-0.145158587],[34.099289853,-0.144682695],[34.098909142,-0.143873678],[34.098195301,-0.143635733],[34.095768251,-0.143540553],[34.094150217,-0.14325502],[34.091818346,-0.143350197],[34.089962367,-0.144016448],[34.089486474,-0.144539929],[34.090105133,-0.145396535],[34.090628614,-0.146586266],[34.091294864,-0.147300104],[34.09255,-0.148078],[34.092294238,-0.148965724],[34.092960486,-0.149489206],[34.093862358,-0.149681466],[34.095387539,-0.151678312],[34.095720664,-0.153010808],[34.096767626,-0.154010184],[34.097576641,-0.15420054],[34.098671194,-0.15486679],[34.099051907,-0.156532411],[34.099147086,-0.157674552],[34.100146459,-0.159197408],[34.100717529,-0.15976848],[34.101954849,-0.161767227],[34.102478331,-0.16219553],[34.102834039,-0.162269002],[34.103525294,-0.163337669],[34.103810828,-0.164194276],[34.105048149,-0.165812311],[34.106380647,-0.166240614],[34.107475199,-0.167668288],[34.108236627,-0.16823936],[34.112995548,-0.168382129],[34.113138317,-0.167715879],[34.115660545,-0.167573109],[34.116802686,-0.167811057],[34.117995501,-0.168795157],[34.121430395,-0.173835102],[34.120681287,-0.174316272],[34.120859745,-0.174613705],[34.121157178,-0.174494732],[34.121062,-0.174340066],[34.121567352,-0.174051293],[34.122449,-0.175442999],[34.123186,-0.178114999],[34.123088876,-0.178445854],[34.121980393,-0.178556701],[34.12163775,-0.178842237],[34.121809073,-0.180555452],[34.12089536,-0.182211554],[34.120210074,-0.182382878],[34.116441008,-0.182325769],[34.115470188,-0.184495839],[34.115698616,-0.185752191],[34.117583149,-0.18695144],[34.119867434,-0.188036477],[34.124292,-0.189356001],[34.125749459,-0.189007297],[34.129083001,-0.186316001],[34.130506403,-0.185813675],[34.133002056,-0.187179871],[34.132659415,-0.188207797],[34.131974129,-0.189178616],[34.131802809,-0.190320757],[34.132202558,-0.191976862],[34.133002056,-0.192833468],[34.134201304,-0.193404541],[34.136257161,-0.193975609],[34.137268772,-0.19409823],[34.138666,-0.194884999],[34.140509,-0.196912],[34.141682332,-0.199638727],[34.144775629,-0.203445864],[34.145299113,-0.20444524],[34.145394291,-0.205397024],[34.144965987,-0.206919877],[34.147695,-0.207968],[34.148248,-0.207230999],[34.149354,-0.207599999],[34.150275,-0.208244999],[34.151473002,-0.208613],[34.152026,-0.206955],[34.15175,-0.205941],[34.152302,-0.204927999],[34.154329,-0.203730001],[34.155159002,-0.203638],[34.155527001,-0.203269],[34.155343,-0.201241999],[34.157092999,-0.19811],[34.159028,-0.197096],[34.161240001,-0.196727001],[34.162438,-0.196912],[34.16428,-0.198939],[34.164833003,-0.199214999],[34.166215002,-0.199399001],[34.167551149,-0.199957587],[34.169993,-0.200413001],[34.171099,-0.200320999],[34.171099,-0.199491999],[34.171836,-0.198386001],[34.17331,-0.198386001],[34.174784,-0.197741001],[34.176351,-0.197925],[34.177456,-0.198477999],[34.179852,-0.197187999],[34.181326,-0.19341],[34.182156,-0.192120999],[34.186486,-0.191106999],[34.187499,-0.190554],[34.188513,-0.189540999],[34.189619003,-0.188896],[34.190724,-0.188526999],[34.193857,-0.188251],[34.195239,-0.188619001],[34.196529,-0.190185999],[34.197174,-0.191290999],[34.19698777,-0.192534556],[34.194125651,-0.194356325],[34.193649759,-0.194974985],[34.193316634,-0.196212302],[34.192031725,-0.197639981],[34.191793779,-0.19892489],[34.189699853,-0.200542922],[34.188700479,-0.201447117],[34.188272176,-0.20244649],[34.188224587,-0.203445864],[34.187605929,-0.20444524],[34.186368608,-0.205349432],[34.185464413,-0.20672952],[34.184322274,-0.210155944],[34.184227092,-0.211250498],[34.184607807,-0.211773979],[34.185797539,-0.211773979],[34.189652263,-0.21115532],[34.192844,-0.210271999],[34.195894179,-0.209748822],[34.200407428,-0.213392013],[34.201435355,-0.214077295],[34.201856097,-0.214159107],[34.202177747,-0.21636158],[34.20212064,-0.217846362],[34.201655885,-0.219115881],[34.199931537,-0.219197896],[34.198265912,-0.219816555],[34.197409306,-0.221006287],[34.197361718,-0.222005662],[34.197780503,-0.222985997],[34.198694216,-0.223956817],[34.201320003,-0.224737999],[34.202334003,-0.225750999],[34.204545,-0.229529001],[34.206296,-0.233121999],[34.207100297,-0.23561698],[34.206846328,-0.235899103],[34.206294293,-0.23608946],[34.205970686,-0.236432101],[34.20595165,-0.23692703],[34.206465614,-0.237250636],[34.206720961,-0.237658449],[34.206664003,-0.239296],[34.207309,-0.240217001],[34.209889,-0.240308999],[34.210626,-0.241507001],[34.211271,-0.243073999],[34.212009,-0.243811],[34.214957,-0.244086999],[34.216392519,-0.245124011],[34.217445001,-0.246758999],[34.218366,-0.246943001],[34.219196,-0.246666999],[34.219656,-0.245193001],[34.220109365,-0.24297347],[34.219656,-0.24077],[34.219656,-0.238927],[34.220301,-0.237821999],[34.222236,-0.236807999],[34.224447002,-0.236255],[34.227027,-0.235978999],[34.229331,-0.234688999],[34.230528,-0.234597],[34.232463002,-0.234964999],[34.232924,-0.235426],[34.235318946,-0.237066367],[34.237812554,-0.239489939],[34.239126017,-0.240175224],[34.241217001,-0.239663999],[34.244626,-0.237729999],[34.244902001,-0.237360999],[34.246008,-0.237452999],[34.247851003,-0.238650999],[34.251352,-0.243073999],[34.254018024,-0.248420025],[34.254228387,-0.250903008],[34.254873,-0.252475999],[34.256010043,-0.253044521],[34.257512044,-0.253139699],[34.25832106,-0.253282466],[34.258844541,-0.254900501],[34.259272844,-0.255757108],[34.258796953,-0.257232372],[34.258939722,-0.258279334],[34.260309001,-0.258649999],[34.261875,-0.257543999],[34.263366088,-0.257074289],[34.265560999,-0.256899],[34.267634689,-0.2571691],[34.268634804,-0.258203128],[34.270335092,-0.263358741],[34.270075598,-0.264418345],[34.269171402,-0.265846021],[34.268885867,-0.26708334],[34.268362386,-0.267844768],[34.267553371,-0.267606823],[34.265602211,-0.269224855],[34.265126318,-0.270557356],[34.262080609,-0.271651905],[34.260462576,-0.273269939],[34.259939094,-0.276601186],[34.259415613,-0.27812404],[34.259796329,-0.280122789],[34.259415613,-0.281264929],[34.259272844,-0.282264304],[34.258796953,-0.282597427],[34.256465081,-0.282502249],[34.255751245,-0.283073319],[34.254466335,-0.283311267],[34.253752495,-0.283882336],[34.251706161,-0.283834748],[34.250611607,-0.284025103],[34.249326698,-0.28488171],[34.247137596,-0.28602385],[34.24680447,-0.286928047],[34.247137596,-0.288403313],[34.248327324,-0.289164741],[34.249377455,-0.288809401],[34.250358,-0.288687],[34.251230267,-0.28908964],[34.251230267,-0.289735809],[34.25165857,-0.290735184],[34.251087498,-0.293162233],[34.251277857,-0.297445265],[34.250278482,-0.29763562],[34.248374913,-0.299015708],[34.248232146,-0.299919903],[34.248422502,-0.300538564],[34.250128653,-0.302816586],[34.250266001,-0.303705999],[34.251003,-0.304810999],[34.251831999,-0.305456],[34.254043,-0.304904001],[34.255149,-0.305087999],[34.261783,-0.304350999],[34.264732,-0.302691999],[34.266298002,-0.302969],[34.266743983,-0.30337448],[34.265887747,-0.303964987],[34.2656498,-0.304821593],[34.267696137,-0.304726413],[34.268219618,-0.305249896],[34.267125068,-0.308343194],[34.265935336,-0.308819089],[34.265173908,-0.309485336],[34.263651053,-0.309723281],[34.262842036,-0.310246764],[34.261176416,-0.312578636],[34.259605969,-0.314101489],[34.258892131,-0.314624971],[34.258511419,-0.315243632],[34.258559007,-0.316005058],[34.258939722,-0.316861664],[34.260401,-0.317699001],[34.261783,-0.317976],[34.262612002,-0.317837999],[34.263787,-0.317354],[34.266412121,-0.317285001],[34.266553995,-0.318384522],[34.266363639,-0.319288716],[34.266389999,-0.320343142],[34.265602211,-0.321477821],[34.265126318,-0.322953087],[34.264650427,-0.323904871],[34.263841409,-0.32504701],[34.26322275,-0.325380135],[34.262270966,-0.325284958],[34.261271594,-0.324761477],[34.26017704,-0.324428351],[34.258749363,-0.324904243],[34.25774999,-0.32566567],[34.256798206,-0.32566567],[34.256322313,-0.325856027],[34.255989188,-0.327331295],[34.256703029,-0.328425846],[34.259295001,-0.329792999],[34.261645,-0.329446999],[34.264063,-0.330206999],[34.265515001,-0.329723999],[34.268490142,-0.32933838],[34.271043,-0.329171],[34.272425,-0.329654001],[34.273793041,-0.330948053],[34.274073092,-0.331757091],[34.27421586,-0.333803429],[34.273930327,-0.336230478],[34.273502023,-0.338181637],[34.273168898,-0.338229224],[34.272217114,-0.339561725],[34.272264702,-0.341036991],[34.272740595,-0.343939932],[34.272740595,-0.346795286],[34.272264702,-0.347699479],[34.272645417,-0.348603677],[34.274568003,-0.349971001],[34.276019,-0.349902],[34.277055,-0.349833],[34.277677,-0.349971001],[34.278437,-0.350454999],[34.279336,-0.350177999],[34.280027002,-0.350316999],[34.281063003,-0.350938999],[34.281823003,-0.350039999],[34.282445002,-0.348519999],[34.283528,-0.347103001],[34.285463,-0.344983999],[34.286676305,-0.344626829],[34.287731199,-0.345367608],[34.288445037,-0.346129037],[34.289111286,-0.347366354],[34.290127639,-0.347532853],[34.291062443,-0.347318768],[34.291636,-0.347563999],[34.292850078,-0.348844338],[34.295393064,-0.352743939],[34.296103339,-0.35473719],[34.296106901,-0.356265539],[34.295964133,-0.356979379],[34.295393064,-0.358264288],[34.295155117,-0.360310623],[34.295488241,-0.360881693],[34.297073003,-0.362491001],[34.298169684,-0.36408976],[34.299152611,-0.366116509],[34.300009218,-0.366877937],[34.300770645,-0.36730624],[34.302562177,-0.367617241],[34.303331145,-0.367956209],[34.303721176,-0.370066415],[34.303816354,-0.372160339],[34.30357841,-0.373540426],[34.30291216,-0.37449221],[34.30105618,-0.375253639],[34.299533326,-0.375348816],[34.296963507,-0.375253639],[34.295773777,-0.376015068],[34.294964761,-0.376728904],[34.294759537,-0.377500811],[34.294917171,-0.379155953],[34.293441905,-0.381773363],[34.292870834,-0.382201666],[34.291585928,-0.382296844],[34.288635394,-0.380821579],[34.287588431,-0.380440862],[34.286731825,-0.380773988],[34.284923435,-0.382487201],[34.283781293,-0.383296216],[34.282829509,-0.383343807],[34.282258438,-0.38305827],[34.280687994,-0.383248629],[34.280164512,-0.384010054],[34.280069334,-0.385390144],[34.28040246,-0.385961212],[34.281449421,-0.386007633],[34.281449421,-0.386484693],[34.281782547,-0.386817818],[34.282422,-0.387092],[34.283753819,-0.387178708],[34.284726002,-0.387552001],[34.285555,-0.388749999],[34.286330441,-0.39180704],[34.285629801,-0.393775505],[34.28397165,-0.394955577],[34.282972279,-0.396954324],[34.283115044,-0.397382627],[34.2862,-0.397596001],[34.287754799,-0.400196621],[34.287731199,-0.400951816],[34.288064325,-0.402189136],[34.288596,-0.402571001],[34.290346003,-0.402848],[34.293387003,-0.402479],[34.29394,-0.402295001],[34.294388479,-0.401653918],[34.294821992,-0.401380119],[34.294726814,-0.400523513],[34.294346102,-0.400237979],[34.293387003,-0.398609001],[34.293295,-0.397502999],[34.294124001,-0.396582001],[34.296704,-0.395752999],[34.297625,-0.396121],[34.298731003,-0.396306001],[34.300992949,-0.395809817],[34.302150732,-0.396716376],[34.303245284,-0.397906108],[34.303245284,-0.399666907],[34.303673587,-0.40076146],[34.304768142,-0.40204637],[34.306471002,-0.402848],[34.307484001,-0.403032],[34.308774003,-0.402663],[34.309419,-0.401557999],[34.309143002,-0.399530999],[34.310248,-0.395937001],[34.31163,-0.395107999],[34.312368,-0.395015999],[34.31421,-0.395383999],[34.314694,-0.394359001],[34.314418,-0.393599001],[34.314901,-0.392147999],[34.315731,-0.391595],[34.316491,-0.391387999],[34.317527001,-0.390144001],[34.317855174,-0.387055766],[34.317379282,-0.386389515],[34.316855801,-0.385961212],[34.315618481,-0.385532909],[34.312442268,-0.385031944],[34.312206003,-0.383993999],[34.312344003,-0.382334999],[34.313588001,-0.380261999],[34.313657,-0.378949],[34.313429377,-0.378108991],[34.312572149,-0.377475388],[34.312690001,-0.376807001],[34.312344003,-0.375355999],[34.312967003,-0.374181],[34.314002999,-0.373351],[34.315938,-0.373421],[34.317251,-0.373212999],[34.317804003,-0.373558999],[34.320222003,-0.373834999],[34.322434,-0.375079],[34.323194,-0.375010001],[34.323885001,-0.373212999],[34.325129,-0.372453],[34.325706469,-0.371074261],[34.327066301,-0.369349082],[34.327980494,-0.369776838],[34.329110738,-0.370847596],[34.329527143,-0.370996313],[34.329943549,-0.370639393],[34.330122009,-0.369925556],[34.329913806,-0.369300947],[34.329527143,-0.368765568],[34.328099467,-0.368676339],[34.326897126,-0.368400791],[34.325800511,-0.367170441],[34.325231994,-0.365876071],[34.325889,-0.362157],[34.326856,-0.360359999],[34.327686001,-0.360014001],[34.33197,-0.356697],[34.333491,-0.355868],[34.334458003,-0.355729999],[34.335633,-0.356143999],[34.337801687,-0.356122893],[34.338673,-0.356558999],[34.340263,-0.355592001],[34.341178803,-0.35537193],[34.342316034,-0.353933668],[34.34374371,-0.352505992],[34.345028619,-0.35145903],[34.346361118,-0.351030727],[34.348217097,-0.350887957],[34.348930936,-0.350174121],[34.349549595,-0.3489368],[34.349359239,-0.348460908],[34.346599064,-0.346652517],[34.345980404,-0.346033859],[34.345409333,-0.345177253],[34.344974648,-0.343565408],[34.345031,-0.342324],[34.345998001,-0.341424999],[34.347311,-0.341218001],[34.348555002,-0.339905],[34.350144,-0.339628999],[34.352702,-0.339698001],[34.354222,-0.338867999],[34.355326999,-0.338591999],[34.357608,-0.337279001],[34.358437,-0.336449999],[34.360994,-0.329953999],[34.3621,-0.328640999],[34.3621,-0.327880999],[34.362929002,-0.326706001],[34.363689002,-0.326359999],[34.364968503,-0.325142189],[34.36572993,-0.322715138],[34.366681715,-0.321906124],[34.368728051,-0.321763354],[34.371838001,-0.320874001],[34.373230313,-0.320117326],[34.374200811,-0.319383894],[34.375057417,-0.317765862],[34.374867061,-0.317289967],[34.374400767,-0.316767021],[34.373794,-0.314142999],[34.374254,-0.312761001],[34.374991,-0.311839999],[34.375134404,-0.31062533],[34.375676079,-0.308961855],[34.375798078,-0.308084394],[34.376098688,-0.30778342],[34.37915009,-0.307724534],[34.380672947,-0.308438374],[34.381291606,-0.308914266],[34.384758,-0.310549999],[34.385772,-0.311287],[34.38697,-0.311379001],[34.387615001,-0.311102],[34.388536003,-0.309997001],[34.388905002,-0.308798999],[34.39001,-0.307417],[34.390655,-0.306863999],[34.392037,-0.306311001],[34.393051,-0.305021001],[34.393696,-0.300322001],[34.394341,-0.299123999],[34.396091,-0.298387],[34.397842,-0.297926999],[34.398211,-0.296820999],[34.399132,-0.296175999],[34.399961001,-0.294517],[34.400330001,-0.292859],[34.400975001,-0.292306001],[34.402081,-0.290832],[34.402172,-0.288620001],[34.403186,-0.285672],[34.403186,-0.283091999],[34.404107,-0.281525999],[34.404415032,-0.279714031],[34.404467556,-0.278504754],[34.401707381,-0.278504754],[34.399408,-0.278023999],[34.398948002,-0.277195001],[34.398487,-0.2748],[34.397196999,-0.273048999],[34.39775,-0.271206001],[34.398392563,-0.269992183],[34.39866167,-0.268796552],[34.398185778,-0.268225484],[34.39532554,-0.267554545],[34.394433,-0.265401],[34.394341,-0.263743],[34.392682,-0.261346999],[34.391454,-0.256785999],[34.391331,-0.254697999],[34.390594,-0.252364],[34.389365,-0.251011999],[34.388628,-0.248801001],[34.388751003,-0.246835],[34.388412777,-0.241952515],[34.387858918,-0.239719541],[34.386336063,-0.237958737],[34.384912558,-0.236148523],[34.38427743,-0.233648441],[34.384183238,-0.23321769],[34.383441325,-0.232432134],[34.382786696,-0.232170283],[34.381564722,-0.23256306],[34.381084663,-0.233130408],[34.379906329,-0.233959602],[34.378684354,-0.235836206],[34.37763695,-0.236621761],[34.377069603,-0.237320032],[34.373054545,-0.238629291],[34.371614363,-0.238672931],[34.369694117,-0.237974662],[34.365111716,-0.236927254],[34.364064308,-0.235748921],[34.361533077,-0.234308738],[34.360616595,-0.233523185],[34.359263695,-0.231864792],[34.357736227,-0.22959541],[34.356950672,-0.22872257],[34.356514253,-0.22662776],[34.355248638,-0.225449428],[34.352848333,-0.221739864],[34.350448025,-0.218641284],[34.34830957,-0.215324498],[34.345341919,-0.212138637],[34.344600006,-0.21013111],[34.34446908,-0.205810557],[34.344163589,-0.203235682],[34.344381796,-0.201446365],[34.345080067,-0.199220625],[34.346520802,-0.196773196],[34.348455,-0.194746],[34.34993,-0.194132],[34.351895,-0.194132],[34.353546602,-0.195161927],[34.354288515,-0.195816556],[34.355728699,-0.196733035],[34.356645179,-0.196733035],[34.358085365,-0.196209331],[34.361355,-0.193763001],[34.364345029,-0.1926908],[34.365312799,-0.192510238],[34.366883,-0.192411999],[34.367866,-0.193148999],[34.370569,-0.193395001],[34.37278,-0.194132],[34.374869,-0.194008999],[34.377203002,-0.193272],[34.378923,-0.191551999],[34.379783,-0.190322999],[34.381749003,-0.188971999],[34.383591,-0.188603],[34.387154,-0.188603],[34.388505,-0.188112001],[34.390471,-0.186637999],[34.392805002,-0.186392001],[34.396491002,-0.187252001],[34.398088001,-0.186761001],[34.399562,-0.185532001],[34.402879,-0.184426001],[34.404476,-0.185408999],[34.405827,-0.186761001],[34.407051018,-0.189641516],[34.407051018,-0.190441014],[34.406708376,-0.191811581],[34.406765483,-0.193239261],[34.407460408,-0.19552304],[34.40745077,-0.196437254],[34.408136052,-0.197122539],[34.409106872,-0.197179646],[34.411848011,-0.194267187],[34.411848011,-0.194038757],[34.411162728,-0.193867437],[34.410373001,-0.193026001],[34.410619,-0.190938001],[34.41111,-0.189094999],[34.413813,-0.183811999],[34.415779002,-0.181354999],[34.417621,-0.178283999],[34.422044,-0.176564001],[34.424038,-0.175280999],[34.425264,-0.174791001],[34.425917001,-0.174710001],[34.427142,-0.174873],[34.428694,-0.175363],[34.430654,-0.175526],[34.431634003,-0.176260999],[34.434329,-0.176996001],[34.436044,-0.176833],[34.437922,-0.176750999],[34.438494,-0.176425001],[34.440345,-0.176667],[34.443848,-0.174247999],[34.449666,-0.171084001],[34.45181,-0.170165001],[34.456098,-0.166080999],[34.457833,-0.165163],[34.459773002,-0.164855999],[34.46086954,-0.165018732],[34.462216442,-0.166627367],[34.46341569,-0.168454793],[34.464857342,-0.171282141],[34.465471544,-0.172623608],[34.46632815,-0.173879965],[34.466613687,-0.175307641],[34.467606628,-0.176414888],[34.468155576,-0.178391423],[34.46769872,-0.179933312],[34.46769872,-0.181132562],[34.468041362,-0.182046275],[34.469526146,-0.182160488],[34.47061118,-0.181532312],[34.47352364,-0.180561492],[34.474414076,-0.181005718],[34.475965773,-0.180488968],[34.479767232,-0.180238185],[34.484145554,-0.180904132],[34.485500861,-0.181539932],[34.485892578,-0.181483839],[34.486429836,-0.179076706],[34.488085942,-0.178391423],[34.488771226,-0.177934567],[34.489170975,-0.17724928],[34.490027581,-0.176392674],[34.490817407,-0.176274261],[34.491797901,-0.176563997],[34.492368971,-0.176392674],[34.492940044,-0.17690664],[34.493111363,-0.17764903],[34.492882937,-0.180390171],[34.493225577,-0.183359738],[34.49379665,-0.184387664],[34.494082183,-0.185529805],[34.495912003,-0.187825999],[34.499995,-0.189357001],[34.502037,-0.189458999],[34.50316,-0.190989999],[34.505202,-0.193133999],[34.506222,-0.193950999],[34.507856,-0.193950999],[34.509285001,-0.194155001],[34.509489,-0.194460999],[34.510427497,-0.194836948],[34.511742542,-0.193988791],[34.512563457,-0.1930608],[34.51317022,-0.191918657],[34.513884057,-0.191561739],[34.514812049,-0.1908479],[34.51671251,-0.1905861],[34.516953565,-0.189384532],[34.516418186,-0.188813462],[34.516167625,-0.187705342],[34.515954189,-0.187207325],[34.516061265,-0.186743332],[34.516570872,-0.186101877],[34.516953565,-0.185030119],[34.517738785,-0.184137821],[34.518416931,-0.183745209],[34.520551294,-0.183998754],[34.526197771,-0.183067064],[34.527149369,-0.182823631],[34.528946047,-0.181211085],[34.52937435,-0.18017602],[34.529445733,-0.179426489],[34.529227024,-0.178326952],[34.530373723,-0.17500069],[34.531087563,-0.174251159],[34.53188943,-0.17373103],[34.531438,-0.172105],[34.53205,-0.170165001],[34.532666589,-0.16954841],[34.534906597,-0.16825492],[34.538788,-0.167613001],[34.539400003,-0.166591999],[34.539605,-0.165469001],[34.540523,-0.164142001],[34.541591493,-0.163454846],[34.541914109,-0.162788106],[34.543847423,-0.161628119],[34.544918177,-0.16070608],[34.547327382,-0.159278401],[34.548249424,-0.158921482],[34.549290437,-0.158891741],[34.550914462,-0.159298713],[34.554614943,-0.15941212],[34.554763198,-0.159248659],[34.556815485,-0.158980969],[34.557678037,-0.158624049],[34.558034957,-0.158177901],[34.558391876,-0.156601507],[34.558897511,-0.15561998],[34.559760066,-0.155144088],[34.559908785,-0.15451948],[34.559284173,-0.153151291],[34.55815393,-0.152110277],[34.556101645,-0.149403638],[34.555328322,-0.147797502],[34.555477036,-0.14666726],[34.555220264,-0.145717522],[34.555326,-0.145154],[34.556856999,-0.142703999],[34.558592,-0.141784999],[34.559205,-0.141989001],[34.563289002,-0.141887],[34.56404109,-0.142160699],[34.565738463,-0.143395499],[34.566303583,-0.144971894],[34.567255368,-0.145893933],[34.568564072,-0.146310338],[34.570378411,-0.147886731],[34.570854305,-0.147886731],[34.571119529,-0.147589468],[34.573191,-0.147705999],[34.573905,-0.147399999],[34.575222046,-0.146319847],[34.575672712,-0.145537015],[34.577457307,-0.144228313],[34.579241904,-0.143752418],[34.580548328,-0.143918341],[34.581262055,-0.144215207],[34.581657056,-0.144948098],[34.582965761,-0.145471579],[34.586487361,-0.145471579],[34.588914413,-0.145186046],[34.589961375,-0.144519795],[34.592007713,-0.142735201],[34.594006459,-0.141712031],[34.59633833,-0.141045783],[34.597409088,-0.141045783],[34.59861,-0.141479001],[34.599520486,-0.141383259],[34.600904404,-0.141729124],[34.602881848,-0.143020734],[34.604071579,-0.144686358],[34.604571265,-0.145709527],[34.60464265,-0.146685106],[34.604404703,-0.147232383],[34.602739082,-0.149064565],[34.602096627,-0.150040144],[34.601977653,-0.150920547],[34.602215601,-0.151563001],[34.602810464,-0.152086483],[34.603548097,-0.152300634],[34.604894238,-0.152283805],[34.606981,-0.150973],[34.608921002,-0.149440999],[34.613827368,-0.147470326],[34.614969512,-0.147351354],[34.615659554,-0.147018229],[34.616706517,-0.146875463],[34.619276335,-0.146804077],[34.620165578,-0.147468158],[34.620299502,-0.150420858],[34.621489233,-0.151658179],[34.622247939,-0.151445922],[34.624534945,-0.152086483],[34.625082222,-0.152402001],[34.626072,-0.152402001],[34.627314003,-0.151376],[34.627927,-0.150253],[34.628029,-0.148823999],[34.628253337,-0.147446791],[34.627985162,-0.146661311],[34.624796684,-0.146994436],[34.623940078,-0.146256803],[34.622988294,-0.14402011],[34.622993046,-0.142939811],[34.623583161,-0.141307522],[34.62596262,-0.138951855],[34.628127929,-0.137381411],[34.630464322,-0.134993844],[34.631197434,-0.133250667],[34.63249186,-0.131366134],[34.633101003,-0.130852171],[34.6349665,-0.129881352],[34.63744114,-0.127045035],[34.637226525,-0.125723491],[34.637632155,-0.124507168],[34.638583281,-0.122933324],[34.640144207,-0.121696006],[34.642904382,-0.120077971],[34.647720411,-0.115223873],[34.648748339,-0.114709907],[34.649338445,-0.114291124],[34.651413335,-0.113567767],[34.652574511,-0.113662944],[34.653088475,-0.114157872],[34.654915901,-0.114386302],[34.657561862,-0.114024623],[34.658228112,-0.114100765],[34.659351217,-0.114824121],[34.659674823,-0.115185801],[34.661254786,-0.115338086],[34.661749715,-0.115242908],[34.662492105,-0.114519551],[34.663919782,-0.11368198],[34.664738316,-0.112958623],[34.665537816,-0.112596947],[34.668716658,-0.11115285],[34.669165762,-0.110628939],[34.670391916,-0.110160377],[34.670715522,-0.109836773],[34.672352592,-0.108904024],[34.673875447,-0.107799952],[34.674160982,-0.10711467],[34.674096319,-0.105621314],[34.674827231,-0.104563886],[34.67478916,-0.104030887],[34.675431051,-0.102641411],[34.676083586,-0.101841782],[34.677301871,-0.10096614],[34.677949083,-0.100299891],[34.678748583,-0.09978593],[34.679281582,-0.098872217],[34.679376761,-0.097882361],[34.679681331,-0.097692003],[34.67994138,-0.097785925],[34.680804439,-0.097159004],[34.681946578,-0.097063826],[34.682574759,-0.096740218],[34.682993541,-0.096321433],[34.683678827,-0.096054935],[34.684230861,-0.095655183],[34.684992289,-0.09557904],[34.686952964,-0.095997828],[34.687600178,-0.096892503],[34.688247392,-0.097063826],[34.688609069,-0.09677829],[34.688494855,-0.094151364],[34.688837497,-0.09329476],[34.690093853,-0.092190689],[34.690741069,-0.091809975],[34.692739814,-0.09148637],[34.695385776,-0.091600584],[34.69610913,-0.091886117],[34.702390907,-0.092666581],[34.705436619,-0.094551114],[34.709586398,-0.097406466],[34.71112669,-0.098723157],[34.711623219,-0.098834145],[34.712803429,-0.099919179],[34.714059784,-0.100737714],[34.714497606,-0.101061318],[34.714459535,-0.101213604],[34.715677818,-0.102222496],[34.716393724,-0.103190392],[34.716610566,-0.103764386],[34.71721971,-0.104316423],[34.718013332,-0.104809337],[34.718247636,-0.105496634],[34.71959917,-0.106334205],[34.721228352,-0.10660233],[34.722625846,-0.106143849],[34.723558594,-0.106124814],[34.723954,-0.106259001],[34.726303002,-0.104829999],[34.72754905,-0.103375708],[34.72763223,-0.102698389],[34.728450764,-0.101613356],[34.729136049,-0.101308783],[34.731058653,-0.099271964],[34.732048509,-0.098472465],[34.734565982,-0.096573656],[34.734997872,-0.095309756],[34.734798181,-0.095052505],[34.735902022,-0.09338851],[34.736215049,-0.093306134],[34.736626928,-0.092713027],[34.737252985,-0.091773941],[34.738669854,-0.090373549],[34.73923001,-0.090274696],[34.739586856,-0.090444984],[34.740472744,-0.089815564],[34.740169097,-0.089302659],[34.74026795,-0.08898963],[34.741157701,-0.088248628],[34.741767192,-0.088099971],[34.746067221,-0.086155895],[34.747187537,-0.086221796],[34.749823567,-0.087259735],[34.750597902,-0.087852842],[34.7510173,-0.08784927],[34.751610655,-0.088071758],[34.752819878,-0.089301105],[34.752805578,-0.089615689],[34.753459632,-0.090426038],[34.753559848,-0.091101327],[34.752970331,-0.092597702],[34.751471088,-0.093800393],[34.750630851,-0.094360548],[34.750037744,-0.094871278],[34.74926341,-0.095332586],[34.749115134,-0.095810367],[34.748274897,-0.096337574],[34.747846544,-0.097474363],[34.747566464,-0.09788624],[34.747335811,-0.098792377],[34.746347299,-0.10015982],[34.745951894,-0.100390474],[34.7462449,-0.100976484],[34.745688291,-0.101296608],[34.745474113,-0.101626112],[34.744848055,-0.103767888],[34.743282911,-0.103734939],[34.743266435,-0.103982066],[34.743711267,-0.10421272],[34.744403227,-0.10421272],[34.744567976,-0.104591649],[34.7444197,-0.105052957],[34.744567976,-0.105217707],[34.743991345,-0.106074417],[34.744716254,-0.106469822],[34.744798631,-0.107079405],[34.744617405,-0.10889168],[34.744881008,-0.109336508],[34.743315863,-0.113735388],[34.74339824,-0.116387897],[34.744057247,-0.120276044],[34.744551501,-0.121264558],[34.744535028,-0.121824715],[34.744353799,-0.121989466],[34.744287898,-0.123818212],[34.744024295,-0.124559598],[34.743530041,-0.124955005],[34.743436874,-0.125194572],[34.742788657,-0.124790252],[34.742195547,-0.124444272],[34.741717766,-0.124905576],[34.741223512,-0.12602589],[34.742821605,-0.128414797],[34.742492102,-0.128596022],[34.741141135,-0.127904063],[34.74084458,-0.129024379],[34.740284424,-0.129238557],[34.740218525,-0.129419783],[34.740828108,-0.129930513],[34.740906242,-0.130104146],[34.740004347,-0.130441244],[34.739954919,-0.131001401],[34.739823117,-0.131248531],[34.739543039,-0.131248531],[34.739312387,-0.131660411],[34.739295911,-0.132187617],[34.739889019,-0.133027854],[34.740531552,-0.133258505],[34.741454163,-0.133390307],[34.741520063,-0.134395294],[34.74119056,-0.135037829],[34.741239985,-0.135317905],[34.741009334,-0.135383808],[34.74084458,-0.135334383],[34.740767312,-0.135847664],[34.738768705,-0.136471172],[34.738636903,-0.136800673],[34.738192073,-0.136619446],[34.738444562,-0.137730664],[34.737052576,-0.138266704],[34.736824148,-0.13868549],[34.736511601,-0.138909502],[34.735654891,-0.138695324],[34.73352959,-0.140128667],[34.732063296,-0.141693809],[34.731783218,-0.142748225],[34.731601991,-0.142978875],[34.731733792,-0.143555507],[34.731931494,-0.143983862],[34.73191502,-0.144395745],[34.732689355,-0.145087702],[34.732936482,-0.145417206],[34.733925989,-0.145234928],[34.734200894,-0.145722238],[34.735604228,-0.146110201],[34.736607046,-0.1457308],[34.73679168,-0.14530188],[34.737434215,-0.145400732],[34.738044235,-0.145727696],[34.738697527,-0.146407633],[34.738965216,-0.147032242],[34.739084189,-0.14801377],[34.738638041,-0.150006568],[34.739316121,-0.151221122],[34.740029957,-0.155206722],[34.743342358,-0.162170622],[34.744320243,-0.162383483],[34.750202153,-0.160560507],[34.751867778,-0.160382048],[34.753473911,-0.159787182],[34.755080048,-0.159668211],[34.755933839,-0.159933124],[34.759006158,-0.16204767],[34.76151097,-0.164363018],[34.763586621,-0.167223],[34.766442757,-0.169413237],[34.768345542,-0.17299319],[34.770130139,-0.174301895],[34.771617302,-0.175848547],[34.777744414,-0.185366389],[34.78071874,-0.190779662],[34.78208693,-0.192861691],[34.783098202,-0.194705772],[34.784637572,-0.196661189],[34.793155592,-0.196460779],[34.793371521,-0.196553296],[34.793746291,-0.197204206],[34.795590372,-0.198929315],[34.797910345,-0.203450293],[34.798564698,-0.205294374],[34.800289807,-0.207138456],[34.804096945,-0.216358868],[34.804572837,-0.218619355],[34.80522719,-0.220760871],[34.805941027,-0.226293118],[34.806535892,-0.227720794],[34.807487676,-0.22914847],[34.809450732,-0.231527934],[34.810937895,-0.234442771],[34.8113543,-0.236703259],[34.813198384,-0.241045775],[34.813835672,-0.243116293],[34.815420625,-0.246821244],[34.818195253,-0.258951222],[34.819087549,-0.260795302],[34.820371569,-0.261901894],[34.821575329,-0.261891182],[34.822002388,-0.26115222],[34.82274443,-0.260324548],[34.824020839,-0.260700663],[34.826349943,-0.260524512],[34.828648342,-0.260988348],[34.829957044,-0.261880645],[34.830664828,-0.263241541],[34.831103827,-0.264602441],[34.832174584,-0.266565494],[34.833423801,-0.267279336],[34.836457614,-0.267576768],[34.837824688,-0.267537706],[34.83859913,-0.265851658],[34.838361183,-0.265197305],[34.837706831,-0.264483468],[34.838361183,-0.264245521],[34.84080013,-0.264423979],[34.842584726,-0.264007574],[34.843477024,-0.264959358],[34.844309835,-0.265494737],[34.843536511,-0.265732684],[34.84252524,-0.265494737],[34.841989861,-0.26561371],[34.840264752,-0.2669819],[34.840110527,-0.267567952],[34.840383725,-0.267576768],[34.841573456,-0.268647525],[34.842941645,-0.269182904],[34.84561854,-0.269361363],[34.848176461,-0.268528552],[34.849425676,-0.26870701],[34.850555921,-0.269301876],[34.8510913,-0.269777768],[34.851983597,-0.27180031],[34.851983597,-0.273287473],[34.851686166,-0.274060799],[34.851031813,-0.274715149],[34.850258488,-0.276142825],[34.849009271,-0.276202312],[34.848159921,-0.278953279],[34.848635814,-0.280380954],[34.849961055,-0.281258667],[34.850139515,-0.282091477],[34.850080029,-0.283102751],[34.849723109,-0.283935562],[34.848771325,-0.285184777],[34.847998,-0.286731427],[34.848992732,-0.291504934],[34.850182463,-0.292397232],[34.851669626,-0.292397232],[34.85297833,-0.292040313],[34.85364922,-0.292680079],[34.853887166,-0.294524161],[34.853827679,-0.295654405],[34.852518976,-0.299699489],[34.850199003,-0.304101492],[34.848949784,-0.307789657],[34.847522108,-0.310823471],[34.845936266,-0.312974286],[34.843952916,-0.314809067],[34.841394995,-0.316355718],[34.838658616,-0.319151583],[34.834494559,-0.320400802],[34.833661748,-0.321947449],[34.833126369,-0.323791533],[34.831460746,-0.325635614],[34.825928499,-0.327479696],[34.823192121,-0.328669427],[34.820812658,-0.329264293],[34.818254738,-0.32860994],[34.816886547,-0.327539185],[34.814745033,-0.32539767],[34.813555302,-0.323613072],[34.811275481,-0.321062587],[34.809990572,-0.31999183],[34.808384435,-0.317993084],[34.807313678,-0.317172171],[34.806921067,-0.31624418],[34.804494017,-0.314673734],[34.802602346,-0.312425145],[34.800746366,-0.310497781],[34.799390073,-0.308499033],[34.798462084,-0.306643056],[34.796484698,-0.303597957],[34.795111934,-0.300999134],[34.793750751,-0.297006238],[34.790681246,-0.290736358],[34.789610488,-0.289903545],[34.788807423,-0.28948714],[34.788034095,-0.288535356],[34.788391014,-0.28776203],[34.787290514,-0.286958964],[34.786546932,-0.287256395],[34.785862838,-0.287881003],[34.784911053,-0.289606114],[34.784197215,-0.290319951],[34.783602352,-0.291509682],[34.78241262,-0.292996845],[34.779795212,-0.295762968],[34.779021889,-0.296357834],[34.777237291,-0.297071674],[34.776612683,-0.297636795],[34.775928589,-0.297696282],[34.774441426,-0.298469605],[34.773876303,-0.298410118],[34.773489642,-0.296863471],[34.773340924,-0.295584511],[34.772716315,-0.294573238],[34.771348126,-0.294275805],[34.768314313,-0.294008116],[34.764864095,-0.2949599],[34.761622079,-0.295138361],[34.760670294,-0.295911687],[34.760313377,-0.296536295],[34.758528779,-0.29739885],[34.757725711,-0.298112687],[34.756922642,-0.298558837],[34.756268293,-0.299480876],[34.754751385,-0.306886949],[34.754216006,-0.310337168],[34.754473271,-0.313208822],[34.756985,-0.316819001],[34.758556649,-0.318259679],[34.75901062,-0.320800847],[34.75901062,-0.32180022],[34.760117069,-0.322442674],[34.76068814,-0.323192205],[34.761473364,-0.324834035],[34.76161613,-0.325762024],[34.76068814,-0.32701124],[34.76068814,-0.327653694],[34.762686887,-0.331472729],[34.763507804,-0.332686257],[34.764614251,-0.333649938],[34.765078246,-0.334470851],[34.764864095,-0.336933595],[34.763686261,-0.340645553],[34.761187827,-0.347248558],[34.759902917,-0.349390073],[34.757261716,-0.351138974],[34.75547712,-0.351174668],[34.753549757,-0.349925452],[34.752336234,-0.349390073],[34.750230408,-0.349568531],[34.746090146,-0.349247304],[34.743698788,-0.349461455],[34.742485263,-0.348854694],[34.74073636,-0.348426391],[34.739665602,-0.348783309],[34.737631163,-0.350425138],[34.736774557,-0.35174574],[34.735882259,-0.352495268],[34.734633042,-0.353066338],[34.732598603,-0.353066338],[34.727815886,-0.352352502],[34.726638053,-0.353387565],[34.724103927,-0.35274511],[34.722033798,-0.351710047],[34.721177191,-0.351602971],[34.719249827,-0.352102656],[34.717893536,-0.352673729],[34.716572933,-0.35274511],[34.714824028,-0.352495268],[34.713753271,-0.352174041],[34.712075752,-0.350817747],[34.711433297,-0.350175293],[34.710219773,-0.347819627],[34.709541626,-0.34746271],[34.70868502,-0.347391324],[34.707614262,-0.347748242],[34.705080136,-0.349425762],[34.699869117,-0.352316807],[34.698584208,-0.352423883],[34.694194105,-0.350782055],[34.690839062,-0.34935438],[34.688519087,-0.348747618],[34.687698176,-0.348997459],[34.685628042,-0.350817747],[34.684343134,-0.352209732],[34.682594232,-0.354815244],[34.681701932,-0.354993702],[34.680595482,-0.354708168],[34.679667493,-0.355100778],[34.67845397,-0.354993702],[34.677597364,-0.354672475],[34.676203458,-0.354862508],[34.674879736,-0.354538689],[34.669959291,-0.351710047],[34.665604878,-0.352209732],[34.66489104,-0.352423883],[34.664212893,-0.352923571],[34.663035063,-0.353494641],[34.662392608,-0.354208479],[34.660144016,-0.354386941],[34.658609263,-0.353744487],[34.656467748,-0.351959889],[34.655682527,-0.351067592],[34.65575391,-0.350425138],[34.657181588,-0.349211611],[34.656681899,-0.348604849],[34.655289914,-0.348890385],[34.653433935,-0.347712552],[34.652541637,-0.347891013],[34.651577956,-0.348497773],[34.649829052,-0.347926703],[34.647009391,-0.348140855],[34.644903567,-0.348783309],[34.643547274,-0.349033152],[34.642654977,-0.34935438],[34.641976832,-0.349247304],[34.639835316,-0.347605476],[34.639335628,-0.347427015],[34.638443331,-0.347569785],[34.637658109,-0.347427015],[34.636801503,-0.346998712],[34.634481528,-0.34489289],[34.632804008,-0.344250436],[34.631376332,-0.344000591],[34.630948028,-0.343715057],[34.630769569,-0.343251062],[34.630091422,-0.342430147],[34.630055731,-0.341180932],[34.629698812,-0.340145867],[34.629306201,-0.339574795],[34.62837821,-0.33893234],[34.627343145,-0.339717564],[34.626275006,-0.340005403],[34.624880402,-0.339896022],[34.623809645,-0.339110799],[34.620204762,-0.339860329],[34.615207893,-0.341502159],[34.613815912,-0.342394456],[34.612423927,-0.344571663],[34.611495935,-0.345107042],[34.610675021,-0.346606103],[34.609782722,-0.347141482],[34.608319355,-0.346927331],[34.60674891,-0.346463333],[34.602037578,-0.34621349],[34.595934261,-0.345963649],[34.593792745,-0.345499652],[34.592472144,-0.345035659],[34.591758306,-0.344179053],[34.590723241,-0.343500905],[34.58979525,-0.343286753],[34.587689428,-0.34432182],[34.586975589,-0.344393205],[34.585547912,-0.344179053],[34.5838347,-0.343322447],[34.580301202,-0.340145867],[34.576874777,-0.335862837],[34.573805272,-0.334399469],[34.572377596,-0.33386409],[34.569879162,-0.332186568],[34.566452738,-0.330294896],[34.563418928,-0.328902911],[34.557422683,-0.326832783],[34.556316234,-0.326261709],[34.555174093,-0.325976176],[34.552211664,-0.325833406],[34.550998139,-0.325904793],[34.549284926,-0.326261709],[34.54842832,-0.326047558],[34.547464641,-0.325512179],[34.547214796,-0.325940482],[34.545358816,-0.325904793],[34.544038215,-0.325619255],[34.542325003,-0.326047558],[34.540112105,-0.325654949],[34.539576726,-0.326226018],[34.538934271,-0.326368785],[34.537113984,-0.326297404],[34.536614299,-0.326475861],[34.534615549,-0.327939231],[34.533830328,-0.328867222],[34.531153434,-0.33018782],[34.528644212,-0.331516107],[34.526870404,-0.331401347],[34.525228577,-0.330294896],[34.523265521,-0.329366907],[34.522480301,-0.32943829],[34.521944922,-0.329723828],[34.522087688,-0.330330589],[34.519482178,-0.330473358],[34.518447115,-0.331187196],[34.517269281,-0.333614245],[34.516448365,-0.33461362],[34.513557319,-0.335220382],[34.508738911,-0.33539884],[34.507025699,-0.335934218],[34.50459865,-0.3368979],[34.502207291,-0.338539731],[34.501794191,-0.339213735],[34.50008022,-0.339927959],[34.497103347,-0.340252943],[34.49660366,-0.340752629],[34.495639978,-0.344357511],[34.493641231,-0.344286129],[34.492784625,-0.34450028],[34.491785252,-0.345178424],[34.490607418,-0.345499652],[34.490107732,-0.34603503],[34.489286818,-0.346427642],[34.488001908,-0.346070724],[34.486788384,-0.346713179],[34.481327522,-0.346570409],[34.477865405,-0.346356258],[34.476009426,-0.346891636],[34.473439607,-0.348176546],[34.470869789,-0.349961141],[34.468728275,-0.350603596],[34.465979997,-0.351031898],[34.46530185,-0.350924823],[34.464695088,-0.35124605],[34.464195401,-0.35270942],[34.463410179,-0.352816495],[34.46212527,-0.353744487],[34.462268038,-0.355707539],[34.462018195,-0.357313675],[34.461125898,-0.361775165],[34.46009083,-0.362239162],[34.459162841,-0.36330992],[34.459055766,-0.364130832],[34.458698849,-0.36520159],[34.458484694,-0.366700652],[34.456771485,-0.367949866],[34.457021327,-0.36855663],[34.457235478,-0.370876606],[34.456985636,-0.371840286],[34.455986261,-0.372839659],[34.454451508,-0.373267962],[34.453773362,-0.374267338],[34.453309367,-0.375373785],[34.453523519,-0.377943603],[34.453380754,-0.379085744],[34.453023832,-0.379799582],[34.451596155,-0.381262953],[34.451203544,-0.382405092],[34.450489707,-0.38290478],[34.449668791,-0.383118931],[34.44945464,-0.383440159],[34.44981156,-0.384332456],[34.449561716,-0.388722563],[34.449276181,-0.390971152],[34.447634355,-0.393790813],[34.447098976,-0.394290501],[34.446706363,-0.395147106],[34.447063282,-0.396931702],[34.447527279,-0.397502772],[34.448455267,-0.397931075],[34.449597408,-0.398180921],[34.450275555,-0.398787682],[34.450953701,-0.400358125],[34.451060776,-0.402285488],[34.451560465,-0.403606092],[34.451988768,-0.406068832],[34.45206015,-0.408959878],[34.452131534,-0.409887869],[34.452881064,-0.411279852],[34.453987514,-0.412993064],[34.453916129,-0.414813351],[34.45355921,-0.41609826],[34.455403824,-0.417136582],[34.456843468,-0.418216259],[34.459055766,-0.419239151],[34.460661902,-0.42020283],[34.461090205,-0.420880976],[34.461125898,-0.421844658],[34.462553573,-0.423736331],[34.463124644,-0.424164634],[34.463778185,-0.424365946],[34.467580996,-0.427670807],[34.468948216,-0.429199559],[34.469584881,-0.430196569],[34.470370103,-0.430767637],[34.470727021,-0.432695],[34.471824772,-0.432773411],[34.472458,-0.433497001],[34.472618695,-0.434408213],[34.472654385,-0.436228502],[34.472868537,-0.436799571],[34.474367597,-0.438191556],[34.475311259,-0.438492006],[34.475709079,-0.438853845],[34.476116502,-0.439833385],[34.476758001,-0.440724999],[34.477420988,-0.441245879],[34.478864778,-0.441582288],[34.479828461,-0.442081976],[34.483361959,-0.445329938],[34.485325015,-0.44629362],[34.486145929,-0.446971769],[34.487216687,-0.448613596],[34.488180368,-0.450469576],[34.489715121,-0.45225417],[34.491928019,-0.454003076],[34.49546152,-0.456215974],[34.498495332,-0.458928559],[34.498887942,-0.459428247],[34.498887942,-0.460891615],[34.498566715,-0.461498376],[34.498423948,-0.462711903],[34.498673794,-0.463068821],[34.499637472,-0.462890361],[34.500172851,-0.462426367],[34.50274267,-0.462569133],[34.505026953,-0.463104512],[34.50574079,-0.46342574],[34.506882932,-0.463532815],[34.507739538,-0.464032503],[34.508953063,-0.465281719],[34.509559825,-0.465495873],[34.512700716,-0.468422608],[34.513057633,-0.469172138],[34.513236095,-0.470100127],[34.513236095,-0.471456421],[34.512914868,-0.4733124],[34.512201027,-0.474704385],[34.511023194,-0.478059425],[34.510666276,-0.478380653],[34.509952436,-0.478202192],[34.509238598,-0.479344333],[34.509024447,-0.48016525],[34.508917371,-0.481949846],[34.508453375,-0.483484597],[34.507596772,-0.485554728],[34.50499126,-0.48969499],[34.502778361,-0.49083713],[34.502314367,-0.490730054],[34.499851624,-0.488945459],[34.498638099,-0.488802692],[34.49828118,-0.489088229],[34.49753165,-0.489016842],[34.497388884,-0.48930238],[34.497995645,-0.490266062],[34.498138415,-0.490908514],[34.496996271,-0.492014963],[34.496017653,-0.492515654],[34.494426453,-0.490765748],[34.493212928,-0.491336817],[34.492070789,-0.491229741],[34.491142797,-0.490944206],[34.490571728,-0.49172943],[34.490678803,-0.492478961],[34.491464024,-0.493157106],[34.492748934,-0.493835251],[34.493712615,-0.494085097],[34.493212928,-0.495726922],[34.492677549,-0.496619222],[34.491820943,-0.498796427],[34.491499716,-0.500366874],[34.490714494,-0.50090225],[34.489750812,-0.502615463],[34.487430838,-0.504971128],[34.486467156,-0.505435125],[34.485182247,-0.505792045],[34.483968722,-0.505792045],[34.482683813,-0.505256666],[34.482219819,-0.505292356],[34.481613056,-0.506291731],[34.480970601,-0.506934186],[34.47965,-0.507790792],[34.477794021,-0.51000369],[34.474760208,-0.512466433],[34.468978118,-0.51596424],[34.466051381,-0.517534682],[34.464231093,-0.518534059],[34.462196656,-0.519283589],[34.461554201,-0.51989035],[34.460269291,-0.520604187],[34.459519761,-0.520782647],[34.456414564,-0.521996172],[34.45541519,-0.522210323],[34.455022579,-0.522067559],[34.454415817,-0.521353717],[34.451703231,-0.523066929],[34.450953701,-0.522995548],[34.450346938,-0.522638626],[34.449990018,-0.522710011],[34.449311873,-0.523209699],[34.447634355,-0.52381646],[34.444850384,-0.525601055],[34.440281819,-0.527242886],[34.438354455,-0.527242886],[34.436605551,-0.527849646],[34.433571738,-0.529884086],[34.432715132,-0.530847769],[34.431822835,-0.531525914],[34.43060931,-0.532917899],[34.429931163,-0.533346202],[34.429253016,-0.534060042],[34.429217325,-0.535059413],[34.428182258,-0.535023723],[34.423934924,-0.536701243],[34.422328787,-0.537700616],[34.421757714,-0.537200928],[34.421543563,-0.536094479],[34.419723275,-0.532668057],[34.419152204,-0.532204059],[34.417367609,-0.531490223],[34.417117767,-0.530597923],[34.41665377,-0.529991162],[34.415797164,-0.529634242],[34.41551163,-0.528991787],[34.41461384,-0.528804538],[34.41422672,-0.52845641],[34.41479779,-0.527242886],[34.41479779,-0.526493355],[34.414369487,-0.52642197],[34.414005568,-0.526151507],[34.414083953,-0.525565366],[34.414726407,-0.523923536],[34.414476563,-0.523495233],[34.414485848,-0.52292318],[34.415261786,-0.52153218],[34.415270618,-0.520830575],[34.415720943,-0.519629771],[34.415583013,-0.519069437],[34.415797164,-0.518462672],[34.416264747,-0.518588972],[34.416475312,-0.518284213],[34.41679654,-0.516392543],[34.417260533,-0.515428861],[34.418081446,-0.515393168],[34.41925928,-0.514822099],[34.420931442,-0.513643669],[34.421174142,-0.51242122],[34.42204325,-0.511252905],[34.422257401,-0.510289224],[34.422721396,-0.509468311],[34.423078318,-0.508433247],[34.423899229,-0.508076325],[34.424755836,-0.506862801],[34.425505366,-0.504471443],[34.426254897,-0.504471443],[34.426968734,-0.504721287],[34.42946453,-0.506802405],[34.432964978,-0.50682711],[34.433678814,-0.507148338],[34.435283794,-0.507357881],[34.436217003,-0.506999001],[34.437110001,-0.505340001],[34.438004,-0.502659999],[34.438979732,-0.500709492],[34.438961217,-0.500117029],[34.437783347,-0.498808327],[34.437238,-0.497173001],[34.436217003,-0.495896999],[34.435748945,-0.493978021],[34.433286202,-0.493192797],[34.432393905,-0.492978645],[34.431644375,-0.492621727],[34.430716386,-0.492478961],[34.430109622,-0.492728803],[34.429038864,-0.493942327],[34.426076436,-0.495798306],[34.422721396,-0.497261677],[34.420936801,-0.499331806],[34.419973119,-0.499331806],[34.419758968,-0.498617968],[34.418295601,-0.49768998],[34.417902988,-0.494870316],[34.417474685,-0.493763869],[34.417438995,-0.492264809],[34.41758176,-0.491550969],[34.417614673,-0.489514742],[34.417760222,-0.489052535],[34.418352002,-0.488367999],[34.419116513,-0.487018095],[34.419330664,-0.486268565],[34.419187896,-0.485376267],[34.418045755,-0.484198436],[34.416618079,-0.484162743],[34.415475937,-0.483948591],[34.413548574,-0.483127679],[34.410657528,-0.48055786],[34.409693846,-0.48016525],[34.40676711,-0.476060677],[34.406124655,-0.475560992],[34.405196666,-0.473669321],[34.405910504,-0.471741958],[34.407016955,-0.470956733],[34.407341788,-0.471296334],[34.409164001,-0.471524001],[34.409875474,-0.470971042],[34.410657528,-0.470100127],[34.410800296,-0.468636759],[34.410229225,-0.468065689],[34.408194789,-0.467815847],[34.407052645,-0.467458925],[34.405375125,-0.467280469],[34.404593444,-0.466173711],[34.404054524,-0.464246653],[34.404232984,-0.456037513],[34.403269302,-0.455359368],[34.402412696,-0.455716286],[34.40041395,-0.455859053],[34.3993075,-0.45635874],[34.398986273,-0.456715659],[34.398236742,-0.457072581],[34.396701992,-0.457215347],[34.396059537,-0.457500884],[34.39520293,-0.45760796],[34.393953712,-0.457964877],[34.39316849,-0.457679341],[34.393132799,-0.458428871],[34.391883581,-0.459142709],[34.390277445,-0.458535947],[34.389599298,-0.457679341],[34.388707001,-0.457500884],[34.388064546,-0.456751353],[34.387065173,-0.456215974],[34.385887339,-0.456608583],[34.384673815,-0.456679968],[34.382246766,-0.456251665],[34.381211699,-0.455894747],[34.37939141,-0.455680595],[34.378356346,-0.455502134],[34.376928671,-0.454538455],[34.375036997,-0.452075713],[34.373109633,-0.450540958],[34.372395796,-0.449291742],[34.371896109,-0.449006208],[34.371325038,-0.450041272],[34.371396424,-0.451397564],[34.371646266,-0.452147094],[34.371574882,-0.452753858],[34.371146579,-0.453788925],[34.366149711,-0.453896],[34.365864176,-0.454324303],[34.365864176,-0.454931065],[34.36629248,-0.455894747],[34.365981661,-0.456635926],[34.364222347,-0.457500884],[34.363972503,-0.458678717],[34.364186655,-0.459535323],[34.365221722,-0.460070699],[34.365507256,-0.460748845],[34.366756473,-0.461319918],[34.36818415,-0.46153407],[34.369576135,-0.462818979],[34.369825977,-0.463996812],[34.36986167,-0.465388797],[34.369469059,-0.46660232],[34.369478001,-0.468206],[34.369337454,-0.468909285],[34.368652024,-0.470481739],[34.369227933,-0.470840145],[34.369569395,-0.472870946],[34.370378121,-0.474668114],[34.370953214,-0.477543584],[34.370881328,-0.478406224],[34.372265147,-0.479790044],[34.372642553,-0.480113534],[34.372498779,-0.480994147],[34.37133062,-0.48252174],[34.369713168,-0.482234193],[34.369191989,-0.482683485],[34.368329349,-0.48284523],[34.367506002,-0.483448908],[34.366934934,-0.483306136],[34.365186029,-0.481557233],[34.363402741,-0.480922627],[34.36315159,-0.480379399],[34.36240206,-0.480450784],[34.361402687,-0.480879087],[34.359082711,-0.482342454],[34.358261797,-0.482485224],[34.357226732,-0.482342454],[34.356227358,-0.482413839],[34.355335061,-0.482842142],[34.354799682,-0.482556606],[34.354050151,-0.483056294],[34.353407697,-0.484269818],[34.353157854,-0.485411959],[34.353122164,-0.487053789],[34.353800308,-0.489230994],[34.35440707,-0.491051281],[34.354835373,-0.4945134],[34.35551352,-0.496119534],[34.3551566,-0.497083216],[34.353514772,-0.49843951],[34.350266808,-0.499867184],[34.349053283,-0.499902878],[34.348125296,-0.49958165],[34.346876077,-0.498760738],[34.346519159,-0.498153974],[34.34598378,-0.496297995],[34.344913022,-0.494656165],[34.341611519,-0.492752596],[34.338339762,-0.491116719],[34.336822853,-0.490135191],[34.336495678,-0.489718786],[34.336703881,-0.488915715],[34.336614651,-0.487012146],[34.336674138,-0.485614213],[34.33688234,-0.485049093],[34.336978952,-0.483159873],[34.336555164,-0.481628618],[34.336614651,-0.48100401],[34.336495678,-0.480438886],[34.336079272,-0.47972505],[34.335811582,-0.478416344],[34.335543893,-0.478267628],[34.335484406,-0.477851223],[34.335841326,-0.477137383],[34.335930556,-0.476453289],[34.336257732,-0.476274829],[34.336733625,-0.476334315],[34.337269004,-0.476007142],[34.337887662,-0.474436696],[34.3377211,-0.47300902],[34.337506948,-0.471866879],[34.336882836,-0.47110961],[34.332771821,-0.470010897],[34.333033561,-0.469463621],[34.331439326,-0.46908291],[34.330463746,-0.469011524],[34.329726113,-0.468535633],[34.328726738,-0.468583221],[34.328250845,-0.468178714],[34.328084283,-0.467821796],[34.327537007,-0.46727452],[34.327084909,-0.466179965],[34.32615692,-0.465466129],[34.325609644,-0.462206266],[34.324250111,-0.459441756],[34.322907726,-0.456951847],[34.323059286,-0.456085791],[34.323297451,-0.455176435],[34.323708827,-0.454483591],[34.324704791,-0.45387735],[34.324704791,-0.45337937],[34.324531579,-0.453011294],[34.323730479,-0.452556616],[34.323405707,-0.451820471],[34.323470662,-0.450629642],[34.322799469,-0.45086781],[34.321673597,-0.449417165],[34.321175618,-0.44915735],[34.320526074,-0.449179002],[34.320114697,-0.449373862],[34.319811578,-0.449720286],[34.319746625,-0.450023406],[34.320179653,-0.451322486],[34.319746625,-0.453032946],[34.319811578,-0.453422671],[34.320049745,-0.453704139],[34.320107274,-0.454108338],[34.319854881,-0.454830011],[34.319900566,-0.45510413],[34.318707357,-0.45747148],[34.317927908,-0.458359188],[34.317473228,-0.458640656],[34.315806071,-0.459052032],[34.314831759,-0.459896436],[34.314615245,-0.459874784],[34.314030659,-0.460610933],[34.313792492,-0.460372766],[34.312103684,-0.461606897],[34.312146987,-0.461931665],[34.311107723,-0.462841025],[34.310566436,-0.462992586],[34.309873591,-0.462776069],[34.308834325,-0.462126529],[34.308011573,-0.462039925],[34.307188822,-0.462191482],[34.306820747,-0.463793685],[34.306431021,-0.464529834],[34.305759828,-0.465006163],[34.304828818,-0.464897905],[34.303551388,-0.465071118],[34.302642029,-0.465265979],[34.303053405,-0.467582678],[34.303313221,-0.467950751],[34.304330837,-0.468145615],[34.30632364,-0.469199526],[34.307037261,-0.469423047],[34.307333,-0.469993],[34.307792147,-0.470222443],[34.308141481,-0.471025247],[34.309505518,-0.47165314],[34.31063139,-0.471588183],[34.311229569,-0.471909033],[34.312861483,-0.473774976],[34.313296185,-0.474843458],[34.313900752,-0.475182314],[34.313727538,-0.476113325],[34.314940016,-0.477845435],[34.315113227,-0.478494978],[34.316022585,-0.479729106],[34.317300017,-0.480616814],[34.317689741,-0.481331308],[34.317408273,-0.481656078],[34.316282401,-0.481331308],[34.315719468,-0.481417915],[34.315524603,-0.481894244],[34.31505344,-0.482139691],[34.3131213,-0.480660114],[34.311021115,-0.479447637],[34.309353959,-0.477802134],[34.306993957,-0.476914424],[34.303161665,-0.476048369],[34.301927533,-0.476308189],[34.301537808,-0.476113325],[34.300715056,-0.476264885],[34.299978909,-0.476005066],[34.29939432,-0.476178278],[34.297618908,-0.47574525],[34.296081659,-0.475074057],[34.294631019,-0.47466268],[34.294436154,-0.474511122],[34.292314318,-0.47446782],[34.291924593,-0.474251304],[34.290690464,-0.474272956],[34.289737805,-0.473774976],[34.287053031,-0.473493508],[34.286316884,-0.472930572],[34.285645691,-0.4726058],[34.284952847,-0.47165314],[34.284454864,-0.470440661],[34.284663165,-0.468101414],[34.284411563,-0.467366164],[34.283935232,-0.466586714],[34.281813396,-0.465136074],[34.279453395,-0.464334969],[34.279215229,-0.463923593],[34.279345138,-0.462732769],[34.278695196,-0.460847228],[34.278651801,-0.459852211],[34.278479083,-0.459614968],[34.278457431,-0.459203592],[34.278825505,-0.458835517],[34.278825505,-0.458424141],[34.279020367,-0.458099372],[34.279994679,-0.457774599],[34.281250459,-0.458142673],[34.281770095,-0.458164324],[34.282376332,-0.457536436],[34.28402184,-0.457514783],[34.284411563,-0.45762304],[34.284887893,-0.457514783],[34.284907567,-0.457229577],[34.285126756,-0.457113618],[34.285688996,-0.456172399],[34.285429177,-0.455609463],[34.284822939,-0.455371297],[34.284000187,-0.454765059],[34.283523855,-0.454830011],[34.282462939,-0.455674415],[34.281856699,-0.455761023],[34.280860735,-0.455587812],[34.280622569,-0.453963959],[34.280124587,-0.453834048],[34.279691563,-0.454072215],[34.279583303,-0.455241387],[34.278608991,-0.456129095],[34.277677981,-0.456540471],[34.275144769,-0.456583775],[34.273196144,-0.455219737],[34.271618461,-0.453358675],[34.272097876,-0.452239735],[34.272871373,-0.451300838],[34.273044585,-0.450846158],[34.272481649,-0.450023406],[34.270715632,-0.449840797],[34.270576327,-0.44930891],[34.269212292,-0.449763587],[34.266202747,-0.451647258],[34.265033571,-0.451842122],[34.263864397,-0.45151735],[34.26267357,-0.45091111],[34.261352836,-0.449114045],[34.260545609,-0.446331638],[34.261136322,-0.44560652],[34.261504397,-0.444545604],[34.262132286,-0.4437012],[34.261980726,-0.443463036],[34.260530084,-0.443246519],[34.259728982,-0.443203217],[34.258927881,-0.44259698],[34.25747724,-0.442077345],[34.256264761,-0.442163952],[34.254619255,-0.439912206],[34.255111502,-0.437510642],[34.255370092,-0.437155029],[34.255398705,-0.436859362],[34.256156504,-0.435906702],[34.255290448,-0.435257159],[34.253255218,-0.436491287],[34.251068427,-0.436686149],[34.250375583,-0.436447986],[34.249379622,-0.435646883],[34.248968243,-0.435776794],[34.24840531,-0.435668538],[34.248210445,-0.435278809],[34.247647509,-0.435300461],[34.247214481,-0.435495326],[34.24704127,-0.435906702],[34.246131912,-0.436577894],[34.245828793,-0.437249085],[34.245763838,-0.438006887],[34.245287508,-0.438807986],[34.244291544,-0.439479178],[34.242364571,-0.43950083],[34.240892277,-0.439154408],[34.238922,-0.43950083],[34.237557963,-0.439370923],[34.235717595,-0.439435879],[34.234353558,-0.439305968],[34.233790622,-0.438223398],[34.233206034,-0.437508902],[34.231647138,-0.43638303],[34.230564566,-0.435906702],[34.228789152,-0.434694223],[34.22766328,-0.434261195],[34.225519792,-0.434217894],[34.222531902,-0.436426334],[34.220410066,-0.437032574],[34.217404992,-0.436455885],[34.216888,-0.436226001],[34.215257036,-0.433828169],[34.213893,-0.432745597],[34.211987677,-0.432702297],[34.211468043,-0.432507432],[34.210601988,-0.431554773],[34.210212263,-0.430948532],[34.209782853,-0.429523334],[34.21047208,-0.426986331],[34.210619244,-0.4239996],[34.211158713,-0.423400191],[34.210559304,-0.422980606],[34.209780072,-0.422980606],[34.209420426,-0.421781788],[34.20846368,-0.421073089],[34.207576423,-0.419716092],[34.206663145,-0.418964563],[34.20570409,-0.417466041],[34.205574348,-0.416654062],[34.206003793,-0.415188288],[34.206603203,-0.413869587],[34.207322493,-0.412730708],[34.208281548,-0.41159183],[34.21103883,-0.410333073],[34.212537353,-0.409793604],[34.213485001,-0.408776],[34.214431,-0.408539999],[34.215119,-0.408013999],[34.21598,-0.404782999],[34.21598,-0.400609999],[34.216434003,-0.397433999],[34.216278147,-0.39660202],[34.216433513,-0.393849321],[34.216754458,-0.391469353],[34.217452508,-0.388454638],[34.217208004,-0.386842369],[34.217342,-0.385637],[34.218414,-0.384206999],[34.218976,-0.380462999],[34.222752122,-0.371652048],[34.225689892,-0.363064174],[34.2284868,-0.35851569],[34.228629136,-0.356807653],[34.228531189,-0.356089374],[34.227845558,-0.355338443],[34.226996682,-0.354685463],[34.225168333,-0.354293672],[34.224711248,-0.354032481],[34.224417403,-0.353216255],[34.224352106,-0.352302078],[34.223797071,-0.351714397],[34.223242036,-0.351387904],[34.222458459,-0.351877642],[34.222131969,-0.353183606],[34.222251756,-0.353628533],[34.222105001,-0.354104],[34.221478986,-0.355011952],[34.221413688,-0.355632285],[34.220728058,-0.357003547],[34.219297073,-0.358640999],[34.218807968,-0.358640999],[34.218540568,-0.357525933],[34.217528446,-0.358309513],[34.217267254,-0.359027791],[34.216614273,-0.359419579],[34.215893916,-0.359455598],[34.213712,-0.360682999],[34.212092436,-0.36297644],[34.21129247,-0.363533364],[34.211071933,-0.364666578],[34.211161875,-0.365394365],[34.211390417,-0.365720855],[34.211488365,-0.366830925],[34.212206644,-0.367908343],[34.212076048,-0.369051062],[34.212239293,-0.370030533],[34.212173995,-0.371532391],[34.211749558,-0.373197496],[34.211782207,-0.374927899],[34.21243519,-0.376854193],[34.212271942,-0.378715192],[34.211978101,-0.380053805],[34.210508892,-0.383188118],[34.210117103,-0.38416759],[34.209953857,-0.385016466],[34.210117103,-0.386028589],[34.210763,-0.387678999],[34.211077,-0.388119001],[34.210724099,-0.389413992],[34.209839961,-0.390449699],[34.207627062,-0.39251983],[34.20681124,-0.39372414],[34.204343406,-0.395125339],[34.202772963,-0.396481634],[34.201880664,-0.39683855],[34.200310219,-0.396517323],[34.199132386,-0.396053331],[34.198311473,-0.395089649],[34.198204398,-0.392555523],[34.197633326,-0.391413379],[34.197276406,-0.390164162],[34.196455493,-0.388843562],[34.194456745,-0.38730881],[34.193136144,-0.386487897],[34.192279538,-0.38541714],[34.19081617,-0.385916825],[34.189102958,-0.386238052],[34.188067892,-0.386059594],[34.186961442,-0.38527437],[34.185819302,-0.383739618],[34.184748545,-0.3833827],[34.181857499,-0.383097163],[34.17796708,-0.382026408],[34.176789247,-0.380848575],[34.17554003,-0.378778441],[34.173612667,-0.376993846],[34.171935147,-0.376065858],[34.170935773,-0.375423404],[34.16900841,-0.37556617],[34.166081673,-0.375137867],[34.165153682,-0.374709564],[34.1628694,-0.374281263],[34.161441723,-0.37424557],[34.160692193,-0.374566798],[34.158479295,-0.376422776],[34.158372219,-0.377886146],[34.158479295,-0.37856429],[34.159764204,-0.381633796],[34.162048487,-0.3833827],[34.162369714,-0.384453458],[34.162413511,-0.386620924],[34.161798643,-0.391627532],[34.160727886,-0.395053954],[34.15987128,-0.396695785],[34.158657756,-0.398159153],[34.154053497,-0.399836671],[34.150377233,-0.400300669],[34.149128013,-0.399693904],[34.148913862,-0.399301292],[34.148307099,-0.398944374],[34.147628952,-0.399444062],[34.147174377,-0.400404703],[34.145016932,-0.403945827],[34.141833,-0.411374999],[34.138432336,-0.412459713],[34.137242605,-0.412554891],[34.136195642,-0.412459713],[34.134815555,-0.41203141],[34.133149935,-0.412078999],[34.12905726,-0.411745873],[34.126725388,-0.411222392],[34.125012176,-0.411222392],[34.12291825,-0.410889267],[34.12110986,-0.40903329],[34.120253254,-0.409080877],[34.119587005,-0.409604359],[34.120015308,-0.410270609],[34.119015937,-0.417123456],[34.11863522,-0.41878908],[34.118302096,-0.419312561],[34.118825577,-0.422072735],[34.119111114,-0.424357017],[34.119634595,-0.425023266],[34.120538789,-0.425213624],[34.12110986,-0.425927464],[34.121633341,-0.427117192],[34.122156823,-0.42787862],[34.12348932,-0.429211119],[34.124433579,-0.42924158],[34.127983462,-0.432791459],[34.129951937,-0.435654699],[34.131550935,-0.436054449],[34.134234967,-0.435369162],[34.135662643,-0.432628023],[34.137033213,-0.430686384],[34.139203281,-0.428858958],[34.140516745,-0.426346246],[34.141259135,-0.425775176],[34.14291524,-0.425832285],[34.144792917,-0.42636382],[34.147557,-0.427801001],[34.150347,-0.430469999],[34.152288,-0.432046999],[34.154742394,-0.433474722],[34.158905218,-0.437310803],[34.162016,-0.441335001],[34.163122,-0.442125],[34.164937,-0.441897999],[34.164736257,-0.4392901],[34.165287859,-0.438173249],[34.174511,-0.432177002],[34.17947,-0.430816999],[34.180874,-0.429031001],[34.180874,-0.427882001],[34.183682,-0.422778],[34.186489,-0.420609001],[34.188275,-0.419971],[34.190572001,-0.419459999],[34.192879987,-0.418508782],[34.195910597,-0.417723082],[34.197111585,-0.417592311],[34.198194879,-0.418351258],[34.199508343,-0.418808116],[34.202184,-0.419076999],[34.203562943,-0.418465472],[34.203802792,-0.418545424],[34.204647977,-0.418179936],[34.20573301,-0.419550508],[34.206018547,-0.420178684],[34.20556169,-0.422063217],[34.205037085,-0.422687399],[34.204354,-0.424053999],[34.203588,-0.426095999],[34.204354,-0.428648],[34.204871999,-0.429747999],[34.204099464,-0.433301005],[34.203448728,-0.43365595],[34.202592122,-0.435026522],[34.201392875,-0.437482125],[34.200878911,-0.438909801],[34.200707589,-0.439937727],[34.200022305,-0.441365407],[34.19853752,-0.442850189],[34.198194879,-0.444220759],[34.197166951,-0.446447933],[34.196367453,-0.448446683],[34.19642456,-0.449303287],[34.194939778,-0.451987319],[34.194654241,-0.453186569],[34.194026065,-0.454271602],[34.190314103,-0.458097774],[34.190083997,-0.45850868],[34.188429789,-0.459727619],[34.186430823,-0.460153629],[34.183175722,-0.462266592],[34.180149046,-0.465064838],[34.174609661,-0.471118185],[34.17152588,-0.47494436],[34.169127383,-0.478827639],[34.165301209,-0.481854313],[34.164117524,-0.484325478],[34.163492,-0.485156001],[34.164951365,-0.490340338],[34.164615925,-0.494417867],[34.163587998,-0.497844292],[34.161703464,-0.500185681],[34.161303717,-0.504068963],[34.161303717,-0.505610852],[34.161646357,-0.507723815],[34.162674285,-0.50937992],[34.163085453,-0.509749968],[34.164048697,-0.516012691],[34.16344285,-0.521574657],[34.163502336,-0.523240278],[34.164513608,-0.526036146],[34.164573094,-0.527285361],[34.164241,-0.530200204],[34.163561823,-0.531508906],[34.163145418,-0.532698635],[34.163323878,-0.533590935],[34.164454124,-0.534780666],[34.163740283,-0.537695503],[34.162312608,-0.539182667],[34.161003903,-0.540967263],[34.160468524,-0.542394939],[34.159457256,-0.54275186],[34.158089063,-0.542513913],[34.155947551,-0.540967263],[34.154162953,-0.540074966],[34.152794763,-0.539896505],[34.150831709,-0.540907776],[34.149170816,-0.542106296],[34.146727137,-0.5425734],[34.145002027,-0.542156993],[34.143931273,-0.542275966],[34.142979485,-0.543049292],[34.142682053,-0.544179535],[34.141551809,-0.545785671],[34.139945673,-0.546737455],[34.138636969,-0.548105645],[34.136911862,-0.549295376],[34.136316995,-0.550009215],[34.13488932,-0.548997944],[34.133402157,-0.548343591],[34.131974479,-0.548224618],[34.130784748,-0.549057431],[34.126858638,-0.548641024],[34.125014558,-0.548641024],[34.123884311,-0.547867702],[34.123350729,-0.547836738],[34.122516121,-0.547272834],[34.121074443,-0.543708732],[34.12013666,-0.541621614],[34.119812226,-0.538665823],[34.12013666,-0.535910908],[34.118054632,-0.534899637],[34.115913117,-0.534542719],[34.114782874,-0.534721177],[34.110797276,-0.538706777],[34.110321385,-0.54019394],[34.110440359,-0.541086235],[34.109845491,-0.541978534],[34.109488575,-0.542870831],[34.110559329,-0.546440023],[34.111035222,-0.547570268],[34.111332655,-0.549176403],[34.111273169,-0.551436891],[34.110606444,-0.55466582],[34.107941923,-0.557088113],[34.107228085,-0.558039897],[34.104848623,-0.559289112],[34.103896839,-0.559646034],[34.10300454,-0.56035987],[34.101755324,-0.560835764],[34.100446623,-0.561133197],[34.09925689,-0.562025493],[34.098245619,-0.563274712],[34.097402062,-0.565411986],[34.095033346,-0.568033633],[34.092534912,-0.569163875],[34.090393398,-0.569163875],[34.085456018,-0.568152607],[34.082660149,-0.566427496],[34.080637607,-0.564702386],[34.079983256,-0.564226496],[34.079328904,-0.56345317],[34.079209931,-0.562501386],[34.07653304,-0.560776275],[34.075819199,-0.559765007],[34.074391524,-0.559824491],[34.072666413,-0.561371143],[34.071595656,-0.562084981],[34.071119763,-0.563631628],[34.070227466,-0.564345469],[34.068978251,-0.564345469],[34.066955709,-0.563929062],[34.066182382,-0.56428598],[34.066122895,-0.56565417],[34.065825463,-0.566427496],[34.064397788,-0.567022361],[34.062791651,-0.568390551],[34.064416225,-0.569596433],[34.065095,-0.570817],[34.066360842,-0.571543338],[34.067491088,-0.572435635],[34.068442872,-0.572911527],[34.06951363,-0.57404177],[34.069930035,-0.575053043],[34.070049005,-0.576004827],[34.069216195,-0.576718664],[34.068799789,-0.579098127],[34.069037735,-0.579930937],[34.069097221,-0.581001695],[34.069335168,-0.581596559],[34.070108492,-0.582131938],[34.072904361,-0.581893992],[34.073366778,-0.582577841],[34.074332036,-0.583083722],[34.075997661,-0.583143211],[34.076600696,-0.582871845],[34.078050003,-0.583004],[34.079313676,-0.584583074],[34.080102229,-0.586474455],[34.079923771,-0.587247779],[34.076711497,-0.590043647],[34.076116631,-0.591233378],[34.075759713,-0.593434378],[34.076354578,-0.594564623],[34.080102229,-0.595873325],[34.083552447,-0.594862054],[34.084623204,-0.595694868],[34.085931908,-0.5959923],[34.088489829,-0.594505137],[34.089890232,-0.594483269],[34.090928776,-0.594743083],[34.091702101,-0.594207705],[34.092118507,-0.593493865],[34.093546183,-0.593791299],[34.095152319,-0.596170758],[34.095925645,-0.598133815],[34.097115375,-0.602476331],[34.097234348,-0.604320414],[34.096520509,-0.605272198],[34.093962592,-0.60646193],[34.093189264,-0.607235251],[34.09263704,-0.608192441],[34.090528001,-0.609999999],[34.0895007,-0.612566745],[34.087657017,-0.613576515],[34.087942553,-0.61479004],[34.087728401,-0.615646646],[34.086514878,-0.617002939],[34.085515503,-0.618787535],[34.084164188,-0.621900706],[34.082588768,-0.623141948],[34.08137524,-0.623284716],[34.08080417,-0.624141322],[34.078234351,-0.626140069],[34.077734665,-0.626842012],[34.076925649,-0.626889599],[34.076164221,-0.627222724],[34.074616466,-0.628655934],[34.072404672,-0.628507633],[34.070405925,-0.629173884],[34.067788519,-0.631267807],[34.065551825,-0.63240995],[34.064552451,-0.632647895],[34.062030222,-0.632695487],[34.061030849,-0.632457539],[34.05912728,-0.631553344],[34.058127908,-0.632647895],[34.056938176,-0.633647271],[34.056033981,-0.634694233],[34.056605051,-0.635550839],[34.056842999,-0.636217089],[34.057080943,-0.637787533],[34.056509873,-0.640833241],[34.055986392,-0.641594669],[34.054463536,-0.642546453],[34.052322022,-0.642831989],[34.051608183,-0.642213328],[34.050846756,-0.642165741],[34.049038365,-0.643450648],[34.048134172,-0.644307255],[34.048038991,-0.646163234],[34.048467294,-0.646829485],[34.049181134,-0.647352966],[34.051084702,-0.647257788],[34.052845503,-0.646972251],[34.053987647,-0.646543948],[34.054558715,-0.646068056],[34.055367734,-0.646734306],[34.055891215,-0.647495732],[34.056576685,-0.649339205],[34.057128533,-0.650017963],[34.056842999,-0.651302872],[34.057461657,-0.652968493],[34.05731889,-0.65377751],[34.05670023,-0.654538936],[34.055367734,-0.655681078],[34.055500982,-0.656918399],[34.05441595,-0.658631612],[34.053102485,-0.660173501],[34.051560593,-0.661030107],[34.051275059,-0.662971746],[34.051903237,-0.664285209],[34.053273806,-0.665370243],[34.05441595,-0.666512385],[34.055624003,-0.666675635],[34.056871551,-0.668739561],[34.057214195,-0.67011013],[34.057842371,-0.67165202],[34.058013695,-0.673936305],[34.058299228,-0.674964232],[34.058413442,-0.677305619],[34.056757337,-0.678048011],[34.054130412,-0.67981833],[34.053045378,-0.680275189],[34.052302986,-0.68141733],[34.051560593,-0.681931292],[34.051160844,-0.682673683],[34.05201745,-0.682902112],[34.052759843,-0.683930041],[34.054815697,-0.683815825],[34.056014945,-0.684501109],[34.056221438,-0.685265439],[34.056072052,-0.686043001],[34.055044125,-0.686385642],[34.054073305,-0.687927534],[34.052131665,-0.689983387],[34.051160844,-0.691525279],[34.051217952,-0.692553205],[34.051674811,-0.693695348],[34.052931163,-0.693980884],[34.053445127,-0.695351451],[34.053559343,-0.696093844],[34.054016198,-0.696836237],[34.054244626,-0.697578629],[34.054244626,-0.698606556],[34.053673556,-0.699520269],[34.053388019,-0.700319768],[34.053445127,-0.700947945],[34.053787769,-0.701690335],[34.053388019,-0.702375622],[34.05264563,-0.703118014],[34.053216699,-0.704088835],[34.053502237,-0.705116761],[34.053330913,-0.70608758],[34.052245879,-0.707343936],[34.052131665,-0.7078579],[34.053216699,-0.708486078],[34.054701482,-0.708600293],[34.055558089,-0.708200541],[34.056471802,-0.708543186],[34.057514006,-0.709958964],[34.058108873,-0.710434856],[34.059715006,-0.710375369],[34.060607305,-0.71138664],[34.061261656,-0.714301479],[34.060904738,-0.716324021],[34.059952953,-0.716799913],[34.059060657,-0.717037861],[34.058168357,-0.717930158],[34.057211703,-0.719271974],[34.056145815,-0.719417321],[34.055194031,-0.720012188],[34.053825841,-0.722213186],[34.052755083,-0.723105487],[34.051803299,-0.723343431],[34.049066921,-0.723045998],[34.046746944,-0.724711623],[34.044431571,-0.726698874],[34.043751,-0.727093001],[34.042225968,-0.727091082],[34.040679318,-0.726317757],[34.040024968,-0.726198786],[34.039073184,-0.72679365],[34.038656776,-0.727983382],[34.039905994,-0.72780492],[34.039846507,-0.728459273],[34.040441373,-0.729292083],[34.04133367,-0.729351571],[34.041664685,-0.729543212],[34.040995689,-0.732357803],[34.038656776,-0.732861276],[34.036991154,-0.733575113],[34.0350281,-0.734883818],[34.034373747,-0.736370981],[34.035325531,-0.737560713],[34.038581084,-0.737950043],[34.039239613,-0.738223104],[34.04198,-0.738855001],[34.043568001,-0.738402],[34.0456167,-0.736073549],[34.046925404,-0.735062276],[34.046606949,-0.733797463],[34.046627974,-0.733218196],[34.04637,-0.732183001],[34.046449512,-0.731255139],[34.047877188,-0.730303355],[34.048888459,-0.72988695],[34.052100732,-0.729470545],[34.05414941,-0.730016857],[34.055948375,-0.729362165],[34.058346817,-0.727566976],[34.059001169,-0.726198786],[34.05989781,-0.725622567],[34.062026132,-0.725504238],[34.065128283,-0.727091082],[34.067626715,-0.728578245],[34.068756958,-0.729767976],[34.071358382,-0.731696618],[34.071764723,-0.732418955],[34.07149334,-0.734288954],[34.071790771,-0.73535971],[34.073277934,-0.737382252],[34.075716882,-0.739404793],[34.076252261,-0.741427335],[34.075776368,-0.742973986],[34.075181503,-0.748089827],[34.075716882,-0.752253882],[34.076133288,-0.753622074],[34.075954829,-0.755525643],[34.076133288,-0.757310237],[34.076748445,-0.758130447],[34.076898806,-0.759257155],[34.076442618,-0.760260768],[34.075586012,-0.760903222],[34.075157709,-0.762473668],[34.073801416,-0.763116121],[34.072016821,-0.763615811],[34.070446378,-0.764829333],[34.069518386,-0.767613303],[34.067662407,-0.768969595],[34.066520265,-0.770397274],[34.070558692,-0.7720491],[34.071127077,-0.771993634],[34.074372488,-0.770254504],[34.076085698,-0.767684688],[34.076799537,-0.767042233],[34.077584758,-0.766756696],[34.079869041,-0.767541921],[34.081161275,-0.768962273],[34.081867789,-0.771468032],[34.082510243,-0.772824322],[34.082367475,-0.774680304],[34.082795778,-0.776036597],[34.083509618,-0.77682182],[34.083295467,-0.77853503],[34.08372377,-0.779605786],[34.083581001,-0.780676543],[34.083152698,-0.78167592],[34.081082566,-0.781818686],[34.078441365,-0.782675292],[34.07776891,-0.783799489],[34.077013689,-0.786815554],[34.076585386,-0.787243857],[34.075728779,-0.787600775],[34.075300476,-0.788386],[34.075157709,-0.789599522],[34.075256697,-0.790417786],[34.073944185,-0.790884431],[34.073515882,-0.792026576],[34.073444497,-0.793525634],[34.073801416,-0.794739159],[34.07512463,-0.796030849],[34.075931268,-0.797845577],[34.075657398,-0.801235089],[34.076514001,-0.803091067],[34.077921908,-0.803895584],[34.078743124,-0.803238613],[34.07950311,-0.802870877],[34.080214065,-0.801963797],[34.082224709,-0.80144924],[34.083652384,-0.801592009],[34.084606335,-0.802015982],[34.087150192,-0.80144924],[34.088720638,-0.801377855],[34.090005548,-0.802305847],[34.092004293,-0.805161199],[34.092789514,-0.807231329],[34.093646121,-0.808659006],[34.095145181,-0.809444229],[34.098565319,-0.809632174],[34.099532403,-0.808754634],[34.100684638,-0.80850948],[34.103798127,-0.805592115],[34.104827785,-0.805003741],[34.106347756,-0.804439878],[34.107475476,-0.804464396],[34.10875029,-0.805126317],[34.109902526,-0.806180491],[34.111765716,-0.807332728],[34.11321214,-0.808632056],[34.114658567,-0.811328781],[34.115590159,-0.812628109],[34.116815942,-0.813510673],[34.116963036,-0.814883551],[34.11688949,-0.816329973],[34.117306255,-0.817286084],[34.119071383,-0.818119616],[34.122479059,-0.818683478],[34.12287131,-0.819541524],[34.12360678,-0.82047312],[34.126009317,-0.821159559],[34.127357676,-0.822189218],[34.130373101,-0.825645925],[34.132285325,-0.826160752],[34.133854324,-0.828318131],[34.135711206,-0.829317323],[34.136306071,-0.829495785],[34.136990166,-0.830060906],[34.137347085,-0.831191151],[34.138417842,-0.832589082],[34.139458859,-0.833302922],[34.140261925,-0.833540869],[34.141064996,-0.834581883],[34.144812644,-0.835355206],[34.146359295,-0.835295719],[34.148887471,-0.836693653],[34.150136688,-0.83758595],[34.152188973,-0.840619763],[34.153283528,-0.843564346],[34.152783839,-0.844099725],[34.152926606,-0.844884948],[34.153176452,-0.845241866],[34.151962925,-0.846740927],[34.15058874,-0.847886171],[34.1502,-0.84922],[34.150051003,-0.850801999],[34.149870188,-0.851034148],[34.151249087,-0.852451635],[34.152284152,-0.85238025],[34.153569061,-0.851880562],[34.154318591,-0.851273802],[34.154925354,-0.850488577],[34.156245955,-0.850452886],[34.156888741,-0.849955064],[34.15745948,-0.849060903],[34.157745017,-0.848168603],[34.158458853,-0.846776618],[34.158280396,-0.846348315],[34.159172692,-0.84513479],[34.160743135,-0.844992024],[34.163134494,-0.845277558],[34.165632927,-0.845848631],[34.166739377,-0.845598785],[34.167096298,-0.844777873],[34.167667367,-0.844135418],[34.169451962,-0.84345727],[34.171486402,-0.843207429],[34.172771311,-0.843207429],[34.1736993,-0.843385887],[34.1736993,-0.844028342],[34.173984836,-0.844349569],[34.174734366,-0.844420952],[34.175305436,-0.8442068],[34.175733739,-0.844670797],[34.177054341,-0.847918761],[34.177875255,-0.849275055],[34.178803247,-0.850095968],[34.180123846,-0.850524271],[34.181765675,-0.850452886],[34.184192724,-0.849774741],[34.185798861,-0.850417195],[34.186869619,-0.851595029],[34.187547764,-0.852630093],[34.187190846,-0.854093461],[34.185910209,-0.855941386],[34.1854267,-0.85750628],[34.18628665,-0.858174238],[34.187000487,-0.861457893],[34.187048077,-0.863075929],[34.186572184,-0.864836727],[34.185810759,-0.866597531],[34.185382456,-0.869072169],[34.186001114,-0.870404668],[34.186762543,-0.871261274],[34.18628665,-0.873593146],[34.184335491,-0.875115999],[34.182527104,-0.876305729],[34.179862107,-0.879684564],[34.179148267,-0.880826707],[34.176959162,-0.883015809],[34.176471555,-0.883235234],[34.175266896,-0.885196797],[34.171343636,-0.887631966],[34.168678639,-0.889107231],[34.161445077,-0.894008921],[34.158304188,-0.898006414],[34.153241977,-0.903659177],[34.150832682,-0.904193012],[34.147168311,-0.903050873],[34.145645455,-0.903431585],[34.143932246,-0.904716494],[34.143123227,-0.906048994],[34.14355153,-0.90738149],[34.143837065,-0.909142292],[34.143741887,-0.912188003],[34.14355153,-0.913092198],[34.142647337,-0.914329519],[34.140838946,-0.915376481],[34.138411894,-0.916375853],[34.136555914,-0.918945672],[34.136032433,-0.920182993],[34.135794487,-0.921610667],[34.136127611,-0.92384736],[34.136936628,-0.926559948],[34.136080022,-0.931375976],[34.133738633,-0.938343039],[34.132710707,-0.942454745],[34.130972072,-0.94733212],[34.130426423,-0.947423062],[34.129912461,-0.948622309],[34.129861157,-0.951478928],[34.128770318,-0.954904087],[34.128770318,-0.956331763],[34.129626924,-0.957645226],[34.13048353,-0.958330512],[34.130940387,-0.959415545],[34.131397243,-0.961185865],[34.132284782,-0.963072775],[34.132760676,-0.963608154],[34.134307324,-0.964084048],[34.135378081,-0.965392753],[34.136746272,-0.965868643],[34.137341136,-0.967117859],[34.136389352,-0.971817295],[34.134307324,-0.975327],[34.133117594,-0.975802892],[34.132046836,-0.975148542],[34.131035565,-0.974791621],[34.130143267,-0.975089053],[34.12907251,-0.977290055],[34.127882782,-0.977884921],[34.126871508,-0.978182352],[34.12597921,-0.978182352],[34.123064371,-0.975921866],[34.122231561,-0.977111595],[34.123183345,-0.982822302],[34.123897182,-0.984190494],[34.127347403,-0.98781917],[34.127585347,-0.989484794],[34.12889405,-0.991031442],[34.129488915,-0.991983226],[34.130500186,-0.992518605],[34.132403755,-0.992578094],[34.133533999,-0.993351417],[34.134069378,-0.995195498],[34.13371246,-0.996623178],[34.133118004,-0.997151581],[34.132939134,-0.998050852],[34.133771945,-0.999062125],[34.13591346,-1.000489799],[34.136686786,-1.001382099],[34.137103191,-1.003285667],[34.137698056,-1.00394002],[34.138173949,-1.005129751],[34.13728165,-1.00786613],[34.136984217,-1.009412779],[34.136270381,-1.010424051],[34.134890294,-1.010828557],[34.13410507,-1.010150412],[34.131999247,-1.008936888],[34.129607889,-1.00900827],[34.127863391,-1.009542549],[34.127109455,-1.009204575],[34.126419411,-1.008014845],[34.125729368,-1.006158866],[34.12492035,-1.004897753],[34.124753788,-1.00416012],[34.124158922,-1.003660432],[34.120545159,-1.003358468],[34.120042455,-1.002875211],[34.119637947,-1.001923427],[34.118757546,-1.001376149],[34.116925364,-1.001209586],[34.115688042,-1.000210214],[34.113070635,-0.997497628],[34.112285412,-0.995879596],[34.111809521,-0.995260934],[34.11088153,-0.994737453],[34.107502696,-0.99549888],[34.106860241,-0.995879596],[34.105289797,-0.996212718],[34.104654844,-0.996540437],[34.104123861,-0.996284104],[34.103481407,-0.995665444],[34.103005514,-0.994904017],[34.102815158,-0.993595311],[34.102505828,-0.993119421],[34.100982972,-0.992857678],[34.099983599,-0.991548976],[34.099436323,-0.989930943],[34.098484538,-0.989002951],[34.097532754,-0.988503265],[34.094701198,-0.984815102],[34.092797626,-0.982887738],[34.089537765,-0.981222114],[34.087253484,-0.97855712],[34.086420674,-0.978081225],[34.084517102,-0.977629129],[34.083708086,-0.977105646],[34.082899071,-0.976153862],[34.080543403,-0.975511407],[34.079996126,-0.975749354],[34.079329877,-0.976962881],[34.079353672,-0.978176404],[34.079829564,-0.9795327],[34.079663002,-0.981341088],[34.078996753,-0.984410594],[34.079044342,-0.985243405],[34.08037684,-0.98831291],[34.081281035,-0.988931568],[34.082327998,-0.989336076],[34.082446971,-0.990454425],[34.08237559,-0.991882099],[34.082661123,-0.992357994],[34.082565945,-0.993452544],[34.081919717,-0.995304316],[34.080977655,-0.99774747],[34.079431005,-0.999591555],[34.078627937,-0.999799758],[34.077795127,-0.999472581],[34.076962313,-0.999591555],[34.076397192,-1.000037702],[34.076010529,-1.000751542],[34.075207461,-1.000692055],[34.074701827,-1.000216163],[34.073422866,-1.000126934],[34.072292621,-1.000335137],[34.07018085,-1.00000796],[34.069318295,-0.999591555],[34.068247537,-0.999442836],[34.06744447,-0.99974027],[34.066552171,-1.000483852],[34.065749104,-1.000900257],[34.064916293,-1.001048973],[34.06342913,-1.001643839],[34.060544033,-1.001911528],[34.059562505,-1.001524865],[34.058759438,-1.000632568],[34.057658936,-0.99974027],[34.057183043,-0.999056177],[34.057183043,-0.998223365],[34.05742099,-0.997628497],[34.057480478,-0.996944405],[34.056736896,-0.996171079],[34.055904083,-0.995814158],[34.055041531,-0.996141334],[34.053941028,-0.996230565],[34.053346165,-0.996527999],[34.053286677,-0.997241837],[34.053643596,-0.997896189],[34.054238461,-0.998253107],[34.054936536,-0.999271695],[34.05486307,-0.99974027],[34.053851799,-1.000959744],[34.053584109,-1.00173307],[34.051502081,-1.003398691],[34.050520553,-1.003934071],[34.049925689,-1.003666381],[34.04983646,-1.003131002],[34.049211849,-1.002238705],[34.048170836,-1.001881784],[34.047100078,-1.002744338],[34.046267267,-1.002238705],[34.045999579,-1.001762812],[34.046118553,-1.000692055],[34.045940091,-0.999770012],[34.045255997,-0.999353607],[34.04183552,-0.998669513],[34.04064579,-1.000156676],[34.039634522,-1.002149476],[34.039783236,-1.002803825],[34.040229384,-1.00348792],[34.040586306,-1.00357715],[34.041389372,-1.003309463],[34.042787305,-1.003904326],[34.043233455,-1.004707396],[34.044012734,-1.005226607],[34.045077536,-1.004647907],[34.046059064,-1.009049913],[34.046564699,-1.009942209],[34.04739751,-1.010893993],[34.047189307,-1.012619102],[34.047903147,-1.013362683],[34.04867647,-1.013451914],[34.049271336,-1.012946278],[34.049539025,-1.011340141],[34.050758499,-1.011250912],[34.052245662,-1.012381159],[34.052215919,-1.012976023],[34.051710284,-1.01360063],[34.052453865,-1.017378025],[34.052572838,-1.019549282],[34.051829257,-1.020590296],[34.049806715,-1.021958487],[34.049063133,-1.022791298],[34.048646728,-1.023683595],[34.048587241,-1.025497934],[34.048914417,-1.026390235],[34.050639526,-1.027371761],[34.051948231,-1.027936882],[34.053108217,-1.028055855],[34.055249733,-1.02680664],[34.056171773,-1.026033313],[34.057183043,-1.024665124],[34.057480478,-1.02371334],[34.057629193,-1.019370825],[34.057807654,-1.017794432],[34.058134831,-1.016931877],[34.059354302,-1.016277525],[34.060633262,-1.016277525],[34.062655804,-1.016634443],[34.066462942,-1.01669393],[34.067920361,-1.016099064],[34.069615727,-1.015117538],[34.070864945,-1.014136009],[34.07145981,-1.013362683],[34.073155176,-1.012529872],[34.073809528,-1.011697062],[34.075088488,-1.010715533],[34.077348976,-1.008098128],[34.079074087,-1.006373018],[34.079609467,-1.004618165],[34.080620735,-1.003934071],[34.086718105,-1.005718665],[34.088354105,-1.005955768],[34.091001133,-1.005599692],[34.092220607,-1.004796626],[34.093529313,-1.003368947],[34.09415392,-1.00310126],[34.095046217,-1.003696123],[34.095224678,-1.003279717],[34.094867758,-1.002684854],[34.094867758,-1.002060244],[34.096503639,-1.001078718],[34.097395935,-1.001019229],[34.099240017,-1.00238742],[34.100102572,-1.003220233],[34.101500507,-1.005718665],[34.105724048,-1.010804763],[34.107062495,-1.012886794],[34.108400943,-1.015474456],[34.108817348,-1.019638512],[34.10872812,-1.021006703],[34.10783582,-1.022612838],[34.105793151,-1.024843139],[34.106480055,-1.025354637],[34.10616157,-1.025769407],[34.105780853,-1.025924075],[34.10579275,-1.025674229],[34.105269269,-1.025698026],[34.105055117,-1.025840792],[34.105067015,-1.02606684],[34.104531636,-1.026090634],[34.104472149,-1.025900279],[34.103948668,-1.025912178],[34.103389497,-1.025852688],[34.103413289,-1.026007355],[34.103139651,-1.025995457],[34.102984986,-1.026173915],[34.103103959,-1.026257197],[34.102889808,-1.026316684],[34.102770835,-1.026090634],[34.101545412,-1.026019253],[34.10049845,-1.026447556],[34.100712602,-1.026530836],[34.100593628,-1.026840165],[34.099499076,-1.027363646],[34.098797135,-1.027435031],[34.098249859,-1.027232775],[34.098261756,-1.027006728],[34.097762072,-1.026768784],[34.097821556,-1.026411862],[34.097345667,-1.026304786],[34.097286177,-1.026554632],[34.096417674,-1.026388067],[34.095430201,-1.026875859],[34.094859127,-1.02831543],[34.094621181,-1.0284582],[34.093789619,-1.028385803],[34.093599444,-1.028864411],[34.093439513,-1.028971847],[37.266213,-2.817495],[37.500712,-2.948171],[37.514796,-2.956495],[37.530393,-2.965786],[37.558014,-2.984116],[37.579245,-2.997611],[37.605106153,-3.01453909],[37.672877,-3.060937],[37.695554,-3.201616],[37.712068,-3.311389],[37.685735,-3.322978],[37.68522,-3.350792],[37.680842,-3.356393],[37.664186,-3.358251],[37.619073,-3.402536],[37.585305,-3.440439],[37.585273727,-3.460921369],[37.585783891,-3.461332015],[37.585966034,-3.46203802],[37.586377473,-3.462465509],[37.587253816,-3.462709776],[37.587640154,-3.462506456],[37.588193306,-3.461662225],[37.5887849,-3.461764908],[37.589488068,-3.462066195],[37.59107975,-3.462107971],[37.591314731,-3.461965046],[37.591321775,-3.461362848],[37.591910069,-3.461421931],[37.592595422,-3.46127485],[37.593883968,-3.461466731],[37.594451964,-3.460670781],[37.594627902,-3.459877416],[37.596231143,-3.459016391],[37.597150842,-3.45887754],[37.59800812,-3.459836685],[37.598264683,-3.459733072],[37.598856877,-3.460194036],[37.599189696,-3.459953205],[37.599430852,-3.460330424],[37.599932031,-3.460183765],[37.600289745,-3.460449925],[37.60034843,-3.460724853],[37.600996276,-3.460726387],[37.601107185,-3.460989584],[37.60136584,-3.460994935],[37.601864988,-3.461666495],[37.602125724,-3.461639796],[37.602518231,-3.461240385],[37.602700685,-3.461359262],[37.602922058,-3.461080257],[37.603508675,-3.460899251],[37.603873725,-3.461077779],[37.604622645,-3.460712131],[37.605131594,-3.461234468],[37.606085818,-3.461172761],[37.606501611,-3.46197684],[37.606808145,-3.4618141],[37.607356542,-3.462222563],[37.60782639,-3.462859292],[37.608073387,-3.462857615],[37.608444414,-3.463109558],[37.608450663,-3.463340282],[37.608731569,-3.463379408],[37.609122697,-3.463769402],[37.60994018,-3.463451428],[37.610669883,-3.46289982],[37.610600817,-3.462673848],[37.611005527,-3.462479221],[37.611864877,-3.46262538],[37.613815045,-3.463028911],[37.614886738,-3.462828434],[37.615088921,-3.462410503],[37.615681016,-3.462556948],[37.616307325,-3.462191575],[37.616686794,-3.462013021],[37.617185546,-3.462091864],[37.617706426,-3.461618918],[37.61858995,-3.461403457],[37.619192119,-3.462035235],[37.619324643,-3.462732895],[37.61923361,-3.463402136],[37.619445604,-3.463575586],[37.619576326,-3.46473923],[37.619776213,-3.464859581],[37.61996948,-3.465368142],[37.620426605,-3.465563345],[37.620705894,-3.465969334],[37.622289658,-3.466184287],[37.622511621,-3.466647234],[37.623328549,-3.467048779],[37.624032369,-3.467060392],[37.624661268,-3.467023369],[37.624895316,-3.467223737],[37.62495168,-3.467583545],[37.625164931,-3.46774852],[37.625246581,-3.470770949],[37.625388643,-3.470771282],[37.625450295,-3.470984134],[37.625308905,-3.471118226],[37.625280025,-3.471666191],[37.625652735,-3.471755692],[37.625406363,-3.472488611],[37.62559141,-3.47308286],[37.62536335,-3.473459044],[37.62528731,-3.474021595],[37.625969632,-3.47462587],[37.625800321,-3.474882497],[37.62563737,-3.476202678],[37.625271589,-3.476937434],[37.625634865,-3.477266217],[37.625423435,-3.477923908],[37.625776599,-3.478775572],[37.62569626,-3.478952648],[37.6253231,-3.479049267],[37.625144273,-3.47957176],[37.625223139,-3.480015083],[37.625506821,-3.480210728],[37.625440693,-3.480468487],[37.625078989,-3.480901019],[37.625220493,-3.481140647],[37.625673301,-3.481159442],[37.625934695,-3.482089912],[37.62591852,-3.484905309],[37.626214,-3.485311],[37.626291,-3.486126],[37.62528,-3.488105],[37.625008,-3.488338],[37.624891,-3.489036],[37.623803,-3.489579],[37.623414,-3.48923],[37.622831,-3.489424],[37.622131,-3.489385],[37.621314,-3.488997],[37.62112,-3.489346],[37.62112,-3.489851],[37.620187,-3.490161],[37.619643,-3.491132],[37.619642,-3.49183],[37.619214,-3.492257],[37.618826,-3.492373],[37.61832,-3.492218],[37.618087,-3.492373],[37.61832,-3.492761],[37.617702,-3.494011],[37.617624,-3.494749],[37.618518,-3.495292],[37.618713,-3.496107],[37.618635,-3.496922],[37.61844,-3.497271],[37.618518,-3.497698],[37.618129,-3.498125],[37.615719,-3.498552],[37.614902,-3.498358],[37.614202,-3.498396],[37.613541,-3.498668],[37.613619,-3.500143],[37.613365332,-3.500843007],[37.613346,-3.501074],[37.61288,-3.501501],[37.611869,-3.501579],[37.61032,-3.50236],[37.608967,-3.503517],[37.608117,-3.504404],[37.606842,-3.504713],[37.606765,-3.50533],[37.607035,-3.505793],[37.607189,-3.507104],[37.606842,-3.507605],[37.606108,-3.507837],[37.605682,-3.508454],[37.606378,-3.509727],[37.606455,-3.510189],[37.606185,-3.511115],[37.605755,-3.511523],[37.604502,-3.51226],[37.60206,-3.513125],[37.601771,-3.514889],[37.600935,-3.516524],[37.600935,-3.517743],[37.600067,-3.520116],[37.600035,-3.521302],[37.602831,-3.52111],[37.603152,-3.521559],[37.60549,-3.521924],[37.606456,-3.522503],[37.608195,-3.524431],[37.610514,-3.524779],[37.611944,-3.525396],[37.614278,-3.52563],[37.615499,-3.526047],[37.61627,-3.526079],[37.616912,-3.526335],[37.617555,-3.526368],[37.618357173,-3.52613636],[37.618969,-3.526111],[37.620061,-3.52672],[37.6208,-3.526913],[37.621378,-3.526881],[37.621988,-3.526496],[37.62266763,-3.525174305],[37.622935,-3.524284],[37.625023,-3.524188],[37.626437,-3.523675],[37.628568,-3.524639],[37.630399,-3.524607],[37.631063,-3.524252],[37.631995,-3.522264],[37.632638,-3.521687],[37.634447,-3.52108],[37.635058,-3.520599],[37.635475,-3.520471],[37.636246,-3.520599],[37.636793,-3.520439],[37.637596,-3.519958],[37.638849,-3.519797],[37.640493,-3.519852],[37.640943,-3.519468],[37.641232,-3.519532],[37.641425,-3.519981],[37.644412,-3.519724],[37.644408545,-3.518780778],[37.644284,-3.518249],[37.644862,-3.517961],[37.645537,-3.516518],[37.645954,-3.516229],[37.646693,-3.516037],[37.646854,-3.51546],[37.647593,-3.515332],[37.64865,-3.51402],[37.649389,-3.513828],[37.650224,-3.51386],[37.650674,-3.514116],[37.65138,-3.513988],[37.651959,-3.513699],[37.653083,-3.513603],[37.653565,-3.513154],[37.655454,-3.512096],[37.655871,-3.51014],[37.656746,-3.509627],[37.65681,-3.509275],[37.657453,-3.508633],[37.658301,-3.507959],[37.659875,-3.507831],[37.661,-3.506644],[37.662381,-3.50658],[37.663249,-3.506067],[37.663924,-3.505394],[37.665755,-3.505073],[37.666205,-3.505137],[37.666783,-3.505747],[37.667586,-3.506324],[37.667939,-3.506644],[37.668955,-3.506953],[37.669469,-3.506825],[37.670047,-3.50628],[37.672168,-3.506761],[37.673806,-3.50644],[37.674931,-3.506729],[37.675027,-3.507306],[37.675413,-3.507851],[37.676023,-3.509615],[37.676505,-3.509647],[37.67772,-3.511612],[37.67772,-3.512286],[37.679005,-3.513376],[37.679455,-3.513504],[37.679776,-3.513985],[37.680418,-3.514081],[37.68074,-3.514659],[37.681543,-3.514787],[37.682282,-3.515236],[37.683824,-3.515172],[37.685728,-3.51573],[37.686499,-3.516724],[37.686981,-3.516981],[37.687495,-3.517622],[37.688106,-3.517911],[37.688298,-3.519482],[37.687881,-3.520796],[37.687881,-3.52147],[37.688298,-3.522528],[37.68862,-3.522752],[37.689294,-3.524131],[37.690901,-3.525638],[37.691318,-3.526504],[37.692186,-3.526953],[37.692539,-3.52753],[37.693085,-3.528043],[37.69497,-3.529312],[37.697331,-3.529059],[37.698808,-3.529412],[37.699869,-3.529348],[37.700929,-3.530149],[37.704131,-3.52989],[37.708478,-3.530983],[37.709689,-3.531108],[37.710621,-3.531429],[37.712002,-3.530884],[37.713127,-3.530723],[37.71544,-3.531397],[37.718074,-3.530948],[37.720162,-3.531268],[37.721769,-3.531685],[37.723247,-3.532326],[37.724532,-3.533128],[37.725303,-3.535276],[37.725942,-3.536774],[37.725974,-3.53796],[37.726874,-3.539339],[37.727742,-3.539596],[37.728415,-3.540487],[37.744059,-3.543993],[37.744356,-3.54429],[37.746819775,-3.549484276],[37.747928,-3.552923],[37.748545386,-3.556934393],[37.749086,-3.565094],[37.749384,-3.566384],[37.750243,-3.5686],[37.753452,-3.574818],[37.762515,-3.617874],[37.785959,-3.676852],[39.194956787,-4.66359735],[39.200275491,-4.670663601],[39.201484561,-4.672593705],[39.202353958,-4.673576441],[39.202610593,-4.673693048],[39.203371797,-4.673651246],[39.203894975,-4.673957052],[39.204016463,-4.674157309],[39.203810039,-4.674726214],[39.204117901,-4.676106048],[39.20575346,-4.676199884],[39.206505318,-4.676897074],[39.2060636,-4.678114175],[39.205903413,-4.679111424],[39.206150836,-4.680544622],[39.208560429,-4.680320498],[39.212462746,-4.680225321],[39.214223546,-4.680606035],[39.216431957,-4.681391792],[39.21906789,-4.679300051],[39.221338024,-4.674848122],[39.221776903,-4.67370704],[39.222479109,-4.67265373],[39.225331817,-4.669844909],[39.227570097,-4.665105023],[39.228880836,-4.664323094],[39.229439001,-4.662943999],[39.228951,-4.659267001],[39.228369897,-4.658326055],[39.230378918,-4.657600203],[39.231476114,-4.657600203],[39.232617198,-4.658170745],[39.232704974,-4.659224054],[39.23323163,-4.660233473],[39.234153275,-4.660935678],[39.235250468,-4.661023456],[39.235996562,-4.660409025],[39.235908786,-4.659311828],[39.235557686,-4.658346296],[39.235645459,-4.657336877],[39.235469908,-4.656151906],[39.234767702,-4.655186373],[39.23485548,-4.653957513],[39.237875929,-4.65037986],[39.237620411,-4.649393178],[39.237795963,-4.648603196],[39.238366508,-4.648383759],[39.239478258,-4.647583376],[39.239463701,-4.645794374],[39.240341457,-4.643994974],[39.242677187,-4.642000418],[39.243424011,-4.640697013],[39.243238055,-4.639430639],[39.240122018,-4.637367912],[39.237927628,-4.636534041],[39.237488749,-4.636182938],[39.237752075,-4.635436846],[39.238849273,-4.63512963],[39.240209793,-4.634997967],[39.241745868,-4.63534907],[39.243150279,-4.636051275],[39.247012408,-4.636534041],[39.247231848,-4.636051275],[39.246354093,-4.633944659],[39.247056299,-4.632101369],[39.248855698,-4.629599763],[39.249645681,-4.628151464],[39.250391772,-4.627317597],[39.251620631,-4.626878718],[39.252542276,-4.626878718],[39.253507808,-4.626439839],[39.2557022,-4.624552662],[39.256711621,-4.623104365],[39.257104769,-4.622103621],[39.257517463,-4.619508128],[39.258409761,-4.619746071],[39.259064113,-4.620400423],[39.259064113,-4.620816829],[39.258686573,-4.621612177],[39.260485974,-4.62275326],[39.263382571,-4.623104365],[39.264435881,-4.623631017],[39.264830869,-4.625693747],[39.266235281,-4.626834831],[39.267244702,-4.627142044],[39.268649113,-4.626659279],[39.269658532,-4.625693747],[39.27006912,-4.624921402],[39.270901932,-4.625159346],[39.270485526,-4.62611113],[39.271258853,-4.626765481],[39.274442306,-4.627361484],[39.274925072,-4.626834831],[39.275459492,-4.625157982],[39.277470567,-4.612483507],[39.27760223,-4.610333004],[39.277514458,-4.608050835],[39.277997223,-4.60611977],[39.278172772,-4.604715361],[39.277997223,-4.602784295],[39.276241707,-4.599843812],[39.275188402,-4.598966055],[39.273652325,-4.597166652],[39.273125672,-4.596025568],[39.273432886,-4.59541114],[39.274749522,-4.595279475],[39.275671167,-4.594752822],[39.276373373,-4.595103923],[39.276680586,-4.596376673],[39.277163352,-4.596991101],[39.278611651,-4.598088296],[39.279489407,-4.601423773],[39.280244745,-4.603152241],[39.28010384,-4.609104143],[39.281157145,-4.613887918],[39.281683799,-4.615380106],[39.282605444,-4.616652851],[39.286072583,-4.61832059],[39.289276396,-4.619373898],[39.289581717,-4.618874281],[39.288390973,-4.618080449],[39.287379699,-4.617128665],[39.286963293,-4.616057907],[39.287796105,-4.615700989],[39.288331484,-4.615284582],[39.289402241,-4.615046636],[39.290631463,-4.615069834],[39.291514674,-4.611517975],[39.292172992,-4.609806349],[39.293665178,-4.607216966],[39.294762374,-4.60291596],[39.295985212,-4.600443789],[39.296259388,-4.597229671],[39.295771795,-4.595542802],[39.294762374,-4.593655625],[39.296610344,-4.593115432],[39.297313951,-4.595366114],[39.297581638,-4.597061481],[39.297615084,-4.600458239],[39.294190906,-4.609137247],[39.29347707,-4.612825409],[39.292674,-4.615115643],[39.292168364,-4.617286898],[39.29249554,-4.617970996],[39.293328352,-4.618536117],[39.294101677,-4.618536117],[39.294904745,-4.615769993],[39.295172435,-4.615472559],[39.295797042,-4.615145384],[39.296825102,-4.613613626],[39.29708843,-4.612790723],[39.298141741,-4.61243962],[39.299151158,-4.613273489],[39.300658724,-4.613440995],[39.301150829,-4.612855155],[39.301478005,-4.612171057],[39.302043128,-4.611784397],[39.302727224,-4.612022343],[39.303232858,-4.611843881],[39.303671605,-4.61204463],[39.303188839,-4.613492929],[39.30308772,-4.616930959],[39.302846195,-4.618625346],[39.303530291,-4.618982264],[39.30397644,-4.618803807],[39.304184643,-4.616959722],[39.304262186,-4.612824178],[39.305815203,-4.606026947],[39.306041548,-4.605593116],[39.306787642,-4.60511035],[39.307533737,-4.605724782],[39.30762151,-4.607875286],[39.307402071,-4.609455248],[39.307445959,-4.611122986],[39.307797063,-4.612132404],[39.30885037,-4.612395731],[39.30968424,-4.612220181],[39.310386445,-4.612395731],[39.310342559,-4.61305405],[39.30949219,-4.613904416],[39.3063559,-4.61565102],[39.306117955,-4.616156657],[39.306897932,-4.62003257],[39.306173213,-4.622270494],[39.306129327,-4.62437711],[39.303553603,-4.633180456],[39.303553603,-4.635916837],[39.304862305,-4.638296296],[39.306073751,-4.639594273],[39.316676812,-4.642776876],[39.319807929,-4.643937359],[39.321875451,-4.645315706],[39.324380558,-4.646136781],[39.326819265,-4.646792215],[39.328871551,-4.646851702],[39.33487969,-4.644085578],[39.337616069,-4.642717389],[39.340025274,-4.64182509],[39.342137046,-4.64125997],[39.347728779,-4.640605619],[39.352695905,-4.640754334],[39.356027149,-4.6413492],[39.361291707,-4.643074307],[39.364206546,-4.643223023],[39.366942928,-4.644293781],[39.368281373,-4.644948134],[39.370040503,-4.645326957],[39.370578262,-4.645620279],[39.377472044,-4.647178879],[39.381636098,-4.648963473],[39.383004291,-4.649320395],[39.383837101,-4.650093717],[39.385235035,-4.650629096],[39.386395022,-4.650450636],[39.387138603,-4.649915257],[39.389012427,-4.649766544],[39.391629834,-4.649112192],[39.392700592,-4.649201421],[39.394009296,-4.648814757],[39.395466715,-4.648785016],[39.397930163,-4.648060416],[39.401028706,-4.647316835],[39.401772287,-4.647744002],[39.403789586,-4.646275821],[39.404295221,-4.64609736],[39.406101459,-4.644772287],[39.407648109,-4.644177424],[39.410919868,-4.643582557],[39.413418305,-4.642392828],[39.414727006,-4.641500529],[39.415559816,-4.639953881],[39.415857252,-4.63787185],[39.415857252,-4.635194956],[39.41294241,-4.631328335],[39.412347547,-4.629722199],[39.413180356,-4.625677115],[39.413180356,-4.624546869],[39.412823437,-4.622167409],[39.412466517,-4.621334598],[39.411336274,-4.620620759],[39.409551678,-4.620323325],[39.408983679,-4.620056032],[39.407240289,-4.620255276],[39.405425949,-4.62183167],[39.403284435,-4.621920899],[39.401856757,-4.621682955],[39.400607541,-4.621177318],[39.398971664,-4.619957844],[39.398228082,-4.619125034],[39.397900906,-4.618232734],[39.397987232,-4.616835205],[39.397297454,-4.615504917],[39.397136408,-4.613958744],[39.397789717,-4.612797307],[39.398878567,-4.612180292],[39.399391527,-4.611638831],[39.399983361,-4.6101021],[39.39977642,-4.609821249],[39.398490429,-4.609244771],[39.398313051,-4.608683075],[39.395766982,-4.607473798],[39.39619274,-4.606409396],[39.395938677,-4.605247958],[39.394740942,-4.603832456],[39.393952509,-4.603287828],[39.394765491,-4.601573175],[39.394484645,-4.600434997],[39.393967292,-4.600109804],[39.393432575,-4.599496307],[39.393361734,-4.597130402],[39.395401096,-4.590974838],[39.395933229,-4.58962972],[39.396007137,-4.586865581],[39.395795237,-4.585645608],[39.396662594,-4.583091089],[39.396410509,-4.581402183],[39.392577829,-4.576222901],[39.392267417,-4.576089867],[39.39169217,-4.576212007],[39.390929973,-4.575486108],[39.389986305,-4.573743952],[39.389804833,-4.572618807],[39.389260406,-4.571965498],[39.388207853,-4.569388558],[39.3871553,-4.5683723],[39.387119005,-4.567428633],[39.387663429,-4.566593849],[39.388570803,-4.565976835],[39.389405587,-4.566702732],[39.388643392,-4.567501221],[39.388643392,-4.568481186],[39.38987742,-4.57087665],[39.392272886,-4.573889131],[39.394813532,-4.575957942],[39.397354178,-4.578680062],[39.398043783,-4.580567399],[39.398443029,-4.58292657],[39.400221478,-4.586301999],[39.400911082,-4.58673754],[39.402762123,-4.586919013],[39.403850972,-4.58666495],[39.407298994,-4.584450958],[39.408351544,-4.583906535],[39.408968558,-4.583325814],[39.409367802,-4.582019198],[39.409875933,-4.58114812],[39.412888411,-4.58013186],[39.414303915,-4.578934127],[39.415485396,-4.578955386],[39.416735675,-4.57976891],[39.418042293,-4.578353408],[39.419058551,-4.577917869],[39.419965927,-4.576683843],[39.420728118,-4.574723915],[39.421345132,-4.573889131],[39.42116304,-4.572818717],[39.421831621,-4.572096084],[39.421671789,-4.570840356],[39.420909593,-4.570005572],[39.419022256,-4.568807839],[39.417860821,-4.568444889],[39.41706233,-4.568771544],[39.41698974,-4.5683723],[39.417570459,-4.567138273],[39.419167437,-4.567392336],[39.420183697,-4.567210863],[39.42377221,-4.569755087],[39.423987796,-4.56934662],[39.424139843,-4.567428633],[39.423232469,-4.564307267],[39.422071034,-4.562601406],[39.417026037,-4.5569031],[39.41698974,-4.556503855],[39.41807859,-4.556249792],[39.418441537,-4.556540149],[39.418695605,-4.55610461],[39.418441537,-4.55374544],[39.418332653,-4.553418786],[39.419203731,-4.553019541],[39.420474054,-4.555197239],[39.421199952,-4.557520115],[39.421744377,-4.557919359],[39.422397685,-4.558064538],[39.42265175,-4.55632238],[39.423559126,-4.554289864],[39.425627935,-4.550987026],[39.426934555,-4.548591558],[39.430527754,-4.54550649],[39.435717928,-4.541876996],[39.438694113,-4.540352608],[39.439746666,-4.53955412],[39.440908105,-4.537303833],[39.440908105,-4.536214986],[39.440109616,-4.53552538],[39.440944399,-4.534472826],[39.442178427,-4.535198726],[39.442613966,-4.535706855],[39.444501303,-4.534073584],[39.446054206,-4.531643781],[39.446570117,-4.529645602],[39.446570117,-4.528447867],[39.448275978,-4.528774521],[39.448348567,-4.531278873],[39.448058209,-4.53229513],[39.446570117,-4.533928403],[39.444646486,-4.536831999],[39.442831736,-4.540715556],[39.438512637,-4.546232387],[39.437097137,-4.547357532],[39.43795,-4.548513],[39.440327385,-4.549680408],[39.440835513,-4.550333717],[39.440980694,-4.551132204],[39.439420013,-4.550841844],[39.436480122,-4.549607816],[39.434810555,-4.549390046],[39.432269909,-4.550841844],[39.431035881,-4.551894397],[39.429874446,-4.554072094],[39.427624157,-4.556721625],[39.427261207,-4.557810472],[39.427116028,-4.55955263],[39.429838148,-4.562274751],[39.431398831,-4.563073238],[39.432523973,-4.563363598],[39.433104693,-4.564016909],[39.433649117,-4.566013129],[39.434193541,-4.566993094],[39.43441131,-4.567791581],[39.434193541,-4.569061904],[39.433450347,-4.568989983],[39.432940957,-4.568761083],[39.434279405,-4.570724138],[39.43460658,-4.571467722],[39.434457866,-4.571675925],[39.43484685,-4.572151815],[39.434883349,-4.57311032],[39.435201447,-4.573401033],[39.434547094,-4.574204102],[39.434487607,-4.574679993],[39.435439391,-4.575364088],[39.43631581,-4.576706714],[39.436420919,-4.578844049],[39.436004514,-4.580420443],[39.435707081,-4.581848119],[39.435707081,-4.583156824],[39.435945029,-4.584138351],[39.436301946,-4.584762958],[39.435796311,-4.587201908],[39.435736826,-4.588361895],[39.436480408,-4.589908542],[39.437372704,-4.590800843],[39.439276273,-4.591544424],[39.442607518,-4.591841856],[39.443053667,-4.591752627],[39.44344875,-4.588915237],[39.444706,-4.585343999],[39.445316784,-4.585031791],[39.447078244,-4.585503512],[39.448493747,-4.585322036],[39.450199609,-4.585503512],[39.450744033,-4.584559843],[39.451469932,-4.582491031],[39.450961801,-4.581511068],[39.450961801,-4.580676284],[39.451143277,-4.57998668],[39.45237717,-4.578557363],[39.45310689,-4.578070725],[39.454594053,-4.576286128],[39.454802256,-4.575007168],[39.455516093,-4.573609236],[39.45557558,-4.573282059],[39.455099688,-4.572508736],[39.455724299,-4.572122075],[39.455278148,-4.571586696],[39.455527298,-4.571264638],[39.45557126,-4.570912945],[39.455026837,-4.569207083],[39.455063916,-4.56861385],[39.45602173,-4.566411365],[39.456319162,-4.565340608],[39.456514929,-4.562238455],[39.457603776,-4.559734104],[39.458674873,-4.558419751],[39.459263745,-4.558083252],[39.459294805,-4.557295716],[39.459882467,-4.556225333],[39.460483219,-4.555971481],[39.461345774,-4.555049439],[39.461959171,-4.553709146],[39.462068054,-4.552475118],[39.461775632,-4.548891959],[39.461821666,-4.547345937],[39.462119098,-4.546542866],[39.462288067,-4.542818308],[39.462759381,-4.54055215],[39.463152075,-4.539155913],[39.46323112,-4.538270256],[39.462862679,-4.537560401],[39.462059612,-4.536727589],[39.461821666,-4.535478372],[39.461821666,-4.535091712],[39.46372223,-4.533036423],[39.464027981,-4.530335205],[39.464499817,-4.529318945],[39.46453611,-4.527250135],[39.464971649,-4.524673193],[39.465531575,-4.523199704],[39.46555237,-4.521297764],[39.466568625,-4.518974887],[39.466641217,-4.517886041],[39.466967871,-4.516942372],[39.467947834,-4.515817228],[39.467984129,-4.515091331],[39.468863703,-4.513084043],[39.469525171,-4.512070424],[39.469918436,-4.509924671],[39.470149779,-4.509690966],[39.470114094,-4.50905138],[39.471831392,-4.503549539],[39.473392075,-4.499157851],[39.475751246,-4.494403216],[39.477311928,-4.489793758],[39.478531634,-4.486847937],[39.479888871,-4.485075415],[39.480360703,-4.483877683],[39.482211747,-4.48188146],[39.48374245,-4.480611137],[39.483920909,-4.480126163],[39.48493218,-4.479233862],[39.485814776,-4.479221631],[39.486167893,-4.478941571],[39.486748612,-4.477997903],[39.487728577,-4.476909055],[39.489252963,-4.47556614],[39.49243593,-4.471965615],[39.492992605,-4.472392913],[39.494212081,-4.472482144],[39.498000043,-4.468089385],[39.497624885,-4.467714226],[39.497637095,-4.467073125],[39.498907418,-4.464459891],[39.498762237,-4.463262157],[39.499234071,-4.46144741],[39.499161482,-4.460394857],[39.498326698,-4.458943061],[39.498145223,-4.458108275],[39.498289626,-4.457205759],[39.497454094,-4.456242322],[39.497245891,-4.45549874],[39.497632553,-4.453000307],[39.49795973,-4.451870061],[39.499268433,-4.449222912],[39.500547393,-4.447616775],[39.500625821,-4.447315044],[39.500249961,-4.445683465],[39.500249961,-4.445118341],[39.500934056,-4.445029113],[39.50144544,-4.444756175],[39.50270207,-4.443533605],[39.506421771,-4.440649543],[39.508053742,-4.439561563],[39.508670756,-4.438146059],[39.508631147,-4.436997895],[39.509178885,-4.435496529],[39.510521798,-4.433645488],[39.513715752,-4.42558801],[39.514059766,-4.425152727],[39.513933522,-4.423700673],[39.513425395,-4.42213999],[39.513497982,-4.420615605],[39.513969817,-4.420470423],[39.515603089,-4.421704451],[39.51618381,-4.42315625],[39.516583055,-4.423555495],[39.516909707,-4.422793299],[39.516837118,-4.421849633],[39.516365286,-4.420543013],[39.515893448,-4.420107475],[39.51774449,-4.420724489],[39.517998555,-4.421341501],[39.518470389,-4.421813336],[39.521700639,-4.421232619],[39.523442796,-4.420288948],[39.524096105,-4.41941787],[39.524590659,-4.417881312],[39.525584197,-4.41713129],[39.525293838,-4.419345282],[39.525547902,-4.421160028],[39.526201211,-4.422757005],[39.527689304,-4.425261357],[39.528487792,-4.427330168],[39.529540345,-4.428890849],[39.53001218,-4.429362683],[39.53073808,-4.429507863],[39.531790634,-4.429217503],[39.533024663,-4.428019771],[39.532988365,-4.426894627],[39.533387609,-4.426858333],[39.533278726,-4.430306353],[39.533714265,-4.431467789],[39.534149803,-4.43219369],[39.534222393,-4.432883293],[39.533714265,-4.434952106],[39.533677971,-4.435823183],[39.53389574,-4.437202391],[39.533714265,-4.438799367],[39.535020881,-4.438218648],[39.535492715,-4.43829124],[39.536378895,-4.438940308],[39.536763038,-4.439017137],[39.537888181,-4.438545305],[39.540065878,-4.435169875],[39.540828075,-4.432266278],[39.542134691,-4.430887071],[39.542824293,-4.42896344],[39.542388754,-4.427838296],[39.542606524,-4.427221282],[39.543949436,-4.426930924],[39.54387062,-4.426050619],[39.543549392,-4.425693698],[39.543299548,-4.425658007],[39.543192472,-4.424944168],[39.543549392,-4.423766335],[39.543763544,-4.42069683],[39.544013386,-4.419233463],[39.543906311,-4.417877171],[39.544298923,-4.416699338],[39.545226911,-4.415021816],[39.54519122,-4.414200902],[39.544977068,-4.413808292],[39.545512447,-4.412701841],[39.545548139,-4.412023697],[39.545405371,-4.4115597],[39.545726598,-4.410596018],[39.545084144,-4.409560954],[39.54519122,-4.408847114],[39.545876592,-4.408703012],[39.546012136,-4.407562207],[39.545797984,-4.407169595],[39.54576229,-4.406527141],[39.547618273,-4.402529646],[39.54779673,-4.401815809],[39.547582578,-4.39981706],[39.547868113,-4.397996774],[39.547761037,-4.397425702],[39.54986686,-4.390215937],[39.550616391,-4.3886098],[39.550901928,-4.387467659],[39.55432835,-4.381257264],[39.555292032,-4.377759457],[39.556398481,-4.374689953],[39.558368677,-4.370749564],[39.559539369,-4.366880561],[39.56076205,-4.364151639],[39.562851579,-4.360256141],[39.562851579,-4.358485822],[39.563365545,-4.354659649],[39.566278004,-4.34569384],[39.569418892,-4.337927281],[39.569932856,-4.335985639],[39.569997506,-4.33509238],[39.571350683,-4.332128894],[39.575243814,-4.321994408],[39.582496411,-4.305718895],[39.584323837,-4.301093223],[39.588892402,-4.292412949],[39.592547254,-4.284475069],[39.596658961,-4.274938187],[39.598372173,-4.270312515],[39.599000351,-4.263859417],[39.598486387,-4.259119532],[39.599444344,-4.256185121],[39.60134174,-4.252438004],[39.602141239,-4.246384657],[39.604025772,-4.237818596],[39.605910306,-4.234106636],[39.607509303,-4.230109143],[39.608251695,-4.227710645],[39.608194588,-4.225369258],[39.609964907,-4.220972013],[39.612363407,-4.2095506],[39.614990328,-4.20235511],[39.619901537,-4.19493119],[39.622528463,-4.189734448],[39.626811491,-4.185565633],[39.630751879,-4.180197568],[39.633662203,-4.173499849],[39.634163,-4.172826999],[39.63587786,-4.16759404],[39.638803977,-4.1634652],[39.642059077,-4.156726565],[39.651653065,-4.141650302],[39.653222742,-4.137964358],[39.654234014,-4.134216708],[39.657267826,-4.127018837],[39.663038019,-4.117619967],[39.664406209,-4.113158478],[39.66559594,-4.111195423],[39.669403077,-4.105722662],[39.671539389,-4.101047536],[39.67394354,-4.09662661],[39.675113784,-4.094063302],[39.675530189,-4.09204076],[39.67535173,-4.090732058],[39.674278505,-4.088551947],[39.674639531,-4.085865732],[39.674961817,-4.085479882],[39.67523722,-4.084765559],[39.674838532,-4.084029272],[39.674023693,-4.08357583],[39.670864745,-4.083771598],[39.670094,-4.083243],[39.668696462,-4.08309874],[39.667413944,-4.083366837],[39.665472973,-4.083286881],[39.662747607,-4.082098811],[39.662037513,-4.082178515],[39.661269451,-4.081747386],[39.660399947,-4.081200324],[39.659700722,-4.080598917],[39.660077507,-4.080352558],[39.659849262,-4.080113444],[39.659497837,-4.080493852],[39.658160975,-4.079066417],[39.65712952,-4.077936508],[39.656002836,-4.077364568],[39.654472758,-4.075194941],[39.653509044,-4.074338204],[39.653137848,-4.074263965],[39.652366141,-4.07493278],[39.651656759,-4.07491459],[39.651211866,-4.07512326],[39.650809644,-4.076070734],[39.650568032,-4.077576174],[39.649620903,-4.079283035],[39.649205914,-4.079554539],[39.649039352,-4.081196367],[39.647516497,-4.081743644],[39.646993016,-4.08290958],[39.64670748,-4.083361679],[39.646207795,-4.08343306],[39.646112618,-4.08317132],[39.646493329,-4.083123731],[39.64685025,-4.082267125],[39.646659891,-4.082029178],[39.646993016,-4.080982215],[39.646993016,-4.080672886],[39.646802659,-4.080387353],[39.647192964,-4.079840908],[39.647111989,-4.079221417],[39.647278553,-4.078483784],[39.64763547,-4.077817534],[39.648730022,-4.077674764],[39.649372477,-4.077746151],[39.649605529,-4.077507518],[39.649680959,-4.076967457],[39.649467655,-4.075628429],[39.649253504,-4.075390484],[39.64893183,-4.075346617],[39.648038906,-4.07478339],[39.647373731,-4.074081779],[39.645952264,-4.073467202],[39.643376235,-4.07020326],[39.643162084,-4.069679777],[39.642567218,-4.068894556],[39.642088177,-4.067680653],[39.642353067,-4.066062996],[39.642234094,-4.065349156],[39.642567218,-4.065372952],[39.642662397,-4.064825675],[39.64247204,-4.06449255],[39.642305477,-4.062398626],[39.641615434,-4.060423673],[39.64006033,-4.058559521],[39.639503248,-4.056232886],[39.639616688,-4.05535542],[39.639402536,-4.055069887],[39.639221793,-4.053711229],[39.639521511,-4.051548284],[39.638926643,-4.050739266],[39.638117627,-4.050429937],[39.637760707,-4.050739266],[39.637118253,-4.052143149],[39.636594771,-4.054046718],[39.63668995,-4.055046091],[39.63734826,-4.055548811],[39.637522761,-4.056021671],[39.637974859,-4.056378589],[39.638061583,-4.057702915],[39.637475172,-4.058686668],[39.635666781,-4.059805012],[39.633572855,-4.060994743],[39.632835222,-4.061613403],[39.631954823,-4.062065501],[39.630979243,-4.062969696],[39.629837103,-4.06365974],[39.628314247,-4.063707331],[39.627148311,-4.063207642],[39.624452013,-4.06152723],[39.624745848,-4.061079339],[39.624412355,-4.060801428],[39.624066437,-4.061285428],[39.622674924,-4.060352288],[39.621125458,-4.05987251],[39.621042689,-4.059689786],[39.621813891,-4.059161756],[39.621619354,-4.058710151],[39.619472495,-4.059446614],[39.617832822,-4.059682838],[39.617909248,-4.060176129],[39.619250166,-4.059953801],[39.619315993,-4.060175776],[39.618011181,-4.060756798],[39.617297344,-4.060804388],[39.616036228,-4.061613403],[39.61532239,-4.062089297],[39.615512746,-4.062898312],[39.616131409,-4.063445588],[39.616321764,-4.065016032],[39.615721395,-4.065940449],[39.615084443,-4.066277147],[39.614323018,-4.066396119],[39.613775741,-4.066277147],[39.613085697,-4.065372952],[39.612252885,-4.064278399],[39.611467662,-4.063778714],[39.609327472,-4.063574951],[39.607541552,-4.06308867],[39.607041866,-4.06308867],[39.606280438,-4.063635945],[39.606015402,-4.064387483],[39.604666629,-4.064243198],[39.602401918,-4.063469385],[39.601768773,-4.063699742],[39.600137769,-4.064653219],[39.599336847,-4.064937064],[39.593289644,-4.065126835],[39.592832788,-4.066040548],[39.592604361,-4.067411118],[39.592718574,-4.072379432],[39.592318824,-4.074035536],[39.591290897,-4.075120571],[39.589863222,-4.07631982],[39.586836546,-4.077404854],[39.585123337,-4.079175173],[39.580726092,-4.081802098],[39.579311007,-4.081844376],[39.577335925,-4.081727275],[39.577864541,-4.080605755],[39.579220834,-4.078963925],[39.57983283,-4.0777504],[39.579985119,-4.075679318],[39.579802374,-4.072207207],[39.578157693,-4.071658982],[39.575751582,-4.071110753],[39.57365004,-4.068247787],[39.573101811,-4.066785845],[39.571759786,-4.06401996],[39.570543415,-4.05600403],[39.570604329,-4.055333974],[39.570238844,-4.054359348],[39.569751532,-4.053780663],[39.56845693,-4.053095193],[39.566392217,-4.051078497],[39.565592718,-4.046681252],[39.566734902,-4.043406993],[39.569294674,-4.040927765],[39.572401298,-4.039465824],[39.575142437,-4.039313539],[39.576817579,-4.039404912],[39.580259231,-4.038978511],[39.579985119,-4.039831312],[39.580046031,-4.04034908],[39.581477516,-4.040379537],[39.581873457,-4.04013588],[39.581721172,-4.038338914],[39.581173189,-4.036245344],[39.579497802,-4.033587605],[39.577943748,-4.031570749],[39.571792156,-4.026947958],[39.568799748,-4.025326117],[39.567081809,-4.024747059],[39.570115621,-4.024776804],[39.571900216,-4.025133724],[39.573626782,-4.025687417],[39.574479134,-4.02625565],[39.574982135,-4.026365442],[39.575956008,-4.027504856],[39.577345616,-4.028171106],[39.57850679,-4.028551818],[39.580315181,-4.030284066],[39.581476358,-4.0316356],[39.582789822,-4.032777743],[39.584141354,-4.03344399],[39.584940853,-4.034471919],[39.585569032,-4.036032843],[39.585283495,-4.037727019],[39.584369782,-4.040468158],[39.584266731,-4.04285508],[39.584552264,-4.044339863],[39.585865726,-4.045424899],[39.586665225,-4.045482006],[39.589985447,-4.044400716],[39.599580161,-4.043979314],[39.60285192,-4.045525964],[39.605885732,-4.04540699],[39.608125823,-4.045496594],[39.608671647,-4.046063058],[39.609685985,-4.04661097],[39.610504547,-4.049230367],[39.610906386,-4.050048928],[39.611308225,-4.050525182],[39.613049529,-4.0511205],[39.613243007,-4.05137351],[39.618912689,-4.049570497],[39.618109728,-4.04722117],[39.621007446,-4.046272458],[39.622074496,-4.046117462],[39.622239901,-4.047357474],[39.62270498,-4.047337072],[39.623492207,-4.047678999],[39.630201292,-4.043858031],[39.630737745,-4.043114313],[39.631707017,-4.042992392],[39.63188547,-4.043600511],[39.634870867,-4.043278906],[39.63691914,-4.043285002],[39.638473633,-4.042870471],[39.638449249,-4.042687589],[39.639418521,-4.042699782],[39.63972942,-4.042510804],[39.640247909,-4.040867822],[39.639991077,-4.039850767],[39.638943204,-4.039203552],[39.636981009,-4.036861246],[39.637268661,-4.035803097],[39.638316534,-4.034580578],[39.639180651,-4.034423014],[39.640405326,-4.034462383],[39.641388267,-4.03435317],[39.644404014,-4.034710306],[39.644948701,-4.036886973],[39.646963145,-4.037386],[39.649075587,-4.037382935],[39.648864088,-4.035768348],[39.651467747,-4.034185504],[39.652447781,-4.034940378],[39.651629894,-4.036882008],[39.650133481,-4.038599411],[39.649229478,-4.038886833],[39.647655569,-4.038514942],[39.647027393,-4.038000978],[39.644010389,-4.037420023],[39.643315435,-4.037544122],[39.641773542,-4.038343622],[39.641179533,-4.039224637],[39.641060581,-4.040197895],[39.641276859,-4.040771037],[39.641199262,-4.041620337],[39.641514766,-4.042447201],[39.641579649,-4.043485342],[39.641190347,-4.043474527],[39.641190347,-4.043723248],[39.641579649,-4.043669178],[39.641723511,-4.044438793],[39.642465443,-4.044690495],[39.64275733,-4.044619735],[39.64463248,-4.048485021],[39.644862452,-4.049192625],[39.646507631,-4.050209806],[39.646666842,-4.050139045],[39.647073714,-4.051085465],[39.646942856,-4.051336463],[39.647940529,-4.055304554],[39.64824126,-4.059284826],[39.647781318,-4.059700543],[39.647666332,-4.060620428],[39.648167045,-4.06124304],[39.648893148,-4.061414821],[39.650518183,-4.061451721],[39.652542388,-4.063019146],[39.652957431,-4.062808147],[39.653214804,-4.063241739],[39.652985255,-4.063357673],[39.652982936,-4.063747211],[39.652704695,-4.063795903],[39.653096551,-4.064057914],[39.653115101,-4.063844595],[39.653917919,-4.063650847],[39.654492209,-4.06480091],[39.654812743,-4.065274291],[39.654794935,-4.065979169],[39.65456918,-4.066266786],[39.654853239,-4.066360794],[39.655389432,-4.067527378],[39.655925626,-4.067817213],[39.656280674,-4.067197691],[39.656813245,-4.067440428],[39.657008883,-4.067041905],[39.65733857,-4.0671832],[39.65781408,-4.066418535],[39.658051835,-4.066667611],[39.657927296,-4.067086513],[39.65815373,-4.067250677],[39.657955601,-4.068716832],[39.657185727,-4.068824388],[39.656949097,-4.06898551],[39.657245526,-4.070128867],[39.657412161,-4.070075432],[39.657559782,-4.070464289],[39.658102782,-4.070409421],[39.658003844,-4.070555766],[39.658223145,-4.070471373],[39.658682243,-4.069996044],[39.659465956,-4.070443549],[39.6598439,-4.07066846],[39.660154603,-4.071245811],[39.660189383,-4.071549557],[39.659897229,-4.072166325],[39.660356327,-4.072938445],[39.660538388,-4.073030834],[39.661383902,-4.072823441],[39.661646463,-4.072413355],[39.661499281,-4.072209565],[39.661799305,-4.072051062],[39.6620728,-4.072725367],[39.662422156,-4.072503382],[39.662562838,-4.071809684],[39.662103657,-4.070437791],[39.662225101,-4.070174011],[39.662153447,-4.069483761],[39.662138394,-4.06889556],[39.662566461,-4.068686716],[39.662983098,-4.06904901],[39.663240326,-4.069798957],[39.663193269,-4.069983563],[39.663929408,-4.072215017],[39.66347944,-4.073204513],[39.662178931,-4.074591055],[39.663392725,-4.075863979],[39.663212634,-4.07598959],[39.664963855,-4.078365582],[39.6652395,-4.078178608],[39.665340843,-4.078300219],[39.666070514,-4.078239414],[39.666719111,-4.079131234],[39.667063678,-4.079293383],[39.66959573,-4.0794796],[39.671903641,-4.079181051],[39.672885116,-4.078776912],[39.673914489,-4.076982757],[39.675788688,-4.074396414],[39.67719801,-4.07420595],[39.677502039,-4.073800577],[39.67808983,-4.073982993],[39.678981652,-4.073537083],[39.679387025,-4.073496547],[39.679609981,-4.072908755],[39.68068947,-4.072825869],[39.682684687,-4.071477542],[39.682577616,-4.070275912],[39.682034022,-4.068039294],[39.681899549,-4.066649738],[39.682143563,-4.065368812],[39.681515237,-4.063666244],[39.681176997,-4.063172983],[39.679995086,-4.059247676],[39.679663889,-4.058863753],[39.679164071,-4.058680156],[39.678495204,-4.057808601],[39.67719801,-4.056754632],[39.676894389,-4.056332348],[39.675580924,-4.055190205],[39.675313024,-4.053430573],[39.675331434,-4.052324393],[39.676647996,-4.049948176],[39.677913869,-4.049015428],[39.678511238,-4.047882696],[39.678503975,-4.047073789],[39.678199406,-4.046474165],[39.676609924,-4.046331396],[39.674152348,-4.047057116],[39.673220649,-4.046662368],[39.672440037,-4.045881753],[39.671697644,-4.044853826],[39.67118368,-4.042512437],[39.671413183,-4.041344045],[39.672450627,-4.040182868],[39.672660022,-4.039830709],[39.673337977,-4.039312912],[39.674667211,-4.038800478],[39.675340617,-4.03835154],[39.675537174,-4.038042399],[39.675617054,-4.036830537],[39.675211681,-4.035492807],[39.674948188,-4.03526985],[39.673534208,-4.035872689],[39.672571867,-4.035702864],[39.669990528,-4.034378229],[39.669520679,-4.033483818],[39.668620607,-4.032906413],[39.667063678,-4.030790476],[39.666394082,-4.030351221],[39.665734436,-4.030278762],[39.664024857,-4.030366071],[39.663379883,-4.030145512],[39.661532588,-4.030063098],[39.659134089,-4.030405739],[39.655650558,-4.032861344],[39.652997228,-4.033648357],[39.652827649,-4.033829242],[39.650820041,-4.032242387],[39.651001018,-4.03138513],[39.650715265,-4.030537398],[39.651096269,-4.029556315],[39.651048643,-4.029184837],[39.650658115,-4.029108636],[39.648810249,-4.029680141],[39.647857742,-4.029499164],[39.645066893,-4.028022777],[39.644314412,-4.027394122],[39.642333195,-4.024365147],[39.641602222,-4.020868861],[39.641887756,-4.018813006],[39.642344612,-4.016928473],[39.642573042,-4.013559157],[39.643715182,-4.012645444],[39.645599715,-4.013159405],[39.646342107,-4.013559157],[39.646856074,-4.014073118],[39.6470845,-4.016528724],[39.647427141,-4.018127722],[39.648055319,-4.019498289],[39.648854819,-4.020640432],[39.649624002,-4.021273001],[39.649830968,-4.019661399],[39.649540103,-4.017214009],[39.651367529,-4.015557904],[39.650625139,-4.013330726],[39.648455068,-4.011103552],[39.649482995,-4.008876376],[39.650967779,-4.008705054],[39.65210992,-4.0074487],[39.65445131,-4.0074487],[39.65446599,-4.010322712],[39.654679738,-4.010932232],[39.65684981,-4.008133986],[39.658453366,-4.008683766],[39.656335843,-4.012645444],[39.655022384,-4.016357403],[39.654622631,-4.018470363],[39.65525081,-4.020868861],[39.655936097,-4.02143993],[39.657877736,-4.021953895],[39.659248303,-4.023210249],[39.660219124,-4.023267357],[39.661132837,-4.02143993],[39.662846048,-4.022924715],[39.66455926,-4.023952641],[39.666558008,-4.02475214],[39.669013611,-4.027093529],[39.670327074,-4.027607493],[39.670783931,-4.026922209],[39.671983179,-4.027550386],[39.672097393,-4.029206492],[39.671926072,-4.031033918],[39.67219165,-4.032634926],[39.672698366,-4.032574119],[39.672747687,-4.032376848],[39.67432457,-4.031262345],[39.674952746,-4.031033918],[39.676323316,-4.031490774],[39.676780172,-4.031947631],[39.677743153,-4.034291232],[39.677441233,-4.035127971],[39.677664188,-4.035776567],[39.677724995,-4.036344091],[39.677990609,-4.036834236],[39.677562847,-4.037296716],[39.67748177,-4.037762896],[39.677889809,-4.038047657],[39.67661428,-4.03995971],[39.676087886,-4.040591383],[39.674049624,-4.041648617],[39.673526143,-4.042276796],[39.673726019,-4.04336183],[39.674618213,-4.043760942],[39.676048372,-4.043485561],[39.677457013,-4.04353315],[39.678646745,-4.043161954],[39.679324372,-4.043144579],[39.680328917,-4.043837085],[39.681109381,-4.044065514],[39.6818716,-4.044662346],[39.682081634,-4.045377155],[39.682044613,-4.04631236],[39.680957094,-4.048843473],[39.680995168,-4.049623934],[39.681565394,-4.050111424],[39.681961686,-4.051223169],[39.682016073,-4.051767036],[39.681635346,-4.054040849],[39.681162188,-4.054763805],[39.681147452,-4.055569017],[39.682961792,-4.056580291],[39.682932048,-4.057175155],[39.683526912,-4.057948481],[39.683854089,-4.058573089],[39.683883832,-4.059048979],[39.684301109,-4.060112368],[39.684504899,-4.060197281],[39.685245001,-4.061808797],[39.684277269,-4.062675424],[39.684391728,-4.062771048],[39.685365572,-4.061917775],[39.6857333,-4.062421988],[39.686542799,-4.062523883],[39.68812217,-4.063027697],[39.68878562,-4.063647218],[39.691379137,-4.063956617],[39.694096493,-4.06363693],[39.69581088,-4.063034578],[39.698101112,-4.061844846],[39.703319729,-4.058018908],[39.706488711,-4.05366545],[39.707797415,-4.051167015],[39.708838429,-4.049709595],[39.711158403,-4.047032702],[39.712258905,-4.045337335],[39.713002486,-4.043641969],[39.714549138,-4.041530197],[39.716333732,-4.038615358],[39.718338886,-4.034490797],[39.719477653,-4.032592857],[39.72194569,-4.029436589],[39.724061897,-4.025846893],[39.726609436,-4.023954311],[39.728398791,-4.023078669],[39.728578396,-4.023354067],[39.731016654,-4.021070638],[39.73146897,-4.020261013],[39.731516559,-4.018119498],[39.73146897,-4.017643608],[39.730968606,-4.017539284],[39.730568857,-4.017805782],[39.730473679,-4.018148425],[39.730226217,-4.018357819],[39.729731287,-4.018186496],[39.72914118,-4.018186496],[39.727247588,-4.01598811],[39.726676521,-4.01461754],[39.726219661,-4.011590865],[39.727190481,-4.007936013],[39.729256952,-4.003329011],[39.730519883,-4.001044384],[39.732804514,-3.997525203],[39.734620863,-3.995212196],[39.73801233,-3.990046948],[39.740779427,-3.987166327],[39.74333367,-3.98421476],[39.746720403,-3.979747745],[39.747136656,-3.979659692],[39.747500818,-3.979376185],[39.747732645,-3.979404267],[39.748314445,-3.978935989],[39.749052337,-3.977971053],[39.749587558,-3.976764454],[39.749676707,-3.976268224],[39.750950902,-3.974675423],[39.751308585,-3.974693106],[39.751805244,-3.974068738],[39.752131621,-3.973543697],[39.752926273,-3.972777425],[39.754529769,-3.970223183],[39.755849462,-3.969059581],[39.756488022,-3.968548732],[39.758428849,-3.966649672],[39.762703348,-3.96366729],[39.763498004,-3.962347597],[39.763455431,-3.962063795],[39.762405353,-3.960900193],[39.762008027,-3.959679832],[39.761241753,-3.958956132],[39.760872806,-3.95889937],[39.760145034,-3.958338452],[39.75860237,-3.958686518],[39.756615737,-3.959523741],[39.756076508,-3.959623072],[39.754983857,-3.95955212],[39.754160823,-3.959764976],[39.753791877,-3.959623072],[39.752018097,-3.959750783],[39.751237634,-3.959523741],[39.750556503,-3.959140603],[39.750344478,-3.958872456],[39.747349508,-3.958047957],[39.745788583,-3.957934433],[39.744582411,-3.957281683],[39.744304332,-3.956933193],[39.741773676,-3.956072769],[39.741403799,-3.955720758],[39.741914649,-3.955068004],[39.742595778,-3.95528086],[39.743753071,-3.955312777],[39.744785325,-3.955753019],[39.74546695,-3.956129097],[39.745816962,-3.956728264],[39.746384572,-3.956884355],[39.749098179,-3.957257062],[39.750421066,-3.957818129],[39.753564833,-3.958473662],[39.754345296,-3.958331759],[39.754714243,-3.958019574],[39.755182521,-3.957012068],[39.755537279,-3.956671502],[39.756090696,-3.95645865],[39.756950417,-3.95652485],[39.757339437,-3.956714072],[39.758616559,-3.956203224],[39.759184168,-3.955266667],[39.759538924,-3.954599727],[39.760599936,-3.953824275],[39.761028431,-3.953843752],[39.761582319,-3.954287541],[39.76280268,-3.954585537],[39.762958775,-3.954401065],[39.76268916,-3.954117258],[39.763498004,-3.953847643],[39.764231511,-3.953841032],[39.765931591,-3.953202865],[39.766997047,-3.952638024],[39.769902968,-3.949366577],[39.770380267,-3.948441162],[39.771151607,-3.947764491],[39.771606945,-3.947058713],[39.772068906,-3.946795094],[39.772509903,-3.9459131],[39.776083641,-3.941022976],[39.778837652,-3.935144909],[39.778936983,-3.93415159],[39.779901919,-3.931625727],[39.780270866,-3.930235085],[39.780497912,-3.929937089],[39.78055467,-3.928745109],[39.78115066,-3.927354468],[39.782143978,-3.925523924],[39.784911075,-3.91868423],[39.785407732,-3.917038163],[39.786103559,-3.913513051],[39.788273625,-3.907802347],[39.793125876,-3.898554701],[39.794120542,-3.8961927],[39.795674772,-3.89391515],[39.797620778,-3.890633084],[39.799044555,-3.889367192],[39.798959412,-3.888061692],[39.804948887,-3.876793211],[39.807004744,-3.873480999],[39.816827156,-3.851266353],[39.818825906,-3.845784073],[39.822709184,-3.839273869],[39.825393217,-3.834305554],[39.828648319,-3.827281384],[39.830304424,-3.820599859],[39.830475745,-3.816373935],[39.831046816,-3.813118834],[39.831617888,-3.81083455],[39.831846315,-3.809064231],[39.836586201,-3.799127602],[39.837671235,-3.794045075],[39.837442807,-3.792617396],[39.838897069,-3.790503081],[39.840850195,-3.784365426],[39.840897784,-3.780701057],[39.841483298,-3.779451967],[39.842096516,-3.779286231],[39.842560508,-3.778786546],[39.842537648,-3.778329346],[39.842753764,-3.778131238],[39.843467602,-3.776608386],[39.84418144,-3.774324101],[39.844466976,-3.772230174],[39.844419387,-3.769945892],[39.844942868,-3.767280896],[39.845942242,-3.763473759],[39.847893402,-3.758381713],[39.848274113,-3.756240197],[39.850177682,-3.750767439],[39.852842679,-3.746008514],[39.853874846,-3.745557372],[39.853689156,-3.744596981],[39.855507675,-3.739821916],[39.855818195,-3.737833877],[39.855580248,-3.737001067],[39.857900225,-3.726471952],[39.860101224,-3.723735569],[39.86140993,-3.723021731],[39.862064283,-3.721356109],[39.862837604,-3.718679215],[39.862778119,-3.717905891],[39.86188582,-3.717251538],[39.861647873,-3.716299754],[39.861766847,-3.71516951],[39.862421199,-3.713860807],[39.862931028,-3.713308496],[39.863547355,-3.712934961],[39.864653803,-3.711864203],[39.864993838,-3.710846358],[39.865974404,-3.709651304],[39.866913229,-3.707210932],[39.870808799,-3.699108148],[39.870612317,-3.695424119],[39.869916503,-3.694170768],[39.869440609,-3.685426249],[39.867893961,-3.680786298],[39.866109363,-3.679001704],[39.866704229,-3.677811972],[39.866823203,-3.67650327],[39.868012935,-3.675194565],[39.869381124,-3.67305305],[39.87027342,-3.666747478],[39.868845745,-3.657943474],[39.869083693,-3.654255308],[39.867477556,-3.650983551],[39.866228336,-3.649020495],[39.865514498,-3.647473846],[39.864265282,-3.645451304],[39.862540172,-3.641941599],[39.861290956,-3.641108788],[39.856888952,-3.640632894],[39.853339228,-3.63863981],[39.851654138,-3.637301648],[39.849274677,-3.637004217],[39.846716756,-3.638074973],[39.845727151,-3.638184079],[39.844165348,-3.637837027],[39.84356397,-3.637837027],[39.842255267,-3.637242162],[39.841184509,-3.636409352],[39.840411185,-3.635100647],[39.839399915,-3.634267836],[39.839221454,-3.63385143],[39.839340427,-3.633018621],[39.839102481,-3.631888375],[39.837077057,-3.632903604],[39.836633438,-3.633401881],[39.83672302,-3.634267836],[39.834700478,-3.63611192],[39.832380505,-3.637182677],[39.830417448,-3.637182677],[39.828751826,-3.636647299],[39.827978501,-3.636230893],[39.827383637,-3.636885243],[39.826907743,-3.639800083],[39.825599043,-3.641049299],[39.822386769,-3.643190814],[39.822327281,-3.644321061],[39.821732416,-3.645629762],[39.820899606,-3.646522062],[39.819828848,-3.647176414],[39.816200169,-3.647414359],[39.813003501,-3.648184564],[39.811517158,-3.647807079],[39.810197068,-3.647089641],[39.808848285,-3.645568669],[39.80841782,-3.64470774],[39.806179407,-3.643330257],[39.803912302,-3.64126403],[39.798651644,-3.642001085],[39.796569615,-3.640573409],[39.795558345,-3.638015489],[39.794903993,-3.633970405],[39.795022966,-3.632959133],[39.79615321,-3.631115052],[39.799608363,-3.630018656],[39.805070415,-3.627661791],[39.806854993,-3.627378547],[39.808050518,-3.628021752],[39.809597164,-3.629865833],[39.810410207,-3.631270179],[39.811144088,-3.633200014],[39.811488459,-3.632970431],[39.811746737,-3.63159295],[39.811689344,-3.630272862],[39.811857654,-3.629746862],[39.81138176,-3.628676104],[39.810786895,-3.626415615],[39.811084328,-3.625106911],[39.811024844,-3.624036153],[39.810562,-3.623199],[39.809936256,-3.622707793],[39.807958658,-3.619654759],[39.807729077,-3.618478159],[39.807729077,-3.616010165],[39.806954243,-3.612480365],[39.806495082,-3.61136116],[39.805748946,-3.610270652],[39.802305235,-3.60791745],[39.801214728,-3.607429593],[39.799980734,-3.607429593],[39.797943204,-3.608118335],[39.79587698,-3.609782794],[39.795963073,-3.608577493],[39.796709209,-3.607486985],[39.797598833,-3.606884338],[39.800038127,-3.606166898],[39.80118603,-3.606396478],[39.80285049,-3.607142615],[39.805691549,-3.608921865],[39.807843869,-3.610012373],[39.809537024,-3.611734228],[39.810168371,-3.611619439],[39.814099939,-3.608778379],[39.814903471,-3.608520101],[39.817916716,-3.60912275],[39.819294201,-3.609553212],[39.820069034,-3.609610609],[39.821610829,-3.610233322],[39.823264215,-3.611558233],[39.824172787,-3.611820319],[39.824431065,-3.612365576],[39.824497342,-3.612997678],[39.825107506,-3.614002655],[39.825378085,-3.61500575],[39.825865944,-3.615321424],[39.826015448,-3.616362392],[39.825923339,-3.617100673],[39.826439895,-3.618449459],[39.827530403,-3.619339085],[39.828017472,-3.621335709],[39.829649848,-3.621729604],[39.830341094,-3.62225107],[39.830122806,-3.623621438],[39.830535129,-3.624106522],[39.831298448,-3.624420079],[39.831432538,-3.624215669],[39.832972687,-3.624191414],[39.834124764,-3.624615863],[39.834440073,-3.624615863],[39.834973666,-3.624300558],[39.836128534,-3.624782009],[39.836914009,-3.625610291],[39.837338458,-3.625501144],[39.837847798,-3.626156013],[39.837641637,-3.626871512],[39.837714402,-3.62710193],[39.838272249,-3.627089801],[39.838454156,-3.626823006],[39.839303058,-3.626810877],[39.841303483,-3.627855189],[39.841992688,-3.62832675],[39.842513582,-3.629857548],[39.842849253,-3.631772622],[39.843120512,-3.632315139],[39.843880422,-3.632923604],[39.844833724,-3.634585146],[39.845219196,-3.634827851],[39.847109367,-3.634898393],[39.850515876,-3.63431389],[39.854042238,-3.63497062],[39.856366567,-3.636548416],[39.857262861,-3.637742256],[39.857654282,-3.637977109],[39.858645881,-3.637977109],[39.860211565,-3.637559593],[39.86282104,-3.637898827],[39.864073587,-3.637820542],[39.865508798,-3.637481309],[39.866526496,-3.636907226],[39.869428711,-3.633946608],[39.871582,-3.630744999],[39.880041108,-3.614720565],[39.884362814,-3.60855563],[39.888036097,-3.598540229],[39.89160529,-3.589974171],[39.896554567,-3.578885881],[39.899219563,-3.575744992],[39.900285957,-3.572955961],[39.901644149,-3.570520538],[39.903214592,-3.566570634],[39.90402361,-3.565333312],[39.904642269,-3.563382156],[39.904832626,-3.562287603],[39.905879589,-3.560003321],[39.907830747,-3.554530561],[39.908449407,-3.553102884],[39.909689195,-3.548714317],[39.919635339,-3.520589086],[39.924156318,-3.508406247],[39.924822564,-3.5064075],[39.924727385,-3.505693661],[39.924917742,-3.504741877],[39.925917116,-3.503599734],[39.926630954,-3.501315454],[39.926583367,-3.500220901],[39.926107473,-3.498935992],[39.925964705,-3.497651082],[39.926678544,-3.493986712],[39.929200772,-3.489703684],[39.932627196,-3.484659225],[39.93455411,-3.482237824],[39.93662469,-3.476569057],[39.937862013,-3.473856473],[39.938861384,-3.47228603],[39.93971799,-3.46795541],[39.940622187,-3.465385593],[39.941954683,-3.462720594],[39.942906467,-3.461292918],[39.944238968,-3.458675513],[39.947061644,-3.45446024],[39.948589,-3.449902999],[39.950390627,-3.44713617],[39.953994756,-3.440258484],[39.958222097,-3.430440663],[39.957897072,-3.427790107],[39.958706088,-3.426457611],[39.959879602,-3.425559209],[39.961371085,-3.4234119],[39.961323496,-3.422602883],[39.961023067,-3.421829245],[39.961834,-3.419184],[39.968838,-3.408078],[39.969129046,-3.407244024],[39.969318486,-3.404566567],[39.969128131,-3.403709963],[39.968271525,-3.402662999],[39.967557683,-3.402187107],[39.966463134,-3.401758804],[39.965987239,-3.400235948],[39.966510721,-3.397951668],[39.96717697,-3.396476402],[39.96712938,-3.392716852],[39.966939023,-3.391527121],[39.965987239,-3.390718106],[39.961846977,-3.389100071],[39.961007334,-3.388966215],[39.961037963,-3.387006147],[39.960847603,-3.384721863],[39.958594318,-3.381761497],[39.961235,-3.377306001],[39.961884002,-3.372927],[39.966966713,-3.362866374],[39.966558312,-3.361212789],[39.966177596,-3.358167078],[39.966034831,-3.354693067],[39.965749293,-3.353360567],[39.96370296,-3.350267267],[39.962846353,-3.347316736],[39.962753,-3.341622999],[39.964131263,-3.332897204],[39.96408367,-3.330850866],[39.964464384,-3.329280423],[39.965178224,-3.327614799],[39.966605899,-3.326044354],[39.969284252,-3.324928243],[39.973506336,-3.322760698],[39.975267138,-3.32209445],[39.976980351,-3.321666147],[39.983166948,-3.321570968],[39.985118106,-3.321380611],[39.986974087,-3.320999899],[39.988306583,-3.32028606],[39.990035089,-3.320012369],[39.991066758,-3.319524631],[39.993208273,-3.317002402],[39.994778717,-3.316193388],[39.996349162,-3.316574099],[39.996063626,-3.318144544],[39.994398004,-3.320524005],[39.993113095,-3.321713736],[39.989734262,-3.324045608],[39.98725962,-3.326758193],[39.98430909,-3.331088814],[39.983547661,-3.333135151],[39.984315733,-3.33663465],[39.985338642,-3.338102302],[39.986494975,-3.339014024],[39.986895242,-3.339525481],[39.987473408,-3.341838142],[39.987806964,-3.342260648],[39.988563029,-3.342349596],[39.989363565,-3.34443989],[39.988033921,-3.346380782],[39.987451172,-3.348175728],[39.987184326,-3.347931119],[39.986939716,-3.347241768],[39.986428262,-3.34675255],[39.98449363,-3.345974253],[39.983982176,-3.345396087],[39.983670856,-3.344751208],[39.983114928,-3.344462125],[39.982825844,-3.344995816],[39.982247678,-3.345173714],[39.981936361,-3.345774118],[39.981958596,-3.347664274],[39.981736225,-3.348642708],[39.981758462,-3.349154164],[39.980357522,-3.350154834],[39.979490273,-3.350088122],[39.978356178,-3.350555102],[39.977755778,-3.350577342],[39.977088661,-3.350266022],[39.975887855,-3.348442573],[39.974887183,-3.344706736],[39.974242307,-3.342638681],[39.973041503,-3.341037605],[39.972552284,-3.340659573],[39.971307004,-3.340237067],[39.970439754,-3.340348254],[39.968104855,-3.341282214],[39.967015235,-3.34208275],[39.966392595,-3.342816577],[39.965636533,-3.344951342],[39.966510721,-3.348125753],[39.967605273,-3.349791377],[39.970079915,-3.355787618],[39.971983483,-3.363592249],[39.972173838,-3.367780102],[39.973030444,-3.3708734],[39.972697319,-3.373538397],[39.970936518,-3.379011157],[39.970888929,-3.38010571],[39.970460626,-3.381200261],[39.970175093,-3.382675526],[39.970555804,-3.384959809],[39.969920253,-3.386416004],[39.969461252,-3.387006147],[39.970365448,-3.388291056],[39.972269016,-3.388957304],[39.973791873,-3.389766322],[39.975600264,-3.389004893],[39.977456241,-3.388433823],[39.9825007,-3.385197757],[39.986294839,-3.381973396],[39.993919821,-3.376411903],[39.996775173,-3.373499441],[40.000132808,-3.36906563],[40.004199091,-3.365104701],[40.005169911,-3.363619918],[40.008405734,-3.361368776],[40.009368111,-3.360856873],[40.010473821,-3.360652113],[40.011603521,-3.360712667],[40.012930954,-3.361348302],[40.01284905,-3.361798776],[40.011722865,-3.362884009],[40.011763816,-3.363232102],[40.012030005,-3.363559721],[40.012480479,-3.363662102],[40.015613324,-3.36124592],[40.015432439,-3.36045136],[40.015019517,-3.360324494],[40.014323332,-3.360385924],[40.013767591,-3.360654797],[40.013653965,-3.359259957],[40.014364281,-3.358276886],[40.015121897,-3.35762165],[40.016411891,-3.357027842],[40.017701888,-3.356679749],[40.019462832,-3.35682308],[40.01989283,-3.3571507],[40.020199972,-3.357724029],[40.01925807,-3.357908316],[40.019135214,-3.358461169],[40.019462832,-3.358973072],[40.020097592,-3.359034502],[40.021028635,-3.358037335],[40.022370439,-3.357212127],[40.022739009,-3.356515939],[40.02425424,-3.356249752],[40.024414786,-3.355575918],[40.025052809,-3.355389753],[40.026322786,-3.354464599],[40.026217994,-3.354075106],[40.024418052,-3.354550235],[40.024233765,-3.354181664],[40.024131385,-3.35330119],[40.024664747,-3.351790123],[40.025441855,-3.351233104],[40.026117567,-3.350516441],[40.027079944,-3.350127396],[40.028460939,-3.348773681],[40.028911413,-3.348548444],[40.029516601,-3.348571211],[40.031257069,-3.347772641],[40.033421165,-3.347173969],[40.035229555,-3.347031202],[40.036228928,-3.346507721],[40.038332871,-3.344300248],[40.040348462,-3.343226945],[40.040988058,-3.342584176],[40.042194995,-3.342249397],[40.043174166,-3.342325997],[40.04597939,-3.340708387],[40.048792482,-3.339464515],[40.049649088,-3.3386555],[40.050854375,-3.338009385],[40.051282702,-3.338189825],[40.05335079,-3.337288876],[40.058592672,-3.333644127],[40.05965743,-3.332661275],[40.060763139,-3.331985564],[40.066926447,-3.32647749],[40.070755481,-3.324040836],[40.073130707,-3.321727036],[40.074379663,-3.320131146],[40.082723596,-3.316859637],[40.087893981,-3.314744681],[40.088958739,-3.314007541],[40.090195105,-3.312719373],[40.092480629,-3.311775646],[40.092705866,-3.311468505],[40.093852529,-3.310628983],[40.101694879,-3.305939956],[40.109040438,-3.300488943],[40.110765792,-3.299080459],[40.111886591,-3.298913718],[40.112639019,-3.298324205],[40.113799358,-3.296681805],[40.114609502,-3.296403697],[40.115270536,-3.295968092],[40.116607121,-3.293731274],[40.117098048,-3.293275413],[40.11729767,-3.292569058],[40.117707192,-3.292057157],[40.11908176,-3.292065653],[40.119979476,-3.291730911],[40.121366046,-3.288924764],[40.122270238,-3.28673566],[40.12217506,-3.285974231],[40.122698541,-3.285355573],[40.123126844,-3.283594771],[40.124506931,-3.281072541],[40.125784152,-3.279482534],[40.126202637,-3.278200334],[40.126061445,-3.277744356],[40.124935234,-3.276837101],[40.124221397,-3.27564737],[40.124031039,-3.274172104],[40.124411753,-3.273077553],[40.127457463,-3.268366221],[40.127958496,-3.267650459],[40.128620957,-3.267772494],[40.128989527,-3.267076304],[40.129010003,-3.266564402],[40.130770732,-3.264293661],[40.131365314,-3.26375587],[40.131246928,-3.263349717],[40.130797898,-3.263358314],[40.130668568,-3.262223468],[40.131549041,-3.260237287],[40.131569516,-3.259274909],[40.132303741,-3.257757759],[40.132470465,-3.257063489],[40.133308576,-3.256229491],[40.133368442,-3.25591117],[40.132121207,-3.254041865],[40.130360406,-3.251662405],[40.129361032,-3.249806424],[40.128504425,-3.249044997],[40.127314698,-3.248949819],[40.127051747,-3.248724435],[40.127187631,-3.245781154],[40.127699535,-3.244777825],[40.127693125,-3.24062418],[40.127896428,-3.238286214],[40.128293342,-3.236259764],[40.128409247,-3.231912877],[40.129515549,-3.227534021],[40.129926559,-3.225646647],[40.130116918,-3.225384909],[40.13014071,-3.224885221],[40.129950353,-3.224004821],[40.130021736,-3.223457545],[40.12941842,-3.223875336],[40.128950979,-3.224504507],[40.128470365,-3.224279271],[40.127856428,-3.223647901],[40.127647739,-3.222954762],[40.127618481,-3.220530806],[40.127213973,-3.218817595],[40.126504872,-3.217858982],[40.125894946,-3.216318338],[40.124389483,-3.214344463],[40.122978534,-3.211988543],[40.12250264,-3.210418098],[40.121979159,-3.207086854],[40.122100355,-3.203041198],[40.122930943,-3.199091863],[40.126404956,-3.191763124],[40.130188299,-3.186290362],[40.133905019,-3.181464815],[40.136874584,-3.178000322],[40.139691866,-3.17518304],[40.141367007,-3.17287972],[40.142775647,-3.169891119],[40.143373554,-3.169292472],[40.14349503,-3.168952341],[40.143257086,-3.167905378],[40.142448067,-3.167667432],[40.140354142,-3.166668056],[40.138212627,-3.165287969],[40.136125267,-3.163505503],[40.131502547,-3.158244765],[40.132311566,-3.156769498],[40.137451199,-3.16038628],[40.138831287,-3.160957351],[40.143923333,-3.160243513],[40.146160026,-3.15981521],[40.147397348,-3.158768248],[40.14777806,-3.155389412],[40.147873238,-3.153057539],[40.147397348,-3.150916025],[40.14741862,-3.146719028],[40.154804544,-3.136722085],[40.160294024,-3.131785159],[40.162340361,-3.129643643],[40.163339736,-3.127882842],[40.163339736,-3.124646775],[40.162863843,-3.120934817],[40.162721078,-3.116937322],[40.161476137,-3.11186616],[40.16119822,-3.107419477],[40.160294024,-3.103707519],[40.160484384,-3.100376274],[40.16000849,-3.097425741],[40.159247062,-3.096045654],[40.157819387,-3.092143337],[40.157438672,-3.090239769],[40.157676618,-3.088288611],[40.158200099,-3.085909151],[40.161245808,-3.079912908],[40.165719196,-3.075249164],[40.172429276,-3.072013097],[40.173190703,-3.071156491],[40.17342865,-3.070014351],[40.173476239,-3.067777658],[40.173900904,-3.065228817],[40.173571417,-3.063494629],[40.171096778,-3.05978267],[40.170314425,-3.057717433],[40.170097404,-3.055547228],[40.170382939,-3.052977409],[40.17176303,-3.047409471],[40.172714814,-3.0450776],[40.174142488,-3.042460192],[40.175712932,-3.040461444],[40.181947121,-3.035131452],[40.185516311,-3.032799581],[40.188704789,-3.032085742],[40.192845051,-3.031371905],[40.195700404,-3.02975387],[40.196176297,-3.027993071],[40.19657045,-3.023907939],[40.19722326,-3.020807096],[40.197651563,-3.01752344],[40.198270222,-3.01585782],[40.199459953,-3.014239785],[40.201411113,-3.011003718],[40.205598962,-3.007006223],[40.210598302,-3.004157298],[40.21502163,-3.002437658],[40.216258948,-3.002152124],[40.22106546,-3.001866588],[40.222160014,-3.001485874],[40.226680987,-2.998297397],[40.233533838,-2.992729458],[40.234533208,-2.992681869],[40.237388561,-2.995870347],[40.237959632,-2.995822756],[40.239006595,-2.994395081],[40.240529451,-2.990825888],[40.241243288,-2.988636786],[40.241576413,-2.986114555],[40.240672217,-2.983021258],[40.241005342,-2.98092733],[40.240148736,-2.979118941],[40.239244542,-2.978309924],[40.23819758,-2.978167155],[40.236362522,-2.97831205],[40.234898097,-2.979212606],[40.230137853,-2.979568405],[40.228767282,-2.980367904],[40.227568035,-2.981966902],[40.225797715,-2.9835659],[40.224312931,-2.986592574],[40.221457578,-2.989162393],[40.217402978,-2.990818497],[40.212948627,-2.992931458],[40.209852104,-2.994204951],[40.201667601,-2.992581677],[40.198070756,-2.993389578],[40.196956269,-2.994104532],[40.194272729,-2.994728204],[40.18953235,-2.995103907],[40.187819139,-2.995056317],[40.187866727,-2.994294889],[40.188247442,-2.993485872],[40.188390209,-2.99239132],[40.187771549,-2.991582304],[40.187119441,-2.989887495],[40.189029441,-2.989571707],[40.190893896,-2.990302406],[40.193320945,-2.990825888],[40.195557638,-2.991111423],[40.198193588,-2.990725698],[40.199668854,-2.989250433],[40.199878429,-2.988067749],[40.198669481,-2.986728204],[40.197146625,-2.986252311],[40.194243683,-2.981731336],[40.192863595,-2.980065712],[40.191102795,-2.980303658],[40.188181308,-2.981403224],[40.186896399,-2.981070099],[40.18565908,-2.978595458],[40.182518191,-2.973693768],[40.180614622,-2.97117154],[40.177330966,-2.966507797],[40.174380434,-2.960939857],[40.173115685,-2.95718956],[40.17163587,-2.955988624],[40.170734248,-2.956505747],[40.170240172,-2.958465218],[40.169288388,-2.95908388],[40.168193835,-2.958465218],[40.166956517,-2.956276114],[40.16605232,-2.955086383],[40.165290893,-2.952706924],[40.165861964,-2.950232283],[40.166433036,-2.948519071],[40.166956517,-2.947710056],[40.168051068,-2.946710681],[40.168652079,-2.945464167],[40.16557643,-2.939667477],[40.165052949,-2.934860967],[40.16486259,-2.932433916],[40.165195714,-2.930435167],[40.165338482,-2.924867231],[40.168885677,-2.910122482],[40.16984249,-2.906399585],[40.172381688,-2.901786459],[40.1727624,-2.899264229],[40.172429276,-2.897313072],[40.172905169,-2.890127099],[40.172572044,-2.887414514],[40.172580851,-2.883111793],[40.172327042,-2.881335128],[40.170913171,-2.879116306],[40.171002997,-2.877081398],[40.171946328,-2.87670311],[40.172009781,-2.87422847],[40.171202095,-2.872571067],[40.170804189,-2.868581217],[40.171438712,-2.865535506],[40.174346465,-2.857279816],[40.17642872,-2.851546478],[40.176641799,-2.848784103],[40.176007277,-2.84795922],[40.17588037,-2.847324697],[40.176959061,-2.84459625],[40.177910845,-2.843327204],[40.181982986,-2.835633335],[40.183685002,-2.831525078],[40.185778929,-2.82194378],[40.185905835,-2.815344741],[40.185797563,-2.811880048],[40.186339328,-2.80906667],[40.184669001,-2.806310999],[40.185060261,-2.803566928],[40.184700239,-2.803161904],[40.184446431,-2.80119488],[40.185017501,-2.797514649],[40.186288403,-2.791316758],[40.187618255,-2.783476391],[40.190116692,-2.774053725],[40.192972044,-2.764345525],[40.193837074,-2.76258457],[40.194399755,-2.758817576],[40.193202847,-2.755889944],[40.192124158,-2.754874708],[40.192060707,-2.753351851],[40.193139397,-2.751067571],[40.192843007,-2.749879895],[40.196700009,-2.740897771]]]}}
]
}
