{
"type": "FeatureCollection",
"name": "mwi_boundary",
"features": [
{"type":"Feature","properties":{"country":"Malawi","iso3":"MWI","poly":"GEOMETRYCOLLECTION(MULTILINESTRING((34.932219509 -11.456032904, 34.932309914 -11.455992724), (34.799486441 -11.322006261, 34.79944185 -11.321915993), (34.792483054 -11.290306612, 34.792589087 -11.290200579), (34.798796484 -11.276813607, 34.798884622 -11.276875588), (34.7941953 -11.268147336, 34.794178294 -11.268238903), (34.708862147 -11.183713837, 34.708959705 -11.183720975), (34.637873466 -11.112131761, 34.637973374 -11.112138005), (34.636253071 -11.103331989, 34.636363908 -11.103338233, 34.63636703 -11.103224275), (34.637596455 -11.089668732, 34.637667839 -11.089604486), (34.637334115 -11.084800224, 34.637411128 -11.084856423), (34.637794111 -11.081794637, 34.637866961 -11.081863324), (34.634309795 -11.076081108, 34.63427441 -11.076189342), (34.616064721 -11.014650895, 34.616216036 -11.014605042), (34.653430426 -10.955046937, 34.653520188 -10.954992608), (34.575958134 -10.551053241, 34.576050783 -10.551095354), (34.576678272 -10.550396273, 34.576686695 -10.550539459), (34.57803011 -10.545012084, 34.577987997 -10.544894167), (34.577569806 -10.544449455, 34.57765109 -10.544380384), (34.577385776 -10.544026632, 34.577482636 -10.543929772)), POLYGON((33.537251994 -12.378255498, 33.534773583 -12.37874983, 33.5336625 -12.380225409, 33.531597753 -12.382229541, 33.531605481 -12.384164627, 33.530466999 -12.385114865, 33.528411115 -12.386441412, 33.527246294 -12.387662899, 33.525505908 -12.388125523, 33.52047836 -12.389808428, 33.516736174 -12.389677332, 33.511689217 -12.390883528, 33.511204926 -12.391971296, 33.511739492 -12.393797031, 33.511537539 -12.394584885, 33.509918706 -12.397158497, 33.509238508 -12.39777153, 33.507058313 -12.39896439, 33.506827002 -12.399400318, 33.50757366 -12.40153123, 33.506573459 -12.40217518, 33.505859961 -12.40241849, 33.505223643 -12.402885302, 33.504631883 -12.403656085, 33.504141001 -12.40382054, 33.505104421 -12.40620456, 33.505021204 -12.407137472, 33.503096884 -12.411385523, 33.502822666 -12.41180031, 33.501384406 -12.411814579, 33.50056819 -12.41154875, 33.499301877 -12.410437942, 33.498540823 -12.410502145, 33.496351911 -12.411250483, 33.495429697 -12.411810866, 33.493423026 -12.410719846, 33.492433979 -12.41073164, 33.490426684 -12.411991676, 33.489113331 -12.413726308, 33.488214587 -12.414638272, 33.485878036 -12.415434812, 33.48341758 -12.416720871, 33.482308125 -12.417947858, 33.482017578 -12.418057952, 33.481374296 -12.418003977, 33.479589415 -12.415925727, 33.478812572 -12.415718608, 33.477680604 -12.415655568, 33.474780208 -12.416553072, 33.47416693 -12.417372197, 33.47391561 -12.418167537, 33.473948726 -12.422065824, 33.471927518 -12.422372201, 33.47113553 -12.42267651, 33.47050727 -12.423644925, 33.470105292 -12.424943928, 33.469831608 -12.428910261, 33.469966579 -12.429755619, 33.470275615 -12.430436457, 33.471783638 -12.432182544, 33.472252715 -12.43389243, 33.473311121 -12.436695235, 33.47453226 -12.439004258, 33.474996337 -12.442045829, 33.475428945 -12.444389136, 33.475425374 -12.446482048, 33.475626283 -12.447365205, 33.475960299 -12.447477505, 33.477154016 -12.447423316, 33.47755775 -12.44763456, 33.478723938 -12.449187571, 33.479434791 -12.451151105, 33.479711336 -12.452408743, 33.480806383 -12.454840267, 33.480902239 -12.456297586, 33.478045084 -12.458063447, 33.476924849 -12.459182008, 33.47497858 -12.462123377, 33.474232065 -12.462374181, 33.472748081 -12.462555862, 33.467065202 -12.463941951, 33.466127643 -12.463135067, 33.462445832 -12.482934362, 33.436922124 -12.477704992, 33.435567106 -12.477740971, 33.435589684 -12.478725556, 33.435817858 -12.479351007, 33.437266834 -12.480814817, 33.43723636 -12.48180761, 33.43683385 -12.482721665, 33.43450349 -12.484519082, 33.433293918 -12.485265998, 33.431410366 -12.486171146, 33.430870171 -12.486584702, 33.430102303 -12.486594138, 33.42984206 -12.488017403, 33.428084938 -12.490823831, 33.426642578 -12.491044497, 33.425690686 -12.491736593, 33.425235874 -12.492424533, 33.424628066 -12.494613148, 33.424056481 -12.495482906, 33.422305384 -12.497066416, 33.420555797 -12.499417812, 33.4193671 -12.500738403, 33.416408358 -12.502788425, 33.414042961 -12.504051056, 33.412929062 -12.504479064, 33.409299294 -12.504754966, 33.408115888 -12.505357966, 33.409109376 -12.506005764, 33.411302124 -12.506893594, 33.414046534 -12.508566926, 33.414530257 -12.509359511, 33.415741811 -12.514124965, 33.415823087 -12.515795035, 33.415173043 -12.517471147, 33.414252775 -12.518795959, 33.414195515 -12.519372476, 33.413890744 -12.519599238, 33.412971407 -12.519756638, 33.412021441 -12.52043091, 33.411469861 -12.521054769, 33.41095263 -12.521951201, 33.410769297 -12.523703815, 33.409937818 -12.524435436, 33.40755923 -12.525221151, 33.404831998 -12.52556961, 33.401029918 -12.52678237, 33.399669043 -12.527859368, 33.39760029 -12.530233171, 33.394074885 -12.535127657, 33.393027044 -12.535878471, 33.387975595 -12.538688444, 33.38704093 -12.539808983, 33.384525387 -12.544400325, 33.384361058 -12.546240806, 33.382492971 -12.547915315, 33.379084302 -12.551655434, 33.376948358 -12.552809843, 33.374694098 -12.554810544, 33.371079854 -12.55670854, 33.369629161 -12.557397898, 33.367156343 -12.560262147, 33.366277185 -12.561080503, 33.365859832 -12.561217286, 33.365407194 -12.561002054, 33.365048384 -12.560516616, 33.364048149 -12.560543567, 33.363528885 -12.56059649, 33.362737483 -12.560030296, 33.358441657 -12.55867624, 33.358010618 -12.558180455, 33.357169543 -12.555534782, 33.357046453 -12.553649818, 33.355631079 -12.552595172, 33.35397844 -12.551779326, 33.35292432 -12.550483119, 33.351696519 -12.549810547, 33.347605404 -12.548426301, 33.345054214 -12.548122312, 33.343901202 -12.548256036, 33.343196832 -12.548160917, 33.337820601 -12.546691177, 33.334286904 -12.547034114, 33.331999109 -12.546746801, 33.331487514 -12.545942485, 33.331297228 -12.544586227, 33.331252753 -12.542012458, 33.330765924 -12.537958499, 33.330156103 -12.53656471, 33.329484677 -12.535736866, 33.328241404 -12.535062605, 33.32641162 -12.533308942, 33.323926138 -12.530515206, 33.320734834 -12.529349764, 33.319710136 -12.529018595, 33.318267851 -12.527924079, 33.31717262 -12.527928336, 33.316206407 -12.528481724, 33.313866434 -12.531092218, 33.312968825 -12.53182339, 33.310912928 -12.532660432, 33.308769404 -12.532909917, 33.307252101 -12.532286738, 33.305492895 -12.532082263, 33.304264007 -12.532337067, 33.3029084 -12.5333398, 33.295960008 -12.535221905, 33.293343233 -12.535599753, 33.291458008 -12.535765199, 33.290782585 -12.536056248, 33.28899319 -12.537634988, 33.287493329 -12.538621631, 33.285446295 -12.540448992, 33.284427817 -12.541055237, 33.281358069 -12.540762838, 33.277767451 -12.5396837, 33.276315184 -12.539636778, 33.275032166 -12.539853332, 33.270732883 -12.541638426, 33.266569521 -12.543591593, 33.265411609 -12.544562265, 33.26490124 -12.545543214, 33.264686731 -12.546789304, 33.265077588 -12.554204228, 33.265321212 -12.556618398, 33.26529893 -12.557187468, 33.264586799 -12.559613308, 33.264173931 -12.560251941, 33.263595581 -12.560418805, 33.261376488 -12.560479749, 33.260002925 -12.561322751, 33.258857262 -12.562348301, 33.256955258 -12.565426924, 33.253865659 -12.56872019, 33.251227988 -12.572096919, 33.250486658 -12.573874551, 33.250182797 -12.574187747, 33.248723235 -12.574966647, 33.246234319 -12.577923807, 33.243855122 -12.581588197, 33.239962487 -12.584290909, 33.238780721 -12.585779455, 33.238192435 -12.586908052, 33.23707679 -12.59145652, 33.235882821 -12.594684709, 33.235307693 -12.595347007, 33.23468785 -12.595517393, 33.228882624 -12.595605397, 33.227252654 -12.595845423, 33.223863877 -12.597407881, 33.221444392 -12.598136075, 33.218522992 -12.599881291, 33.212387618 -12.604945986, 33.209319792 -12.606236224, 33.204125029 -12.60901173, 33.202393217 -12.610432541, 33.200568564 -12.613267551, 33.199428376 -12.615350241, 33.198828266 -12.616775965, 33.198437402 -12.618365537, 33.197777108 -12.622562167, 33.195743545 -12.625961116, 33.195178013 -12.627862173, 33.19234348 -12.632131636, 33.190798014 -12.634808842, 33.187913627 -12.638417008, 33.185689305 -12.640307814, 33.18158763 -12.642345153, 33.180769145 -12.642563732, 33.17885463 -12.642493809, 33.176660716 -12.641897212, 33.176186874 -12.641652167, 33.175694641 -12.640694608, 33.175503895 -12.639186539, 33.175629416 -12.634796917, 33.17763824 -12.625592548, 33.17950928 -12.621770639, 33.180300826 -12.619321278, 33.180940964 -12.616477524, 33.180965465 -12.615079466, 33.180696411 -12.614186231, 33.180019355 -12.613043238, 33.178481515 -12.611158049, 33.17703644 -12.609836802, 33.176127672 -12.608597726, 33.17523727 -12.608182049, 33.172963926 -12.607459981, 33.170018618 -12.606873727, 33.167199896 -12.605885696, 33.166291483 -12.605359989, 33.164983324 -12.604905091, 33.164432967 -12.604538451, 33.16200582 -12.601953091, 33.161078802 -12.600491411, 33.160851128 -12.599761173, 33.160567211 -12.599585805, 33.160181734 -12.599640533, 33.157324382 -12.601127672, 33.154832513 -12.600525033, 33.152602222 -12.599282251, 33.151216135 -12.598797649, 33.149237965 -12.598780673, 33.144583522 -12.599683695, 33.141233186 -12.600738366, 33.14014293 -12.600845024, 33.13877773 -12.601276189, 33.135961059 -12.60326493, 33.135172514 -12.603487528, 33.132471159 -12.603641258, 33.129674808 -12.604919899, 33.126882977 -12.60583638, 33.125405887 -12.606649288, 33.122361697 -12.609214111, 33.115572567 -12.61662162, 33.114911284 -12.616784288, 33.114421418 -12.616689609, 33.106482473 -12.612649688, 33.102299792 -12.609699455, 33.100873533 -12.608875458, 33.099799561 -12.608527173, 33.096785748 -12.608225546, 33.095889241 -12.607867381, 33.094216869 -12.605139383, 33.092740527 -12.599779494, 33.092187398 -12.598416891, 33.091150161 -12.596875738, 33.08983023 -12.595771852, 33.089021273 -12.595614028, 33.088144654 -12.595717223, 33.087032633 -12.596084252, 33.08622562 -12.596695772, 33.084298297 -12.59889773, 33.083664574 -12.599132794, 33.082410786 -12.599172987, 33.079690857 -12.598853716, 33.077674396 -12.599245953, 33.077105042 -12.599906053, 33.074746597 -12.604387494, 33.073813332 -12.606362086, 33.072662973 -12.607820173, 33.071724117 -12.60874781, 33.070418136 -12.608147752, 33.069282217 -12.60822659, 33.068242877 -12.608717963, 33.06715996 -12.60970944, 33.064806134 -12.610347549, 33.062733151 -12.611534695, 33.062091514 -12.611701673, 33.060824841 -12.611756278, 33.058560112 -12.61288844, 33.057711334 -12.613689456, 33.056985044 -12.614015479, 33.056086567 -12.615066317, 33.054632959 -12.617699916, 33.053324622 -12.617813913, 33.052771565 -12.618039474, 33.052009922 -12.61878839, 33.049832484 -12.620425316, 33.047350271 -12.622574175, 33.045720236 -12.623506421, 33.044349939 -12.625861716, 33.043475181 -12.628783336, 33.042803897 -12.632583361, 33.042545601 -12.63293493, 33.039894177 -12.63496185, 33.038331797 -12.635646893, 33.036863942 -12.636961149, 33.035695682 -12.638271448, 33.034781009 -12.63980155, 33.033510429 -12.64281505, 33.031975399 -12.645925586, 33.028184814 -12.652779511, 33.027186641 -12.654169846, 33.026929554 -12.65591668, 33.023862883 -12.656300886, 33.023254822 -12.656116532, 33.02151069 -12.655042379, 33.019954644 -12.653659382, 33.019635163 -12.653990132, 33.020909128 -12.655787136, 33.021409912 -12.656930825, 33.020625207 -12.659301401, 33.019842487 -12.662309288, 33.018002996 -12.665944216, 33.01678572 -12.670119759, 33.015345326 -12.673753589, 33.014398313 -12.675316769, 33.012847211 -12.677360473, 33.012010265 -12.680982208, 33.011389421 -12.682615237, 33.011309134 -12.683364233, 33.011432529 -12.684393463, 33.01210661 -12.686636245, 33.012132745 -12.687373843, 33.010008294 -12.69227122, 33.009661261 -12.693485834, 33.009509434 -12.696652509, 33.009856467 -12.700274663, 33.009813088 -12.703159374, 33.009574503 -12.704092024, 33.008621012 -12.705210208, 33.005822211 -12.706738149, 33.00412682 -12.708118623, 33.002174028 -12.710604624, 33.001232256 -12.712051907, 32.999724321 -12.715201434, 32.998469748 -12.719410722, 32.998274542 -12.721037437, 32.996424507 -12.725605492, 32.99480794 -12.728124957, 32.993351014 -12.729431294, 32.990943474 -12.730624219, 32.98630191 -12.732099108, 32.984761952 -12.732728105, 32.981150924 -12.734910213, 32.978826095 -12.735250827, 32.976932025 -12.735157335, 32.976389786 -12.73537423, 32.975398325 -12.736326736, 32.974203471 -12.738089279, 32.973164327 -12.739008399, 32.971114887 -12.740254378, 32.970442511 -12.741078582, 32.968347066 -12.744809657, 32.967339611 -12.746673897, 32.964803965 -12.747998793, 32.963725825 -12.748792494, 32.963207304 -12.749531223, 32.962446697 -12.751618129, 32.960896019 -12.752998277, 32.960305474 -12.754211817, 32.958901855 -12.755409033, 32.957242439 -12.756677656, 32.955786162 -12.758192776, 32.95477237 -12.758586146, 32.95361411 -12.759418955, 32.950427696 -12.764282254, 32.94922752 -12.765791095, 32.947423288 -12.767614244, 32.943224951 -12.769096484, 32.939849317 -12.770845731, 32.939222389 -12.772124809, 32.938462882 -12.77307187, 32.938696931 -12.77384791, 32.940101002 -12.775630786, 32.94146876 -12.778656176, 32.942581601 -12.781859752, 32.943550018 -12.783536337, 32.945176204 -12.785100727, 32.945391993 -12.786967687, 32.946540381 -12.787992251, 32.946574829 -12.79192877, 32.946850405 -12.79487376, 32.946525288 -12.798485295, 32.946819872 -12.800449405, 32.947529236 -12.802558814, 32.948991851 -12.805582455, 32.949626887 -12.8074287, 32.950165384 -12.808237773, 32.950793504 -12.809673818, 32.949710621 -12.811550354, 32.949580337 -12.813477545, 32.949982656 -12.814643895, 32.951050065 -12.816551304, 32.952287986 -12.819391385, 32.95380111 -12.821069021, 32.955660815 -12.821749889, 32.955931205 -12.822183582, 32.955262979 -12.824822944, 32.955699387 -12.827519926, 32.955519285 -12.832249611, 32.954925899 -12.834939757, 32.953532168 -12.838193995, 32.950253141 -12.842759219, 32.950001832 -12.843862638, 32.949982888 -12.845559921, 32.949341658 -12.846735962, 32.948367498 -12.847774406, 32.948222215 -12.848511149, 32.948447314 -12.848956997, 32.949488653 -12.849731188, 32.951604467 -12.852382509, 32.953261414 -12.853720102, 32.953759413 -12.855395317, 32.955766625 -12.857662417, 32.955885297 -12.860025238, 32.956915103 -12.860830484, 32.957860236 -12.861296063, 32.958999728 -12.862184954, 32.9607595 -12.863096387, 32.962783902 -12.865559694, 32.964901619 -12.868447592, 32.965930132 -12.868981604, 32.966377403 -12.869520722, 32.967030826 -12.869998396, 32.967665295 -12.870766997, 32.968737849 -12.872239222, 32.969965766 -12.87265429, 32.969422994 -12.874402274, 32.969930628 -12.875541402, 32.971519507 -12.876342603, 32.97249956 -12.878315739, 32.973319675 -12.880847273, 32.97393552 -12.881338579, 32.976365205 -12.882634442, 32.976930451 -12.883133255, 32.978820368 -12.883899584, 32.984619431 -12.884002026, 32.987029729 -12.88367285, 32.988750317 -12.884020796, 32.991390393 -12.885879738, 32.992428727 -12.886361389, 32.993767106 -12.886758768, 32.996907347 -12.886911934, 33.002435581 -12.887872747, 33.002936551 -12.889063147, 33.003236377 -12.889352938, 33.004259661 -12.889119586, 33.005940997 -12.889120198, 33.007359095 -12.889460083, 33.012835539 -12.889669639, 33.013310957 -12.889877869, 33.01423169 -12.891315262, 33.015013942 -12.891786819, 33.018964425 -12.89213667, 33.021274929 -12.893252208, 33.021954775 -12.893289671, 33.022642183 -12.893081374, 33.022634422 -12.893590445, 33.022235553 -12.894866692, 33.022079717 -12.897351365, 33.022302499 -12.90547305, 33.022432432 -12.905856976, 33.023853212 -12.907591892, 33.024541322 -12.9079834, 33.026879485 -12.908748768, 33.028944274 -12.910239443, 33.028555788 -12.911866799, 33.028331724 -12.913857226, 33.028280725 -12.916149436, 33.026601435 -12.923009059, 33.024195839 -12.927313645, 33.022996376 -12.928737998, 33.02184843 -12.929798572, 33.020239975 -12.930221905, 33.019537292 -12.930852643, 33.019234542 -12.931839509, 33.019248119 -12.932910663, 33.019045353 -12.934139336, 33.019059402 -12.935615508, 33.020487379 -12.938278315, 33.02055397 -12.940970693, 33.020234449 -12.942813379, 33.019517253 -12.945327348, 33.018977609 -12.947747998, 33.017307603 -12.94971055, 33.017089888 -12.950135109, 33.018022312 -12.951250768, 33.017751184 -12.952382396, 33.017157146 -12.953004372, 33.017055362 -12.953511272, 33.017523948 -12.956030981, 33.01796671 -12.957308618, 33.017814036 -12.958341408, 33.017149208 -12.959451326, 33.015801766 -12.960593847, 33.015279492 -12.962402487, 33.014862914 -12.964881509, 33.015313199 -12.966617451, 33.015096646 -12.97003908, 33.014720317 -12.971420178, 33.013364547 -12.97303542, 33.011301302 -12.974385249, 33.009996245 -12.975496161, 33.010043359 -12.976667032, 33.013006429 -12.980428016, 33.014179929 -12.982783383, 33.014959692 -12.984897607, 33.015232247 -12.986627372, 33.015252258 -12.989943981, 33.014991643 -12.99043906, 33.013319875 -12.991871238, 33.011501956 -12.993832922, 33.010993324 -12.994921245, 33.010252911 -12.995416894, 33.009885457 -12.996047555, 33.009541678 -12.997350229, 33.009150023 -12.997672505, 33.006629118 -12.998366906, 33.00631724 -12.998627099, 33.005647377 -12.999724432, 33.001068704 -13.004089243, 32.999861754 -13.004759574, 32.998894864 -13.005850874, 32.998581068 -13.007864379, 32.997455202 -13.009599867, 32.997005439 -13.01076426, 32.9972093 -13.011652302, 32.997708862 -13.01279656, 32.997672592 -13.015494881, 32.995904145 -13.017690459, 32.995377792 -13.019501424, 32.995774494 -13.021434364, 32.995472895 -13.022935418, 32.994641612 -13.024139743, 32.993474678 -13.024643972, 32.992357147 -13.02464856, 32.991058037 -13.025030962, 32.989543523 -13.024917221, 32.988762819 -13.025600532, 32.987893818 -13.02647615, 32.987498734 -13.027120162, 32.987118568 -13.031391091, 32.986256104 -13.032686004, 32.985117614 -13.033626977, 32.985171431 -13.035509059, 32.985311798 -13.036193624, 32.986610462 -13.037076956, 32.988276391 -13.037401744, 32.989460375 -13.038070709, 32.990883043 -13.038685002, 32.991828421 -13.040051788, 32.992687443 -13.040192317, 32.993864542 -13.042277051, 32.994168478 -13.042580126, 32.996171234 -13.043471825, 32.997807845 -13.047295024, 32.999213826 -13.049276891, 32.999083747 -13.049878406, 32.998215283 -13.050591846, 32.997776265 -13.051254331, 32.996957917 -13.053733704, 32.996793649 -13.055444034, 32.99639907 -13.057018159, 32.995804814 -13.058342216, 32.995731202 -13.059089165, 32.996054754 -13.060111405, 32.996500959 -13.060796878, 32.99610135 -13.061911488, 32.996591998 -13.062491263, 32.996595613 -13.062974558, 32.994686605 -13.063400139, 32.993346323 -13.064206738, 32.992646873 -13.065901909, 32.992111977 -13.067704645, 32.990945004 -13.069592415, 32.990796835 -13.072733438, 32.990439509 -13.073902773, 32.989362461 -13.074756713, 32.987356362 -13.077073295, 32.985531127 -13.077489121, 32.985055475 -13.078081561, 32.983961655 -13.081144289, 32.983554584 -13.08147826, 32.983205005 -13.081472594, 32.982131254 -13.081099696, 32.981153383 -13.081562963, 32.981045294 -13.081848156, 32.981246258 -13.083322679, 32.980928643 -13.084695067, 32.980948328 -13.086979058, 32.981161158 -13.087575411, 32.981155096 -13.088967668, 32.981561325 -13.089387428, 32.981776014 -13.090000252, 32.98150884 -13.090454413, 32.981391689 -13.091784364, 32.980812333 -13.093025954, 32.980299858 -13.09375345, 32.981399399 -13.094585515, 32.98163036 -13.095767359, 32.982035391 -13.096469247, 32.981834372 -13.097416266, 32.981311124 -13.098410973, 32.981350525 -13.099589982, 32.981024254 -13.100201907, 32.9809912 -13.103505667, 32.981111702 -13.103882744, 32.981606981 -13.103945376, 32.981644204 -13.106518603, 32.978450673 -13.107975459, 32.978262556 -13.108369634, 32.978151377 -13.109804397, 32.977641255 -13.110781994, 32.977221863 -13.112208689, 32.975544706 -13.114132428, 32.975601426 -13.114818457, 32.976803678 -13.116125323, 32.977060231 -13.119197557, 32.978326088 -13.121238251, 32.978325731 -13.122085021, 32.977851058 -13.123100984, 32.977496973 -13.124068627, 32.977887026 -13.125011453, 32.978330948 -13.125769177, 32.978085292 -13.12846042, 32.978259092 -13.131250285, 32.980210462 -13.133358775, 32.980976863 -13.134825648, 32.981359271 -13.136571013, 32.98097249 -13.139093756, 32.980479655 -13.140215476, 32.980336021 -13.14208698, 32.980587023 -13.142474154, 32.981359486 -13.143087619, 32.981755554 -13.144172825, 32.982898095 -13.144290882, 32.983194859 -13.144835321, 32.985021444 -13.146027183, 32.984609134 -13.146936853, 32.983365171 -13.148227903, 32.982862424 -13.150799974, 32.982328854 -13.15184609, 32.980876942 -13.152452109, 32.980004011 -13.15347762, 32.979554859 -13.154305455, 32.979744963 -13.158362786, 32.980368104 -13.160206179, 32.98110528 -13.160828882, 32.981405639 -13.161290365, 32.98181412 -13.163009555, 32.984309478 -13.165920666, 32.984855352 -13.166272471, 32.986936459 -13.166492932, 32.987705556 -13.166946988, 32.988338942 -13.167743891, 32.98955907 -13.16873224, 32.990444398 -13.169681198, 32.990981707 -13.170033245, 32.991850951 -13.170213792, 32.994248742 -13.170147587, 32.994478986 -13.17032553, 32.995381771 -13.173335525, 32.996600607 -13.175028812, 32.998485453 -13.175365132, 32.998864663 -13.175617748, 32.999565841 -13.176458571, 33.002330417 -13.177473705, 33.002573154 -13.177988029, 33.002893618 -13.180720356, 33.0028846 -13.183722215, 33.003188261 -13.185624916, 33.004793474 -13.188059551, 33.004477048 -13.189940707, 33.004498679 -13.191040983, 33.005556341 -13.192552914, 33.005637807 -13.192859883, 33.005403235 -13.195361451, 33.005587775 -13.198395042, 33.005437716 -13.199444213, 33.005589653 -13.199769446, 33.007292104 -13.201604583, 33.008610533 -13.20440515, 33.009996794 -13.20583335, 33.011006762 -13.206613378, 33.012673969 -13.207030598, 33.015474826 -13.207712469, 33.017464257 -13.208874715, 33.018225889 -13.209875088, 33.018491572 -13.21070349, 33.018451398 -13.211979835, 33.018078632 -13.212997962, 33.01670825 -13.214340079, 33.014831336 -13.215874038, 33.013869922 -13.217515308, 33.013173218 -13.218271321, 33.012315721 -13.218865274, 33.008995294 -13.219652418, 33.00692844 -13.220733189, 33.002896613 -13.220735069, 33.001268991 -13.221027896, 32.998671908 -13.222090331, 32.995195095 -13.223172603, 32.991322927 -13.225050741, 32.99109432 -13.225546956, 32.991323122 -13.226625878, 32.991900706 -13.227334715, 32.99178846 -13.229669113, 32.991013247 -13.230269145, 32.9906387 -13.230856854, 32.988275974 -13.23276129, 32.986748387 -13.2327538, 32.983501966 -13.233167531, 32.982184789 -13.232158713, 32.981841698 -13.231699814, 32.981038189 -13.232094534, 32.980439353 -13.232574832, 32.980328868 -13.233911943, 32.980915134 -13.235894202, 32.980119489 -13.237631425, 32.980152995 -13.237963555, 32.98102985 -13.238691209, 32.981230564 -13.23967601, 32.981031039 -13.24027097, 32.980650945 -13.240703995, 32.979864079 -13.240982237, 32.979682568 -13.241445341, 32.979778063 -13.242165064, 32.980337129 -13.243359045, 32.980748352 -13.244722757, 32.980699571 -13.245563897, 32.980333175 -13.246037935, 32.979873132 -13.246275075, 32.978192403 -13.246189192, 32.977758987 -13.246411446, 32.976422306 -13.247611452, 32.976040251 -13.248188474, 32.975429551 -13.251007555, 32.975207163 -13.251406441, 32.973290846 -13.252979262, 32.971911205 -13.254395785, 32.969992718 -13.257023001, 32.970892925 -13.2598016, 32.970839305 -13.260684314, 32.970087724 -13.262094052, 32.969959643 -13.262504005, 32.969445685 -13.262389317, 32.969160281 -13.2621503, 32.968883678 -13.262254592, 32.968465149 -13.262741359, 32.96659243 -13.264122352, 32.964657244 -13.264840365, 32.963553651 -13.26519178, 32.961386964 -13.26639212, 32.960370238 -13.266661318, 32.95906133 -13.266501692, 32.957253091 -13.266742281, 32.9556169 -13.266543911, 32.955195428 -13.266572399, 32.953710865 -13.267214385, 32.953046756 -13.267925872, 32.951490781 -13.268398377, 32.950763809 -13.268946992, 32.950703955 -13.270199566, 32.950530187 -13.270546909, 32.949300776 -13.270800356, 32.948755573 -13.270887785, 32.948485795 -13.273045134, 32.948223282 -13.27343197, 32.947972909 -13.274294819, 32.947122906 -13.2749424, 32.945651703 -13.274931255, 32.944869427 -13.27523295, 32.944040315 -13.276196286, 32.943325818 -13.279636175, 32.94271432 -13.280483219, 32.942686488 -13.280752293, 32.942918846 -13.281179328, 32.944319148 -13.281477563, 32.944988974 -13.282212149, 32.945516582 -13.283111618, 32.945868447 -13.283237538, 32.945588361 -13.284192493, 32.94505277 -13.285214973, 32.943329268 -13.287160117, 32.94065937 -13.292321259, 32.93962384 -13.293267619, 32.939206543 -13.294045183, 32.938805432 -13.295836369, 32.93798837 -13.296273897, 32.937869114 -13.29647099, 32.939057812 -13.298977029, 32.939096911 -13.299692679, 32.939560143 -13.301100347, 32.940460738 -13.302799224, 32.943739595 -13.305625256, 32.943918102 -13.306055842, 32.943855763 -13.306664559, 32.944011514 -13.307203332, 32.944818585 -13.307684293, 32.945205819 -13.30836356, 32.945203171 -13.308746713, 32.944719604 -13.309294928, 32.944170824 -13.309585208, 32.943134539 -13.309751574, 32.942118254 -13.310426469, 32.941690476 -13.310467728, 32.94028902 -13.310262576, 32.939861752 -13.310686416, 32.938356886 -13.310858936, 32.938007519 -13.311016959, 32.937376035 -13.312328887, 32.936668494 -13.312613512, 32.934744734 -13.313061804, 32.934440973 -13.313325859, 32.933933488 -13.315140804, 32.933451632 -13.316127082, 32.932378583 -13.317717519, 32.932254388 -13.318294024, 32.933595773 -13.320603845, 32.934115693 -13.322073559, 32.933968938 -13.326539399, 32.934078839 -13.326872162, 32.9354978 -13.32804812, 32.93564902 -13.32836389, 32.935541008 -13.33037017, 32.933165118 -13.335708454, 32.931532882 -13.338737695, 32.931751363 -13.339701336, 32.932435321 -13.341399614, 32.933811423 -13.342723777, 32.934123926 -13.343206866, 32.934278434 -13.343799959, 32.934183819 -13.344569238, 32.933887263 -13.345053033, 32.931231435 -13.347361057, 32.930190078 -13.349180019, 32.929699343 -13.351439621, 32.928596014 -13.352627642, 32.928239708 -13.354564976, 32.926716295 -13.358074429, 32.926512831 -13.361788011, 32.92632492 -13.362759627, 32.925867679 -13.363897703, 32.926052566 -13.366456987, 32.927368845 -13.368039104, 32.926817454 -13.371422462, 32.926244114 -13.372595286, 32.926070123 -13.375123352, 32.927506598 -13.376701083, 32.927562954 -13.377563425, 32.926376013 -13.379387247, 32.925900525 -13.380957901, 32.925278174 -13.381761292, 32.92534124 -13.383267911, 32.924688832 -13.384173547, 32.923526136 -13.385367315, 32.922750314 -13.38664197, 32.922782337 -13.386884874, 32.923593753 -13.38750431, 32.924153914 -13.388767773, 32.924040083 -13.389322344, 32.922733917 -13.390608777, 32.922597673 -13.391659082, 32.922764511 -13.391927604, 32.924210443 -13.392299685, 32.924218615 -13.393205096, 32.923853762 -13.394377222, 32.922929838 -13.395181237, 32.923196845 -13.396223591, 32.923554539 -13.396787206, 32.923127144 -13.397403163, 32.92161417 -13.397688334, 32.920784795 -13.399262369, 32.920195938 -13.39970353, 32.919921439 -13.400428393, 32.919866958 -13.401652979, 32.919248361 -13.402296061, 32.91773768 -13.405826012, 32.917101517 -13.408979807, 32.917646261 -13.409968284, 32.917927784 -13.412366194, 32.918330163 -13.413566594, 32.918387618 -13.41513589, 32.917380974 -13.417436374, 32.916546112 -13.418208937, 32.914753058 -13.418659554, 32.914433407 -13.419114844, 32.91433936 -13.420252583, 32.914158291 -13.420406524, 32.909627604 -13.421054243, 32.90894524 -13.421311407, 32.907205932 -13.422382255, 32.904829143 -13.425091486, 32.902664626 -13.426606349, 32.902595532 -13.427955599, 32.902766273 -13.430829134, 32.903281818 -13.432784577, 32.903052492 -13.433290124, 32.901762119 -13.434596955, 32.901707075 -13.435197358, 32.901926342 -13.436287, 32.900783549 -13.438320713, 32.900574868 -13.439128816, 32.900377454 -13.439364903, 32.89814061 -13.440062568, 32.896357099 -13.441290998, 32.895967236 -13.441789589, 32.895132078 -13.445268409, 32.893961629 -13.445557568, 32.893148205 -13.446504269, 32.891136232 -13.447293877, 32.888195793 -13.448972101, 32.887261319 -13.450336353, 32.88711888 -13.451235556, 32.887343004 -13.451807475, 32.888190727 -13.452949498, 32.888132897 -13.453144651, 32.88353657 -13.457587719, 32.880293867 -13.461654961, 32.875566008 -13.463738162, 32.872233697 -13.465347162, 32.870654916 -13.46536279, 32.868466821 -13.464910811, 32.867476016 -13.465186991, 32.866362443 -13.465960824, 32.86487259 -13.465885572, 32.860368169 -13.464842898, 32.857668886 -13.464009591, 32.857411442 -13.463714203, 32.856083172 -13.459866071, 32.855641442 -13.459561131, 32.855074136 -13.459524049, 32.853315997 -13.460064025, 32.850211074 -13.462335386, 32.845568861 -13.462380755, 32.845062235 -13.462725482, 32.84510297 -13.465658627, 32.845510602 -13.466981511, 32.844931712 -13.469750117, 32.843196843 -13.47251131, 32.84238433 -13.473368881, 32.842274813 -13.474149043, 32.842604823 -13.475972514, 32.84325834 -13.477158867, 32.845050622 -13.479634468, 32.844974306 -13.48086281, 32.84586304 -13.481662467, 32.846140579 -13.485304649, 32.846426193 -13.486663653, 32.846346626 -13.488007458, 32.845601964 -13.488362315, 32.844690533 -13.490563381, 32.844679117 -13.494152135, 32.844439593 -13.494829836, 32.843211666 -13.496340939, 32.841798753 -13.497784122, 32.839479862 -13.498638282, 32.840868316 -13.499967908, 32.842177976 -13.501998184, 32.84292775 -13.503583036, 32.844355469 -13.505603476, 32.847164353 -13.510749845, 32.847803914 -13.512380613, 32.849146473 -13.514311022, 32.849786094 -13.514900212, 32.849829943 -13.51572756, 32.846448951 -13.517175769, 32.845477749 -13.517381745, 32.844603678 -13.517106725, 32.843565577 -13.516510077, 32.842754661 -13.516670493, 32.842121413 -13.517996009, 32.84083947 -13.519365396, 32.838774839 -13.520705371, 32.835642595 -13.52230474, 32.834380418 -13.525958433, 32.832644914 -13.527662341, 32.832682578 -13.528087532, 32.833296641 -13.528566537, 32.829891982 -13.531690948, 32.828276799 -13.533823462, 32.82635159 -13.535318109, 32.825546079 -13.537202845, 32.825080267 -13.539834703, 32.824354495 -13.540827809, 32.823446399 -13.541238173, 32.821971369 -13.541607217, 32.82069738 -13.541415679, 32.819188998 -13.540773343, 32.816864165 -13.540726569, 32.81517042 -13.540366654, 32.814222931 -13.540679641, 32.813082603 -13.540610679, 32.811971344 -13.540342563, 32.80554676 -13.541388144, 32.804606916 -13.541876022, 32.802289168 -13.543550797, 32.801744404 -13.544970207, 32.801409863 -13.546522816, 32.800074165 -13.54720784, 32.798273323 -13.547793979, 32.798283627 -13.548490313, 32.796352601 -13.549561186, 32.790969901 -13.551999828, 32.788902164 -13.552342691, 32.787099042 -13.552370372, 32.785224713 -13.553044984, 32.78252405 -13.553681515, 32.782479431 -13.558156848, 32.780705534 -13.557147654, 32.780085243 -13.557103998, 32.779317452 -13.557368134, 32.775816868 -13.557135164, 32.773785945 -13.557863473, 32.772654511 -13.557724727, 32.769733934 -13.556434386, 32.76869262 -13.555765517, 32.767534309 -13.555484904, 32.767242426 -13.555263537, 32.765828629 -13.557217455, 32.763940236 -13.558598282, 32.761277244 -13.561218484, 32.760045885 -13.562642974, 32.761223136 -13.563786441, 32.762727356 -13.565038512, 32.762933164 -13.56584758, 32.763006572 -13.56921798, 32.76234862 -13.570935722, 32.761298159 -13.572187375, 32.757387081 -13.574261235, 32.754782224 -13.574774524, 32.754354567 -13.575291721, 32.753692348 -13.577259203, 32.753666091 -13.578022715, 32.753384776 -13.578773443, 32.751296512 -13.579386453, 32.750413759 -13.579570531, 32.749502565 -13.580647311, 32.748032261 -13.581845462, 32.745998756 -13.582668412, 32.742591046 -13.585175927, 32.741312875 -13.584133465, 32.738661207 -13.583254504, 32.736487678 -13.583168812, 32.732233151 -13.58182426, 32.729965024 -13.581585834, 32.728711922 -13.581107613, 32.728057303 -13.580533897, 32.727283759 -13.580492195, 32.726024608 -13.580688164, 32.723437859 -13.581437818, 32.722625837 -13.581184021, 32.716486368 -13.577499548, 32.710471978 -13.572347517, 32.703020004 -13.569418545, 32.701218157 -13.569305978, 32.699378974 -13.568835024, 32.696026413 -13.568774073, 32.693809261 -13.570060937, 32.692468729 -13.570187893, 32.690112883 -13.570842942, 32.688308776 -13.571167914, 32.686604077 -13.572173563, 32.686401438 -13.572582398, 32.686579099 -13.573725133, 32.688282432 -13.574999339, 32.690703603 -13.576399244, 32.693974303 -13.577600744, 32.69224303 -13.5822179, 32.689794963 -13.58385725, 32.682101157 -13.583907159, 32.681637902 -13.584650297, 32.681184503 -13.586663603, 32.680678637 -13.587962329, 32.683770196 -13.59180247, 32.684767671 -13.593422124, 32.685201392 -13.594728372, 32.686519864 -13.59652339, 32.687340943 -13.597925034, 32.688482954 -13.599051306, 32.688477745 -13.599608456, 32.68805588 -13.599801441, 32.687335885 -13.600819035, 32.685746831 -13.602195702, 32.684554579 -13.602836833, 32.682662881 -13.604470562, 32.681045191 -13.604612117, 32.680344268 -13.605287497, 32.680201551 -13.606634798, 32.680664613 -13.607371877, 32.680719264 -13.608139965, 32.679938581 -13.610624254, 32.679406275 -13.610905932, 32.678922157 -13.612716796, 32.678560621 -13.613177749, 32.677321571 -13.613385916, 32.675403656 -13.613483388, 32.674173106 -13.614631722, 32.673385112 -13.615545369, 32.67351934 -13.616961733, 32.674035323 -13.617642638, 32.672520549 -13.620837776, 32.673210017 -13.622731527, 32.674750961 -13.622505808, 32.67584973 -13.622534503, 32.676730052 -13.622440392, 32.677276289 -13.622895094, 32.678410999 -13.623109298, 32.679723827 -13.622950775, 32.681359519 -13.622392218, 32.683401083 -13.622398926, 32.6845375 -13.622665051, 32.686150879 -13.623605271, 32.68665311 -13.624955162, 32.690476902 -13.626966089, 32.691078477 -13.627536676, 32.691190479 -13.628555799, 32.692886921 -13.630712262, 32.695138656 -13.63252304, 32.696342201 -13.633946343, 32.698716704 -13.635653384, 32.699447188 -13.637212851, 32.699570531 -13.637746403, 32.699693707 -13.637878447, 32.705275141 -13.638142063, 32.708682746 -13.637724741, 32.709586091 -13.638097147, 32.713136272 -13.638248375, 32.714777533 -13.640717795, 32.714430398 -13.642252147, 32.715699303 -13.642612752, 32.717910792 -13.643075797, 32.718768338 -13.644777413, 32.720186863 -13.645153005, 32.72120068 -13.645724954, 32.724972332 -13.646575783, 32.726320978 -13.647100905, 32.727718118 -13.646429267, 32.731459162 -13.646492125, 32.733671597 -13.646952192, 32.735092846 -13.647659073, 32.735992848 -13.648790025, 32.739282843 -13.651487414, 32.739737932 -13.651362392, 32.739909941 -13.651152385, 32.740426347 -13.649218914, 32.740946045 -13.648655304, 32.742068967 -13.648369045, 32.744540316 -13.648473773, 32.746106649 -13.648303255, 32.746687659 -13.648446396, 32.747084765 -13.649203731, 32.74846769 -13.649311827, 32.75035634 -13.650928902, 32.752505823 -13.651870294, 32.752771472 -13.651363915, 32.752986323 -13.650255141, 32.752894486 -13.649544872, 32.751904751 -13.647906691, 32.752003675 -13.646928612, 32.753133248 -13.643879906, 32.754220857 -13.641723467, 32.755191064 -13.639350589, 32.756136883 -13.638084857, 32.758262001 -13.63607914, 32.760475244 -13.635986536, 32.761261958 -13.636122748, 32.765239945 -13.639624582, 32.768013308 -13.640898822, 32.769816598 -13.641563245, 32.771786868 -13.642896087, 32.772750343 -13.643168136, 32.773344946 -13.643817541, 32.776327903 -13.644892982, 32.777560138 -13.645167602, 32.781272457 -13.645397107, 32.782213568 -13.645716803, 32.783942789 -13.646718453, 32.786150111 -13.648577063, 32.795027901 -13.652549934, 32.798281525 -13.656098857, 32.800447551 -13.658823234, 32.802467862 -13.65995902, 32.803545193 -13.661731725, 32.803300151 -13.662587076, 32.802266122 -13.663601639, 32.801183291 -13.664442092, 32.798017055 -13.670360236, 32.796723208 -13.671247903, 32.794012374 -13.677347112, 32.795777399 -13.678793348, 32.798395362 -13.679215928, 32.802233629 -13.68071645, 32.807742732 -13.683487456, 32.809890138 -13.684157585, 32.811863513 -13.684408432, 32.813428894 -13.685111815, 32.817186339 -13.687227517, 32.818449068 -13.688353895, 32.821471561 -13.691496796, 32.823941565 -13.693879228, 32.828844768 -13.697901708, 32.829800505 -13.698955378, 32.831361054 -13.701434269, 32.832261963 -13.702477741, 32.835095371 -13.703788008, 32.836976882 -13.706964806, 32.838049492 -13.70788859, 32.838336592 -13.708622584, 32.838217723 -13.710556431, 32.83948613 -13.71199113, 32.840885724 -13.714387142, 32.841309515 -13.715048237, 32.842925012 -13.71650725, 32.844326041 -13.719566324, 32.845262522 -13.721020704, 32.845784682 -13.722858728, 32.846377351 -13.723592088, 32.842330809 -13.725719953, 32.838693145 -13.727004243, 32.837543861 -13.728191182, 32.836830342 -13.729606626, 32.836722986 -13.728387184, 32.834914053 -13.7272839, 32.832960465 -13.726882102, 32.830970207 -13.726021922, 32.828175175 -13.726400256, 32.827669733 -13.726589622, 32.822450808 -13.726179718, 32.819340942 -13.726340336, 32.813689453 -13.728332653, 32.810772486 -13.7294649, 32.809553857 -13.729679712, 32.808332857 -13.730264707, 32.80701323 -13.73173075, 32.806766307 -13.732236329, 32.804974489 -13.733795208, 32.803224668 -13.736435601, 32.80299133 -13.737140417, 32.802344922 -13.737978841, 32.801714741 -13.739846188, 32.800154847 -13.741396354, 32.796610508 -13.748241527, 32.795958957 -13.750196964, 32.795872534 -13.751132477, 32.795222049 -13.751385956, 32.794515138 -13.751448426, 32.792152238 -13.750202317, 32.788626964 -13.749361988, 32.78789944 -13.749467235, 32.786954724 -13.750058089, 32.78553154 -13.74996188, 32.78287756 -13.748576865, 32.78049521 -13.748688961, 32.780332018 -13.752034759, 32.77964504 -13.754184088, 32.780832479 -13.757187578, 32.781688479 -13.758296779, 32.78176849 -13.759674234, 32.781287027 -13.760525022, 32.779948313 -13.761847563, 32.778991057 -13.762304011, 32.778367337 -13.763331066, 32.778625875 -13.766064706, 32.779017442 -13.766816341, 32.778975213 -13.76765604, 32.778357486 -13.768736972, 32.776148707 -13.770553364, 32.774250583 -13.772890207, 32.773659498 -13.774228714, 32.772672181 -13.777104317, 32.770982888 -13.780857644, 32.771480996 -13.78149053, 32.771979298 -13.781699925, 32.774284463 -13.781916189, 32.775107925 -13.78110216, 32.775985864 -13.780037711, 32.776438433 -13.779777078, 32.777137566 -13.779887783, 32.778875218 -13.780797837, 32.779103713 -13.781152922, 32.779521684 -13.782780827, 32.781273889 -13.785387023, 32.784314321 -13.786625407, 32.786361438 -13.787214271, 32.788915634 -13.787684502, 32.78980108 -13.787600821, 32.793053491 -13.786146726, 32.794185651 -13.786432123, 32.794322296 -13.788395033, 32.795146921 -13.790548095, 32.79599446 -13.791671577, 32.797733311 -13.792535184, 32.799060432 -13.791640612, 32.799517348 -13.792157186, 32.800394086 -13.793807687, 32.80222679 -13.795944221, 32.801313905 -13.797746816, 32.801231005 -13.797840192, 32.802408867 -13.800255325, 32.804033283 -13.801300426, 32.80479985 -13.801630931, 32.806301711 -13.801707881, 32.809474424 -13.801383299, 32.809970875 -13.800721792, 32.809994363 -13.796703593, 32.810107432 -13.795547099, 32.810732733 -13.794224205, 32.811447432 -13.793358704, 32.813600785 -13.786909781, 32.814258576 -13.784842049, 32.814348462 -13.784750354, 32.816132714 -13.787180418, 32.81729296 -13.788181044, 32.818292381 -13.788747041, 32.818743755 -13.788844663, 32.820218137 -13.788437397, 32.821113456 -13.787769071, 32.824320269 -13.78635232, 32.827294418 -13.785410421, 32.830300601 -13.785544379, 32.831144712 -13.78529154, 32.832332413 -13.785709159, 32.833450963 -13.787420169, 32.834295599 -13.787863172, 32.836226413 -13.788196595, 32.838040044 -13.788782127, 32.839486764 -13.789380886, 32.843368396 -13.791553368, 32.84484527 -13.792113133, 32.845702128 -13.794360969, 32.848721141 -13.798212617, 32.849448083 -13.798750634, 32.850666561 -13.798832874, 32.851963017 -13.79829452, 32.854874145 -13.796519782, 32.855802975 -13.796282536, 32.858023621 -13.796773711, 32.861706581 -13.797951351, 32.862200227 -13.7983729, 32.862803759 -13.800598429, 32.862901512 -13.80307995, 32.864360369 -13.803595085, 32.866201091 -13.803566788, 32.867894552 -13.803603756, 32.870360463 -13.80313849, 32.872316907 -13.803409862, 32.874036596 -13.806131197, 32.875684933 -13.807357375, 32.876618165 -13.808957964, 32.877806779 -13.810111037, 32.878701012 -13.811923358, 32.878844707 -13.812416191, 32.879170575 -13.812852243, 32.879445301 -13.813591801, 32.879776991 -13.814699395, 32.881536389 -13.814490228, 32.883025347 -13.81381975, 32.885316443 -13.813599578, 32.886558099 -13.813598283, 32.887732745 -13.813964122, 32.889955397 -13.81558234, 32.890316437 -13.815986738, 32.891807985 -13.819575548, 32.892637705 -13.820988232, 32.892056332 -13.822115226, 32.892489132 -13.823868488, 32.893623782 -13.823881249, 32.894467198 -13.824239847, 32.895702199 -13.824041776, 32.896061988 -13.823883029, 32.896656569 -13.824450983, 32.902332376 -13.836334261, 32.902739258 -13.83727394, 32.90096252 -13.84104081, 32.901105088 -13.843860797, 32.901916225 -13.846719602, 32.904301072 -13.851227648, 32.908452357 -13.857734966, 32.909200503 -13.859970595, 32.909775292 -13.86299922, 32.910381554 -13.864085815, 32.911449448 -13.864246467, 32.91295756 -13.863978852, 32.916331155 -13.86521789, 32.917148481 -13.86578539, 32.91868693 -13.866865072, 32.919378494 -13.867910804, 32.918621584 -13.868745893, 32.918494159 -13.869111633, 32.922417107 -13.87058659, 32.923397201 -13.872065435, 32.923517786 -13.874438158, 32.923919081 -13.876393152, 32.924674967 -13.875617955, 32.925759749 -13.875124937, 32.927727567 -13.874842972, 32.929827724 -13.874038871, 32.93151166 -13.873203595, 32.931597363 -13.874703015, 32.934027618 -13.877445934, 32.935689628 -13.878682709, 32.938661602 -13.879217623, 32.940003232 -13.879328091, 32.941589387 -13.879781332, 32.942254604 -13.881070486, 32.942826404 -13.882495101, 32.943327676 -13.883134469, 32.944596191 -13.886041509, 32.944616122 -13.887381004, 32.944728338 -13.888160119, 32.943858846 -13.890475965, 32.943502033 -13.892163567, 32.943623615 -13.893316366, 32.943955549 -13.89415238, 32.945675824 -13.897158131, 32.950114863 -13.900502321, 32.951683104 -13.90286205, 32.953222675 -13.904248275, 32.953665845 -13.905634589, 32.953465976 -13.910341555, 32.952831545 -13.912005037, 32.95083579 -13.915344741, 32.947495555 -13.918621621, 32.946422137 -13.922169049, 32.945494025 -13.927152229, 32.945247606 -13.931650393, 32.945550327 -13.933438205, 32.948956124 -13.945904935, 32.94968 -13.946443172, 32.95064997 -13.946692891, 32.951330507 -13.946462228, 32.954467606 -13.94320311, 32.958216735 -13.941038629, 32.959829872 -13.940622944, 32.967041886 -13.941298142, 32.970344318 -13.940328004, 32.973206589 -13.940721938, 32.975777657 -13.940796588, 32.978717453 -13.941689279, 32.980455943 -13.942257672, 32.98225711 -13.942672863, 32.983733413 -13.943531759, 32.993555253 -13.947132903, 32.996937779 -13.949831599, 33.000385354 -13.950148935, 33.002968817 -13.953433929, 33.004044363 -13.955939662, 33.004539733 -13.960464132, 33.004143321 -13.962650159, 33.000849935 -13.968192623, 33.000197484 -13.969673561, 33.00084706 -13.971732314, 33.000738189 -13.977097836, 32.998063238 -13.984678354, 32.996666152 -13.985569014, 32.994865929 -13.987442338, 32.994681262 -13.988234057, 32.996602678 -13.991424746, 32.996951641 -13.99280084, 32.996763199 -13.994858253, 32.997030978 -13.997117408, 32.994391425 -14.002826931, 32.992867005 -14.006837445, 32.993173184 -14.008158975, 32.997143591 -14.010787352, 32.997814449 -14.011520713, 33.000200747 -14.019105142, 33.002361138 -14.023265099, 33.002590272 -14.023360777, 33.005012187 -14.023037478, 33.007002305 -14.023951748, 33.007866559 -14.024609834, 33.00981457 -14.025148047, 33.010385265 -14.025655029, 33.014134086 -14.027354951, 33.019175499 -14.031729031, 33.020169465 -14.033067793, 33.023462463 -14.036248449, 33.025903943 -14.038264466, 33.027479647 -14.039006549, 33.029959465 -14.041612769, 33.031987336 -14.04464643, 33.030771658 -14.046227006, 33.030624011 -14.046734405, 33.030742165 -14.047753695, 33.030698282 -14.04960487, 33.031044596 -14.050509435, 33.031216986 -14.051599439, 33.032109187 -14.054031469, 33.032259685 -14.054916726, 33.033018043 -14.055122611, 33.034124741 -14.054818698, 33.036857729 -14.053512668, 33.037487319 -14.053237632, 33.038080678 -14.053220217, 33.038578138 -14.052687879, 33.039353237 -14.050932935, 33.041126129 -14.04895312, 33.04190617 -14.048094777, 33.043469 -14.041810212, 33.045118221 -14.040321922, 33.05067993 -14.035759535, 33.051340703 -14.034034151, 33.059875392 -14.025451914, 33.064373917 -14.021628816, 33.064741637 -14.020925506, 33.063219574 -14.010151326, 33.06303471 -14.005901683, 33.062987828 -14.001355951, 33.0620172 -13.998621751, 33.062430474 -13.996397278, 33.063679043 -13.992984145, 33.067098174 -13.989728299, 33.069375247 -13.985787617, 33.07185155 -13.983095761, 33.075036375 -13.980809379, 33.077146269 -13.978554577, 33.079786603 -13.97532976, 33.086586975 -13.970159698, 33.097296722 -13.964719571, 33.101360043 -13.963246631, 33.102368182 -13.962302976, 33.103907013 -13.959975418, 33.105599269 -13.95855946, 33.107007712 -13.95783654, 33.110594476 -13.957646438, 33.111565672 -13.957845443, 33.114567449 -13.959499838, 33.116784979 -13.960155608, 33.128140597 -13.961209671, 33.132748753 -13.961076642, 33.133469249 -13.959984578, 33.135398767 -13.958056031, 33.136061111 -13.95674237, 33.136500006 -13.953974777, 33.136368407 -13.952999368, 33.140040384 -13.947354703, 33.1418312 -13.9458923, 33.143311752 -13.943210679, 33.145801042 -13.9404291, 33.146657007 -13.940084949, 33.149930604 -13.939868542, 33.150689421 -13.939971617, 33.152700464 -13.940038987, 33.153731199 -13.940032894, 33.154847633 -13.940977392, 33.155959829 -13.942305786, 33.158016518 -13.945589854, 33.158753695 -13.947003062, 33.1598977 -13.948237052, 33.16177253 -13.949674613, 33.162328875 -13.950832266, 33.162586241 -13.951498788, 33.163419335 -13.951793552, 33.163861616 -13.951569105, 33.164990763 -13.951509878, 33.166465297 -13.952908015, 33.167566748 -13.953734217, 33.168438998 -13.954112306, 33.174087137 -13.954771285, 33.177116734 -13.954693398, 33.179994077 -13.955735763, 33.182255285 -13.957576365, 33.183980816 -13.959151271, 33.184609468 -13.959419115, 33.185786811 -13.960473097, 33.185913126 -13.960934796, 33.187722142 -13.962355267, 33.188560781 -13.963409136, 33.190490405 -13.966764072, 33.191362201 -13.968605368, 33.191380186 -13.971048724, 33.191455637 -13.976462802, 33.192314309 -13.980150009, 33.193745923 -13.985302771, 33.195148058 -13.986921547, 33.199079004 -13.992399237, 33.199766817 -13.993585335, 33.200275875 -13.994376059, 33.203144505 -13.999182882, 33.205128291 -14.001261694, 33.206654038 -14.001928948, 33.208444566 -14.001882408, 33.213859419 -13.99989097, 33.217305176 -13.99924918, 33.219944077 -13.998079394, 33.221294783 -13.997983651, 33.224748774 -13.998668526, 33.227500984 -13.99848844, 33.231696073 -13.99718392, 33.233566931 -13.997129253, 33.241231194 -13.997786897, 33.242261231 -13.998286205, 33.243149635 -13.999039938, 33.243699174 -13.999864247, 33.244069919 -14.000036109, 33.245127389 -14.001513616, 33.246245736 -14.002251249, 33.247030958 -14.00308406, 33.248339662 -14.003607541, 33.248958321 -14.004368969, 33.249886311 -14.004821066, 33.250742917 -14.005177986, 33.252456129 -14.005059013, 33.253003405 -14.004749683, 33.253384119 -14.004725888, 33.253931395 -14.005130396, 33.25483559 -14.005249369, 33.255216304 -14.005653878, 33.255168715 -14.006296332, 33.255597018 -14.006867403, 33.256620186 -14.007224322, 33.257976479 -14.007961955, 33.258143041 -14.008747177, 33.257191257 -14.009556194, 33.256810543 -14.010365211, 33.256001526 -14.010698335, 33.255240098 -14.012649493, 33.254716617 -14.012887439, 33.254645233 -14.013553688, 33.254764206 -14.013886813, 33.25576358 -14.014100964, 33.255930142 -14.014672035, 33.255597018 -14.015243106, 33.255573223 -14.015837971, 33.255715991 -14.016171095, 33.256620186 -14.016361452, 33.257119873 -14.016861139, 33.258357192 -14.017194264, 33.258785495 -14.017646361, 33.258737906 -14.018431583, 33.258642728 -14.019407162, 33.259166209 -14.020239974, 33.259975226 -14.021048991, 33.261022189 -14.022262516, 33.261688438 -14.022667024, 33.262259508 -14.023499835, 33.26309232 -14.023595014, 33.263473034 -14.023999522, 33.263544417 -14.024856128, 33.264186872 -14.025546172, 33.265685932 -14.025665145, 33.265971468 -14.026212421, 33.26675669 -14.026712108, 33.267708474 -14.027925633, 33.268279545 -14.028306347, 33.268883333 -14.028321218, 33.26929379 -14.027892915, 33.269775631 -14.027107693, 33.270775005 -14.026715082, 33.271792224 -14.025305251, 33.271917146 -14.024109572, 33.272506062 -14.023574193, 33.273755279 -14.023538502, 33.275111572 -14.023360042, 33.275736181 -14.023770499, 33.276075254 -14.02425234, 33.276878322 -14.024484337, 33.278056155 -14.024377262, 33.278734302 -14.02416311, 33.279251834 -14.024216648, 33.279715829 -14.024734181, 33.280304746 -14.024716335, 33.281429041 -14.02332435, 33.282392723 -14.023199428, 33.282999485 -14.022753279, 33.284159473 -14.022771125, 33.284766235 -14.023574193, 33.28606899 -14.024305878, 33.286408063 -14.02491264, 33.287068364 -14.025233868, 33.287104056 -14.026286779, 33.286979134 -14.026964925, 33.287692972 -14.027660918, 33.288067737 -14.028303372, 33.288371119 -14.028678137, 33.288817268 -14.030070122, 33.28960249 -14.031087342, 33.289798795 -14.031658412, 33.290298482 -14.031926102, 33.291529853 -14.031872564, 33.292511381 -14.031819026, 33.293189527 -14.032175945, 33.29514589 -14.032276329, 33.295788345 -14.03287863, 33.296189879 -14.032771554, 33.296551259 -14.032115715, 33.297220483 -14.031968486, 33.298197549 -14.032236175, 33.298773081 -14.032169253, 33.299977683 -14.031714181, 33.300377909 -14.03212548, 33.300188449 -14.0325044, 33.299683222 -14.033030678, 33.299932905 -14.034083476, 33.299588366 -14.036519857, 33.299883685 -14.038931629, 33.300745032 -14.040801982, 33.300769642 -14.044444249, 33.302024748 -14.046462262, 33.302344677 -14.046757581, 33.303156804 -14.046831411, 33.304658008 -14.046856021, 33.305248646 -14.047249779, 33.305470135 -14.048726374, 33.305150207 -14.049292402, 33.303525952 -14.050399848, 33.301655599 -14.053131548, 33.301729429 -14.053796016, 33.301950918 -14.054066725, 33.302147797 -14.055715589, 33.302467726 -14.056798425, 33.303156804 -14.057585943, 33.304805668 -14.060268423, 33.305396306 -14.060859061, 33.306011554 -14.062483315, 33.306503752 -14.063172393, 33.307340489 -14.063443102, 33.307586588 -14.063664591, 33.307611198 -14.064452108, 33.307119 -14.065288845, 33.30714361 -14.065657994, 33.307783467 -14.066519341, 33.307783467 -14.067552957, 33.308078304 -14.067831709, 33.309579991 -14.068192815, 33.310441338 -14.069817069, 33.311031976 -14.070358487, 33.313345307 -14.070703026, 33.315068001 -14.071687422, 33.315707859 -14.072031961, 33.316052398 -14.072893308, 33.316643036 -14.073090187, 33.317135234 -14.073951534, 33.318070411 -14.074246853, 33.31836573 -14.074492952, 33.318611829 -14.076437135, 33.318021191 -14.077544582, 33.317676652 -14.079710254, 33.31821807 -14.080227062, 33.318808708 -14.080571601, 33.318980977 -14.081383728, 33.318882538 -14.082072805, 33.318980977 -14.082515784, 33.319251686 -14.082737273, 33.320309913 -14.082884933, 33.32119587 -14.083377131, 33.321811117 -14.08350018, 33.322229486 -14.084066208, 33.322229486 -14.084435357, 33.321491188 -14.085370534, 33.32097438 -14.085665853, 33.320186863 -14.087093228, 33.318587219 -14.089062021, 33.318587219 -14.090218686, 33.317184454 -14.0919906, 33.316421547 -14.092556628, 33.315683249 -14.092778117, 33.315117221 -14.093294925, 33.314871122 -14.094648471, 33.314772682 -14.095657477, 33.313985165 -14.096420384, 33.313689846 -14.096641874, 33.312779279 -14.096838753, 33.312459351 -14.097823149, 33.312434741 -14.098536837, 33.311228855 -14.099373574, 33.310810486 -14.100259531, 33.309210842 -14.101243927, 33.308767864 -14.101908395, 33.308620204 -14.102671302, 33.307291269 -14.10323733, 33.305420916 -14.10336038, 33.305076377 -14.103557259, 33.305027157 -14.105649102, 33.303919711 -14.106633498, 33.303993541 -14.108873, 33.304362689 -14.109685127, 33.30406737 -14.110915623, 33.30416581 -14.111210942, 33.304830278 -14.111506261, 33.305790064 -14.111850799, 33.3068729 -14.113499664, 33.306725241 -14.11438562, 33.306134603 -14.115739166, 33.306134603 -14.116748172, 33.306429922 -14.118249377, 33.306109993 -14.119898241, 33.306257653 -14.121620935, 33.305617795 -14.122703771, 33.305273256 -14.124894053, 33.304534959 -14.126222988, 33.303919711 -14.126616747, 33.303206024 -14.126690577, 33.302516946 -14.127010506, 33.301532549 -14.127084335, 33.301040351 -14.127699583, 33.30128645 -14.128733199, 33.301581769 -14.130185184, 33.302246237 -14.131169581, 33.302492336 -14.132523126, 33.302147797 -14.133409083, 33.301704819 -14.133950501, 33.300252834 -14.134368869, 33.299416097 -14.135525535, 33.298850069 -14.135796244, 33.298234821 -14.135993124, 33.297668793 -14.136411492, 33.297176595 -14.137420499, 33.297225815 -14.138035746, 33.297693403 -14.138872483, 33.297545744 -14.139463121, 33.296924343 -14.141201196, 33.296832056 -14.141773377, 33.296278333 -14.142124068, 33.296130674 -14.14240093, 33.296942801 -14.143822152, 33.297201205 -14.145612523, 33.297588811 -14.146184704, 33.298234821 -14.146793799, 33.298585512 -14.148215021, 33.299434554 -14.148879489, 33.300745032 -14.148861032, 33.30126184 -14.149414755, 33.301649447 -14.149968478, 33.30292301 -14.150485286, 33.303550562 -14.151186668, 33.303661307 -14.151518902, 33.303919711 -14.151740391, 33.304454977 -14.151740391, 33.305359391 -14.151352785, 33.306503752 -14.151352785, 33.306762156 -14.151481987, 33.30702056 -14.152423316, 33.307315879 -14.153881454, 33.308294123 -14.155081187, 33.308515612 -14.156188633, 33.309493856 -14.157296079, 33.309420026 -14.158255866, 33.309401569 -14.158828046, 33.309623058 -14.159049535, 33.309770718 -14.161430544, 33.309641516 -14.162888682, 33.309659973 -14.16397767, 33.310361356 -14.164789797, 33.310675132 -14.165288148, 33.310933536 -14.165288148, 33.31205944 -14.164217617, 33.313135447 -14.162677756, 33.314126672 -14.162316501, 33.315252576 -14.162316501, 33.315917043 -14.162833309, 33.316766085 -14.163036341, 33.317135234 -14.163774639, 33.318574914 -14.165214318, 33.319017892 -14.165934158, 33.320106881 -14.166081818, 33.320642146 -14.167853731, 33.320752891 -14.168075221, 33.322044911 -14.168352082, 33.32248789 -14.168813518, 33.322673618 -14.170227242, 33.32287665 -14.171205486, 33.323559575 -14.172054528, 33.323817979 -14.174195591, 33.323264256 -14.175247664, 33.323264256 -14.175949047, 33.323965638 -14.176816546, 33.32496234 -14.178219311, 33.326128104 -14.178296641, 33.327195689 -14.178293141, 33.329336752 -14.179419044, 33.330001219 -14.18067415, 33.330961006 -14.181818511, 33.331274782 -14.1829075, 33.332031537 -14.183368935, 33.3333051 -14.183590425, 33.334154142 -14.184291807, 33.334357174 -14.185768402, 33.334172599 -14.186395956, 33.334504833 -14.187023507, 33.335261588 -14.187466486, 33.33546462 -14.188684677, 33.334523291 -14.190308931, 33.333895738 -14.190567335, 33.333397387 -14.190714994, 33.333009781 -14.191305632, 33.332843664 -14.192671482, 33.3333051 -14.193778928, 33.333415845 -14.19621531, 33.33337893 -14.197175096, 33.334117227 -14.198097968, 33.334541748 -14.199353074, 33.33459712 -14.200054456, 33.335206216 -14.200718924, 33.335206216 -14.201863285, 33.336147545 -14.202767699, 33.337273448 -14.205259453, 33.337088874 -14.208415674, 33.338048661 -14.210003013, 33.338362437 -14.21081514, 33.339691372 -14.211479608, 33.340005149 -14.212051788, 33.340189723 -14.213546841, 33.340946478 -14.214654287, 33.341352541 -14.21513418, 33.341629403 -14.216555402, 33.341943179 -14.216961466, 33.342939881 -14.217090668, 33.34373355 -14.216610775, 33.345591477 -14.215893845, 33.346317591 -14.215761733, 33.347018974 -14.215632531, 33.349649158 -14.217887414, 33.350559725 -14.21897025, 33.351741001 -14.219683937, 33.354152772 -14.220446845, 33.354546531 -14.220668334, 33.355038729 -14.220692944, 33.355875466 -14.220299185, 33.357918089 -14.220225356, 33.358779436 -14.219880817, 33.359542343 -14.220176136, 33.360009931 -14.220815993, 33.36037908 -14.220889823, 33.360649789 -14.220692944, 33.360748229 -14.219683937, 33.361461916 -14.217345996, 33.361855675 -14.215869401, 33.36308617 -14.214958834, 33.36306156 -14.214220537, 33.362840071 -14.212522453, 33.36311078 -14.211341177, 33.363824468 -14.210824369, 33.364119787 -14.210233731, 33.364365886 -14.210061462, 33.364685815 -14.210061462, 33.365473332 -14.210873589, 33.367023756 -14.211021248, 33.36877106 -14.211095078, 33.369878506 -14.211464227, 33.370887513 -14.211291957, 33.371305881 -14.211464227, 33.371896519 -14.211981035, 33.372364107 -14.211882595, 33.373727332 -14.211050558, 33.374825099 -14.210873589, 33.376055594 -14.211070468, 33.376916941 -14.211759546, 33.377696056 -14.212822871, 33.379035208 -14.214076545, 33.379946972 -14.216014043, 33.380060942 -14.21652691, 33.380431346 -14.217011284, 33.38157105 -14.217467166, 33.384249356 -14.219119737, 33.38473373 -14.219290693, 33.385075641 -14.219746574, 33.385075641 -14.220544367, 33.385588508 -14.221370653, 33.385673986 -14.221912013, 33.38473373 -14.223792525, 33.384334833 -14.225445096, 33.383280607 -14.226641785, 33.382568292 -14.228094908, 33.381827484 -14.228607775, 33.38145708 -14.229348583, 33.381628036 -14.23040281, 33.38276774 -14.232197844, 33.383337592 -14.234363282, 33.383878952 -14.235531479, 33.383252114 -14.237098573, 33.383280607 -14.238095814, 33.384363326 -14.239235518, 33.385560015 -14.239833863, 33.38604439 -14.240574671, 33.386870675 -14.240774119, 33.388106041 -14.240796602, 33.388523247 -14.240717134, 33.389121591 -14.240175774, 33.389491995 -14.240318237, 33.391457985 -14.243908306, 33.391771404 -14.245019518, 33.392341256 -14.246871537, 33.392512212 -14.247783301, 33.393167542 -14.248438631, 33.393423975 -14.249407379, 33.393765887 -14.249806276, 33.394050813 -14.250632561, 33.394734635 -14.25105995, 33.39521901 -14.25105995, 33.397550298 -14.251935504, 33.398980034 -14.253139911, 33.399435916 -14.254536049, 33.399720842 -14.257299832, 33.399891797 -14.258382551, 33.399749334 -14.259294314, 33.399948782 -14.259636225, 33.400376172 -14.259892659, 33.401629846 -14.259750196, 33.401914772 -14.259864166, 33.402057235 -14.260377033, 33.401772908 -14.261635502, 33.402085728 -14.262570964, 33.402940506 -14.263568205, 33.403111462 -14.265306254, 33.403766792 -14.266702392, 33.403909255 -14.267728126, 33.405134437 -14.269551653, 33.40516293 -14.270862313, 33.404764033 -14.271631613, 33.404878004 -14.27214448, 33.405761274 -14.273284185, 33.405960723 -14.273711574, 33.406074693 -14.275107712, 33.407328368 -14.276959731, 33.408696013 -14.279011199, 33.409949688 -14.280093918, 33.411516781 -14.280749248, 33.412343067 -14.281547041, 33.41391016 -14.281917445, 33.415505746 -14.281917445, 33.416161076 -14.282316341, 33.416559973 -14.28339906, 33.416787914 -14.28382645, 33.418212544 -14.284766706, 33.418525963 -14.285536006, 33.419295263 -14.288755671, 33.419466219 -14.289610449, 33.420491953 -14.290408242, 33.421061805 -14.29322901, 33.421574672 -14.294596655, 33.422514928 -14.296163749, 33.422230002 -14.297274961, 33.422087539 -14.29781632, 33.422144524 -14.299212458, 33.422087539 -14.299639847, 33.422639743 -14.300419392, 33.423232943 -14.301085826, 33.423599115 -14.301669261, 33.424270432 -14.3023479, 33.424578016 -14.303702739, 33.42630391 -14.306529591, 33.42799214 -14.307531692, 33.428483311 -14.310022301, 33.429316122 -14.3122352, 33.430648621 -14.314210152, 33.431695583 -14.315304704, 33.43193353 -14.315828186, 33.433075671 -14.316185105, 33.433028082 -14.316946533, 33.432219065 -14.317945906, 33.432122375 -14.319147343, 33.432449807 -14.319603267, 33.434217812 -14.320491929, 33.434550937 -14.320777465, 33.435431337 -14.320825054, 33.436430711 -14.320420546, 33.437168344 -14.320634697, 33.438215307 -14.321872017, 33.439381242 -14.322276525, 33.440737535 -14.323846969, 33.441046865 -14.325084289, 33.44195106 -14.326369198, 33.442926639 -14.327083036, 33.443402532 -14.327844464, 33.44411637 -14.32808241, 33.444854003 -14.328129999, 33.445115743 -14.328415535, 33.445115743 -14.328772454, 33.444877797 -14.329272141, 33.445377484 -14.329867006, 33.44592476 -14.330461871, 33.44592476 -14.332079905, 33.444806414 -14.333840706, 33.444806414 -14.334411776, 33.44566302 -14.33510182, 33.445972349 -14.33660088, 33.446115117 -14.338385476, 33.446162706 -14.339551412, 33.446900339 -14.340193867, 33.447209669 -14.340979089, 33.447376231 -14.341573954, 33.449303595 -14.343882031, 33.451159574 -14.347760553, 33.451397521 -14.348046088, 33.45144511 -14.349188229, 33.450802655 -14.351020414, 33.450993012 -14.351900815, 33.451897207 -14.352995367, 33.451730645 -14.353614027, 33.450469531 -14.354589606, 33.449850871 -14.355041703, 33.449446363 -14.356041077, 33.449398773 -14.35646938, 33.448494578 -14.358135003, 33.448212464 -14.360448856, 33.447875918 -14.361609016, 33.447875918 -14.362084908, 33.449541541 -14.365273386, 33.450707477 -14.365749278, 33.452135153 -14.36622517, 33.452587251 -14.3665345, 33.453420062 -14.367533873, 33.454871534 -14.368866372, 33.457036843 -14.370079897, 33.457726887 -14.370650967, 33.457941038 -14.37169793, 33.458202779 -14.372578331, 33.459225947 -14.373958418, 33.459844607 -14.376028549, 33.460772597 -14.377551404, 33.461129516 -14.378931492, 33.461938533 -14.380335374, 33.463485182 -14.381477515, 33.464389378 -14.38176305, 33.464960448 -14.382167559, 33.465864643 -14.382191353, 33.466421822 -14.381958136, 33.467673034 -14.38181064, 33.468006158 -14.381882023, 33.468172721 -14.382310326, 33.468125131 -14.38269104, 33.467625445 -14.383071754, 33.467220936 -14.383952154, 33.467387498 -14.384689787, 33.468101337 -14.385641572, 33.468363078 -14.386521972, 33.468505845 -14.387878265, 33.469029327 -14.388592103, 33.470385619 -14.389615272, 33.470718744 -14.390281521, 33.471503966 -14.391161921, 33.471432582 -14.39549254, 33.470885306 -14.396634682, 33.470909101 -14.397610261, 33.471337404 -14.398799991, 33.471361198 -14.399228294, 33.470790128 -14.400132489, 33.470171468 -14.40070356, 33.470171468 -14.400989095, 33.470409414 -14.401250836, 33.471956064 -14.401393604, 33.472717491 -14.401702934, 33.4740024 -14.402987842, 33.474763828 -14.403320967, 33.476001147 -14.403820654, 33.476596013 -14.404272751, 33.477000521 -14.404391724, 33.478451992 -14.404034805, 33.47921342 -14.404082395, 33.479689312 -14.404582081, 33.480284177 -14.405176947, 33.482116362 -14.406152526, 33.483710601 -14.406438061, 33.484400645 -14.406652212, 33.48530484 -14.406414266, 33.485971089 -14.406057347, 33.487755685 -14.406009758, 33.489040594 -14.406438061, 33.489968583 -14.406533239, 33.491253492 -14.407151899, 33.493109472 -14.4089127, 33.494275408 -14.409507566, 33.495036835 -14.40984069, 33.49625036 -14.410744885, 33.496821431 -14.411339751, 33.497202145 -14.411530107, 33.497939778 -14.412410508, 33.499843347 -14.413124346, 33.500462006 -14.413671622, 33.501175845 -14.414956531, 33.501746915 -14.415503807, 33.502032451 -14.417002868, 33.502579727 -14.417930858, 33.502817673 -14.418573312, 33.503674279 -14.41871608, 33.505649231 -14.418430544, 33.506957935 -14.418168804, 33.507719363 -14.418335366, 33.50848079 -14.41902541, 33.509503958 -14.419715453, 33.51028918 -14.420334113, 33.511645473 -14.420453086, 33.512026187 -14.420928978, 33.512097571 -14.421714201, 33.511812035 -14.42295152, 33.51183583 -14.423284645, 33.512502079 -14.423855716, 33.513096944 -14.423950894, 33.514239086 -14.423712948, 33.515690557 -14.422523217, 33.516618547 -14.422428039, 33.51735618 -14.422808753, 33.517689304 -14.423046699, 33.518093813 -14.423046699, 33.51978323 -14.421999736, 33.521377469 -14.421357281, 33.522138896 -14.421000362, 33.5234476 -14.420738622, 33.524423179 -14.419786837, 33.526136391 -14.419239561, 33.5274213 -14.41928715, 33.528444468 -14.419739248, 33.529039333 -14.420500675, 33.529301074 -14.421285898, 33.530633572 -14.422023531, 33.53134741 -14.423831921, 33.532108838 -14.424379197, 33.533488925 -14.424688527, 33.534297942 -14.425235803, 33.534775267 -14.426086959, 33.535083164 -14.426949015, 33.536130127 -14.428114951, 33.538438204 -14.429185708, 33.539818292 -14.429804368, 33.540627308 -14.430494412, 33.540889049 -14.431184455, 33.541936012 -14.431993472, 33.542554672 -14.432160034, 33.543054358 -14.432540748, 33.543435072 -14.433397354, 33.543982348 -14.433897041, 33.544886543 -14.434230165, 33.54538623 -14.434825031, 33.54600489 -14.436585832, 33.547051853 -14.437751768, 33.547123237 -14.439131855, 33.546813907 -14.439798104, 33.546980469 -14.440535737, 33.547599129 -14.441487522, 33.547456361 -14.442106181, 33.547075648 -14.442605868, 33.547147031 -14.443319707, 33.548075021 -14.444461848, 33.549217162 -14.445223275, 33.549597876 -14.446508184, 33.550073768 -14.447198228, 33.55121591 -14.447578942, 33.551858364 -14.448197602, 33.551905953 -14.449173181, 33.552477024 -14.450172554, 33.552976711 -14.451267106, 33.553048095 -14.454003486, 33.552643586 -14.458334105, 33.552905327 -14.459262095, 33.553666755 -14.459975934, 33.554642334 -14.460261469, 33.555903448 -14.460404237, 33.556236572 -14.460713566, 33.55637934 -14.461165664, 33.556950411 -14.461617762, 33.557854606 -14.461903297, 33.559044336 -14.462617135, 33.559996121 -14.463711687, 33.559924737 -14.464520704, 33.559567818 -14.464687266, 33.559353666 -14.465401105, 33.559544023 -14.466424273, 33.559758175 -14.467780566, 33.559781969 -14.468494404, 33.560519602 -14.46935101, 33.560495808 -14.470279, 33.56035304 -14.471111811, 33.559686791 -14.47208739, 33.55911572 -14.472182569, 33.558616033 -14.472753639, 33.55854465 -14.473205737, 33.559187104 -14.474728592, 33.560733754 -14.475775555, 33.561685538 -14.476584571, 33.561994868 -14.47760774, 33.562113841 -14.478297783, 33.562494555 -14.478630908, 33.564136383 -14.478749881, 33.56432674 -14.479130595, 33.56525473 -14.479487514, 33.565587854 -14.480010995, 33.565635443 -14.481081753, 33.565754416 -14.481367288, 33.56613513 -14.48153385, 33.567116184 -14.481094045, 33.568472477 -14.481165429, 33.56951944 -14.4817365, 33.57163716 -14.481855473, 33.572398588 -14.481760294, 33.57287448 -14.481498554, 33.573731086 -14.480451591, 33.574278362 -14.480047083, 33.574849433 -14.479999493, 33.575372914 -14.480166056, 33.576253315 -14.480951278, 33.579132462 -14.480998867, 33.579774917 -14.480832305, 33.580464961 -14.479785342, 33.581012237 -14.479547396, 33.58170228 -14.47961878, 33.58201161 -14.479904315, 33.582582681 -14.480094672, 33.584414866 -14.479856726, 33.58505732 -14.480047083, 33.58598531 -14.481236813, 33.5877937 -14.481903062, 33.589364145 -14.48142717, 33.590601464 -14.481522348, 33.591220124 -14.481760294, 33.592409855 -14.482950025, 33.593813737 -14.483568685, 33.594432397 -14.48478221, 33.595217619 -14.48540087, 33.595788689 -14.486067119, 33.596264582 -14.48628127, 33.597501901 -14.486138503, 33.598667837 -14.485733994, 33.599857568 -14.484877388, 33.600428638 -14.484877388, 33.600904531 -14.485186718, 33.601213861 -14.485781584, 33.603046046 -14.487923098, 33.604045419 -14.488708321, 33.604806847 -14.489707694, 33.604949614 -14.490183586, 33.605830015 -14.490921219, 33.606948362 -14.491301933, 33.607900146 -14.49211095, 33.608661574 -14.493395859, 33.609042287 -14.495632552, 33.608875725 -14.496156034, 33.608090503 -14.496750899, 33.607828762 -14.497179202, 33.607614611 -14.498844824, 33.607876351 -14.499986966, 33.609185055 -14.501795356, 33.609637153 -14.503437184, 33.609756126 -14.50522178, 33.610232018 -14.506268743, 33.610636526 -14.5064591, 33.612992193 -14.506625662, 33.613991566 -14.507006376, 33.614776788 -14.507767803, 33.615371654 -14.508909945, 33.615990313 -14.510932486, 33.617394195 -14.513264358, 33.617989061 -14.514549267, 33.61865531 -14.515334489, 33.618940845 -14.516381452, 33.619488121 -14.517000112, 33.6195833 -14.518047075, 33.619250175 -14.519022654, 33.61922638 -14.519593724, 33.619916424 -14.520950017, 33.621177538 -14.521949391, 33.621344101 -14.523139121, 33.621653431 -14.523519835, 33.622057939 -14.523686397, 33.623081107 -14.523258094, 33.623485616 -14.523305684, 33.623842535 -14.523710192, 33.624389811 -14.527041437, 33.624841908 -14.528183579, 33.624913292 -14.528826033, 33.627007218 -14.531467235, 33.626745477 -14.533228036, 33.626959629 -14.53448915, 33.627364137 -14.535678881, 33.627364137 -14.537796601, 33.626650299 -14.53939084, 33.625412979 -14.540604365, 33.625008471 -14.541532355, 33.624175659 -14.542151015, 33.623556999 -14.543102799, 33.623104902 -14.543483513, 33.62231968 -14.5448636, 33.621938966 -14.546529223, 33.622034144 -14.548742122, 33.621534458 -14.549884263, 33.621510663 -14.551050199, 33.62227209 -14.55219234, 33.622050294 -14.554649516, 33.622537338 -14.554909642, 33.622598219 -14.555457567, 33.622066897 -14.558252537, 33.622183124 -14.559254298, 33.622365766 -14.559575304, 33.622825137 -14.559514424, 33.623223628 -14.559940587, 33.623339855 -14.560554927, 33.622935829 -14.561246751, 33.623411804 -14.56181128, 33.623833691 -14.563194075, 33.623860437 -14.564413966, 33.624446837 -14.565247072, 33.625187786 -14.566005001, 33.625274769 -14.566487426, 33.626420166 -14.5682196, 33.627458615 -14.568991472, 33.629551017 -14.570728127, 33.630092184 -14.570977237, 33.631167859 -14.570989557, 33.631639433 -14.570264838, 33.63191075 -14.570456369, 33.631707315 -14.571082387, 33.632220291 -14.572427189, 33.632787221 -14.573316979, 33.632756399 -14.573560287, 33.633337986 -14.575299707, 33.63347284 -14.577708422, 33.633199156 -14.579136368, 33.633294015 -14.579726411, 33.633198321 -14.581262812, 33.633737733 -14.583432166, 33.633825763 -14.584866813, 33.633665663 -14.585291421, 33.634240536 -14.587151747, 33.634835541 -14.587669542, 33.635540412 -14.587945823, 33.637461176 -14.589664583, 33.638128507 -14.589815171, 33.638793879 -14.589297247, 33.639108042 -14.589242717, 33.639381678 -14.589401388, 33.639899961 -14.590374435, 33.640436305 -14.590550043, 33.641254459 -14.590407464, 33.642245843 -14.590672849, 33.643106059 -14.591313942, 33.644767475 -14.59344522, 33.645860615 -14.594318963, 33.646517636 -14.595118492, 33.647765749 -14.595588697, 33.650060785 -14.595769438, 33.651700582 -14.596659756, 33.651965918 -14.597039171, 33.652788616 -14.600004107, 33.652750043 -14.600395913, 33.652907403 -14.600822433, 33.653571138 -14.601501056, 33.654083737 -14.601587601, 33.654393322 -14.601481896, 33.657020654 -14.602163495, 33.658106399 -14.601994457, 33.660278627 -14.602213267, 33.662143474 -14.60322862, 33.662841023 -14.603814946, 33.664311252 -14.604142278, 33.664861875 -14.60390926, 33.666175662 -14.604016268, 33.666855635 -14.604954778, 33.667324663 -14.606200222, 33.666586354 -14.607274493, 33.666697707 -14.609616472, 33.666594927 -14.610505428, 33.665131033 -14.615774534, 33.66860777 -14.616231791, 33.669095952 -14.616045401, 33.6707893 -14.616318815, 33.67140796 -14.616176047, 33.672169388 -14.615628771, 33.673192556 -14.615700155, 33.674920706 -14.616628992, 33.675752106 -14.616595287, 33.676768573 -14.616337667, 33.677148598 -14.616549068, 33.679286699 -14.615974929, 33.679341081 -14.615681463, 33.679196598 -14.615085375, 33.679444226 -14.614581041, 33.680373589 -14.614074785, 33.681004234 -14.613932866, 33.681950572 -14.614243382, 33.683443809 -14.614102892, 33.684477486 -14.613704552, 33.685195535 -14.613226789, 33.684953755 -14.61230731, 33.685033648 -14.611652384, 33.685208949 -14.611515256, 33.685415007 -14.610761809, 33.685872362 -14.610328818, 33.685661713 -14.609561368, 33.68597312 -14.608398337, 33.687160051 -14.606460366, 33.68740731 -14.605677589, 33.688309691 -14.604908933, 33.689858587 -14.603979802, 33.691165352 -14.603812379, 33.691286205 -14.603595705, 33.690121159 -14.602270899, 33.690890045 -14.600930995, 33.690827102 -14.599463249, 33.691178603 -14.597435562, 33.691422935 -14.596874785, 33.691387341 -14.595947882, 33.69076987 -14.59484585, 33.691499442 -14.592850959, 33.691486436 -14.592274503, 33.691734976 -14.591486459, 33.692645417 -14.590964642, 33.693112846 -14.590840201, 33.693400217 -14.591152399, 33.693721033 -14.591093859, 33.694323604 -14.591323934, 33.694854023 -14.591080621, 33.696465236 -14.589848747, 33.698366325 -14.589157908, 33.698799619 -14.58912708, 33.699103663 -14.588851672, 33.699539825 -14.587876672, 33.700545666 -14.586987762, 33.700937071 -14.586052071, 33.702031623 -14.585362027, 33.704006576 -14.583862967, 33.705362869 -14.583220512, 33.705862555 -14.582459085, 33.70769474 -14.579294401, 33.708242016 -14.57784293, 33.708741703 -14.57758119, 33.709407952 -14.57758119, 33.710097996 -14.578080876, 33.71078804 -14.578532974, 33.711573262 -14.578414001, 33.712334689 -14.578057082, 33.712762992 -14.578057082, 33.714904507 -14.57908025, 33.71657013 -14.579246812, 33.717117406 -14.579056455, 33.717712271 -14.578437796, 33.717997806 -14.577866725, 33.718164369 -14.576272486, 33.718426109 -14.575701415, 33.718473699 -14.574892399, 33.717855039 -14.572846062, 33.716784281 -14.571703921, 33.716546335 -14.571085261, 33.716593924 -14.568515443, 33.716355978 -14.567991962, 33.71533281 -14.567040177, 33.714357231 -14.56684982, 33.713357858 -14.56596942, 33.712953349 -14.56504143, 33.712501252 -14.563827905, 33.71074045 -14.561876747, 33.709764871 -14.56013974, 33.709193801 -14.559354518, 33.709146212 -14.558783448, 33.709312774 -14.558259966, 33.708664148 -14.555303383, 33.70728161 -14.552586009, 33.706970552 -14.551577946, 33.705758071 -14.549468212, 33.704696619 -14.54614851, 33.704313984 -14.544064219, 33.702888229 -14.540913695, 33.702793051 -14.538272494, 33.702674078 -14.53727312, 33.703245148 -14.536321336, 33.705434252 -14.534893659, 33.70619568 -14.53422741, 33.706290858 -14.533846696, 33.706879261 -14.533574838, 33.707854138 -14.530833434, 33.70824329 -14.53056488, 33.708851411 -14.530402727, 33.709400847 -14.530751151, 33.709915115 -14.531287929, 33.710843465 -14.531092226, 33.710972694 -14.529614981, 33.709699055 -14.528450697, 33.709866741 -14.526862358, 33.710977469 -14.524338816, 33.710566791 -14.521477423, 33.710560459 -14.519509233, 33.711056452 -14.518217036, 33.711816443 -14.517074664, 33.711426619 -14.51480821, 33.710626747 -14.513439082, 33.710032194 -14.512730357, 33.709575777 -14.51127854, 33.709218421 -14.510964603, 33.710127662 -14.508535463, 33.711324672 -14.506884555, 33.713109115 -14.505110305, 33.714546694 -14.504248322, 33.715374571 -14.503056443, 33.715645187 -14.502137078, 33.716263669 -14.501343661, 33.717990055 -14.501074412, 33.718935971 -14.501396387, 33.722334221 -14.500626474, 33.723618804 -14.500613329, 33.725184617 -14.500000184, 33.725806472 -14.499600905, 33.727128679 -14.499072203, 33.727230232 -14.498659171, 33.727754488 -14.498520894, 33.731121024 -14.498650347, 33.73347393 -14.499141083, 33.735163525 -14.499791851, 33.735866792 -14.499695897, 33.737120993 -14.500123538, 33.73865276 -14.499830126, 33.739593223 -14.500128961, 33.740465222 -14.501023468, 33.74237566 -14.506150596, 33.744336885 -14.508297813, 33.745087018 -14.50968796, 33.746103233 -14.510856938, 33.747444298 -14.511611047, 33.750353965 -14.512692313, 33.751339921 -14.513395241, 33.751716134 -14.514991987, 33.753197423 -14.517396307, 33.755222902 -14.51953595, 33.755878762 -14.520040649, 33.759659634 -14.520388249, 33.76005499 -14.520230423, 33.760938513 -14.519401335, 33.762000466 -14.519160738, 33.763052141 -14.519868277, 33.763557002 -14.520533945, 33.765050029 -14.523389009, 33.765917783 -14.52470863, 33.769668072 -14.528851274, 33.770412088 -14.53044757, 33.770882445 -14.531072301, 33.773865617 -14.532760954, 33.774307505 -14.532821724, 33.775484455 -14.532204049, 33.776292853 -14.53149924, 33.777270482 -14.530921849, 33.778214815 -14.530751777, 33.779079319 -14.530770427, 33.78749335 -14.535397061, 33.794214186 -14.538705627, 33.795366727 -14.539758981, 33.797719047 -14.543279462, 33.798703433 -14.545975241, 33.799053235 -14.547518979, 33.799046982 -14.551246136, 33.800070572 -14.551826692, 33.801484833 -14.551877, 33.802410964 -14.55164016, 33.80437978 -14.550372349, 33.805285091 -14.55006991, 33.813223809 -14.549673871, 33.814016989 -14.54970297, 33.822751831 -14.546180752, 33.823697535 -14.546080825, 33.824342895 -14.545824124, 33.825853136 -14.544080942, 33.826578128 -14.542893061, 33.827074272 -14.54211171, 33.827313649 -14.541148407, 33.830107274 -14.539466288, 33.830618287 -14.539236675, 33.83066526 -14.539040081, 33.831881178 -14.538657948, 33.832163316 -14.538098714, 33.832420089 -14.536513583, 33.832206768 -14.536405257, 33.832743012 -14.535369675, 33.833544763 -14.534425815, 33.833848715 -14.534549244, 33.834229792 -14.533475153, 33.834299359 -14.533055189, 33.834697415 -14.53255405, 33.835861586 -14.531671129, 33.83732655 -14.530018016, 33.838345337 -14.527188659, 33.838997573 -14.526348593, 33.842025062 -14.524005075, 33.843541138 -14.52341295, 33.844877454 -14.522690916, 33.847235057 -14.520352909, 33.849490065 -14.518613433, 33.851902191 -14.516506838, 33.85520675 -14.51430531, 33.857812577 -14.511501539, 33.858648696 -14.511273104, 33.86216507 -14.512333921, 33.864344624 -14.512215516, 33.866108137 -14.512293752, 33.866941968 -14.513026271, 33.867897335 -14.514759946, 33.869303621 -14.516381707, 33.874056628 -14.519984745, 33.876337696 -14.520677019, 33.877379381 -14.520677466, 33.87846462 -14.519934311, 33.87936169 -14.518846201, 33.880617906 -14.517974115, 33.885653952 -14.516252978, 33.885760063 -14.515912043, 33.88283577 -14.507594257, 33.882438551 -14.502774817, 33.882995889 -14.500054882, 33.883640364 -14.499382335, 33.887801103 -14.497301286, 33.888848592 -14.496598373, 33.893094796 -14.492991491, 33.895057814 -14.491669191, 33.896228624 -14.490487372, 33.897229913 -14.489451217, 33.899111605 -14.488142467, 33.901295798 -14.487030886, 33.902299106 -14.486077154, 33.902768504 -14.485822109, 33.903229059 -14.485761643, 33.90536637 -14.486540116, 33.906186964 -14.486646718, 33.907535974 -14.485873055, 33.90902716 -14.484521145, 33.910291594 -14.48246006, 33.910996811 -14.480135648, 33.911648589 -14.478934914, 33.912583555 -14.47767002, 33.913327068 -14.47736506, 33.915324008 -14.477569454, 33.917215948 -14.479282847, 33.919855352 -14.480556977, 33.920771135 -14.480888217, 33.922071371 -14.482397498, 33.923354229 -14.483410996, 33.925473005 -14.478645566, 33.927286831 -14.475392318, 33.930088466 -14.473672819, 33.931239798 -14.472978068, 33.932020582 -14.472884053, 33.933073421 -14.472499261, 33.934181279 -14.471482839, 33.935893305 -14.470456295, 33.938366873 -14.472767435, 33.938929692 -14.473605233, 33.939377219 -14.473711041, 33.940125114 -14.474532503, 33.940414838 -14.475155501, 33.940856351 -14.475172478, 33.94174834 -14.476484171, 33.941928248 -14.477859687, 33.942149796 -14.4781142, 33.942239333 -14.478599727, 33.941717535 -14.479101877, 33.940335131 -14.479498891, 33.940358736 -14.479598645, 34.086925809 -14.489468983, 34.084882465 -14.458609698, 34.112830143 -14.451717164, 34.187309804 -14.43814696, 34.190473565 -14.440203644, 34.191514936 -14.440516839, 34.193139633 -14.440015728, 34.194521603 -14.43962032, 34.196111065 -14.439643809, 34.199908548 -14.440368071, 34.204164077 -14.440642117, 34.20684972 -14.441656084, 34.207785388 -14.442266813, 34.210271369 -14.442274643, 34.211946959 -14.441738297, 34.212586207 -14.441860421, 34.214878905 -14.441139123, 34.21862708 -14.439232835, 34.222450277 -14.436908501, 34.223973287 -14.436786556, 34.224135654 -14.436594905, 34.223615039 -14.433161424, 34.223321609 -14.432164321, 34.223672645 -14.431297508, 34.225814301 -14.429649873, 34.227456472 -14.428706472, 34.22825766 -14.428946374, 34.229847685 -14.429690742, 34.230998129 -14.428927517, 34.232291851 -14.428164177, 34.233708531 -14.42670096, 34.233835708 -14.426322121, 34.233668968 -14.425899283, 34.233868343 -14.425258487, 34.234186276 -14.425010397, 34.234963526 -14.424900573, 34.235497251 -14.424989112, 34.238117159 -14.424929233, 34.239604031 -14.425031684, 34.242822771 -14.425942486, 34.246548616 -14.427123178, 34.248771318 -14.427625268, 34.252395726 -14.429337759, 34.253470507 -14.430081364, 34.256948262 -14.431265787, 34.260460689 -14.432056358, 34.261649849 -14.431977081, 34.266393277 -14.430631568, 34.270551909 -14.427911488, 34.273202629 -14.425727143, 34.274338451 -14.42424932, 34.276656897 -14.42024228, 34.277733122 -14.416390138, 34.279148528 -14.412878272, 34.279360222 -14.412621041, 34.287392934 -14.409728285, 34.290419644 -14.407981595, 34.294018154 -14.404411931, 34.295180432 -14.403072525, 34.298757789 -14.400040681, 34.300039628 -14.399219655, 34.301872095 -14.398511491, 34.302380466 -14.398563548, 34.303664844 -14.39913591, 34.308342949 -14.404656195, 34.309764503 -14.405902331, 34.310849655 -14.406174525, 34.312546729 -14.406056392, 34.316442941 -14.404855857, 34.318008913 -14.403857549, 34.325912487 -14.399932355, 34.329992681 -14.399236323, 34.3325115 -14.398663864, 34.338913826 -14.39903134, 34.34245435 -14.398878807, 34.344788393 -14.398369712, 34.346209959 -14.397775869, 34.348133588 -14.396427991, 34.348453261 -14.395947221, 34.34918576 -14.392937728, 34.349569499 -14.392013442, 34.350335938 -14.391064917, 34.355638417 -14.387209651, 34.356569622 -14.386694188, 34.357550665 -14.38636803, 34.358681863 -14.38627099, 34.359887386 -14.386516077, 34.362914296 -14.387787874, 34.365172107 -14.387953039, 34.368170918 -14.387525049, 34.36941736 -14.387502369, 34.37029121 -14.387675263, 34.371365053 -14.388266579, 34.372410296 -14.389509229, 34.373650611 -14.393096959, 34.374227213 -14.394305523, 34.375127908 -14.395457779, 34.376005305 -14.396171475, 34.37702054 -14.396730724, 34.378135856 -14.397107332, 34.384905656 -14.397453876, 34.386602814 -14.396942992, 34.389270756 -14.395320307, 34.391009067 -14.394764111, 34.391938447 -14.394873181, 34.392890018 -14.395314695, 34.393855011 -14.396245891, 34.394244573 -14.397080801, 34.394373473 -14.397867297, 34.393888364 -14.401049832, 34.39386741 -14.402835827, 34.394250351 -14.404630347, 34.39578212 -14.407773825, 34.396542128 -14.409062368, 34.399997678 -14.412923857, 34.40071266 -14.414230977, 34.402811751 -14.419179569, 34.403856138 -14.42058498, 34.405550367 -14.422029071, 34.411832165 -14.425244753, 34.416633884 -14.429401021, 34.420382348 -14.432962062, 34.420855369 -14.433943803, 34.421016017 -14.43488092, 34.420828726 -14.436098759, 34.420227061 -14.438389715, 34.420257916 -14.439415632, 34.420743876 -14.440811805, 34.422093767 -14.442231118, 34.423705922 -14.44362729, 34.424415579 -14.444992609, 34.424523569 -14.446589336, 34.424500429 -14.448803156, 34.42515609 -14.450932126, 34.429529735 -14.459787408, 34.430979903 -14.461630972, 34.432746331 -14.462973149, 34.435646667 -14.464400176, 34.436911707 -14.465372098, 34.442627529 -14.47235296, 34.446384082 -14.477127716, 34.447934528 -14.480298029, 34.448682753 -14.48339892, 34.450830757 -14.497392716, 34.451403411 -14.499485813, 34.451811937 -14.500322015, 34.456462 -14.506658457, 34.457817186 -14.508681205, 34.460009735 -14.511053672, 34.461088999 -14.512624046, 34.463976497 -14.518479739, 34.46534342 -14.520306852, 34.470725305 -14.524878069, 34.474377502 -14.531337049, 34.475339817 -14.532563107, 34.477818584 -14.534299623, 34.479170114 -14.534879961, 34.481840471 -14.535373849, 34.485220608 -14.535373956, 34.486174198 -14.535575177, 34.493521269 -14.539750979, 34.494288206 -14.540626138, 34.494679367 -14.54134101, 34.494926274 -14.542346089, 34.494701973 -14.544252651, 34.494336478 -14.546295986, 34.494300234 -14.546676649, 34.496823817 -14.552520344, 34.497408316 -14.553214796, 34.498535236 -14.553825483, 34.499738931 -14.553896023, 34.504078152 -14.552999767, 34.511337966 -14.552520653, 34.513539716 -14.553412732, 34.515365167 -14.554305008, 34.516328774 -14.555500725, 34.518220819 -14.559791238, 34.524527568 -14.567536634, 34.525120495 -14.568936563, 34.526400142 -14.576174835, 34.52700582 -14.57812087, 34.529223989 -14.582888512, 34.530199318 -14.583851337, 34.53146736 -14.584524948, 34.533575459 -14.585089256, 34.534788369 -14.586052081, 34.538152006 -14.591591453, 34.538650485 -14.593262146, 34.538939772 -14.596455597, 34.53955248 -14.597788079, 34.540635658 -14.599117435, 34.541838408 -14.600503059, 34.542890176 -14.603162823, 34.54368969 -14.605773403, 34.543632418 -14.607070498, 34.543148196 -14.608283426, 34.541860237 -14.610089182, 34.541692594 -14.611612799, 34.541804327 -14.615795919, 34.542302628 -14.61712352, 34.543875822 -14.619019537, 34.544353247 -14.6201868, 34.544934424 -14.625763599, 34.544539321 -14.626984666, 34.542973381 -14.6291661, 34.542478386 -14.63217165, 34.542527704 -14.633715847, 34.543273268 -14.635439086, 34.544018833 -14.636437861, 34.545826475 -14.637802385, 34.548695844 -14.63975101, 34.549640017 -14.640829361, 34.550348243 -14.642039086, 34.551563935 -14.646375621, 34.551450461 -14.647933203, 34.550735816 -14.649099874, 34.547489425 -14.652792086, 34.545892129 -14.654933256, 34.544687952 -14.655633749, 34.542239325 -14.656561069, 34.541420017 -14.657535118, 34.539141756 -14.665919468, 34.539213388 -14.667330545, 34.539665864 -14.670362206, 34.539423933 -14.671991046, 34.538697768 -14.673528745, 34.533479817 -14.678771853, 34.531705864 -14.68006761, 34.529993614 -14.680622934, 34.522543013 -14.682443164, 34.521262682 -14.683323392, 34.520568526 -14.68443404, 34.52038631 -14.685778967, 34.520733388 -14.68809571, 34.521488282 -14.689943899, 34.523267055 -14.69269449, 34.525453645 -14.697744471, 34.526425462 -14.698785704, 34.528750883 -14.700026506, 34.529549162 -14.701111124, 34.529757409 -14.70223045, 34.528516606 -14.707184984, 34.528620729 -14.708746834, 34.529141346 -14.710230591, 34.53000904 -14.711488748, 34.534642527 -14.71574045, 34.535163144 -14.71690316, 34.535796561 -14.719957444, 34.540829187 -14.729016172, 34.542981069 -14.73083833, 34.54405701 -14.732009717, 34.544378057 -14.733502152, 34.543189316 -14.738179024, 34.543284762 -14.739680135, 34.546070061 -14.749832158, 34.547336894 -14.751888593, 34.548976837 -14.753441766, 34.552751307 -14.756270449, 34.557263317 -14.761415876, 34.562148436 -14.764973423, 34.56312893 -14.766396441, 34.564751519 -14.770899775, 34.566547646 -14.772739287, 34.570122703 -14.779635298, 34.572153258 -14.781742963, 34.57241029 -14.782334137, 34.572422339 -14.782794385, 34.572480171 -14.78343054, 34.572740416 -14.783632953, 34.572986203 -14.784138985, 34.572668126 -14.784992011, 34.572841622 -14.785266714, 34.573116326 -14.787204095, 34.573536965 -14.788640413, 34.580892355 -14.80371922, 34.583745972 -14.810241101, 34.584002445 -14.811327375, 34.583745972 -14.813633927, 34.58260801 -14.815984701, 34.579880898 -14.817780547, 34.577860382 -14.818249905, 34.576519256 -14.818620932, 34.575827813 -14.819445268, 34.573489058 -14.823109809, 34.572692276 -14.824666679, 34.57217838 -14.826500039, 34.572225334 -14.827235574, 34.574435812 -14.836206, 34.575181205 -14.839701638, 34.575942061 -14.841784202, 34.576050497 -14.842586625, 34.576668579 -14.844267375, 34.576126401 -14.845319199, 34.576148088 -14.850177108, 34.576310742 -14.856845891, 34.57639749 -14.863547203, 34.577091477 -14.873349771, 34.576560143 -14.877123326, 34.576278211 -14.877741408, 34.571207311 -14.882629462, 34.570068967 -14.883855707, 34.569018857 -14.884712404, 34.568222057 -14.886100378, 34.566756973 -14.893862752, 34.566988302 -14.895045101, 34.565291889 -14.89830941, 34.565291889 -14.898900584, 34.565446109 -14.899234726, 34.569018857 -14.901008249, 34.572103244 -14.903475759, 34.574030986 -14.905223578, 34.576498496 -14.906714365, 34.577629438 -14.90722843, 34.578529051 -14.907125617, 34.579043115 -14.907279836, 34.580019838 -14.908179449, 34.578477644 -14.911700791, 34.577912173 -14.91272892, 34.577966758 -14.913607072, 34.579017412 -14.91663581, 34.579814212 -14.917252688, 34.581047967 -14.921159578, 34.581099373 -14.924500997, 34.586085799 -14.930515552, 34.587682612 -14.9333911, 34.588569373 -14.935492339, 34.589379025 -14.936803203, 34.590766999 -14.945458765, 34.590991467 -14.950342191, 34.591191102 -14.952263694, 34.591141738 -14.954518365, 34.592412383 -14.957130112, 34.592593128 -14.958319303, 34.592248317 -14.959156905, 34.592320777 -14.959686748, 34.592833516 -14.960315988, 34.59599972 -14.961799158, 34.597070715 -14.963618094, 34.597852449 -14.964430585, 34.59867153 -14.966534488, 34.598291566 -14.968619736, 34.598727678 -14.973456203, 34.600369315 -14.974241058, 34.601941693 -14.974431432, 34.606008218 -14.975840429, 34.607806559 -14.977039429, 34.611190801 -14.978415497, 34.612672306 -14.978761617, 34.614577684 -14.978753416, 34.616435881 -14.979254922, 34.616543635 -14.9795051, 34.614670999 -14.986558222, 34.61324447 -14.988852235, 34.612539238 -14.991608904, 34.612707956 -14.991981827, 34.616210593 -14.994766641, 34.617198988 -14.995837232, 34.618891871 -14.996845365, 34.62156498 -14.999577516, 34.62220969 -15.001329947, 34.62231004 -15.003198462, 34.621862509 -15.006738719, 34.621165368 -15.008437131, 34.620044621 -15.010550164, 34.619959632 -15.013187925, 34.618780096 -15.01457585, 34.618106511 -15.014961226, 34.613978796 -15.016221873, 34.612822151 -15.016710235, 34.6116141 -15.018483757, 34.608724896 -15.020942431, 34.606816432 -15.02327018, 34.606050155 -15.023920793, 34.605717619 -15.025482264, 34.605674245 -15.02744856, 34.604880008 -15.028886968, 34.604140667 -15.029370472, 34.603902035 -15.030342139, 34.604033366 -15.031946298, 34.603521028 -15.03300089, 34.603389227 -15.034644978, 34.603648634 -15.036006848, 34.604855081 -15.036929956, 34.604837013 -15.038937328, 34.604584307 -15.040223864, 34.603514003 -15.041961529, 34.602063419 -15.042484769, 34.600957311 -15.043296664, 34.600629527 -15.044334273, 34.599559066 -15.045618364, 34.597327813 -15.04676919, 34.595560759 -15.04794966, 34.594816912 -15.047699396, 34.593685217 -15.046973733, 34.592126511 -15.046974991, 34.589907111 -15.048312282, 34.589024706 -15.04897208, 34.587230783 -15.052550554, 34.586894919 -15.052726221, 34.585321649 -15.052668574, 34.584712756 -15.053287898, 34.584180712 -15.054785044, 34.583846547 -15.055859718, 34.581299082 -15.058000318, 34.579267115 -15.058948375, 34.577329324 -15.061430549, 34.5761154 -15.063709821, 34.574542924 -15.065774765, 34.574066874 -15.066293942, 34.5733879 -15.066620118, 34.573072115 -15.067252534, 34.572959894 -15.069859188, 34.572684543 -15.071610933, 34.573331511 -15.075276474, 34.573198593 -15.076070084, 34.571999534 -15.078233241, 34.57143862 -15.080658371, 34.571537605 -15.082143145, 34.572284407 -15.083918109, 34.573363081 -15.084856115, 34.573847136 -15.0864899, 34.574428794 -15.086789601, 34.575495592 -15.086868329, 34.578044892 -15.087654748, 34.57996276 -15.086528129, 34.58102829 -15.085786225, 34.58170704 -15.085967026, 34.582772134 -15.087327307, 34.584126236 -15.087864107, 34.584742984 -15.087619354, 34.585471719 -15.086826344, 34.586246899 -15.086947586, 34.586226133 -15.087447126, 34.586725309 -15.088796655, 34.587605294 -15.0901283, 34.588571729 -15.090828862, 34.588371975 -15.092015677, 34.588592153 -15.092492395, 34.589550181 -15.093724145, 34.589966853 -15.094892615, 34.590672442 -15.095804434, 34.591938874 -15.096157047, 34.591712587 -15.097364651, 34.59113777 -15.098103701, 34.591122441 -15.098625529, 34.59091202 -15.098887337, 34.590873601 -15.099527829, 34.59030171 -15.100053791, 34.590114635 -15.1004853, 34.589114991 -15.100401964, 34.587779039 -15.101371184, 34.587333721 -15.101371184, 34.586891025 -15.101925039, 34.586181135 -15.102209429, 34.585694694 -15.102999177, 34.584754883 -15.103972469, 34.583480364 -15.104550597, 34.582356644 -15.106191091, 34.581562493 -15.106547743, 34.580993116 -15.106581087, 34.581256447 -15.107029336, 34.582617787 -15.107724059, 34.582048863 -15.108291033, 34.582177968 -15.108808235, 34.58182209 -15.109257812, 34.581408799 -15.109425117, 34.581293718 -15.109974, 34.581024703 -15.110138275, 34.579370397 -15.11035612, 34.578636933 -15.11035612, 34.576855663 -15.111665877, 34.576488931 -15.112373146, 34.575703076 -15.112818463, 34.57546424 -15.113157951, 34.573853044 -15.114171764, 34.573031171 -15.114154416, 34.571856518 -15.115492317, 34.571276097 -15.117009687, 34.570059 -15.118064678, 34.569830666 -15.11888742, 34.569756778 -15.120650812, 34.570317406 -15.121796716, 34.570215928 -15.122078094, 34.569756778 -15.122222521, 34.569363851 -15.122851205, 34.568839948 -15.123322717, 34.568839948 -15.125549305, 34.569277938 -15.125849847, 34.569678193 -15.126570915, 34.570254486 -15.127121014, 34.570333071 -15.128168819, 34.570542632 -15.128430771, 34.570961755 -15.128456966, 34.571459463 -15.129033259, 34.571616633 -15.129976285, 34.572953623 -15.131660832, 34.573899576 -15.133201229, 34.574730169 -15.133557693, 34.575139445 -15.133891799, 34.576440096 -15.134403954, 34.576619906 -15.135241509, 34.577012834 -15.135896388, 34.5771129 -15.136680167, 34.576829468 -15.136996584, 34.577598721 -15.138090331, 34.578555777 -15.138448978, 34.579156011 -15.138432416, 34.579321155 -15.138957828, 34.580178871 -15.139618305, 34.580384449 -15.139906404, 34.579815714 -15.141083027, 34.579815714 -15.141449759, 34.580198253 -15.142073803, 34.580083411 -15.142353069, 34.579711387 -15.142580711, 34.578034444 -15.142366589, 34.577667712 -15.142183223, 34.575886442 -15.142838102, 34.575601795 -15.143643304, 34.57575704 -15.144348882, 34.575322138 -15.145693969, 34.57546732 -15.147186496, 34.575545905 -15.147946155, 34.575063114 -15.149029656, 34.574928829 -15.150432198, 34.57501973 -15.151295197, 34.575463795 -15.151918352, 34.575624491 -15.152844648, 34.576079586 -15.153271661, 34.576410345 -15.154363966, 34.57764367 -15.155951998, 34.577863209 -15.157859975, 34.577746298 -15.158345628, 34.578505957 -15.159891142, 34.578763427 -15.160004819, 34.579185515 -15.160525927, 34.579452921 -15.160760295, 34.58008225 -15.160739581, 34.580712667 -15.161676383, 34.581646865 -15.162192262, 34.581908636 -15.162561439, 34.582180107 -15.163719903, 34.580849755 -15.163647361, 34.579696394 -15.164096052, 34.579005008 -15.16467421, 34.577572158 -15.166633154, 34.577115777 -15.167975146, 34.577117614 -15.168666516, 34.577667398 -15.169968383, 34.577667712 -15.170500177, 34.57821781 -15.171155055, 34.578458098 -15.171162526, 34.578755545 -15.171771405, 34.579426634 -15.172273116, 34.579737129 -15.174193692, 34.580077605 -15.174810397, 34.579946189 -15.175130865, 34.580035451 -15.175520019, 34.581330113 -15.176582917, 34.581585619 -15.176728752, 34.581713545 -15.177068164, 34.582775766 -15.178149159, 34.583142498 -15.17922316, 34.583329179 -15.180097585, 34.583718791 -15.180821064, 34.584667749 -15.181583243, 34.584845183 -15.183335798, 34.584358752 -15.184724106, 34.583153676 -15.186784616, 34.582076811 -15.190253174, 34.582652744 -15.191887139, 34.582264587 -15.192763533, 34.580093081 -15.194875674, 34.579385245 -15.195414485, 34.578169886 -15.197078467, 34.577615225 -15.199419462, 34.57777972 -15.200690559, 34.579930952 -15.203689719, 34.581051149 -15.205690848, 34.581062024 -15.207376582, 34.582171346 -15.209247203, 34.58308734 -15.210255899, 34.584682242 -15.21087574, 34.58731651 -15.211172985, 34.58864222 -15.21186485, 34.590138789 -15.211910437, 34.59112855 -15.21236189, 34.591654957 -15.212879687, 34.591567952 -15.213673613, 34.590806653 -15.214859064, 34.590758352 -15.215879505, 34.590618868 -15.218015381, 34.59021985 -15.219520257, 34.590473517 -15.221700316, 34.591258225 -15.224101665, 34.594027969 -15.226408542, 34.594877217 -15.226908385, 34.596402432 -15.22960477, 34.596637619 -15.23064204, 34.598671758 -15.233363114, 34.602918973 -15.235892139, 34.603199796 -15.236239922, 34.603744839 -15.237955443, 34.60402765 -15.241996129, 34.603864677 -15.243081445, 34.603380308 -15.244143444, 34.603383068 -15.245568494, 34.603787671 -15.247303359, 34.60323929 -15.247902351, 34.602198342 -15.248482141, 34.600208197 -15.249157998, 34.599791631 -15.249691946, 34.598686566 -15.250066124, 34.598200534 -15.250601613, 34.598200534 -15.251694621, 34.598771508 -15.252518456, 34.598528701 -15.256312648, 34.597567857 -15.258609726, 34.598167762 -15.260276112, 34.598334101 -15.261243147, 34.600031305 -15.26320083, 34.60093603 -15.263802081, 34.601894041 -15.264733394, 34.603233586 -15.265124876, 34.603263184 -15.265405013, 34.603033977 -15.265886439, 34.602616646 -15.266200913, 34.601662467 -15.26655778, 34.601295735 -15.267055487, 34.601943993 -15.267965657, 34.602177838 -15.269936689, 34.601742563 -15.270977096, 34.600892258 -15.271616147, 34.600527796 -15.272325133, 34.600556096 -15.273411263, 34.600412232 -15.273837261, 34.600490356 -15.274205955, 34.600835844 -15.274746695, 34.600782646 -15.277691454, 34.601069936 -15.278845783, 34.60099464 -15.279111987, 34.599932768 -15.279620485, 34.599278679 -15.280974537, 34.599068074 -15.282473592, 34.599318139 -15.284125004, 34.598829176 -15.286363019, 34.598174509 -15.287253469, 34.597655436 -15.287324712, 34.596877354 -15.287774302, 34.595153125 -15.287650047, 34.59480706 -15.287790646, 34.594150393 -15.288739957, 34.593157268 -15.289354242, 34.592896632 -15.290439484, 34.591643195 -15.291253632, 34.591033777 -15.292552978, 34.590448423 -15.292977279, 34.59034538 -15.293322706, 34.589833997 -15.294018498, 34.589805711 -15.294474598, 34.588193726 -15.295936938, 34.588471909 -15.296293323, 34.588560256 -15.296692944, 34.589037793 -15.297324899, 34.588310697 -15.297607004, 34.587650364 -15.298917553, 34.587595994 -15.299328743, 34.586861048 -15.300050612, 34.585836913 -15.300219444, 34.585442915 -15.300483365, 34.585097746 -15.30135357, 34.584609311 -15.301398925, 34.583325864 -15.300742446, 34.583011522 -15.300428104, 34.582618595 -15.300323324, 34.581230252 -15.300690056, 34.580130056 -15.30228796, 34.579527568 -15.303885864, 34.579350928 -15.304885883, 34.57893421 -15.305195093, 34.578213687 -15.305367191, 34.575910657 -15.305266275, 34.575074843 -15.305639739, 34.574629075 -15.306033866, 34.574278792 -15.307497164, 34.573764635 -15.308391429, 34.572189594 -15.308972356, 34.57104034 -15.309177283, 34.570794581 -15.309577135, 34.57100621 -15.310129355, 34.570784922 -15.310724532, 34.570909364 -15.311220505, 34.571201183 -15.311457908, 34.571757281 -15.312266581, 34.572351525 -15.312003194, 34.574629075 -15.313289921, 34.575283954 -15.31389241, 34.575441125 -15.315333143, 34.575991223 -15.316328558, 34.576148394 -15.31831939, 34.575781662 -15.319341, 34.575078002 -15.320294919, 34.57465527 -15.321672368, 34.574891027 -15.322012905, 34.575210444 -15.322164895, 34.576007548 -15.323921629, 34.575961908 -15.324318501, 34.574696801 -15.326199859, 34.573817026 -15.325365884, 34.572562984 -15.325173474, 34.572271512 -15.325470665, 34.572462308 -15.32604918, 34.571853052 -15.326558106, 34.571037416 -15.326645467, 34.569543777 -15.326202007, 34.568493331 -15.326427527, 34.567993211 -15.326218748, 34.567069704 -15.326592493, 34.566594034 -15.3270638, 34.565609047 -15.327157193, 34.565241654 -15.327372893, 34.564686883 -15.328144199, 34.562936032 -15.327774292, 34.562535492 -15.32787468, 34.562115796 -15.328273836, 34.561952785 -15.328667816, 34.560651284 -15.328371161, 34.559353191 -15.32865705, 34.55891251 -15.329000066, 34.558831957 -15.329760626, 34.55920879 -15.33123356, 34.559802738 -15.331473306, 34.559985988 -15.33267433, 34.559963101 -15.333312441, 34.560597443 -15.334872889, 34.560561752 -15.335627556, 34.560354044 -15.336191782, 34.559407606 -15.337091373, 34.559390396 -15.337893472, 34.55902588 -15.338527722, 34.557981595 -15.339167209, 34.557228629 -15.339640391, 34.557217916 -15.339797978, 34.556439357 -15.340469987, 34.554282556 -15.339717269, 34.553950552 -15.339667697, 34.553679551 -15.339990956, 34.553447327 -15.339975029, 34.552331734 -15.33909556, 34.551580608 -15.337998184, 34.551053443 -15.336734578, 34.549881432 -15.336029022, 34.548984163 -15.335734837, 34.547853151 -15.33460568, 34.547937153 -15.333713991, 34.546864317 -15.333310674, 34.546245106 -15.331541683, 34.545386812 -15.330774802, 34.544748414 -15.331024325, 34.544317494 -15.330810003, 34.543509241 -15.329321351, 34.54340446 -15.328692668, 34.542906753 -15.32824735, 34.542403541 -15.328093494, 34.540738998 -15.328585064, 34.53984192 -15.329033205, 34.53959696 -15.329660865, 34.53913174 -15.330118554, 34.538756502 -15.331168002, 34.537991417 -15.331420332, 34.537303391 -15.331457915, 34.537079574 -15.331843526, 34.5369954 -15.332668571, 34.536521494 -15.33316718, 34.535229783 -15.333378383, 34.533927899 -15.334985244, 34.533290447 -15.336061777, 34.532656633 -15.336784582, 34.532437357 -15.337671755, 34.532444608 -15.338182418, 34.53288759 -15.33893967, 34.532713326 -15.339719365, 34.532035767 -15.33990419, 34.531855496 -15.340336063, 34.531868321 -15.340996284, 34.531589963 -15.341691778, 34.531877858 -15.342305161, 34.532165467 -15.342585134, 34.532507279 -15.342314144, 34.53279225 -15.342470042, 34.532892697 -15.343406216, 34.533042365 -15.345266586, 34.53316844 -15.345720498, 34.532519929 -15.346222386, 34.531847468 -15.34640197, 34.531449444 -15.346353178, 34.530490253 -15.345588537, 34.52996635 -15.345640928, 34.529814274 -15.345909274, 34.529573423 -15.345955269, 34.529432092 -15.346258517, 34.529180496 -15.346295806, 34.529229582 -15.346835339, 34.528878034 -15.347046492, 34.528454113 -15.346869667, 34.527234033 -15.347867134, 34.526583736 -15.347786808, 34.52635627 -15.347347544, 34.525689613 -15.347460185, 34.525282039 -15.34778672, 34.524530388 -15.347853011, 34.52397386 -15.348285514, 34.523820844 -15.348893005, 34.522756308 -15.348693728, 34.522478913 -15.348485603, 34.52219612 -15.348541183, 34.521747177 -15.349255072, 34.521648161 -15.3504613, 34.521259256 -15.35093512, 34.520790775 -15.35113548, 34.520743569 -15.351524898, 34.521248312 -15.352307859, 34.52099638 -15.353024678, 34.520256077 -15.352899518, 34.519526709 -15.353297021, 34.518883671 -15.353738343, 34.518659098 -15.354105093, 34.519049845 -15.356065054, 34.518990584 -15.356669084, 34.51927873 -15.357245378, 34.519743314 -15.357703067, 34.520270209 -15.358646837, 34.519804772 -15.359872764, 34.519958339 -15.361575542, 34.51976462 -15.362953388, 34.520436058 -15.363193051, 34.520050404 -15.36399991, 34.520074532 -15.364142327, 34.519778751 -15.364438536, 34.519750681 -15.365306126, 34.519894004 -15.365532848, 34.519296231 -15.367345768, 34.518300444 -15.368466635, 34.517646918 -15.370055453, 34.518045972 -15.370878239, 34.51749726 -15.371064691, 34.516804658 -15.371067134, 34.517171452 -15.372289241, 34.518215986 -15.37394507, 34.518005099 -15.374353226, 34.517440004 -15.374767629, 34.516634568 -15.376121489, 34.517063274 -15.376914989, 34.517586904 -15.377183913, 34.517863981 -15.379126204, 34.517871749 -15.380356264, 34.51811513 -15.38093439, 34.51913033 -15.381689671, 34.519714361 -15.381881707, 34.519353178 -15.383064642, 34.519700384 -15.383658455, 34.520939994 -15.384322426, 34.521526252 -15.386029796, 34.521068863 -15.387200213, 34.520704625 -15.38790334, 34.520714159 -15.388706903, 34.519964095 -15.389271731, 34.519176635 -15.389587484, 34.518748388 -15.390335886, 34.518026483 -15.391112273, 34.518155586 -15.392392399, 34.517751751 -15.393617413, 34.517755828 -15.393830693, 34.517104095 -15.394046809, 34.517006268 -15.394300088, 34.517500083 -15.394966659, 34.51737762 -15.395543538, 34.516892722 -15.395981994, 34.516685335 -15.398266003, 34.516118119 -15.398311211, 34.515577249 -15.398576941, 34.515343984 -15.399512493, 34.515184058 -15.399901961, 34.515315844 -15.400620037, 34.514585435 -15.40109626, 34.514248121 -15.402158029, 34.514275472 -15.40347445, 34.514463837 -15.403964199, 34.515361727 -15.4049689, 34.515141951 -15.405810176, 34.515820065 -15.406714327, 34.51609531 -15.406813274, 34.516442004 -15.407415047, 34.516248048 -15.407848225, 34.515869575 -15.407825153, 34.515807705 -15.408125118, 34.515066605 -15.408710996, 34.51507635 -15.409012389, 34.514805028 -15.409249338, 34.514595691 -15.40919552, 34.513809269 -15.410476918, 34.512221497 -15.412034117, 34.511548889 -15.412426495, 34.511351106 -15.412793807, 34.511428222 -15.413287937, 34.510921034 -15.413680714, 34.510453744 -15.414246142, 34.509885386 -15.414516341, 34.509303996 -15.414060359, 34.508718354 -15.413266565, 34.508457198 -15.413055901, 34.507314077 -15.412887737, 34.506354699 -15.412292787, 34.505502374 -15.412030929, 34.505083573 -15.412801309, 34.504513458 -15.412765552, 34.504093241 -15.412523455, 34.50319079 -15.412530043, 34.502995428 -15.412862066, 34.502247332 -15.412913262, 34.501594998 -15.412681675, 34.501158774 -15.412743157, 34.500713805 -15.412083909, 34.50021748 -15.411730184, 34.499597185 -15.412055012, 34.498727798 -15.411965268, 34.498323369 -15.411753464, 34.497961326 -15.410961661, 34.496636365 -15.409598607, 34.495387175 -15.408555595, 34.494398259 -15.408329557, 34.493946183 -15.40858385, 34.493861419 -15.409770549, 34.494080422 -15.410205021, 34.494008426 -15.41044651, 34.49276033 -15.410976767, 34.492387309 -15.411320841, 34.492157771 -15.411834877, 34.491540546 -15.412668584, 34.490648459 -15.413505724, 34.4901653 -15.414739709, 34.489751867 -15.414746359, 34.488583375 -15.414375405, 34.487931456 -15.414213237, 34.487189903 -15.415668114, 34.487473604 -15.416821517, 34.487382143 -15.417356189, 34.486750651 -15.417786135, 34.486650923 -15.419449438, 34.486138781 -15.419745182, 34.485803554 -15.419726961, 34.485638556 -15.419385636, 34.484454022 -15.419554442, 34.483883647 -15.41968558, 34.482955087 -15.419490181, 34.482695585 -15.420277534, 34.482099271 -15.420724059, 34.481418679 -15.420589965, 34.480914837 -15.420676953, 34.480159577 -15.421058919, 34.478737177 -15.42109456, 34.477982252 -15.421383249, 34.477925699 -15.422228773, 34.477423861 -15.42195726, 34.476755519 -15.421158745, 34.476707359 -15.420799989, 34.475976165 -15.42073339, 34.474979563 -15.421508961, 34.474403621 -15.421903405, 34.473178945 -15.423276316, 34.473122436 -15.423982686, 34.473518002 -15.424519525, 34.474252625 -15.425367169, 34.474224371 -15.425762735, 34.473715785 -15.4261583, 34.473518002 -15.427203728, 34.47374404 -15.429407596, 34.47315069 -15.429887927, 34.472331303 -15.430255239, 34.471596679 -15.430198731, 34.470240452 -15.429746654, 34.469160079 -15.430012853, 34.468731406 -15.428783292, 34.468093091 -15.428446936, 34.467301958 -15.428559954, 34.466397806 -15.429577126, 34.465258193 -15.429722583, 34.464515352 -15.42964786, 34.464237141 -15.429738289, 34.463036424 -15.429438625, 34.462413887 -15.428446936, 34.460257179 -15.426406094, 34.459754502 -15.425537368, 34.458817447 -15.425429489, 34.458222533 -15.42583526, 34.45767483 -15.425869517, 34.456932467 -15.425536696, 34.456056569 -15.425762735, 34.455689258 -15.427203728, 34.455991226 -15.427763222, 34.455102704 -15.427999736, 34.45468925 -15.428521279, 34.454146419 -15.428776428, 34.452524726 -15.428701228, 34.452535381 -15.428201554, 34.451422791 -15.428079624, 34.450865229 -15.427579716, 34.449962748 -15.427305757, 34.44891889 -15.427841248, 34.448360358 -15.427756791, 34.448173556 -15.426650211, 34.447705953 -15.426277345, 34.447506001 -15.425799065, 34.447048911 -15.425277498, 34.446334735 -15.424934693, 34.446020498 -15.424563322, 34.445791962 -15.423592043, 34.445195393 -15.421892663, 34.443734354 -15.422109023, 34.443049526 -15.421935156, 34.441306937 -15.423020702, 34.441012835 -15.423846953, 34.441155416 -15.425189584, 34.441310514 -15.42699197, 34.440421359 -15.428791242, 34.440552819 -15.429772793, 34.440164256 -15.430419565, 34.440253226 -15.430934592, 34.440075994 -15.432317205, 34.440636132 -15.433237836, 34.440714897 -15.43404403, 34.440135689 -15.434533217, 34.439764318 -15.435790166, 34.439792885 -15.436304373, 34.440097104 -15.436657005, 34.440142468 -15.437440046, 34.439707184 -15.43747562, 34.43945008 -15.437732725, 34.439392946 -15.438589735, 34.439650049 -15.439046807, 34.440268072 -15.439621766, 34.440088382 -15.4400401, 34.441078401 -15.441989213, 34.442221082 -15.443617534, 34.442392485 -15.444560246, 34.442771319 -15.445303515, 34.442592454 -15.446274268, 34.442678155 -15.446817041, 34.443263996 -15.447205624, 34.442929325 -15.447862616, 34.442912458 -15.448322703, 34.442667371 -15.448843788, 34.443192362 -15.44990228, 34.443363764 -15.451359198, 34.444135074 -15.452758984, 34.444488215 -15.453894594, 34.444300525 -15.454739911, 34.444441628 -15.455274667, 34.443947943 -15.45543299, 34.443363764 -15.455872791, 34.44312099 -15.45675115, 34.443363764 -15.45721544, 34.443321418 -15.458247792, 34.442600881 -15.458862886, 34.441949634 -15.45892247, 34.44138699 -15.458375156, 34.441029815 -15.45826154, 34.440449926 -15.459672206, 34.439650049 -15.459729339, 34.439584347 -15.459444359, 34.438956091 -15.459629624, 34.438821606 -15.460643484, 34.439193227 -15.461022478, 34.439348669 -15.462391853, 34.439342814 -15.462832718, 34.438964441 -15.463243085, 34.438826481 -15.463730427, 34.43778542 -15.463830445, 34.437196308 -15.464326819, 34.436967027 -15.464784902, 34.436978799 -15.465194824, 34.437359838 -15.465572095, 34.436613229 -15.466738035, 34.436151307 -15.467033042, 34.435807396 -15.467571293, 34.435601415 -15.46827828, 34.435253945 -15.467987987, 34.435134335 -15.467670322, 34.43406839 -15.467154319, 34.433279601 -15.467213902, 34.431908384 -15.46684253, 34.431525653 -15.467762471, 34.431525145 -15.468212658, 34.431164503 -15.468205231, 34.43094418 -15.468701473, 34.43072604 -15.470321025, 34.43010866 -15.472155998, 34.428937412 -15.473412949, 34.428194669 -15.474412795, 34.427166256 -15.475098404, 34.426709184 -15.475241239, 34.425737904 -15.475212671, 34.425366533 -15.47532694, 34.425309399 -15.476212518, 34.426052142 -15.47724093, 34.426480647 -15.478640716, 34.427251957 -15.480211902, 34.427423359 -15.480983213, 34.427880432 -15.481640253, 34.427823298 -15.483982751, 34.427423359 -15.484725494, 34.427394792 -15.485211132, 34.427908999 -15.486182412, 34.42928468 -15.48727217, 34.428908845 -15.488867713, 34.428414102 -15.489312421, 34.427309091 -15.491610148, 34.426766318 -15.492438592, 34.426376057 -15.492943065, 34.426792965 -15.495299613, 34.426873055 -15.497791017, 34.426966287 -15.498551938, 34.427324685 -15.498915182, 34.427313346 -15.499677519, 34.427051988 -15.500094557, 34.427383056 -15.500983769, 34.427194823 -15.501208672, 34.427737597 -15.502751291, 34.427737597 -15.503151229, 34.427947513 -15.50360612, 34.428044599 -15.504474743, 34.4279947 -15.505350891, 34.428194669 -15.506465005, 34.429223082 -15.507721955, 34.430537166 -15.508407564, 34.431312594 -15.509999106, 34.432565425 -15.51026442, 34.43290678 -15.510569369, 34.433507694 -15.51065765, 34.433361663 -15.511250663, 34.434174587 -15.512210259, 34.433929009 -15.51273998, 34.434180392 -15.513229935, 34.434071457 -15.513813709, 34.434416705 -15.514658527, 34.434222313 -15.515120816, 34.43417561 -15.516218034, 34.43412176 -15.516328573, 34.435512768 -15.517847835, 34.435751011 -15.518764826, 34.435476224 -15.52020149, 34.436193063 -15.521056779, 34.435956464 -15.521329466, 34.436074891 -15.521714129, 34.435707799 -15.522748215, 34.435843712 -15.523723981, 34.435372655 -15.524595612, 34.435393562 -15.525062144, 34.435222159 -15.525490649, 34.435222159 -15.52614769, 34.435683885 -15.526806835, 34.435804602 -15.52768053, 34.436619579 -15.528881866, 34.436496214 -15.529371173, 34.437321719 -15.529757923, 34.437858756 -15.529842746, 34.437850326 -15.531232622, 34.438593069 -15.533003779, 34.439915239 -15.533205444, 34.44022139 -15.533203748, 34.441021267 -15.533689388, 34.441702255 -15.534847329, 34.441825905 -15.536998402, 34.442078191 -15.537940692, 34.441886958 -15.539680826, 34.441635458 -15.543206972, 34.441813359 -15.543836597, 34.441601831 -15.544956138, 34.441254564 -15.545339975, 34.441127443 -15.546735688, 34.441825905 -15.546635015, 34.442678155 -15.546973057, 34.442792423 -15.548172873, 34.442592028 -15.54902837, 34.441992546 -15.549115586, 34.441706876 -15.550172566, 34.442393808 -15.550601949, 34.442031751 -15.55204341, 34.442478186 -15.552972134, 34.442471831 -15.554012151, 34.441649742 -15.554571888, 34.441639852 -15.555018615, 34.441564569 -15.555633339, 34.441148223 -15.556021619, 34.441068293 -15.557011393, 34.440732756 -15.557182564, 34.440458794 -15.557749986, 34.440103892 -15.557870785, 34.43986644 -15.557762633, 34.438877719 -15.558610442, 34.438571986 -15.559557715, 34.438584554 -15.560204326, 34.438785936 -15.560653966, 34.440307091 -15.562427822, 34.440530919 -15.563874315, 34.440986283 -15.563984558, 34.441185141 -15.565150739, 34.441459424 -15.565486827, 34.442936912 -15.566497168, 34.443311242 -15.567352062, 34.443127587 -15.56886577, 34.443464419 -15.569390912, 34.443363764 -15.570912232, 34.443687107 -15.571106669, 34.443654714 -15.571798557, 34.443854002 -15.572397653, 34.442586808 -15.573260673, 34.442353393 -15.574236531, 34.441061191 -15.575367046, 34.440878432 -15.575282987, 34.440002819 -15.576405755, 34.439248615 -15.576699412, 34.439307245 -15.577625484, 34.439135843 -15.578196825, 34.43924855 -15.57874053, 34.438650203 -15.580196517, 34.438621636 -15.582339044, 34.438531114 -15.58314105, 34.438993042 -15.585763345, 34.439192977 -15.58613846, 34.439849834 -15.586466189, 34.440282292 -15.586499477, 34.4409927 -15.58633843, 34.441574738 -15.586720566, 34.441735443 -15.587738214, 34.441649742 -15.588538091, 34.441706876 -15.588966597, 34.442392485 -15.590023576, 34.44310666 -15.590337814, 34.444849249 -15.590109279, 34.44555136 -15.58960788, 34.446220467 -15.589766473, 34.448553695 -15.588869141, 34.449042787 -15.588731913, 34.450595799 -15.590539282, 34.451209817 -15.591310106, 34.451448234 -15.591309092, 34.45167677 -15.591680464, 34.451733904 -15.592623177, 34.451562502 -15.593851559, 34.451744442 -15.594152284, 34.452975811 -15.594594335, 34.453444232 -15.594992304, 34.453325067 -15.596653132, 34.453871157 -15.598423938, 34.45362637 -15.599294724, 34.453733597 -15.600107739, 34.453579742 -15.600695721, 34.453253225 -15.601030726, 34.452500761 -15.601204414, 34.451270978 -15.602975197, 34.451441748 -15.604497818, 34.451362533 -15.604821299, 34.452450528 -15.606776188, 34.453345595 -15.607319453, 34.453747543 -15.607503092, 34.454447773 -15.607306631, 34.455361918 -15.607706569, 34.456126331 -15.607685137, 34.456499405 -15.60782131, 34.457707464 -15.607630897, 34.457950994 -15.608898, 34.457161641 -15.609591993, 34.456681183 -15.609809854, 34.456576297 -15.610304445, 34.455003519 -15.611240971, 34.453778525 -15.611334799, 34.452276678 -15.610934645, 34.451819605 -15.610963211, 34.450677748 -15.611484879, 34.448191592 -15.612163027, 34.447318608 -15.612844075, 34.44674022 -15.613464996, 34.446112176 -15.613710122, 34.445329447 -15.613117625, 34.444308584 -15.612862028, 34.443715381 -15.613044684, 34.443120303 -15.613023566, 34.442571357 -15.612279983, 34.44186909 -15.612190623, 34.440318345 -15.613351852, 34.438683204 -15.614093478, 34.438006146 -15.614879515, 34.436914959 -15.615185419, 34.435867069 -15.616278403, 34.43560748 -15.616966445, 34.434616897 -15.617433856, 34.434356339 -15.618101642, 34.433470361 -15.619139611, 34.433422436 -15.62147588, 34.433563177 -15.622050372, 34.433172473 -15.623901052, 34.432564356 -15.624375453, 34.431485052 -15.624723333, 34.430839995 -15.62543198, 34.430323533 -15.626526162, 34.430794269 -15.62793203, 34.43185125 -15.629103277, 34.432469302 -15.629753121, 34.43265225 -15.630046306, 34.432615275 -15.630408786, 34.432251188 -15.630788732, 34.431765548 -15.631931413, 34.43151461 -15.633201794, 34.431908384 -15.635159489, 34.432016564 -15.636809899, 34.432315913 -15.637570851, 34.432388274 -15.638262176, 34.432140517 -15.638768544, 34.432165487 -15.639044605, 34.432435047 -15.639146062, 34.432765395 -15.639587378, 34.433368852 -15.640006922, 34.433451794 -15.640886597, 34.432416806 -15.642777552, 34.431970269 -15.643111848, 34.430542407 -15.645894635, 34.430313863 -15.647357201, 34.430738203 -15.647995775, 34.43000134 -15.64867885, 34.42969621 -15.648839629, 34.429737289 -15.649614407, 34.430222929 -15.650442851, 34.431458254 -15.651470782, 34.431618397 -15.652468566, 34.432424429 -15.653508299, 34.433136766 -15.65478504, 34.434050911 -15.655442082, 34.433552924 -15.655800469, 34.433652962 -15.656281078, 34.434490168 -15.657238678, 34.434936489 -15.657413208, 34.435310571 -15.657341348, 34.435847529 -15.657568097, 34.436603506 -15.65751772, 34.436820225 -15.658682332, 34.436784709 -15.659496096, 34.435879201 -15.661098355, 34.435417107 -15.661735684, 34.435422129 -15.663212314, 34.435191858 -15.664042732, 34.435165025 -15.664697801, 34.434910222 -15.664887228, 34.432736828 -15.663897923, 34.431765548 -15.663212314, 34.431069259 -15.663279767, 34.430165795 -15.662898077, 34.426594915 -15.662955212, 34.425623636 -15.663640821, 34.425337966 -15.664097893, 34.42537633 -15.664547654, 34.424995522 -15.664994165, 34.424152543 -15.665475443, 34.424088688 -15.66641885, 34.422943666 -15.667456219, 34.421736873 -15.669217655, 34.420851581 -15.669994418, 34.41991023 -15.670611177, 34.419196054 -15.671411053, 34.418310476 -15.672125229, 34.416482186 -15.672639435, 34.415947065 -15.673056638, 34.415310937 -15.672810838, 34.414593959 -15.672890027, 34.414021281 -15.672453192, 34.413739622 -15.671630741, 34.413288732 -15.671276611, 34.412646299 -15.671041627, 34.41254947 -15.670645889, 34.411540089 -15.670239805, 34.410683078 -15.671496754, 34.4104228 -15.672409382, 34.410083766 -15.672730502, 34.409626098 -15.672725137, 34.408969056 -15.673153642, 34.407749327 -15.673609684, 34.406626559 -15.674067787, 34.406460451 -15.674383851, 34.405961088 -15.674839864, 34.405765408 -15.675369335, 34.405220795 -15.675903332, 34.404458335 -15.677599735, 34.403762542 -15.678473838, 34.40365655 -15.67948129, 34.404369764 -15.681380948, 34.403969825 -15.682095124, 34.404456393 -15.683334956, 34.404303337 -15.683880684, 34.404631593 -15.684172011, 34.404562636 -15.685074721, 34.402883881 -15.686093968, 34.402591207 -15.686503437, 34.40200625 -15.686819479, 34.401570195 -15.685865972, 34.400853744 -15.685571804, 34.39954976 -15.685761412, 34.399004161 -15.686015704, 34.398631312 -15.685702762, 34.398399254 -15.68500896, 34.396748333 -15.684366625, 34.396256727 -15.68358061, 34.395713953 -15.683466341, 34.394228467 -15.684037683, 34.392828683 -15.685437467, 34.391828836 -15.685694569, 34.391428898 -15.685951673, 34.391143228 -15.687351457, 34.390884169 -15.687700917, 34.390714722 -15.688494138, 34.390406497 -15.688902023, 34.390248511 -15.689845741, 34.387931622 -15.692512688, 34.387913017 -15.692924964, 34.388159502 -15.693361666, 34.388197264 -15.693816941, 34.387946192 -15.6947336, 34.38807952 -15.695008467, 34.388286524 -15.697007114, 34.388543628 -15.69723565, 34.388686463 -15.698664002, 34.388857865 -15.69906394, 34.389629175 -15.69946388, 34.390029113 -15.699492446, 34.390514753 -15.699978087, 34.390200281 -15.701077811, 34.38900949 -15.702192114, 34.388981089 -15.702689264, 34.388629329 -15.702863356, 34.388343658 -15.703777502, 34.388000854 -15.704120306, 34.38815319 -15.704432897, 34.387858019 -15.704577378, 34.387829452 -15.705177286, 34.38822939 -15.705862895, 34.388399216 -15.706784451, 34.38772354 -15.709153198, 34.387115276 -15.710119383, 34.385972595 -15.711119228, 34.385062618 -15.711454166, 34.384815737 -15.711714764, 34.384708562 -15.712165122, 34.384430603 -15.712457915, 34.384313983 -15.712869535, 34.382736297 -15.713503047, 34.381830375 -15.713433159, 34.381041499 -15.714142874, 34.380992227 -15.71437518, 34.378688001 -15.716575532, 34.37831663 -15.717889615, 34.377547256 -15.718987198, 34.37737469 -15.720166954, 34.376481414 -15.72132232, 34.376119983 -15.72223226, 34.376253094 -15.724204408, 34.375370305 -15.726086991, 34.375149313 -15.726847555, 34.375297485 -15.729214542, 34.375160715 -15.729721103, 34.374850359 -15.72988276, 34.374438816 -15.730663472, 34.373784161 -15.731219635, 34.372403254 -15.731373256, 34.371904404 -15.731957706, 34.371662309 -15.732525183, 34.370489263 -15.733487216, 34.369803654 -15.734201391, 34.368602747 -15.736157516, 34.368115681 -15.738052853, 34.367625172 -15.73844606, 34.367354202 -15.738993909, 34.365876161 -15.740258109, 34.365397514 -15.741017699, 34.364870893 -15.741413072, 34.364461619 -15.742514398, 34.364118815 -15.7426001, 34.363176102 -15.742028758, 34.361899811 -15.741721209, 34.361234115 -15.74111522, 34.36053863 -15.740881774, 34.358004179 -15.74060396, 34.357678807 -15.740422249, 34.356258514 -15.74042123, 34.355662973 -15.741114614, 34.355542466 -15.741509735, 34.354890867 -15.741831226, 34.354468935 -15.742279418, 34.353606146 -15.742742935, 34.352810537 -15.743509941, 34.352518568 -15.744378889, 34.351325934 -15.743605628, 34.350663742 -15.74288577, 34.349892432 -15.742628667, 34.3493044 -15.742980401, 34.34876201 -15.742973184, 34.347464234 -15.742628667, 34.346655263 -15.74273496, 34.346292986 -15.742685801, 34.345210458 -15.743083184, 34.344837943 -15.743040077, 34.344207593 -15.743285708, 34.342957802 -15.74323472, 34.342272339 -15.742685348, 34.342295835 -15.742325465, 34.341350889 -15.74182879, 34.339265496 -15.741514552, 34.337894278 -15.741114614, 34.33737315 -15.741341216, 34.335763136 -15.741291954, 34.335271306 -15.74106508, 34.333766451 -15.741631111, 34.333813607 -15.741893538, 34.333301629 -15.742480138, 34.330858648 -15.743395928, 34.326264125 -15.744283543, 34.325610375 -15.744708566, 34.322721708 -15.747974436, 34.321920459 -15.749073771, 34.320553038 -15.750290203, 34.319404081 -15.75089233, 34.317402969 -15.751369852, 34.314888226 -15.752976313, 34.311489707 -15.756006216, 34.310277934 -15.756408204, 34.307801356 -15.756480454, 34.305018189 -15.75746076, 34.300568284 -15.759400233, 34.299852215 -15.760010789, 34.299275038 -15.760948454, 34.298448204 -15.764491688, 34.297697067 -15.769874549, 34.296504989 -15.771966219, 34.295280003 -15.773710639, 34.291890763 -15.777337476, 34.289265668 -15.78072907, 34.287336481 -15.785866388, 34.287003232 -15.786854595, 34.285836231 -15.788153512, 34.284172194 -15.786757036, 34.284294766 -15.786573504, 34.283780298 -15.786466323, 34.282408383 -15.787002227, 34.281996322 -15.787273993, 34.282396012 -15.788112403, 34.281580555 -15.788792863, 34.281311948 -15.789346526, 34.28076634 -15.790642851, 34.278827567 -15.792124802, 34.278521707 -15.792119225, 34.278046129 -15.791775312, 34.27681354 -15.791996857, 34.275570242 -15.793111538, 34.275217172 -15.793856612, 34.273726731 -15.794633507, 34.2719904 -15.796755688, 34.271740864 -15.798087649, 34.272151151 -15.799220593, 34.27171173 -15.799971115, 34.271174304 -15.800311246, 34.270871797 -15.800643516, 34.270300575 -15.800701657, 34.269960982 -15.802016359, 34.270051331 -15.802547748, 34.269718165 -15.803636701, 34.270245207 -15.804315294, 34.270489868 -15.804344095, 34.271004336 -15.806144734, 34.271475932 -15.807602394, 34.271861783 -15.808245479, 34.271647421 -15.809124363, 34.27171173 -15.809553086, 34.27289072 -15.811010746, 34.273576677 -15.811632396, 34.273662422 -15.814269045, 34.273383752 -15.814912131, 34.272847847 -15.815469471, 34.271561677 -15.815576652, 34.270897155 -15.815619525, 34.270070052 -15.816349454, 34.270180096 -15.818075655, 34.269796026 -15.818696025, 34.267300768 -15.818829905, 34.266433463 -15.818700303, 34.265477987 -15.819251673, 34.264991095 -15.818890209, 34.263158695 -15.818041813, 34.261738106 -15.818253446, 34.260987488 -15.818904316, 34.260878784 -15.819252795, 34.260518215 -15.819013116, 34.260243375 -15.819113621, 34.260029013 -15.82080708, 34.259450236 -15.821342984, 34.259318284 -15.821756741, 34.259030952 -15.8220229, 34.258968679 -15.822487494, 34.25872037 -15.822642622, 34.257992576 -15.82237192, 34.257285182 -15.823015006, 34.256985076 -15.823015006, 34.256281191 -15.823511663, 34.255420235 -15.823765272, 34.255291618 -15.824408357, 34.255679782 -15.824662629, 34.255463107 -15.825715964, 34.25588458 -15.826234406, 34.255801461 -15.826472592, 34.255377363 -15.826659156, 34.25533449 -15.82708788, 34.255763214 -15.827709529, 34.257370927 -15.828181125, 34.258014013 -15.828759901, 34.257428078 -15.829228556, 34.258099757 -15.829810274, 34.258121193 -15.830174689, 34.258737976 -15.830629014, 34.258087353 -15.831106421, 34.25820562 -15.831716907, 34.257135129 -15.831975328, 34.256899331 -15.832211126, 34.257010281 -15.83261878, 34.256803737 -15.832906294, 34.256277682 -15.833047137, 34.255870395 -15.833604478, 34.255383313 -15.833936405, 34.25591702 -15.834710188, 34.25569672 -15.835553401, 34.255864192 -15.835857161, 34.255329657 -15.835905761, 34.254948639 -15.836219691, 34.254648533 -15.837484426, 34.254414883 -15.837726793, 34.25485741 -15.838871131, 34.254857515 -15.83912672, 34.254198373 -15.839863841, 34.25358843 -15.839903882, 34.253474364 -15.840130066, 34.253090209 -15.84013773, 34.252450305 -15.840739632, 34.252205542 -15.842244066, 34.252269117 -15.842521927, 34.252097628 -15.842822034, 34.251810764 -15.842686945, 34.251820445 -15.842370337, 34.250618296 -15.842369937, 34.249922773 -15.843028206, 34.249444723 -15.843777396, 34.249140806 -15.844065697, 34.249477057 -15.844273339, 34.249332361 -15.845823099, 34.249418105 -15.846166078, 34.249675339 -15.846423312, 34.251197308 -15.846466184, 34.251754649 -15.846251822, 34.252311989 -15.846359003, 34.252762149 -15.846852035, 34.252740713 -15.847838099, 34.252244295 -15.848090718, 34.251949996 -15.848480646, 34.252333425 -15.848909908, 34.252311989 -15.84929576, 34.252781319 -15.849820887, 34.251497415 -15.852253952, 34.251540287 -15.853111399, 34.252183372 -15.853797357, 34.253276617 -15.854376134, 34.253701988 -15.854418274, 34.254847397 -15.85528244, 34.255995893 -15.855771059, 34.256759938 -15.855833923, 34.257588153 -15.856250716, 34.258640284 -15.857759941, 34.258544617 -15.858353022, 34.257847777 -15.858887353, 34.257585289 -15.860635497, 34.257563853 -15.861342891, 34.256920767 -15.8624147, 34.256856459 -15.863443637, 34.256706406 -15.863615126, 34.256727842 -15.864151031, 34.256942204 -15.864579754, 34.257285182 -15.864665499, 34.257456672 -15.864944169, 34.257626613 -15.865789972, 34.258011636 -15.866097886, 34.258510847 -15.867064055, 34.2588399 -15.86734204, 34.259031916 -15.868635947, 34.259836088 -15.869467203, 34.259836088 -15.869917362, 34.259621726 -15.870196033, 34.256397755 -15.870658305, 34.255363162 -15.870639426, 34.255270182 -15.870839118, 34.255445179 -15.87138733, 34.255390612 -15.871860045, 34.255458291 -15.872519844, 34.25533944 -15.873087969, 34.25481928 -15.873459742, 34.254198341 -15.873635126, 34.253726777 -15.874761938, 34.253126564 -15.875383588, 34.252612096 -15.875962364, 34.252112981 -15.877037108, 34.251283053 -15.87789162, 34.251390234 -15.87851327, 34.251776085 -15.878706195, 34.25188579 -15.87922052, 34.252365366 -15.879956909, 34.253576173 -15.880460919, 34.253454851 -15.881123543, 34.253847905 -15.881563488, 34.253619596 -15.882135984, 34.254241245 -15.882586143, 34.254734277 -15.882929122, 34.25505582 -15.883507899, 34.255077256 -15.884215293, 34.255698905 -15.884751197, 34.257628161 -15.885308538, 34.258528481 -15.885329974, 34.259986141 -15.885715825, 34.261658163 -15.885608644, 34.26234412 -15.885394283, 34.26279428 -15.885372846, 34.263137259 -15.885544336, 34.263373057 -15.886316038, 34.263673163 -15.886573272, 34.263737472 -15.888159549, 34.263422438 -15.889211359, 34.262868121 -15.889668998, 34.262494174 -15.889767263, 34.261872524 -15.890303167, 34.259511225 -15.890441047, 34.258464172 -15.890796199, 34.258086121 -15.891205032, 34.257799651 -15.891203487, 34.25752098 -15.891503593, 34.257028604 -15.891442817, 34.256622507 -15.892675445, 34.256104867 -15.892751583, 34.254584224 -15.89253253, 34.254262681 -15.892639711, 34.253984011 -15.892982689, 34.253996706 -15.893309675, 34.251840393 -15.895940882, 34.251561723 -15.896198116, 34.251475978 -15.89662684, 34.251626032 -15.896926946, 34.252303961 -15.897120962, 34.253062256 -15.898577532, 34.253726777 -15.899242053, 34.254514355 -15.899144141, 34.256531119 -15.900115517, 34.257345707 -15.901198705, 34.25752098 -15.902135937, 34.257778215 -15.902350299, 34.257555815 -15.903343237, 34.258164066 -15.90509413, 34.258959849 -15.9059035, 34.258828587 -15.906466045, 34.259012547 -15.90689867, 34.258613106 -15.907515352, 34.258700052 -15.907897503, 34.258571353 -15.908266684, 34.25932646 -15.909005596, 34.259237096 -15.910141776, 34.259145197 -15.910771549, 34.258914115 -15.91121091, 34.258549917 -15.911460674, 34.258064183 -15.912728015, 34.257713906 -15.91311126, 34.25794476 -15.914402184, 34.258347734 -15.914994809, 34.258937713 -15.915524874, 34.258204418 -15.916965739, 34.258121193 -15.917720038, 34.258957204 -15.919413496, 34.260136194 -15.920721103, 34.260629226 -15.920763976, 34.260950769 -15.920613922, 34.261400929 -15.919499241, 34.262472737 -15.918363124, 34.26307295 -15.918255943, 34.263833022 -15.918686475, 34.265355569 -15.918678278, 34.265915433 -15.918815436, 34.26635292 -15.919107012, 34.266820642 -15.919858557, 34.267424494 -15.920078018, 34.268646357 -15.920099454, 34.269551325 -15.919489794, 34.270468432 -15.919284879, 34.270789974 -15.919649294, 34.270737269 -15.919974156, 34.271114955 -15.920264868, 34.271114636 -15.920627675, 34.272097581 -15.92129988, 34.272911414 -15.922006138, 34.272955028 -15.922521742, 34.273326725 -15.922452839, 34.273683858 -15.92365786, 34.27468419 -15.924422223, 34.275142538 -15.925307414, 34.275497545 -15.92563224, 34.27551825 -15.925922855, 34.275922338 -15.926475715, 34.274845919 -15.927299008, 34.274732967 -15.927667299, 34.274906365 -15.928119694, 34.275870348 -15.927923659, 34.277156519 -15.928652489, 34.278142583 -15.928823978, 34.278742796 -15.929145521, 34.279196666 -15.929946913, 34.280200228 -15.930768623, 34.281100776 -15.931203394, 34.282301202 -15.932060841, 34.2828109 -15.932326376, 34.284594873 -15.931589245, 34.285259394 -15.931610681, 34.286170059 -15.93223933, 34.287317267 -15.931610681, 34.288346204 -15.931632118, 34.289063022 -15.931916844, 34.289525194 -15.931653554, 34.291518758 -15.931589245, 34.291872281 -15.931832164, 34.292569131 -15.931717862, 34.293276525 -15.932082277, 34.293785719 -15.932923145, 34.295244848 -15.933173749, 34.296792058 -15.932468128, 34.297606633 -15.931825043, 34.297928175 -15.931374883, 34.299257218 -15.930624617, 34.300672006 -15.930646053, 34.301828246 -15.931527914, 34.302936994 -15.931554512, 34.303451096 -15.931696716, 34.304208975 -15.931439192, 34.304659135 -15.930710362, 34.305087858 -15.930453128, 34.305945306 -15.930453128, 34.30675988 -15.930838979, 34.3076602 -15.930903288, 34.308003179 -15.931031905, 34.308346157 -15.93167499, 34.308374531 -15.934041566, 34.308734467 -15.934533221, 34.309267571 -15.934739685, 34.309881204 -15.935288425, 34.310818435 -15.935485279, 34.311154297 -15.935426321, 34.311690201 -15.935833608, 34.312461904 -15.937398449, 34.314112489 -15.939156216, 34.314734519 -15.939445766, 34.316020309 -15.940699621, 34.316931015 -15.940911087, 34.317710841 -15.941534617, 34.318364404 -15.94227577, 34.320533287 -15.943283802, 34.322065311 -15.943464888, 34.323715897 -15.944429516, 34.324204097 -15.944450554, 34.325513265 -15.94387831, 34.326328744 -15.94523648, 34.326296266 -15.947223161, 34.326740155 -15.947905094, 34.327474763 -15.948547726, 34.326948669 -15.949566083, 34.326455683 -15.949698557, 34.325452227 -15.949917177, 34.325066376 -15.950453081, 34.325002067 -15.951160475, 34.324401854 -15.951610635, 34.324273237 -15.951953614, 34.324509035 -15.952639572, 34.325803935 -15.953256511, 34.32608048 -15.953626906, 34.32610649 -15.955093729, 34.326861864 -15.955557215, 34.325996931 -15.958002705, 34.326002627 -15.958309653, 34.326251454 -15.958706902, 34.325838078 -15.961021117, 34.326438291 -15.962028617, 34.326631994 -15.962440762, 34.32695033 -15.962726999, 34.327506298 -15.96382382, 34.327974215 -15.964051998, 34.32863798 -15.963823275, 34.329123837 -15.962730796, 34.329128222 -15.96216235, 34.329332175 -15.961942873, 34.330339676 -15.962221543, 34.33087558 -15.962693139, 34.332140315 -15.96262883, 34.333837345 -15.961690241, 34.334724448 -15.961853461, 34.336067049 -15.961684312, 34.336732981 -15.962110285, 34.337556981 -15.961838636, 34.338727267 -15.961925046, 34.339148472 -15.961651946, 34.339716997 -15.961724633, 34.342000956 -15.960806755, 34.342818572 -15.96099234, 34.343222818 -15.961214043, 34.343222818 -15.961578458, 34.349953778 -15.963164735, 34.351068459 -15.963164735, 34.352954843 -15.964129363, 34.354348195 -15.96425798, 34.355077025 -15.96408649, 34.355655801 -15.964408033, 34.355634365 -15.965093991, 34.355291376 -15.966510828, 34.355355695 -15.966958938, 34.355227078 -15.967516279, 34.354841227 -15.968116492, 34.35481979 -15.969209737, 34.355077025 -15.969938567, 34.355570057 -15.970345854, 34.356256014 -15.970474471, 34.356610171 -15.971529011, 34.356577557 -15.972360855, 34.357873922 -15.973650018, 34.360372122 -15.975087217, 34.360538755 -15.975472456, 34.360537491 -15.976495226, 34.361395881 -15.977571544, 34.361719098 -15.979319072, 34.362728688 -15.979915044, 34.363372325 -15.980713588, 34.363540495 -15.981870695, 34.363254239 -15.982505439, 34.363148592 -15.983925451, 34.363437707 -15.984825764, 34.362949297 -15.985347603, 34.36291487 -15.986192364, 34.364805296 -15.988776092, 34.365577683 -15.989633927, 34.366096865 -15.990855413, 34.366459635 -15.991053202, 34.367338518 -15.991181819, 34.367917295 -15.991974957, 34.369310646 -15.992446553, 34.369760806 -15.993582671, 34.371242422 -15.994619562, 34.371801473 -15.995903909, 34.373095869 -15.995983781, 34.373283869 -15.996607342, 34.373456058 -15.996764132, 34.373300244 -15.997373315, 34.373691399 -15.997605831, 34.374274885 -15.998732831, 34.374836373 -15.999402268, 34.375054292 -16.001111768, 34.375514075 -16.001780539, 34.37570831 -16.003166039, 34.375991207 -16.003740813, 34.375926483 -16.004401341, 34.37629463 -16.005744713, 34.376858819 -16.006744373, 34.376899053 -16.00749475, 34.377263468 -16.007816293, 34.377604155 -16.00886929, 34.377520702 -16.009295389, 34.378185224 -16.009381134, 34.378516388 -16.010206902, 34.378489196 -16.010667026, 34.379037718 -16.011283738, 34.379009538 -16.012296664, 34.38009861 -16.01374988, 34.380401412 -16.013922924, 34.380629303 -16.014445334, 34.380537496 -16.014755762, 34.381166048 -16.015140622, 34.382020479 -16.01599813, 34.382484823 -16.016850924, 34.382858311 -16.018512945, 34.383287034 -16.018984541, 34.38347865 -16.018772859, 34.384143148 -16.019239506, 34.385299976 -16.019451935, 34.386230073 -16.019889966, 34.38521629 -16.020870925, 34.385194854 -16.022350021, 34.386909748 -16.023764809, 34.387467089 -16.024493639, 34.387724323 -16.024665128, 34.388324536 -16.026037044, 34.388687691 -16.025810958, 34.389139111 -16.026808746, 34.389503526 -16.026701565, 34.390082303 -16.026208533, 34.390918313 -16.026358586, 34.391475654 -16.027087416, 34.391929304 -16.027062525, 34.394397847 -16.026764718, 34.394694343 -16.026811256, 34.394814011 -16.02698379, 34.395424543 -16.026689317, 34.395683034 -16.026705281, 34.396298794 -16.025779809, 34.396598901 -16.025694065, 34.398249486 -16.026422895, 34.399577272 -16.026336728, 34.399942155 -16.026605585, 34.40085575 -16.027954127, 34.400871418 -16.028395856, 34.401137572 -16.028946752, 34.403243882 -16.02935606, 34.405398833 -16.030514987, 34.40687914 -16.030417678, 34.408654549 -16.030650746, 34.409667245 -16.030202669, 34.41103504 -16.030245488, 34.412075821 -16.030238534, 34.412590289 -16.030624386, 34.412804651 -16.031288907, 34.413233374 -16.032746567, 34.413833587 -16.033411089, 34.413919332 -16.034718696, 34.414634378 -16.035437477, 34.415585349 -16.035766056, 34.415926152 -16.036199136, 34.416320184 -16.036412154, 34.417734972 -16.035769068, 34.418228004 -16.03570476, 34.418368814 -16.036257505, 34.418842272 -16.036786958, 34.420110396 -16.03707227, 34.420277973 -16.037704484, 34.421659565 -16.038602685, 34.422722677 -16.039527792, 34.424294442 -16.040570772, 34.425109017 -16.041342474, 34.426609549 -16.041921251, 34.427295507 -16.042843007, 34.427981464 -16.043057369, 34.429889284 -16.04299306, 34.430167955 -16.043250294, 34.430017901 -16.043871943, 34.429364346 -16.044523669, 34.427827243 -16.045952681, 34.426888219 -16.046122742, 34.426008285 -16.046235673, 34.424487927 -16.046858122, 34.424029136 -16.047373054, 34.423983476 -16.048228845, 34.424121307 -16.048830355, 34.423920814 -16.049440727, 34.423412055 -16.050076635, 34.423551895 -16.050658823, 34.424037208 -16.051331733, 34.424498476 -16.054199081, 34.425102426 -16.054431064, 34.426009082 -16.056006181, 34.426523311 -16.056240071, 34.42992054 -16.055952258, 34.43074154 -16.056195317, 34.431501104 -16.05662999, 34.43168861 -16.058008984, 34.432712513 -16.058438275, 34.434574763 -16.060233769, 34.434883914 -16.061213811, 34.435055403 -16.061706843, 34.435666018 -16.062003258, 34.435889378 -16.062539445, 34.435334073 -16.063164503, 34.435376946 -16.064300621, 34.435805312 -16.064719922, 34.436031321 -16.065792511, 34.435944222 -16.067166509, 34.436062903 -16.067773281, 34.436384446 -16.068137696, 34.436427318 -16.069080888, 34.435955723 -16.069874027, 34.434111938 -16.071675035, 34.433332659 -16.072957524, 34.432976094 -16.074482805, 34.432761732 -16.074782911, 34.432182955 -16.07512589, 34.431619895 -16.075905803, 34.431026774 -16.077280487, 34.430719742 -16.078693647, 34.43069531 -16.079807019, 34.430168291 -16.080358468, 34.429650049 -16.081810847, 34.426449865 -16.082352748, 34.424546058 -16.082505192, 34.422943963 -16.083271638, 34.422472367 -16.084279138, 34.421314813 -16.085329511, 34.420307313 -16.086615681, 34.419557047 -16.089123714, 34.419385557 -16.089466693, 34.418463802 -16.089531002, 34.418142259 -16.089681055, 34.417756408 -16.0907743, 34.417199067 -16.091267332, 34.416513109 -16.091417385, 34.416234439 -16.091824673, 34.417477737 -16.093518131, 34.41779928 -16.094225524, 34.417777844 -16.094739993, 34.417975409 -16.095310498, 34.417703595 -16.096573111, 34.417535691 -16.096975591, 34.418770198 -16.098658711, 34.418968439 -16.099590018, 34.417323495 -16.100594112, 34.417166728 -16.101112961, 34.416148694 -16.101492389, 34.415852161 -16.101810359, 34.415766416 -16.102153337, 34.415966487 -16.102353408, 34.415749194 -16.104761354, 34.415544211 -16.105093851, 34.415528995 -16.105816519, 34.41536305 -16.105966086, 34.415095641 -16.105924174, 34.414521864 -16.106680455, 34.414402352 -16.107297026, 34.414572992 -16.108093231, 34.413754712 -16.108653181, 34.41406468 -16.109117641, 34.414099734 -16.109777098, 34.413736341 -16.109986878, 34.412455669 -16.109794085, 34.411064756 -16.110328296, 34.410614449 -16.110890511, 34.410827834 -16.111840659, 34.410743549 -16.112076153, 34.409674969 -16.112853563, 34.409374862 -16.11353952, 34.40933199 -16.114611329, 34.409739277 -16.115211542, 34.409738607 -16.115445845, 34.410358958 -16.116076248, 34.410535003 -16.11653748, 34.409520077 -16.117454588, 34.409339856 -16.117876966, 34.409371582 -16.118479763, 34.40923512 -16.118825396, 34.408159155 -16.119016114, 34.406861434 -16.120022169, 34.406548651 -16.120453289, 34.406137472 -16.120509136, 34.40548144 -16.121855193, 34.405335158 -16.122971658, 34.405054019 -16.12341204, 34.404854555 -16.124170729, 34.404815188 -16.126811984, 34.404355277 -16.127864161, 34.404278994 -16.128457926, 34.40444644 -16.128838086, 34.404971458 -16.129172892, 34.404834743 -16.129901176, 34.405179036 -16.130814693, 34.405627809 -16.131044344, 34.406102439 -16.132033134, 34.406166611 -16.132536765, 34.405664489 -16.133816398, 34.405338257 -16.135503094, 34.404187284 -16.136466677, 34.404090483 -16.136844853, 34.404676112 -16.137166464, 34.404929921 -16.137515451, 34.404866469 -16.137896165, 34.404073315 -16.138213427, 34.403282504 -16.138973404, 34.403380929 -16.139517938, 34.402206087 -16.140850844, 34.402164824 -16.1417456, 34.402885388 -16.142492006, 34.402327661 -16.144346076, 34.40244841 -16.144685955, 34.40142947 -16.145584468, 34.400699769 -16.147614941, 34.401048756 -16.148471547, 34.401873636 -16.148820535, 34.402286076 -16.149581962, 34.402603337 -16.149772319, 34.403142682 -16.149740593, 34.403555122 -16.149455058, 34.404855894 -16.149455058, 34.405173155 -16.149677141, 34.405268334 -16.150089581, 34.405046251 -16.150502021, 34.403904109 -16.151009639, 34.403721852 -16.151687808, 34.402984051 -16.151644162, 34.402720051 -16.151818444, 34.402444707 -16.153674635, 34.401212878 -16.155255676, 34.400731495 -16.156085823, 34.400890125 -16.156593441, 34.401742455 -16.157120749, 34.40172724 -16.158062833, 34.402628758 -16.15867586, 34.402939071 -16.159359137, 34.40337564 -16.15984468, 34.40341162 -16.16074876, 34.403256975 -16.161168715, 34.403274669 -16.162189796, 34.401215468 -16.163479061, 34.400636316 -16.164524978, 34.400921852 -16.16500087, 34.401397744 -16.165381584, 34.401683279 -16.165952654, 34.402444707 -16.166777534, 34.402888873 -16.166999617, 34.403491669 -16.16845902, 34.403967562 -16.16903009, 34.403935835 -16.169474256, 34.403364765 -16.170299136, 34.403269586 -16.171219195, 34.403898975 -16.172404954, 34.404348275 -16.172964133, 34.404805371 -16.173242828, 34.404728989 -16.174486988, 34.404411728 -16.174899428, 34.403872383 -16.174994606, 34.403428217 -16.174804249, 34.40266679 -16.17496288, 34.402000541 -16.175629129, 34.401143935 -16.176136747, 34.400509412 -16.176834723, 34.399589353 -16.176993353, 34.399145187 -16.177278889, 34.398732747 -16.178198947, 34.3987962 -16.178738291, 34.39936727 -16.17924591, 34.39977971 -16.179436267, 34.399938341 -16.179785254, 34.399747984 -16.180292872, 34.399050009 -16.180768765, 34.398764474 -16.181784001, 34.398923104 -16.18229162, 34.398344661 -16.18319325, 34.39781109 -16.184374957, 34.397689147 -16.185295591, 34.398500398 -16.186267158, 34.399521186 -16.187022064, 34.400287329 -16.186542923, 34.401351832 -16.187559348, 34.401461196 -16.188319588, 34.400753152 -16.189660438, 34.400717329 -16.190259227, 34.401334291 -16.19019143, 34.402066867 -16.19053475, 34.402190897 -16.190952858, 34.40184191 -16.191301845, 34.401784681 -16.191744952, 34.401524648 -16.192031547, 34.401588101 -16.193268867, 34.401048886 -16.194345087, 34.401040486 -16.195267102, 34.401538367 -16.196122893, 34.401894379 -16.196038932, 34.402307367 -16.196311868, 34.40225435 -16.197710527, 34.402888873 -16.198598859, 34.403555122 -16.199296834, 34.403682026 -16.199836179, 34.403559948 -16.200447577, 34.404618151 -16.203082104, 34.404512802 -16.205193042, 34.405109703 -16.205737242, 34.405331786 -16.206213134, 34.405331786 -16.206942836, 34.406183547 -16.207220901, 34.407283529 -16.207490012, 34.408450925 -16.207573256, 34.409525695 -16.208602517, 34.409875111 -16.210556245, 34.408896613 -16.212358532, 34.408663031 -16.212780447, 34.40892976 -16.214563762, 34.409234102 -16.214969551, 34.410883862 -16.215826157, 34.411423206 -16.217539369, 34.411889516 -16.217938525, 34.412384543 -16.219060018, 34.412760907 -16.219442268, 34.413586911 -16.219331193, 34.414588474 -16.21964515, 34.414608647 -16.220779226, 34.414294272 -16.222346312, 34.414779661 -16.222529424, 34.414537462 -16.226305004, 34.415181786 -16.227120211, 34.416205783 -16.227284337, 34.417036897 -16.227728603, 34.417250593 -16.228006433, 34.417407304 -16.230028253, 34.417329717 -16.231224234, 34.418205985 -16.235290925, 34.418427466 -16.235953985, 34.418875988 -16.236577758, 34.419112448 -16.237615043, 34.419870401 -16.238093065, 34.420289366 -16.239100685, 34.421666873 -16.239485626, 34.421605104 -16.240201286, 34.421270174 -16.240426129, 34.420941852 -16.242362785, 34.419947759 -16.242633697, 34.420033399 -16.242749785, 34.419551558 -16.243472546, 34.418882335 -16.244462997, 34.419568775 -16.244970474, 34.41874849 -16.246791894, 34.418802028 -16.247220197, 34.419256439 -16.247383835, 34.419611796 -16.248028743, 34.419096486 -16.248879871, 34.419524789 -16.25016478, 34.421672614 -16.251305788, 34.424029076 -16.251787943, 34.424013831 -16.252517559, 34.424349635 -16.253649072, 34.424155815 -16.255224109, 34.425387186 -16.25594687, 34.426456411 -16.2574287, 34.427338906 -16.258461367, 34.427823159 -16.260149593, 34.42835409 -16.260953921, 34.429027762 -16.261916343, 34.42956314 -16.262398184, 34.429937905 -16.262933563, 34.430312671 -16.263468942, 34.43056144 -16.263929648, 34.431196045 -16.264405854, 34.432240034 -16.265315998, 34.432882488 -16.265208922, 34.436335681 -16.264298779, 34.436630139 -16.265315998, 34.437192287 -16.26577107, 34.437593821 -16.265878146, 34.438269371 -16.266279581, 34.438584272 -16.266359987, 34.439253495 -16.267698434, 34.439732583 -16.268205271, 34.439815643 -16.26930457, 34.440620198 -16.271004397, 34.440858144 -16.271361316, 34.442880686 -16.272646225, 34.444998406 -16.273098323, 34.446378494 -16.273479037, 34.447592019 -16.273479037, 34.448829339 -16.273954929, 34.448995901 -16.275430195, 34.448472419 -16.276477157, 34.448448625 -16.276881666, 34.448638982 -16.27726238, 34.450019069 -16.278237959, 34.45085188 -16.280189117, 34.451617667 -16.280884303, 34.452517503 -16.280998133, 34.452946724 -16.280605745, 34.453404319 -16.280953396, 34.453831886 -16.281920311, 34.454038556 -16.281986809, 34.455530495 -16.281003604, 34.456050749 -16.280422509, 34.456771169 -16.279968494, 34.457652933 -16.278880359, 34.458106948 -16.278711512, 34.458587794 -16.279182075, 34.459122641 -16.28028573, 34.459679681 -16.280498447, 34.460821822 -16.280546036, 34.461131152 -16.280783982, 34.461250125 -16.281212285, 34.46184499 -16.281474026, 34.462630212 -16.281474026, 34.463296462 -16.281259874, 34.464496835 -16.281580677, 34.464889631 -16.28160453, 34.464933667 -16.282114635, 34.465854184 -16.28178912, 34.466532529 -16.281140901, 34.467198778 -16.281117106, 34.468201304 -16.282042103, 34.469177028 -16.282385118, 34.469736867 -16.282416005, 34.470300676 -16.282102456, 34.470794386 -16.281210287, 34.471553191 -16.280665009, 34.47275179 -16.280383584, 34.473742295 -16.279522868, 34.474860642 -16.279261127, 34.475431713 -16.279094565, 34.476026578 -16.279284921, 34.476169346 -16.280665009, 34.476454881 -16.280902955, 34.476296917 -16.28119489, 34.476493387 -16.28145429, 34.476461723 -16.281947377, 34.47666333 -16.282485284, 34.476742699 -16.283896359, 34.478155515 -16.285446094, 34.48109483 -16.286589867, 34.481856257 -16.286756429, 34.482855631 -16.287160937, 34.483117372 -16.287422678, 34.484235718 -16.287993749, 34.484997146 -16.288755176, 34.486166319 -16.28896329, 34.486264435 -16.289342604, 34.486094322 -16.289838724, 34.485372379 -16.29085892, 34.485688206 -16.291446434, 34.486139287 -16.291610529, 34.486805536 -16.292722148, 34.48687692 -16.29372825, 34.487043482 -16.294013785, 34.487971472 -16.294465883, 34.48842357 -16.294489677, 34.48881791 -16.295580516, 34.489653897 -16.296289328, 34.490161269 -16.296385207, 34.49054129 -16.295584229, 34.49115995 -16.295608024, 34.491968967 -16.295132132, 34.49265901 -16.295179721, 34.493134903 -16.295489051, 34.494229455 -16.295512846, 34.495224748 -16.296201905, 34.497968005 -16.293745911, 34.500959887 -16.291730969, 34.502791653 -16.291157016, 34.503829653 -16.290644122, 34.504965347 -16.290607487, 34.507016925 -16.291535581, 34.507248948 -16.291535581, 34.507903494 -16.290489846, 34.510700913 -16.289122236, 34.511348046 -16.288593908, 34.512688627 -16.288905, 34.513920751 -16.288685313, 34.515159047 -16.287916871, 34.515430452 -16.286756429, 34.515811166 -16.286756429, 34.516198327 -16.285904212, 34.516522376 -16.285684616, 34.516805025 -16.285945846, 34.517930611 -16.284731428, 34.518119243 -16.284115227, 34.518445034 -16.283921722, 34.518523751 -16.282996881, 34.519642098 -16.281688177, 34.520141785 -16.280593625, 34.521236337 -16.279808403, 34.523377852 -16.279760814, 34.524305842 -16.280022554, 34.524567582 -16.28056983, 34.524662761 -16.281402642, 34.525114858 -16.282045096, 34.525138653 -16.282639961, 34.525733518 -16.283306211, 34.526304589 -16.283901076, 34.52718499 -16.284781476, 34.527660882 -16.285947412, 34.528469898 -16.287708213, 34.529968959 -16.288065133, 34.53054003 -16.288493436, 34.5311111 -16.288350668, 34.531563198 -16.288088927, 34.532110474 -16.288184106, 34.532467393 -16.289540398, 34.533799891 -16.291467762, 34.534275783 -16.291705708, 34.534632702 -16.292205395, 34.535632076 -16.292395752, 34.537154931 -16.292943028, 34.537678413 -16.293894812, 34.538201894 -16.294537267, 34.538487429 -16.295060748, 34.539225062 -16.295512846, 34.539748544 -16.2961553, 34.541200015 -16.296298068, 34.542675281 -16.296750165, 34.542924325 -16.29706025, 34.543198762 -16.298772707, 34.543198762 -16.299653108, 34.542592884 -16.300120793, 34.542282557 -16.300827059, 34.542484924 -16.301080784, 34.54259587 -16.301812874, 34.542733687 -16.302052029, 34.542603897 -16.302817791, 34.542937021 -16.304197878, 34.543888806 -16.305316225, 34.54514992 -16.306006269, 34.54576858 -16.306030063, 34.546411034 -16.305887295, 34.547791122 -16.305768322, 34.548433576 -16.305458993, 34.549243321 -16.304806506, 34.549670896 -16.304935511, 34.550598886 -16.306386982, 34.550646475 -16.307053231, 34.550953308 -16.307456289, 34.551175629 -16.308118151, 34.552565495 -16.308296983, 34.55340665 -16.308861622, 34.554501202 -16.310360682, 34.555096067 -16.310670012, 34.557188856 -16.311035018, 34.55832682 -16.311383093, 34.559402892 -16.311360056, 34.560188114 -16.311169699, 34.560664006 -16.311502823, 34.561068514 -16.311978716, 34.562576666 -16.312153264, 34.562948288 -16.311883537, 34.563257618 -16.311883537, 34.563783908 -16.312639842, 34.564964454 -16.313232527, 34.566684042 -16.313287419, 34.56742187 -16.312966837, 34.567992746 -16.312835322, 34.569294037 -16.313415662, 34.569377683 -16.313825001, 34.569840913 -16.314270651, 34.570419796 -16.314358177, 34.570752921 -16.315619291, 34.570990867 -16.316071389, 34.571273828 -16.31617978, 34.571463103 -16.316906111, 34.571395375 -16.31721353, 34.571871267 -16.318331877, 34.572133008 -16.31933125, 34.572799257 -16.320544775, 34.574298317 -16.321306203, 34.574845593 -16.321877273, 34.575028522 -16.323179361, 34.57523102 -16.323531971, 34.575548866 -16.325206007, 34.57539287 -16.325803384, 34.575607021 -16.326422044, 34.575226307 -16.328420791, 34.575611426 -16.328739935, 34.575131129 -16.329158424, 34.575012156 -16.329753289, 34.57424602 -16.330275713, 34.574166289 -16.330656836, 34.574389897 -16.331644305, 34.573608274 -16.332346902, 34.573856573 -16.333136577, 34.574325458 -16.333188621, 34.574313373 -16.334553249, 34.573622238 -16.335226138, 34.573380189 -16.335923717, 34.573592646 -16.336564442, 34.573213077 -16.337898338, 34.572823126 -16.338375806, 34.572658701 -16.339047231, 34.571855958 -16.339747995, 34.570517408 -16.341755136, 34.569630114 -16.342000081, 34.568930872 -16.343096756, 34.568731193 -16.344126445, 34.568827525 -16.344996625, 34.570713383 -16.344916454, 34.57153947 -16.345031453, 34.571942651 -16.345053224, 34.572534289 -16.345388907, 34.572585106 -16.347242328, 34.573084792 -16.347884782, 34.573513095 -16.347908577, 34.576181836 -16.349316045, 34.577408174 -16.349456534, 34.577551152 -16.349126119, 34.578247898 -16.348631493, 34.578676526 -16.34983594, 34.578462374 -16.350335627, 34.578678855 -16.351865046, 34.578604876 -16.353397341, 34.578907888 -16.354980888, 34.579406678 -16.35547106, 34.581018783 -16.356059685, 34.581605492 -16.356587027, 34.581637968 -16.357257478, 34.583270156 -16.357872251, 34.583923903 -16.359474767, 34.585070714 -16.360213082, 34.586341991 -16.362374321, 34.586385979 -16.364517215, 34.586742899 -16.365016901, 34.587337764 -16.367039443, 34.58819437 -16.368110201, 34.588831014 -16.368651665, 34.589669636 -16.369680645, 34.589859992 -16.371251089, 34.589503073 -16.372512204, 34.588845638 -16.372884261, 34.588327805 -16.373256132, 34.587837451 -16.373892291, 34.587837451 -16.375843449, 34.587777459 -16.376153915, 34.587889382 -16.376587012, 34.587805826 -16.376943173, 34.586555989 -16.377769073, 34.586362185 -16.378103937, 34.58695705 -16.378984338, 34.587718478 -16.3791509, 34.587114044 -16.380407741, 34.587123612 -16.381435182, 34.586576336 -16.381696923, 34.586357977 -16.38208017, 34.58550035 -16.382767103, 34.585397623 -16.383067981, 34.585838703 -16.383719465, 34.586908524 -16.384758041, 34.587146488 -16.385073579, 34.586945838 -16.385841307, 34.586480418 -16.386387232, 34.586519758 -16.386805995, 34.586277843 -16.387092246, 34.585972198 -16.38711535, 34.585200605 -16.389028778, 34.585200536 -16.389457407, 34.584540081 -16.39034228, 34.586052855 -16.391452713, 34.585525103 -16.392023201, 34.585285338 -16.392765895, 34.585557351 -16.393466745, 34.585522383 -16.394129738, 34.585915978 -16.394840593, 34.586180277 -16.394978567, 34.586522233 -16.395622066, 34.587171313 -16.395811347, 34.58732455 -16.396278848, 34.587052228 -16.397853463, 34.587322894 -16.39822094, 34.587271626 -16.398929486, 34.588019072 -16.399957859, 34.588071358 -16.400245624, 34.588408521 -16.400399487, 34.588527494 -16.400661227, 34.589103524 -16.400927624, 34.589431689 -16.401969931, 34.590906955 -16.402778948, 34.591406642 -16.4038735, 34.591721466 -16.404272719, 34.591904566 -16.404866782, 34.591180777 -16.40673188, 34.590454858 -16.408085146, 34.590478652 -16.409108314, 34.591351875 -16.410017167, 34.591484352 -16.410562606, 34.592025302 -16.411321213, 34.592079559 -16.411997859, 34.592501194 -16.412986835, 34.593729028 -16.413919395, 34.59397646 -16.414390717, 34.594006724 -16.415273243, 34.593860781 -16.416202414, 34.593879465 -16.417861809, 34.595091098 -16.418268861, 34.596808019 -16.418055087, 34.597617035 -16.417484017, 34.599163685 -16.417507811, 34.600591362 -16.418602363, 34.601186227 -16.418768926, 34.601400378 -16.419221023, 34.6013052 -16.420006245, 34.60254252 -16.422123966, 34.602637698 -16.42369441, 34.604374705 -16.424217891, 34.605237154 -16.422970105, 34.605676379 -16.422944464, 34.606030746 -16.42260153, 34.606023793 -16.422364714, 34.607372825 -16.421790841, 34.608514967 -16.421029414, 34.60894327 -16.421029414, 34.6092526 -16.421195976, 34.609925526 -16.421283699, 34.610169749 -16.421486931, 34.610768071 -16.421535201, 34.611441308 -16.421259433, 34.612679023 -16.421291154, 34.61286938 -16.421790841, 34.612631434 -16.422695036, 34.613238747 -16.423163144, 34.61401442 -16.424665368, 34.614215747 -16.425800705, 34.615201252 -16.426288022, 34.616176831 -16.425716952, 34.61730107 -16.426256207, 34.618271461 -16.426086883, 34.618873082 -16.424690989, 34.619365309 -16.424408248, 34.621411645 -16.424408248, 34.622178879 -16.425831004, 34.622805461 -16.426012355, 34.623021266 -16.425871713, 34.623362803 -16.426311817, 34.623471031 -16.426886164, 34.623691479 -16.427073963, 34.626257694 -16.427157849, 34.62628954 -16.428048824, 34.627384092 -16.429190965, 34.628237241 -16.429581289, 34.628859358 -16.430380695, 34.629859394 -16.431504778, 34.630070197 -16.432301366, 34.629894337 -16.432631253, 34.630049089 -16.433331227, 34.629882527 -16.433616762, 34.630096678 -16.434782698, 34.630429803 -16.435068234, 34.631438872 -16.435286777, 34.63176355 -16.435505391, 34.63330895 -16.435805866, 34.634070378 -16.435377563, 34.634355913 -16.435377563, 34.634593859 -16.43556792, 34.634451092 -16.43618658, 34.634308324 -16.436448321, 34.634807825 -16.437295084, 34.634367122 -16.438496126, 34.635041148 -16.439387139, 34.63609292 -16.43923229, 34.636806758 -16.43861363, 34.638710327 -16.437828408, 34.639495549 -16.43773323, 34.640447333 -16.436876624, 34.641065993 -16.436710062, 34.641303939 -16.436472115, 34.641851215 -16.436591089, 34.642446081 -16.437328721, 34.642921973 -16.438161533, 34.643017151 -16.438851577, 34.643373323 -16.439759581, 34.645066913 -16.439934296, 34.645698163 -16.441144434, 34.645261416 -16.443180525, 34.644516403 -16.445379123, 34.644396754 -16.445981237, 34.644578133 -16.447848184, 34.644516212 -16.448607367, 34.645325228 -16.44960674, 34.646229424 -16.450368168, 34.647133619 -16.45053473, 34.648228171 -16.451224774, 34.649346518 -16.451629282, 34.650179329 -16.45208138, 34.650726605 -16.452628656, 34.652059103 -16.453223521, 34.652487406 -16.453223521, 34.654272002 -16.451629282, 34.654509948 -16.451034417, 34.65529517 -16.450344373, 34.657555658 -16.4502254, 34.657864988 -16.449820892, 34.657960166 -16.449416383, 34.658531237 -16.449226026, 34.65974989 -16.449268428, 34.660220818 -16.44911511, 34.660269554 -16.448317793, 34.660458606 -16.448075017, 34.660636803 -16.448069804, 34.661291412 -16.446299289, 34.662219402 -16.44532371, 34.663575694 -16.444728845, 34.664816411 -16.444731618, 34.66510167 -16.444607394, 34.665637004 -16.443782956, 34.668001492 -16.443562909, 34.669214939 -16.442300591, 34.669607043 -16.442186162, 34.669786088 -16.441897287, 34.67098109 -16.441032803, 34.671808629 -16.441350011, 34.673379074 -16.441016886, 34.675044696 -16.441040681, 34.675496757 -16.440874929, 34.676638935 -16.441302421, 34.677614514 -16.441207243, 34.678447326 -16.440041307, 34.678804245 -16.439327469, 34.679915402 -16.438219274, 34.681017144 -16.438470863, 34.680993349 -16.439422647, 34.680231921 -16.440041307, 34.679898797 -16.44077894, 34.679827413 -16.441564162, 34.679589467 -16.441849697, 34.679494457 -16.442509767, 34.679303932 -16.442753893, 34.679065986 -16.443586704, 34.678542504 -16.444157775, 34.677848619 -16.445777126, 34.677947639 -16.446227906, 34.677674617 -16.447404299, 34.677923817 -16.448110762, 34.677566925 -16.448750134, 34.677045989 -16.449205676, 34.676710319 -16.449844686, 34.676710319 -16.450201606, 34.677329932 -16.450691975, 34.677138622 -16.45115339, 34.677733487 -16.451415131, 34.678006421 -16.451952789, 34.679094277 -16.452133235, 34.679589467 -16.451914817, 34.679756029 -16.452462093, 34.680553289 -16.453107717, 34.68067118 -16.453410356, 34.681098371 -16.453749985, 34.680983802 -16.455319356, 34.679970181 -16.456435793, 34.679422905 -16.457173426, 34.678994602 -16.457482756, 34.678970807 -16.457720702, 34.679600424 -16.458393949, 34.680941002 -16.460851146, 34.68171926 -16.462066796, 34.681988285 -16.462326765, 34.681943185 -16.462951462, 34.682440492 -16.463568193, 34.682942558 -16.463379765, 34.683537491 -16.463820275, 34.683204299 -16.464117398, 34.682918764 -16.465307129, 34.683109121 -16.465783021, 34.683865032 -16.466240278, 34.683820181 -16.466707527, 34.683939565 -16.467461923, 34.684024451 -16.468709684, 34.684298851 -16.470327791, 34.682990148 -16.47315935, 34.68264511 -16.473440437, 34.682427816 -16.47389438, 34.682556128 -16.474500653, 34.68239729 -16.475266203, 34.681374074 -16.476408839, 34.681276816 -16.4767507, 34.680301357 -16.476990282, 34.679718406 -16.4775658, 34.67951967 -16.478293882, 34.679278188 -16.480083581, 34.679446685 -16.480611501, 34.680134794 -16.481558847, 34.680253767 -16.482463042, 34.681134168 -16.483581389, 34.682823585 -16.483724157, 34.682942558 -16.48415246, 34.682871175 -16.484485584, 34.68253805 -16.484961477, 34.682371488 -16.485365985, 34.68315671 -16.486627099, 34.683013942 -16.488530668, 34.682728407 -16.489149328, 34.682752202 -16.49024388, 34.68346604 -16.490957718, 34.683894343 -16.4914812, 34.68403711 -16.493075439, 34.684322646 -16.49359892, 34.684203673 -16.49452691, 34.683918137 -16.494741061, 34.683799164 -16.495954586, 34.68403711 -16.4963353, 34.6849651 -16.496834987, 34.685322019 -16.498096101, 34.68558376 -16.498357842, 34.685631349 -16.498690967, 34.685386888 -16.499027367, 34.685084073 -16.500023465, 34.684631976 -16.500570741, 34.684544043 -16.501166135, 34.683513629 -16.501213195, 34.683208243 -16.501767351, 34.682871175 -16.502046007, 34.682757187 -16.502523343, 34.682101204 -16.502535034, 34.68253805 -16.503235737, 34.684132289 -16.503188148, 34.685155457 -16.502402926, 34.685312497 -16.502849443, 34.686708784 -16.502884344, 34.687775072 -16.503019547, 34.687963221 -16.502759845, 34.689020943 -16.502523266, 34.689696921 -16.502821074, 34.689914379 -16.503330915, 34.689557774 -16.505002131, 34.690743023 -16.505277798, 34.691911239 -16.505216243, 34.692579375 -16.505234484, 34.693266664 -16.504426188, 34.693507642 -16.503834272, 34.694268793 -16.5042827, 34.694641119 -16.505001189, 34.696424214 -16.505176396, 34.697031518 -16.505114459, 34.697757581 -16.505250014, 34.698218698 -16.505067922, 34.698705342 -16.505087061, 34.699179043 -16.504121815, 34.69995904 -16.503758969, 34.700764371 -16.503271165, 34.70151374 -16.502850008, 34.701954452 -16.502855023, 34.702525522 -16.50242672, 34.702966648 -16.502427903, 34.703800084 -16.501576608, 34.706123502 -16.50065896, 34.707231671 -16.50065611, 34.707700615 -16.500356826, 34.708726872 -16.499006842, 34.709893078 -16.497585782, 34.710758458 -16.497072933, 34.711400912 -16.497358468, 34.712082179 -16.49713163, 34.712929103 -16.497252729, 34.715493585 -16.497429852, 34.715945683 -16.497168111, 34.716136039 -16.496787398, 34.717968224 -16.496382889, 34.718634473 -16.496763603, 34.718705857 -16.496977755, 34.719851285 -16.496996642, 34.720942551 -16.496906371, 34.7216088 -16.497191906, 34.721775362 -16.497834361, 34.721270173 -16.498090663, 34.721632594 -16.498786145, 34.721347059 -16.49969034, 34.721370854 -16.500118643, 34.72222746 -16.501712882, 34.722478888 -16.502358508, 34.722869914 -16.502664666, 34.723188068 -16.502683382, 34.72390476 -16.502435251, 34.724748181 -16.502408281, 34.725146176 -16.501972771, 34.725660541 -16.502143748, 34.7260327 -16.502025121, 34.726651802 -16.502830386, 34.727259165 -16.503120503, 34.728240177 -16.503071476, 34.728683232 -16.504120025, 34.729047636 -16.504293179, 34.729936913 -16.505615198, 34.7305216 -16.505789023, 34.73114043 -16.506056686, 34.731470278 -16.506405519, 34.73206051 -16.506648849, 34.733006418 -16.505995912, 34.735290701 -16.505924528, 34.735671414 -16.506043501, 34.736884939 -16.507590151, 34.737622572 -16.507923275, 34.73830861 -16.507948489, 34.73957373 -16.509850639, 34.739764087 -16.510421709, 34.740127611 -16.51076676, 34.74081108 -16.510695259, 34.741620067 -16.510778628, 34.742643235 -16.509898228, 34.743214306 -16.510017201, 34.743428457 -16.510326531, 34.744228976 -16.510609037, 34.744669898 -16.510955113, 34.746578102 -16.511515841, 34.747615687 -16.511387854, 34.748187379 -16.511444878, 34.749108802 -16.511265206, 34.750174493 -16.51146498, 34.750828581 -16.511968359, 34.752434554 -16.512776793, 34.752121909 -16.513624916, 34.751289535 -16.514289954, 34.751209295 -16.514918891, 34.751708981 -16.517036611, 34.752215576 -16.517228964, 34.752874917 -16.517869422, 34.753188492 -16.518699557, 34.75299389 -16.51894018, 34.752928251 -16.519727198, 34.753095657 -16.520047267, 34.753707729 -16.520463035, 34.753850496 -16.520772365, 34.753779113 -16.521153078, 34.75299389 -16.521581381, 34.752827328 -16.522176247, 34.752898712 -16.522485577, 34.75374376 -16.522751743, 34.754086564 -16.522834684, 34.754802281 -16.522723523, 34.755064021 -16.522818701, 34.755315368 -16.524146492, 34.756824823 -16.524698475, 34.757157947 -16.524674681, 34.758157321 -16.523389772, 34.758609418 -16.523294593, 34.759727765 -16.523722896, 34.760560576 -16.525245751, 34.761226826 -16.525697849, 34.761512361 -16.526340303, 34.76125062 -16.527292088, 34.760882325 -16.528225411, 34.760893701 -16.528481818, 34.761822516 -16.529222269, 34.762309602 -16.5292563, 34.762469396 -16.529545274, 34.762202405 -16.531360966, 34.764010347 -16.532479833, 34.76450382 -16.532660338, 34.764700839 -16.53328833, 34.764630534 -16.534421412, 34.765319498 -16.535310871, 34.766006479 -16.536959748, 34.766137994 -16.538033349, 34.766104721 -16.539570107, 34.766366461 -16.540545686, 34.766842353 -16.540831221, 34.76788396 -16.540953048, 34.768432914 -16.541720996, 34.768947672 -16.542793736, 34.769459761 -16.542829968, 34.770457266 -16.542466899, 34.77136207 -16.542741362, 34.772338908 -16.54299653, 34.772844307 -16.543278625, 34.77317172 -16.543163093, 34.773242546 -16.542911971, 34.774570339 -16.543623421, 34.774932521 -16.544329029, 34.774992595 -16.544986228, 34.775347719 -16.54525738, 34.775278221 -16.545722754, 34.775702744 -16.54614461, 34.7759081 -16.546851257, 34.7759081 -16.547565096, 34.776823467 -16.548954805, 34.777198603 -16.54919624, 34.777002652 -16.551277055, 34.777360759 -16.551913796, 34.777401448 -16.553189264, 34.777671614 -16.554103331, 34.778054632 -16.554270817, 34.778430329 -16.556678431, 34.778799508 -16.557234603, 34.778354843 -16.557734406, 34.77803714 -16.558911016, 34.778878662 -16.559832303, 34.779273156 -16.560782254, 34.779140688 -16.561192885, 34.779306486 -16.561654606, 34.778922457 -16.561869646, 34.778775323 -16.562163674, 34.778709805 -16.562368326, 34.778984343 -16.562883384, 34.778890832 -16.563265801, 34.779260195 -16.563647996, 34.779207629 -16.564203152, 34.778899458 -16.564541698, 34.778918766 -16.565045894, 34.779398508 -16.565584899, 34.77990937 -16.565865579, 34.779920787 -16.566613603, 34.779615759 -16.567178263, 34.779586068 -16.567546039, 34.779741377 -16.567871446, 34.779667648 -16.568313996, 34.780598332 -16.568425298, 34.780650356 -16.569111714, 34.781064929 -16.569434571, 34.780866215 -16.569812085, 34.781317812 -16.571095026, 34.780222215 -16.571815386, 34.779953184 -16.572430463, 34.780247662 -16.572971199, 34.780090464 -16.573482639, 34.779337011 -16.573693021, 34.77828088 -16.573505722, 34.777841232 -16.574731792, 34.776907474 -16.575333406, 34.776383992 -16.575714119, 34.774742164 -16.575785503, 34.773600023 -16.576332779, 34.773362077 -16.577236974, 34.773677201 -16.577930524, 34.773696836 -16.578318918, 34.773503481 -16.578650666, 34.772508059 -16.578984393, 34.771843428 -16.579745145, 34.771671929 -16.57989, 34.771605135 -16.580360977, 34.77191314 -16.581095933, 34.771733957 -16.581226487, 34.771929392 -16.581514826, 34.771520969 -16.582141638, 34.771449585 -16.583497931, 34.772270499 -16.584622226, 34.772473373 -16.585915919, 34.773138825 -16.586286958, 34.773339166 -16.586007509, 34.773591437 -16.586018738, 34.774611706 -16.586877079, 34.775095806 -16.586900945, 34.775288463 -16.586090102, 34.775533385 -16.585771766, 34.775431695 -16.584898707, 34.775591116 -16.584231591, 34.77584152 -16.583980039, 34.77682197 -16.584070122, 34.776887474 -16.583205568, 34.777320905 -16.582587787, 34.77787413 -16.582534249, 34.778552276 -16.582962552, 34.778720202 -16.58350796, 34.780091189 -16.583598891, 34.779598368 -16.584254962, 34.779512588 -16.584975965, 34.779034117 -16.58544314, 34.778962733 -16.585907135, 34.781407629 -16.586442514, 34.78171101 -16.586799433, 34.781764548 -16.587102815, 34.783327676 -16.587497816, 34.78389805 -16.586957185, 34.784160997 -16.586359001, 34.784816378 -16.586584514, 34.785187505 -16.585662841, 34.785137434 -16.584711456, 34.785497023 -16.584088039, 34.786080909 -16.583421558, 34.786731356 -16.583688965, 34.787043698 -16.584077273, 34.78704289 -16.584361961, 34.787464948 -16.58524017, 34.787635868 -16.585639446, 34.788627918 -16.585940259, 34.789254056 -16.586478598, 34.789744346 -16.586471748, 34.789964741 -16.586670053, 34.790626097 -16.586667563, 34.790960888 -16.586374357, 34.791281947 -16.585755916, 34.791718686 -16.585967155, 34.792065522 -16.585967179, 34.792539741 -16.586654448, 34.792895629 -16.586588445, 34.792997627 -16.586918979, 34.792739812 -16.587584655, 34.792756874 -16.589062632, 34.794069614 -16.589461676, 34.794370117 -16.589907595, 34.795818892 -16.590495124, 34.796041111 -16.591070009, 34.796494389 -16.590622994, 34.796986991 -16.590720728, 34.797599447 -16.591364351, 34.798147137 -16.591475074, 34.798529686 -16.591840304, 34.798129291 -16.592813521, 34.798282006 -16.593326338, 34.799634541 -16.593636611, 34.800010388 -16.593978745, 34.800056655 -16.594169814, 34.801448639 -16.594366119, 34.801698483 -16.594526733, 34.801629942 -16.595361524, 34.802651823 -16.596065422, 34.803396359 -16.595906931, 34.804154961 -16.59545509, 34.80468178 -16.59571959, 34.805428288 -16.594865806, 34.806070742 -16.594901498, 34.80630274 -16.595062112, 34.806412853 -16.595371068, 34.807328344 -16.595634364, 34.808485191 -16.596448244, 34.808943942 -16.596686094, 34.809452695 -16.596560733, 34.810109697 -16.596623815, 34.810500999 -16.596976764, 34.810335926 -16.597150089, 34.810817767 -16.597917465, 34.811495914 -16.598470689, 34.811439404 -16.599498567, 34.811348319 -16.599869257, 34.811682603 -16.600241282, 34.812120522 -16.600076826, 34.813266042 -16.600266051, 34.813173434 -16.601129737, 34.812696172 -16.601379133, 34.81339907 -16.602279232, 34.813195816 -16.602964154, 34.813385753 -16.603281882, 34.813299414 -16.603818723, 34.813469024 -16.603937649, 34.814583152 -16.603826085, 34.814993721 -16.604270626, 34.815037728 -16.604562001, 34.815618734 -16.604950718, 34.816171554 -16.604877388, 34.816599857 -16.60509154, 34.816761868 -16.605363451, 34.817037808 -16.605116274, 34.817303319 -16.605375289, 34.817488354 -16.605281429, 34.817777691 -16.605412767, 34.818919832 -16.60500231, 34.820106231 -16.603498696, 34.820883894 -16.603504485, 34.822542561 -16.604056474, 34.823865886 -16.604993246, 34.824059929 -16.605213048, 34.824008238 -16.60543827, 34.82342882 -16.605533318, 34.823220708 -16.606180143, 34.823327783 -16.606376449, 34.823249249 -16.606628775, 34.8239167 -16.606751214, 34.824531295 -16.607283017, 34.824925815 -16.607315792, 34.825577676 -16.606938366, 34.827327617 -16.607734585, 34.827631436 -16.607761843, 34.828184736 -16.606897598, 34.829223652 -16.605936079, 34.829306179 -16.605341383, 34.829466793 -16.604734621, 34.82988015 -16.60451383, 34.830127093 -16.603378328, 34.83110015 -16.602339554, 34.831459879 -16.601434298, 34.831858151 -16.601218967, 34.832448416 -16.600761926, 34.832978425 -16.6006499, 34.833785515 -16.601236813, 34.83482648 -16.601549558, 34.835802108 -16.601629424, 34.837737368 -16.60327138, 34.837344163 -16.604296806, 34.836778309 -16.605044262, 34.836781792 -16.605363797, 34.839353453 -16.605555535, 34.840424211 -16.605733994, 34.842530034 -16.607233055, 34.842788492 -16.608064528, 34.843135544 -16.608100451, 34.843279978 -16.608642733, 34.841816195 -16.609838564, 34.841227279 -16.611141319, 34.841584198 -16.612336998, 34.842190961 -16.613068683, 34.843154642 -16.613853905, 34.843889819 -16.614093537, 34.844126492 -16.615582145, 34.844546627 -16.61674495, 34.844798584 -16.616983749, 34.844636679 -16.617680906, 34.844772858 -16.618301283, 34.844493089 -16.6185117, 34.844939238 -16.618850773, 34.847045061 -16.619047079, 34.848115818 -16.619279076, 34.848273163 -16.619614931, 34.84918118 -16.619626489, 34.849608096 -16.620157596, 34.850106476 -16.620426964, 34.850330406 -16.620879511, 34.849998972 -16.622829974, 34.850010666 -16.623542571, 34.849817132 -16.624247879, 34.849743967 -16.625046425, 34.848776119 -16.625203934, 34.848412142 -16.625520376, 34.848465123 -16.625875738, 34.848309492 -16.626204354, 34.84850925 -16.626557011, 34.847960184 -16.627136661, 34.848660763 -16.627934249, 34.848865349 -16.629076507, 34.849084899 -16.629959472, 34.850061028 -16.630414953, 34.851331608 -16.630617032, 34.851567375 -16.631328519, 34.851806578 -16.632699911, 34.852621872 -16.6339557, 34.854213172 -16.635070002, 34.854488147 -16.635367256, 34.853872539 -16.635592022, 34.852113313 -16.638106561, 34.852041929 -16.639355778, 34.852327464 -16.640712071, 34.852927324 -16.640712787, 34.853415102 -16.641355282, 34.854126314 -16.641691892, 34.853787106 -16.642428104, 34.853855515 -16.643011821, 34.852256081 -16.643317581, 34.852077621 -16.643835114, 34.852113313 -16.644370492, 34.852070992 -16.644706606, 34.852755767 -16.645369866, 34.852684384 -16.645851707, 34.852862706 -16.646658026, 34.852178043 -16.647490695, 34.852615673 -16.649532604, 34.853108351 -16.649778592, 34.852952073 -16.650170428, 34.853291146 -16.650830729, 34.853952041 -16.651105583, 34.853398222 -16.651723027, 34.852952073 -16.652740246, 34.853158311 -16.653204581, 34.852861466 -16.654030866, 34.852356068 -16.654517873, 34.852302216 -16.656482739, 34.852609768 -16.657341307, 34.852648692 -16.657041122, 34.854897282 -16.657148198, 34.85612494 -16.657703763, 34.856093096 -16.658157238, 34.856130227 -16.658746992, 34.856556956 -16.658879256, 34.856753262 -16.659111253, 34.857417396 -16.659073937, 34.85737787 -16.659486018, 34.857561057 -16.659852791, 34.857101732 -16.661027301, 34.856601553 -16.661426394, 34.856539071 -16.662055334, 34.856818942 -16.662874952, 34.856815508 -16.663312092, 34.856015644 -16.663322909, 34.855706314 -16.66384639, 34.856188041 -16.664541573, 34.856331712 -16.664602861, 34.856304931 -16.665012425, 34.857098451 -16.665112375, 34.856927788 -16.665803881, 34.855889269 -16.667258541, 34.855918095 -16.667774144, 34.855867153 -16.668002348, 34.856343167 -16.668517436, 34.855852967 -16.669147285, 34.856514587 -16.669601715, 34.856220357 -16.669810292, 34.856372072 -16.670092744, 34.856215587 -16.670617423, 34.856587772 -16.670725736, 34.856443947 -16.671555844, 34.856753277 -16.672269682, 34.857086401 -16.672507628, 34.857538499 -16.673435618, 34.857776445 -16.67453017, 34.858208757 -16.674820282, 34.858157159 -16.67541057, 34.858326322 -16.675605008, 34.858254675 -16.675904037, 34.858472707 -16.676129962, 34.859427629 -16.676257141, 34.859613162 -16.676605414, 34.860132111 -16.676505123, 34.861391347 -16.677015461, 34.86155443 -16.676846652, 34.862303124 -16.676916145, 34.862564992 -16.677098708, 34.862352611 -16.677911077, 34.86273229 -16.678581568, 34.863113465 -16.678486196, 34.863606125 -16.678027978, 34.864486525 -16.677552085, 34.865087618 -16.67774286, 34.865721559 -16.677189574, 34.866057215 -16.67708136, 34.866271363 -16.676869563, 34.866746277 -16.676994613, 34.867277795 -16.676917401, 34.867791511 -16.677232676, 34.868280576 -16.677092011, 34.868634041 -16.677346586, 34.868676116 -16.677637386, 34.868261251 -16.677924911, 34.867675003 -16.679503243, 34.867712446 -16.680000616, 34.868820011 -16.68037641, 34.869275449 -16.680895196, 34.86998308 -16.680478822, 34.870244821 -16.679907752, 34.870768302 -16.679646011, 34.872005622 -16.679646011, 34.873204456 -16.680445773, 34.874097169 -16.681789112, 34.874268359 -16.682234998, 34.875570104 -16.682968794, 34.875774003 -16.683309422, 34.875663468 -16.683780675, 34.876783854 -16.684596338, 34.877379882 -16.685885479, 34.878049453 -16.685975377, 34.879691281 -16.687236492, 34.8800482 -16.688854525, 34.880333735 -16.689092471, 34.881927974 -16.689116266, 34.882626926 -16.688847375, 34.882684537 -16.688629966, 34.883212883 -16.688759347, 34.883694905 -16.688520541, 34.884429015 -16.688500579, 34.885305754 -16.689245123, 34.886486201 -16.689312137, 34.886983017 -16.688728822, 34.887037607 -16.687819355, 34.887519679 -16.687397764, 34.890065731 -16.686950956, 34.890850953 -16.686998546, 34.891458514 -16.687652669, 34.892792045 -16.688601005, 34.894104648 -16.688891189, 34.894777064 -16.688806936, 34.895395724 -16.689520774, 34.896463242 -16.689793941, 34.899116224 -16.690977011, 34.899345629 -16.691376754, 34.900535359 -16.691781262, 34.901011252 -16.692114387, 34.902782315 -16.69247678, 34.903771892 -16.691903048, 34.904556648 -16.691971619, 34.904909681 -16.692239261, 34.905947536 -16.69207608, 34.90667018 -16.692627097, 34.907840305 -16.692780636, 34.907911688 -16.692947198, 34.909681413 -16.693420116, 34.910325683 -16.694092104, 34.910188602 -16.695618363, 34.910538477 -16.695987696, 34.910493279 -16.696299751, 34.911276999 -16.696628099, 34.911832474 -16.697047094, 34.911244144 -16.698269722, 34.912447536 -16.698238525, 34.912965069 -16.698452676, 34.914137538 -16.699438425, 34.913759024 -16.700176457, 34.913213248 -16.700781137, 34.912804455 -16.7018791, 34.912855019 -16.703202675, 34.911929867 -16.705815265, 34.912257611 -16.706808787, 34.912457436 -16.707202093, 34.912351289 -16.708404242, 34.912591979 -16.709109532, 34.91288514 -16.709551712, 34.912664662 -16.71019829, 34.912916659 -16.711153875, 34.912842326 -16.711493755, 34.913015446 -16.712135751, 34.912650935 -16.712515089, 34.912580533 -16.713091426, 34.912426716 -16.713196411, 34.913806803 -16.714552704, 34.914531341 -16.716023508, 34.915343627 -16.716409573, 34.916045864 -16.716333334, 34.917670603 -16.71736473, 34.91710899 -16.71773871, 34.91715054 -16.718283725, 34.916185486 -16.719062036, 34.915805243 -16.718813241, 34.915139497 -16.719044913, 34.914782382 -16.719739929, 34.913660243 -16.720610573, 34.913902989 -16.72125937, 34.914806177 -16.721905239, 34.914853766 -16.722333542, 34.914692913 -16.722616826, 34.915072391 -16.722923266, 34.915353453 -16.723499477, 34.915878328 -16.723703163, 34.915876934 -16.72423711, 34.916403316 -16.724731798, 34.916432568 -16.725610757, 34.915963466 -16.726650279, 34.915773845 -16.727895844, 34.916032665 -16.728364199, 34.916057166 -16.728801834, 34.915647584 -16.729197317, 34.915682636 -16.730194937, 34.915401042 -16.730661655, 34.915150384 -16.731893148, 34.915741813 -16.732050682, 34.915830261 -16.732926781, 34.916091086 -16.733707365, 34.91649288 -16.734211751, 34.917005538 -16.734538893, 34.916584512 -16.735532848, 34.915958615 -16.735331209, 34.915305864 -16.735920264, 34.915210685 -16.736562718, 34.91637503 -16.738054323, 34.916582357 -16.738483343, 34.917448532 -16.738720615, 34.917755253 -16.739044946, 34.917809866 -16.73963877, 34.918141205 -16.740060171, 34.91776786 -16.740438534, 34.917974984 -16.740802509, 34.919446623 -16.741491247, 34.919406566 -16.74224334, 34.918865272 -16.742592685, 34.91875447 -16.743798151, 34.919080343 -16.744565639, 34.918809106 -16.746126904, 34.918942415 -16.746570765, 34.919659928 -16.747367208, 34.92057101 -16.74702573, 34.921319126 -16.747254548, 34.921272392 -16.747950472, 34.921843272 -16.748304877, 34.922134917 -16.748245872, 34.922491836 -16.74838864, 34.92406228 -16.748198283, 34.92514187 -16.74749707, 34.926103011 -16.747624888, 34.926965222 -16.747888953, 34.927798034 -16.747984131, 34.928053804 -16.748294619, 34.928844997 -16.74838864, 34.929632472 -16.748360637, 34.932007685 -16.748558067, 34.93380464 -16.748111017, 34.934293983 -16.749633049, 34.934712322 -16.749744666, 34.935199376 -16.749635826, 34.93660204 -16.749982878, 34.937363467 -16.750316003, 34.93779177 -16.750220825, 34.938243868 -16.749792522, 34.938576992 -16.749007299, 34.93929083 -16.748745559, 34.940742302 -16.748816943, 34.941295546 -16.748605425, 34.940459017 -16.747658611, 34.941235082 -16.746345188, 34.941994254 -16.745720817, 34.942360335 -16.745771232, 34.942708034 -16.745138535, 34.943715556 -16.745298135, 34.944730265 -16.744852853, 34.944840941 -16.74464578, 34.944597029 -16.744462529, 34.944739796 -16.743582128, 34.944620823 -16.742749317, 34.944953948 -16.742011684, 34.945548813 -16.741964095, 34.945929527 -16.742368603, 34.946432243 -16.742305281, 34.947166488 -16.741406526, 34.947638068 -16.741559262, 34.94742705 -16.742666198, 34.947714122 -16.742963468, 34.949236977 -16.743296593, 34.950164967 -16.74286829, 34.950831216 -16.742701728, 34.951656414 -16.742010884, 34.952060771 -16.741371318, 34.952758151 -16.741006395, 34.953353445 -16.741773738, 34.953907726 -16.741956578, 34.953926047 -16.742454668, 34.954909264 -16.743258667, 34.955760488 -16.744379863, 34.95632799 -16.744631455, 34.956565717 -16.744843243, 34.957755448 -16.74498601, 34.958723948 -16.744438065, 34.960215587 -16.744259851, 34.960403209 -16.743591472, 34.960890516 -16.743404924, 34.961801134 -16.74349407, 34.96215813 -16.74295047, 34.962133656 -16.742297219, 34.962324013 -16.742011684, 34.962604978 -16.741962973, 34.962790466 -16.741306499, 34.963412887 -16.741024152, 34.963734326 -16.740705393, 34.963871791 -16.739507154, 34.965018027 -16.73912049, 34.966202534 -16.739346688, 34.967413152 -16.739173038, 34.968225076 -16.740012937, 34.968796147 -16.742606549, 34.969747931 -16.743391771, 34.970198362 -16.743409554, 34.97046177 -16.744034226, 34.970082078 -16.746198246, 34.970414394 -16.747813444, 34.970652127 -16.74807931, 34.970649777 -16.748577111, 34.970823389 -16.749186423, 34.970913867 -16.749959084, 34.971663861 -16.750582827, 34.972142092 -16.750352376, 34.973271564 -16.749288211, 34.973775563 -16.749185863, 34.974383595 -16.749516396, 34.975385131 -16.749786549, 34.975508431 -16.750424168, 34.976410422 -16.750625333, 34.977545927 -16.750345812, 34.978195018 -16.750482565, 34.979770943 -16.749787421, 34.980550684 -16.749554575, 34.981342564 -16.74958779, 34.982906351 -16.749221451, 34.983334654 -16.749221451, 34.984092771 -16.748982878, 34.984715 -16.748932959, 34.98472646 -16.750122266, 34.984289691 -16.750761484, 34.983831239 -16.75097603, 34.983220231 -16.751584515, 34.984393533 -16.751934223, 34.986022225 -16.753206271, 34.986665501 -16.754257091, 34.986808667 -16.754551444, 34.986874516 -16.755404916, 34.986618778 -16.755685689, 34.986261391 -16.755764969, 34.986046358 -16.756076046, 34.986840913 -16.757412061, 34.987191322 -16.757810391, 34.987278871 -16.758721474, 34.987665273 -16.759833847, 34.987714729 -16.760994738, 34.987879424 -16.761285318, 34.987499163 -16.762882541, 34.987368582 -16.763685836, 34.987381382 -16.76405573, 34.986327446 -16.764445235, 34.986352507 -16.765141858, 34.986951194 -16.766496891, 34.987807768 -16.76678114, 34.988367178 -16.766859968, 34.989072138 -16.767368609, 34.988997542 -16.767825546, 34.990623153 -16.769590337, 34.990973112 -16.77010138, 34.992872017 -16.771632125, 34.994463984 -16.77291731, 34.993898943 -16.773927272, 34.994020177 -16.774441821, 34.994686465 -16.775005566, 34.994862854 -16.775769585, 34.993828077 -16.775942798, 34.993246596 -16.777702882, 34.993467987 -16.778308007, 34.993370349 -16.778704438, 34.993028051 -16.77911197, 34.992727816 -16.78047976, 34.992963183 -16.78107951, 34.992656878 -16.782187253, 34.992867205 -16.783111408, 34.991840773 -16.783697358, 34.990955831 -16.784627468, 34.990663394 -16.785436847, 34.990520626 -16.786388632, 34.98997335 -16.787911487, 34.990092323 -16.789006039, 34.990444365 -16.78928011, 34.991879678 -16.789131346, 34.992497719 -16.789172195, 34.992960804 -16.788879794, 34.994237968 -16.789375925, 34.993864323 -16.791513025, 34.993827689 -16.792328168, 34.994490399 -16.792428511, 34.994483747 -16.793184527, 34.994878142 -16.793574198, 34.995391923 -16.79328394, 34.996202949 -16.793606613, 34.997049541 -16.793637363, 34.997667671 -16.794230904, 34.998465271 -16.794474812, 34.998784415 -16.794089356, 34.998572792 -16.793569208, 34.999136246 -16.792968243, 35.000020886 -16.792972929, 35.000490568 -16.793527015, 35.000918871 -16.794383621, 35.002200391 -16.794959035, 35.003214438 -16.794532013, 35.003588425 -16.794509326, 35.003841062 -16.794951894, 35.003776628 -16.795590445, 35.003884107 -16.795734772, 35.003784094 -16.79581476, 35.003656663 -16.796793072, 35.003908204 -16.797387252, 35.003928799 -16.797678658, 35.004188773 -16.798023372, 35.004207369 -16.799586838, 35.00463869 -16.799763305, 35.005547429 -16.800954461, 35.005780784 -16.801038567, 35.005769122 -16.801345859, 35.006243922 -16.802047731, 35.006432948 -16.802123249, 35.006341611 -16.80231148, 35.006603815 -16.803498602, 35.00739696 -16.803414782, 35.008585509 -16.802386513, 35.009580109 -16.80356834, 35.010495564 -16.804222257, 35.011265077 -16.804665776, 35.011960689 -16.805506705, 35.012378044 -16.804896606, 35.01258406 -16.804361943, 35.013935217 -16.803805028, 35.014267647 -16.803544546, 35.015457377 -16.804329768, 35.016899211 -16.804588644, 35.017451184 -16.804364097, 35.018655086 -16.804584923, 35.018816627 -16.804234806, 35.019716612 -16.804020438, 35.020287683 -16.804044232, 35.021533262 -16.803321646, 35.022289165 -16.803358081, 35.022365024 -16.803551153, 35.022656645 -16.80367483, 35.02269516 -16.804273392, 35.023122996 -16.806074371, 35.02363361 -16.80732037, 35.02378772 -16.807813837, 35.024156702 -16.807791434, 35.024843559 -16.806940517, 35.025688991 -16.807513387, 35.026307719 -16.807375478, 35.026886841 -16.807397662, 35.027592759 -16.809010605, 35.029240802 -16.809938786, 35.029347427 -16.809758275, 35.029163073 -16.809041101, 35.02935343 -16.808303468, 35.029967889 -16.807941504, 35.03075993 -16.807755569, 35.031145703 -16.808968172, 35.031328382 -16.809754939, 35.032515243 -16.809187689, 35.032637086 -16.810111858, 35.033349779 -16.810638716, 35.033063337 -16.812044521, 35.033638125 -16.813141202, 35.034040084 -16.813521486, 35.034118385 -16.813710174, 35.034543811 -16.813694707, 35.035221796 -16.814034079, 35.035149826 -16.814239008, 35.035421055 -16.814728012, 35.035030637 -16.814855177, 35.035094186 -16.815513638, 35.035682796 -16.81548944, 35.035995568 -16.815869915, 35.036150845 -16.816462639, 35.035782846 -16.817113417, 35.035844525 -16.817406164, 35.036125454 -16.817612879, 35.035931986 -16.817895358, 35.036135155 -16.818071952, 35.035701808 -16.818532593, 35.036301123 -16.819381514, 35.036172638 -16.820057853, 35.036842387 -16.820273859, 35.037089476 -16.820962191, 35.035148781 -16.820890847, 35.03475297 -16.82131718, 35.034112464 -16.820780881, 35.033900644 -16.821435665, 35.033684049 -16.821628449, 35.033707843 -16.822580234, 35.034350298 -16.823294072, 35.034469271 -16.82400791, 35.034897574 -16.824674159, 35.035682796 -16.824793132, 35.037300829 -16.824769338, 35.038752301 -16.825031079, 35.03972788 -16.825721122, 35.040227566 -16.827029826, 35.040870021 -16.827696075, 35.041274529 -16.828528886, 35.041798011 -16.828814422, 35.04365399 -16.828862011, 35.044415418 -16.828481297, 35.046009657 -16.827029826, 35.046890057 -16.827077415, 35.047413539 -16.827529513, 35.048138178 -16.829033659, 35.048776508 -16.830253188, 35.048436707 -16.830384866, 35.049102956 -16.83045625, 35.050030946 -16.831098704, 35.05129206 -16.831503212, 35.051720363 -16.831503212, 35.051866589 -16.831649875, 35.053671521 -16.83071799, 35.053954609 -16.830986356, 35.053839197 -16.831400821, 35.054374513 -16.831730674, 35.055842282 -16.831488574, 35.056217544 -16.831598391, 35.05681241 -16.831312856, 35.057097945 -16.831408034, 35.056802489 -16.832591007, 35.056324738 -16.833170039, 35.056760174 -16.833540493, 35.057716605 -16.833692317, 35.058009349 -16.834079517, 35.05854934 -16.833849052, 35.058821649 -16.834101215, 35.059814759 -16.832881654, 35.060742974 -16.833577139, 35.061344951 -16.833542602, 35.063546284 -16.835572091, 35.064450479 -16.835429323, 35.066377843 -16.834287182, 35.066996503 -16.832740532, 35.067805519 -16.831836337, 35.067805519 -16.830289687, 35.068305206 -16.829504465, 35.069471142 -16.8289096, 35.070256364 -16.828267146, 35.070637078 -16.828100583, 35.070922613 -16.82741054, 35.070779846 -16.826958442, 35.069256991 -16.825673533, 35.06874928 -16.82425831, 35.069459071 -16.823165302, 35.069019045 -16.822794385, 35.069042839 -16.822175725, 35.07049431 -16.821009789, 35.071350916 -16.820748049, 35.072207522 -16.819605907, 35.072945155 -16.819486934, 35.074372832 -16.819439345, 35.075277027 -16.819058631, 35.075681535 -16.819344167, 35.075871892 -16.821699833, 35.076252606 -16.822627823, 35.076062249 -16.823912732, 35.075871892 -16.824793132, 35.075967071 -16.825506971, 35.076466757 -16.825887685, 35.077347158 -16.825935274, 35.078227559 -16.82524523, 35.079631441 -16.825173846, 35.081725366 -16.823341661, 35.082629561 -16.82281818, 35.08303407 -16.822794385, 35.083866881 -16.822080547, 35.085127996 -16.821699833, 35.087293305 -16.8200818, 35.087983349 -16.818654123, 35.088340268 -16.818439972, 35.08881616 -16.818487561, 35.090196247 -16.820319746, 35.090862497 -16.821604655, 35.090315221 -16.823722375, 35.090457988 -16.825031079, 35.091005264 -16.825435587, 35.091338389 -16.825340408, 35.091980843 -16.824602776, 35.092718476 -16.824507597, 35.093646466 -16.825364203, 35.093955796 -16.825483176, 35.09433651 -16.825387998, 35.095478651 -16.824293446, 35.096596998 -16.823960321, 35.097453604 -16.822627823, 35.098024674 -16.822223315, 35.098524361 -16.821009789, 35.099380967 -16.819843854, 35.099833065 -16.819344167, 35.100594492 -16.819272783, 35.101236947 -16.819510729, 35.101158783 -16.820157758, 35.101568507 -16.820588751, 35.102537857 -16.820397636, 35.103010377 -16.81951344, 35.103806764 -16.819344167, 35.104276836 -16.819486753, 35.10490745 -16.819122527, 35.105686539 -16.819177604, 35.106374712 -16.818592, 35.106491009 -16.818358158, 35.107500126 -16.818196315, 35.10788786 -16.81834725, 35.108699205 -16.818039377, 35.109116285 -16.818275622, 35.109436838 -16.818205939, 35.109841347 -16.818372502, 35.110218297 -16.818291372, 35.110412417 -16.818491475, 35.110924019 -16.8179395, 35.111484545 -16.818132523, 35.11323101 -16.817775498, 35.114499604 -16.817974985, 35.114934868 -16.818260843, 35.116282597 -16.818075011, 35.116547978 -16.818252196, 35.116146918 -16.818895983, 35.116739035 -16.819569555, 35.116977005 -16.819699477, 35.117408032 -16.819586027, 35.117836335 -16.819705, 35.118113161 -16.81962742, 35.118282752 -16.819390191, 35.119404424 -16.819388138, 35.119655457 -16.819458382, 35.119987317 -16.819111764, 35.12085749 -16.819038137, 35.12105599 -16.81919147, 35.121429322 -16.818895983, 35.121878262 -16.818878257, 35.122690436 -16.819538438, 35.123630005 -16.819805872, 35.124094274 -16.819564139, 35.124427442 -16.819038751, 35.124819998 -16.818935863, 35.124974718 -16.818586653, 35.126520476 -16.818502811, 35.126971969 -16.818693051, 35.12673552 -16.818967367, 35.127116233 -16.819181518, 35.127054599 -16.819365044, 35.128401142 -16.820656784, 35.128996008 -16.82120406, 35.129757435 -16.82151339, 35.13070922 -16.82244138, 35.131970334 -16.823702494, 35.133017297 -16.824344949, 35.133354232 -16.824877935, 35.133469394 -16.824392538, 35.133826313 -16.824273565, 35.135206401 -16.822703121, 35.135182606 -16.821989282, 35.134902996 -16.821753067, 35.134849482 -16.82125165, 35.134363819 -16.820834074, 35.135827527 -16.818120221, 35.137032387 -16.818488342, 35.138356729 -16.819118397, 35.138696776 -16.819035231, 35.139751171 -16.82125165, 35.140242007 -16.821682826, 35.140491308 -16.821908477, 35.14041742 -16.822893478, 35.140536393 -16.823250397, 35.140804701 -16.823482908, 35.14041742 -16.824392538, 35.140505822 -16.82553962, 35.140729557 -16.825774038, 35.140708501 -16.826274202, 35.140308438 -16.826868404, 35.140536393 -16.827366864, 35.140893313 -16.82791414, 35.14097199 -16.828285282, 35.141274026 -16.828413827, 35.141535767 -16.829008692, 35.141351997 -16.829789175, 35.142249605 -16.829984271, 35.142773087 -16.83038878, 35.145861683 -16.830778044, 35.147139187 -16.831444561, 35.147484303 -16.831712295, 35.147868662 -16.831568865, 35.148531444 -16.831732865, 35.148791169 -16.832294427, 35.148919635 -16.832857739, 35.150031283 -16.832286977, 35.151077406 -16.831935429, 35.151624682 -16.832292349, 35.151973502 -16.833040846, 35.151743655 -16.833386901, 35.151743655 -16.833696231, 35.152940357 -16.835674108, 35.153766197 -16.836051897, 35.154835764 -16.83685114, 35.154941889 -16.837936193, 35.154937461 -16.838591724, 35.154651648 -16.838959233, 35.155592253 -16.839514695, 35.156853168 -16.839802072, 35.15745681 -16.839771684, 35.158012842 -16.841148609, 35.158383273 -16.841318357, 35.158758663 -16.842447135, 35.158742148 -16.842783606, 35.158419914 -16.843166941, 35.158940078 -16.843848986, 35.161164656 -16.845182355, 35.160670301 -16.846045229, 35.159881411 -16.846450142, 35.159696345 -16.847128807, 35.160594703 -16.847698667, 35.160878524 -16.849110951, 35.162142891 -16.850452659, 35.162552961 -16.850732612, 35.161650031 -16.851868663, 35.161585459 -16.852361827, 35.160637834 -16.853248797, 35.160048503 -16.853588058, 35.159754555 -16.853365257, 35.159453108 -16.853421962, 35.159167573 -16.854064417, 35.159500698 -16.855277942, 35.159967237 -16.855996548, 35.160619044 -16.857467046, 35.160718406 -16.858591689, 35.161464937 -16.85968526, 35.161598433 -16.861075463, 35.161110234 -16.862099169, 35.159985324 -16.863330035, 35.159589326 -16.8639256, 35.157925521 -16.863378375, 35.157010904 -16.862684946, 35.156324369 -16.862377559, 35.15575513 -16.862493061, 35.155547916 -16.862739954, 35.15572332 -16.863191578, 35.154808529 -16.864039713, 35.153724779 -16.865867946, 35.153468827 -16.866535447, 35.151577204 -16.867450457, 35.151242148 -16.867843887, 35.151138883 -16.868487804, 35.150396066 -16.869151451, 35.150220067 -16.86926831, 35.149155831 -16.869295812, 35.148605165 -16.871620323, 35.148434031 -16.872566309, 35.148679784 -16.872919449, 35.148229789 -16.873056877, 35.147342937 -16.872806064, 35.14624052 -16.873945676, 35.146537644 -16.87415068, 35.146731172 -16.874682319, 35.147030669 -16.874827596, 35.146842004 -16.875612079, 35.147078136 -16.875905586, 35.147363057 -16.875999042, 35.148098223 -16.876624454, 35.149315443 -16.877792752, 35.149752694 -16.877968269, 35.150240583 -16.877866973, 35.150676589 -16.87813629, 35.151053611 -16.877954205, 35.151488876 -16.877959407, 35.152026557 -16.87869581, 35.152481288 -16.878882195, 35.153409278 -16.88009572, 35.153076153 -16.880547818, 35.152358583 -16.881123124, 35.152189307 -16.881655308, 35.152276775 -16.882503722, 35.15264785 -16.883212814, 35.153342633 -16.8841393, 35.153314099 -16.88468808, 35.153096063 -16.885005573, 35.153051746 -16.885682419, 35.153176975 -16.88605389, 35.152979582 -16.886888434, 35.152632487 -16.887339932, 35.152346299 -16.888429378, 35.152108686 -16.888666853, 35.152505082 -16.888947315, 35.153427127 -16.889280418, 35.153218921 -16.891065035, 35.153324975 -16.891665957, 35.154289678 -16.89258789, 35.154877917 -16.893714818, 35.156137082 -16.89459857, 35.156896333 -16.895036489, 35.158191994 -16.894943557, 35.159278742 -16.894637642, 35.159818224 -16.894718597, 35.160262125 -16.89537186, 35.160561697 -16.897267162, 35.160178141 -16.898168276, 35.159663185 -16.898546869, 35.158817673 -16.899734037, 35.158679647 -16.901048725, 35.159117161 -16.902257991, 35.159238957 -16.90300993, 35.159879581 -16.905817296, 35.160508437 -16.906895157, 35.160861565 -16.906999507, 35.161598529 -16.909005738, 35.16235015 -16.910383757, 35.163284041 -16.912622952, 35.163783728 -16.913265407, 35.164105886 -16.914527936, 35.165078497 -16.916219296, 35.165163815 -16.916596652, 35.166500261 -16.918205506, 35.167638454 -16.921474547, 35.167852606 -16.927565967, 35.167757427 -16.928874671, 35.168090552 -16.931825202, 35.1678764 -16.933490825, 35.168066757 -16.934204663, 35.169280282 -16.935441983, 35.171635949 -16.937226579, 35.171516976 -16.937869033, 35.16854265 -16.940129521, 35.168019168 -16.940724387, 35.167186357 -16.940486441, 35.166829438 -16.940177111, 35.166020421 -16.940081932, 35.165104423 -16.941419102, 35.163786343 -16.942062461, 35.161282666 -16.942318573, 35.159886526 -16.94168092, 35.159378945 -16.941537374, 35.158896679 -16.940464639, 35.158715476 -16.938725639, 35.157716102 -16.937631087, 35.15729138 -16.937001695, 35.157311594 -16.935965465, 35.156098068 -16.935394394, 35.155098695 -16.935227832, 35.154361062 -16.935822697, 35.154075527 -16.937345552, 35.153908964 -16.937773855, 35.153114895 -16.938281962, 35.152671645 -16.938273542, 35.152113291 -16.938907398, 35.150887049 -16.939082559, 35.150198517 -16.939898882, 35.149150042 -16.939843986, 35.148031696 -16.940272289, 35.147603393 -16.940962333, 35.147193932 -16.941845393, 35.146480094 -16.942511643, 35.146520081 -16.943271356, 35.145504515 -16.944034498, 35.145552104 -16.945295612, 35.14580214 -16.946181896, 35.14567972 -16.946588507, 35.145339103 -16.9468339, 35.144909649 -16.947817841, 35.144909649 -16.948531679, 35.144766882 -16.948817214, 35.1440068 -16.949582608, 35.143029875 -16.950887345, 35.142649161 -16.951149086, 35.142030502 -16.952005692, 35.141744966 -16.952695736, 35.141721172 -16.953433369, 35.141245279 -16.954337564, 35.140650414 -16.955003813, 35.140341084 -16.955574883, 35.139294121 -16.956241133, 35.138787398 -16.956833546, 35.138508899 -16.956883587, 35.138199569 -16.957430863, 35.138318542 -16.958097112, 35.13877064 -16.958953718, 35.139299044 -16.959791253, 35.139746219 -16.959786529, 35.141863939 -16.961166617, 35.142649161 -16.961571125, 35.14294328 -16.961986456, 35.142940215 -16.962511503, 35.142132078 -16.962902286, 35.141840145 -16.962927418, 35.139508273 -16.964973754, 35.139183867 -16.96533228, 35.138413721 -16.965544825, 35.137890239 -16.96583036, 35.137625162 -16.966873526, 35.137747472 -16.967591162, 35.138070231 -16.967957118, 35.138273268 -16.968815553, 35.13753332 -16.969399552, 35.137181638 -16.969878088, 35.136189765 -16.970422297, 35.135430965 -16.971312069, 35.134088818 -16.971592561, 35.131807281 -16.972528987, 35.131057796 -16.972706853, 35.130745898 -16.97256337, 35.129981648 -16.973085378, 35.129591518 -16.973772277, 35.127896503 -16.974134679, 35.127426975 -16.974655759, 35.127409557 -16.974823716, 35.125854589 -16.975568552, 35.124238963 -16.975296263, 35.122352359 -16.974372625, 35.12191336 -16.974673405, 35.120405958 -16.974849902, 35.120006833 -16.975157041, 35.118516786 -16.97484263, 35.117668098 -16.9752446, 35.117191065 -16.975518497, 35.116439052 -16.975779813, 35.115421042 -16.975399974, 35.114833262 -16.975181642, 35.113929067 -16.975467178, 35.113667074 -16.975728162, 35.112995187 -16.975943747, 35.111177097 -16.976013735, 35.11039778 -16.976695405, 35.110186267 -16.977054584, 35.108896454 -16.977344155, 35.107974526 -16.978013879, 35.107640074 -16.978347645, 35.105528936 -16.978535877, 35.10520133 -16.978905184, 35.104123431 -16.979518784, 35.102938252 -16.979732673, 35.102593102 -16.980616657, 35.100260542 -16.981880613, 35.099544782 -16.981849796, 35.098731662 -16.982057068, 35.098252802 -16.982631501, 35.098287321 -16.983101136, 35.097225251 -16.984271183, 35.096902582 -16.984819141, 35.096859061 -16.985286372, 35.096178288 -16.98538953, 35.095290605 -16.986163036, 35.094560254 -16.986365109, 35.093599344 -16.987304078, 35.092710458 -16.986462242, 35.090788539 -16.985770739, 35.090195096 -16.985982477, 35.089939505 -16.985935778, 35.088852596 -16.986201107, 35.087879548 -16.985712565, 35.087624269 -16.984997537, 35.087227138 -16.984566291, 35.086089373 -16.984985022, 35.084297414 -16.984825199, 35.083559507 -16.984569002, 35.082877101 -16.984866048, 35.081163324 -16.986556205, 35.079208919 -16.987514494, 35.078384333 -16.987574219, 35.07682523 -16.989376606, 35.075171493 -16.990246768, 35.074606957 -16.991369038, 35.074652863 -16.991818412, 35.074291157 -16.992317047, 35.072056497 -16.993307221, 35.071628032 -16.993068919, 35.069480735 -16.993884206, 35.068362389 -16.993789027, 35.067244042 -16.99333693, 35.0666701 -16.993684533, 35.065474171 -16.993547506, 35.065198228 -16.993391224, 35.064360626 -16.994040548, 35.062900369 -16.994049702, 35.062392311 -16.994546767, 35.062033023 -16.995311882, 35.06214067 -16.996257296, 35.062033023 -16.99669197, 35.062207635 -16.997120009, 35.061999214 -16.997902026, 35.061597139 -16.998221286, 35.060806187 -16.998319672, 35.058983659 -17.00041784, 35.058919407 -17.001925178, 35.058620944 -17.002765343, 35.059493261 -17.003765694, 35.058404125 -17.005073271, 35.056980841 -17.005708537, 35.056484728 -17.005666073, 35.056023669 -17.006004424, 35.055156971 -17.005950266, 35.05480294 -17.006446154, 35.054779145 -17.007207582, 35.055183654 -17.00761209, 35.055239785 -17.008124333, 35.055718442 -17.008321453, 35.055854978 -17.00869362, 35.055278832 -17.009539454, 35.054609232 -17.010046373, 35.054175116 -17.009785028, 35.0531856 -17.010207182, 35.051048894 -17.010473439, 35.051062958 -17.010869946, 35.051293741 -17.011113061, 35.053089728 -17.011371638, 35.053246655 -17.011826252, 35.053715688 -17.012014113, 35.055635751 -17.011990298, 35.05604037 -17.012104154, 35.056187051 -17.012413805, 35.056111643 -17.013013467, 35.057144312 -17.013963936, 35.057039369 -17.014606523, 35.057741475 -17.015170652, 35.057794106 -17.01572057, 35.056837941 -17.016179638, 35.056077646 -17.016063527, 35.055841495 -17.016167321, 35.055683341 -17.016582658, 35.05586834 -17.017164409, 35.055737477 -17.018417599, 35.056259219 -17.018618648, 35.056354068 -17.019260192, 35.05677741 -17.019299966, 35.056910276 -17.019066024, 35.057440973 -17.018969707, 35.057881947 -17.01970917, 35.058854491 -17.019788341, 35.059365568 -17.019648056, 35.059963796 -17.019965302, 35.060188311 -17.020402159, 35.061116403 -17.021106664, 35.061465431 -17.020984661, 35.062821724 -17.021436759, 35.063583151 -17.021389169, 35.063725919 -17.021627115, 35.063369 -17.022674078, 35.063205121 -17.024140416, 35.062869368 -17.024929807, 35.062148449 -17.025341784, 35.060510662 -17.026355525, 35.060501173 -17.027325244, 35.059881449 -17.028712929, 35.060380146 -17.029493701, 35.061572975 -17.030446158, 35.061298868 -17.031192549, 35.060275434 -17.032580184, 35.059551147 -17.03313667, 35.059148117 -17.033986276, 35.058641042 -17.034696722, 35.058705256 -17.035499373, 35.058997533 -17.036175093, 35.057770039 -17.03810737, 35.059137772 -17.038870381, 35.05935073 -17.039534311, 35.058847288 -17.039872486, 35.058923893 -17.040342043, 35.058632189 -17.04078798, 35.056563741 -17.041971507, 35.055884229 -17.042287588, 35.055755316 -17.042926573, 35.056111643 -17.044541325, 35.056375425 -17.045502666, 35.055826108 -17.045683466, 35.055897492 -17.046302126, 35.056820014 -17.048031136, 35.056539946 -17.049395425, 35.056716645 -17.049630494, 35.058495845 -17.050438115, 35.059145193 -17.051091198, 35.059537598 -17.052384305, 35.060659942 -17.051856242, 35.061938616 -17.051549755, 35.062402198 -17.051898539, 35.062859348 -17.051929462, 35.063892481 -17.052655287, 35.064701498 -17.053607071, 35.065209077 -17.053842922, 35.071620833 -17.061211788, 35.07279656 -17.061380934, 35.073323381 -17.062091513, 35.073932166 -17.062571195, 35.07357614 -17.062917445, 35.073567139 -17.063164804, 35.074481082 -17.064195673, 35.074808757 -17.065186749, 35.075504251 -17.06557576, 35.076788709 -17.066201413, 35.077265052 -17.066004063, 35.078074069 -17.065290225, 35.078216836 -17.06500469, 35.079828468 -17.064823852, 35.080184224 -17.064924571, 35.081701965 -17.064122574, 35.081723157 -17.063800734, 35.083380267 -17.06283938, 35.083856159 -17.06283938, 35.084498613 -17.063386656, 35.084786161 -17.063753074, 35.085021185 -17.064690066, 35.084403435 -17.064933306, 35.083616455 -17.065848493, 35.083581506 -17.066470125, 35.083428427 -17.066729943, 35.082777943 -17.066779562, 35.082275618 -17.067393303, 35.082186975 -17.06804856, 35.082684015 -17.068640634, 35.083294124 -17.069115745, 35.082425523 -17.070046343, 35.082063376 -17.071121165, 35.082170512 -17.07228895, 35.082753743 -17.073036492, 35.083053544 -17.073994134, 35.083665033 -17.074945143, 35.084280898 -17.075155346, 35.084517885 -17.076477921, 35.085774458 -17.077044257, 35.08592629 -17.077853779, 35.086116647 -17.078020341, 35.087819017 -17.078087177, 35.088638875 -17.078615207, 35.089780402 -17.078479117, 35.091018336 -17.07811552, 35.091617962 -17.077690446, 35.091993915 -17.077734806, 35.092279451 -17.077306503, 35.092446013 -17.075997799, 35.0929457 -17.075688469, 35.093183646 -17.075688469, 35.093996289 -17.076832177, 35.094050913 -17.077720147, 35.094951596 -17.077876166, 35.095746491 -17.077872121, 35.096250463 -17.077973606, 35.0967232 -17.077962358, 35.096600011 -17.078279515, 35.097302811 -17.079077268, 35.097744851 -17.080361943, 35.098576652 -17.081611614, 35.098382815 -17.083026382, 35.098607979 -17.084077147, 35.099421365 -17.085117082, 35.099578261 -17.085849757, 35.100652583 -17.085926494, 35.101836463 -17.085506738, 35.10276246 -17.086007558, 35.103263015 -17.085963044, 35.103882946 -17.08648319, 35.104762821 -17.086621926, 35.105699675 -17.086606486, 35.108522228 -17.087248603, 35.108072115 -17.088290961, 35.107446749 -17.088839529, 35.107387338 -17.08917528, 35.106919352 -17.089697833, 35.10529886 -17.090006365, 35.104070241 -17.091708059, 35.102460704 -17.092549878, 35.102581829 -17.093307672, 35.100672458 -17.093865053, 35.09964061 -17.094765666, 35.098863646 -17.094938325, 35.097648274 -17.094685951, 35.096827767 -17.09478532, 35.095647699 -17.094825847, 35.095005245 -17.094849641, 35.094390589 -17.095290901, 35.094002225 -17.095362583, 35.093763945 -17.095030676, 35.093792797 -17.094241733, 35.093195619 -17.093392508, 35.093232948 -17.092874935, 35.092073995 -17.092571143, 35.091416167 -17.092245145, 35.08999538 -17.093122299, 35.089770431 -17.094421338, 35.089413511 -17.094968614, 35.089416572 -17.095818691, 35.089295859 -17.096043532, 35.088284125 -17.096472404, 35.088197328 -17.096944749, 35.087433005 -17.097229868, 35.087129229 -17.097562227, 35.087436684 -17.098982604, 35.086391596 -17.098942314, 35.08584432 -17.099204055, 35.085156017 -17.099859613, 35.084893261 -17.101238866, 35.08522566 -17.102106997, 35.08510434 -17.102463167, 35.085556251 -17.103454182, 35.085527656 -17.103756938, 35.084725973 -17.104105745, 35.083806115 -17.104216285, 35.08235911 -17.104731294, 35.081846825 -17.105081324, 35.081434133 -17.106073497, 35.08092031 -17.106330065, 35.080571697 -17.106999253, 35.079821457 -17.106666684, 35.078160308 -17.107494969, 35.077944509 -17.108341185, 35.077916553 -17.109664348, 35.078234613 -17.10982244, 35.078395876 -17.11048155, 35.079065885 -17.110762577, 35.079126866 -17.112208212, 35.079181829 -17.112529037, 35.079857814 -17.112958822, 35.080487984 -17.113091569, 35.081593754 -17.112290969, 35.083113244 -17.11392894, 35.083778609 -17.11454042, 35.084314519 -17.114653022, 35.084892535 -17.114551579, 35.085988629 -17.114814777, 35.086163229 -17.115472808, 35.086375428 -17.115704569, 35.087414764 -17.115812693, 35.08827137 -17.115741309, 35.0885807 -17.116074434, 35.088828877 -17.116907081, 35.089324597 -17.117359487, 35.090198733 -17.117621083, 35.090344608 -17.117950365, 35.090769804 -17.118334922, 35.092202618 -17.118647557, 35.092839417 -17.120000214, 35.092007124 -17.120381258, 35.090955302 -17.12072856, 35.09098123 -17.121702806, 35.091356811 -17.121971595, 35.090882392 -17.1233602, 35.090860015 -17.124786293, 35.090758722 -17.1255322, 35.09208894 -17.1269324, 35.09387335 -17.12660745, 35.093967413 -17.127123168, 35.095451465 -17.128278807, 35.095944628 -17.128846163, 35.097419043 -17.129521706, 35.230297947 -17.127727109, 35.295663687 -17.127835198, 35.295684514 -17.127450511, 35.29609932 -17.126448064, 35.297430155 -17.125635736, 35.301635781 -17.125927172, 35.304586039 -17.125735724, 35.308869069 -17.123594209, 35.309154604 -17.122737603, 35.308869069 -17.121452694, 35.306870322 -17.120025018, 35.305870948 -17.118740109, 35.305014342 -17.116741362, 35.30515711 -17.113886008, 35.306870322 -17.107889767, 35.306870322 -17.105319948, 35.306013716 -17.104320575, 35.303586666 -17.102607363, 35.301159615 -17.099466474, 35.30087408 -17.096468354, 35.30273006 -17.09118595, 35.306442019 -17.087616759, 35.307298625 -17.086617385, 35.308440766 -17.084190335, 35.309725675 -17.080478376, 35.309297372 -17.078336861, 35.308297998 -17.074767669, 35.307155857 -17.07291169, 35.307441392 -17.069056963, 35.308440766 -17.06677268, 35.31001121 -17.066058842, 35.312152726 -17.065487772, 35.313152099 -17.0649167, 35.314008705 -17.063489024, 35.314008705 -17.061633045, 35.312723796 -17.059348762, 35.311438887 -17.058777692, 35.310439513 -17.058634924, 35.306299252 -17.060348135, 35.304586039 -17.061347509, 35.301730686 -17.061775812, 35.300647332 -17.061775812, 35.298157982 -17.060585604, 35.297392864 -17.059000718, 35.297019353 -17.057778318, 35.297019353 -17.05706448, 35.297447656 -17.055922338, 35.299731939 -17.052495915, 35.301016848 -17.049355026, 35.301159615 -17.047070744, 35.300588545 -17.04607137, 35.298732565 -17.043787087, 35.296277882 -17.041142924, 35.295163374 -17.039789593, 35.294735071 -17.038647451, 35.293878465 -17.037362542, 35.293450162 -17.03564933, 35.29230802 -17.034364422, 35.292022485 -17.032936745, 35.292450788 -17.031080765, 35.293735697 -17.028225412, 35.295147511 -17.02596651, 35.297150419 -17.017354006, 35.297019353 -17.01551909, 35.294369445 -17.010973157, 35.293307394 -17.009380081, 35.293021859 -17.007381334, 35.293021859 -17.005810889, 35.293878465 -17.00395491, 35.297733191 -17.001099557, 35.299303636 -17.000242951, 35.301016848 -16.998672506, 35.302444524 -16.996816527, 35.302587292 -16.99481778, 35.302301757 -16.992533497, 35.30273006 -16.988250467, 35.305299878 -16.984252973, 35.30515711 -16.982254225, 35.304443272 -16.980683781, 35.301264282 -16.97904861, 35.299446404 -16.978685034, 35.298875333 -16.976829054, 35.297875959 -16.975544146, 35.296162747 -16.974402004, 35.296162747 -16.971261116, 35.296448283 -16.970261742, 35.297019353 -16.969262369, 35.29659105 -16.968405763, 35.295591677 -16.96797746, 35.295163374 -16.967406389, 35.295306141 -16.966692551, 35.295734444 -16.966407015, 35.296733818 -16.964693803, 35.296162747 -16.963266126, 35.295280628 -16.9630701, 35.295125114 -16.962788633, 35.293795918 -16.961964333, 35.288881597 -16.962266753, 35.287311152 -16.962837823, 35.286941636 -16.963442487, 35.286311779 -16.963694429, 35.284884102 -16.965835944, 35.283028123 -16.966692551, 35.282028749 -16.966549783, 35.280960199 -16.965286952, 35.280886608 -16.964551035, 35.280369925 -16.963000986, 35.277408268 -16.961890365, 35.275318669 -16.961695683, 35.271463942 -16.961695683, 35.268465821 -16.960268006, 35.268180286 -16.959268632, 35.268608589 -16.958412026, 35.272035013 -16.956841582, 35.27346269 -16.955271138, 35.274319295 -16.952130249, 35.274319295 -16.951130875, 35.272748851 -16.949703199, 35.266181539 -16.948989361, 35.265039397 -16.947989987, 35.263897256 -16.94599124, 35.263897256 -16.942993119, 35.263468953 -16.940423301, 35.264182791 -16.938567321, 35.265753236 -16.937996251, 35.268899418 -16.938105496, 35.271178407 -16.937996251, 35.271321175 -16.937282412, 35.271035639 -16.936283039, 35.2698345 -16.9351045, 35.267751983 -16.932142777, 35.267180913 -16.930572333, 35.26789475 -16.928430818, 35.269179659 -16.927288676, 35.271463942 -16.926003767, 35.272617613 -16.925756552, 35.272463316 -16.924861626, 35.273034387 -16.917723243, 35.27588974 -16.914296819, 35.277317416 -16.913154678, 35.279173395 -16.911298698, 35.279601698 -16.909728254, 35.280601072 -16.907443971, 35.282743594 -16.906364136, 35.284863528 -16.902629142, 35.284455799 -16.899163447, 35.283884729 -16.896736397, 35.281849158 -16.896489898, 35.279744466 -16.896450862, 35.277031881 -16.897450235, 35.275175901 -16.897307468, 35.273034387 -16.896593629, 35.272035013 -16.89530872, 35.270892872 -16.894452114, 35.27160671 -16.892596135, 35.274176527 -16.891168458, 35.281600446 -16.888170337, 35.283599193 -16.887028196, 35.28330017 -16.88464936, 35.282885355 -16.883173469, 35.281885981 -16.881745793, 35.280601072 -16.880889186, 35.279887234 -16.880603651, 35.279173395 -16.879604277, 35.279887234 -16.877319995, 35.281172143 -16.874464642, 35.283313658 -16.8733225, 35.285312405 -16.87275143, 35.289117979 -16.872540897, 35.292022485 -16.871894824, 35.29359293 -16.870752683, 35.294338778 -16.868080637, 35.295448909 -16.865327512, 35.29659105 -16.863043229, 35.299209078 -16.861551941, 35.303904749 -16.857339231, 35.306013716 -16.852335655, 35.305014342 -16.847624322, 35.305014342 -16.845625575, 35.30477788 -16.843260949, 35.305585413 -16.840771474, 35.307606 -16.8390445, 35.311010584 -16.837059515, 35.312723796 -16.834775232, 35.31429424 -16.832062647, 35.314579775 -16.830063899, 35.314579775 -16.828350687, 35.313437634 -16.826209173, 35.31186719 -16.824495961, 35.311153352 -16.822782749, 35.309246001 -16.820562, 35.307013089 -16.81964186, 35.305442645 -16.818356951, 35.305299878 -16.815073295, 35.305944736 -16.813373214, 35.305332 -16.80843, 35.304923191 -16.806739823, 35.30349082 -16.805871008, 35.302016221 -16.805793397, 35.299446404 -16.805365094, 35.297447656 -16.804222953, 35.295591677 -16.801224832, 35.295163374 -16.800225459, 35.293021859 -16.799083317, 35.291165879 -16.798369479, 35.289738203 -16.796513499, 35.289452667 -16.795656893, 35.28988097 -16.79223047, 35.289738203 -16.788090208, 35.288881597 -16.783378874, 35.287739455 -16.782236734, 35.28745392 -16.780666289, 35.287882223 -16.779095845, 35.288453294 -16.777810936, 35.290023738 -16.776240492, 35.292879091 -16.772956835, 35.295220599 -16.771405319, 35.29601998 -16.770672553, 35.297162121 -16.768673806, 35.29659105 -16.762963099, 35.29601998 -16.761249887, 35.29359293 -16.758108999, 35.291023112 -16.756681322, 35.289595435 -16.755396413, 35.288310526 -16.753825969, 35.286454546 -16.750542312, 35.285312405 -16.748115263, 35.28559794 -16.745973747, 35.286882849 -16.745117141, 35.290452041 -16.741833486, 35.29173695 -16.741262415, 35.292879091 -16.741262415, 35.294449535 -16.740691344, 35.294164 -16.739406435, 35.292450788 -16.739263667, 35.284147501 -16.737449, 35.281885981 -16.735408941, 35.281314911 -16.733552961, 35.282410378 -16.730241066, 35.283884729 -16.728556093, 35.285312405 -16.726414578, 35.287596688 -16.721560478, 35.288738829 -16.717277448, 35.288738829 -16.710567367, 35.288167758 -16.709282459, 35.286882849 -16.708711388, 35.285312405 -16.708568621, 35.281136451 -16.707140944, 35.277281725 -16.706498489, 35.274997442 -16.705641884, 35.274283603 -16.704999429, 35.273641149 -16.703072066, 35.273463954 -16.701428331, 35.273569765 -16.699717025, 35.272713159 -16.698574885, 35.270071957 -16.698574885, 35.268541444 -16.697848414, 35.26750214 -16.696861673, 35.267073837 -16.694434622, 35.266502766 -16.693292481, 35.265574776 -16.692078956, 35.262148352 -16.688723916, 35.26136313 -16.687224855, 35.260863443 -16.685654411, 35.260720676 -16.684012583, 35.260220989 -16.681442765, 35.25950715 -16.680443391, 35.257365635 -16.678658796, 35.255795191 -16.67873018, 35.254296131 -16.679015715, 35.250655556 -16.679087098, 35.248299889 -16.679515401, 35.247157748 -16.679087098, 35.24608699 -16.677159735, 35.243517173 -16.675803442, 35.240519052 -16.675089604, 35.237949234 -16.672805321, 35.235022497 -16.669593049, 35.234451426 -16.667594302, 35.233523436 -16.666095242, 35.231239154 -16.663596808, 35.230882235 -16.662811585, 35.231430144 -16.661416504, 35.233237901 -16.659385162, 35.232952366 -16.655530435, 35.232167143 -16.652675082, 35.231667457 -16.65153294, 35.23023978 -16.649462809, 35.22966871 -16.648320668, 35.228597952 -16.646964375, 35.227455811 -16.646536072, 35.226599205 -16.646821608, 35.223886619 -16.648891738, 35.221245418 -16.651318789, 35.219175287 -16.652104011, 35.218247297 -16.653888606, 35.216891004 -16.654531061, 35.215106408 -16.654102758, 35.213821499 -16.653103384, 35.213036277 -16.651747092, 35.21280447 -16.649419357, 35.211751368 -16.647035759, 35.210680611 -16.645608082, 35.209538469 -16.642467194, 35.208182177 -16.639897376, 35.206468965 -16.637470326, 35.204113298 -16.636542336, 35.201757632 -16.636685104, 35.200077369 -16.637362351, 35.19668938 -16.636756487, 35.194874034 -16.634189964, 35.190922468 -16.630799097, 35.189438586 -16.629053354, 35.187266714 -16.627619357, 35.183875983 -16.627226746, 35.18234123 -16.626834135, 35.182269846 -16.62562061, 35.180520942 -16.624407085, 35.178129584 -16.623407711, 35.175127818 -16.623798966, 35.172061959 -16.623693246, 35.170205979 -16.622908024, 35.168778302 -16.621551732, 35.166993707 -16.619124681, 35.166993707 -16.618125308, 35.170205979 -16.61369951, 35.171205353 -16.611343844, 35.171990575 -16.609916167, 35.172347494 -16.608774026, 35.17227611 -16.60791742, 35.171633656 -16.607060814, 35.170348747 -16.606846663, 35.168564151 -16.607132198, 35.166066195 -16.607825297, 35.16313898 -16.609844783, 35.161639919 -16.610058935, 35.160140859 -16.609345096, 35.159712556 -16.608202956, 35.1591415 -16.605886499, 35.158356263 -16.604348228, 35.157214122 -16.603063319, 35.155191414 -16.599199634, 35.155143991 -16.595353866, 35.155429526 -16.593355119, 35.156143364 -16.591499139, 35.156071981 -16.59021423, 35.155572294 -16.589500392, 35.154000054 -16.588722019, 35.152502789 -16.587573029, 35.152217254 -16.585717049, 35.152607111 -16.583080759, 35.151794819 -16.580896469, 35.14971882 -16.58014911, 35.147720072 -16.578721433, 35.146006861 -16.577222373, 35.145221638 -16.575437777, 35.145293022 -16.573795949, 35.145721325 -16.573153495, 35.148795001 -16.572829825, 35.15064681 -16.572082737, 35.151503416 -16.570869212, 35.15121788 -16.568656314, 35.150432658 -16.567728324, 35.148362527 -16.566443415, 35.146792083 -16.56580096, 35.143508426 -16.563802213, 35.143222891 -16.561446547, 35.143936729 -16.559233648, 35.145578558 -16.556735214, 35.150004355 -16.554308164, 35.151360648 -16.553879861, 35.156286132 -16.553023255, 35.157285506 -16.551809729, 35.159141485 -16.550738972, 35.161140233 -16.549311296, 35.162996212 -16.547669467, 35.165137727 -16.546455942, 35.169706292 -16.545028265, 35.172847181 -16.542958135, 35.176630524 -16.540959387, 35.177701281 -16.539032024, 35.178343736 -16.537104661, 35.178343736 -16.535462832, 35.177169 -16.532457438, 35.17655914 -16.528824136, 35.176987443 -16.526968157, 35.178557887 -16.525183561, 35.181341856 -16.523684501, 35.183055068 -16.522542359, 35.185410735 -16.519829773, 35.188551623 -16.518045178, 35.191692512 -16.517474107, 35.195404471 -16.516474734, 35.198259824 -16.516117814, 35.202114551 -16.516903037, 35.203756379 -16.51790241, 35.207254187 -16.517831027, 35.208467712 -16.516760269, 35.208753247 -16.514832905, 35.208638769 -16.51204601, 35.208681863 -16.510192957, 35.209752621 -16.506124078, 35.210038156 -16.504125331, 35.213107661 -16.500841675, 35.218247297 -16.496772797, 35.222815862 -16.494845433, 35.22688474 -16.493917443, 35.233237901 -16.494060211, 35.240733203 -16.493988827, 35.248143081 -16.489181581, 35.255009969 -16.483495404, 35.262436743 -16.474566715, 35.262950707 -16.47251086, 35.2628936 -16.469712614, 35.262392838 -16.46853728, 35.262036994 -16.465886441, 35.262722278 -16.462117375, 35.262779385 -16.460689698, 35.263476855 -16.458761398, 35.262444001 -16.44396, 35.264263 -16.433168, 35.262154 -16.406576, 35.26244843 -16.404879239, 35.261808565 -16.403411312, 35.262208315 -16.400841495, 35.26353014 -16.398645499, 35.265463417 -16.393817326, 35.265977381 -16.392903613, 35.267233736 -16.391304615, 35.267005308 -16.390219581, 35.269232484 -16.388392155, 35.270031982 -16.387535549, 35.271174124 -16.38536548, 35.272202051 -16.383994911, 35.273572621 -16.383195412, 35.274372119 -16.38245302, 35.275524711 -16.379427229, 35.276656402 -16.378398419, 35.277627222 -16.377084956, 35.280539682 -16.375086209, 35.28116786 -16.373944068, 35.284137427 -16.371773999, 35.287335423 -16.369718144, 35.288477564 -16.368518897, 35.290190776 -16.366177507, 35.291903988 -16.364806937, 35.292989022 -16.36240844, 35.297272052 -16.355555593, 35.300013191 -16.349673565, 35.301612189 -16.347846139, 35.30218326 -16.346703998, 35.30218326 -16.345618964, 35.301269547 -16.344933679, 35.298299979 -16.342078326, 35.295101983 -16.34082197, 35.288763099 -16.337338439, 35.286593031 -16.333283838, 35.285507997 -16.331856161, 35.284822712 -16.330428485, 35.283794785 -16.329286343, 35.28116786 -16.32837263, 35.28019704 -16.327630239, 35.279397541 -16.326545204, 35.279054899 -16.325517277, 35.278997792 -16.324146708, 35.2782554 -16.322262175, 35.278312507 -16.319692357, 35.279112006 -16.319007072, 35.280254147 -16.31866443, 35.281282074 -16.317465181, 35.283280821 -16.313696115, 35.283566357 -16.312553973, 35.283566357 -16.311354725, 35.284537177 -16.309184657, 35.286250389 -16.308328051, 35.28642171 -16.308042515, 35.28642171 -16.307185909, 35.28602196 -16.30484452, 35.285336676 -16.303645272, 35.285850639 -16.300390169, 35.285393783 -16.298391422, 35.28545089 -16.297591923, 35.28642171 -16.295878711, 35.286935673 -16.294622355, 35.288991528 -16.29199543, 35.289505491 -16.290739075, 35.291961095 -16.288740328, 35.292874808 -16.287255544, 35.293502986 -16.285884975, 35.294873556 -16.283714906, 35.296129911 -16.281087981, 35.295958589 -16.280060054, 35.294245378 -16.275548596, 35.294873556 -16.273492741, 35.296415446 -16.271722423, 35.297329159 -16.269266819, 35.298454409 -16.267450278, 35.299327907 -16.265497753, 35.299213692 -16.264012969, 35.298128658 -16.260700759, 35.297043624 -16.258416477, 35.296194712 -16.257471719, 35.295903819 -16.256187167, 35.29418827 -16.253219734, 35.294074056 -16.25173495, 35.293331664 -16.248993811, 35.292760594 -16.245681601, 35.293502986 -16.241912535, 35.293838145 -16.241752936, 35.2934 -16.237108, 35.296669001 -16.229748, 35.301399 -16.227192, 35.306816 -16.221191, 35.308331001 -16.212586999, 35.311470001 -16.209005, 35.314064001 -16.206694, 35.321922764 -16.201826764, 35.322170732 -16.201330827, 35.323705484 -16.200188687, 35.324840599 -16.200019953, 35.325650339 -16.199518609, 35.326798784 -16.199451054, 35.328416817 -16.19907034, 35.330225207 -16.197928198, 35.332271544 -16.19721436, 35.333889578 -16.19602463, 35.334175112 -16.19540597, 35.334206582 -16.194219642, 35.334353629 -16.193568434, 35.334270291 -16.192693384, 35.334698594 -16.191931957, 35.335697968 -16.191503654, 35.336840109 -16.191598832, 35.3386485 -16.192265081, 35.339314749 -16.192265081, 35.343104128 -16.189802267, 35.346833846 -16.186459197, 35.348071165 -16.185745358, 35.349022949 -16.184793574, 35.349546431 -16.183651432, 35.349689198 -16.182842416, 35.349165717 -16.181129204, 35.349974734 -16.178464207, 35.356208922 -16.173990821, 35.363061769 -16.170469219, 35.364013554 -16.169374667, 35.364774981 -16.166995205, 35.366488193 -16.165900653, 35.367677924 -16.165281993, 35.368344173 -16.165091637, 35.369962206 -16.163949495, 35.37096158 -16.16242664, 35.371627829 -16.160189947, 35.372389257 -16.158619503, 35.373769344 -16.156906291, 35.374388004 -16.15638281, 35.37508741 -16.155098122, 35.375387377 -16.154669598, 35.376672286 -16.154717187, 35.379480051 -16.15576415, 35.381240851 -16.155668971, 35.383334777 -16.156002096, 35.38438174 -16.155668971, 35.385761828 -16.154574419, 35.387189504 -16.154050938, 35.388855127 -16.153146742, 35.39047316 -16.151576298, 35.391329766 -16.151005228, 35.392138783 -16.150672103, 35.392614675 -16.14962514, 35.394042352 -16.147007733, 35.394946547 -16.146008359, 35.396088688 -16.145199342, 35.397421186 -16.144628272, 35.398991631 -16.143105417, 35.399467523 -16.142058454, 35.399705469 -16.14110667, 35.399753058 -16.13925069, 35.401751805 -16.137823014, 35.402465644 -16.137061586, 35.402846357 -16.135967034, 35.402513233 -16.134253822, 35.401810422 -16.131737973, 35.401846984 -16.130970166, 35.402418054 -16.129447311, 35.402798768 -16.129019008, 35.403131893 -16.12825758, 35.40394091 -16.127353385, 35.404940283 -16.126925082, 35.406034835 -16.126163654, 35.406225192 -16.125640173, 35.412173845 -16.123022766, 35.41797973 -16.121595089, 35.419359817 -16.120881251, 35.421120618 -16.118977682, 35.421929635 -16.118454201, 35.422881419 -16.118216255, 35.424166328 -16.118263844, 35.425070523 -16.118596968, 35.42587954 -16.118644558, 35.426640967 -16.11850179, 35.427212038 -16.118168666, 35.427830698 -16.116740989, 35.427925876 -16.11607474, 35.428782482 -16.114599474, 35.429655119 -16.113924906, 35.435958476 -16.113485221, 35.43720001 -16.113629904, 35.438784319 -16.114158008, 35.439252111 -16.114647063, 35.44172675 -16.11545608, 35.443535141 -16.115646437, 35.44600978 -16.115551259, 35.449150669 -16.114885009, 35.449721739 -16.114456706, 35.451101827 -16.114504296, 35.451815665 -16.115170545, 35.454004769 -16.118787326, 35.45514691 -16.119453574, 35.460286546 -16.120500537, 35.463379846 -16.121975803, 35.465568949 -16.122594463, 35.466853858 -16.122689642, 35.470232693 -16.12031018, 35.470946531 -16.119977056, 35.471945905 -16.12031018, 35.473563939 -16.121119197, 35.474372955 -16.121737857, 35.475562686 -16.121690268, 35.477275897 -16.121166786, 35.478418039 -16.121071608, 35.479322234 -16.121214376, 35.480036072 -16.122070982, 35.48017884 -16.122642052, 35.480845089 -16.123260712, 35.482272765 -16.123355891, 35.483938389 -16.122499285, 35.484319102 -16.121785446, 35.4856516 -16.120738483, 35.486127493 -16.120595716, 35.486984099 -16.121119197, 35.487222045 -16.121928214, 35.487079277 -16.123308302, 35.485794368 -16.126116065, 35.485318476 -16.126925082, 35.485508833 -16.128495526, 35.486460617 -16.128971419, 35.487983472 -16.131017755, 35.487888294 -16.133254448, 35.487126866 -16.13620498, 35.486127493 -16.137680246, 35.486317849 -16.138679619, 35.486936509 -16.139583815, 35.487793115 -16.140250064, 35.488649721 -16.141868097, 35.488602132 -16.1422964, 35.488935257 -16.143295774, 35.489791863 -16.14353372, 35.491219539 -16.143390952, 35.492789983 -16.143628899, 35.494693552 -16.144580683, 35.495121855 -16.145056575, 35.495692926 -16.145151754, 35.496168818 -16.145008986, 35.498587544 -16.145008986, 35.499833188 -16.145437289, 35.500784973 -16.147673982, 35.501213276 -16.150148622, 35.501165686 -16.150910049, 35.499928367 -16.151957012, 35.498833814 -16.15205219, 35.497168192 -16.151671476, 35.496597121 -16.151671476, 35.496263997 -16.152099779, 35.496549532 -16.154384062, 35.497168192 -16.155240668, 35.499024171 -16.156144863, 35.501831935 -16.155478614, 35.502688541 -16.155668971, 35.503259612 -16.156049685, 35.504258985 -16.157239416, 35.50706675 -16.15814361, 35.507828177 -16.158096021, 35.510540762 -16.15695388, 35.512158796 -16.156097274, 35.512967813 -16.155859328, 35.513919597 -16.15633522, 35.514871382 -16.157049058, 35.515823166 -16.15752495, 35.516679772 -16.157667719, 35.517964681 -16.158476735, 35.519439947 -16.160142358, 35.519773071 -16.161141731, 35.518868876 -16.165377172, 35.518773698 -16.167471098, 35.519059233 -16.16794699, 35.519725482 -16.168232525, 35.523580209 -16.168089758, 35.524960296 -16.167613865, 35.52595967 -16.164758512, 35.526007259 -16.163997084, 35.526435562 -16.163378424, 35.52776806 -16.162616997, 35.528314892 -16.162633568, 35.530004753 -16.162141105, 35.531146895 -16.160951375, 35.531146895 -16.158809859, 35.532193858 -16.157096647, 35.53266975 -16.156715934, 35.533431178 -16.157049058, 35.534287784 -16.158571913, 35.535355388 -16.162341949, 35.53633412 -16.162664587, 35.537000369 -16.162188694, 35.538668629 -16.159221714, 35.541711702 -16.155193079, 35.542568308 -16.155002722, 35.543424914 -16.155526204, 35.543900806 -16.155193079, 35.543900806 -16.154384062, 35.543520092 -16.153527456, 35.541330988 -16.152337726, 35.540807507 -16.151576298, 35.540950274 -16.15086246, 35.541759291 -16.150434157, 35.542758664 -16.15019621, 35.543520092 -16.14962514, 35.543377324 -16.148863713, 35.542663486 -16.146960144, 35.543329735 -16.142819882, 35.54428152 -16.141344616, 35.544186897 -16.140455642, 35.543758038 -16.139726582, 35.543234557 -16.137680246, 35.543424914 -16.137061586, 35.545280893 -16.136776051, 35.546756159 -16.136728462, 35.548231425 -16.13620498, 35.548802495 -16.135729088, 35.551277135 -16.13496766, 35.552657222 -16.133920697, 35.553561417 -16.132826145, 35.555592726 -16.129675238, 35.55646436 -16.126544368, 35.55527463 -16.124735978, 35.555084272 -16.123926961, 35.555512575 -16.123355891, 35.556226414 -16.122879999, 35.55708302 -16.122546874, 35.557844447 -16.121690268, 35.558748643 -16.122070982, 35.559367303 -16.122832409, 35.559414892 -16.123308302, 35.559795606 -16.123689015, 35.560461854 -16.127353385, 35.560985336 -16.12830517, 35.562270245 -16.129114186, 35.566029793 -16.130589452, 35.567647826 -16.131636415, 35.568837557 -16.133397216, 35.569741752 -16.134206233, 35.570312823 -16.134301411, 35.571217018 -16.133635162, 35.571359786 -16.133016502, 35.571217018 -16.131921951, 35.570883894 -16.13135088, 35.570312823 -16.129590079, 35.569123092 -16.128685883, 35.568980325 -16.127829277, 35.569741752 -16.127163028, 35.570741126 -16.126782314, 35.572835052 -16.126925082, 35.575835994 -16.12750906, 35.576534122 -16.126777688, 35.577022903 -16.125497405, 35.577641563 -16.124926335, 35.578831294 -16.124593211, 35.579735489 -16.124593211, 35.58043743 -16.125116692, 35.582222026 -16.128114813, 35.58286448 -16.128971419, 35.583150015 -16.129720949, 35.58343555 -16.131291393, 35.583970929 -16.131684004, 35.586469363 -16.132433534, 35.588860721 -16.132576302, 35.589860095 -16.132897529, 35.590716701 -16.133361524, 35.591823151 -16.133575676, 35.594000357 -16.133575676, 35.59442866 -16.132933221, 35.59478558 -16.130934474, 35.595784953 -16.13011356, 35.597284013 -16.129756641, 35.598639985 -16.129197789, 35.599294658 -16.128543116, 35.601074081 -16.128053774, 35.602772664 -16.128315524, 35.603458715 -16.128186196, 35.603675929 -16.127920021, 35.603779942 -16.127365283, 35.604922083 -16.126044681, 35.605671614 -16.12583053, 35.607813128 -16.125759147, 35.608491275 -16.125580687, 35.608990961 -16.125009616, 35.611810623 -16.124688389, 35.613095532 -16.124938232, 35.614136198 -16.125997656, 35.614380441 -16.126437293, 35.61491582 -16.12658006, 35.615915193 -16.125973298, 35.61623642 -16.125687762, 35.617235794 -16.12583053, 35.617592713 -16.126080374, 35.618163784 -16.126044681, 35.61830847 -16.125878561, 35.619347129 -16.125799594, 35.620162531 -16.124010242, 35.620840678 -16.123153636, 35.621340364 -16.121975803, 35.621697283 -16.1215475, 35.622125586 -16.121404733, 35.622875117 -16.121583192, 35.623553263 -16.121940112, 35.624588329 -16.122404106, 35.625837546 -16.122653949, 35.627622142 -16.121833036, 35.628228904 -16.121261965, 35.628050445 -16.12061951, 35.627479374 -16.12004844, 35.625123707 -16.120012748, 35.624588329 -16.119834288, 35.624552637 -16.119370294, 35.626372924 -16.115122956, 35.627051071 -16.114444809, 35.629870732 -16.114766036, 35.630977181 -16.114694653, 35.63244055 -16.114230658, 35.632797469 -16.113838046, 35.632948444 -16.113126308, 35.633761151 -16.112160527, 35.634689141 -16.111910683, 35.637794337 -16.11166084, 35.63932909 -16.111232537, 35.645789326 -16.108091648, 35.649751129 -16.10587875, 35.652035411 -16.105343371, 35.65424831 -16.105200603, 35.655675986 -16.103737234, 35.656318441 -16.102630785, 35.656746744 -16.102238174, 35.657389199 -16.102095407, 35.658852567 -16.102416634, 35.659851941 -16.10234525, 35.660530087 -16.101845563, 35.660708547 -16.101131725, 35.661422385 -16.100346503, 35.66281437 -16.099953892, 35.664670349 -16.0999182, 35.666633405 -16.099347129, 35.668239541 -16.099097286, 35.669488758 -16.098097912, 35.669881369 -16.097526841, 35.67102351 -16.09713423, 35.672022884 -16.096241932, 35.673129333 -16.095849321, 35.673414868 -16.096027781, 35.673807479 -16.096777311, 35.673807479 -16.097455457, 35.674664086 -16.098490523, 35.675021004 -16.099347129, 35.674449934 -16.100739114, 35.675235156 -16.100810498, 35.677448055 -16.099632664, 35.677982032 -16.099182847, 35.678161893 -16.098347756, 35.677769282 -16.097919453, 35.677626514 -16.097062847, 35.67791205 -16.096527468, 35.678447429 -16.096277624, 35.679268342 -16.09656316, 35.680089257 -16.097348382, 35.680624635 -16.098312063, 35.681552625 -16.09899021, 35.681928668 -16.099486587, 35.685059113 -16.101203478, 35.684550746 -16.101916947, 35.683587064 -16.102559401, 35.681505252 -16.103197313, 35.680967542 -16.103927062, 35.681231398 -16.105057836, 35.682123696 -16.105486138, 35.683908291 -16.105379063, 35.684515054 -16.105164911, 35.685228892 -16.104308305, 35.686014114 -16.103166164, 35.688405473 -16.103451699, 35.690118684 -16.103023396, 35.69208174 -16.102916321, 35.692902654 -16.102559401, 35.693397269 -16.101676481, 35.695543855 -16.101024649, 35.696721689 -16.101203109, 35.697221376 -16.101702795, 35.697042916 -16.102238174, 35.697257068 -16.102916321, 35.697685371 -16.102952013, 35.698720436 -16.102595094, 35.699612734 -16.101881255, 35.700647799 -16.100560655, 35.701437398 -16.100018774, 35.703574537 -16.100025276, 35.703931456 -16.100275119, 35.703973097 -16.101577874, 35.70373515 -16.102321455, 35.704121813 -16.102678375, 35.706322814 -16.102767604, 35.708375099 -16.102113252, 35.70956483 -16.101488644, 35.711081736 -16.101518388, 35.711736088 -16.101399414, 35.712093007 -16.100923522, 35.712003777 -16.100626089, 35.71093302 -16.100298913, 35.708375099 -16.099941994, 35.70792895 -16.099674305, 35.707720747 -16.098425088, 35.708047923 -16.09762202, 35.70947945 -16.09628229, 35.711468398 -16.095718451, 35.711587371 -16.095064099, 35.710962763 -16.094677437, 35.711230452 -16.09333899, 35.712003777 -16.092476436, 35.713342224 -16.091643624, 35.713877603 -16.091643624, 35.714888873 -16.092179003, 35.71512682 -16.092476436, 35.716941159 -16.092833355, 35.718904214 -16.0919708, 35.71923139 -16.092179003, 35.719677539 -16.092149259, 35.720004715 -16.091316448, 35.720272404 -16.091108246, 35.720391377 -16.090721583, 35.720093944 -16.09033492, 35.720093944 -16.089591339, 35.720807783 -16.088669298, 35.721581108 -16.088223149, 35.722354433 -16.087539054, 35.723276474 -16.087628284, 35.723306217 -16.087777, 35.724198515 -16.087509311, 35.72506107 -16.086854959, 35.725507218 -16.086081634, 35.727856936 -16.085605742, 35.72898718 -16.084505241, 35.729552302 -16.083940119, 35.731545101 -16.084178065, 35.733686616 -16.08340474, 35.735381982 -16.08230424, 35.735649671 -16.081917577, 35.735649671 -16.081649888, 35.736898888 -16.080698104, 35.737969645 -16.078794535, 35.738029132 -16.078169926, 35.737820929 -16.077069426, 35.738118362 -16.076712506, 35.73874297 -16.07638533, 35.739189119 -16.07638533, 35.739724498 -16.076623276, 35.740884485 -16.077545318, 35.742431135 -16.077902236, 35.743591122 -16.07775352, 35.744334703 -16.077426345, 35.744721366 -16.077069426, 35.744870082 -16.077099169, 35.744513163 -16.07638533, 35.74457265 -16.076177127, 35.74585161 -16.076236614, 35.746505962 -16.076444817, 35.747249543 -16.075939181, 35.747963382 -16.076117641, 35.748409531 -16.075968925, 35.748647477 -16.075582263, 35.749123369 -16.075314573, 35.749569518 -16.074511505, 35.750436709 -16.0743114, 35.751354113 -16.074541248, 35.751681289 -16.075136113, 35.751681289 -16.075344316, 35.751889492 -16.075552519, 35.752514101 -16.07537406, 35.752662817 -16.075046884, 35.753019736 -16.075076627, 35.753346912 -16.07537406, 35.755726373 -16.075165857, 35.756083292 -16.07492791, 35.759057619 -16.074749451, 35.760098633 -16.074511505, 35.760396065 -16.07391664, 35.761853485 -16.072340247, 35.761942715 -16.071537179, 35.762597067 -16.0710018, 35.76271604 -16.070704367, 35.762656554 -16.070050016, 35.762953986 -16.069960786, 35.764203203 -16.070050016, 35.765214474 -16.069752583, 35.766433948 -16.068949515, 35.767028813 -16.06799773, 35.767028813 -16.067521838, 35.766612407 -16.066659284, 35.765065757 -16.065707499, 35.765065757 -16.064874688, 35.766225745 -16.062881889, 35.766582664 -16.060859347, 35.767385732 -16.059907563, 35.767177529 -16.05969936, 35.767385732 -16.059223468, 35.768545719 -16.058479886, 35.769794936 -16.056814264, 35.771430816 -16.055178384, 35.772085167 -16.054970181, 35.773453358 -16.054999925, 35.775327183 -16.05568402, 35.776397941 -16.055654276, 35.780115849 -16.054345573, 35.780205078 -16.05413737, 35.779967132 -16.053780451, 35.780175335 -16.052620464, 35.780988825 -16.051575468, 35.781573269 -16.051638936, 35.781989674 -16.052085085, 35.782554796 -16.052204058, 35.783119918 -16.051966112, 35.783048875 -16.051624917, 35.782406079 -16.051757909, 35.782229423 -16.051289768, 35.782614282 -16.050300489, 35.783209148 -16.050330232, 35.783599115 -16.049946875, 35.784279905 -16.049973313, 35.784874771 -16.050300489, 35.78523169 -16.050062543, 35.785826555 -16.04848615, 35.786986542 -16.048248204, 35.786986542 -16.047921028, 35.787194745 -16.047653339, 35.787938326 -16.048426663, 35.788176273 -16.048426663, 35.788265503 -16.048099488, 35.789484976 -16.047623596, 35.789780844 -16.047722218, 35.789725946 -16.048227663, 35.790050098 -16.04857538, 35.790823423 -16.04857538, 35.79097214 -16.048218461, 35.790644963 -16.047802055, 35.79070445 -16.047326163, 35.790942396 -16.047088217, 35.791269572 -16.047147703, 35.791834694 -16.0469395, 35.792221357 -16.046552838, 35.792964938 -16.046671811, 35.793321857 -16.045035931, 35.793232627 -16.043429795, 35.793582789 -16.042879782, 35.793946466 -16.043043133, 35.794452101 -16.04301339, 35.794569509 -16.042805187, 35.79471979 -16.042983647, 35.795403886 -16.042775444, 35.79545866 -16.04240115, 35.795998751 -16.042210322, 35.796325926 -16.042418525, 35.796534129 -16.042031862, 35.796831562 -16.042210322, 35.797456171 -16.041793916, 35.797783347 -16.04155597, 35.798735131 -16.04137751, 35.800222294 -16.041734429, 35.800787416 -16.041496483, 35.801084849 -16.040425726, 35.801412024 -16.04009855, 35.802661241 -16.040306753, 35.803166877 -16.040217523, 35.803256107 -16.039890347, 35.803880715 -16.039652401, 35.804505324 -16.039860604, 35.804921729 -16.039592915, 35.805070446 -16.039087279, 35.805397622 -16.039027793, 35.805576081 -16.038789847, 35.805457108 -16.038432927, 35.805933001 -16.038165238, 35.80611146 -16.038254468, 35.806081717 -16.03864113, 35.806607159 -16.038299116, 35.806825298 -16.038581644, 35.806825298 -16.038760103, 35.806581014 -16.038807887, 35.806676582 -16.038968306, 35.807604879 -16.039170582, 35.807687853 -16.039354968, 35.808065993 -16.039055865, 35.808036549 -16.038741795, 35.808321983 -16.038262266, 35.809650908 -16.038016521, 35.809829368 -16.037034994, 35.810007828 -16.036945764, 35.809918598 -16.036618588, 35.81030526 -16.036261669, 35.810870382 -16.036112953, 35.811941139 -16.034982709, 35.812327802 -16.034804249, 35.812357545 -16.034596046, 35.812565748 -16.03453656, 35.812803694 -16.035101682, 35.813071383 -16.034923222, 35.813071383 -16.033911952, 35.813071383 -16.032960167, 35.813725735 -16.032692478, 35.813339073 -16.032543761, 35.813428303 -16.031681207, 35.813428303 -16.030818652, 35.813606762 -16.03052122, 35.814171884 -16.030372503, 35.81440983 -16.029985841, 35.814201628 -16.029866868, 35.814380087 -16.029509948, 35.814707263 -16.029628921, 35.814891778 -16.029892515, 35.815361614 -16.029658665, 35.815688744 -16.029682031, 35.815718534 -16.029956097, 35.815986223 -16.029926354, 35.816128 -16.029606118, 35.816491859 -16.029747895, 35.816640575 -16.029599178, 35.816462116 -16.029004313, 35.816313399 -16.028915084, 35.816313399 -16.028587908, 35.816908264 -16.028349961, 35.817086724 -16.028468934, 35.817622103 -16.027398177, 35.817562616 -16.027130488, 35.816763449 -16.027012815, 35.816610832 -16.026862798, 35.816759548 -16.026327419, 35.816610832 -16.025345892, 35.816283656 -16.025048459, 35.816551345 -16.024066932, 35.816670318 -16.023858729, 35.81705698 -16.024066932, 35.817175954 -16.023680269, 35.81705698 -16.023174634, 35.817532873 -16.023263864, 35.817770819 -16.024007445, 35.818216968 -16.023442323, 35.817592359 -16.022639255, 35.817860049 -16.02195516, 35.817651846 -16.021657727, 35.817919535 -16.021390038, 35.818276454 -16.021449524, 35.818306198 -16.021895674, 35.818688588 -16.021501081, 35.818353787 -16.021223475, 35.818526431 -16.02005627, 35.818752346 -16.020230051, 35.818990293 -16.019962361, 35.819112421 -16.019237679, 35.81874976 -16.018913588, 35.818960549 -16.018564428, 35.818246711 -16.018725042, 35.818175327 -16.018546582, 35.818532246 -16.018403814, 35.818710706 -16.018153971, 35.818389479 -16.018046895, 35.817782716 -16.018261047, 35.816997494 -16.016761986, 35.816426423 -16.01665491, 35.816908264 -16.016541886, 35.816908264 -16.016184967, 35.816521602 -16.01621471, 35.816390732 -16.015976764, 35.816581088 -16.015500872, 35.816149811 -16.015414617, 35.816140888 -16.014977391, 35.816502566 -16.014615712, 35.816759548 -16.014519344, 35.818097995 -16.014816777, 35.81816462 -16.014488411, 35.818853474 -16.013728173, 35.819281994 -16.012649838, 35.81919963 -16.012259544, 35.818008765 -16.011485532, 35.818139636 -16.011122663, 35.81803256 -16.01087282, 35.816997494 -16.010944204, 35.817140262 -16.010373133, 35.818246711 -16.009909138, 35.818889166 -16.009409452, 35.819139009 -16.008600435, 35.81860363 -16.008410078, 35.818567939 -16.007803316, 35.818710706 -16.007589164, 35.818353787 -16.007446397, 35.818425171 -16.00694671, 35.819103317 -16.006911018, 35.819174701 -16.006161488, 35.818924857 -16.005875952, 35.81860363 -16.005768876, 35.818996242 -16.00491227, 35.818746398 -16.003984281, 35.818425171 -16.00359167, 35.818175327 -16.002627987, 35.81860363 -16.002163993, 35.818567939 -16.001985533, 35.817532873 -16.00155723, 35.817068878 -16.001200311, 35.817068878 -16.000736317, 35.817461489 -16.000593548, 35.817497181 -16.000165246, 35.81710457 -15.998808953, 35.817140262 -15.998059423, 35.81803256 -15.997202816, 35.817818408 -15.996810206, 35.817425797 -15.99670313, 35.817354413 -15.997167125, 35.816497807 -15.996952973, 35.816247964 -15.99670313, 35.816426423 -15.995739448, 35.816033813 -15.995418221, 35.815641201 -15.99577514, 35.815141514 -15.99577514, 35.814824087 -15.995395429, 35.814427676 -15.995453913, 35.814213525 -15.996596054, 35.813535378 -15.996453286, 35.813178459 -15.996596054, 35.812928616 -15.997024357, 35.812571697 -15.997024357, 35.811857858 -15.996596054, 35.811608015 -15.996274827, 35.810715717 -15.996167751, 35.810144646 -15.995382529, 35.808752662 -15.99502561, 35.808574202 -15.993705009, 35.808110207 -15.993241014, 35.808395743 -15.993062554, 35.808431434 -15.992634251, 35.808038824 -15.992384408, 35.807646212 -15.9924201, 35.807467753 -15.99259856, 35.806789606 -15.992669944, 35.806504071 -15.992348716, 35.806504071 -15.991741954, 35.80686099 -15.991420727, 35.806825298 -15.990492737, 35.80703945 -15.990171509, 35.807467753 -15.990207202, 35.807110834 -15.989386287, 35.806682531 -15.987851535, 35.806254228 -15.987780151, 35.806218536 -15.987530307, 35.806968066 -15.986852161, 35.807075142 -15.986281091, 35.806718223 -15.984853414, 35.806753914 -15.983175894, 35.806504071 -15.98310451, 35.806004384 -15.982283596, 35.806040076 -15.981641142, 35.806396995 -15.98142699, 35.807217909 -15.981284223, 35.807396369 -15.980820227, 35.806896682 -15.980391925, 35.806753914 -15.978643021, 35.806539763 -15.978179026, 35.806218536 -15.977857798, 35.806504071 -15.977215344, 35.80686099 -15.977143961, 35.807217909 -15.976822733, 35.807289293 -15.976251662, 35.806539763 -15.976251662, 35.806611147 -15.975859052, 35.807217909 -15.97546644, 35.807182217 -15.974931062, 35.80686099 -15.974752602, 35.80686099 -15.974431375, 35.807182217 -15.974181532, 35.806718223 -15.973610461, 35.807360677 -15.973253542, 35.807432061 -15.97303939, 35.807182217 -15.972682471, 35.807396369 -15.971968633, 35.807182217 -15.971112027, 35.806753914 -15.970755108, 35.806147152 -15.97061234, 35.806147152 -15.969505891, 35.806504071 -15.968899128, 35.807396369 -15.968363749, 35.807824672 -15.967935446, 35.80796744 -15.966793305, 35.807681904 -15.966365002, 35.807253601 -15.96615085, 35.806218536 -15.965115785, 35.805504698 -15.964794558, 35.805397622 -15.964544714, 35.805897308 -15.964401947, 35.806182844 -15.964152104, 35.806075768 -15.962902886, 35.805611773 -15.961760745, 35.806432687 -15.961046907, 35.807075142 -15.959940457, 35.807432061 -15.960118917, 35.807860364 -15.959654922, 35.80796744 -15.958762624, 35.807110834 -15.957620483, 35.80686099 -15.956692493, 35.806646838 -15.956228498, 35.807146526 -15.955693119, 35.808252975 -15.955264816, 35.808431434 -15.954800822, 35.807753288 -15.954086983, 35.807503445 -15.953123302, 35.807717596 -15.951767009, 35.808467127 -15.951195938, 35.808609894 -15.950696251, 35.8081459 -15.950196564, 35.808681278 -15.949661186, 35.808609894 -15.948733196, 35.808859737 -15.948340585, 35.809430808 -15.948126434, 35.81003757 -15.9469486, 35.810572949 -15.946377529, 35.810822793 -15.945735075, 35.811072636 -15.945485232, 35.810894176 -15.944485858, 35.810001879 -15.942772646, 35.809859111 -15.942165884, 35.810180339 -15.941737581, 35.810537258 -15.941594813, 35.810323106 -15.941309278, 35.810430182 -15.940845283, 35.81114402 -15.940345596, 35.810965561 -15.939988677, 35.811215404 -15.939346222, 35.811001252 -15.938346849, 35.81114402 -15.937668702, 35.811262993 -15.936788302, 35.812119599 -15.935931696, 35.812881027 -15.935503393, 35.813166562 -15.934979911, 35.813118973 -15.934123305, 35.814403881 -15.923986802, 35.813966426 -15.917741935, 35.816181 -15.896106, 35.819798001 -15.828193, 35.844883 -15.548196, 35.844818001 -15.524557, 35.854511001 -15.432499, 35.854473001 -15.418497, 35.846836 -15.395103, 35.841808 -15.373767, 35.842991 -15.373763999, 35.838222 -15.36138, 35.789688001 -15.166123, 35.916821001 -14.891189, 35.887527001 -14.891954, 35.870037001 -14.890388, 35.869827 -14.729614, 35.868393001 -14.723646, 35.870876001 -14.682754, 35.869656 -14.669204, 35.797436 -14.582079, 35.779453001 -14.563279, 35.774243001 -14.555021, 35.770698 -14.552501, 35.528629 -14.264556, 35.516815 -14.244579, 35.506645001 -14.221841999, 35.494583 -14.189225, 35.483948 -14.167406, 35.352810001 -14.019746, 35.350921001 -14.014232, 35.331128001 -13.995627, 35.307559 -13.968519, 35.299545 -13.955881, 35.291301001 -13.949678999, 35.23053 -13.881433, 35.209103001 -13.855693, 35.203685001 -13.84558, 35.170494001 -13.804668, 35.082271 -13.687878, 35.067924 -13.674541, 35.057106001 -13.666718, 35.042766 -13.65108, 34.949223001 -13.563893, 34.875233001 -13.486806999, 34.861374001 -13.479205, 34.84845 -13.478731, 34.83693 -13.480786, 34.758904 -13.47884, 34.684163001 -13.481015999, 34.679223001 -13.482157, 34.603542001 -13.481782, 34.595100001 -13.472339, 34.577328001 -13.42885, 34.561401001 -13.403065, 34.548745 -13.389242, 34.54475 -13.388542, 34.53843 -13.377723, 34.533036 -13.373802, 34.527412 -13.366890999, 34.523673 -13.358146, 34.5209 -13.337217, 34.531079 -13.301604, 34.536300001 -13.276783, 34.539413 -13.249199999, 34.539143001 -13.156995999, 34.537049 -13.147564, 34.540677 -13.097904999, 34.544236001 -13.080898, 34.551311001 -13.062518, 34.552052 -13.047114, 34.550209 -13.029404, 34.537914001 -12.964989, 34.536308 -12.947049, 34.532364 -12.927264, 34.516736001 -12.890204, 34.508151 -12.84902, 34.507710001 -12.836141, 34.511036 -12.817521, 34.510819 -12.809242999, 34.523735 -12.768087, 34.525452929 -12.752554313, 34.523888 -12.729704, 34.519013 -12.710144, 34.498256 -12.66433, 34.484520001 -12.616698, 34.468083001 -12.546505, 34.462975001 -12.528323, 34.456451 -12.512896999, 34.447879001 -12.475388, 34.433941 -12.431883, 34.417018 -12.36698, 34.413787001 -12.349722, 34.408554 -12.292669, 34.408391001 -12.254642, 34.414654 -12.198157, 34.425278001 -12.159544999, 34.476291001 -12.036951, 34.492771001 -12.000559, 34.512951 -11.966107999, 34.570495 -11.826165999, 34.582451 -11.804113, 34.597473001 -11.765963999, 34.634094 -11.662075, 34.642827 -11.609422, 34.642639001 -11.582510999, 34.703556 -11.580782, 34.715226001 -11.579192, 34.739499 -11.579921, 34.750004 -11.577869, 34.811618 -11.576346, 34.846627001 -11.57432, 34.855263 -11.572491, 34.883033 -11.574360999, 34.95880804 -11.571256493, 34.958717555 -11.570145869, 34.959233021 -11.569711983, 34.959175619 -11.569517546, 34.959402172 -11.568763888, 34.959577063 -11.568057188, 34.95963417 -11.567389749, 34.959477125 -11.567318365, 34.95954494 -11.566850801, 34.9596306 -11.566404652, 34.959669862 -11.566229762, 34.95985189 -11.566133394, 34.959887582 -11.565112605, 34.960976186 -11.563560006, 34.961072554 -11.56327804, 34.960901233 -11.562910414, 34.961654332 -11.562146607, 34.961722147 -11.562032393, 34.962239679 -11.561457753, 34.962753643 -11.56116151, 34.963399667 -11.559123501, 34.96369591 -11.558677353, 34.963774432 -11.557838593, 34.963388959 -11.556864203, 34.963513881 -11.555736339, 34.963574557 -11.553680484, 34.964152766 -11.551974411, 34.963992153 -11.550764455, 34.963556711 -11.54977222, 34.962796473 -11.547955501, 34.962154019 -11.546310104, 34.962089773 -11.544400586, 34.962502896 -11.542849161, 34.962634735 -11.542824677, 34.962478426 -11.542459784, 34.96232989 -11.541361912, 34.961389165 -11.539463239, 34.96116959 -11.539331925, 34.960743358 -11.538619385, 34.960005366 -11.537918935, 34.959822007 -11.536755156, 34.959815548 -11.535777834, 34.959996374 -11.533881315, 34.960235323 -11.532953505, 34.960373095 -11.532497135, 34.96102536 -11.532064445, 34.961708143 -11.530786217, 34.961558028 -11.529536022, 34.961312994 -11.529076882, 34.961477143 -11.527535314, 34.960162549 -11.525988421, 34.959866577 -11.525672642, 34.959362911 -11.524973477, 34.958691175 -11.523978324, 34.958561954 -11.523245108, 34.958434208 -11.522321425, 34.958238807 -11.52189047, 34.958477834 -11.520555472, 34.958153717 -11.519064056, 34.958348553 -11.517372141, 34.958086233 -11.515675091, 34.958169211 -11.515222723, 34.958356321 -11.51469154, 34.957781085 -11.512203366, 34.958131737 -11.511231711, 34.958522915 -11.510359729, 34.958008607 -11.509202746, 34.956423896 -11.50727692, 34.955251219 -11.506327891, 34.954938576 -11.506068844, 34.954923689 -11.505148783, 34.955214543 -11.504635179, 34.954753602 -11.50374799, 34.954793848 -11.502052752, 34.95516815 -11.501381294, 34.955233868 -11.50101842, 34.95560817 -11.500646975, 34.95613105 -11.500355534, 34.956199625 -11.499164052, 34.955031002 -11.496115345, 34.954976713 -11.494349552, 34.954979571 -11.493726667, 34.955225296 -11.493183786, 34.955305299 -11.492872343, 34.956031046 -11.491635146, 34.955842427 -11.490911609, 34.955603176 -11.489919213, 34.954626353 -11.488510604, 34.953049278 -11.486908047, 34.95225083 -11.48573869, 34.951561734 -11.485205962, 34.951160752 -11.484463156, 34.950645625 -11.483210148, 34.950488335 -11.48274755, 34.950662869 -11.48126213, 34.9504667 -11.479776658, 34.948935472 -11.477799058, 34.946814732 -11.475853476, 34.946375893 -11.475318583, 34.936132972 -11.466402014, 34.932017681 -11.463051395, 34.931222875 -11.462228337, 34.931169197 -11.461869014, 34.93134033 -11.461302087, 34.931211666 -11.460680368, 34.93080445 -11.459928773, 34.930830884 -11.45970078, 34.930371593 -11.458793766, 34.930545066 -11.458464994, 34.930383159 -11.458015616, 34.931546916 -11.45722119, 34.931814363 -11.456946994, 34.932162588 -11.456726005, 34.932219509 -11.456284027, 34.932219509 -11.456032904, 34.932048745 -11.455895623, 34.932376252 -11.455306214, 34.932485491 -11.454724235, 34.932856526 -11.454686566, 34.932824422 -11.454431057, 34.933035452 -11.454462438, 34.93313339 -11.454017949, 34.933628261 -11.453859859, 34.933787764 -11.45349983, 34.93382328 -11.452859352, 34.934059129 -11.452892388, 34.934281458 -11.453278409, 34.934527245 -11.452706318, 34.93413302 -11.449887708, 34.933240275 -11.447098351, 34.933132919 -11.446439151, 34.933082067 -11.44582327, 34.932997548 -11.445102682, 34.93269773 -11.444218059, 34.930887891 -11.441986674, 34.927260261 -11.438208757, 34.926554725 -11.437499942, 34.926130514 -11.436502044, 34.925544911 -11.435740242, 34.925591552 -11.435351567, 34.924601727 -11.432565202, 34.923860655 -11.431150427, 34.923943572 -11.43085158, 34.924990402 -11.429533541, 34.925220152 -11.428768284, 34.924879846 -11.427080573, 34.923452978 -11.424451405, 34.922941655 -11.423608413, 34.922632443 -11.422150452, 34.922680811 -11.421640856, 34.923148948 -11.421143353, 34.923515166 -11.420754678, 34.923679273 -11.419248348, 34.923637815 -11.419089424, 34.924043764 -11.418616104, 34.924040309 -11.416531081, 34.924510173 -11.414867554, 34.924249995 -11.413252346, 34.924219963 -11.41287754, 34.924862571 -11.41034511, 34.924843569 -11.40944684, 34.925171783 -11.409224, 34.926135696 -11.408113254, 34.927035694 -11.407653754, 34.927179072 -11.406152607, 34.9274641 -11.405556639, 34.92776813 -11.405205968, 34.928123983 -11.404411345, 34.928576573 -11.404109042, 34.928697494 -11.403312691, 34.928880602 -11.402559526, 34.929319373 -11.400899454, 34.928873693 -11.398966446, 34.927446825 -11.396969523, 34.924669098 -11.394290259, 34.917802514 -11.388726167, 34.910174128 -11.383182804, 34.905107539 -11.380202966, 34.902734033 -11.378382241, 34.899420798 -11.376459598, 34.89792872 -11.375404778, 34.89571457 -11.373877287, 34.892509301 -11.371853804, 34.889484549 -11.370029625, 34.887506627 -11.368951701, 34.886950391 -11.368813506, 34.886881293 -11.36897934, 34.886508166 -11.368694312, 34.885692813 -11.368525023, 34.885611623 -11.368747863, 34.885440606 -11.368740953, 34.885064024 -11.369032891, 34.884234851 -11.36981024, 34.884157116 -11.369917341, 34.882889174 -11.370022715, 34.881686874 -11.37010736, 34.881526222 -11.37002617, 34.881723164 -11.369179753, 34.881697328 -11.368842875, 34.881887257 -11.368535387, 34.882096278 -11.368153623, 34.882414127 -11.366505642, 34.882293206 -11.366008139, 34.877585925 -11.362966113, 34.876334334 -11.362234017, 34.874093382 -11.361253765, 34.869977584 -11.358794727, 34.863667144 -11.35494656, 34.851840845 -11.34877009, 34.848038874 -11.347231747, 34.847798652 -11.347245606, 34.847502995 -11.347495067, 34.846788251 -11.347206573, 34.846061665 -11.346344774, 34.841104782 -11.343097162, 34.835667788 -11.339030999, 34.828533784 -11.334711832, 34.811468719 -11.32537468, 34.803165372 -11.321327474, 34.800643592 -11.320511784, 34.800264861 -11.320756845, 34.799394416 -11.321633655, 34.79944185 -11.321915993, 34.799546256 -11.32189968, 34.799486441 -11.322006261, 34.79912102 -11.322441285, 34.798359727 -11.322677286, 34.798216169 -11.323383113, 34.797368717 -11.324097339, 34.79658954 -11.324472426, 34.796075245 -11.324466626, 34.79533667 -11.324408623, 34.794980917 -11.324526563, 34.794259743 -11.324468559, 34.793494013 -11.323596076, 34.79314608 -11.323206022, 34.793016539 -11.32252545, 34.792071086 -11.32140212, 34.792051752 -11.321044434, 34.792417172 -11.320814354, 34.791995682 -11.320491469, 34.792276031 -11.319876635, 34.793088077 -11.319903703, 34.792844463 -11.319576951, 34.793043608 -11.319136126, 34.793306556 -11.319056855, 34.793171215 -11.31848069, 34.79273619 -11.318179073, 34.792817395 -11.317802052, 34.792417172 -11.317191084, 34.792221411 -11.316518971, 34.791333781 -11.316231837, 34.791238883 -11.315858271, 34.790993837 -11.315749703, 34.790904899 -11.315032396, 34.791396076 -11.313907358, 34.791659128 -11.313691151, 34.791572645 -11.313442513, 34.789749282 -11.313540111, 34.789331185 -11.31335038, 34.789441122 -11.312922474, 34.789607372 -11.312694529, 34.789456748 -11.312021818, 34.789205466 -11.311776982, 34.789039419 -11.311103873, 34.788450545 -11.310434362, 34.788137047 -11.310302203, 34.787739345 -11.308836234, 34.787434832 -11.30856248, 34.787273713 -11.307252843, 34.787498869 -11.306545959, 34.787515468 -11.304696564, 34.78719072 -11.302958488, 34.786727378 -11.302186163, 34.78671815 -11.301146512, 34.786601267 -11.300614383, 34.785986089 -11.300057648, 34.786041455 -11.299728528, 34.786165728 -11.299763801, 34.786125027 -11.298883469, 34.785392442 -11.297736255, 34.785520248 -11.297532536, 34.785402434 -11.297018081, 34.785378872 -11.295859577, 34.785512394 -11.295427593, 34.785799075 -11.295466864, 34.785819991 -11.295213123, 34.78569388 -11.29502857, 34.78586975 -11.29447876, 34.785980969 -11.292963852, 34.785924977 -11.292549505, 34.78651906 -11.292312697, 34.786807464 -11.292409312, 34.787130478 -11.292299718, 34.787297753 -11.292322791, 34.787942339 -11.291486416, 34.787877447 -11.291323467, 34.788154316 -11.291222525, 34.788543663 -11.28980213, 34.788535011 -11.288735032, 34.78833399 -11.288281624, 34.78859425 -11.288178947, 34.788756446 -11.288028348, 34.788995761 -11.288174179, 34.789225905 -11.287759414, 34.789269994 -11.287583181, 34.789875102 -11.287472345, 34.79042131 -11.287698996, 34.790653011 -11.288091709, 34.791532688 -11.289261994, 34.791846859 -11.28989819, 34.792483054 -11.290306612, 34.792494836 -11.290165235, 34.792589087 -11.290200579, 34.793005363 -11.290679689, 34.793301216 -11.29081923, 34.793921614 -11.290732471, 34.795121504 -11.290890614, 34.797317747 -11.289167884, 34.797589006 -11.288815724, 34.79769846 -11.289144089, 34.79791975 -11.288908523, 34.79791989 -11.288694931, 34.799654378 -11.286110277, 34.800284935 -11.284408962, 34.800700151 -11.281108649, 34.800397959 -11.279233634, 34.800017245 -11.277960623, 34.799772161 -11.27797252, 34.799522318 -11.277965381, 34.799493764 -11.277651293, 34.799684121 -11.277418106, 34.799462831 -11.277425244, 34.799443795 -11.277325307, 34.799215366 -11.27739669, 34.79893459 -11.277234887, 34.798737095 -11.27695887, 34.798796484 -11.276813607, 34.798553876 -11.276494875, 34.798301653 -11.275583541, 34.798170783 -11.275502639, 34.798023597 -11.275181988, 34.797835279 -11.274408088, 34.79744865 -11.273992648, 34.79717265 -11.27336629, 34.7970976 -11.272910017, 34.796916761 -11.272648276, 34.796832833 -11.272711765, 34.796520147 -11.272065081, 34.795770064 -11.271955121, 34.795715084 -11.272076862, 34.79531059 -11.27183338, 34.795432331 -11.271782327, 34.794705811 -11.270521718, 34.794682447 -11.269412209, 34.794630098 -11.269157607, 34.794172178 -11.269088667, 34.794115505 -11.268742523, 34.794088035 -11.268177422, 34.7941953 -11.268147336, 34.793613193 -11.267361164, 34.790068226 -11.264351213, 34.786631995 -11.262041689, 34.780794455 -11.258336194, 34.77631631 -11.25601384, 34.775952251 -11.256006701, 34.775374043 -11.256715781, 34.774940981 -11.257189294, 34.774771069 -11.257341647, 34.774763014 -11.257637678, 34.774362265 -11.257986068, 34.77430185 -11.257883363, 34.773903115 -11.258199532, 34.773377509 -11.257814893, 34.773592987 -11.25736984, 34.773766175 -11.257279218, 34.773641319 -11.256993257, 34.773202307 -11.257015409, 34.772880096 -11.257249011, 34.772543789 -11.25704763, 34.772497691 -11.256755397, 34.772711426 -11.25628034, 34.772663836 -11.255645024, 34.773004099 -11.254726551, 34.773237287 -11.254184035, 34.773389592 -11.253519425, 34.773612453 -11.252520779, 34.773737982 -11.251608314, 34.774073757 -11.251004404, 34.773907283 -11.250728965, 34.773603089 -11.250609406, 34.772739129 -11.251350546, 34.772598189 -11.251559823, 34.772041257 -11.251721757, 34.771832408 -11.251962388, 34.771466164 -11.251779266, 34.771381818 -11.251253883, 34.770947067 -11.25121174, 34.770515747 -11.250474713, 34.770523314 -11.249130811, 34.770720057 -11.248216716, 34.770736704 -11.247883767, 34.770766972 -11.247694592, 34.770916799 -11.247484229, 34.770906557 -11.247242363, 34.770862316 -11.246854653, 34.77079724 -11.246343124, 34.771166511 -11.246191783, 34.771143809 -11.245817973, 34.77144649 -11.245468376, 34.771494919 -11.245230772, 34.771685904 -11.244853978, 34.771704028 -11.244453229, 34.771422697 -11.244281612, 34.771130252 -11.244777241, 34.770931979 -11.244501373, 34.770962464 -11.244073702, 34.77142008 -11.243335561, 34.771791546 -11.242936453, 34.771694688 -11.24249454, 34.771518187 -11.242407933, 34.771574752 -11.24184009, 34.771899368 -11.241482851, 34.771872773 -11.241178043, 34.77190541 -11.240900858, 34.772235676 -11.240608855, 34.772366574 -11.240385322, 34.772110819 -11.240185954, 34.772426896 -11.239881853, 34.772127799 -11.239089904, 34.771855064 -11.239253557, 34.771915479 -11.23866351, 34.772052418 -11.23859504, 34.771902066 -11.238147467, 34.771528826 -11.238081517, 34.771700001 -11.237753265, 34.771498619 -11.237205507, 34.771734235 -11.237249811, 34.771788609 -11.237076623, 34.77157313 -11.236530879, 34.771546951 -11.235960969, 34.771384223 -11.235581779, 34.771068575 -11.23508605, 34.771028107 -11.234398101, 34.771111066 -11.234011635, 34.769898391 -11.233219915, 34.769526842 -11.232528169, 34.769425648 -11.232507024, 34.769289715 -11.232493431, 34.769199094 -11.232259325, 34.764877949 -11.229839726, 34.7644626 -11.229616192, 34.763970222 -11.229827643, 34.763455189 -11.229592027, 34.763100478 -11.229113867, 34.763114622 -11.228665123, 34.763361151 -11.228279235, 34.763719937 -11.227803089, 34.763326997 -11.227669903, 34.763251101 -11.227291557, 34.763065327 -11.227129571, 34.763367777 -11.226731968, 34.763720069 -11.226632284, 34.76391264 -11.226733101, 34.764120377 -11.226015994, 34.763910941 -11.225744129, 34.76378407 -11.225669618, 34.763818305 -11.225373587, 34.761850807 -11.223929681, 34.761288953 -11.224056552, 34.760936535 -11.223861212, 34.760592173 -11.224120994, 34.760018235 -11.223784687, 34.759766509 -11.223104017, 34.760024277 -11.222465638, 34.760771402 -11.222137386, 34.761093613 -11.222221966, 34.761224511 -11.222000446, 34.761351381 -11.221881631, 34.761673592 -11.221051939, 34.761516514 -11.22077806, 34.761466169 -11.220500154, 34.761493864 -11.220289475, 34.760923818 -11.219898454, 34.760429704 -11.219630819, 34.760322028 -11.219664038, 34.759702066 -11.219054234, 34.759162793 -11.218153138, 34.758986387 -11.217855311, 34.75865891 -11.217862056, 34.758501833 -11.217509638, 34.758761615 -11.217211593, 34.758807932 -11.216667863, 34.759043076 -11.215913893, 34.759526106 -11.215428483, 34.759449964 -11.215207193, 34.75933575 -11.214881207, 34.759533245 -11.214445765, 34.759604629 -11.213689097, 34.759866369 -11.213301245, 34.759647459 -11.212808697, 34.75973312 -11.212539817, 34.75964508 -11.212256661, 34.759692669 -11.212132929, 34.759799745 -11.211630863, 34.759302437 -11.211243011, 34.758943139 -11.211145453, 34.758797991 -11.211019342, 34.757684404 -11.211385779, 34.757151404 -11.210931302, 34.756754176 -11.209965103, 34.756604602 -11.209575453, 34.756711551 -11.209317437, 34.756572216 -11.209061254, 34.756839695 -11.208449524, 34.755880772 -11.208011703, 34.748544656 -11.205451402, 34.744394401 -11.203204002, 34.739068691 -11.200119031, 34.729326125 -11.195662278, 34.724950863 -11.193926581, 34.724859215 -11.193956847, 34.72454657 -11.193492128, 34.717831287 -11.190640448, 34.716968359 -11.190105405, 34.716776566 -11.189978606, 34.716658687 -11.189979243, 34.716908463 -11.189384751, 34.716558038 -11.188982644, 34.716512828 -11.188665495, 34.714601555 -11.188108609, 34.714235041 -11.188092499, 34.713622841 -11.187286973, 34.713288548 -11.1869265, 34.71278511 -11.186256272, 34.710442109 -11.184903567, 34.710204163 -11.184663242, 34.710120882 -11.184734625, 34.709875797 -11.184384845, 34.708864527 -11.183870881, 34.708862147 -11.183713837, 34.708336286 -11.183497306, 34.708279179 -11.183356918, 34.708624201 -11.183237945, 34.708636098 -11.182904821, 34.708569473 -11.182652598, 34.708241108 -11.182526486, 34.708345804 -11.182121978, 34.708412428 -11.182003005, 34.708126894 -11.181769818, 34.707843738 -11.181638946, 34.707448747 -11.181179711, 34.706682561 -11.180760926, 34.706546931 -11.18078472, 34.706527895 -11.180534877, 34.705795022 -11.180175579, 34.705528522 -11.180258859, 34.705576111 -11.180527739, 34.705392893 -11.180639573, 34.705207295 -11.180261239, 34.705464276 -11.180180337, 34.705369098 -11.179828177, 34.705163893 -11.179894555, 34.705009867 -11.179403337, 34.704250752 -11.179033437, 34.703931903 -11.179059611, 34.703653507 -11.178507576, 34.703758203 -11.178283907, 34.703274811 -11.178009644, 34.70329391 -11.17788649, 34.703210927 -11.177767564, 34.703367972 -11.177612898, 34.703622574 -11.177660488, 34.703792929 -11.177280077, 34.704222322 -11.176969228, 34.704299535 -11.176715841, 34.704507733 -11.17672774, 34.704550563 -11.176454101, 34.705147808 -11.176266124, 34.705414308 -11.175397621, 34.705366719 -11.173867627, 34.704831953 -11.172441494, 34.704636225 -11.172109206, 34.70439114 -11.171978336, 34.704441109 -11.171567878, 34.704190335 -11.17110331, 34.70385814 -11.171105073, 34.703891453 -11.170881404, 34.70399139 -11.170948028, 34.704127019 -11.170655355, 34.7044076 -11.170832457, 34.70478613 -11.170707703, 34.704852755 -11.169877271, 34.704424452 -11.169134879, 34.704181747 -11.168913589, 34.704103225 -11.16851384, 34.703841484 -11.168497184, 34.703805792 -11.168311586, 34.704312617 -11.168030809, 34.704131779 -11.167540641, 34.7043031 -11.167466877, 34.704062774 -11.166860115, 34.703924766 -11.16692436, 34.703739167 -11.166914842, 34.703701096 -11.166534129, 34.703974734 -11.166496057, 34.703855761 -11.166177209, 34.703560707 -11.166474642, 34.703432217 -11.166220039, 34.703536913 -11.166103446, 34.703703476 -11.166179589, 34.703539293 -11.165506202, 34.703441735 -11.164961305, 34.703584503 -11.164773327, 34.70311099 -11.164172513, 34.702651754 -11.163935757, 34.702030714 -11.163139827, 34.700731291 -11.162040517, 34.700249872 -11.162032317, 34.700100009 -11.161796422, 34.700331303 -11.161389734, 34.69941997 -11.160583096, 34.698960685 -11.160705491, 34.69897977 -11.160521231, 34.699212957 -11.160188106, 34.699022577 -11.160081877, 34.698852277 -11.159997458, 34.694283903 -11.157991863, 34.694006984 -11.157925942, 34.694095792 -11.157648418, 34.693667798 -11.157274888, 34.693558522 -11.156719145, 34.6932555 -11.156516597, 34.693196014 -11.15659274, 34.692632408 -11.155798414, 34.691070171 -11.154839613, 34.690729857 -11.154511787, 34.687659008 -11.152911714, 34.686942692 -11.152605716, 34.686847467 -11.152220131, 34.68641505 -11.151957871, 34.685127024 -11.151243712, 34.681749379 -11.149860056, 34.681116442 -11.149634007, 34.680831089 -11.149457031, 34.680901338 -11.149268141, 34.68057039 -11.148959048, 34.680398672 -11.148674933, 34.680362767 -11.148392379, 34.680262858 -11.14839394, 34.679540081 -11.147934984, 34.674591722 -11.146014846, 34.674391847 -11.145993431, 34.673907728 -11.145574641, 34.67394051 -11.145243693, 34.674667971 -11.145170323, 34.674835006 -11.144280511, 34.674346637 -11.143159493, 34.672132549 -11.141602136, 34.66859667 -11.139957928, 34.662931819 -11.137684975, 34.662780395 -11.1373431, 34.66261336 -11.137257241, 34.662265241 -11.13686385, 34.661327036 -11.136581296, 34.661156879 -11.136206638, 34.659296079 -11.135418296, 34.658668527 -11.135088909, 34.652294664 -11.132378886, 34.652308713 -11.132015156, 34.652569572 -11.131772582, 34.652046091 -11.130787486, 34.651283088 -11.130233971, 34.650613387 -11.129618908, 34.648510212 -11.128418732, 34.646478152 -11.127219484, 34.645057526 -11.126359386, 34.644731435 -11.126211028, 34.644621987 -11.126217328, 34.644297284 -11.125336883, 34.644331235 -11.125155703, 34.644092783 -11.125082428, 34.643844572 -11.124881049, 34.643499575 -11.124704648, 34.643322987 -11.124484294, 34.643173081 -11.124196379, 34.643284915 -11.123779973, 34.643767946 -11.123691933, 34.6439702 -11.123739522, 34.644051102 -11.123620549, 34.643988191 -11.123299682, 34.643889843 -11.123362125, 34.64384145 -11.123009322, 34.644661014 -11.122950001, 34.644676624 -11.12267213, 34.644500223 -11.122442652, 34.644846782 -11.122199125, 34.644515834 -11.121457615, 34.642928921 -11.120297236, 34.639349366 -11.11846981, 34.638491651 -11.11822307, 34.638327738 -11.118279269, 34.638387059 -11.11796081, 34.638067039 -11.117962371, 34.637957764 -11.118123161, 34.637725164 -11.11817936, 34.637581545 -11.118110673, 34.63777824 -11.11756898, 34.638031134 -11.117013238, 34.637921859 -11.11695704, 34.637709553 -11.116955478, 34.637074196 -11.116457496, 34.636852524 -11.116399736, 34.636838393 -11.116167102, 34.63659963 -11.116124987, 34.636552246 -11.11585483, 34.636190628 -11.115843994, 34.635851875 -11.115132144, 34.635940857 -11.114826174, 34.636165651 -11.114754365, 34.636310831 -11.114940132, 34.636871256 -11.114549864, 34.637250597 -11.114802758, 34.637392655 -11.114743437, 34.637386411 -11.114512398, 34.637579984 -11.114389073, 34.637832878 -11.114476494, 34.638302761 -11.114396879, 34.638510384 -11.113222951, 34.638163825 -11.113004401, 34.638319933 -11.112701553, 34.638007718 -11.112470514, 34.638138848 -11.112439292, 34.637873466 -11.112131761, 34.637578423 -11.112136444, 34.637495686 -11.111902283, 34.637166299 -11.111618168, 34.637085124 -11.110726795, 34.637544079 -11.110765822, 34.637753263 -11.110180419, 34.637665843 -11.110049289, 34.637885954 -11.109821372, 34.637486319 -11.10884414, 34.637052393 -11.108547985, 34.637141226 -11.107862701, 34.636781663 -11.108091129, 34.636929718 -11.107854241, 34.636416984 -11.1077389, 34.636254632 -11.107659285, 34.636118819 -11.107829442, 34.635801921 -11.107821637, 34.635619275 -11.107373609, 34.63613443 -11.106579022, 34.635580249 -11.106538434, 34.635875291 -11.105992058, 34.636451328 -11.106130994, 34.637141322 -11.10619812, 34.637475392 -11.10596552, 34.637742336 -11.104986727, 34.63763306 -11.104490306, 34.637295868 -11.104349809, 34.637071074 -11.104087549, 34.637017997 -11.104212435, 34.636914967 -11.104051644, 34.63696336 -11.103901781, 34.636936822 -11.103669181, 34.63683223 -11.1035802, 34.636504404 -11.103411604, 34.636254632 -11.10353649, 34.636253071 -11.103331989, 34.636054815 -11.103075973, 34.636249949 -11.102691949, 34.635948662 -11.102646678, 34.635831581 -11.102323536, 34.635962712 -11.102095619, 34.63591744 -11.101742816, 34.635974983 -11.101556377, 34.635832345 -11.101523913, 34.635820654 -11.101647591, 34.635424141 -11.101655396, 34.635061972 -11.102220505, 34.634710731 -11.102395345, 34.634495302 -11.102179917, 34.634709734 -11.101846983, 34.63491367 -11.101772477, 34.635180614 -11.101012234, 34.634965186 -11.101099654, 34.634879327 -11.101269811, 34.634545257 -11.100945108, 34.634679509 -11.100561083, 34.634993285 -11.100387804, 34.635341404 -11.100611038, 34.635474171 -11.100689153, 34.635703573 -11.100470541, 34.636139437 -11.100759135, 34.636308501 -11.100330261, 34.636416123 -11.100178676, 34.636294227 -11.099863292, 34.636551563 -11.099625305, 34.636816639 -11.099859423, 34.636954015 -11.099842009, 34.63709913 -11.099693025, 34.637298421 -11.099731722, 34.637767313 -11.099504237, 34.637993668 -11.099326274, 34.638412903 -11.099159002, 34.638457404 -11.098072576, 34.637706677 -11.097213497, 34.637434023 -11.097263836, 34.637150984 -11.096798469, 34.637625515 -11.096678954, 34.63777014 -11.096889407, 34.63885173 -11.096508238, 34.640085367 -11.095335599, 34.640903266 -11.093816843, 34.641102115 -11.092076151, 34.640406122 -11.089979251, 34.639763667 -11.089208306, 34.639317519 -11.089133353, 34.639014137 -11.089615193, 34.638285309 -11.089636609, 34.638142541 -11.089593778, 34.637917682 -11.089757961, 34.637596455 -11.089668732, 34.637475102 -11.089729408, 34.637250243 -11.089493841, 34.636593125 -11.089096299, 34.636580637 -11.088682094, 34.63678878 -11.088523905, 34.63686163 -11.088636302, 34.637148867 -11.08816798, 34.637277916 -11.088205446, 34.637296649 -11.087947348, 34.637188041 -11.087900099, 34.637282079 -11.087737124, 34.637026063 -11.087553958, 34.63712389 -11.087360385, 34.637236287 -11.087256313, 34.637155112 -11.08697532, 34.6373133 -11.086411252, 34.637594294 -11.086405008, 34.637098913 -11.085974151, 34.636647242 -11.085766008, 34.636459914 -11.085528725, 34.636368331 -11.085466282, 34.636243445 -11.085330989, 34.636324621 -11.085066647, 34.63690534 -11.08508538, 34.63710932 -11.08507081, 34.637334115 -11.084800224, 34.637764971 -11.084544208, 34.637848228 -11.084173713, 34.637735831 -11.083792811, 34.637600538 -11.08319544, 34.637775378 -11.083083043, 34.638081349 -11.083197522, 34.638033476 -11.083016437, 34.637802437 -11.082500242, 34.637563072 -11.082466939, 34.637787867 -11.082275448, 34.637642167 -11.081948663, 34.637794111 -11.081794637, 34.637942862 -11.081403301, 34.638374831 -11.081440794, 34.638499716 -11.081257628, 34.638222886 -11.080964146, 34.638362342 -11.080889214, 34.638474739 -11.080997449, 34.638605869 -11.080414648, 34.637746717 -11.078943311, 34.637368383 -11.078654207, 34.636975773 -11.078472177, 34.636708083 -11.078079567, 34.635631504 -11.077463178, 34.635129879 -11.076969879, 34.634859293 -11.076903273, 34.634567892 -11.076597303, 34.634122466 -11.076199749, 34.634293143 -11.075933326, 34.634309795 -11.076081108, 34.6346729 -11.076101656, 34.634759384 -11.075856313, 34.634580381 -11.07554618, 34.634733418 -11.075414977, 34.634495042 -11.075015415, 34.634875944 -11.07486347, 34.635115309 -11.074744829, 34.635775123 -11.074603291, 34.636314213 -11.074072526, 34.636738825 -11.073121312, 34.637213392 -11.072118062, 34.63715303 -11.071191825, 34.637429861 -11.070802597, 34.637373662 -11.069636996, 34.637571398 -11.069451748, 34.637442349 -11.069331025, 34.637621352 -11.069145778, 34.637271672 -11.067295385, 34.636428692 -11.065971595, 34.636049872 -11.065715579, 34.635956207 -11.065486621, 34.635775123 -11.065617752, 34.635679377 -11.064968345, 34.635789693 -11.06471441, 34.636156025 -11.064531244, 34.636516112 -11.064441743, 34.636820001 -11.063806906, 34.636971946 -11.063527994, 34.636813757 -11.063251164, 34.637185641 -11.06208602, 34.637578252 -11.061893283, 34.638020832 -11.060656558, 34.637831665 -11.060099765, 34.637610375 -11.059503709, 34.63657174 -11.058636396, 34.636179129 -11.058907655, 34.636061346 -11.058846978, 34.636221959 -11.058500766, 34.636432542 -11.058500766, 34.636268359 -11.058051049, 34.635811502 -11.057979664, 34.63588752 -11.057629218, 34.63608633 -11.057544223, 34.636396351 -11.057762389, 34.636865793 -11.057627136, 34.6368762 -11.057183791, 34.637017737 -11.05705058, 34.637082262 -11.056519815, 34.636921521 -11.055559753, 34.63696792 -11.055324186, 34.636900106 -11.054938714, 34.63709998 -11.054696008, 34.637014319 -11.054140999, 34.637074996 -11.053805495, 34.637567545 -11.053637743, 34.637346255 -11.052777568, 34.635989962 -11.051585458, 34.630101086 -11.048697065, 34.629428717 -11.048908564, 34.629047936 -11.049149466, 34.627518084 -11.048637434, 34.627241254 -11.048479245, 34.626188049 -11.048552095, 34.625463711 -11.04822531, 34.625116112 -11.048262776, 34.624649871 -11.047981783, 34.624256481 -11.047842327, 34.624117025 -11.047746581, 34.624187794 -11.047644591, 34.624056663 -11.047609206, 34.623742281 -11.048055528, 34.623176218 -11.048206577, 34.622920202 -11.048373092, 34.622599661 -11.048375173, 34.622054326 -11.048146216, 34.62171089 -11.048418883, 34.62080963 -11.048173274, 34.620362122 -11.048219066, 34.619741856 -11.048339789, 34.619236068 -11.047942235, 34.618900958 -11.048321056, 34.617944117 -11.048198601, 34.617348029 -11.048265852, 34.616458483 -11.048116066, 34.616122228 -11.048294892, 34.615653 -11.04810231, 34.615114993 -11.047281543, 34.614919354 -11.046717552, 34.614680918 -11.045837176, 34.614875029 -11.044903305, 34.615046213 -11.04462666, 34.615047742 -11.044079482, 34.615208227 -11.043709601, 34.615280063 -11.042841453, 34.61562396 -11.042447118, 34.61541915 -11.042266763, 34.615379411 -11.041883127, 34.615810428 -11.041329836, 34.615622431 -11.040999695, 34.615608676 -11.040587018, 34.614590741 -11.039547686, 34.61439663 -11.039186976, 34.614156667 -11.039190033, 34.614204792 -11.038828572, 34.614419557 -11.038878233, 34.614803887 -11.039097494, 34.61486433 -11.039005093, 34.615046213 -11.039009678, 34.615168488 -11.038633685, 34.614936166 -11.038069694, 34.614798608 -11.037207659, 34.614163288 -11.036353648, 34.613969243 -11.036019496, 34.613703296 -11.035401628, 34.612742678 -11.034395156, 34.612229125 -11.033770411, 34.612260076 -11.032788012, 34.612308222 -11.031975269, 34.612333441 -11.031309256, 34.612511121 -11.031011212, 34.612498511 -11.030499952, 34.612405659 -11.030324565, 34.612504243 -11.030146885, 34.612250905 -11.029990985, 34.612152322 -11.029519846, 34.611816449 -11.029014318, 34.61209042 -11.028493887, 34.612769043 -11.028029627, 34.613345644 -11.027631853, 34.61366776 -11.026618503, 34.613692979 -11.026231046, 34.613991023 -11.026098073, 34.613907342 -11.025383914, 34.613592103 -11.025037724, 34.613856903 -11.024863483, 34.613773222 -11.024490929, 34.613955487 -11.024081691, 34.61430053 -11.023767599, 34.614379627 -11.023217364, 34.614253531 -11.023003002, 34.614336066 -11.022686617, 34.614203093 -11.02232094, 34.61415724 -11.021828021, 34.614258116 -11.021089789, 34.614193922 -11.020727551, 34.61407929 -11.02068743, 34.614550429 -11.018933556, 34.614528649 -11.018785681, 34.614574501 -11.018705438, 34.615135053 -11.017274827, 34.615217589 -11.016897687, 34.615288661 -11.016811713, 34.615561485 -11.016834639, 34.616163305 -11.016162894, 34.6164453 -11.015938215, 34.616034917 -11.014780429, 34.616064721 -11.014650895, 34.61610255 -11.014514482, 34.616216036 -11.014605042, 34.616355887 -11.014762088, 34.617070046 -11.014332217, 34.617095265 -11.013464451, 34.617053997 -11.013232893, 34.617251165 -11.013310843, 34.61723397 -11.013085018, 34.617330261 -11.013050628, 34.617194995 -11.012890143, 34.617460942 -11.012576051, 34.617885081 -11.012603562, 34.618670312 -11.011757576, 34.618835383 -11.01083364, 34.618596948 -11.010783202, 34.618367683 -11.010343014, 34.618664581 -11.009668976, 34.619093305 -11.009732024, 34.620456283 -11.008986914, 34.620394382 -11.008364461, 34.621363024 -11.007902493, 34.621598021 -11.007327039, 34.62132669 -11.006602209, 34.621455877 -11.006423737, 34.621485681 -11.006069523, 34.621324049 -11.006189887, 34.621264441 -11.006009914, 34.621500583 -11.005870063, 34.621356146 -11.005592653, 34.621612923 -11.005436753, 34.621811237 -11.005392046, 34.621945356 -11.004813153, 34.621704629 -11.004342015, 34.622117305 -11.003645051, 34.622394715 -11.003385982, 34.622486421 -11.003095962, 34.622583858 -11.002870136, 34.622341984 -11.002599604, 34.622046233 -11.002562922, 34.621996941 -11.002411607, 34.622651491 -11.001916396, 34.623041241 -11.001533524, 34.623190263 -11.001567914, 34.623286554 -11.001282479, 34.623936519 -11.000876681, 34.624184125 -11.000971826, 34.624525729 -11.000805609, 34.624790529 -11.000327593, 34.625212376 -11.000198058, 34.625053037 -10.999647823, 34.624965917 -10.999463265, 34.62515506 -10.999247757, 34.625394641 -10.999314243, 34.62557576 -10.999052882, 34.626504282 -10.998664278, 34.62674157 -10.998394893, 34.62697542 -10.998147287, 34.626673937 -10.997798805, 34.626468746 -10.997577565, 34.626858495 -10.997288691, 34.627035029 -10.997351739, 34.627047639 -10.997467518, 34.627141637 -10.997551199, 34.62707515 -10.997650929, 34.627154247 -10.997718562, 34.627367463 -10.997512224, 34.627476363 -10.997344861, 34.627746895 -10.997368934, 34.627986477 -10.997355178, 34.628246692 -10.99758215, 34.628901242 -10.997262326, 34.62895512 -10.996853089, 34.629106434 -10.996820992, 34.628837048 -10.996298268, 34.629108727 -10.99606098, 34.629312772 -10.996154978, 34.629192408 -10.995433941, 34.629433136 -10.994977705, 34.629631839 -10.994756156, 34.63025161 -10.994652149, 34.634825438 -10.992604817, 34.635518963 -10.991743928, 34.63556367 -10.991487152, 34.63529543 -10.991244132, 34.635524695 -10.991063013, 34.63602793 -10.990532265, 34.636465826 -10.989164702, 34.636995427 -10.988392081, 34.637257935 -10.98647199, 34.637066499 -10.985326814, 34.636959891 -10.984501462, 34.63704128 -10.984224052, 34.637349641 -10.983336798, 34.637560564 -10.982834709, 34.637898729 -10.98181792, 34.638290771 -10.980350627, 34.638357258 -10.979579152, 34.638295357 -10.979136672, 34.64019648 -10.977836104, 34.640513491 -10.977216581, 34.64039542 -10.976560885, 34.640302568 -10.976480642, 34.64080695 -10.975968236, 34.6414615 -10.974763451, 34.642132099 -10.974169655, 34.643720902 -10.973024479, 34.644589815 -10.971376067, 34.644903907 -10.971342824, 34.645463312 -10.970298524, 34.645286779 -10.969780386, 34.645674236 -10.969760898, 34.646222178 -10.968715452, 34.646264592 -10.968376141, 34.646380371 -10.968207631, 34.646342735 -10.967934986, 34.647205723 -10.967878637, 34.647329526 -10.968023073, 34.647978344 -10.967673445, 34.647893517 -10.966827459, 34.647767421 -10.966537439, 34.647957711 -10.9662749, 34.648214487 -10.965950522, 34.648675309 -10.96521229, 34.649185422 -10.964565764, 34.649099448 -10.963696851, 34.649086838 -10.963228005, 34.649099448 -10.962896718, 34.648351374 -10.961631376, 34.648483652 -10.960830614, 34.648734039 -10.960380392, 34.649154498 -10.960363857, 34.649882743 -10.959363494, 34.649953458 -10.958976295, 34.650198323 -10.958690524, 34.65029517 -10.958338566, 34.651209079 -10.957743546, 34.652512739 -10.956591298, 34.652901546 -10.955850534, 34.653430426 -10.955046937, 34.653494204 -10.954321999, 34.654448978 -10.95376808, 34.654453702 -10.953175185, 34.654753692 -10.952941334, 34.655320603 -10.952738191, 34.655490677 -10.952742915, 34.655744842 -10.952199861, 34.656920947 -10.951422956, 34.658056659 -10.950802189, 34.66056973 -10.949223576, 34.661464978 -10.94806377, 34.661887799 -10.947957475, 34.663018787 -10.946325242, 34.66339909 -10.946138634, 34.663750103 -10.945216221, 34.66426741 -10.944840643, 34.664487087 -10.944457978, 34.665981135 -10.943950356, 34.669375517 -10.942124902, 34.671911028 -10.94007528, 34.672883481 -10.938885121, 34.673053452 -10.937481573, 34.673434743 -10.936568418, 34.673541601 -10.935275187, 34.672881021 -10.932759154, 34.67104282 -10.929171454, 34.671018078 -10.928624458, 34.671455227 -10.928005164, 34.671549943 -10.92731787, 34.671788879 -10.927094188, 34.671779892 -10.926350072, 34.672272899 -10.925942066, 34.672506044 -10.925638491, 34.672744048 -10.925458774, 34.673251625 -10.924871053, 34.673598916 -10.923712609, 34.674176681 -10.922726597, 34.67522098 -10.920328352, 34.675942275 -10.919509913, 34.676600425 -10.918788618, 34.676624712 -10.918092823, 34.675624128 -10.916483874, 34.675675128 -10.916067368, 34.675903417 -10.91547479, 34.676084984 -10.915359953, 34.676131705 -10.914871282, 34.677408908 -10.914071057, 34.677860627 -10.913286619, 34.677962386 -10.912672182, 34.678642395 -10.912409893, 34.678693395 -10.911550167, 34.678346106 -10.910282437, 34.678326677 -10.909609714, 34.678601109 -10.909257567, 34.678705539 -10.908490128, 34.678904684 -10.907602473, 34.679021257 -10.907015966, 34.678953104 -10.906495842, 34.67920753 -10.905691163, 34.67932896 -10.905433731, 34.67919296 -10.904785295, 34.678814097 -10.904107714, 34.67879224 -10.903665709, 34.678375248 -10.902949271, 34.678273247 -10.902451408, 34.678054673 -10.901951116, 34.674856204 -10.898721074, 34.670132752 -10.894365399, 34.669376084 -10.89299126, 34.669029872 -10.89188838, 34.669008458 -10.891203095, 34.669372515 -10.890214429, 34.669661619 -10.889215055, 34.670304074 -10.888387003, 34.669204762 -10.886259765, 34.669072702 -10.885667279, 34.669436761 -10.884814243, 34.670250536 -10.884086127, 34.670536071 -10.883129584, 34.670746654 -10.882851187, 34.670875144 -10.881609108, 34.671000066 -10.881098714, 34.672092239 -10.87988162, 34.674352931 -10.878848179, 34.675165888 -10.878110099, 34.675244331 -10.87730249, 34.675215807 -10.87580137, 34.675961018 -10.873144995, 34.675903969 -10.871700925, 34.676581434 -10.870158802, 34.676545777 -10.869096251, 34.675747082 -10.866737604, 34.675255029 -10.865006503, 34.67544044 -10.863712189, 34.675797 -10.863173783, 34.6759111 -10.862234246, 34.676363932 -10.861485469, 34.676577868 -10.860380131, 34.676570736 -10.859877382, 34.677016437 -10.859470902, 34.676777542 -10.858420831, 34.675422612 -10.85690545, 34.67136852 -10.854008396, 34.669728341 -10.853252488, 34.6694217 -10.852813919, 34.669703383 -10.851986698, 34.669948488 -10.851772839, 34.670145517 -10.851163044, 34.670441463 -10.851013288, 34.670591218 -10.851088166, 34.670783761 -10.850940194, 34.670801589 -10.849681535, 34.671026221 -10.849414115, 34.671161714 -10.849018333, 34.671732212 -10.848729519, 34.671757171 -10.84852628, 34.671881967 -10.848604723, 34.672117297 -10.848326606, 34.671732212 -10.844539934, 34.671589587 -10.842728607, 34.672473857 -10.841288103, 34.673090707 -10.840806746, 34.67502683 -10.840175634, 34.676388891 -10.839159437, 34.677729558 -10.837537087, 34.678342842 -10.836415704, 34.678546082 -10.834779092, 34.678059559 -10.833358846, 34.676777542 -10.831648492, 34.675579499 -10.830364874, 34.675358431 -10.829858558, 34.674951952 -10.829231012, 34.675062486 -10.828348525, 34.675573347 -10.828117387, 34.675864747 -10.827688887, 34.675661507 -10.827025685, 34.675194413 -10.826444492, 34.675411915 -10.826070103, 34.675900403 -10.826141415, 34.67647803 -10.82575633, 34.67647803 -10.825080648, 34.676160692 -10.823996704, 34.676553709 -10.823251857, 34.676656311 -10.822980507, 34.677173323 -10.822745177, 34.677865051 -10.821277931, 34.678232308 -10.821046166, 34.678414154 -10.820539851, 34.678945429 -10.820229643, 34.67939113 -10.819092216, 34.679284162 -10.816164854, 34.679412523 -10.814530024, 34.679776215 -10.813431819, 34.679576541 -10.81193783, 34.679933102 -10.810598945, 34.679526622 -10.809375944, 34.678332145 -10.807600272, 34.677262464 -10.806188293, 34.676210611 -10.803804687, 34.67650299 -10.803348289, 34.67644594 -10.80229287, 34.675739951 -10.800583163, 34.675354952 -10.799273858, 34.675125472 -10.79844773, 34.674226675 -10.797082323, 34.674249623 -10.796914037, 34.674850096 -10.796305916, 34.674842446 -10.794848717, 34.67432994 -10.793716616, 34.673947474 -10.793028176, 34.673825084 -10.790932257, 34.673630027 -10.790656881, 34.673312579 -10.789830753, 34.673499988 -10.789176735, 34.673220787 -10.787983439, 34.673408196 -10.787069342, 34.673434968 -10.786346481, 34.673499988 -10.785581547, 34.67326437 -10.785060405, 34.673630027 -10.784694224, 34.673733292 -10.78417407, 34.673630027 -10.783917817, 34.673825168 -10.783744045, 34.673931589 -10.783204337, 34.674459896 -10.782930681, 34.674741153 -10.782850866, 34.674936734 -10.782347873, 34.675444294 -10.781938682, 34.675588722 -10.781053105, 34.675676677 -10.779215345, 34.677473901 -10.778879067, 34.678465901 -10.777752141, 34.679195648 -10.776554901, 34.679393076 -10.774202385, 34.67940469 -10.772442475, 34.679568123 -10.77197118, 34.67900941 -10.770823349, 34.678473502 -10.770595303, 34.677568921 -10.770139212, 34.677546116 -10.769572898, 34.677713349 -10.769192821, 34.678310069 -10.768976178, 34.678541916 -10.768535289, 34.678655939 -10.766693819, 34.678747158 -10.764768732, 34.67865974 -10.763879354, 34.679568123 -10.763187615, 34.681115033 -10.762490175, 34.682213454 -10.761300535, 34.682502312 -10.760441563, 34.682228657 -10.759105594, 34.681023815 -10.756418455, 34.680753961 -10.754193108, 34.681122635 -10.751329232, 34.680077425 -10.749166598, 34.679712551 -10.748642092, 34.679727754 -10.748224008, 34.678967601 -10.746935549, 34.67629607 -10.744651181, 34.675486102 -10.743938648, 34.675459497 -10.74295805, 34.674524509 -10.741739906, 34.67379258 -10.740975367, 34.673616126 -10.740725102, 34.673243651 -10.740018159, 34.672973797 -10.739162988, 34.672817966 -10.738969149, 34.672817966 -10.73867649, 34.672586119 -10.738104475, 34.672627928 -10.73778141, 34.671685338 -10.736823618, 34.671506702 -10.736394132, 34.669978795 -10.735018255, 34.668690337 -10.733653781, 34.667853369 -10.732870539, 34.667921184 -10.732620696, 34.667432205 -10.732235223, 34.6671895 -10.732199531, 34.666372155 -10.731093081, 34.666100896 -10.730807547, 34.665447734 -10.730420289, 34.665269274 -10.730074078, 34.665315674 -10.729867064, 34.663863013 -10.728382281, 34.663673846 -10.728353728, 34.663581047 -10.728125299, 34.660879169 -10.726749376, 34.660778 -10.726890285, 34.660415175 -10.72681719, 34.65946377 -10.725861432, 34.659190942 -10.725746433, 34.65866627 -10.725207484, 34.657745419 -10.724065344, 34.65685669 -10.722552007, 34.656649677 -10.722341424, 34.656189251 -10.722034474, 34.655100648 -10.720319477, 34.654261888 -10.719095245, 34.653876415 -10.718984599, 34.653423128 -10.718950692, 34.653398144 -10.71829753, 34.653465958 -10.718126209, 34.653080859 -10.717969611, 34.652802089 -10.717358833, 34.652555815 -10.717273173, 34.652455877 -10.716955514, 34.652148927 -10.716570041, 34.651435089 -10.715415408, 34.65045713 -10.714669447, 34.65010378 -10.714194745, 34.649704031 -10.713091865, 34.649379234 -10.71310971, 34.649557694 -10.712354826, 34.649604093 -10.711612435, 34.649161514 -10.711062779, 34.648815302 -10.71110204, 34.648679673 -10.71083435, 34.648936654 -10.710445309, 34.649247174 -10.710231157, 34.649589826 -10.709781297, 34.649754 -10.709429874, 34.650121626 -10.709108647, 34.650492822 -10.709333506, 34.650692697 -10.70966544, 34.651642102 -10.709205014, 34.653048363 -10.707445404, 34.653351745 -10.706510275, 34.653362452 -10.705507332, 34.653162577 -10.704913062, 34.653319622 -10.704120702, 34.653655125 -10.704060025, 34.653694386 -10.703135604, 34.654311857 -10.702446751, 34.654561701 -10.701906018, 34.655304092 -10.701870326, 34.655657442 -10.70163119, 34.656274912 -10.700556864, 34.65659257 -10.699677058, 34.657099395 -10.699223771, 34.656978043 -10.69783357, 34.656556878 -10.696709276, 34.656422759 -10.695856241, 34.656878105 -10.694844373, 34.658266521 -10.692952701, 34.658694824 -10.692099665, 34.658612733 -10.691667792, 34.658694824 -10.691202013, 34.658455689 -10.691098506, 34.65858061 -10.690795125, 34.658544918 -10.690256177, 34.659758443 -10.689299633, 34.659908349 -10.688350229, 34.659654936 -10.687409747, 34.658816176 -10.686099854, 34.658883991 -10.686039177, 34.658337904 -10.685127249, 34.657255369 -10.683906585, 34.656948419 -10.683331946, 34.65411805 -10.68159018, 34.653714731 -10.681233261, 34.653704023 -10.680872773, 34.653350673 -10.680801389, 34.653325689 -10.680944156, 34.653033016 -10.68079782, 34.653058 -10.680408777, 34.653161506 -10.680373086, 34.65301517 -10.679998321, 34.65265825 -10.679712785, 34.652406558 -10.679098884, 34.652229947 -10.679052485, 34.651769521 -10.677533794, 34.652094318 -10.676852078, 34.65301517 -10.676223901, 34.653397073 -10.675856273, 34.654693761 -10.675042499, 34.655111355 -10.674228723, 34.655261262 -10.673081227, 34.654847235 -10.670868329, 34.65478299 -10.669940339, 34.652966272 -10.667493659, 34.650880793 -10.665759031, 34.64709745 -10.663492595, 34.646483549 -10.662864417, 34.646504964 -10.662507498, 34.646926129 -10.662032795, 34.647118865 -10.661518832, 34.64634435 -10.660448074, 34.643817363 -10.658365451, 34.642553869 -10.657683735, 34.642407532 -10.657626628, 34.642325441 -10.656216798, 34.642357564 -10.654919396, 34.642146981 -10.65419842, 34.642618115 -10.653941438, 34.642871527 -10.653884331, 34.642832266 -10.653659472, 34.64334623 -10.653042002, 34.643499705 -10.651990875, 34.643077811 -10.650285169, 34.643735271 -10.649560255, 34.644688246 -10.648626912, 34.645452053 -10.646960099, 34.645498453 -10.64569839, 34.644127136 -10.643999553, 34.642143454 -10.642678273, 34.638169831 -10.64091032, 34.636324559 -10.640349957, 34.63610062 -10.640620352, 34.635896052 -10.64081687, 34.635365147 -10.640431913, 34.635376221 -10.640257375, 34.635011097 -10.639925223, 34.635150079 -10.638918756, 34.6357804 -10.638100528, 34.635732829 -10.637675001, 34.635885057 -10.636965949, 34.6357471 -10.636126314, 34.634974065 -10.635141586, 34.632897572 -10.633700172, 34.626691802 -10.629998992, 34.626163812 -10.629559257, 34.625865383 -10.629183154, 34.625477016 -10.628291954, 34.625043679 -10.627879059, 34.624467262 -10.627384402, 34.621331709 -10.625642882, 34.620254248 -10.625085642, 34.62012873 -10.62481756, 34.620203111 -10.624485943, 34.619645252 -10.623446156, 34.619268697 -10.622032913, 34.618816211 -10.621321643, 34.618250604 -10.621062859, 34.618157628 -10.621089202, 34.61799182 -10.620831967, 34.61787095 -10.62081957, 34.617777974 -10.620235368, 34.61759667 -10.619837119, 34.617474251 -10.619785981, 34.617370427 -10.619369137, 34.617485098 -10.618699706, 34.616955663 -10.618416645, 34.616849758 -10.618430074, 34.616815667 -10.617884612, 34.61660492 -10.617579339, 34.616739736 -10.617185739, 34.61656773 -10.616933153, 34.616590974 -10.616697612, 34.616507295 -10.616409385, 34.616637462 -10.616186241, 34.616900896 -10.615634581, 34.617181375 -10.615298316, 34.617965476 -10.615140256, 34.619846701 -10.615433132, 34.620778015 -10.614684671, 34.621741901 -10.613419258, 34.622609652 -10.612978552, 34.622923579 -10.611346557, 34.622879284 -10.609305981, 34.623786517 -10.608403486, 34.623812148 -10.607596763, 34.623426296 -10.60673673, 34.623982605 -10.606276497, 34.624831791 -10.604953131, 34.625132415 -10.604179877, 34.624724868 -10.603084304, 34.624111223 -10.601229422, 34.624374656 -10.599833225, 34.624339015 -10.599139001, 34.624937164 -10.598175145, 34.625011545 -10.597477821, 34.625172704 -10.597104365, 34.623786239 -10.595274335, 34.620109744 -10.592383258, 34.61541832 -10.589751175, 34.610819545 -10.587712891, 34.610617401 -10.587809751, 34.610322608 -10.587447576, 34.610318396 -10.587291757, 34.608781259 -10.586512661, 34.608414874 -10.586558985, 34.608221153 -10.58632315, 34.607972683 -10.586158909, 34.607976895 -10.585982033, 34.607673518 -10.586026555, 34.607585241 -10.585855692, 34.60726518 -10.585859904, 34.607294659 -10.585649338, 34.603462347 -10.583846887, 34.603087538 -10.583240455, 34.601786236 -10.582701404, 34.601445118 -10.582495049, 34.601234552 -10.582223418, 34.600922913 -10.58200864, 34.600708135 -10.581170585, 34.598636159 -10.580298839, 34.591350555 -10.576952936, 34.591220004 -10.576721313, 34.589164873 -10.57585799, 34.58896694 -10.575390531, 34.58836472 -10.575028357, 34.588095195 -10.574864115, 34.587918319 -10.574573533, 34.587168702 -10.574226098, 34.587193969 -10.573889191, 34.586423296 -10.573345929, 34.583723831 -10.571951979, 34.583625542 -10.57122901, 34.583353234 -10.570873878, 34.583298487 -10.570530654, 34.58227559 -10.569609239, 34.582043509 -10.568989306, 34.581361274 -10.568294436, 34.581146496 -10.567165799, 34.580902238 -10.566420393, 34.580796956 -10.565700255, 34.580392667 -10.565220164, 34.580380033 -10.564938004, 34.578809206 -10.562960783, 34.578244888 -10.562236434, 34.577419467 -10.560922499, 34.576943586 -10.559777016, 34.575002162 -10.557125982, 34.574618931 -10.555563578, 34.574867399 -10.554529696, 34.574766328 -10.553645316, 34.574951626 -10.553363156, 34.574572606 -10.551901825, 34.573995654 -10.550821617, 34.574109359 -10.550644741, 34.574303081 -10.550691066, 34.574732636 -10.549600331, 34.575086388 -10.549372919, 34.575836006 -10.547271465, 34.576345577 -10.54681664, 34.576501396 -10.546846119, 34.576463494 -10.547477819, 34.576775132 -10.547911587, 34.577061504 -10.547894741, 34.577103617 -10.547991602, 34.576821457 -10.548160056, 34.576316098 -10.548214803, 34.575267476 -10.549520316, 34.575376971 -10.549794052, 34.575334857 -10.550046733, 34.575751779 -10.550126748, 34.575739145 -10.550415224, 34.575579114 -10.550461549, 34.575958134 -10.551053241, 34.576215026 -10.550737391, 34.576177124 -10.550560515, 34.575894964 -10.550699489, 34.575899176 -10.550379428, 34.576307675 -10.550097268, 34.576535087 -10.550046733, 34.576678272 -10.550396273, 34.576901473 -10.550114114, 34.576952008 -10.549760362, 34.577133096 -10.549642444, 34.576964643 -10.548892827, 34.577238145 -10.548326, 34.577423678 -10.548202168, 34.577520538 -10.547096694, 34.577726894 -10.54670504, 34.577659512 -10.546481839, 34.577844811 -10.546414458, 34.577701626 -10.545921732, 34.577832178 -10.545597459, 34.5776174 -10.54540795, 34.578063801 -10.545264764, 34.57803011 -10.545012084, 34.5778406 -10.545037352, 34.577882713 -10.544590952, 34.577491059 -10.544725714, 34.577569806 -10.544449455, 34.577385776 -10.544026632, 34.577006756 -10.543820277, 34.576682483 -10.543599183, 34.576442437 -10.543641295, 34.576198181 -10.543333868, 34.57638769 -10.543039075, 34.576206603 -10.54276955, 34.576463494 -10.542323148, 34.577090982 -10.541577742, 34.577065715 -10.541308217, 34.576914107 -10.541249259, 34.576867782 -10.540406992, 34.576551932 -10.539453126, 34.575587537 -10.538059175, 34.572349023 -10.535698722, 34.570559206 -10.534860667, 34.570201243 -10.534452168, 34.568567246 -10.533188768, 34.568617781 -10.532557068, 34.568748333 -10.532401249, 34.568654441 -10.532260124, 34.568891834 -10.531662769, 34.568322264 -10.530937051, 34.568710775 -10.530958141, 34.569471514 -10.530464212, 34.568961284 -10.529569426, 34.569051549 -10.52911641, 34.569266327 -10.528851096, 34.569405301 -10.528126747, 34.569969621 -10.526675943, 34.571308823 -10.524368132, 34.572525899 -10.523157374, 34.572563801 -10.521978201, 34.572551166 -10.520697957, 34.572226894 -10.51965144, 34.572044335 -10.519178706, 34.572167937 -10.518590184, 34.571970003 -10.517541563, 34.572294275 -10.517103584, 34.5723406 -10.516695085, 34.57215109 -10.516076019, 34.572028961 -10.516059174, 34.572172147 -10.515739112, 34.572113188 -10.515595927, 34.571970003 -10.51563804, 34.571957368 -10.514726287, 34.572100555 -10.514616792, 34.572062652 -10.514465185, 34.572243739 -10.514313576, 34.571965791 -10.513766103, 34.5723406 -10.513374449, 34.572521687 -10.513264955, 34.572496419 -10.5126501, 34.572799635 -10.51236794, 34.573090217 -10.512031034, 34.573481871 -10.511959441, 34.573810355 -10.511496195, 34.574088303 -10.51083291, 34.574858977 -10.510693936, 34.576265563 -10.508891486, 34.579226129 -10.505848798, 34.580157143 -10.504891659, 34.580506195 -10.504444055, 34.580745244 -10.504458957, 34.581204214 -10.504029966, 34.581383536 -10.504156771, 34.581584843 -10.503470707, 34.582419355 -10.502710852, 34.582703825 -10.502326777, 34.583381982 -10.501867313, 34.583516254 -10.501753991, 34.583553569 -10.501844856, 34.584048104 -10.501546922, 34.589939758 -10.495568936, 34.592302316 -10.492553621, 34.593540448 -10.490262657, 34.594458518 -10.48735052, 34.594921764 -10.485569126, 34.59550714 -10.483941446, 34.595688227 -10.482160053, 34.595014414 -10.48011124, 34.593957369 -10.478186661, 34.593746803 -10.477967672, 34.592904536 -10.475253467, 34.591649559 -10.47390163, 34.590436696 -10.472488727, 34.587690908 -10.470071423, 34.587299253 -10.469443934, 34.587345578 -10.468856454, 34.587956221 -10.467976285, 34.588137307 -10.466957142, 34.58833103 -10.466544432, 34.588541596 -10.466527586, 34.588722685 -10.466085397, 34.589051167 -10.465929578, 34.590571458 -10.464567211, 34.591249482 -10.463442786, 34.591885394 -10.462966905, 34.591839069 -10.462394164, 34.591481106 -10.461450825, 34.591451627 -10.460120045, 34.59105155 -10.458894547, 34.590104 -10.457456377, 34.588044658 -10.455645504, 34.58214037 -10.452769163, 34.581736082 -10.452971308, 34.580948563 -10.454104156, 34.580586389 -10.454580036, 34.580169467 -10.454963267, 34.580017858 -10.455022226, 34.579407216 -10.455245427, 34.578607062 -10.455552854, 34.578261733 -10.455620235, 34.578034321 -10.456007678, 34.577491059 -10.456214034, 34.57698991 -10.456988918, 34.575713877 -10.458024907, 34.574698946 -10.458441828, 34.574147261 -10.458715564, 34.572980722 -10.459599945, 34.572490506 -10.460156237, 34.571868931 -10.460326399, 34.571258287 -10.46004424, 34.570738303 -10.458422767, 34.570618165 -10.457786966, 34.570504458 -10.456595159, 34.570146496 -10.455481261, 34.570453923 -10.451811085, 34.569417935 -10.449587501, 34.568680952 -10.448837884, 34.5685383 -10.447610908, 34.568470385 -10.446869086, 34.568120845 -10.445753084, 34.567914489 -10.444995043, 34.567737613 -10.444319124, 34.567510202 -10.443308405, 34.566726894 -10.44231032, 34.566440523 -10.441632295, 34.565817246 -10.440312042, 34.564932867 -10.439351859, 34.564355913 -10.437823144, 34.563720004 -10.435765908, 34.562898792 -10.434607792, 34.562380799 -10.433757103, 34.56213233 -10.433352815, 34.559849789 -10.432411583, 34.559744505 -10.432449484, 34.55947919 -10.431122914, 34.558716939 -10.42789914, 34.559365484 -10.426260931, 34.559681334 -10.425966138, 34.559719236 -10.423403542, 34.559685546 -10.421411582, 34.559672911 -10.42044087, 34.559710813 -10.419181681, 34.560081413 -10.41860894, 34.559963494 -10.417766673, 34.559849789 -10.416379039, 34.560325668 -10.415225134, 34.560098256 -10.414361811, 34.559651855 -10.413393205, 34.559588685 -10.411689721, 34.55957184 -10.410817974, 34.559946648 -10.410262079, 34.560241441 -10.409365065, 34.560831028 -10.408983939, 34.561148373 -10.408970699, 34.56181648 -10.40772054, 34.561471151 -10.406933021, 34.560784704 -10.406608748, 34.560094045 -10.406789835, 34.55976135 -10.405711734, 34.559769772 -10.404673641, 34.559837154 -10.403961925, 34.560123525 -10.403557638, 34.56035515 -10.402214222, 34.561355021 -10.400398881, 34.562262881 -10.400013802, 34.562523983 -10.39934841, 34.564237996 -10.397924981, 34.564478042 -10.397217477, 34.564541212 -10.396752124, 34.564827582 -10.396646841, 34.565817246 -10.395059169, 34.565581411 -10.394280072, 34.565721647 -10.393466996, 34.565543509 -10.393286197, 34.565619314 -10.392761886, 34.564564335 -10.391216101, 34.56488233 -10.390921534, 34.564831794 -10.390134015, 34.564806526 -10.389346496, 34.565029727 -10.388476856, 34.5649455 -10.38712923, 34.565758289 -10.385705799, 34.566166812 -10.384848339, 34.566516327 -10.382873678, 34.566608977 -10.381997721, 34.566710048 -10.381094391, 34.566945882 -10.380218433, 34.566752161 -10.379818356, 34.567013264 -10.378862384, 34.566857447 -10.378100133, 34.566806908 -10.377822185, 34.567118548 -10.376558785, 34.566756373 -10.375598601, 34.567004841 -10.373459244, 34.567539681 -10.371393585, 34.568390372 -10.370222835, 34.567889221 -10.369502698, 34.567876587 -10.368334053, 34.568335623 -10.367319121, 34.568899941 -10.366716901, 34.569093662 -10.366615829, 34.569573755 -10.366358938, 34.5695906 -10.365992552, 34.569556909 -10.364748104, 34.569700094 -10.36413746, 34.570723448 -10.362949864, 34.571536235 -10.361644351, 34.571679421 -10.36137272, 34.57180576 -10.360997912, 34.571935484 -10.360559319, 34.571864719 -10.360252506, 34.572201626 -10.359566059, 34.571932101 -10.358487957, 34.571612039 -10.358058401, 34.571868931 -10.357645691, 34.572071075 -10.356460201, 34.572622759 -10.355651625, 34.572530109 -10.354897797, 34.572294275 -10.354628271, 34.572635393 -10.353840752, 34.572585303 -10.352471266, 34.57322498 -10.351682444, 34.573022835 -10.351008631, 34.573064949 -10.350170576, 34.573203923 -10.349770499, 34.572976511 -10.349534665, 34.572601703 -10.349008248, 34.572576434 -10.348452352, 34.573789298 -10.346995231, 34.574218854 -10.346369848, 34.575019007 -10.345266479, 34.575545424 -10.344992742, 34.57528011 -10.344483171, 34.574968471 -10.344120997, 34.575035853 -10.343303998, 34.574698946 -10.343223982, 34.574336771 -10.343489297, 34.573848256 -10.343148179, 34.573393432 -10.343000782, 34.573561886 -10.342120614, 34.574159897 -10.341038302, 34.574383096 -10.340019158, 34.574568395 -10.339741211, 34.574530493 -10.339547489, 34.575907599 -10.338627314, 34.576412958 -10.337494465, 34.577225745 -10.33738497, 34.577575286 -10.336883821, 34.577545806 -10.33640373, 34.578560738 -10.334085391, 34.578960814 -10.333276815, 34.57970622 -10.33246824, 34.58005155 -10.331339603, 34.580455839 -10.330848982, 34.581394966 -10.329303423, 34.581584475 -10.328696991, 34.581963494 -10.327917895, 34.582211963 -10.327197757, 34.582401474 -10.327153985, 34.582460065 -10.326667189, 34.582633096 -10.326509204, 34.582489911 -10.325763799, 34.582649942 -10.325351088, 34.583332178 -10.323365444, 34.583364624 -10.322081248, 34.582885296 -10.321441152, 34.581912907 -10.320818286, 34.581706168 -10.320834597, 34.581595753 -10.321116643, 34.580960671 -10.321478616, 34.580860126 -10.321188186, 34.581205455 -10.319541555, 34.582708536 -10.31728368, 34.58305493 -10.31683382, 34.583100555 -10.316081945, 34.582814185 -10.315850322, 34.583003694 -10.315245995, 34.583138456 -10.314883821, 34.583269007 -10.314614295, 34.583079498 -10.313847833, 34.58340961 -10.312578317, 34.583311121 -10.312239104, 34.583546957 -10.311462113, 34.583593282 -10.310990444, 34.584220799 -10.310386662, 34.584359743 -10.309849173, 34.584094429 -10.309453307, 34.584275516 -10.309065865, 34.585058826 -10.308914257, 34.585673679 -10.309032175, 34.586099023 -10.308396263, 34.585633982 -10.306991072, 34.584730316 -10.305650542, 34.584728627 -10.305142672, 34.584494744 -10.304914059, 34.584556997 -10.303603223, 34.584706313 -10.303438915, 34.584288562 -10.302997917, 34.583872117 -10.302950105, 34.583704465 -10.302606602, 34.583853456 -10.302343998, 34.583279082 -10.301783055, 34.582248276 -10.300334056, 34.582436412 -10.299767454, 34.581776383 -10.299635448, 34.581365266 -10.29899696, 34.581292358 -10.298711405, 34.580893358 -10.298145863, 34.581493515 -10.295356495, 34.581458719 -10.295102031, 34.582057606 -10.29415913, 34.581590824 -10.293564629, 34.581690695 -10.292032259, 34.58096258 -10.290614457, 34.580456944 -10.290432429, 34.58023851 -10.289639592, 34.580339639 -10.289036875, 34.580748191 -10.288688998, 34.580829092 -10.28780717, 34.581156744 -10.287665591, 34.580675379 -10.286771628, 34.581060581 -10.286617414, 34.580825049 -10.285893845, 34.58027896 -10.28586553, 34.579862317 -10.285550013, 34.580028346 -10.284939025, 34.579780455 -10.284086042, 34.580384133 -10.283078467, 34.580404358 -10.282884302, 34.579902768 -10.283025881, 34.57926769 -10.2811793, 34.579150382 -10.280754566, 34.578687679 -10.279896246, 34.57855423 -10.279681245, 34.578620477 -10.279330697, 34.578025191 -10.278828903, 34.577985399 -10.27802009, 34.577944947 -10.277362764, 34.577633476 -10.276808587, 34.577386726 -10.27623823, 34.576727379 -10.275376627, 34.576096344 -10.275417079, 34.575295418 -10.27479009, 34.575012262 -10.274430078, 34.574777646 -10.27407411, 34.573920089 -10.273625107, 34.573030172 -10.273722188, 34.572285875 -10.273216553, 34.571776195 -10.27189381, 34.571242243 -10.271278958, 34.570728518 -10.267745577, 34.570470707 -10.267622636, 34.570057034 -10.267595909, 34.569826464 -10.266892064, 34.569296558 -10.266639247, 34.568981042 -10.266643292, 34.568410685 -10.265886861, 34.567994041 -10.26513852, 34.567852464 -10.265041438, 34.568119439 -10.26443063, 34.568010222 -10.264228377, 34.568014267 -10.26342745, 34.567391324 -10.262788327, 34.567108168 -10.261232992, 34.567625939 -10.259922385, 34.567334693 -10.258826167, 34.5666145 -10.258503042, 34.566113078 -10.258445929, 34.565012815 -10.257592417, 34.564806516 -10.256182705, 34.565122032 -10.25572561, 34.566145438 -10.255300877, 34.566274881 -10.254762881, 34.565534631 -10.253800151, 34.565073491 -10.253573626, 34.565219116 -10.253078103, 34.565142258 -10.252786857, 34.565453729 -10.252455161, 34.565251475 -10.251840308, 34.565117987 -10.251654234, 34.565449684 -10.251662324, 34.565623623 -10.251156688, 34.566238475 -10.249939119, 34.56789696 -10.248901555, 34.568434956 -10.248622444, 34.568511813 -10.247930735, 34.568523947 -10.247344197, 34.56868575 -10.246595857, 34.568503724 -10.246211574, 34.569001268 -10.246308656, 34.569563534 -10.246021455, 34.569543309 -10.245843471, 34.569692977 -10.245807066, 34.56977388 -10.245515819, 34.569163071 -10.244027228, 34.568475408 -10.243104949, 34.56865339 -10.242813704, 34.56911453 -10.243157535, 34.569842645 -10.242886515, 34.57010153 -10.24286629, 34.570716385 -10.242295933, 34.570364461 -10.241759959, 34.569846691 -10.241432307, 34.569490496 -10.240672816, 34.569341054 -10.240239008, 34.568804481 -10.239156958, 34.568579888 -10.238337051, 34.568212476 -10.237664312, 34.568354054 -10.237369021, 34.568026403 -10.23708182, 34.568362144 -10.236810799, 34.567743247 -10.235771213, 34.56743582 -10.234946015, 34.567358964 -10.233451357, 34.567856509 -10.232783918, 34.56783224 -10.23237941, 34.567985951 -10.231970857, 34.567609758 -10.2311942, 34.567763716 -10.230655919, 34.568540128 -10.229760219, 34.56862103 -10.229371891, 34.568495632 -10.229064464, 34.569272288 -10.228388935, 34.570514129 -10.227964202, 34.570567171 -10.22759461, 34.570461543 -10.226530219, 34.570740654 -10.225789969, 34.570489858 -10.225652436, 34.570356371 -10.225664571, 34.570360417 -10.225510858, 34.569798149 -10.225490632, 34.569385551 -10.225175116, 34.568738337 -10.224576444, 34.568584623 -10.22369057, 34.568265062 -10.223340671, 34.568293378 -10.222903802, 34.568536083 -10.222653006, 34.568471361 -10.221961297, 34.568515858 -10.221342399, 34.568370234 -10.220780133, 34.567634029 -10.22040394, 34.566420504 -10.218262068, 34.566092852 -10.217764523, 34.565688344 -10.216753252, 34.565514405 -10.216846289, 34.565037085 -10.216057497, 34.564814606 -10.216025137, 34.564721569 -10.215230278, 34.564430323 -10.214740823, 34.564628532 -10.213943941, 34.565312151 -10.213579884, 34.56551036 -10.213320998, 34.56575711 -10.213462576, 34.566003862 -10.213167285, 34.5658906 -10.212912445, 34.566032176 -10.212799182, 34.566072626 -10.212592883, 34.566586352 -10.21247153, 34.567201205 -10.212758732, 34.567562443 -10.212727803, 34.568155049 -10.212641212, 34.568804481 -10.212143315, 34.569564857 -10.210178785, 34.56937746 -10.2097411, 34.569017449 -10.209514575, 34.568471361 -10.20871567, 34.569078124 -10.208015871, 34.569001268 -10.207255395, 34.568827329 -10.206935834, 34.569405776 -10.206583912, 34.569446228 -10.206252215, 34.568697886 -10.205408814, 34.567229521 -10.204312597, 34.566084987 -10.203749413, 34.565319199 -10.204526025, 34.565196081 -10.204760206, 34.56488895 -10.204896742, 34.564281486 -10.20461704, 34.563917553 -10.203253946, 34.563809271 -10.202710323, 34.563684796 -10.202610202, 34.563768681 -10.202409961, 34.563503999 -10.201905772, 34.563768681 -10.201514287, 34.564011079 -10.201633013, 34.564454593 -10.201216085, 34.564426623 -10.200454473, 34.564381782 -10.200180544, 34.565223159 -10.199869072, 34.565372827 -10.199274445, 34.565033042 -10.198801171, 34.56527979 -10.198340031, 34.565364737 -10.198038672, 34.564980455 -10.197545172, 34.56454763 -10.197504721, 34.564353466 -10.197205385, 34.563694117 -10.197108303, 34.56335433 -10.196513676, 34.563742658 -10.195648028, 34.563455458 -10.195012949, 34.562569584 -10.194442593, 34.561788883 -10.193975385, 34.561364151 -10.192838717, 34.560239616 -10.192147008, 34.560065678 -10.191677777, 34.560296248 -10.190405599, 34.560243662 -10.189709845, 34.559738026 -10.189115218, 34.559604538 -10.188071586, 34.559090812 -10.187606401, 34.558427419 -10.186617378, 34.557970324 -10.18573555, 34.557642672 -10.18546453, 34.557610312 -10.1852825, 34.55727457 -10.184841586, 34.556538367 -10.183615926, 34.556064085 -10.183754252, 34.555450237 -10.183053659, 34.555619953 -10.18258169, 34.555393606 -10.181732939, 34.555532775 -10.181617438, 34.555345065 -10.180907742, 34.554835384 -10.179316002, 34.554787587 -10.178743596, 34.55459005 -10.177758625, 34.553934175 -10.177354015, 34.553233531 -10.176892997, 34.552752389 -10.176735402, 34.552537776 -10.17656939, 34.551862248 -10.176108251, 34.551061321 -10.175200129, 34.550555688 -10.17476326, 34.549884204 -10.173383887, 34.549718353 -10.172534419, 34.549613183 -10.172231038, 34.549876111 -10.171557531, 34.549746668 -10.170861777, 34.548901246 -10.169992084, 34.548630226 -10.169255879, 34.547833345 -10.16843675, 34.547032417 -10.166855122, 34.546564028 -10.166410923, 34.546595548 -10.16558092, 34.546583414 -10.165285629, 34.54666836 -10.165354395, 34.546607684 -10.165024721, 34.546263851 -10.164996406, 34.546146545 -10.164547401, 34.545794622 -10.163491634, 34.545750126 -10.163155893, 34.545891704 -10.162933413, 34.545677314 -10.161663257, 34.545790577 -10.161361898, 34.545454835 -10.160338491, 34.545075879 -10.159452775, 34.545037995 -10.158843933, 34.544829636 -10.158056498, 34.544740339 -10.157428714, 34.544721397 -10.15650598, 34.5442494 -10.156101266, 34.54401074 -10.155862607, 34.543737826 -10.15488804, 34.54327858 -10.154535819, 34.54303992 -10.153449714, 34.542675862 -10.152620472, 34.542048875 -10.152199783, 34.541498743 -10.151451443, 34.541061874 -10.151119746, 34.540664586 -10.150459761, 34.539909025 -10.149799026, 34.539443841 -10.149625087, 34.539374879 -10.149130017, 34.539423615 -10.148597636, 34.538638869 -10.147784574, 34.538319309 -10.147266804, 34.536442389 -10.145881363, 34.535839671 -10.14552135, 34.535196503 -10.144926723, 34.534876943 -10.144862002, 34.534512883 -10.144202653, 34.534039609 -10.143474538, 34.533614875 -10.142920361, 34.533068789 -10.142335847, 34.532544667 -10.141300292, 34.532769452 -10.138687181, 34.531616604 -10.137768947, 34.530200825 -10.13763546, 34.529691144 -10.137793218, 34.52949698 -10.138254357, 34.528882127 -10.138395936, 34.52855043 -10.138517287, 34.528068892 -10.138137894, 34.527684782 -10.1373968, 34.527264094 -10.13714196, 34.526657331 -10.136341032, 34.52636204 -10.135892029, 34.526155741 -10.135859667, 34.526940929 -10.134618258, 34.527309658 -10.134107973, 34.527219475 -10.132974385, 34.527337056 -10.132456108, 34.526822204 -10.13152458, 34.526611012 -10.131324804, 34.526432925 -10.13077228, 34.526302785 -10.130473186, 34.526000267 -10.130433231, 34.525752544 -10.130323639, 34.525787933 -10.129679789, 34.525641811 -10.129561065, 34.525201101 -10.129294497, 34.524788502 -10.128042544, 34.524868964 -10.127796184, 34.524193432 -10.127465586, 34.523821727 -10.126942281, 34.523801502 -10.126056407, 34.523606377 -10.125785864, 34.523285593 -10.125503894, 34.523290159 -10.125188818, 34.523356305 -10.123807936, 34.523534526 -10.123667785, 34.523692284 -10.12218324, 34.523777232 -10.122069978, 34.52298844 -10.120939376, 34.522592022 -10.120915106, 34.520768318 -10.12129881, 34.520193288 -10.120955557, 34.519974853 -10.119847204, 34.519720012 -10.119835069, 34.519695742 -10.118484011, 34.520460263 -10.117389816, 34.520585662 -10.11662934, 34.521116596 -10.116665366, 34.521293311 -10.116396024, 34.521047681 -10.115460227, 34.520955802 -10.114844219, 34.520647643 -10.11430494, 34.520674653 -10.11362991, 34.521584798 -10.113055508, 34.521997394 -10.112513467, 34.522676969 -10.112282898, 34.522830682 -10.111502196, 34.523049116 -10.111105778, 34.523583069 -10.110412046, 34.523769143 -10.11035137, 34.524917945 -10.110638571, 34.525492347 -10.110056078, 34.525997983 -10.109137844, 34.527177747 -10.108383309, 34.527706149 -10.108147323, 34.528154013 -10.107467225, 34.528370499 -10.106834014, 34.528562097 -10.106308511, 34.528803994 -10.105884942, 34.529149103 -10.105837056, 34.529373436 -10.105141075, 34.5297505 -10.104430554, 34.530168604 -10.104171483, 34.530071133 -10.104020145, 34.530604249 -10.103059022, 34.531031016 -10.102727879, 34.532175293 -10.10248745, 34.532422251 -10.102214684, 34.532190902 -10.101902678, 34.531716323 -10.101516639, 34.531730489 -10.10134487, 34.531517991 -10.101369661, 34.531940211 -10.10106588, 34.532607651 -10.100843401, 34.533129465 -10.100362036, 34.533478287 -10.099163221, 34.53391568 -10.098961348, 34.534099845 -10.098994994, 34.534245052 -10.098653226, 34.534770986 -10.098176875, 34.534942754 -10.097659796, 34.535332334 -10.097468548, 34.535796289 -10.097330424, 34.536288576 -10.097137405, 34.53666399 -10.09691074, 34.53681628 -10.096437932, 34.536733052 -10.096101476, 34.536658677 -10.095839395, 34.536511935 -10.095795779, 34.536063682 -10.095024818, 34.536279722 -10.094463469, 34.536044203 -10.094043785, 34.536306284 -10.093517852, 34.536497533 -10.093354937, 34.536093786 -10.09282192, 34.536212431 -10.092600568, 34.536423158 -10.092347341, 34.536653367 -10.091699221, 34.536659747 -10.091377634, 34.536833989 -10.091143184, 34.537859292 -10.090937769, 34.537962 -10.09024715, 34.538186894 -10.089914236, 34.538298455 -10.08925195, 34.538992616 -10.088894245, 34.539159073 -10.088617997, 34.538900534 -10.088180605, 34.539002165 -10.087864493, 34.53858479 -10.087645978, 34.538824943 -10.086511669, 34.538843771 -10.085623849, 34.539084253 -10.085326715, 34.539736329 -10.084996052, 34.540143298 -10.084702387, 34.540761846 -10.084013313, 34.540735254 -10.083527725, 34.541492541 -10.08214611, 34.541867138 -10.081416571, 34.541935351 -10.081222335, 34.542194332 -10.081053535, 34.542032469 -10.080151728, 34.540482054 -10.078382798, 34.539174433 -10.077516832, 34.538664566 -10.07751452, 34.538017114 -10.076712142, 34.537709577 -10.07648091, 34.537160673 -10.075942739, 34.537480207 -10.075114205, 34.537500002 -10.074709836, 34.538486889 -10.074181045, 34.539114652 -10.074198011, 34.539521849 -10.074231944, 34.540073264 -10.073346856, 34.540293827 -10.07245894, 34.540176001 -10.070616512, 34.540050604 -10.070394033, 34.540244767 -10.069439393, 34.54060478 -10.068682963, 34.540426796 -10.066909193, 34.539617781 -10.06578466, 34.53674577 -10.062793321, 34.536478794 -10.062133972, 34.53652329 -10.061300684, 34.536226237 -10.060999227, 34.53628463 -10.060548299, 34.536677006 -10.060398631, 34.536316991 -10.060089182, 34.535532245 -10.059603772, 34.535261224 -10.058693628, 34.535164144 -10.058212263, 34.534707123 -10.057908712, 34.53470705 -10.0576055, 34.534363217 -10.057354706, 34.533792861 -10.056410178, 34.533845445 -10.055860047, 34.533307451 -10.055322051, 34.53305741 -10.054640395, 34.533084969 -10.054379547, 34.532340673 -10.054157067, 34.531895715 -10.05310939, 34.531746046 -10.052334757, 34.531106923 -10.052067781, 34.530900624 -10.051323486, 34.530585108 -10.05126281, 34.529602152 -10.049980518, 34.529577881 -10.049749949, 34.530281726 -10.049313079, 34.530301952 -10.048595077, 34.529941939 -10.048101577, 34.529351357 -10.048073261, 34.528655602 -10.047709203, 34.527652424 -10.046940637, 34.527179147 -10.045808014, 34.52707802 -10.044972705, 34.527126561 -10.044612692, 34.526305409 -10.043957388, 34.525698646 -10.042873306, 34.523746954 -10.04201318, 34.523376768 -10.041297746, 34.523036981 -10.040933689, 34.522984397 -10.040335016, 34.522798322 -10.039647351, 34.52202164 -10.038632019, 34.521669742 -10.038259888, 34.52148923 -10.037325716, 34.520711058 -10.03595419, 34.519549852 -10.035546827, 34.519202242 -10.035290796, 34.519052574 -10.034987415, 34.518267827 -10.035007641, 34.517430497 -10.03403682, 34.517284872 -10.034014573, 34.517373865 -10.033949851, 34.517139249 -10.033812319, 34.517094754 -10.032736326, 34.517296841 -10.032533254, 34.517143297 -10.031919219, 34.516657886 -10.031911129, 34.516382819 -10.032028436, 34.515952294 -10.031851462, 34.515306826 -10.031150654, 34.515145025 -10.030729964, 34.514247014 -10.029740941, 34.514218698 -10.029401155, 34.514303646 -10.028304937, 34.5139315 -10.026877022, 34.513324735 -10.025560347, 34.513316645 -10.024302326, 34.513850596 -10.023513535, 34.513450132 -10.023088802, 34.512887866 -10.02324656, 34.512556169 -10.023036216, 34.511807829 -10.02323847, 34.511427591 -10.023036216, 34.511273877 -10.023068576, 34.510938136 -10.022265627, 34.510100803 -10.022018877, 34.509364599 -10.0211775, 34.509239201 -10.020323986, 34.508911549 -10.020020605, 34.508854918 -10.019729359, 34.508203659 -10.019539241, 34.50775061 -10.019769811, 34.50756934 -10.019672357, 34.507338011 -10.019324851, 34.507309695 -10.018845509, 34.506872826 -10.018392459, 34.506019314 -10.017486361, 34.505780654 -10.017037356, 34.505424687 -10.016677343, 34.505060629 -10.016725885, 34.504813879 -10.016592397, 34.504563084 -10.015896643, 34.504316333 -10.015779335, 34.504231387 -10.015587194, 34.504518588 -10.015267632, 34.504627806 -10.013916574, 34.505013182 -10.013150472, 34.505420644 -10.012889123, 34.505667392 -10.011930438, 34.505570309 -10.011372217, 34.505796834 -10.0110567, 34.506978 -10.010021159, 34.507374417 -10.00932945, 34.506978 -10.007689168, 34.507034631 -10.006508003, 34.506739339 -10.005978097, 34.506909233 -10.004736257, 34.506213478 -10.003336658, 34.50607999 -10.002681354, 34.505295244 -10.002066501, 34.504720842 -10.001194786, 34.502317557 -10.000283631, 34.501784111 -9.997562301, 34.501844788 -9.996563165, 34.500878501 -9.995253212, 34.500404738 -9.994791419, 34.500166078 -9.9940451, 34.500611632 -9.992634167, 34.500780932 -9.991998288, 34.499927418 -9.989569216, 34.498964688 -9.988553899, 34.498463098 -9.988242428, 34.498127356 -9.987401051, 34.497290023 -9.986687094, 34.496836974 -9.985635371, 34.495894469 -9.985182322, 34.495712442 -9.985008383, 34.49568008 -9.984438027, 34.495404558 -9.984377521, 34.495336248 -9.984130601, 34.495130651 -9.983919379, 34.493899939 -9.982635575, 34.492873469 -9.981957393, 34.492499352 -9.980529534, 34.491596371 -9.979405918, 34.491193863 -9.978603622, 34.490828099 -9.97823137, 34.486225165 -9.977672216, 34.485221218 -9.976893763, 34.484155912 -9.97504638, 34.483956438 -9.973839056, 34.483427444 -9.973357145, 34.480896559 -9.973001454, 34.47984483 -9.972515121, 34.479109353 -9.971431695, 34.478502179 -9.969835454, 34.47816488 -9.969533865, 34.476701466 -9.967335641, 34.476476167 -9.966832596, 34.475620173 -9.966266623, 34.474038817 -9.965971163, 34.473071035 -9.965202936, 34.472595893 -9.964711754, 34.471487615 -9.9626655, 34.470352756 -9.961366927, 34.46949987 -9.959766027, 34.469384544 -9.9588366, 34.468949277 -9.958449109, 34.467932352 -9.958065525, 34.467268934 -9.957382919, 34.466814296 -9.956446267, 34.465876152 -9.955829407, 34.465428337 -9.955749334, 34.463356354 -9.954893785, 34.462584598 -9.954746599, 34.461633301 -9.954243587, 34.460911307 -9.953254392, 34.458502036 -9.951634032, 34.457177425 -9.949455525, 34.456712575 -9.94859723, 34.45389327 -9.946268797, 34.453173557 -9.944908265, 34.452700578 -9.942815724, 34.452548844 -9.941355688, 34.452497805 -9.938382666, 34.452308678 -9.937470111, 34.452129526 -9.937403145, 34.452144115 -9.937168186, 34.450810497 -9.935644226, 34.449598373 -9.934617426, 34.448556546 -9.932758587, 34.44819831 -9.932245488, 34.447716882 -9.93048585, 34.446634906 -9.929175196, 34.443588603 -9.926518941, 34.441001269 -9.922484015, 34.440393623 -9.920129777, 34.440118133 -9.919613707, 34.439411215 -9.919016028, 34.438918568 -9.91788607, 34.435768225 -9.91324643, 34.4348458 -9.911821224, 34.4342386 -9.911344752, 34.432806455 -9.908606748, 34.432635949 -9.907775262, 34.432110946 -9.907163346, 34.431413281 -9.905799275, 34.430631786 -9.904907188, 34.429783638 -9.904484786, 34.427654891 -9.901680564, 34.427054264 -9.901418297, 34.425941502 -9.900136009, 34.425339387 -9.898681958, 34.424228034 -9.897970827, 34.423877682 -9.897219707, 34.422831382 -9.896160648, 34.422569052 -9.895377898, 34.422660345 -9.895201863, 34.422038414 -9.894732816, 34.420991331 -9.89331915, 34.420386778 -9.892903372, 34.420032151 -9.892181294, 34.419884318 -9.891849434, 34.419925188 -9.891418266, 34.419418762 -9.89094007, 34.4185115 -9.889366501, 34.418128669 -9.888976698, 34.417678842 -9.887932181, 34.417095993 -9.887127378, 34.416528067 -9.886565314, 34.416223956 -9.885623699, 34.416043195 -9.885455216, 34.416073017 -9.88515702, 34.415693486 -9.884860384, 34.414718325 -9.884463972, 34.414384427 -9.883745409, 34.414066816 -9.882975914, 34.413121213 -9.882533233, 34.412942436 -9.882169919, 34.412960102 -9.881830478, 34.412730311 -9.881554006, 34.41156445 -9.880983053, 34.410668376 -9.880830657, 34.410324298 -9.880028167, 34.408885754 -9.878269992, 34.408895835 -9.877533133, 34.407867516 -9.876798661, 34.407540352 -9.876745025, 34.407317329 -9.876418006, 34.406045771 -9.875616617, 34.405661907 -9.874980572, 34.404292234 -9.873826479, 34.403862699 -9.87312326, 34.403079538 -9.872626052, 34.402152678 -9.872145457, 34.401451123 -9.871042615, 34.400391723 -9.869898347, 34.4002435 -9.868742909, 34.399468277 -9.868420947, 34.399121956 -9.867923773, 34.398290437 -9.866946622, 34.397977361 -9.866202958, 34.395758456 -9.86419607, 34.39456962 -9.862508445, 34.394162766 -9.861694029, 34.393120992 -9.860675811, 34.39277529 -9.860622412, 34.392837378 -9.860484308, 34.392253023 -9.860131882, 34.391968497 -9.860115663, 34.391719734 -9.859754815, 34.391082828 -9.859372928, 34.390922904 -9.859147764, 34.391031779 -9.859019201, 34.390791646 -9.858812854, 34.390516492 -9.857975665, 34.389962262 -9.857422041, 34.389903801 -9.856414332, 34.389408609 -9.85631603, 34.38938683 -9.85582875, 34.388886456 -9.855578556, 34.388532556 -9.855071246, 34.388403315 -9.854978864, 34.388660369 -9.854135907, 34.38846658 -9.853597605, 34.388267064 -9.852436338, 34.387176486 -9.851715843, 34.386769372 -9.850903035, 34.386270308 -9.85047007, 34.386073699 -9.849731226, 34.385646972 -9.849614183, 34.385565713 -9.8491546, 34.385061662 -9.849061514, 34.385026267 -9.849256861, 34.384725383 -9.849301955, 34.384362192 -9.848861865, 34.384109466 -9.848699938, 34.383531713 -9.846898408, 34.383674103 -9.846438482, 34.383122899 -9.845568009, 34.382340368 -9.845066629, 34.381187191 -9.844343739, 34.380608027 -9.844252142, 34.380256813 -9.844424907, 34.379962548 -9.843849185, 34.379966981 -9.84348658, 34.379296758 -9.842403471, 34.379388337 -9.842034036, 34.378446625 -9.841561673, 34.377852087 -9.840525538, 34.378004035 -9.839695736, 34.37787105 -9.839471897, 34.377770865 -9.838454844, 34.377967365 -9.838274288, 34.377618033 -9.837855512, 34.377032838 -9.837732367, 34.376700835 -9.836986171, 34.375334086 -9.835333345, 34.374454907 -9.834771186, 34.374122622 -9.834322548, 34.374122622 -9.833976477, 34.372933123 -9.832515375, 34.372185973 -9.831201932, 34.372321572 -9.830709457, 34.3726064 -9.830433512, 34.372518518 -9.829985282, 34.371996824 -9.829152444, 34.371515429 -9.829007652, 34.370950433 -9.82912961, 34.370199416 -9.827924866, 34.369333737 -9.827067027, 34.36917814 -9.826621329, 34.368863692 -9.826615207, 34.368742516 -9.825929091, 34.366248555 -9.822909178, 34.36593224 -9.822710465, 34.36568745 -9.82168501, 34.365067884 -9.821155272, 34.364811992 -9.820766974, 34.364061344 -9.820450744, 34.362910619 -9.820066564, 34.361959084 -9.818833234, 34.36154993 -9.817853824, 34.36150069 -9.816499762, 34.360925269 -9.815745193, 34.359936748 -9.815005045, 34.358751355 -9.812667178, 34.358544395 -9.812017793, 34.357662976 -9.811366526, 34.35713965 -9.811352445, 34.35702258 -9.811179136, 34.357111767 -9.810831477, 34.355827061 -9.810060797, 34.35540248 -9.809982663, 34.355364806 -9.809289387, 34.354505139 -9.80873079, 34.354338987 -9.808219839, 34.353802525 -9.80771205, 34.353312053 -9.806705074, 34.352893446 -9.806317676, 34.352760574 -9.805708442, 34.352151566 -9.805252413, 34.352177866 -9.804963287, 34.350959364 -9.803145297, 34.349513905 -9.8024408, 34.348784575 -9.802303916, 34.348301747 -9.801497706, 34.348133529 -9.800797799, 34.348232919 -9.800553841, 34.347815462 -9.799739859, 34.347172117 -9.799359334, 34.346854835 -9.799346153, 34.346836441 -9.799484185, 34.345960477 -9.799553612, 34.345604557 -9.80000292, 34.345588784 -9.800420683, 34.34452352 -9.799165194, 34.344426349 -9.798358592, 34.343354907 -9.796734841, 34.343020738 -9.796292787, 34.342956103 -9.795942195, 34.34205773 -9.795306737, 34.341864972 -9.794819415, 34.341110608 -9.794126082, 34.341432979 -9.793385303, 34.341375828 -9.793172953, 34.340852166 -9.79303993, 34.340471715 -9.792393163, 34.340447214 -9.791771019, 34.340020854 -9.791834877, 34.339786903 -9.791613238, 34.339880815 -9.790631849, 34.339604033 -9.790331191, 34.339432922 -9.790535318, 34.338097252 -9.789366335, 34.337637356 -9.788322335, 34.336667203 -9.787428275, 34.336553068 -9.787085869, 34.336129639 -9.786759469, 34.336003323 -9.786195038, 34.335164423 -9.785602109, 34.33470788 -9.784536846, 34.334969455 -9.783353435, 34.335278557 -9.783224289, 34.335830211 -9.782197071, 34.335834184 -9.78080039, 34.336286754 -9.780199702, 34.33634382 -9.779381732, 34.336040529 -9.777332944, 34.336140693 -9.776208402, 34.335259534 -9.774930454, 34.334733415 -9.774183535, 34.334370357 -9.773841796, 34.334275723 -9.773427631, 34.333718707 -9.773218423, 34.332866182 -9.77148413, 34.332991159 -9.770739077, 34.332896506 -9.770197975, 34.332693205 -9.769901531, 34.331320774 -9.769364202, 34.330085398 -9.767873084, 34.329971263 -9.767036092, 34.330009308 -9.766332257, 34.330050548 -9.765475299, 34.33010442 -9.76427782, 34.329895172 -9.763840302, 34.329020135 -9.763593008, 34.328468482 -9.763022332, 34.328069007 -9.761880978, 34.328069007 -9.760910828, 34.327784184 -9.760109899, 34.327688555 -9.758837369, 34.327358467 -9.758317308, 34.327079834 -9.758152556, 34.326903809 -9.75785208, 34.325649334 -9.757581799, 34.324549833 -9.757372632, 34.323696885 -9.756858953, 34.322930594 -9.756552507, 34.322191036 -9.755736691, 34.321007119 -9.752217037, 34.320250867 -9.751347648, 34.317920481 -9.749463179, 34.315628253 -9.74635857, 34.315188556 -9.745695688, 34.313483623 -9.744953463, 34.312641713 -9.744741652, 34.309750204 -9.74137825, 34.309181125 -9.740928592, 34.309174721 -9.740604137, 34.308780132 -9.740404509, 34.308418703 -9.739947967, 34.308217853 -9.739381735, 34.306649605 -9.738768569, 34.305852064 -9.738176182, 34.305282092 -9.738048982, 34.303692225 -9.736592248, 34.303026444 -9.736426224, 34.30235652 -9.736086161, 34.301893428 -9.735517173, 34.300847954 -9.735071474, 34.300029755 -9.73357541, 34.299285934 -9.731675769, 34.298420997 -9.731237051, 34.29743265 -9.729021956, 34.296225243 -9.72784962, 34.296016733 -9.727436284, 34.295373782 -9.726988319, 34.293771112 -9.726443597, 34.292495765 -9.725598762, 34.290917949 -9.72391195, 34.289979836 -9.722992785, 34.288143788 -9.721818521, 34.287157693 -9.721310783, 34.284946361 -9.721069407, 34.284153822 -9.720644647, 34.282084297 -9.718753455, 34.280960615 -9.717536391, 34.278459675 -9.715422521, 34.277953381 -9.71478446, 34.276593962 -9.711889693, 34.276270578 -9.710443978, 34.275395541 -9.708351497, 34.27424799 -9.707473313, 34.272775013 -9.70719899, 34.271193502 -9.705466331, 34.270934189 -9.705025861, 34.270030242 -9.70464608, 34.268965916 -9.703519767, 34.268680577 -9.702739842, 34.267916895 -9.701963882, 34.26548516 -9.701188427, 34.265257384 -9.70091018, 34.265009223 -9.700856609, 34.264956236 -9.700566209, 34.263335238 -9.699639165, 34.263407321 -9.699509935, 34.262954787 -9.698973375, 34.262019161 -9.698578074, 34.261547118 -9.698155405, 34.261515344 -9.697900855, 34.260917515 -9.697277878, 34.260557944 -9.695340066, 34.258956632 -9.693547634, 34.258403353 -9.69352373, 34.257057695 -9.692432385, 34.255678658 -9.691414286, 34.255354239 -9.690721229, 34.2542805 -9.690044661, 34.253039278 -9.689502519, 34.251398582 -9.687419548, 34.250214594 -9.686249781, 34.249614712 -9.685042988, 34.248440044 -9.68449013, 34.246490762 -9.683624548, 34.246331271 -9.682837475, 34.24573027 -9.682307107, 34.24546797 -9.681369427, 34.244536194 -9.680585694, 34.244291144 -9.680269047, 34.243604141 -9.679625227, 34.242809897 -9.678944998, 34.241354671 -9.678003382, 34.240405345 -9.677699, 34.23993399 -9.677248479, 34.238943562 -9.676833494, 34.238705539 -9.676376786, 34.238200172 -9.676264023, 34.237537104 -9.675681571, 34.236361249 -9.674422385, 34.235340003 -9.672961708, 34.23526279 -9.672780766, 34.234832616 -9.672582436, 34.234019178 -9.671241602, 34.233259541 -9.670023011, 34.231829147 -9.66858675, 34.231623554 -9.668327522, 34.231599255 -9.668115509, 34.230915343 -9.66726957, 34.229397767 -9.666369904, 34.228941884 -9.666030226, 34.228908294 -9.665232161, 34.228418381 -9.664787402, 34.227449088 -9.664546369, 34.227234555 -9.663938524, 34.227013897 -9.663753583, 34.226644588 -9.66333068, 34.226430054 -9.663294924, 34.225777515 -9.662293768, 34.225741759 -9.661837884, 34.224123821 -9.660854605, 34.223623241 -9.660336149, 34.223605363 -9.659951777, 34.22256129 -9.659336444, 34.221709787 -9.658212581, 34.221434759 -9.658119952, 34.221069063 -9.657505519, 34.220941918 -9.65733895, 34.22101047 -9.657019146, 34.219471621 -9.655407091, 34.21854861 -9.654475912, 34.218336236 -9.654173687, 34.215841263 -9.652270587, 34.215313987 -9.651772224, 34.215141712 -9.651435288, 34.213827367 -9.650473474, 34.212683518 -9.649574616, 34.212657352 -9.649216523, 34.212292203 -9.648693071, 34.211581101 -9.648325227, 34.211099174 -9.647728945, 34.210266016 -9.647198009, 34.209506368 -9.645809408, 34.209204143 -9.645686885, 34.208803036 -9.645255667, 34.208011869 -9.645245929, 34.205727908 -9.644088078, 34.20510398 -9.643444024, 34.205003346 -9.642155915, 34.20369511 -9.641652747, 34.202779221 -9.641115365, 34.202166882 -9.640687619, 34.201420792 -9.640425018, 34.200716358 -9.639217415, 34.200662032 -9.638782182, 34.20003205 -9.6384526, 34.199788436 -9.638193168, 34.19949016 -9.638243483, 34.199151744 -9.637786916, 34.198174386 -9.637326565, 34.196188803 -9.635280582, 34.195573388 -9.634339227, 34.194617798 -9.633521843, 34.193987123 -9.632963541, 34.193722714 -9.632413169, 34.193187345 -9.631932516, 34.19291871 -9.63158064, 34.192614435 -9.631563519, 34.192232906 -9.63127404, 34.19188261 -9.631245544, 34.189486491 -9.629847852, 34.188289771 -9.628290283, 34.187815641 -9.627944558, 34.18736004 -9.627336712, 34.186373454 -9.626574479, 34.186363397 -9.626133912, 34.185896784 -9.625433542, 34.185188119 -9.624485849, 34.184518493 -9.624303358, 34.1843203 -9.623968456, 34.183716058 -9.623580312, 34.183627851 -9.623374979, 34.183901736 -9.623190532, 34.183285988 -9.622553624, 34.183154588 -9.622672878, 34.182846214 -9.622121864, 34.182467629 -9.621340227, 34.181325487 -9.619864961, 34.179878495 -9.618559336, 34.1797312 -9.618010611, 34.179220197 -9.617484123, 34.178694938 -9.616493672, 34.178686418 -9.616048058, 34.178162348 -9.615572991, 34.177881903 -9.615080977, 34.177942789 -9.614281647, 34.176898205 -9.613676962, 34.175143634 -9.613773548, 34.174746801 -9.614009736, 34.174681111 -9.613526589, 34.172995245 -9.612838636, 34.169573072 -9.610128769, 34.169236796 -9.609925246, 34.168266791 -9.609553285, 34.167165162 -9.608041439, 34.167345698 -9.607637807, 34.166457176 -9.607651069, 34.165771366 -9.607000966, 34.164865643 -9.606768533, 34.164385609 -9.606412379, 34.164509556 -9.606250103, 34.16410688 -9.6062885, 34.163854219 -9.605886418, 34.163379087 -9.605669102, 34.162960993 -9.6045387, 34.162061002 -9.603775676, 34.16087482 -9.603068135, 34.161292439 -9.602559603, 34.160158086 -9.602214971, 34.159554303 -9.601519134, 34.158024121 -9.599636428, 34.157874188 -9.598725551, 34.157336219 -9.59813264, 34.156219318 -9.597775721, 34.156115843 -9.597912794, 34.155394077 -9.597418605, 34.154940858 -9.597442321, 34.154790744 -9.597253512, 34.154880351 -9.597054, 34.154540719 -9.59704121, 34.154001429 -9.597169064, 34.153816503 -9.596577474, 34.153316808 -9.596354652, 34.152809351 -9.596493613, 34.152653102 -9.597483761, 34.152654103 -9.598012153, 34.150832831 -9.596442896, 34.150543121 -9.595557469, 34.150294168 -9.595387879, 34.150161697 -9.595347464, 34.150289633 -9.59489468, 34.150037472 -9.594337126, 34.150215253 -9.593773419, 34.149512798 -9.592982334, 34.149315287 -9.592911454, 34.149023556 -9.59283856, 34.148737042 -9.592866699, 34.148269388 -9.592688797, 34.147491928 -9.592781222, 34.147209215 -9.592620837, 34.147241836 -9.59197386, 34.146793301 -9.591288825, 34.146244187 -9.591316009, 34.145968901 -9.591035451, 34.145564588 -9.591084946, 34.145184013 -9.590568451, 34.145709092 -9.59018413, 34.145439109 -9.589572334, 34.144469076 -9.589144014, 34.144028696 -9.589179353, 34.143648123 -9.589217411, 34.142892409 -9.589323428, 34.142640864 -9.589622303, 34.142237544 -9.589379598, 34.142073361 -9.589393875, 34.141973592 -9.588934698, 34.141671851 -9.588994503, 34.141516902 -9.589024405, 34.141337488 -9.588815089, 34.140989534 -9.588741692, 34.140714977 -9.588983629, 34.140463656 -9.588589022, 34.140489182 -9.587577626, 34.140634397 -9.587464136, 34.140315184 -9.587093744, 34.140088235 -9.586442365, 34.139864229 -9.58601499, 34.139666753 -9.585994358, 34.139186324 -9.585375401, 34.13829031 -9.584871393, 34.137528403 -9.583978603, 34.1370923 -9.58284047, 34.136703131 -9.582192801, 34.13622022 -9.581962709, 34.13577708 -9.580957118, 34.134958971 -9.580227071, 34.134467538 -9.579724275, 34.132783031 -9.579377716, 34.132441058 -9.579505872, 34.131187327 -9.578175906, 34.131381071 -9.578120188, 34.131539951 -9.578304141, 34.131646229 -9.578097231, 34.131426465 -9.577751172, 34.131408617 -9.577372837, 34.131023144 -9.577215793, 34.130584134 -9.57705518, 34.130316444 -9.576705399, 34.129863157 -9.576837459, 34.129324209 -9.576225343, 34.129020828 -9.575639995, 34.129259964 -9.575522212, 34.129113628 -9.57491545, 34.128254801 -9.574108969, 34.127945402 -9.57407706, 34.127882908 -9.573917983, 34.127664532 -9.573928902, 34.12700741 -9.572655602, 34.126465286 -9.571947666, 34.125838437 -9.571563127, 34.125030982 -9.570941025, 34.12497133 -9.570794021, 34.124914567 -9.570901077, 34.124329564 -9.570769878, 34.123984699 -9.570191624, 34.123513566 -9.569872182, 34.122019227 -9.568101834, 34.121178563 -9.567551526, 34.12084058 -9.567525159, 34.120652726 -9.567313621, 34.120380347 -9.567141632, 34.119515703 -9.56649589, 34.118901917 -9.566050531, 34.118520241 -9.565617111, 34.118138363 -9.565383923, 34.117587512 -9.564482169, 34.116018263 -9.563262039, 34.115597344 -9.56271047, 34.115440054 -9.561941438, 34.11501532 -9.561093755, 34.11462271 -9.560222873, 34.114301192 -9.559974457, 34.114297914 -9.559869522, 34.113213484 -9.559158949, 34.112776622 -9.558495567, 34.112585158 -9.557623192, 34.112214365 -9.557375098, 34.11144851 -9.556949023, 34.110743329 -9.556780481, 34.110484448 -9.556374632, 34.109667356 -9.556235753, 34.108987793 -9.555739565, 34.108368909 -9.555437537, 34.107555859 -9.555620911, 34.107051581 -9.555262253, 34.106574269 -9.553803352, 34.105495601 -9.553255927, 34.10521919 -9.553233005, 34.104523448 -9.552650523, 34.104143216 -9.551943994, 34.103707703 -9.551515223, 34.102716675 -9.550112952, 34.102166553 -9.549552043, 34.101145862 -9.548919673, 34.100567425 -9.548697197, 34.10055664 -9.548488205, 34.099882294 -9.548138875, 34.099376703 -9.547792683, 34.099217904 -9.547372528, 34.098485113 -9.546691016, 34.097998792 -9.546133566, 34.097504199 -9.546009504, 34.096473046 -9.545309971, 34.094127546 -9.545881616, 34.092627277 -9.545315399, 34.091773819 -9.544832874, 34.090875481 -9.5429694, 34.090548082 -9.541988584, 34.089238219 -9.540701852, 34.087983707 -9.539061077, 34.087574948 -9.538059672, 34.087223024 -9.537720861, 34.086842679 -9.537268384, 34.086621905 -9.536669453, 34.086536656 -9.536313155, 34.085448089 -9.535351369, 34.084821015 -9.534855789, 34.084267714 -9.534111907, 34.084191055 -9.533716551, 34.083378711 -9.532796737, 34.082940837 -9.532523355, 34.082648921 -9.531990493, 34.081532227 -9.531093894, 34.080611883 -9.529891884, 34.079330544 -9.529203029, 34.078887964 -9.528689066, 34.077588246 -9.527771451, 34.076727115 -9.527165765, 34.075946379 -9.527127801, 34.075451198 -9.526848849, 34.075383523 -9.526594656, 34.07478625 -9.526483787, 34.071331999 -9.527264299, 34.06915495 -9.52708691, 34.068109966 -9.526909521, 34.067593925 -9.526716005, 34.067003703 -9.526448309, 34.067016604 -9.526296722, 34.066500563 -9.526074179, 34.065887764 -9.525616192, 34.06483633 -9.525171107, 34.064823428 -9.525038871, 34.064604111 -9.524993718, 34.06321725 -9.523481072, 34.063226926 -9.522839245, 34.062837731 -9.522034129, 34.062501243 -9.521284671, 34.062430287 -9.520736377, 34.061934442 -9.520016782, 34.061463502 -9.518893356, 34.061249019 -9.517872631, 34.061388218 -9.51739079, 34.060176478 -9.514601467, 34.059569715 -9.512345738, 34.058809477 -9.511617623, 34.058538219 -9.511192889, 34.057214048 -9.510775293, 34.056653685 -9.509979364, 34.056054061 -9.508498149, 34.055679296 -9.507866402, 34.054505032 -9.507252502, 34.052866773 -9.507088319, 34.052581238 -9.506984812, 34.05217435 -9.506749245, 34.051425548 -9.505192844, 34.050900149 -9.503883184, 34.049840099 -9.502512615, 34.049201214 -9.501813054, 34.048323192 -9.501063524, 34.047680738 -9.500249748, 34.047102529 -9.499407419, 34.046634965 -9.499157575, 34.045239411 -9.496962523, 34.044000902 -9.496277237, 34.04264104 -9.496305791, 34.041927201 -9.496005979, 34.040934966 -9.494788884, 34.040528078 -9.494089323, 34.039566341 -9.493552425, 34.038078514 -9.493337655, 34.034741515 -9.493739394, 34.031907515 -9.494340863, 34.028620103 -9.495358884, 34.018487603 -9.499175044, 34.013399408 -9.50141405, 34.006151871 -9.505280627, 34.003739736 -9.506915387, 33.998725904 -9.509890581, 33.993513075 -9.512586767, 33.988583027 -9.515265028, 33.987544886 -9.515956755, 33.98714787 -9.516226502, 33.987197968 -9.516342788, 33.985743895 -9.517858063, 33.984543928 -9.518635979, 33.982314216 -9.51954251, 33.981457386 -9.520022735, 33.979184414 -9.521196875, 33.974868094 -9.524009592, 33.972935287 -9.525500514, 33.970570718 -9.527027662, 33.968281296 -9.5289525, 33.96811986 -9.529277907, 33.967507331 -9.529936442, 33.967143076 -9.530547363, 33.96756671 -9.531667298, 33.96640982 -9.532782379, 33.966599624 -9.5331774, 33.965638976 -9.534502504, 33.96481154 -9.535135172, 33.962341953 -9.537754086, 33.962318278 -9.538010478, 33.962472355 -9.538234374, 33.962356181 -9.538654354, 33.962150547 -9.538722758, 33.960459797 -9.540568601, 33.959993193 -9.541465904, 33.959632888 -9.541884336, 33.959247772 -9.542643639, 33.958402814 -9.543976478, 33.957772771 -9.544814318, 33.957384743 -9.545752914, 33.958069591 -9.54638917, 33.958313588 -9.547461845, 33.958343376 -9.548012164, 33.958565137 -9.548001105, 33.958613272 -9.548422791, 33.958014124 -9.549062078, 33.958063212 -9.549273439, 33.956472425 -9.550887287, 33.955488461 -9.551767198, 33.955167106 -9.552273514, 33.95527503 -9.552891168, 33.954079423 -9.554280737, 33.953752416 -9.554907331, 33.951528478 -9.557027807, 33.950946327 -9.557446875, 33.950933327 -9.557623053, 33.950791147 -9.557665529, 33.949541706 -9.559219017, 33.949933333 -9.560300105, 33.94973477 -9.560644898, 33.949264523 -9.561010613, 33.949174896 -9.56123138, 33.949338617 -9.56134755, 33.949319511 -9.561794483, 33.949489649 -9.561930395, 33.949396438 -9.562336165, 33.948885125 -9.563268517, 33.948715068 -9.563268941, 33.948515884 -9.563886011, 33.948436634 -9.564361568, 33.948059328 -9.564769993, 33.947837101 -9.565103753, 33.947472765 -9.565227705, 33.9468081 -9.566109395, 33.946381246 -9.567427507, 33.946448425 -9.567817559, 33.94655748 -9.568052897, 33.945986564 -9.568988762, 33.946071631 -9.5693439, 33.946300393 -9.569699625, 33.946301321 -9.569885907, 33.946023956 -9.569763413, 33.945848312 -9.570619703, 33.945984297 -9.570929784, 33.945672469 -9.571217024, 33.945167386 -9.57289647, 33.945198831 -9.573106852, 33.945467066 -9.573321414, 33.945344478 -9.57396133, 33.945565507 -9.574127764, 33.945784945 -9.575030061, 33.945913361 -9.575097367, 33.945746866 -9.575321137, 33.945974378 -9.575890212, 33.946222558 -9.575957351, 33.946286277 -9.576371764, 33.947484276 -9.577673938, 33.947348906 -9.579386351, 33.94749992 -9.579619556, 33.947797254 -9.57971693, 33.948213898 -9.579083422, 33.948691082 -9.579163353, 33.9492842 -9.581435091, 33.949017743 -9.582473583, 33.949448968 -9.582719282, 33.950170443 -9.58450287, 33.950377871 -9.585649076, 33.950541716 -9.586180911, 33.951079938 -9.586507934, 33.951722258 -9.587532891, 33.952007748 -9.587841929, 33.952311159 -9.588615654, 33.952507378 -9.589950018, 33.953700322 -9.592279959, 33.953733571 -9.592657626, 33.953458485 -9.594300583, 33.953107123 -9.595946119, 33.953079502 -9.59693476, 33.952764045 -9.59939522, 33.952604489 -9.600147682, 33.952819045 -9.600723805, 33.952312444 -9.602110276, 33.952609962 -9.602843936, 33.952882306 -9.603259022, 33.953018936 -9.604057095, 33.953371088 -9.604226521, 33.953213439 -9.60542198, 33.95353404 -9.605712468, 33.953753123 -9.606148188, 33.953675532 -9.606363212, 33.953799821 -9.606358454, 33.953908595 -9.606774676, 33.954186633 -9.6071689, 33.954316468 -9.608298502, 33.954499975 -9.60860291, 33.955263342 -9.608870831, 33.954804713 -9.608789555, 33.954669678 -9.609364645, 33.954779126 -9.610242714, 33.954986329 -9.611259353, 33.955395302 -9.611355069, 33.955604487 -9.611678002, 33.955494739 -9.611952374, 33.955252149 -9.611996363, 33.955437925 -9.612177689, 33.955904299 -9.6135435, 33.956187455 -9.613618453, 33.956553892 -9.61469278, 33.956859486 -9.614883926, 33.957030336 -9.614778636, 33.957236797 -9.614992592, 33.957356334 -9.615322095, 33.957612555 -9.615199792, 33.958448461 -9.615482332, 33.959268857 -9.615983637, 33.960496084 -9.615815893, 33.960709837 -9.615768345, 33.960534592 -9.616013457, 33.959761267 -9.616400433, 33.959517685 -9.616935024, 33.96018495 -9.617124589, 33.961250948 -9.617249511, 33.962675055 -9.617869955, 33.964049194 -9.618644469, 33.964926755 -9.618742166, 33.965631536 -9.618328001, 33.965914691 -9.61780333, 33.967038987 -9.617795002, 33.967671923 -9.617636768, 33.968102681 -9.617757863, 33.968490734 -9.618418927, 33.968477398 -9.618885041, 33.968003059 -9.620203554, 33.96766216 -9.62085592, 33.966669376 -9.621637497, 33.964148814 -9.623051363, 33.960538945 -9.626144441, 33.957988548 -9.629026661, 33.954019985 -9.634244069, 33.953360481 -9.635040159, 33.95305634 -9.635634223, 33.952743014 -9.636972037, 33.952625802 -9.638318737, 33.953005753 -9.639372193, 33.95324633 -9.641277667, 33.953496175 -9.641641154, 33.954072114 -9.641992335, 33.95424264 -9.64286653, 33.954576114 -9.643196391, 33.955389662 -9.645496974, 33.955410854 -9.646061949, 33.955571736 -9.646335817, 33.955945939 -9.646114752, 33.956195783 -9.646589455, 33.956356104 -9.647584017, 33.956135171 -9.648639163, 33.955911991 -9.652048149, 33.95524682 -9.654742012, 33.954297433 -9.656649003, 33.953924352 -9.65761101, 33.953087789 -9.658681933, 33.952533528 -9.660397493, 33.949694295 -9.665344066, 33.949090639 -9.666469528, 33.949122379 -9.666775754, 33.948282527 -9.668122707, 33.947585312 -9.669842786, 33.947083013 -9.670829777, 33.947265968 -9.671338587, 33.946582835 -9.672500578, 33.94620486 -9.673231868, 33.946344504 -9.673432308, 33.945366068 -9.675056578, 33.94460105 -9.676381409, 33.944307865 -9.67645211, 33.943781512 -9.677066339, 33.943844965 -9.677380431, 33.943167284 -9.67720075, 33.942997652 -9.677411313, 33.942647762 -9.677404568, 33.942409427 -9.678049343, 33.94249168 -9.678309265, 33.942906154 -9.6784195, 33.942733043 -9.678895174, 33.942174749 -9.679584393, 33.942269732 -9.679940884, 33.94237892 -9.679884073, 33.942148246 -9.68061879, 33.942419605 -9.680876376, 33.942680198 -9.680911446, 33.942701632 -9.68117496, 33.942919979 -9.681381655, 33.942832958 -9.681495907, 33.943464624 -9.681893941, 33.943680314 -9.681508398, 33.944273323 -9.681514752, 33.944647861 -9.681514306, 33.945033309 -9.681961509, 33.944552126 -9.683293348, 33.94453097 -9.684581522, 33.944178516 -9.685194998, 33.943515162 -9.686432594, 33.942205169 -9.688278111, 33.940867645 -9.691245367, 33.940643995 -9.692012855, 33.940731325 -9.692237842, 33.940516443 -9.693360931, 33.940475767 -9.694307544, 33.940275296 -9.694581125, 33.940499067 -9.694963552, 33.939801335 -9.699062456, 33.939023213 -9.701546675, 33.93868176 -9.703020752, 33.938788318 -9.70360227, 33.938523526 -9.705465053, 33.938765042 -9.705956412, 33.938323652 -9.707530425, 33.93810712 -9.708796298, 33.938282011 -9.70892122, 33.938173746 -9.709212704, 33.937970326 -9.709371367, 33.938074229 -9.710311444, 33.938620823 -9.710258322, 33.93862258 -9.709796973, 33.938758105 -9.709964905, 33.938945558 -9.709934246, 33.938901288 -9.710269057, 33.939024182 -9.710325091, 33.939021064 -9.712132176, 33.939749787 -9.712625335, 33.939911098 -9.713155648, 33.940013108 -9.713219958, 33.940085392 -9.713018994, 33.940418735 -9.713829723, 33.940584289 -9.715106538, 33.94028033 -9.716849223, 33.940616059 -9.71729308, 33.940841859 -9.717400134, 33.940631184 -9.717536871, 33.940413908 -9.717960478, 33.940181133 -9.717917907, 33.939085727 -9.718628019, 33.938731643 -9.718691538, 33.937465856 -9.718265363, 33.935328391 -9.716726175, 33.934551016 -9.716041757, 33.933751518 -9.713401745, 33.933559971 -9.712065083, 33.932710503 -9.711473787, 33.932577253 -9.71110735, 33.933110252 -9.710149617, 33.933110252 -9.709908101, 33.932927034 -9.709716554, 33.932344066 -9.709841477, 33.931249215 -9.71052079, 33.929803991 -9.710316179, 33.928904555 -9.70938343, 33.928171681 -9.709125258, 33.927197292 -9.709175227, 33.926206246 -9.70907529, 33.925523341 -9.709091947, 33.924748826 -9.708950368, 33.924265796 -9.709458382, 33.923874374 -9.710058007, 33.922458596 -9.710715929, 33.921009504 -9.710507726, 33.920568114 -9.710582679, 33.919635365 -9.71159038, 33.919094038 -9.712689692, 33.917794852 -9.713963892, 33.916237494 -9.714721751, 33.915746136 -9.714671782, 33.915645412 -9.71435626, 33.9163874 -9.712864582, 33.916279135 -9.712464832, 33.915119029 -9.711284337, 33.914646824 -9.710591007, 33.914788403 -9.710232898, 33.91566547 -9.709333093, 33.915657862 -9.708846163, 33.914897032 -9.707900197, 33.913923171 -9.706805871, 33.912989886 -9.705469347, 33.912333036 -9.705327325, 33.911635609 -9.705436378, 33.91200588 -9.70448534, 33.913474281 -9.703483581, 33.913555436 -9.702857164, 33.91207689 -9.702284007, 33.911577279 -9.701769178, 33.91155699 -9.700761079, 33.911392144 -9.700471964, 33.911391183 -9.700315653, 33.909996868 -9.699812624, 33.909449492 -9.699198842, 33.908410905 -9.698435695, 33.90808507 -9.69795742, 33.908499867 -9.697182408, 33.909058933 -9.696655135, 33.908982849 -9.695952636, 33.908587941 -9.695582712, 33.909252682 -9.694306528, 33.909478438 -9.694119429, 33.909259986 -9.693768836, 33.908158652 -9.693739804, 33.907522723 -9.693368347, 33.907410446 -9.693096031, 33.906976795 -9.692999348, 33.905984326 -9.693373559, 33.90539057 -9.693305614, 33.905208337 -9.692862325, 33.905512042 -9.691628886, 33.905387494 -9.691095345, 33.904552286 -9.690525219, 33.904203078 -9.690593483, 33.903943909 -9.691962531, 33.90402908 -9.692688175, 33.903553181 -9.693792921, 33.902493078 -9.694295564, 33.901426269 -9.695379372, 33.901061466 -9.696068392, 33.900129231 -9.696611323, 33.899317361 -9.696266556, 33.89899385 -9.695658108, 33.898921429 -9.695106127, 33.899411161 -9.694488737, 33.900974466 -9.693686365, 33.9012615 -9.693193005, 33.901219139 -9.692618699, 33.900462876 -9.691506549, 33.900133123 -9.69030863, 33.899548289 -9.689686241, 33.898987425 -9.689401559, 33.898684022 -9.688953962, 33.898093997 -9.688956811, 33.897968785 -9.689580383, 33.898294182 -9.690794772, 33.898147495 -9.691279366, 33.897625153 -9.691634963, 33.896648754 -9.691737753, 33.896273028 -9.691790249, 33.895836328 -9.691462063, 33.895903057 -9.69121739, 33.895658383 -9.690828137, 33.894635204 -9.690472249, 33.894056886 -9.689782715, 33.893890538 -9.688947282, 33.893071359 -9.688669579, 33.891522997 -9.689337679, 33.891320994 -9.689204396, 33.891324393 -9.688621648, 33.892167364 -9.688208761, 33.893294542 -9.687777521, 33.893489822 -9.687184074, 33.892789858 -9.686775762, 33.891993524 -9.68667939, 33.891521808 -9.686173438, 33.891524345 -9.684134414, 33.891462897 -9.682914435, 33.891673975 -9.682503702, 33.891385491 -9.68137965, 33.891244713 -9.681238538, 33.890106894 -9.681674822, 33.889346023 -9.682056762, 33.888825629 -9.681816924, 33.888758847 -9.68140036, 33.889721001 -9.680704827, 33.889906476 -9.679997702, 33.889593486 -9.679580382, 33.888685885 -9.679419437, 33.887611218 -9.679209432, 33.886930049 -9.678821422, 33.886005822 -9.67894284, 33.885329952 -9.68013141, 33.884910233 -9.680797565, 33.884782718 -9.681319214, 33.884666796 -9.682339329, 33.883750922 -9.683076974, 33.882603984 -9.683645866, 33.881934027 -9.68376608, 33.880922512 -9.68360288, 33.880447231 -9.682791425, 33.880516784 -9.681945193, 33.880679075 -9.681075778, 33.879913989 -9.679081917, 33.880290477 -9.677898225, 33.880514758 -9.677623504, 33.881223909 -9.678270462, 33.881896258 -9.678803704, 33.883206178 -9.678745743, 33.883596206 -9.67811132, 33.883528659 -9.677507322, 33.882424822 -9.676450035, 33.881327814 -9.673860954, 33.880864637 -9.673678072, 33.880651786 -9.674070377, 33.880914036 -9.675232025, 33.880701156 -9.675524655, 33.87978602 -9.675392575, 33.879189412 -9.675182926, 33.878380114 -9.675456729, 33.87752445 -9.675764173, 33.876161175 -9.675112303, 33.874784986 -9.675141446, 33.874562248 -9.674614412, 33.874811593 -9.673731286, 33.876115325 -9.67295969, 33.876337671 -9.672391606, 33.875796044 -9.672041755, 33.874625345 -9.672533981, 33.873614288 -9.672134879, 33.873494557 -9.671137125, 33.873614288 -9.670432045, 33.873294019 -9.669309304, 33.872751458 -9.668985169, 33.871020126 -9.669487504, 33.870035675 -9.669367773, 33.86995635 -9.668748396, 33.871190795 -9.668008494, 33.871725206 -9.667345658, 33.871912633 -9.666715558, 33.870975687 -9.665450914, 33.870628059 -9.663785535, 33.870170177 -9.663184826, 33.869683031 -9.663033902, 33.868705336 -9.663886776, 33.868522578 -9.665682516, 33.868771853 -9.666441027, 33.86865906 -9.666862211, 33.86640287 -9.667393542, 33.865889725 -9.667850553, 33.865139997 -9.667953648, 33.864113881 -9.667393668, 33.863791369 -9.666952604, 33.863917303 -9.666363947, 33.864353769 -9.666138168, 33.865519794 -9.666352506, 33.86801196 -9.665788096, 33.867984029 -9.665134384, 33.867417257 -9.664592012, 33.866629092 -9.664165592, 33.866039635 -9.663209403, 33.86614496 -9.662396384, 33.866538947 -9.660711516, 33.866504086 -9.660529501, 33.865984101 -9.660510905, 33.865483222 -9.661588283, 33.864843144 -9.662207455, 33.863483989 -9.662663697, 33.861515351 -9.662140522, 33.860942189 -9.661577422, 33.860078256 -9.659396472, 33.85951356 -9.659076431, 33.858978343 -9.659246373, 33.858776467 -9.659956711, 33.858653161 -9.660792092, 33.857824378 -9.661669512, 33.856419387 -9.662095794, 33.855227822 -9.661916585, 33.854253942 -9.661689307, 33.852732607 -9.661720223, 33.852505382 -9.661281707, 33.852752465 -9.660268456, 33.85259245 -9.659757572, 33.851522354 -9.658521434, 33.851332142 -9.657863428, 33.851781699 -9.655354911, 33.851473797 -9.653361097, 33.850499631 -9.6517308, 33.849952788 -9.651371581, 33.849292935 -9.652071099, 33.848836858 -9.652464681, 33.847578889 -9.652968644, 33.845681215 -9.653048549, 33.844878022 -9.652684566, 33.844697426 -9.652555655, 33.84458218 -9.651929666, 33.845342798 -9.651417138, 33.846400055 -9.650738577, 33.846944383 -9.649777921, 33.847040941 -9.649018896, 33.847202921 -9.647613025, 33.847027868 -9.647181764, 33.846688854 -9.646947593, 33.846021665 -9.647062286, 33.845588778 -9.647544638, 33.845548055 -9.648813139, 33.845652825 -9.650025617, 33.845405129 -9.650397161, 33.844672506 -9.650650867, 33.843920881 -9.650244277, 33.843387989 -9.64932618, 33.842542064 -9.648548254, 33.841769121 -9.648253034, 33.841211989 -9.647672504, 33.840928908 -9.646717105, 33.840557364 -9.64441707, 33.840278812 -9.642782508, 33.839977178 -9.6425693, 33.839682726 -9.642613855, 33.839408987 -9.643278246, 33.839250595 -9.644313338, 33.83810428 -9.644854956, 33.836702064 -9.644473952, 33.836196185 -9.644333745, 33.83602046 -9.643948681, 33.837284237 -9.643337823, 33.837675915 -9.642054908, 33.837334712 -9.641186826, 33.836272662 -9.640404923, 33.834089208 -9.640060674, 33.832295049 -9.640438679, 33.831713712 -9.641155573, 33.831726414 -9.641606338, 33.832423685 -9.64279897, 33.832521168 -9.643368906, 33.83230826 -9.644001925, 33.831546656 -9.644625954, 33.830571799 -9.645139172, 33.830037096 -9.645236906, 33.829153848 -9.644913461, 33.828867446 -9.644360325, 33.828805138 -9.642853219, 33.828654793 -9.642631771, 33.827784857 -9.642263242, 33.826873003 -9.642452896, 33.826447557 -9.642351479, 33.82592827 -9.642004841, 33.825573853 -9.641126177, 33.825831066 -9.640103166, 33.826524835 -9.639549649, 33.826916877 -9.638526373, 33.826925798 -9.637810603, 33.825835744 -9.637291277, 33.824105009 -9.637928633, 33.822569404 -9.637821569, 33.822016514 -9.637056028, 33.821537207 -9.636392372, 33.821413743 -9.635854084, 33.820644104 -9.634781952, 33.820352064 -9.633964521, 33.819126065 -9.632872838, 33.818928807 -9.632770973, 33.817567523 -9.632868367, 33.816864413 -9.632519362, 33.816314994 -9.632653354, 33.814541249 -9.632554538, 33.8140119 -9.632361281, 33.813382454 -9.631839319, 33.812820125 -9.63107878, 33.81249765 -9.629927084, 33.812912261 -9.628222573, 33.812760998 -9.627348854, 33.81325414 -9.626605139, 33.813580245 -9.625780976, 33.813626655 -9.624130413, 33.813416706 -9.622653348, 33.813190657 -9.62193356, 33.81330963 -9.621192953, 33.813262041 -9.620449372, 33.814074589 -9.618827796, 33.814273311 -9.617820068, 33.814094852 -9.617397714, 33.813356213 -9.616717651, 33.812426026 -9.616317772, 33.810938721 -9.616425548, 33.810061491 -9.616813207, 33.807707873 -9.616894836, 33.804011107 -9.615337744, 33.801667034 -9.613951014, 33.800637888 -9.613662327, 33.800341486 -9.613275676, 33.80044406 -9.612635588, 33.801008938 -9.611498128, 33.802349661 -9.610595363, 33.80327894 -9.60945168, 33.803303996 -9.608638323, 33.802786464 -9.607472387, 33.80228995 -9.606888818, 33.802015391 -9.606522766, 33.800912638 -9.606169632, 33.7992862 -9.606397217, 33.796433106 -9.6073903, 33.792987229 -9.607430055, 33.791430024 -9.607619705, 33.790118677 -9.607408198, 33.789061139 -9.606985183, 33.787411379 -9.60529312, 33.786286447 -9.602708072, 33.78605773 -9.60165519, 33.785338604 -9.601062969, 33.781773362 -9.600282184, 33.780365477 -9.599511647, 33.779507646 -9.597514383, 33.779221491 -9.595429989, 33.779331787 -9.594337026, 33.778592734 -9.591097014, 33.777719275 -9.590135929, 33.775744535 -9.589508742, 33.775268716 -9.589183182, 33.774078132 -9.586835891, 33.773507629 -9.586447764, 33.772270309 -9.586661916, 33.77103299 -9.587042629, 33.769524761 -9.587107666, 33.767621192 -9.586679363, 33.765122758 -9.585561017, 33.764218563 -9.585013741, 33.762788943 -9.584610238, 33.761760551 -9.584525341, 33.759765432 -9.584731507, 33.758440514 -9.584679632, 33.755414557 -9.585608606, 33.752862743 -9.585911836, 33.752462472 -9.58551843, 33.75227567 -9.584985412, 33.751892995 -9.584862521, 33.749340152 -9.585660322, 33.747038855 -9.58594173, 33.745658767 -9.585798963, 33.744326269 -9.584823384, 33.74208138 -9.582734408, 33.741055312 -9.58341557, 33.740432009 -9.58424156, 33.740245153 -9.585180199, 33.740203142 -9.586113813, 33.739452792 -9.586429382, 33.739379593 -9.586722966, 33.73874504 -9.586995663, 33.738082308 -9.586874864, 33.736166915 -9.586174312, 33.73305048 -9.586001153, 33.732390436 -9.585544957, 33.732146766 -9.58507527, 33.732217309 -9.584648981, 33.731452979 -9.584444908, 33.729709867 -9.584961315, 33.728566644 -9.585754477, 33.72707569 -9.587680352, 33.726744018 -9.58783092, 33.726337544 -9.587654942, 33.725480938 -9.586346239, 33.724391418 -9.584010414, 33.723931601 -9.583600233, 33.723450767 -9.583504323, 33.722348361 -9.583744424, 33.721868904 -9.58429322, 33.721792883 -9.585181205, 33.721478848 -9.586520146, 33.722179965 -9.589911895, 33.722123278 -9.590322619, 33.72155538 -9.590907969, 33.718276329 -9.592704223, 33.717767717 -9.592865749, 33.716653138 -9.592984935, 33.716177246 -9.592723194, 33.715225462 -9.592604221, 33.714171256 -9.592923445, 33.713795796 -9.593367722, 33.713773862 -9.593902265, 33.71439265 -9.594674352, 33.716509961 -9.595789437, 33.716854576 -9.596062564, 33.716960448 -9.596434765, 33.716524567 -9.597603227, 33.715731003 -9.598548816, 33.714955925 -9.599120494, 33.71398028 -9.599488903, 33.712476432 -9.599499408, 33.711814785 -9.599901108, 33.71134694 -9.601881629, 33.711113275 -9.603187915, 33.710695946 -9.605360612, 33.710765137 -9.606660772, 33.709501071 -9.608249108, 33.707920517 -9.608998707, 33.707354386 -9.608933357, 33.70599873 -9.6079997, 33.705442516 -9.608017314, 33.704196086 -9.608827036, 33.703648287 -9.609600399, 33.702854465 -9.612216683, 33.701774914 -9.613548711, 33.700672233 -9.614165264, 33.699510267 -9.614497254, 33.699012282 -9.614390543, 33.697079625 -9.613015155, 33.696048084 -9.611580483, 33.694314331 -9.610127423, 33.693759723 -9.609386977, 33.692609614 -9.609588542, 33.691127515 -9.609801965, 33.69056491 -9.609409248, 33.688889768 -9.607486644, 33.687490645 -9.606439681, 33.68613021 -9.605956361, 33.685749633 -9.605984829, 33.685262683 -9.606451493, 33.684897473 -9.608029555, 33.684543617 -9.608516534, 33.683531223 -9.608562161, 33.682208243 -9.608847695, 33.679756058 -9.608404112, 33.677287517 -9.608971428, 33.676678375 -9.609256963, 33.676031161 -9.609485391, 33.67542202 -9.609742373, 33.67440427 -9.609200333, 33.672833166 -9.608333732, 33.671538739 -9.608200482, 33.670929597 -9.608809624, 33.670929597 -9.609466356, 33.670948633 -9.610798854, 33.670386828 -9.611539434, 33.669622604 -9.61164353, 33.66830235 -9.61188727, 33.66774632 -9.612120853, 33.666294427 -9.612108159, 33.665004641 -9.612478845, 33.664529856 -9.612747974, 33.663798639 -9.61256263, 33.663482354 -9.611603678, 33.663250226 -9.609913236, 33.662684039 -9.608294655, 33.662386982 -9.608345434, 33.661772944 -9.609147742, 33.661668847 -9.609696155, 33.660313048 -9.609569208, 33.659538668 -9.609102041, 33.658931858 -9.608452069, 33.657749095 -9.608444453, 33.656677658 -9.607890961, 33.656296815 -9.607667534, 33.655915973 -9.607865572, 33.654984178 -9.607360321, 33.654098084 -9.606288884, 33.653328782 -9.60610354, 33.652744824 -9.605532276, 33.652105008 -9.604736315, 33.650947246 -9.604078727, 33.650188101 -9.604165051, 33.649228377 -9.604190441, 33.647608914 -9.603560782, 33.646664425 -9.603510002, 33.646164251 -9.603050452, 33.643620611 -9.602791479, 33.642409531 -9.603284036, 33.641858579 -9.603730891, 33.640926784 -9.603004751, 33.639479969 -9.603187556, 33.63863196 -9.602075495, 33.637021807 -9.602110934, 33.635657085 -9.601534699, 33.631965839 -9.602900654, 33.631021349 -9.6031774, 33.63002862 -9.603390671, 33.629061279 -9.603890844, 33.628604268 -9.604129507, 33.627845122 -9.603827371, 33.626591268 -9.602626447, 33.625771187 -9.600619407, 33.624237661 -9.598692344, 33.624052317 -9.597483804, 33.623280477 -9.597260375, 33.622881861 -9.596868108, 33.620300136 -9.598124888, 33.619812658 -9.598190901, 33.618467014 -9.59904018, 33.617822121 -9.599167128, 33.617025598 -9.599834284, 33.616138796 -9.599342315, 33.614706828 -9.598114732, 33.613645547 -9.597459683, 33.612949875 -9.596639602, 33.611627082 -9.595538967, 33.611185304 -9.595021021, 33.610050393 -9.594500536, 33.609166838 -9.593663952, 33.608834235 -9.592752468, 33.608785995 -9.591840986, 33.607892285 -9.590251602, 33.606109941 -9.589067182, 33.604609422 -9.589117961, 33.603339947 -9.589430252, 33.602807154 -9.589392168, 33.601255856 -9.590129732, 33.600438314 -9.589764124, 33.600000817 -9.589033515, 33.5987296 -9.587816749, 33.598059316 -9.587550159, 33.596233811 -9.585870643, 33.595662548 -9.584601168, 33.595408653 -9.583963891, 33.594167106 -9.582644906, 33.593996996 -9.580640405, 33.593595842 -9.580521073, 33.592443158 -9.581102494, 33.591295552 -9.582224711, 33.590427232 -9.582905149, 33.590132714 -9.583633828, 33.589490538 -9.58386163, 33.588886089 -9.583567815, 33.588172644 -9.582605553, 33.587751177 -9.581826095, 33.58759884 -9.58159632, 33.588053313 -9.580342079, 33.587916209 -9.579788587, 33.587347484 -9.579378547, 33.586281125 -9.579261755, 33.585994224 -9.57968576, 33.586042464 -9.580470295, 33.584534276 -9.581565798, 33.583170911 -9.582996551, 33.581964909 -9.584283799, 33.580906167 -9.584903303, 33.580048001 -9.5855647, 33.577806108 -9.585798284, 33.576765139 -9.585755121, 33.575107592 -9.586153736, 33.573807649 -9.586911613, 33.571829807 -9.587477799, 33.571454042 -9.587853564, 33.571740943 -9.58907099, 33.571573372 -9.589578781, 33.570760908 -9.589908845, 33.568570181 -9.589482301, 33.567988762 -9.589586397, 33.567018882 -9.590444563, 33.566193724 -9.590195745, 33.564914093 -9.589533079, 33.562459315 -9.589248717, 33.561255852 -9.588700304, 33.560174259 -9.587955121, 33.559092666 -9.587904343, 33.558369065 -9.588348659, 33.557389031 -9.589281723, 33.555906284 -9.589182704, 33.555370565 -9.589116692, 33.554230576 -9.587564123, 33.553981759 -9.587442253, 33.553288625 -9.588008439, 33.552844309 -9.58885518, 33.551821112 -9.589633368, 33.551077199 -9.589831406, 33.550329306 -9.590241506, 33.549901665 -9.591180164, 33.549928047 -9.59258214, 33.550500898 -9.594376069, 33.55088531 -9.595572648, 33.549844017 -9.598099461, 33.548624058 -9.598900458, 33.547440668 -9.599382859, 33.546656767 -9.600087616, 33.544689478 -9.600554942, 33.544158084 -9.601093874, 33.544086477 -9.602250881, 33.544327677 -9.603803608, 33.544067633 -9.604583741, 33.542963388 -9.605503316, 33.542658119 -9.606268374, 33.542914394 -9.607636432, 33.542345312 -9.609648946, 33.541553874 -9.610108735, 33.540679522 -9.610180341, 33.538727308 -9.610101197, 33.537819038 -9.610670279, 33.537788888 -9.612117481, 33.537728588 -9.612754401, 33.537151968 -9.613044595, 33.536123098 -9.612841082, 33.536010035 -9.612942838, 33.534623134 -9.612317225, 33.53424249 -9.612377525, 33.533914608 -9.612245619, 33.532618156 -9.612799626, 33.532207362 -9.613500614, 33.53193978 -9.615396298, 33.531717424 -9.61587116, 33.530903373 -9.616123668, 33.528909702 -9.616191505, 33.528110726 -9.616866112, 33.526595686 -9.617940207, 33.524500258 -9.618818327, 33.523463851 -9.618999227, 33.523124663 -9.619700216, 33.523037982 -9.621056967, 33.521590779 -9.621893631, 33.520847007 -9.621975937, 33.519205158 -9.621249174, 33.518349651 -9.621226561, 33.517373544 -9.621712731, 33.516902449 -9.622907426, 33.516936368 -9.62356319, 33.514776871 -9.624252872, 33.513985432 -9.624154884, 33.512786899 -9.624852225, 33.510702848 -9.625952579, 33.510133766 -9.625847055, 33.509730509 -9.625481486, 33.508991833 -9.625613392, 33.50842652 -9.626156092, 33.50760754 -9.625722983, 33.506365011 -9.624463922, 33.506010747 -9.62328807, 33.505520809 -9.623039333, 33.504130139 -9.62310717, 33.502355055 -9.622443869, 33.500399072 -9.621121037, 33.498623988 -9.620435123, 33.498239575 -9.619892422, 33.498077142 -9.619228684, 33.497252162 -9.618773102, 33.495797422 -9.618999227, 33.492970856 -9.619210278, 33.492307555 -9.620028098, 33.492115349 -9.62059718, 33.491222154 -9.621494143, 33.490713372 -9.622391107, 33.490641766 -9.622911195, 33.490242278 -9.623303145, 33.489590283 -9.623333295, 33.488406894 -9.623951371, 33.487634299 -9.624079508, 33.486009966 -9.624381009, 33.483812782 -9.623838307, 33.482330719 -9.622954063, 33.481511015 -9.622172048, 33.47978791 -9.621617614, 33.478604363 -9.62023585, 33.476856603 -9.619642271, 33.475212483 -9.620188741, 33.474623615 -9.620141631, 33.473653162 -9.619491521, 33.473182067 -9.619133489, 33.472527246 -9.619194732, 33.471740519 -9.619793021, 33.471302401 -9.620570327, 33.470967924 -9.620650413, 33.468287397 -9.618817856, 33.467425294 -9.61833734, 33.465682245 -9.616829838, 33.465474963 -9.616184438, 33.464937916 -9.615939469, 33.463571743 -9.616123196, 33.46261071 -9.615845251, 33.461828949 -9.615232541, 33.461489505 -9.614738179, 33.460589716 -9.614822976, 33.459642816 -9.615388289, 33.458672361 -9.616033689, 33.457791415 -9.616217416, 33.457301477 -9.617065385, 33.45686807 -9.617060674, 33.454996737 -9.61560226, 33.454442009 -9.615633162, 33.453810667 -9.616000711, 33.452307877 -9.615751032, 33.450493469 -9.616183389, 33.449145424 -9.615294301, 33.448394265 -9.61408121, 33.447592222 -9.613456803, 33.446697143 -9.613419115, 33.445750244 -9.613791279, 33.445288571 -9.613810123, 33.444769823 -9.614436679, 33.443809335 -9.614370725, 33.443079138 -9.613607552, 33.442763505 -9.612820825, 33.441830739 -9.612283777, 33.440365859 -9.611904849, 33.439687259 -9.612420395, 33.439399892 -9.612491059, 33.438876977 -9.611869214, 33.438501758 -9.610259136, 33.438651968 -9.609913652, 33.439050025 -9.609936184, 33.439079547 -9.609443079, 33.438479956 -9.608790799, 33.4372941 -9.607412662, 33.435965614 -9.606828505, 33.435565184 -9.605598948, 33.430990858 -9.602381375, 33.430077943 -9.60147263, 33.430020403 -9.600723122, 33.430665802 -9.599856309, 33.430566873 -9.598786925, 33.430091638 -9.598126852, 33.429280785 -9.59816508, 33.42785808 -9.598570221, 33.425837086 -9.598037885, 33.425144577 -9.597599767, 33.424932585 -9.596798906, 33.425135155 -9.595616459, 33.425248218 -9.594730802, 33.424725303 -9.593553067, 33.424070482 -9.593044284, 33.423401528 -9.593162057, 33.422506449 -9.594127802, 33.421593551 -9.594584053, 33.421074322 -9.594443435, 33.420485454 -9.593925231, 33.42026875 -9.592445995, 33.420329993 -9.591744064, 33.420994236 -9.590349625, 33.421988245 -9.589261396, 33.422921012 -9.588587732, 33.423223721 -9.587857125, 33.423035621 -9.586394116, 33.422408617 -9.585074796, 33.422116015 -9.582587681, 33.421933139 -9.58069622, 33.421807738 -9.580066604, 33.423364797 -9.579209699, 33.424023151 -9.579413475, 33.425240583 -9.578723771, 33.425721286 -9.578070642, 33.425533185 -9.577380939, 33.424733756 -9.576017206, 33.424258278 -9.575238676, 33.423208046 -9.574146645, 33.422722119 -9.573018038, 33.421400185 -9.571513229, 33.420763411 -9.569912407, 33.419367648 -9.567513468, 33.418306967 -9.566494587, 33.418239042 -9.565838846, 33.415981829 -9.563670458, 33.415537701 -9.562473927, 33.414351619 -9.560812366, 33.413802992 -9.559892761, 33.412705735 -9.559072432, 33.412684835 -9.557361234, 33.41189063 -9.556749904, 33.41097625 -9.55672378, 33.409899893 -9.555987051, 33.408901913 -9.555119695, 33.406832801 -9.553588761, 33.406169221 -9.553024458, 33.405364567 -9.552436643, 33.405218267 -9.551767838, 33.404147134 -9.550560856, 33.40329023 -9.549787552, 33.402574401 -9.550101054, 33.401754071 -9.54934865, 33.400149987 -9.548977672, 33.399068406 -9.548512644, 33.398279172 -9.546354066, 33.398697428 -9.543862368, 33.397793498 -9.542122432, 33.397035869 -9.541014726, 33.395541509 -9.540476548, 33.395154857 -9.54002197, 33.395311608 -9.539217315, 33.394229216 -9.537895719, 33.393589414 -9.537341452, 33.393421766 -9.536982205, 33.394129995 -9.536540844, 33.394831584 -9.536117249, 33.394543529 -9.534977204, 33.393957299 -9.53459606, 33.392631167 -9.534193449, 33.39213479 -9.53357167, 33.391716787 -9.533621307, 33.391152484 -9.533804184, 33.390906535 -9.533513821, 33.390290354 -9.533720584, 33.389867126 -9.534201286, 33.389470024 -9.534472988, 33.388529519 -9.535554569, 33.387181461 -9.536787676, 33.386538782 -9.537668094, 33.385938504 -9.537512373, 33.3853527 -9.536711913, 33.385225019 -9.536123339, 33.38442787 -9.535719158, 33.383962842 -9.535630332, 33.382097506 -9.536236435, 33.381721304 -9.535896809, 33.381439152 -9.535102604, 33.382024355 -9.532312438, 33.381512303 -9.531055818, 33.381344202 -9.53000313, 33.380608373 -9.528871755, 33.379814168 -9.528641854, 33.378372059 -9.528641854, 33.377680783 -9.528750124, 33.376329072 -9.527894675, 33.374912441 -9.526441954, 33.37342918 -9.525201171, 33.372843977 -9.52406734, 33.372634975 -9.52338286, 33.371819871 -9.52329926, 33.370921166 -9.523732938, 33.370226237 -9.524741368, 33.369489508 -9.525431073, 33.368888629 -9.526037176, 33.366720241 -9.52667463, 33.365905136 -9.526925431, 33.364677254 -9.527186682, 33.363459822 -9.52674778, 33.362639493 -9.525995376, 33.362101314 -9.524561105, 33.360601731 -9.523719875, 33.359467899 -9.523416823, 33.358642345 -9.522633069, 33.358381092 -9.522533793, 33.358292267 -9.522063541, 33.358250251 -9.520579213, 33.357883919 -9.520253082, 33.355789477 -9.5195294, 33.355214724 -9.518863209, 33.355329675 -9.516997873, 33.355131123 -9.516308169, 33.354425745 -9.515733416, 33.353516589 -9.515780441, 33.350402471 -9.514662285, 33.349754567 -9.514390582, 33.349430615 -9.513815829, 33.349785917 -9.513235851, 33.350392021 -9.512535697, 33.350512196 -9.511218989, 33.351285501 -9.510231459, 33.351290726 -9.509656705, 33.349801592 -9.506777713, 33.349038738 -9.506573937, 33.348411734 -9.506751588, 33.346389647 -9.506323136, 33.345736518 -9.505748383, 33.345360317 -9.504204386, 33.344393686 -9.503540807, 33.34339048 -9.502438325, 33.342533675 -9.502744152, 33.341566945 -9.503849084, 33.340929491 -9.50413646, 33.340208436 -9.503734133, 33.338902179 -9.502485351, 33.338092299 -9.500865591, 33.338092299 -9.499695184, 33.337982784 -9.498994768, 33.338515526 -9.497667872, 33.338264725 -9.49715582, 33.337507096 -9.496758717, 33.336404546 -9.495661013, 33.335782835 -9.494919507, 33.334753505 -9.493754325, 33.333570379 -9.492858769, 33.332491067 -9.491763589, 33.33220369 -9.491601613, 33.331205709 -9.489386199, 33.329643425 -9.488952522, 33.328793515 -9.488450743, 33.328133391 -9.487863103, 33.326989109 -9.487314475, 33.326174005 -9.48645757, 33.325881403 -9.486044792, 33.323996685 -9.486133254, 33.323228608 -9.486640042, 33.322699359 -9.487513026, 33.322145506 -9.488103454, 33.319512091 -9.488767033, 33.318420059 -9.489347011, 33.316460673 -9.490068066, 33.314929739 -9.491207122, 33.314621188 -9.49133069, 33.313938733 -9.491320119, 33.313445831 -9.490627144, 33.313184578 -9.48989564, 33.31348763 -9.488986485, 33.312771801 -9.487967603, 33.312123897 -9.487220424, 33.312264973 -9.486577745, 33.312111079 -9.486135668, 33.311386383 -9.485979062, 33.310751048 -9.485981438, 33.310038659 -9.485569223, 33.309735806 -9.48478405, 33.30766211 -9.484088611, 33.306763368 -9.48369883, 33.306013248 -9.483795575, 33.305722238 -9.483863771, 33.305467833 -9.483639241, 33.304933636 -9.483956114, 33.305150961 -9.484952301, 33.303420777 -9.485827208, 33.300814285 -9.486434314, 33.299703826 -9.487710921, 33.298875189 -9.487358995, 33.297710049 -9.486790446, 33.29712117 -9.48651143, 33.296589776 -9.486636216, 33.29493949 -9.487389922, 33.294448573 -9.48734101, 33.293685783 -9.487802944, 33.293423115 -9.488020324, 33.292850681 -9.488433346, 33.292693081 -9.489765703, 33.293256457 -9.491099873, 33.292819886 -9.49152014, 33.289455783 -9.49013072, 33.287403204 -9.489734002, 33.286642375 -9.489971308, 33.286343477 -9.490673265, 33.286731138 -9.491819038, 33.287267342 -9.492356147, 33.287421319 -9.492859744, 33.288198452 -9.492745619, 33.288622343 -9.493343414, 33.288386849 -9.494034501, 33.287908612 -9.494088846, 33.287078947 -9.493933057, 33.286183916 -9.494034501, 33.285423086 -9.493666767, 33.284446688 -9.494288111, 33.284039101 -9.494462015, 33.282807132 -9.495271755, 33.282604244 -9.495103286, 33.281011937 -9.496085119, 33.281161081 -9.497261446, 33.281392352 -9.498396591, 33.280620652 -9.499628411, 33.280243861 -9.499655583, 33.279914167 -9.499508852, 33.279265379 -9.500231432, 33.278557206 -9.500552275, 33.278196717 -9.500802263, 33.276099001 -9.500545029, 33.275861695 -9.50025519, 33.276010237 -9.499606673, 33.275667865 -9.499246184, 33.274722535 -9.49925063, 33.27409186 -9.500358445, 33.274153091 -9.500655485, 33.273704199 -9.500829435, 33.272765693 -9.50078777, 33.272015732 -9.500443585, 33.271642564 -9.500059548, 33.270177061 -9.499033333, 33.270307489 -9.498631179, 33.270090108 -9.497892994, 33.269876352 -9.497655688, 33.269861859 -9.497168394, 33.269283992 -9.496624945, 33.268528597 -9.496615888, 33.267655304 -9.496467345, 33.266785785 -9.496532558, 33.26630936 -9.497025286, 33.266071356 -9.497552182, 33.265682581 -9.497866728, 33.265222461 -9.498968119, 33.264615609 -9.499209954, 33.264093747 -9.497811477, 33.26370971 -9.49705427, 33.263303934 -9.494409481, 33.262970618 -9.494029067, 33.262930765 -9.493728358, 33.262383692 -9.493514601, 33.261128323 -9.493909508, 33.260633784 -9.493701185, 33.259869331 -9.492861918, 33.258322311 -9.492916263, 33.257731762 -9.492838368, 33.257431053 -9.492271369, 33.255086973 -9.49186197, 33.254661271 -9.490841552, 33.254693878 -9.49003, 33.254206584 -9.48915396, 33.254190282 -9.488490951, 33.253367861 -9.487780844, 33.252215747 -9.487069649, 33.250949509 -9.487577413, 33.250108427 -9.488094545, 33.249701386 -9.488682427, 33.248527535 -9.488774813, 33.246860955 -9.489573684, 33.246297579 -9.489186024, 33.246116429 -9.488773002, 33.245508447 -9.488119396, 33.244757805 -9.488285165, 33.244143707 -9.489143816, 33.243888285 -9.490006089, 33.242326773 -9.489843054, 33.241147487 -9.49111835, 33.240761637 -9.491990224, 33.240888442 -9.492761923, 33.240823228 -9.492988361, 33.240810548 -9.493852989, 33.239635699 -9.493688934, 33.238989992 -9.493976171, 33.23791999 -9.494255626, 33.237218345 -9.494104787, 33.236084347 -9.494117468, 33.235171351 -9.494608384, 33.234367046 -9.49524422, 33.233778308 -9.495284074, 33.233379778 -9.494787723, 33.232517504 -9.494666352, 33.231647985 -9.49418087, 33.230887156 -9.494077615, 33.230619053 -9.494477956, 33.230338271 -9.494383758, 33.229820182 -9.494099353, 33.228747775 -9.493822193, 33.227820298 -9.493595823, 33.22726778 -9.493689954, 33.227054023 -9.494175436, 33.227479725 -9.495101112, 33.227307633 -9.495338962, 33.22649427 -9.495762853, 33.226237037 -9.495549096, 33.226211676 -9.495299109, 33.225738874 -9.495429536, 33.225532364 -9.495717565, 33.22477878 -9.49614689, 33.224450898 -9.496429484, 33.224289675 -9.497090681, 33.223834989 -9.497478342, 33.223734892 -9.497778597, 33.223188284 -9.497788652, 33.223142996 -9.49846253, 33.223229948 -9.498870117, 33.222960035 -9.500287253, 33.22254339 -9.500481083, 33.221222807 -9.501061307, 33.220836958 -9.501233399, 33.220161268 -9.502497825, 33.21966854 -9.502043139, 33.219150452 -9.501903654, 33.218866599 -9.500948658, 33.217972977 -9.501430853, 33.21790851 -9.501796852, 33.217422282 -9.501798587, 33.21731396 -9.501618679, 33.216656017 -9.502155996, 33.216583557 -9.502524274, 33.216694059 -9.50267644, 33.217002014 -9.502710858, 33.216953103 -9.503152864, 33.216576311 -9.503265176, 33.216192274 -9.503254307, 33.215848089 -9.503205397, 33.215098981 -9.503902027, 33.215482726 -9.504421312, 33.21534735 -9.504770423, 33.214125353 -9.505021063, 33.213802907 -9.505976265, 33.213246776 -9.50636755, 33.213366335 -9.507023313, 33.213819209 -9.50759629, 33.213913906 -9.508921873, 33.213712331 -9.509125739, 33.213063815 -9.50963477, 33.212109155 -9.50975614, 33.211152683 -9.509631147, 33.210667201 -9.50925979, 33.210475182 -9.508948212, 33.209721599 -9.508598049, 33.209681745 -9.508415087, 33.20994079 -9.508360742, 33.209129239 -9.506601233, 33.209008761 -9.506297738, 33.208088034 -9.506224604, 33.20712882 -9.506420623, 33.20698902 -9.506113629, 33.206009739 -9.505619093, 33.205668016 -9.505504828, 33.204934044 -9.505992644, 33.204145804 -9.505936413, 33.203570075 -9.506062519, 33.202442567 -9.505876934, 33.201030821 -9.506382931, 33.200301002 -9.506065127, 33.19960491 -9.505258991, 33.198996162 -9.504888497, 33.198948785 -9.504699645, 33.198208705 -9.504513912, 33.197221653 -9.503859288, 33.196180526 -9.502952722, 33.193884974 -9.502427833, 33.193200725 -9.502215051, 33.193112977 -9.502046213, 33.193518343 -9.501657719, 33.193822009 -9.501529611, 33.194390385 -9.500200511, 33.194186884 -9.49983638, 33.19242156 -9.499034277, 33.192050909 -9.498269093, 33.190797169 -9.497170505, 33.190501051 -9.497299897, 33.190157825 -9.49775236, 33.190073751 -9.497464917, 33.189718943 -9.497488052, 33.188873788 -9.497948438, 33.187908037 -9.49791244, 33.187706576 -9.497748287, 33.188178364 -9.496301359, 33.188090391 -9.496070828, 33.187412371 -9.496100435, 33.187014362 -9.496217323, 33.186469301 -9.495934947, 33.186039211 -9.496073397, 33.185640078 -9.496524808, 33.186176703 -9.496983106, 33.185885388 -9.497383144, 33.184590704 -9.497830036, 33.184332394 -9.497628613, 33.184395911 -9.497443175, 33.183549281 -9.497586513, 33.183406055 -9.497812913, 33.182745754 -9.497848605, 33.18184575 -9.497331315, 33.179986313 -9.497546604, 33.179896451 -9.497942266, 33.179943939 -9.498187678, 33.179212255 -9.498955054, 33.178498417 -9.499026438, 33.177833184 -9.498640609, 33.177673896 -9.498243457, 33.178462725 -9.498116294, 33.178587646 -9.497634454, 33.178227453 -9.497141545, 33.177371862 -9.496944586, 33.177066006 -9.497681112, 33.177195662 -9.498187678, 33.176751501 -9.498391443, 33.176374748 -9.498383984, 33.17626038 -9.497966266, 33.176431706 -9.497499456, 33.175857215 -9.497063383, 33.175036301 -9.496991999, 33.174787714 -9.496440822, 33.174336908 -9.496489704, 33.174001911 -9.497476805, 33.17362647 -9.498080603, 33.173235517 -9.498091993, 33.172780847 -9.498342658, 33.172320558 -9.497813813, 33.172319513 -9.496953667, 33.172554163 -9.496217912, 33.171316903 -9.495221482, 33.170762237 -9.495128888, 33.170396352 -9.49570709, 33.169766915 -9.496462976, 33.169595096 -9.496433853, 33.169377613 -9.496088982, 33.169289903 -9.495421555, 33.168863878 -9.495170123, 33.168385717 -9.495264512, 33.168103188 -9.495549669, 33.168384817 -9.495970933, 33.168067228 -9.496732515, 33.166755777 -9.497259689, 33.166416704 -9.497170459, 33.166024555 -9.496696989, 33.166010739 -9.496300185, 33.165397528 -9.496446855, 33.164792722 -9.496974153, 33.164275189 -9.496920615, 33.163973047 -9.496669851, 33.163806363 -9.495800482, 33.163541698 -9.495732495, 33.163042657 -9.49590654, 33.162784825 -9.495822372, 33.162425061 -9.495277818, 33.161699871 -9.495075864, 33.16085104 -9.495114313, 33.160232158 -9.49497717, 33.159075186 -9.495011301, 33.156410189 -9.49355983, 33.154878822 -9.49323493, 33.154113735 -9.493500187, 33.153015726 -9.494620667, 33.15276664 -9.494017876, 33.152238411 -9.494025815, 33.151934921 -9.494213772, 33.151773355 -9.49458764, 33.150693049 -9.494285896, 33.15023967 -9.494634002, 33.15002175 -9.494627633, 33.149795499 -9.494167896, 33.149734369 -9.49346488, 33.149212273 -9.493035726, 33.14874498 -9.493563357, 33.148520962 -9.493656695, 33.148041606 -9.493528187, 33.147481918 -9.493474521, 33.146793331 -9.492364453, 33.146476172 -9.492202093, 33.14628246 -9.492256403, 33.146230878 -9.49292508, 33.145777401 -9.493088729, 33.145438992 -9.493004661, 33.144735693 -9.493346711, 33.144195527 -9.493217077, 33.143811857 -9.492718386, 33.143704094 -9.492159945, 33.144082517 -9.491395766, 33.143882886 -9.491169204, 33.143168124 -9.490999542, 33.14288375 -9.49056233, 33.142869664 -9.490189524, 33.142649355 -9.489943141, 33.142413411 -9.490009351, 33.142262235 -9.489409502, 33.141196463 -9.4880513, 33.140457225 -9.488220584, 33.139838566 -9.48753054, 33.139120098 -9.487595299, 33.138462147 -9.486757952, 33.138322027 -9.486923365, 33.138113172 -9.486914505, 33.13716017 -9.485857393, 33.136928323 -9.485767641, 33.136657534 -9.485865923, 33.136402899 -9.487070721, 33.136009677 -9.487099951, 33.135406744 -9.486845239, 33.135174822 -9.486554961, 33.135056088 -9.486040721, 33.134535061 -9.485292502, 33.134066042 -9.484968077, 33.133723351 -9.485055901, 33.132845279 -9.484936188, 33.132287357 -9.485431404, 33.131988909 -9.485207691, 33.132185282 -9.484702556, 33.131924041 -9.484302878, 33.132273547 -9.483889023, 33.132259779 -9.483176995, 33.13258121 -9.483152332, 33.132486031 -9.482700234, 33.131772303 -9.482216861, 33.131558041 -9.482438494, 33.130818788 -9.482329733, 33.130763318 -9.482074915, 33.130439695 -9.482010191, 33.130130365 -9.482295726, 33.129889666 -9.483022565, 33.128879412 -9.48311293, 33.128419909 -9.482610884, 33.127944535 -9.483092016, 33.126826522 -9.482770968, 33.126431344 -9.48298079, 33.126398359 -9.48263879, 33.127251217 -9.481843627, 33.127304062 -9.481513501, 33.127115831 -9.481257055, 33.126927642 -9.481234478, 33.126310064 -9.480811453, 33.125990103 -9.481796039, 33.1255618 -9.482105369, 33.124731708 -9.481869535, 33.124591207 -9.48170685, 33.124571264 -9.481411714, 33.124848389 -9.480829181, 33.124586221 -9.480606309, 33.124283869 -9.480517425, 33.123681303 -9.480612672, 33.12362673 -9.48043668, 33.123891848 -9.479972255, 33.123954645 -9.479050986, 33.123694575 -9.478466352, 33.123740595 -9.477979113, 33.124102187 -9.477749202, 33.124211807 -9.476989826, 33.123977918 -9.476568333, 33.123198129 -9.476510361, 33.122627626 -9.47633716, 33.122563683 -9.475826367, 33.122922106 -9.475276331, 33.122921371 -9.474765346, 33.123350539 -9.4741523, 33.123401452 -9.472842787, 33.123190227 -9.472639329, 33.123140858 -9.472276102, 33.12261631 -9.471992374, 33.121550594 -9.472134854, 33.121052604 -9.472060811, 33.12064022 -9.470814531, 33.119773732 -9.470972859, 33.1195084 -9.47071322, 33.118967738 -9.471171174, 33.118639003 -9.471143376, 33.118614271 -9.470568427, 33.119101503 -9.469459293, 33.118643096 -9.469312928, 33.118434891 -9.468601338, 33.118401555 -9.468166922, 33.118235368 -9.468010997, 33.117805729 -9.468049301, 33.117416989 -9.467585261, 33.117215061 -9.466267269, 33.116998504 -9.465960206, 33.116776457 -9.465909812, 33.116442267 -9.466307579, 33.115560745 -9.466443076, 33.115067583 -9.466571718, 33.11344331 -9.465940912, 33.113085786 -9.46582875, 33.11216879 -9.466181628, 33.11147627 -9.465878313, 33.111333859 -9.465395275, 33.112407985 -9.464593203, 33.112250221 -9.464261028, 33.111142116 -9.463447326, 33.110552278 -9.463481149, 33.110138436 -9.463232829, 33.109721654 -9.462325163, 33.108987222 -9.462164144, 33.108652757 -9.461479442, 33.108371182 -9.461315706, 33.107977715 -9.461851349, 33.107704163 -9.461517712, 33.107535675 -9.461061664, 33.106314529 -9.460357124, 33.105053709 -9.459795011, 33.103936956 -9.45953121, 33.102695306 -9.459727805, 33.102916396 -9.460047447, 33.102362475 -9.460312366, 33.101685535 -9.459912501, 33.100764292 -9.459342217, 33.100328359 -9.459078876, 33.099765683 -9.457558892, 33.099502343 -9.457022737, 33.09943035 -9.45646385, 33.098479294 -9.455726307, 33.097774526 -9.455589901, 33.097522554 -9.455013962, 33.097586967 -9.454462653, 33.097289526 -9.453935403, 33.096734426 -9.453778157, 33.096183369 -9.453028899, 33.095317314 -9.45297298, 33.095319209 -9.452658487, 33.095432881 -9.452588389, 33.095008505 -9.45224491, 33.094398465 -9.453023564, 33.093716053 -9.453987314, 33.092829513 -9.453735153, 33.092827798 -9.45304069, 33.093088075 -9.452091064, 33.092600172 -9.452015861, 33.092092437 -9.452481917, 33.091902983 -9.452853245, 33.090707153 -9.452721196, 33.090375632 -9.452485873, 33.089856507 -9.452490063, 33.089871663 -9.452171781, 33.090995122 -9.451182455, 33.0910027 -9.450746711, 33.090211559 -9.450842701, 33.08988303 -9.450571846, 33.089817174 -9.449463953, 33.089460549 -9.44933282, 33.088363613 -9.449365027, 33.088318144 -9.450030008, 33.087997968 -9.450420283, 33.08605588 -9.450493033, 33.085764121 -9.449846996, 33.085406054 -9.449511664, 33.085589824 -9.448984984, 33.085191971 -9.448637715, 33.084746756 -9.449111349, 33.084449314 -9.449753596, 33.083786227 -9.449569826, 33.083479698 -9.449441608, 33.083180013 -9.449395436, 33.083096426 -9.449012833, 33.083390528 -9.448828107, 33.084267249 -9.448561934, 33.084257966 -9.447824391, 33.083706657 -9.447473902, 33.08264221 -9.447262058, 33.081942844 -9.447060893, 33.081463527 -9.445639424, 33.081245655 -9.445468916, 33.080556045 -9.445679209, 33.080226395 -9.445042645, 33.08034954 -9.44477741, 33.08080267 -9.444681605, 33.080465107 -9.444346781, 33.080122196 -9.444208482, 33.08020754 -9.443670623, 33.080461318 -9.443230902, 33.080120301 -9.442646815, 33.079629617 -9.442254647, 33.079362488 -9.44236832, 33.079076412 -9.442813535, 33.07880485 -9.443025361, 33.078634986 -9.443184865, 33.078104516 -9.442624082, 33.077625199 -9.442792695, 33.077602464 -9.442180761, 33.077077488 -9.441962889, 33.076691003 -9.442231913, 33.076302624 -9.442565351, 33.07538188 -9.442563456, 33.074715004 -9.442051932, 33.074173167 -9.442360741, 33.073727761 -9.442070878, 33.073526941 -9.441326326, 33.073547781 -9.440953102, 33.073587566 -9.440266712, 33.072793755 -9.439088311, 33.071488232 -9.439025792, 33.070758836 -9.439285343, 33.0704936 -9.43970593, 33.070548542 -9.440569838, 33.06939477 -9.440143567, 33.069061332 -9.43970214, 33.069197738 -9.439347862, 33.068948146 -9.4391186, 33.068591034 -9.439372513, 33.068258049 -9.439709719, 33.067293541 -9.439325128, 33.067179869 -9.438770029, 33.067365533 -9.438535107, 33.066643716 -9.437974325, 33.066439106 -9.43722352, 33.066230707 -9.436653265, 33.065933265 -9.43665516, 33.065455842 -9.436681683, 33.064777598 -9.435824785, 33.063830331 -9.435714902, 33.063697713 -9.435457246, 33.062956951 -9.435453456, 33.062928532 -9.435222323, 33.062703083 -9.435044237, 33.062284391 -9.435138963, 33.06200381 -9.435199588, 33.061871192 -9.435347362, 33.061566172 -9.435125702, 33.06151502 -9.434671013, 33.061936609 -9.434111568, 33.061787993 -9.433245374, 33.062166328 -9.433002668, 33.062576785 -9.433095468, 33.062473278 -9.432781379, 33.062066391 -9.432420891, 33.062144912 -9.431557146, 33.061927192 -9.431135982, 33.061577411 -9.430100916, 33.060995633 -9.429701166, 33.06056236 -9.429470003, 33.060181857 -9.429590522, 33.059974844 -9.429240741, 33.060335332 -9.428876683, 33.060006967 -9.428437673, 33.059753554 -9.42866967, 33.059625063 -9.428327027, 33.059261006 -9.428352012, 33.059053993 -9.428548317, 33.058450799 -9.428180691, 33.058818426 -9.427645313, 33.05818311 -9.427338362, 33.05782976 -9.427370484, 33.057419303 -9.427206301, 33.057422872 -9.426845813, 33.056973154 -9.426885074, 33.056569835 -9.426870798, 33.056348545 -9.42659597, 33.057055245 -9.426092714, 33.056780418 -9.42558232, 33.056547528 -9.425161155, 33.055695384 -9.424704298, 33.055252804 -9.425660842, 33.054820932 -9.42580361, 33.054531826 -9.425585888, 33.054653179 -9.425253954, 33.054571088 -9.424422332, 33.054292691 -9.424268857, 33.053953618 -9.424329534, 33.053732328 -9.424607931, 33.05354673 -9.424543685, 33.053186242 -9.423919076, 33.053603837 -9.423494341, 33.053778809 -9.423506566, 33.053743036 -9.423230222, 33.052361759 -9.421838238, 33.051758566 -9.421545564, 33.05164792 -9.420765696, 33.0514302 -9.420619359, 33.051219617 -9.420619359, 33.051037588 -9.420812096, 33.050912667 -9.420458746, 33.051098264 -9.420162503, 33.050862698 -9.419844844, 33.049517113 -9.419652108, 33.048924627 -9.41893827, 33.048507032 -9.418063818, 33.047979983 -9.416984634, 33.047546919 -9.416470174, 33.04674742 -9.416741432, 33.04630484 -9.416448759, 33.046047859 -9.415802735, 33.04546608 -9.415420832, 33.045216237 -9.415724213, 33.045148423 -9.416052578, 33.044348923 -9.416577249, 33.043638654 -9.417323211, 33.043445918 -9.41781219, 33.042835587 -9.417694407, 33.042075348 -9.417769359, 33.041464838 -9.417732381, 33.040656911 -9.41774431, 33.040269338 -9.416723586, 33.039744666 -9.416184638, 33.040015925 -9.415952641, 33.040708348 -9.415849135, 33.040590565 -9.414744469, 33.040098016 -9.41420909, 33.040098016 -9.413855741, 33.039719682 -9.413845033, 33.038745293 -9.414201953, 33.038595387 -9.41420909, 33.038024316 -9.413120487, 33.038345543 -9.413002704, 33.038736903 -9.413233331, 33.038959445 -9.412938459, 33.038759569 -9.412167513, 33.038783268 -9.411871523, 33.037906533 -9.411077125, 33.036921436 -9.410948634, 33.03623972 -9.41141263, 33.035600835 -9.411334107, 33.035445534 -9.410855157, 33.035147548 -9.410721991, 33.034944104 -9.410475717, 33.034605803 -9.410566713, 33.034569339 -9.410033137, 33.034879858 -9.409626249, 33.034431967 -9.409353307, 33.033123816 -9.409369267, 33.032973429 -9.409349586, 33.033056002 -9.409001641, 33.033141662 -9.408766074, 33.032363579 -9.408455554, 33.031860867 -9.407935838, 33.031572066 -9.407798459, 33.03154486 -9.407565406, 33.030507169 -9.407257935, 33.030103026 -9.406879131, 33.029257535 -9.407110735, 33.028832599 -9.407073562, 33.028902687 -9.406713882, 33.028800377 -9.40624155, 33.028975421 -9.406141602, 33.02877654 -9.405729371, 33.02838021 -9.40586642, 33.027901697 -9.40559815, 33.027725749 -9.405208637, 33.027466127 -9.40494596, 33.027084582 -9.40462126, 33.026124566 -9.40482142, 33.026003024 -9.40434144, 33.024619831 -9.404148082, 33.024515859 -9.403832833, 33.024976378 -9.403498968, 33.024796199 -9.403078586, 33.02436646 -9.402473849, 33.024120853 -9.402187164, 33.02442921 -9.401620026, 33.024312346 -9.400706657, 33.023853094 -9.399835365, 33.023949665 -9.399476354, 33.023557429 -9.399072014, 33.023255655 -9.398449385, 33.023462406 -9.397907638, 33.023234276 -9.397644687, 33.02299222 -9.397517389, 33.022863318 -9.397082076, 33.022903512 -9.396231181, 33.022435671 -9.395540495, 33.02265766 -9.394607661, 33.022279216 -9.393859946, 33.021825206 -9.393812095, 33.021043816 -9.392437699, 33.020529909 -9.392301899, 33.020042249 -9.391744514, 33.019459916 -9.391244988, 33.019078198 -9.390308875, 33.019105186 -9.389977919, 33.018412361 -9.389731342, 33.018646952 -9.389070571, 33.018748242 -9.388835325, 33.018385061 -9.388149268, 33.018687913 -9.387628001, 33.018356352 -9.387221364, 33.018252322 -9.386799053, 33.018002861 -9.386396789, 33.017982512 -9.386035557, 33.01740298 -9.386005273, 33.017272481 -9.38564647, 33.016473959 -9.385373673, 33.016474049 -9.384940866, 33.01622921 -9.384725486, 33.015586434 -9.385013357, 33.015385762 -9.384831574, 33.01582758 -9.384079421, 33.015799236 -9.383752467, 33.015492381 -9.383637227, 33.015487977 -9.383097318, 33.015252756 -9.382824926, 33.015181004 -9.382529851, 33.014812295 -9.382332559, 33.014656253 -9.382124029, 33.014443386 -9.382161658, 33.014256807 -9.381817779, 33.014115844 -9.381730049, 33.014463659 -9.381303234, 33.014269904 -9.380673559, 33.013398789 -9.380015926, 33.01348141 -9.379463695, 33.013470988 -9.379053539, 33.013672328 -9.378450169, 33.013366376 -9.377870286, 33.013363245 -9.377469516, 33.013489745 -9.377199583, 33.013131854 -9.37685905, 33.012807356 -9.376754144, 33.012358769 -9.376408046, 33.011995942 -9.376176749, 33.012004919 -9.375805215, 33.012167536 -9.375555331, 33.011874589 -9.375303624, 33.012590824 -9.374890852, 33.012361975 -9.374713912, 33.011866377 -9.374708513, 33.011826982 -9.374531236, 33.011891107 -9.374308071, 33.01155339 -9.374287909, 33.01113101 -9.374419829, 33.0109868 -9.374200635, 33.01124234 -9.373173126, 33.011384133 -9.372795004, 33.011050878 -9.372603354, 33.010468764 -9.373297615, 33.009802424 -9.372997901, 33.009187056 -9.373204177, 33.008842929 -9.373025283, 33.009339375 -9.372243871, 33.008894682 -9.372131007, 33.008653881 -9.371601811, 33.008239134 -9.371303256, 33.007575744 -9.37180695, 33.007319527 -9.372145844, 33.006428984 -9.372080588, 33.006138331 -9.371697177, 33.006174629 -9.371445723, 33.00586898 -9.37138738, 33.005384239 -9.370621555, 33.005565166 -9.370173393, 33.00599792 -9.369584044, 33.005690722 -9.369296494, 33.005089636 -9.368906525, 33.004401146 -9.369710226, 33.003761598 -9.369873927, 33.003356193 -9.369624374, 33.003367086 -9.369236486, 33.003072999 -9.368344576, 33.002637349 -9.367883224, 33.00232567 -9.368007318, 33.00207905 -9.368174122, 33.001542468 -9.368174141, 33.001493586 -9.36764093, 33.000832386 -9.367835673, 33.000508695 -9.367683202, 33.000385891 -9.367353468, 32.999999023 -9.367256995, 32.95964063 -9.400681977, 32.958861484 -9.402285714, 32.955081275 -9.407657296, 32.954588134 -9.409226383, 32.953781175 -9.410705807, 32.950583228 -9.412528936, 32.948789986 -9.415420538, 32.945343598 -9.418877405, 32.943091678 -9.421205059, 32.947992965 -9.433279747, 32.948524024 -9.434855073, 32.946016543 -9.455011367, 32.944592218 -9.458927429, 32.952663723 -9.467370142, 32.95036108 -9.478086077, 32.949581441 -9.479350229, 32.947064038 -9.482648732, 32.951030836 -9.492943253, 32.963081878 -9.487393628, 32.963760544 -9.486447962, 32.964978239 -9.485620757, 32.966348454 -9.485127303, 32.96878488 -9.485078839, 32.97122351 -9.485920353, 32.971891888 -9.485818678, 32.973100395 -9.48532116, 32.974877905 -9.484325669, 32.976370914 -9.483733401, 32.981534749 -9.482610559, 32.982409923 -9.482668848, 32.982788825 -9.483038938, 32.983595348 -9.487287008, 32.984397377 -9.488644289, 32.987018426 -9.491163296, 32.988454412 -9.492654436, 32.989564914 -9.494147444, 32.990604177 -9.4957399, 32.991830478 -9.496802764, 32.992995132 -9.497392578, 32.994434326 -9.497710365, 32.995327186 -9.497454273, 32.997091651 -9.496491838, 32.998276187 -9.49668926, 32.998953831 -9.497265377, 33.000077668 -9.498478403, 33.004697828 -9.497842542, 33.006230373 -9.496990223, 33.006320326 -9.496111767, 33.006560889 -9.495856327, 33.008295217 -9.495529411, 33.008633719 -9.495351315, 33.009012701 -9.494905797, 33.010649343 -9.494821938, 33.012074916 -9.494307644, 33.012915854 -9.494284249, 33.01455154 -9.494740505, 33.015854909 -9.494802426, 33.019368665 -9.495524578, 33.020946211 -9.495989993, 33.022450844 -9.496837903, 33.023571018 -9.497864793, 33.024676137 -9.500286989, 33.025184808 -9.500729438, 33.025974264 -9.501040644, 33.026467787 -9.50107234, 33.027155938 -9.500828238, 33.028736669 -9.499603198, 33.02991293 -9.49922897, 33.030157228 -9.500286312, 33.031165294 -9.501936148, 33.031067188 -9.502610594, 33.0318406 -9.503548845, 33.031479121 -9.504457084, 33.030887073 -9.5049399, 33.030539592 -9.505926478, 33.029707908 -9.507060258, 33.02977534 -9.509035262, 33.030480462 -9.51063685, 33.03239737 -9.512393906, 33.032881771 -9.513397938, 33.033018285 -9.514534079, 33.032243242 -9.517436084, 33.032472507 -9.522807163, 33.032401774 -9.523226882, 33.030531364 -9.525545197, 33.029777199 -9.527667962, 33.029571009 -9.528998389, 33.029060182 -9.530142642, 33.027568566 -9.53138906, 33.026546912 -9.533289337, 33.025423092 -9.536006938, 33.024973564 -9.536619931, 33.024237973 -9.537232923, 33.023522815 -9.538704106, 33.023073287 -9.539235366, 33.021540805 -9.540134422, 33.020682615 -9.541094777, 33.020110489 -9.542361629, 33.019947024 -9.543076787, 33.018977862 -9.544205294, 33.016979315 -9.545764756, 33.015578955 -9.547702362, 33.015424827 -9.550914824, 33.014867684 -9.551629359, 33.011606423 -9.552266744, 33.009246067 -9.55316729, 33.006260942 -9.555265124, 33.004006606 -9.557623783, 33.003024592 -9.55898451, 33.002923308 -9.559869644, 33.003297618 -9.561725781, 33.004623117 -9.563566507, 33.00475702 -9.564531069, 33.004544562 -9.565277337, 33.003952003 -9.566217259, 33.000974902 -9.569190274, 32.999503719 -9.571560512, 32.99891116 -9.573787718, 32.999203856 -9.574958909, 33.00030061 -9.576525752, 33.002956911 -9.579039022, 33.003733369 -9.580326306, 33.003765384 -9.580820003, 33.003467738 -9.581429693, 33.002895612 -9.582063119, 33.002711714 -9.582512646, 33.00275258 -9.583227804, 33.003753802 -9.584310759, 33.005163685 -9.584964617, 33.005776677 -9.585414146, 33.006450969 -9.586435799, 33.006532702 -9.587763951, 33.005899276 -9.591278442, 33.006633017 -9.594986279, 33.008085616 -9.598787602, 33.008792645 -9.601129338, 33.009822429 -9.603119417, 33.010893684 -9.605313424, 33.013091723 -9.60837072, 33.014930701 -9.610393596, 33.015809324 -9.612457338, 33.015952355 -9.613213362, 33.01585019 -9.614091985, 33.014869402 -9.615787931, 33.014828536 -9.616625688, 33.014992 -9.61729998, 33.015799675 -9.618168164, 33.017341805 -9.618791595, 33.019473949 -9.61952514, 33.02077217 -9.620728821, 33.02114236 -9.621284432, 33.021371628 -9.622567898, 33.021757845 -9.626450938, 33.021489722 -9.629355502, 33.021796219 -9.632522631, 33.022695275 -9.635464995, 33.023553464 -9.637181375, 33.024227756 -9.638223462, 33.024680563 -9.638663724, 33.026141922 -9.639248267, 33.027537916 -9.639612912, 33.027513397 -9.640511968, 33.027410438 -9.64105656, 33.029850916 -9.642305855, 33.037755035 -9.643915975, 33.039294828 -9.643783632, 33.040774471 -9.64290264, 33.042531717 -9.641186259, 33.043778135 -9.639367715, 33.044357642 -9.637740821, 33.043577371 -9.6349851, 33.044015809 -9.633216485, 33.045298922 -9.629592557, 33.048583989 -9.627210871, 33.053244255 -9.626948953, 33.055126924 -9.626681767, 33.061921183 -9.627768208, 33.067737302 -9.631310393, 33.067828768 -9.633408665, 33.067301123 -9.634338751, 33.066560936 -9.63901965, 33.067217722 -9.640552149, 33.069792738 -9.643877777, 33.071785508 -9.644937848, 33.072489279 -9.646910594, 33.074035208 -9.649143657, 33.075938885 -9.650885862, 33.079067092 -9.656743254, 33.087338218 -9.664298264, 33.08775684 -9.665199911, 33.087647849 -9.666174631, 33.086785835 -9.668265263, 33.084434617 -9.675321146, 33.084660029 -9.675937933, 33.088472708 -9.679177918, 33.092250461 -9.680918047, 33.095118887 -9.683303449, 33.099902076 -9.684408214, 33.101153235 -9.683811244, 33.102790566 -9.679211358, 33.102988731 -9.677443981, 33.102785612 -9.675916878, 33.10091012 -9.672741382, 33.100918274 -9.671881511, 33.101258485 -9.671452114, 33.10498612 -9.669367641, 33.108487795 -9.668569899, 33.109296394 -9.667968714, 33.110244928 -9.666247443, 33.111249118 -9.661726662, 33.112431268 -9.659770154, 33.112989735 -9.657941058, 33.113237036 -9.655211238, 33.113269025 -9.653272432, 33.112594733 -9.651515186, 33.110735322 -9.648838452, 33.10939599 -9.647207309, 33.10930142 -9.646953462, 33.109699611 -9.645370653, 33.111266582 -9.644394254, 33.111675244 -9.643760829, 33.111736543 -9.642657441, 33.111348315 -9.641983151, 33.111511779 -9.641267992, 33.112942096 -9.640307637, 33.114270246 -9.639898976, 33.115026271 -9.639939842, 33.115475798 -9.640205472, 33.116214157 -9.640934375, 33.116946981 -9.641124961, 33.117478241 -9.641124961, 33.118499896 -9.640593701, 33.119092455 -9.640144173, 33.119439818 -9.639204251, 33.119623715 -9.638346061, 33.11925592 -9.636180153, 33.118949423 -9.635710192, 33.117362298 -9.634722779, 33.114290679 -9.633421686, 33.112880796 -9.632461331, 33.111389181 -9.630561054, 33.110012615 -9.627342345, 33.110031638 -9.626048772, 33.110336008 -9.624488875, 33.110490125 -9.623051894, 33.111143984 -9.621866775, 33.111182537 -9.620408413, 33.11045226 -9.618637147, 33.110551424 -9.617800591, 33.111593512 -9.616308975, 33.112121202 -9.615284445, 33.112336202 -9.614145273, 33.112218258 -9.613128886, 33.11256076 -9.612530645, 33.113975283 -9.611996019, 33.115864027 -9.608667, 33.116313555 -9.607441014, 33.117555887 -9.603088767, 33.11816888 -9.601862782, 33.120028291 -9.599921638, 33.122235064 -9.598532188, 33.12425794 -9.596917973, 33.127363769 -9.598491322, 33.127173079 -9.601189027, 33.127941759 -9.602555571, 33.128262825 -9.602986602, 33.130714796 -9.603844791, 33.13259464 -9.60535684, 33.135945666 -9.606378494, 33.139153661 -9.608421803, 33.140440946 -9.609484324, 33.144404965 -9.610710309, 33.145508352 -9.610567276, 33.146579464 -9.609911875, 33.149022843 -9.609831686, 33.152909216 -9.610832907, 33.153195279 -9.611078105, 33.154666462 -9.613611807, 33.154502997 -9.61534862, 33.15465001 -9.616138162, 33.155651229 -9.618244003, 33.156006328 -9.618307413, 33.15625997 -9.618155228, 33.15644414 -9.616697204, 33.157547527 -9.615655116, 33.15915875 -9.614756176, 33.162010792 -9.614353009, 33.163294958 -9.613905044, 33.164903439 -9.612242791, 33.166456354 -9.611016805, 33.167825371 -9.610260781, 33.168694178 -9.609357651, 33.168826592 -9.609136961, 33.168949191 -9.605213807, 33.169372497 -9.603684453, 33.170726869 -9.60145412, 33.171671899 -9.600953884, 33.17395652 -9.600737367, 33.178225813 -9.600534631, 33.180771775 -9.599819473, 33.186344759 -9.600295055, 33.190150563 -9.600207702, 33.190934666 -9.600288037, 33.192432118 -9.600851406, 33.193706928 -9.601764815, 33.19465883 -9.602061745, 33.194952522 -9.603380607, 33.196709584 -9.604948177, 33.1981399 -9.605765502, 33.199733681 -9.606317195, 33.201061832 -9.607257117, 33.201981321 -9.608748732, 33.203615968 -9.612058893, 33.204351559 -9.61310098, 33.205557111 -9.613509641, 33.207007861 -9.613816138, 33.209480264 -9.615430351, 33.210072824 -9.61620681, 33.210501919 -9.616513306, 33.214130835 -9.617667775, 33.215111624 -9.618525965, 33.216216752 -9.620090641, 33.217756424 -9.62085384, 33.219475281 -9.62129185, 33.219606903 -9.623164276, 33.219954265 -9.623552505, 33.221552511 -9.62422519, 33.222018007 -9.62477849, 33.222426669 -9.625984042, 33.222406236 -9.627210028, 33.221343715 -9.628436013, 33.220301628 -9.629416801, 33.219668202 -9.631398811, 33.219239107 -9.633626017, 33.218585249 -9.63450464, 33.218564815 -9.636772713, 33.218787578 -9.638227558, 33.219814827 -9.640177726, 33.220894188 -9.642912856, 33.22289663 -9.644424905, 33.22360983 -9.64528949, 33.225997317 -9.64599462, 33.226375598 -9.646278331, 33.227269311 -9.647857663, 33.228107068 -9.650227902, 33.228229666 -9.65233251, 33.228209233 -9.653231566, 33.22845443 -9.653905858, 33.229556148 -9.655595999, 33.231253763 -9.66060791, 33.23182589 -9.661956494, 33.231785024 -9.662957716, 33.22992161 -9.666410297, 33.228353733 -9.669282249, 33.227143272 -9.671084839, 33.226906252 -9.671396334, 33.219442506 -9.673834577, 33.218371731 -9.674664428, 33.216649122 -9.679103681, 33.216461737 -9.680430996, 33.21638366 -9.682967393, 33.217001061 -9.687543969, 33.21787009 -9.688713623, 33.221648734 -9.692198914, 33.223938718 -9.694046659, 33.224858207 -9.695354377, 33.225164703 -9.696069535, 33.226918142 -9.698314852, 33.227698406 -9.701177806, 33.228474863 -9.706204347, 33.228230978 -9.708256741, 33.227978998 -9.709214266, 33.227783947 -9.714707434, 33.228078624 -9.71705575, 33.229557817 -9.72068119, 33.230048211 -9.722029774, 33.231360783 -9.724033005, 33.231540857 -9.724650992, 33.231621559 -9.725809895, 33.232103172 -9.72797478, 33.232274715 -9.729007045, 33.23401223 -9.731715058, 33.235279082 -9.733032992, 33.236321169 -9.733891182, 33.236456845 -9.734209277, 33.236170803 -9.734619286, 33.235109198 -9.735252419, 33.233363774 -9.735293678, 33.231335496 -9.73705831, 33.229353486 -9.739244651, 33.228903958 -9.740041541, 33.228842659 -9.740511502, 33.23010951 -9.743535599, 33.230909074 -9.748928726, 33.231192464 -9.749338596, 33.232457082 -9.749713431, 33.234993018 -9.74982899, 33.239222668 -9.749522493, 33.240264755 -9.749440762, 33.241020779 -9.749685959, 33.241776804 -9.750298952, 33.242308064 -9.751136708, 33.24340014 -9.753465744, 33.244891079 -9.756069535, 33.24695824 -9.757431622, 33.249450122 -9.758912305, 33.251525422 -9.759737081, 33.255506013 -9.761784446, 33.258559166 -9.762880298, 33.260219396 -9.763786031, 33.264096877 -9.765917106, 33.267223004 -9.766810286, 33.272403443 -9.767346193, 33.27395162 -9.767375966, 33.276303659 -9.767911874, 33.277615948 -9.768712136, 33.279548876 -9.77047232, 33.2824236 -9.775008943, 33.283771865 -9.77515875, 33.290177708 -9.774848898, 33.290655862 -9.775108814, 33.290984011 -9.775551102, 33.291055348 -9.776585485, 33.290445662 -9.778838432, 33.290356344 -9.780952289, 33.29065407 -9.78288751, 33.291041115 -9.784227279, 33.291904521 -9.79021158, 33.292023612 -9.791938393, 33.292795763 -9.794966087, 33.29298144 -9.795475458, 33.294048151 -9.796642468, 33.296840825 -9.798815872, 33.297525595 -9.800393822, 33.298150821 -9.803251994, 33.298299684 -9.8047704, 33.297919489 -9.807242884, 33.298109002 -9.80796484, 33.299057185 -9.809532313, 33.302140354 -9.812243332, 33.304005347 -9.814546299, 33.304476169 -9.816686402, 33.304879437 -9.819388765, 33.305954624 -9.820720496, 33.307490147 -9.820656293, 33.308541471 -9.820817852, 33.310721702 -9.821480232, 33.311363733 -9.821512334, 33.312977595 -9.820936942, 33.315508269 -9.82147285, 33.319438257 -9.822633983, 33.321700978 -9.822842391, 33.323338473 -9.823229435, 33.325568443 -9.82474784, 33.326301828 -9.826127247, 33.326870502 -9.827554102, 33.327771618 -9.827993058, 33.334440689 -9.830047369, 33.335333869 -9.829928279, 33.336563442 -9.829505617, 33.337729798 -9.82956982, 33.339740219 -9.830493958, 33.341199078 -9.830970321, 33.34881097 -9.832491224, 33.350747008 -9.833127339, 33.351500411 -9.834036903, 33.351949015 -9.837423175, 33.353256997 -9.839634159, 33.354745629 -9.842313697, 33.356822043 -9.844937895, 33.35916545 -9.846453602, 33.359300888 -9.846810243, 33.359361365 -9.849081223, 33.359600837 -9.850759665, 33.361138858 -9.854665818, 33.362696383 -9.858000796, 33.363945603 -9.859080314, 33.364291909 -9.859683931, 33.364395655 -9.861081882, 33.364631711 -9.86147432, 33.365688571 -9.861953062, 33.367632058 -9.863688763, 33.36905119 -9.865838951, 33.36954699 -9.868716624, 33.370872708 -9.87053516, 33.370798254 -9.871203816, 33.370353925 -9.872208804, 33.36952881 -9.875759164, 33.369687944 -9.877095008, 33.370212351 -9.879083001, 33.370279004 -9.880022334, 33.370136265 -9.880953283, 33.369693012 -9.881989856, 33.369118523 -9.8827685, 33.369000141 -9.883351655, 33.369569821 -9.885163791, 33.369629788 -9.886836851, 33.369819654 -9.887233164, 33.371509146 -9.88791879, 33.37206798 -9.888382844, 33.373281219 -9.89007177, 33.373943949 -9.891412616, 33.374604536 -9.894246039, 33.37513865 -9.895778003, 33.375095168 -9.897700263, 33.374961233 -9.899254466, 33.375320394 -9.901530756, 33.374967197 -9.904157496, 33.375241813 -9.905442824, 33.376923098 -9.908152301, 33.379171342 -9.91021363, 33.379462582 -9.911594903, 33.380100536 -9.91336349, 33.38047754 -9.913853391, 33.380646572 -9.915926268, 33.37678972 -9.918578094, 33.3698613 -9.922142638, 33.368470233 -9.923025431, 33.367060194 -9.923680408, 33.363785204 -9.924454497, 33.361868016 -9.925216361, 33.360033851 -9.926836308, 33.358396356 -9.928860848, 33.357919994 -9.931421295, 33.357473405 -9.932314474, 33.356049909 -9.933683868, 33.355253906 -9.935057724, 33.355162655 -9.936350259, 33.35450978 -9.937498811, 33.354610277 -9.938818049, 33.355000007 -9.939228594, 33.354536393 -9.940035037, 33.354501561 -9.940440181, 33.354009662 -9.940834354, 33.353102697 -9.942092461, 33.353169189 -9.943700368, 33.35304345 -9.944047955, 33.35258147 -9.944575825, 33.352431 -9.945961895, 33.352431592 -9.946447253, 33.353056301 -9.946754993, 33.353461035 -9.947258453, 33.353082863 -9.948346942, 33.353079919 -9.948813291, 33.352619201 -9.949360119, 33.352447236 -9.951021336, 33.352554481 -9.952125214, 33.352319768 -9.953278814, 33.352606464 -9.956225308, 33.351801211 -9.957792906, 33.351922173 -9.958477949, 33.352917663 -9.959929874, 33.354169532 -9.962641406, 33.354317505 -9.9631887, 33.354218541 -9.964004788, 33.352412056 -9.966761416, 33.351727285 -9.968369139, 33.351446251 -9.969516486, 33.348482068 -9.973430487, 33.346933891 -9.977851724, 33.344742379 -9.981771249, 33.343806085 -9.984869047, 33.34288049 -9.986639983, 33.342024449 -9.989042248, 33.339996866 -9.992083045, 33.339440275 -9.992691123, 33.339285972 -9.993164541, 33.339392123 -9.993953784, 33.339793392 -9.994847276, 33.341644581 -9.997356547, 33.341756936 -9.997755141, 33.341591078 -9.998156411, 33.340681637 -9.998930752, 33.337972327 -9.999794157, 33.335024835 -10.001223245, 33.334383995 -10.001757416, 33.334233683 -10.002554248, 33.334323001 -10.003134815, 33.333787093 -10.004586231, 33.333489037 -10.00497147, 33.331490396 -10.006131074, 33.330549319 -10.007645368, 33.330012523 -10.009387274, 33.329879434 -10.012669502, 33.32945124 -10.014112355, 33.329485604 -10.014581999, 33.330516531 -10.016437668, 33.330750284 -10.018050906, 33.330571648 -10.020551808, 33.329336693 -10.02368852, 33.328606654 -10.024939551, 33.328249382 -10.026480285, 33.328752501 -10.030979464, 33.329199236 -10.031998936, 33.328958686 -10.033923333, 33.328139672 -10.038024131, 33.32714311 -10.040154713, 33.324609677 -10.044299209, 33.323406638 -10.04552419, 33.322818818 -10.045901331, 33.322734001 -10.047068064, 33.322510706 -10.04767096, 33.321304915 -10.049122375, 33.319987475 -10.050395155, 33.319960593 -10.051185585, 33.320147852 -10.05294582, 33.319920487 -10.054369803, 33.318826342 -10.055676078, 33.317106973 -10.057015847, 33.316035158 -10.0572838, 33.315432262 -10.0572838, 33.314118112 -10.056760553, 33.313891528 -10.056948858, 33.314784707 -10.059047829, 33.315008002 -10.06029828, 33.315097319 -10.061414753, 33.315298285 -10.061705037, 33.31594584 -10.061972991, 33.317440622 -10.062137561, 33.319392442 -10.062117341, 33.32012403 -10.062298533, 33.321304915 -10.063000147, 33.322361321 -10.065421724, 33.322931144 -10.06602831, 33.325182862 -10.067489629, 33.325532108 -10.067921591, 33.326019214 -10.069042855, 33.326414414 -10.069778109, 33.32664166 -10.070592169, 33.325927117 -10.072557164, 33.324006781 -10.075080394, 33.324053539 -10.07525104, 33.328606607 -10.075427599, 33.329164891 -10.075616302, 33.330035741 -10.076732775, 33.332512295 -10.079964616, 33.334122722 -10.081328932, 33.33471125 -10.081537591, 33.338049811 -10.081243328, 33.338624428 -10.081355683, 33.340304391 -10.082585203, 33.341108252 -10.08300202, 33.342166298 -10.083308527, 33.34282438 -10.083848903, 33.343118644 -10.084357177, 33.343728244 -10.086664055, 33.345649315 -10.088888845, 33.349212586 -10.092061547, 33.349838566 -10.092698227, 33.350248452 -10.093809487, 33.350397315 -10.094702667, 33.350057927 -10.097152316, 33.349597805 -10.09871994, 33.349945571 -10.100207313, 33.349950726 -10.100925148, 33.349355273 -10.103158096, 33.348045277 -10.105450589, 33.347420052 -10.106641495, 33.347631063 -10.106990275, 33.349385046 -10.108040809, 33.349996467 -10.108828761, 33.350093832 -10.110220512, 33.350305745 -10.110329332, 33.350872755 -10.110249149, 33.351834953 -10.109327042, 33.353186613 -10.107162096, 33.354237986 -10.105658998, 33.355875481 -10.104527637, 33.356484434 -10.10353667, 33.356798433 -10.100686966, 33.356977068 -10.100091514, 33.357441281 -10.100012028, 33.358838383 -10.1026432, 33.359716151 -10.103753548, 33.360728421 -10.104527637, 33.36157703 -10.104661401, 33.364701579 -10.104452741, 33.366349459 -10.104131726, 33.367954536 -10.104153127, 33.370702255 -10.104646728, 33.37460247 -10.104616955, 33.37649601 -10.104200137, 33.379462938 -10.102002324, 33.383075763 -10.100954921, 33.384140546 -10.100802998, 33.385691475 -10.101066656, 33.388047794 -10.102562643, 33.391918237 -10.104378774, 33.393704595 -10.10568877, 33.394180957 -10.106373541, 33.394359593 -10.107623992, 33.394347514 -10.11049829, 33.394782794 -10.110778931, 33.397612115 -10.109937007, 33.398706398 -10.109737849, 33.400879801 -10.110571482, 33.403112749 -10.111821934, 33.404510734 -10.112170682, 33.405547388 -10.111844222, 33.405702028 -10.112250865, 33.404095246 -10.114471699, 33.404167092 -10.115441011, 33.404900196 -10.116844217, 33.40693914 -10.118831615, 33.408680232 -10.119146003, 33.409960456 -10.118818504, 33.41046659 -10.118937594, 33.410823862 -10.119384184, 33.41116311 -10.120266317, 33.411989724 -10.121652033, 33.413898808 -10.123384375, 33.414190216 -10.124051416, 33.414307261 -10.127065525, 33.41475385 -10.127720523, 33.418564748 -10.130846649, 33.421214513 -10.132037555, 33.422322055 -10.132245964, 33.423632051 -10.132633008, 33.424755055 -10.132613259, 33.426181909 -10.133626532, 33.426947034 -10.134660484, 33.427174503 -10.135549684, 33.427953414 -10.136094232, 33.429835207 -10.136411311, 33.43050953 -10.136890495, 33.431427089 -10.138238813, 33.433271303 -10.13948738, 33.434187682 -10.140587036, 33.43524338 -10.14213048, 33.435660197 -10.14326184, 33.435652744 -10.143903184, 33.435211736 -10.145157478, 33.435202457 -10.146765812, 33.435584015 -10.148003982, 33.436529032 -10.149659191, 33.43849352 -10.152013142, 33.43896496 -10.153444082, 33.439143596 -10.155141123, 33.43895171 -10.156368807, 33.438338881 -10.157731922, 33.438562249 -10.158928943, 33.43908405 -10.160142926, 33.439243261 -10.16045556, 33.440760257 -10.160274353, 33.443371259 -10.160484888, 33.444891066 -10.160986528, 33.446352409 -10.161716875, 33.447873922 -10.162050221, 33.451162088 -10.162211379, 33.452087437 -10.162557404, 33.455315065 -10.165689971, 33.456571368 -10.168061339, 33.456912819 -10.169787292, 33.458925294 -10.16931806, 33.459604888 -10.169461837, 33.460344857 -10.169818128, 33.461515541 -10.171189985, 33.462712283 -10.171743936, 33.464345157 -10.172276581, 33.469139529 -10.173272659, 33.471283159 -10.17395743, 33.475897917 -10.175148334, 33.477029278 -10.1749697, 33.478002074 -10.174664896, 33.479381316 -10.174671973, 33.482388353 -10.175565152, 33.485344533 -10.175714016, 33.488759697 -10.175684243, 33.490258649 -10.175558366, 33.491409462 -10.176130832, 33.494386366 -10.178213003, 33.494821646 -10.178276004, 33.497547875 -10.177657447, 33.497925881 -10.177771995, 33.501432474 -10.180893114, 33.502108467 -10.181480697, 33.503389245 -10.183124939, 33.503787324 -10.184267255, 33.504436367 -10.184795143, 33.505756233 -10.184958243, 33.507643239 -10.184851269, 33.509178706 -10.185773034, 33.509498893 -10.185794002, 33.511601799 -10.184414371, 33.511845318 -10.184396389, 33.512410588 -10.185352228, 33.512856419 -10.189163407, 33.51295296 -10.190547152, 33.513454447 -10.191892496, 33.513886184 -10.193572084, 33.514014904 -10.196822277, 33.513596562 -10.199010526, 33.513749698 -10.199671202, 33.515558363 -10.202639491, 33.517144267 -10.204710479, 33.519144491 -10.207821196, 33.520901451 -10.21001613, 33.521770315 -10.21017703, 33.524023612 -10.209856847, 33.527594918 -10.208439303, 33.529043024 -10.208374943, 33.530040608 -10.208503664, 33.533947908 -10.210376081, 33.535092888 -10.211496416, 33.537055876 -10.214810969, 33.539468527 -10.220410949, 33.53965209 -10.225673164, 33.540177348 -10.227489939, 33.542069575 -10.232354711, 33.543089173 -10.233888147, 33.543294935 -10.234725466, 33.545103276 -10.234151171, 33.546396876 -10.232595151, 33.547923103 -10.231716711, 33.550015061 -10.231224065, 33.551195824 -10.231319375, 33.553214093 -10.232201225, 33.554806411 -10.233101231, 33.555948726 -10.233066615, 33.557792751 -10.232059518, 33.558620853 -10.231771165, 33.560721142 -10.231930797, 33.561416263 -10.23232238, 33.562549924 -10.233758927, 33.563970139 -10.23529895, 33.564205752 -10.23596295, 33.564067876 -10.237884121, 33.563882625 -10.238345496, 33.562362329 -10.239911469, 33.561949579 -10.240846565, 33.561590006 -10.243837445, 33.561654366 -10.244963749, 33.561879627 -10.245896973, 33.56268413 -10.247151998, 33.562845031 -10.24766688, 33.562812851 -10.248342662, 33.562056651 -10.249214798, 33.560715296 -10.250071535, 33.559723558 -10.251592855, 33.559643728 -10.251952795, 33.558479512 -10.253071355, 33.555648869 -10.255095417, 33.554488458 -10.255635674, 33.553818844 -10.256708579, 33.553864499 -10.260908887, 33.553589181 -10.261959242, 33.551926163 -10.264728725, 33.55133997 -10.266967952, 33.551306053 -10.268250035, 33.551123843 -10.269141486, 33.550576668 -10.270335965, 33.550161058 -10.272671695, 33.549679666 -10.273514131, 33.548935369 -10.274339015, 33.548563227 -10.275684949, 33.548113422 -10.28161233, 33.548092874 -10.282853212, 33.546425797 -10.285149792, 33.545988994 -10.287835545, 33.545926731 -10.289272124, 33.546216119 -10.291556079, 33.545664435 -10.292401582, 33.54522679 -10.294775614, 33.545306929 -10.295554894, 33.545820994 -10.297446938, 33.545788414 -10.298305823, 33.545351859 -10.299188231, 33.54481884 -10.299693968, 33.543943776 -10.300104868, 33.542239303 -10.300447284, 33.54070742 -10.300676714, 33.538716218 -10.303414893, 33.538413464 -10.3040798, 33.538607648 -10.308074071, 33.539922642 -10.311147679, 33.54094573 -10.312294892, 33.543443032 -10.316436784, 33.543566071 -10.317675801, 33.543434923 -10.320104296, 33.543484668 -10.320674111, 33.544785513 -10.325323953, 33.54460009 -10.32720914, 33.54337011 -10.329910871, 33.542456999 -10.331260245, 33.542093038 -10.33157836, 33.541836977 -10.332310533, 33.541545561 -10.334954056, 33.540908984 -10.336448704, 33.540789036 -10.337386986, 33.541525502 -10.339371094, 33.542116587 -10.339453724, 33.543674154 -10.338827576, 33.544536862 -10.338260759, 33.545044145 -10.338169448, 33.546606579 -10.338615857, 33.549893777 -10.340107271, 33.550674993 -10.340208728, 33.553820152 -10.33919416, 33.554465848 -10.338836285, 33.554665762 -10.338943382, 33.55707128 -10.346165024, 33.557351665 -10.346820764, 33.558135699 -10.347821707, 33.557935785 -10.348985492, 33.555656951 -10.351279009, 33.555136988 -10.352219816, 33.555322623 -10.353904806, 33.557144335 -10.358499828, 33.555955906 -10.360867648, 33.554045236 -10.363395361, 33.551838692 -10.366822974, 33.550262449 -10.368496087, 33.549528349 -10.370048172, 33.549356179 -10.370823743, 33.549498244 -10.372654408, 33.550554177 -10.372729126, 33.551605235 -10.372620725, 33.55247956 -10.373035866, 33.552888947 -10.37338293, 33.553629065 -10.376359437, 33.554114376 -10.376865041, 33.554794136 -10.377230285, 33.55537244 -10.377291159, 33.557371137 -10.377027371, 33.560039449 -10.377575238, 33.563432707 -10.379158234, 33.563532664 -10.379322449, 33.563118529 -10.382288683, 33.563278993 -10.382930539, 33.564386583 -10.384127526, 33.565450412 -10.385027138, 33.565925176 -10.386038905, 33.56590188 -10.386698954, 33.562794586 -10.387889688, 33.562586017 -10.388427958, 33.562553534 -10.389383406, 33.563087119 -10.390366482, 33.563330607 -10.391836291, 33.563047523 -10.39214169, 33.562213351 -10.392681089, 33.56182999 -10.393474794, 33.561005797 -10.397110686, 33.563753322 -10.398563803, 33.564566747 -10.399067919, 33.565650314 -10.399288002, 33.5659928 -10.400511708, 33.565952708 -10.40133746, 33.565357983 -10.402633574, 33.564816291 -10.403501908, 33.564454049 -10.404724252, 33.563421101 -10.406590653, 33.563061749 -10.407358916, 33.56178947 -10.408245718, 33.563078413 -10.409005944, 33.56348697 -10.409438072, 33.563986755 -10.409695104, 33.565421852 -10.40984504, 33.566335745 -10.410337685, 33.569769983 -10.413996826, 33.572906834 -10.419797149, 33.573416801 -10.422056473, 33.573416986 -10.423171453, 33.572460255 -10.424485174, 33.572629005 -10.427683728, 33.572638749 -10.429183154, 33.571353588 -10.430211283, 33.57127505 -10.430454035, 33.572338878 -10.434523715, 33.572995739 -10.437525995, 33.573595481 -10.438903974, 33.574595051 -10.439425178, 33.575359008 -10.439396619, 33.578579053 -10.437947242, 33.579864214 -10.437783027, 33.581920473 -10.438147157, 33.583005721 -10.437847286, 33.584522925 -10.437133307, 33.584965592 -10.437076189, 33.586407829 -10.437397479, 33.587126516 -10.437031933, 33.58772155 -10.436583543, 33.588328432 -10.436640661, 33.589120949 -10.43735464, 33.58940654 -10.439132447, 33.588564045 -10.440860276, 33.588899615 -10.441124447, 33.590520347 -10.44106019, 33.592717973 -10.442338212, 33.594238748 -10.443137868, 33.596223609 -10.445251245, 33.597487351 -10.446315073, 33.59886533 -10.447864407, 33.599914879 -10.448335632, 33.601421292 -10.44821934, 33.601982916 -10.4486205, 33.602512334 -10.449403031, 33.602912162 -10.449560107, 33.604068948 -10.449543167, 33.60465427 -10.449995633, 33.604932722 -10.451209398, 33.605104076 -10.451437871, 33.606703389 -10.452094731, 33.608067088 -10.453222818, 33.609295132 -10.453794001, 33.61001268 -10.453665483, 33.610769498 -10.453101441, 33.611826186 -10.451716322, 33.613213447 -10.451088021, 33.614205877 -10.451416451, 33.615553155 -10.452551678, 33.616383512 -10.452922946, 33.618052795 -10.452944366, 33.619316537 -10.45178772, 33.621595557 -10.450559677, 33.622209579 -10.450424021, 33.622973536 -10.450666774, 33.623973106 -10.451494989, 33.624571323 -10.452983248, 33.626285422 -10.455515785, 33.627696767 -10.456954271, 33.628551138 -10.457592367, 33.62914374 -10.457792281, 33.630930115 -10.457970776, 33.632879277 -10.458734733, 33.633628955 -10.459334476, 33.633143449 -10.460790992, 33.633626422 -10.46238029, 33.63434851 -10.463543655, 33.63474967 -10.465228527, 33.636670504 -10.467959339, 33.637748612 -10.469215941, 33.638079299 -10.469841868, 33.638237265 -10.471472972, 33.637236863 -10.475056949, 33.634468858 -10.480713306, 33.634222985 -10.482185365, 33.633758899 -10.485983732, 33.63238092 -10.487625883, 33.628732269 -10.491103351, 33.626124729 -10.493069036, 33.624326526 -10.493523347, 33.62352687 -10.493644724, 33.623027085 -10.493908896, 33.62207182 -10.49493067, 33.621770482 -10.496261456, 33.621948977 -10.496497069, 33.623805321 -10.496846918, 33.625511731 -10.496861197, 33.628731775 -10.496225757, 33.6302347 -10.495483218, 33.631484163 -10.495204767, 33.632262478 -10.495315532, 33.63324769 -10.496082961, 33.636117885 -10.500109801, 33.637232608 -10.501241736, 33.637756393 -10.502217882, 33.638421653 -10.503066662, 33.643782696 -10.506685495, 33.644458957 -10.507172189, 33.645007617 -10.509490537, 33.644054952 -10.512761074, 33.64466125 -10.514428726, 33.647565023 -10.519782763, 33.649961631 -10.522607243, 33.651927395 -10.525213454, 33.65249166 -10.525621484, 33.653177449 -10.525889836, 33.655085303 -10.52595833, 33.657918338 -10.52517423, 33.658484859 -10.525382948, 33.658812845 -10.52574075, 33.659124862 -10.527964318, 33.659314167 -10.528331251, 33.660523892 -10.529070526, 33.662305736 -10.531607156, 33.664323517 -10.532587949, 33.665161691 -10.533607359, 33.665774646 -10.53391804, 33.667177736 -10.533117479, 33.669159312 -10.530869259, 33.670173087 -10.529527499, 33.670560707 -10.527529765, 33.670829059 -10.526993061, 33.671246495 -10.526754526, 33.671539552 -10.52675846, 33.672521185 -10.527471346, 33.673632684 -10.528458771, 33.674614938 -10.528908541, 33.675081761 -10.529377433, 33.675122693 -10.530422006, 33.674959291 -10.531694943, 33.673751116 -10.536922092, 33.673310656 -10.537389797, 33.672364205 -10.537927633, 33.671464185 -10.541252313, 33.671037831 -10.542311881, 33.671002568 -10.542995155, 33.670625737 -10.544125647, 33.670738786 -10.544577844, 33.671266349 -10.545444555, 33.67294513 -10.546593888, 33.673180649 -10.546998982, 33.673303862 -10.548431418, 33.673105283 -10.549175179, 33.673152387 -10.549928841, 33.673397327 -10.550352775, 33.674848126 -10.551210065, 33.675987384 -10.552188348, 33.676996061 -10.552425344, 33.679784608 -10.552500711, 33.681282511 -10.552971749, 33.681555713 -10.553791356, 33.679625046 -10.557585209, 33.677925483 -10.559612758, 33.677537863 -10.560477448, 33.677418595 -10.562564632, 33.678627738 -10.565223459, 33.678601654 -10.566027238, 33.678372736 -10.56682845, 33.677686947 -10.568170211, 33.677761027 -10.570951286, 33.677261727 -10.573725703, 33.677355934 -10.574290949, 33.678495847 -10.575440283, 33.67914588 -10.57577001, 33.68171223 -10.576250593, 33.683471428 -10.576250593, 33.686192615 -10.574253266, 33.69012767 -10.572018752, 33.691325762 -10.571855904, 33.692593646 -10.571875291, 33.694390379 -10.571330803, 33.695419316 -10.570522641, 33.699083995 -10.569476935, 33.700145042 -10.569034901, 33.700473028 -10.568587648, 33.700711564 -10.567156435, 33.701778335 -10.566386924, 33.702258795 -10.56633982, 33.703842339 -10.567484422, 33.704915748 -10.567842225, 33.705929522 -10.567842225, 33.706853847 -10.567633507, 33.70768872 -10.567007351, 33.708255241 -10.566768816, 33.708759125 -10.566942749, 33.709030481 -10.567245886, 33.708672678 -10.569959225, 33.708288087 -10.571568346, 33.706346959 -10.574223043, 33.705989156 -10.575385902, 33.705989419 -10.576189233, 33.706347408 -10.578582109, 33.706108424 -10.579470818, 33.705293811 -10.58001228, 33.704735477 -10.580749833, 33.701614168 -10.58637013, 33.700557004 -10.587114608, 33.696991017 -10.588045931, 33.696402813 -10.588781185, 33.696447381 -10.590500684, 33.695150244 -10.593345102, 33.694825058 -10.593670287, 33.693834743 -10.594079274, 33.692795061 -10.59393078, 33.688821617 -10.594895991, 33.686455965 -10.594891162, 33.68669969 -10.595629535, 33.686545312 -10.598072812, 33.685257549 -10.603448311, 33.685448375 -10.604668218, 33.685420112 -10.605600874, 33.683941052 -10.607673443, 33.68371179 -10.60824585, 33.68285361 -10.608711129, 33.68208516 -10.608097378, 33.681632963 -10.607984328, 33.681077138 -10.608135061, 33.680196673 -10.608678891, 33.679565105 -10.609331499, 33.678217935 -10.609444548, 33.677596164 -10.609265553, 33.676427989 -10.608474209, 33.675862742 -10.608238689, 33.674996032 -10.608351739, 33.674082217 -10.60935034, 33.673667703 -10.610188788, 33.673234348 -10.611837423, 33.672386479 -10.61314691, 33.670247964 -10.613552003, 33.66933415 -10.614381031, 33.668514977 -10.616008091, 33.667639475 -10.617233795, 33.666263686 -10.61835944, 33.664662769 -10.619134884, 33.661735134 -10.62017249, 33.660706351 -10.620306903, 33.656900619 -10.621677416, 33.655828535 -10.621677416, 33.654924142 -10.621432476, 33.65261086 -10.620273037, 33.651935473 -10.620147964, 33.651435186 -10.620423123, 33.649834269 -10.622299199, 33.645908466 -10.624710904, 33.645522214 -10.626076915, 33.646059198 -10.627442927, 33.64672087 -10.628144262, 33.6467157 -10.628780143, 33.642680168 -10.633130407, 33.641904723 -10.633805794, 33.641401185 -10.634761557, 33.641240922 -10.638344202, 33.641101339 -10.639186873, 33.640770474 -10.639781396, 33.638148579 -10.641315009, 33.637342108 -10.641385139, 33.636341535 -10.641785368, 33.634340387 -10.6432362, 33.631063509 -10.647538665, 33.630488179 -10.648589268, 33.629536582 -10.649748695, 33.624340972 -10.654690988, 33.621538961 -10.657580884, 33.619968379 -10.658828218, 33.61873695 -10.661401339, 33.616912024 -10.663660525, 33.614741653 -10.664023114, 33.613743135 -10.663764701, 33.613253255 -10.663453815, 33.612640905 -10.662671892, 33.61183999 -10.660646179, 33.609963915 -10.657919616, 33.608813255 -10.656518814, 33.607362423 -10.655468211, 33.60636185 -10.655092996, 33.604810961 -10.654892882, 33.603009929 -10.655368154, 33.60048348 -10.65759443, 33.597856975 -10.659195348, 33.597031502 -10.660320993, 33.596831387 -10.660871309, 33.596931444 -10.6636479, 33.595588371 -10.667386985, 33.593939737 -10.670288583, 33.592153706 -10.673053291, 33.588901842 -10.676955528, 33.588076369 -10.678506417, 33.587588254 -10.680166259, 33.586542549 -10.68130617, 33.585110592 -10.682304774, 33.583348659 -10.682833898, 33.581786945 -10.684452709, 33.58136301 -10.68521579, 33.581002314 -10.687486565, 33.579526468 -10.6905133, 33.576198545 -10.693548461, 33.568445252 -10.702696028, 33.567814061 -10.704071459, 33.564572896 -10.707798207, 33.561321032 -10.711950588, 33.55911977 -10.714076806, 33.55824952 -10.716791649, 33.557368767 -10.721831251, 33.556595809 -10.723233303, 33.553916788 -10.725608416, 33.551140196 -10.729460625, 33.550865039 -10.730961484, 33.550872126 -10.732688216, 33.550520627 -10.733872736, 33.550201939 -10.73437995, 33.549215973 -10.734935594, 33.548106758 -10.735104825, 33.546213612 -10.734952744, 33.545250263 -10.735155804, 33.542023916 -10.73665203, 33.541339537 -10.736786657, 33.540568781 -10.736557594, 33.539719697 -10.735708511, 33.537694921 -10.732239559, 33.537393456 -10.732126509, 33.536907038 -10.732387301, 33.536606866 -10.732912603, 33.53629648 -10.734444559, 33.536252608 -10.735404256, 33.535641193 -10.736384697, 33.535530888 -10.736861849, 33.535775482 -10.739171828, 33.534501529 -10.74173889, 33.531403883 -10.744744384, 33.531109803 -10.745268481, 33.531203769 -10.746520402, 33.531745393 -10.748013139, 33.532573249 -10.749208931, 33.533698284 -10.749980182, 33.536019111 -10.750942476, 33.536224306 -10.751239655, 33.534759814 -10.753170995, 33.53431279 -10.754780282, 33.533968994 -10.756140325, 33.533008367 -10.75825708, 33.532535751 -10.758629946, 33.531872759 -10.758815391, 33.531407132 -10.759474038, 33.531120204 -10.761022854, 33.531148699 -10.761799026, 33.531452078 -10.762578178, 33.531482888 -10.764016268, 33.531282227 -10.764584239, 33.530907068 -10.764995222, 33.52782568 -10.765399811, 33.52701336 -10.765703532, 33.524995612 -10.765693538, 33.524144059 -10.765390394, 33.522176078 -10.767252263, 33.520253874 -10.769643842, 33.518733991 -10.771029619, 33.516051845 -10.775388107, 33.514361651 -10.776102981, 33.512888525 -10.775740297, 33.507036096 -10.776038056, 33.504936555 -10.776911185, 33.504132381 -10.777917523, 33.503058491 -10.782166092, 33.50185626 -10.782734747, 33.500631177 -10.784070023, 33.500064972 -10.785432075, 33.500052491 -10.786691261, 33.499081205 -10.78918423, 33.497418244 -10.791120918, 33.496558802 -10.791535923, 33.493112795 -10.792009792, 33.489523743 -10.791924437, 33.487946138 -10.792162844, 33.485219177 -10.793625661, 33.482686473 -10.793537362, 33.482031723 -10.793300181, 33.481027995 -10.79380896, 33.480840345 -10.794021974, 33.479780681 -10.794276124, 33.478895466 -10.79492358, 33.47832791 -10.794667511, 33.477529169 -10.79366227, 33.476757757 -10.793151877, 33.476496476 -10.794122767, 33.47584315 -10.795011184, 33.475380212 -10.795299164, 33.474381867 -10.796564346, 33.474052218 -10.79746434, 33.472241629 -10.798586166, 33.471504342 -10.799605064, 33.471085379 -10.799855601, 33.469070304 -10.800050833, 33.468431474 -10.800781171, 33.467897279 -10.801788106, 33.467874842 -10.802379002, 33.468162336 -10.803338724, 33.467919481 -10.803813848, 33.465928824 -10.805524457, 33.464925454 -10.806126896, 33.464828561 -10.806292371, 33.465629087 -10.80766914, 33.466974919 -10.812583942, 33.466912218 -10.813682154, 33.466422376 -10.814269197, 33.465206781 -10.815070385, 33.464246474 -10.816374672, 33.458772414 -10.81971175, 33.457667328 -10.819767004, 33.456589868 -10.819573614, 33.454880003 -10.819689417, 33.451672233 -10.820789209, 33.449945993 -10.82141359, 33.448747501 -10.822264969, 33.448119843 -10.822250793, 33.446726971 -10.821839041, 33.445815275 -10.821700905, 33.443978485 -10.821854579, 33.443356457 -10.82175616, 33.441947472 -10.821093107, 33.440787348 -10.820779074, 33.436189695 -10.821345567, 33.435068308 -10.820954972, 33.433410679 -10.819214461, 33.431974066 -10.816949033, 33.431036337 -10.816286008, 33.42891649 -10.816076417, 33.422531102 -10.816479372, 33.421066862 -10.81570581, 33.419271097 -10.814048181, 33.417620418 -10.813604802, 33.41364004 -10.813257612, 33.407513906 -10.813441581, 33.405582242 -10.813292991, 33.405086944 -10.812861374, 33.403523216 -10.810342428, 33.402575073 -10.809450891, 33.400834453 -10.808835306, 33.399186149 -10.808053087, 33.395951606 -10.807081714, 33.395260914 -10.807071248, 33.39392787 -10.80766074, 33.389495657 -10.810391958, 33.387931929 -10.810880181, 33.387064485 -10.811456347, 33.382784424 -10.815539582, 33.374155592 -10.821898836, 33.371661275 -10.824627554, 33.369493331 -10.826098378, 33.367807789 -10.826356041, 33.36629259 -10.827429635, 33.364209818 -10.827766027, 33.361819282 -10.8275191, 33.359928325 -10.828440602, 33.358869046 -10.829245798, 33.353635276 -10.829099073, 33.351842374 -10.829417572, 33.350228405 -10.829023921, 33.348945818 -10.828132839, 33.34481606 -10.827231019, 33.342131717 -10.826828422, 33.339844247 -10.824751018, 33.338505833 -10.823799098, 33.337199627 -10.822135027, 33.336491055 -10.822031247, 33.335811112 -10.822474999, 33.334956531 -10.823781204, 33.334022505 -10.825688622, 33.332440743 -10.827277542, 33.331303449 -10.829775437, 33.328247285 -10.833778153, 33.326998338 -10.834876797, 33.325957667 -10.836939886, 33.325596224 -10.838947508, 33.325889673 -10.842102083, 33.325331404 -10.846246157, 33.324704426 -10.848153575, 33.323877758 -10.848976664, 33.320757179 -10.85046538, 33.319676427 -10.851413721, 33.319442154 -10.851899136, 33.31919832 -10.854231906, 33.31938441 -10.856948098, 33.318801091 -10.859152545, 33.318772461 -10.860256557, 33.316560858 -10.86252184, 33.31557172 -10.864638609, 33.31496335 -10.866316994, 33.312780376 -10.868251253, 33.310543722 -10.869063606, 33.300695645 -10.872128716, 33.296389102 -10.872758556, 33.295659058 -10.873187994, 33.295115104 -10.874057606, 33.293838251 -10.874786499, 33.292482259 -10.875368037, 33.29160045 -10.876830909, 33.291025538 -10.878158296, 33.286940149 -10.87803069, 33.286278293 -10.877434139, 33.285577799 -10.875283129, 33.28550657 -10.871906169, 33.286829874 -10.870591348, 33.287779938 -10.869938178, 33.288238259 -10.869152042, 33.286695759 -10.868501077, 33.285245242 -10.867588314, 33.283699082 -10.866360215, 33.28236968 -10.865670801, 33.280853484 -10.865393264, 33.275134661 -10.865061738, 33.27289277 -10.865289649, 33.271708893 -10.865780044, 33.270369307 -10.866916122, 33.269590981 -10.866944426, 33.268338379 -10.86669174, 33.266929394 -10.866001061, 33.266321596 -10.866083943, 33.26502312 -10.866829876, 33.264470576 -10.868487505, 33.263503626 -10.870172763, 33.261072435 -10.872797344, 33.259608196 -10.875200906, 33.258693708 -10.877494283, 33.254745815 -10.881417017, 33.25040835 -10.884538887, 33.249330891 -10.886389908, 33.246844446 -10.888047538, 33.246236649 -10.888710589, 33.245766987 -10.889622286, 33.245684105 -10.89133517, 33.245159189 -10.893269071, 33.2446619 -10.894678056, 33.244800036 -10.896308059, 33.24501215 -10.896623415, 33.245592356 -10.896934746, 33.24651292 -10.897136874, 33.249413772 -10.89912603, 33.249809469 -10.899446617, 33.250049197 -10.900258744, 33.25002157 -10.900728405, 33.248999365 -10.903297732, 33.248910856 -10.903897227, 33.249434457 -10.905821815, 33.249908528 -10.906607217, 33.250463605 -10.907165534, 33.25021496 -10.908878418, 33.250299107 -10.909140315, 33.250652891 -10.909232299, 33.252053878 -10.909126162, 33.255379453 -10.908340762, 33.255903055 -10.907986977, 33.2568795 -10.906883169, 33.258227419 -10.905775823, 33.258889889 -10.9041818, 33.259854829 -10.902995076, 33.261744038 -10.901827587, 33.262812947 -10.901778238, 33.264249559 -10.902358408, 33.265186363 -10.903023379, 33.266739477 -10.902839411, 33.268172305 -10.90364604, 33.269155826 -10.905047026, 33.26950961 -10.905266373, 33.271462501 -10.905514023, 33.272205449 -10.905436189, 33.273034997 -10.905038242, 33.274361814 -10.904091896, 33.274830763 -10.902800442, 33.274736826 -10.900844153, 33.274850037 -10.900610656, 33.275963476 -10.900838914, 33.276838306 -10.900992742, 33.278225142 -10.900490369, 33.278748743 -10.900532823, 33.27964028 -10.901339452, 33.28034785 -10.904318318, 33.281904502 -10.90633489, 33.283198646 -10.908740626, 33.283849609 -10.913820972, 33.284939266 -10.914960159, 33.286948763 -10.916269162, 33.28961682 -10.918534112, 33.29293208 -10.920274623, 33.294175302 -10.921241574, 33.295603053 -10.923064547, 33.296132901 -10.923464752, 33.299862646 -10.928197578, 33.300288807 -10.930447039, 33.300191882 -10.933315042, 33.300578375 -10.934078487, 33.302792365 -10.935591061, 33.304262472 -10.937055921, 33.305355152 -10.939627774, 33.305744817 -10.939927889, 33.308055838 -10.940076298, 33.309611356 -10.94058208, 33.310384343 -10.940834971, 33.311362984 -10.941846535, 33.31228866 -10.944365902, 33.312140743 -10.945005287, 33.310623397 -10.947348107, 33.310427764 -10.949519153, 33.31028939 -10.950907666, 33.310680655 -10.953002369, 33.310685427 -10.954281138, 33.310986033 -10.955626709, 33.310637712 -10.957487605, 33.3101033 -10.958365566, 33.309807466 -10.959935399, 33.309826552 -10.960894476, 33.310494566 -10.963604705, 33.311410699 -10.966019097, 33.311572931 -10.968953588, 33.311234153 -10.97101966, 33.310709285 -10.973839633, 33.308371236 -10.978828266, 33.30830682 -10.979880386, 33.308702857 -10.981287989, 33.308569254 -10.98210392, 33.307323885 -10.985541806, 33.307132039 -10.985836381, 33.303909168 -10.985965126, 33.302110501 -10.985709337, 33.295644329 -10.98290101, 33.293241772 -10.982137139, 33.292363618 -10.981641657, 33.290499278 -10.981618482, 33.289529952 -10.981790754, 33.29135607 -10.984940271, 33.292468548 -10.986079381, 33.293677904 -10.986561892, 33.29774714 -10.98730355, 33.298545785 -10.987680114, 33.29950963 -10.988535506, 33.300217868 -10.990125452, 33.299673782 -10.991785766, 33.298954801 -10.99280974, 33.29883734 -10.99530464, 33.298039448 -10.997336303, 33.297599094 -10.999758788, 33.297684002 -11.000162104, 33.29928267 -11.000755163, 33.300941979 -11.001183841, 33.305467596 -11.001526211, 33.305809587 -11.001583979, 33.306693421 -11.006699584, 33.307132096 -11.007542381, 33.308157582 -11.00860944, 33.308538674 -11.009627996, 33.309356291 -11.013858121, 33.313487007 -11.02252172, 33.315193696 -11.025208289, 33.315835208 -11.02622227, 33.317146995 -11.027640297, 33.31780407 -11.031250445, 33.317597612 -11.032617569, 33.31780829 -11.033585878, 33.317658385 -11.034951234, 33.317070359 -11.036462425, 33.317155998 -11.037584712, 33.318780403 -11.041566249, 33.319258729 -11.04252147, 33.319921082 -11.044217062, 33.320206713 -11.0451955, 33.321717587 -11.04646399, 33.323013161 -11.047062649, 33.326016082 -11.047931413, 33.327311038 -11.049080211, 33.329096852 -11.051616589, 33.329312933 -11.05258895, 33.329393784 -11.056977107, 33.330106635 -11.058960841, 33.330821172 -11.060043717, 33.331334363 -11.062220725, 33.330318786 -11.0637711, 33.329430324 -11.065962877, 33.329384239 -11.067490381, 33.3290789 -11.069686184, 33.329276541 -11.070063899, 33.332232176 -11.071398731, 33.335343731 -11.07452109, 33.339773375 -11.077475987, 33.341432331 -11.078486162, 33.341950923 -11.079777241, 33.343139364 -11.081468069, 33.343420269 -11.082116309, 33.344894476 -11.083690994, 33.348297739 -11.086251544, 33.349134708 -11.087225886, 33.351198616 -11.087753301, 33.35219291 -11.088121832, 33.353277307 -11.088409645, 33.355662399 -11.090849133, 33.357407521 -11.091538997, 33.359252465 -11.09351454, 33.359943921 -11.095335015, 33.360485016 -11.096970214, 33.362085023 -11.098923944, 33.363222938 -11.100099584, 33.364214666 -11.101559563, 33.367037834 -11.103386704, 33.36842615 -11.105768987, 33.368580839 -11.107027244, 33.36864672 -11.109385765, 33.369635359 -11.111134348, 33.370624225 -11.111789522, 33.371666812 -11.11299417, 33.373552112 -11.114279847, 33.374273525 -11.115079142, 33.374551224 -11.117172118, 33.375599712 -11.120393156, 33.376539421 -11.123293092, 33.376820325 -11.125021734, 33.376112662 -11.127636304, 33.375535915 -11.128700749, 33.375517615 -11.129628169, 33.376077829 -11.130907825, 33.377033995 -11.134099856, 33.377845317 -11.135844937, 33.379268088 -11.13749073, 33.380539312 -11.139824384, 33.381803061 -11.140877286, 33.382754446 -11.142200577, 33.384568602 -11.144027003, 33.385555808 -11.144300834, 33.38847269 -11.144852173, 33.389733006 -11.144563378, 33.392381216 -11.145470671, 33.393121785 -11.145540463, 33.394219067 -11.14612206, 33.39637098 -11.147068127, 33.397561317 -11.147731149, 33.398123529 -11.148339888, 33.398807215 -11.149579929, 33.399656136 -11.150200189, 33.400405751 -11.15039147, 33.401879133 -11.151632213, 33.403812624 -11.153720797, 33.405229139 -11.155292404, 33.406729088 -11.156682297, 33.407229897 -11.157524566, 33.407496192 -11.158875252, 33.407229897 -11.160802583, 33.406690702 -11.162034854, 33.40520523 -11.162736462, 33.404075595 -11.16299472, 33.401649366 -11.168063295, 33.401251923 -11.169550814, 33.400395779 -11.171099922, 33.400257675 -11.172416084, 33.399394466 -11.174203678, 33.398783223 -11.176268151, 33.398757899 -11.178512955, 33.398555581 -11.179256381, 33.399344292 -11.180913784, 33.399013262 -11.18171866, 33.398308637 -11.182346212, 33.39782004 -11.184190632, 33.397437444 -11.184716959, 33.39571289 -11.186161975, 33.392632353 -11.187994819, 33.390480445 -11.192037451, 33.390452721 -11.193679017, 33.39172761 -11.197953438, 33.39194866 -11.199175777, 33.391702745 -11.200885249, 33.39218289 -11.203576147, 33.39366255 -11.206922456, 33.393503202 -11.207696432, 33.39297761 -11.208888437, 33.391760834 -11.209712433, 33.386469124 -11.213205321, 33.384989464 -11.215322374, 33.383760208 -11.216710977, 33.381643156 -11.219715826, 33.381818013 -11.225977287, 33.381401771 -11.229940379, 33.381225894 -11.234069822, 33.380848807 -11.235372424, 33.379055558 -11.237721792, 33.372279998 -11.241507705, 33.370088703 -11.244181034, 33.368838022 -11.245702695, 33.367783022 -11.24807345, 33.366293931 -11.249096467, 33.364324109 -11.250310018, 33.362491765 -11.251438561, 33.359779093 -11.252517283, 33.357966827 -11.252973106, 33.356203515 -11.254056206, 33.355048591 -11.255354764, 33.354789316 -11.256104096, 33.355039452 -11.25859156, 33.356130323 -11.261773846, 33.355449397 -11.266491688, 33.354719834 -11.268374657, 33.354474059 -11.269901248, 33.352679529 -11.27269476, 33.351534074 -11.273794272, 33.348603118 -11.275510134, 33.348165942 -11.276092115, 33.347223136 -11.278950287, 33.34743019 -11.280890623, 33.347828934 -11.283863114, 33.346074888 -11.28816008, 33.345858331 -11.289055392, 33.342781593 -11.291714991, 33.341782286 -11.293032164, 33.341285857 -11.294182519, 33.340487816 -11.295202605, 33.338861737 -11.298393916, 33.337936681 -11.300849729, 33.338095114 -11.303314049, 33.337813643 -11.304601721, 33.335082533 -11.310697297, 33.334747084 -11.311167683, 33.334176989 -11.311593736, 33.333112545 -11.311879025, 33.330980018 -11.312022486, 33.330371279 -11.312383077, 33.328060395 -11.315104957, 33.327164734 -11.317822959, 33.32649008 -11.320366481, 33.325319129 -11.32170028, 33.324708909 -11.324358137, 33.323805378 -11.327212475, 33.322840243 -11.328239214, 33.32177118 -11.328970295, 33.32008971 -11.329144001, 33.317275314 -11.328588306, 33.315694135 -11.328608841, 33.313558516 -11.330066811, 33.311220793 -11.330977637, 33.310600053 -11.331557385, 33.309112618 -11.335035875, 33.308301609 -11.33764415, 33.308281074 -11.338855703, 33.309266744 -11.342202874, 33.310971132 -11.345159884, 33.311669315 -11.348465986, 33.312182685 -11.349944491, 33.313045146 -11.35460589, 33.3161459 -11.361207826, 33.317925963 -11.363490389, 33.317896683 -11.363619222, 33.316536061 -11.36379521, 33.314605586 -11.364427356, 33.307920584 -11.367450229, 33.30430692 -11.370639971, 33.303350515 -11.370908799, 33.301401514 -11.370841592, 33.297724137 -11.368918641, 33.294746592 -11.36797404, 33.293596643 -11.368240993, 33.293001134 -11.368590084, 33.291810116 -11.369637358, 33.290025791 -11.373042211, 33.290170295 -11.376392862, 33.290101221 -11.379508817, 33.290332936 -11.381945552, 33.289899474 -11.385099302, 33.289166315 -11.387690538, 33.28923319 -11.388279656, 33.293267489 -11.397118247, 33.29331365 -11.399300524, 33.292994141 -11.403889445, 33.291883979 -11.408558135, 33.292145797 -11.411730761, 33.292623231 -11.416736117, 33.291856839 -11.419201736, 33.291524628 -11.423311393, 33.292188043 -11.427096602, 33.292967557 -11.429028669, 33.293156828 -11.429881119, 33.295066577 -11.431308535, 33.295812569 -11.431640365, 33.297334524 -11.431997252, 33.298200202 -11.432696282, 33.299034248 -11.434294348, 33.299198271 -11.435786093, 33.29903894 -11.4362662, 33.298683691 -11.436657808, 33.297966321 -11.436976626, 33.296090707 -11.438681528, 33.292380005 -11.440414584, 33.290157447 -11.43993547, 33.289279809 -11.439935939, 33.287135605 -11.440346767, 33.283044744 -11.439139082, 33.28215224 -11.439024373, 33.279032953 -11.439517636, 33.278440796 -11.439466766, 33.277759338 -11.439105132, 33.268172585 -11.430916519, 33.26771305 -11.430190455, 33.267418948 -11.427488393, 33.266812363 -11.426725566, 33.264680124 -11.425420487, 33.260911942 -11.424740377, 33.257985075 -11.423563521, 33.256545446 -11.421731926, 33.256056598 -11.421392877, 33.251616691 -11.419784602, 33.251315264 -11.419513068, 33.248704211 -11.415267669, 33.246607325 -11.411653677, 33.245876934 -11.411305438, 33.239906641 -11.411237383, 33.238963417 -11.411462918, 33.237715921 -11.41238277, 33.232846053 -11.419224576, 33.232454397 -11.420372453, 33.232425452 -11.421678265, 33.233314439 -11.431717992, 33.232829725 -11.433882723, 33.234972564 -11.443035815, 33.235616374 -11.443832376, 33.237059585 -11.444318026, 33.237822592 -11.444633601, 33.242879524 -11.45125339, 33.243871396 -11.451998221, 33.24697717 -11.45359703, 33.247421126 -11.454207009, 33.247675031 -11.455138166, 33.247340081 -11.457636279, 33.246248547 -11.459102476, 33.245729519 -11.45968089, 33.23911621 -11.464056013, 33.238445776 -11.464848475, 33.238223946 -11.465439567, 33.238087967 -11.466611533, 33.234616942 -11.471502371, 33.233334017 -11.474890013, 33.233344753 -11.475739357, 33.234047051 -11.478028764, 33.235355878 -11.478271371, 33.23709086 -11.477444341, 33.23894409 -11.477926968, 33.240888244 -11.479436805, 33.241632479 -11.480226824, 33.241588992 -11.481001494, 33.241258032 -11.481760973, 33.23984006 -11.482636851, 33.238038476 -11.484778994, 33.238114788 -11.485376842, 33.239828755 -11.489028911, 33.242357069 -11.495697097, 33.246078826 -11.501585026, 33.249093851 -11.507794937, 33.254359562 -11.520156656, 33.255141718 -11.525034154, 33.255140434 -11.528175095, 33.254938405 -11.529204753, 33.250665746 -11.537868836, 33.241963409 -11.546073597, 33.237096112 -11.551196704, 33.232960127 -11.556734722, 33.23056035 -11.560790853, 33.228094312 -11.565952957, 33.22687121 -11.569287576, 33.226510833 -11.571194588, 33.226430093 -11.572902304, 33.226676431 -11.574775244, 33.227621359 -11.578978323, 33.228884847 -11.581248619, 33.230798197 -11.583603239, 33.232878586 -11.584811795, 33.233220282 -11.585197674, 33.234092759 -11.587771054, 33.23446103 -11.589159821, 33.235556147 -11.589879854, 33.237238041 -11.590512025, 33.238649101 -11.590455427, 33.23928209 -11.590212873, 33.241482111 -11.588244665, 33.243790843 -11.586431259, 33.245140212 -11.585983013, 33.249237237 -11.583340277, 33.250136806 -11.582479435, 33.250741068 -11.582069233, 33.252413409 -11.58143597, 33.252983064 -11.581374656, 33.255106732 -11.580444079, 33.257250597 -11.579848141, 33.26271961 -11.57754499, 33.26471293 -11.577279481, 33.265595871 -11.576934574, 33.266797758 -11.576851823, 33.269421295 -11.577432836, 33.272848111 -11.580598417, 33.274486992 -11.583114891, 33.275224626 -11.583146879, 33.276873733 -11.582185231, 33.277454116 -11.581095618, 33.278165949 -11.580225403, 33.279988555 -11.579141143, 33.280426627 -11.578204274, 33.280320969 -11.577160075, 33.281117068 -11.576869808, 33.28153272 -11.57685649, 33.285140407 -11.577988077, 33.28751504 -11.578371392, 33.289114986 -11.578155567, 33.289986894 -11.578201847, 33.28997405 -11.578859266, 33.291634367 -11.581545437, 33.292555552 -11.58374967, 33.293396271 -11.586411452, 33.294601141 -11.589049755, 33.296542968 -11.59140663, 33.298842197 -11.592556244, 33.301296245 -11.593323752, 33.304227927 -11.593458807, 33.30980085 -11.593157549, 33.310318926 -11.593157549, 33.311369372 -11.593827738, 33.312369709 -11.595900434, 33.315631077 -11.607745868, 33.318593167 -11.620142051, 33.32037194 -11.630346938, 33.320596247 -11.633939801, 33.3203534 -11.636012102, 33.317261137 -11.643362298, 33.316333213 -11.646611685, 33.315952204 -11.650003066, 33.315971423 -11.651853069, 33.316192606 -11.655278033, 33.31577167 -11.658807421, 33.313176439 -11.667240329, 33.312074006 -11.672144267, 33.312193711 -11.677482423, 33.312865703 -11.680529155, 33.313537469 -11.682711747, 33.315909381 -11.688474342, 33.316222314 -11.689551488, 33.316123493 -11.691234734, 33.314395532 -11.696837397, 33.313942216 -11.700285837, 33.313949437 -11.701983135, 33.31458189 -11.703806378, 33.316030708 -11.707134147, 33.316887707 -11.711455103, 33.316844884 -11.715230055, 33.316456189 -11.716570722, 33.314861882 -11.718573489, 33.314476481 -11.721672639, 33.314163604 -11.72324252, 33.314136494 -11.725104889, 33.31470246 -11.731440281, 33.317434515 -11.741776597, 33.318346333 -11.74489133, 33.318709366 -11.746708788, 33.319953149 -11.749683667, 33.320956725 -11.751020951, 33.322094777 -11.752037287, 33.32316158 -11.753359213, 33.325461422 -11.755253322, 33.326262266 -11.756292217, 33.326383421 -11.756641981, 33.325725177 -11.76050954, 33.324400986 -11.764141915, 33.324284567 -11.765215055, 33.32511013 -11.767123967, 33.324954184 -11.771881666, 33.324472416 -11.773883222, 33.324527655 -11.776188316, 33.323924689 -11.777352079, 33.323714684 -11.778093774, 33.322956034 -11.779021437, 33.322822776 -11.779982066, 33.323212569 -11.78045106, 33.323845329 -11.780834006, 33.325643176 -11.78142811, 33.327175715 -11.782237834, 33.330842233 -11.785249569, 33.332369489 -11.787036977, 33.333313537 -11.789246038, 33.33501787 -11.795873621, 33.335080597 -11.800181188, 33.33464425 -11.802969528, 33.333350048 -11.807516727, 33.332152172 -11.810294557, 33.33198548 -11.81296648, 33.332178391 -11.815353116, 33.332738646 -11.819139143, 33.332586712 -11.820164212, 33.331770069 -11.821957277, 33.330332066 -11.824549232, 33.328923433 -11.828270832, 33.325916901 -11.833911581, 33.320292165 -11.840517144, 33.316677121 -11.844320347, 33.312229376 -11.849692869, 33.309468596 -11.853975034, 33.305882466 -11.861804161, 33.305064525 -11.865953051, 33.304923797 -11.870174758, 33.305296613 -11.872163107, 33.305882466 -11.873689876, 33.306912147 -11.875145632, 33.309162794 -11.877412211, 33.312362355 -11.879566159, 33.316356808 -11.882158115, 33.317581773 -11.883170043, 33.319623382 -11.885637727, 33.320501141 -11.887532733, 33.321593979 -11.891265467, 33.323291491 -11.901276306, 33.323759885 -11.902443288, 33.324825047 -11.906222473, 33.325091344 -11.907838007, 33.325162357 -11.909542306, 33.323047285 -11.923100683, 33.322831603 -11.924592439, 33.321134452 -11.935046742, 33.320166526 -11.93849142, 33.318766236 -11.941758171, 33.317759305 -11.943397511, 33.315702323 -11.945798905, 33.313278949 -11.948275659, 33.312280775 -11.94969552, 33.311830739 -11.950661953, 33.311746113 -11.951389599, 33.312052393 -11.95495365, 33.312298417 -11.955540296, 33.312976788 -11.956325528, 33.313320838 -11.960165988, 33.313535927 -11.96160452, 33.314007429 -11.962834605, 33.314650803 -11.963798426, 33.313780641 -11.965005208, 33.313080876 -11.967238289, 33.308687459 -11.97623191, 33.307973041 -11.978011799, 33.307407338 -11.979074926, 33.307540784 -11.981167355, 33.308190372 -11.98265854, 33.309892904 -11.985584215, 33.310604796 -11.987931218, 33.310782327 -11.992387252, 33.310533784 -11.994340096, 33.30858094 -12.001494604, 33.307552971 -12.005223577, 33.306312597 -12.008558577, 33.303591221 -12.014561171, 33.301919453 -12.017457413, 33.299868242 -12.020152941, 33.296654446 -12.023054243, 33.293324438 -12.02571785, 33.291488785 -12.028697395, 33.289806857 -12.032771098, 33.286379702 -12.04252809, 33.283810123 -12.053988911, 33.283079012 -12.056084617, 33.27409872 -12.064937877, 33.273724656 -12.065959648, 33.274530525 -12.083556962, 33.274176546 -12.084822252, 33.268686595 -12.095916129, 33.269949374 -12.10284886, 33.269544682 -12.104199507, 33.264518672 -12.111137259, 33.263179323 -12.118657447, 33.257919585 -12.128432059, 33.256583499 -12.134059333, 33.257206102 -12.140069457, 33.260858119 -12.144757807, 33.263326438 -12.148418109, 33.27041187 -12.152607539, 33.272977033 -12.158273793, 33.276109248 -12.159628331, 33.28000671 -12.162119659, 33.280895428 -12.163753097, 33.282423278 -12.165203981, 33.282602552 -12.166773305, 33.282571514 -12.168629601, 33.282702395 -12.16898576, 33.283306314 -12.169446401, 33.284886599 -12.168940041, 33.288443703 -12.168802707, 33.289521439 -12.168371695, 33.290587348 -12.168327555, 33.291606341 -12.166940696, 33.293688437 -12.166062964, 33.294823193 -12.165974022, 33.296027458 -12.165672093, 33.29779849 -12.165531211, 33.299020888 -12.165620198, 33.300994692 -12.166315487, 33.3025481 -12.167158171, 33.304085278 -12.167197982, 33.305167096 -12.167015918, 33.306333622 -12.166152634, 33.307424687 -12.165786466, 33.309074786 -12.165835553, 33.310343006 -12.165991419, 33.312227305 -12.166535867, 33.312566199 -12.166821824, 33.312638427 -12.168385407, 33.312899393 -12.169220151, 33.313445428 -12.170207003, 33.313427219 -12.170902073, 33.313221746 -12.171307055, 33.310813061 -12.173992898, 33.31058913 -12.174483583, 33.310213169 -12.176978772, 33.308804603 -12.178845695, 33.308081629 -12.180428708, 33.308065934 -12.18078706, 33.30904381 -12.183351862, 33.311706787 -12.18955552, 33.311273346 -12.196517094, 33.31416031 -12.203691188, 33.314182616 -12.204879797, 33.315797058 -12.207124347, 33.31872566 -12.209405469, 33.318357062 -12.210676424, 33.317538538 -12.211251681, 33.317427245 -12.212434124, 33.316327821 -12.213075437, 33.315502572 -12.214846063, 33.314541415 -12.215833062, 33.31428222 -12.216477775, 33.312910986 -12.217242355, 33.311179631 -12.236590115, 33.3114839 -12.24786652, 33.311849317 -12.248785575, 33.323790229 -12.257413735, 33.325724611 -12.260714901, 33.326962113 -12.26138485, 33.329141246 -12.26026387, 33.32969309 -12.260199042, 33.330302574 -12.260458964, 33.330717613 -12.261576706, 33.329759814 -12.263511127, 33.329638251 -12.264308296, 33.329779426 -12.265039105, 33.330382481 -12.266068938, 33.330084522 -12.267768848, 33.330105534 -12.268482903, 33.332465989 -12.272557836, 33.335814686 -12.28425522, 33.345293183 -12.29616812, 33.350509576 -12.299713368, 33.363274685 -12.316470838, 33.367618535 -12.326186118, 33.368090577 -12.334010002, 33.368175268 -12.338750528, 33.367948409 -12.339625839, 33.367460382 -12.340332234, 33.367438346 -12.341223999, 33.36782804 -12.3417257, 33.368134286 -12.343423729, 33.369154471 -12.34447994, 33.369506735 -12.346011816, 33.36972508 -12.346360467, 33.37185118 -12.347128741, 33.376921662 -12.347445194, 33.381868453 -12.347473537, 33.386910478 -12.344952383, 33.392840055 -12.343625408, 33.39754629 -12.34162836, 33.41311188 -12.34368314, 33.423289698 -12.34353858, 33.438816894 -12.335202923, 33.456436594 -12.328698914, 33.45751626 -12.328198985, 33.475689785 -12.325220035, 33.485549662 -12.335441959, 33.493219565 -12.335390465, 33.496072584 -12.337191576, 33.498455881 -12.338194526, 33.50109573 -12.33907493, 33.504144911 -12.339642904, 33.505899958 -12.338733373, 33.50635267 -12.338971388, 33.506505986 -12.339735556, 33.508509642 -12.340689982, 33.509470034 -12.341397028, 33.510589486 -12.342852369, 33.511458417 -12.343625701, 33.512032588 -12.34366635, 33.512407236 -12.343487964, 33.512969431 -12.34289764, 33.515600448 -12.342350372, 33.517945912 -12.341253039, 33.518665692 -12.341052874, 33.521548573 -12.341874936, 33.522570383 -12.341855686, 33.52359164 -12.341542493, 33.524392958 -12.340139744, 33.525936363 -12.339212054, 33.527803535 -12.337378028, 33.5300993 -12.33809969, 33.533261933 -12.337821021, 33.534664801 -12.337620526, 33.538060376 -12.339334027, 33.538766996 -12.340287456, 33.539041069 -12.341845226, 33.539574698 -12.342582538, 33.540163722 -12.343234415, 33.540258584 -12.351369566, 33.540136769 -12.353517252, 33.542285992 -12.355843807, 33.542880054 -12.357069374, 33.54395467 -12.35750592, 33.54663804 -12.357470043, 33.547193605 -12.357367464, 33.547823171 -12.357666666, 33.54849149 -12.358555009, 33.548720415 -12.359697977, 33.549276607 -12.361005803, 33.549186409 -12.366286473, 33.548834744 -12.372251455, 33.548411504 -12.373069924, 33.543640205 -12.375708075, 33.538605801 -12.378631001, 33.538311057 -12.378612847, 33.537749291 -12.378285985, 33.537251994 -12.378255498), (34.637581545 -11.118110673, 34.637520663 -11.118194971, 34.637455098 -11.118109112, 34.637581545 -11.118110673), (34.62557576 -10.999052882, 34.625395788 -10.998961176, 34.625482908 -10.998927933, 34.62557576 -10.999052882)))"},"geometry":{"type":"GeometryCollection","geometries":[{"type":"MultiLineString","coordinates":[[[34.932219509,-11.456032904],[34.932309914,-11.455992724]],[[34.799486441,-11.322006261],[34.79944185,-11.321915993]],[[34.792483054,-11.290306612],[34.792589087,-11.290200579]],[[34.798796484,-11.276813607],[34.798884622,-11.276875588]],[[34.7941953,-11.268147336],[34.794178294,-11.268238903]],[[34.708862147,-11.183713837],[34.708959705,-11.183720975]],[[34.637873466,-11.112131761],[34.637973374,-11.112138005]],[[34.636253071,-11.103331989],[34.636363908,-11.103338233],[34.63636703,-11.103224275]],[[34.637596455,-11.089668732],[34.637667839,-11.089604486]],[[34.637334115,-11.084800224],[34.637411128,-11.084856423]],[[34.637794111,-11.081794637],[34.637866961,-11.081863324]],[[34.634309795,-11.076081108],[34.63427441,-11.076189342]],[[34.616064721,-11.014650895],[34.616216036,-11.014605042]],[[34.653430426,-10.955046937],[34.653520188,-10.954992608]],[[34.575958134,-10.551053241],[34.576050783,-10.551095354]],[[34.576678272,-10.550396273],[34.576686695,-10.550539459]],[[34.57803011,-10.545012084],[34.577987997,-10.544894167]],[[34.577569806,-10.544449455],[34.57765109,-10.544380384]],[[34.577385776,-10.544026632],[34.577482636,-10.543929772]]]},{"type":"Polygon","coordinates":[[[33.537251994,-12.378255498],[33.534773583,-12.37874983],[33.5336625,-12.380225409],[33.531597753,-12.382229541],[33.531605481,-12.384164627],[33.530466999,-12.385114865],[33.528411115,-12.386441412],[33.527246294,-12.387662899],[33.525505908,-12.388125523],[33.52047836,-12.389808428],[33.516736174,-12.389677332],[33.511689217,-12.390883528],[33.511204926,-12.391971296],[33.511739492,-12.393797031],[33.511537539,-12.394584885],[33.509918706,-12.397158497],[33.509238508,-12.39777153],[33.507058313,-12.39896439],[33.506827002,-12.399400318],[33.50757366,-12.40153123],[33.506573459,-12.40217518],[33.505859961,-12.40241849],[33.505223643,-12.402885302],[33.504631883,-12.403656085],[33.504141001,-12.40382054],[33.505104421,-12.40620456],[33.505021204,-12.407137472],[33.503096884,-12.411385523],[33.502822666,-12.41180031],[33.501384406,-12.411814579],[33.50056819,-12.41154875],[33.499301877,-12.410437942],[33.498540823,-12.410502145],[33.496351911,-12.411250483],[33.495429697,-12.411810866],[33.493423026,-12.410719846],[33.492433979,-12.41073164],[33.490426684,-12.411991676],[33.489113331,-12.413726308],[33.488214587,-12.414638272],[33.485878036,-12.415434812],[33.48341758,-12.416720871],[33.482308125,-12.417947858],[33.482017578,-12.418057952],[33.481374296,-12.418003977],[33.479589415,-12.415925727],[33.478812572,-12.415718608],[33.477680604,-12.415655568],[33.474780208,-12.416553072],[33.47416693,-12.417372197],[33.47391561,-12.418167537],[33.473948726,-12.422065824],[33.471927518,-12.422372201],[33.47113553,-12.42267651],[33.47050727,-12.423644925],[33.470105292,-12.424943928],[33.469831608,-12.428910261],[33.469966579,-12.429755619],[33.470275615,-12.430436457],[33.471783638,-12.432182544],[33.472252715,-12.43389243],[33.473311121,-12.436695235],[33.47453226,-12.439004258],[33.474996337,-12.442045829],[33.475428945,-12.444389136],[33.475425374,-12.446482048],[33.475626283,-12.447365205],[33.475960299,-12.447477505],[33.477154016,-12.447423316],[33.47755775,-12.44763456],[33.478723938,-12.449187571],[33.479434791,-12.451151105],[33.479711336,-12.452408743],[33.480806383,-12.454840267],[33.480902239,-12.456297586],[33.478045084,-12.458063447],[33.476924849,-12.459182008],[33.47497858,-12.462123377],[33.474232065,-12.462374181],[33.472748081,-12.462555862],[33.467065202,-12.463941951],[33.466127643,-12.463135067],[33.462445832,-12.482934362],[33.436922124,-12.477704992],[33.435567106,-12.477740971],[33.435589684,-12.478725556],[33.435817858,-12.479351007],[33.437266834,-12.480814817],[33.43723636,-12.48180761],[33.43683385,-12.482721665],[33.43450349,-12.484519082],[33.433293918,-12.485265998],[33.431410366,-12.486171146],[33.430870171,-12.486584702],[33.430102303,-12.486594138],[33.42984206,-12.488017403],[33.428084938,-12.490823831],[33.426642578,-12.491044497],[33.425690686,-12.491736593],[33.425235874,-12.492424533],[33.424628066,-12.494613148],[33.424056481,-12.495482906],[33.422305384,-12.497066416],[33.420555797,-12.499417812],[33.4193671,-12.500738403],[33.416408358,-12.502788425],[33.414042961,-12.504051056],[33.412929062,-12.504479064],[33.409299294,-12.504754966],[33.408115888,-12.505357966],[33.409109376,-12.506005764],[33.411302124,-12.506893594],[33.414046534,-12.508566926],[33.414530257,-12.509359511],[33.415741811,-12.514124965],[33.415823087,-12.515795035],[33.415173043,-12.517471147],[33.414252775,-12.518795959],[33.414195515,-12.519372476],[33.413890744,-12.519599238],[33.412971407,-12.519756638],[33.412021441,-12.52043091],[33.411469861,-12.521054769],[33.41095263,-12.521951201],[33.410769297,-12.523703815],[33.409937818,-12.524435436],[33.40755923,-12.525221151],[33.404831998,-12.52556961],[33.401029918,-12.52678237],[33.399669043,-12.527859368],[33.39760029,-12.530233171],[33.394074885,-12.535127657],[33.393027044,-12.535878471],[33.387975595,-12.538688444],[33.38704093,-12.539808983],[33.384525387,-12.544400325],[33.384361058,-12.546240806],[33.382492971,-12.547915315],[33.379084302,-12.551655434],[33.376948358,-12.552809843],[33.374694098,-12.554810544],[33.371079854,-12.55670854],[33.369629161,-12.557397898],[33.367156343,-12.560262147],[33.366277185,-12.561080503],[33.365859832,-12.561217286],[33.365407194,-12.561002054],[33.365048384,-12.560516616],[33.364048149,-12.560543567],[33.363528885,-12.56059649],[33.362737483,-12.560030296],[33.358441657,-12.55867624],[33.358010618,-12.558180455],[33.357169543,-12.555534782],[33.357046453,-12.553649818],[33.355631079,-12.552595172],[33.35397844,-12.551779326],[33.35292432,-12.550483119],[33.351696519,-12.549810547],[33.347605404,-12.548426301],[33.345054214,-12.548122312],[33.343901202,-12.548256036],[33.343196832,-12.548160917],[33.337820601,-12.546691177],[33.334286904,-12.547034114],[33.331999109,-12.546746801],[33.331487514,-12.545942485],[33.331297228,-12.544586227],[33.331252753,-12.542012458],[33.330765924,-12.537958499],[33.330156103,-12.53656471],[33.329484677,-12.535736866],[33.328241404,-12.535062605],[33.32641162,-12.533308942],[33.323926138,-12.530515206],[33.320734834,-12.529349764],[33.319710136,-12.529018595],[33.318267851,-12.527924079],[33.31717262,-12.527928336],[33.316206407,-12.528481724],[33.313866434,-12.531092218],[33.312968825,-12.53182339],[33.310912928,-12.532660432],[33.308769404,-12.532909917],[33.307252101,-12.532286738],[33.305492895,-12.532082263],[33.304264007,-12.532337067],[33.3029084,-12.5333398],[33.295960008,-12.535221905],[33.293343233,-12.535599753],[33.291458008,-12.535765199],[33.290782585,-12.536056248],[33.28899319,-12.537634988],[33.287493329,-12.538621631],[33.285446295,-12.540448992],[33.284427817,-12.541055237],[33.281358069,-12.540762838],[33.277767451,-12.5396837],[33.276315184,-12.539636778],[33.275032166,-12.539853332],[33.270732883,-12.541638426],[33.266569521,-12.543591593],[33.265411609,-12.544562265],[33.26490124,-12.545543214],[33.264686731,-12.546789304],[33.265077588,-12.554204228],[33.265321212,-12.556618398],[33.26529893,-12.557187468],[33.264586799,-12.559613308],[33.264173931,-12.560251941],[33.263595581,-12.560418805],[33.261376488,-12.560479749],[33.260002925,-12.561322751],[33.258857262,-12.562348301],[33.256955258,-12.565426924],[33.253865659,-12.56872019],[33.251227988,-12.572096919],[33.250486658,-12.573874551],[33.250182797,-12.574187747],[33.248723235,-12.574966647],[33.246234319,-12.577923807],[33.243855122,-12.581588197],[33.239962487,-12.584290909],[33.238780721,-12.585779455],[33.238192435,-12.586908052],[33.23707679,-12.59145652],[33.235882821,-12.594684709],[33.235307693,-12.595347007],[33.23468785,-12.595517393],[33.228882624,-12.595605397],[33.227252654,-12.595845423],[33.223863877,-12.597407881],[33.221444392,-12.598136075],[33.218522992,-12.599881291],[33.212387618,-12.604945986],[33.209319792,-12.606236224],[33.204125029,-12.60901173],[33.202393217,-12.610432541],[33.200568564,-12.613267551],[33.199428376,-12.615350241],[33.198828266,-12.616775965],[33.198437402,-12.618365537],[33.197777108,-12.622562167],[33.195743545,-12.625961116],[33.195178013,-12.627862173],[33.19234348,-12.632131636],[33.190798014,-12.634808842],[33.187913627,-12.638417008],[33.185689305,-12.640307814],[33.18158763,-12.642345153],[33.180769145,-12.642563732],[33.17885463,-12.642493809],[33.176660716,-12.641897212],[33.176186874,-12.641652167],[33.175694641,-12.640694608],[33.175503895,-12.639186539],[33.175629416,-12.634796917],[33.17763824,-12.625592548],[33.17950928,-12.621770639],[33.180300826,-12.619321278],[33.180940964,-12.616477524],[33.180965465,-12.615079466],[33.180696411,-12.614186231],[33.180019355,-12.613043238],[33.178481515,-12.611158049],[33.17703644,-12.609836802],[33.176127672,-12.608597726],[33.17523727,-12.608182049],[33.172963926,-12.607459981],[33.170018618,-12.606873727],[33.167199896,-12.605885696],[33.166291483,-12.605359989],[33.164983324,-12.604905091],[33.164432967,-12.604538451],[33.16200582,-12.601953091],[33.161078802,-12.600491411],[33.160851128,-12.599761173],[33.160567211,-12.599585805],[33.160181734,-12.599640533],[33.157324382,-12.601127672],[33.154832513,-12.600525033],[33.152602222,-12.599282251],[33.151216135,-12.598797649],[33.149237965,-12.598780673],[33.144583522,-12.599683695],[33.141233186,-12.600738366],[33.14014293,-12.600845024],[33.13877773,-12.601276189],[33.135961059,-12.60326493],[33.135172514,-12.603487528],[33.132471159,-12.603641258],[33.129674808,-12.604919899],[33.126882977,-12.60583638],[33.125405887,-12.606649288],[33.122361697,-12.609214111],[33.115572567,-12.61662162],[33.114911284,-12.616784288],[33.114421418,-12.616689609],[33.106482473,-12.612649688],[33.102299792,-12.609699455],[33.100873533,-12.608875458],[33.099799561,-12.608527173],[33.096785748,-12.608225546],[33.095889241,-12.607867381],[33.094216869,-12.605139383],[33.092740527,-12.599779494],[33.092187398,-12.598416891],[33.091150161,-12.596875738],[33.08983023,-12.595771852],[33.089021273,-12.595614028],[33.088144654,-12.595717223],[33.087032633,-12.596084252],[33.08622562,-12.596695772],[33.084298297,-12.59889773],[33.083664574,-12.599132794],[33.082410786,-12.599172987],[33.079690857,-12.598853716],[33.077674396,-12.599245953],[33.077105042,-12.599906053],[33.074746597,-12.604387494],[33.073813332,-12.606362086],[33.072662973,-12.607820173],[33.071724117,-12.60874781],[33.070418136,-12.608147752],[33.069282217,-12.60822659],[33.068242877,-12.608717963],[33.06715996,-12.60970944],[33.064806134,-12.610347549],[33.062733151,-12.611534695],[33.062091514,-12.611701673],[33.060824841,-12.611756278],[33.058560112,-12.61288844],[33.057711334,-12.613689456],[33.056985044,-12.614015479],[33.056086567,-12.615066317],[33.054632959,-12.617699916],[33.053324622,-12.617813913],[33.052771565,-12.618039474],[33.052009922,-12.61878839],[33.049832484,-12.620425316],[33.047350271,-12.622574175],[33.045720236,-12.623506421],[33.044349939,-12.625861716],[33.043475181,-12.628783336],[33.042803897,-12.632583361],[33.042545601,-12.63293493],[33.039894177,-12.63496185],[33.038331797,-12.635646893],[33.036863942,-12.636961149],[33.035695682,-12.638271448],[33.034781009,-12.63980155],[33.033510429,-12.64281505],[33.031975399,-12.645925586],[33.028184814,-12.652779511],[33.027186641,-12.654169846],[33.026929554,-12.65591668],[33.023862883,-12.656300886],[33.023254822,-12.656116532],[33.02151069,-12.655042379],[33.019954644,-12.653659382],[33.019635163,-12.653990132],[33.020909128,-12.655787136],[33.021409912,-12.656930825],[33.020625207,-12.659301401],[33.019842487,-12.662309288],[33.018002996,-12.665944216],[33.01678572,-12.670119759],[33.015345326,-12.673753589],[33.014398313,-12.675316769],[33.012847211,-12.677360473],[33.012010265,-12.680982208],[33.011389421,-12.682615237],[33.011309134,-12.683364233],[33.011432529,-12.684393463],[33.01210661,-12.686636245],[33.012132745,-12.687373843],[33.010008294,-12.69227122],[33.009661261,-12.693485834],[33.009509434,-12.696652509],[33.009856467,-12.700274663],[33.009813088,-12.703159374],[33.009574503,-12.704092024],[33.008621012,-12.705210208],[33.005822211,-12.706738149],[33.00412682,-12.708118623],[33.002174028,-12.710604624],[33.001232256,-12.712051907],[32.999724321,-12.715201434],[32.998469748,-12.719410722],[32.998274542,-12.721037437],[32.996424507,-12.725605492],[32.99480794,-12.728124957],[32.993351014,-12.729431294],[32.990943474,-12.730624219],[32.98630191,-12.732099108],[32.984761952,-12.732728105],[32.981150924,-12.734910213],[32.978826095,-12.735250827],[32.976932025,-12.735157335],[32.976389786,-12.73537423],[32.975398325,-12.736326736],[32.974203471,-12.738089279],[32.973164327,-12.739008399],[32.971114887,-12.740254378],[32.970442511,-12.741078582],[32.968347066,-12.744809657],[32.967339611,-12.746673897],[32.964803965,-12.747998793],[32.963725825,-12.748792494],[32.963207304,-12.749531223],[32.962446697,-12.751618129],[32.960896019,-12.752998277],[32.960305474,-12.754211817],[32.958901855,-12.755409033],[32.957242439,-12.756677656],[32.955786162,-12.758192776],[32.95477237,-12.758586146],[32.95361411,-12.759418955],[32.950427696,-12.764282254],[32.94922752,-12.765791095],[32.947423288,-12.767614244],[32.943224951,-12.769096484],[32.939849317,-12.770845731],[32.939222389,-12.772124809],[32.938462882,-12.77307187],[32.938696931,-12.77384791],[32.940101002,-12.775630786],[32.94146876,-12.778656176],[32.942581601,-12.781859752],[32.943550018,-12.783536337],[32.945176204,-12.785100727],[32.945391993,-12.786967687],[32.946540381,-12.787992251],[32.946574829,-12.79192877],[32.946850405,-12.79487376],[32.946525288,-12.798485295],[32.946819872,-12.800449405],[32.947529236,-12.802558814],[32.948991851,-12.805582455],[32.949626887,-12.8074287],[32.950165384,-12.808237773],[32.950793504,-12.809673818],[32.949710621,-12.811550354],[32.949580337,-12.813477545],[32.949982656,-12.814643895],[32.951050065,-12.816551304],[32.952287986,-12.819391385],[32.95380111,-12.821069021],[32.955660815,-12.821749889],[32.955931205,-12.822183582],[32.955262979,-12.824822944],[32.955699387,-12.827519926],[32.955519285,-12.832249611],[32.954925899,-12.834939757],[32.953532168,-12.838193995],[32.950253141,-12.842759219],[32.950001832,-12.843862638],[32.949982888,-12.845559921],[32.949341658,-12.846735962],[32.948367498,-12.847774406],[32.948222215,-12.848511149],[32.948447314,-12.848956997],[32.949488653,-12.849731188],[32.951604467,-12.852382509],[32.953261414,-12.853720102],[32.953759413,-12.855395317],[32.955766625,-12.857662417],[32.955885297,-12.860025238],[32.956915103,-12.860830484],[32.957860236,-12.861296063],[32.958999728,-12.862184954],[32.9607595,-12.863096387],[32.962783902,-12.865559694],[32.964901619,-12.868447592],[32.965930132,-12.868981604],[32.966377403,-12.869520722],[32.967030826,-12.869998396],[32.967665295,-12.870766997],[32.968737849,-12.872239222],[32.969965766,-12.87265429],[32.969422994,-12.874402274],[32.969930628,-12.875541402],[32.971519507,-12.876342603],[32.97249956,-12.878315739],[32.973319675,-12.880847273],[32.97393552,-12.881338579],[32.976365205,-12.882634442],[32.976930451,-12.883133255],[32.978820368,-12.883899584],[32.984619431,-12.884002026],[32.987029729,-12.88367285],[32.988750317,-12.884020796],[32.991390393,-12.885879738],[32.992428727,-12.886361389],[32.993767106,-12.886758768],[32.996907347,-12.886911934],[33.002435581,-12.887872747],[33.002936551,-12.889063147],[33.003236377,-12.889352938],[33.004259661,-12.889119586],[33.005940997,-12.889120198],[33.007359095,-12.889460083],[33.012835539,-12.889669639],[33.013310957,-12.889877869],[33.01423169,-12.891315262],[33.015013942,-12.891786819],[33.018964425,-12.89213667],[33.021274929,-12.893252208],[33.021954775,-12.893289671],[33.022642183,-12.893081374],[33.022634422,-12.893590445],[33.022235553,-12.894866692],[33.022079717,-12.897351365],[33.022302499,-12.90547305],[33.022432432,-12.905856976],[33.023853212,-12.907591892],[33.024541322,-12.9079834],[33.026879485,-12.908748768],[33.028944274,-12.910239443],[33.028555788,-12.911866799],[33.028331724,-12.913857226],[33.028280725,-12.916149436],[33.026601435,-12.923009059],[33.024195839,-12.927313645],[33.022996376,-12.928737998],[33.02184843,-12.929798572],[33.020239975,-12.930221905],[33.019537292,-12.930852643],[33.019234542,-12.931839509],[33.019248119,-12.932910663],[33.019045353,-12.934139336],[33.019059402,-12.935615508],[33.020487379,-12.938278315],[33.02055397,-12.940970693],[33.020234449,-12.942813379],[33.019517253,-12.945327348],[33.018977609,-12.947747998],[33.017307603,-12.94971055],[33.017089888,-12.950135109],[33.018022312,-12.951250768],[33.017751184,-12.952382396],[33.017157146,-12.953004372],[33.017055362,-12.953511272],[33.017523948,-12.956030981],[33.01796671,-12.957308618],[33.017814036,-12.958341408],[33.017149208,-12.959451326],[33.015801766,-12.960593847],[33.015279492,-12.962402487],[33.014862914,-12.964881509],[33.015313199,-12.966617451],[33.015096646,-12.97003908],[33.014720317,-12.971420178],[33.013364547,-12.97303542],[33.011301302,-12.974385249],[33.009996245,-12.975496161],[33.010043359,-12.976667032],[33.013006429,-12.980428016],[33.014179929,-12.982783383],[33.014959692,-12.984897607],[33.015232247,-12.986627372],[33.015252258,-12.989943981],[33.014991643,-12.99043906],[33.013319875,-12.991871238],[33.011501956,-12.993832922],[33.010993324,-12.994921245],[33.010252911,-12.995416894],[33.009885457,-12.996047555],[33.009541678,-12.997350229],[33.009150023,-12.997672505],[33.006629118,-12.998366906],[33.00631724,-12.998627099],[33.005647377,-12.999724432],[33.001068704,-13.004089243],[32.999861754,-13.004759574],[32.998894864,-13.005850874],[32.998581068,-13.007864379],[32.997455202,-13.009599867],[32.997005439,-13.01076426],[32.9972093,-13.011652302],[32.997708862,-13.01279656],[32.997672592,-13.015494881],[32.995904145,-13.017690459],[32.995377792,-13.019501424],[32.995774494,-13.021434364],[32.995472895,-13.022935418],[32.994641612,-13.024139743],[32.993474678,-13.024643972],[32.992357147,-13.02464856],[32.991058037,-13.025030962],[32.989543523,-13.024917221],[32.988762819,-13.025600532],[32.987893818,-13.02647615],[32.987498734,-13.027120162],[32.987118568,-13.031391091],[32.986256104,-13.032686004],[32.985117614,-13.033626977],[32.985171431,-13.035509059],[32.985311798,-13.036193624],[32.986610462,-13.037076956],[32.988276391,-13.037401744],[32.989460375,-13.038070709],[32.990883043,-13.038685002],[32.991828421,-13.040051788],[32.992687443,-13.040192317],[32.993864542,-13.042277051],[32.994168478,-13.042580126],[32.996171234,-13.043471825],[32.997807845,-13.047295024],[32.999213826,-13.049276891],[32.999083747,-13.049878406],[32.998215283,-13.050591846],[32.997776265,-13.051254331],[32.996957917,-13.053733704],[32.996793649,-13.055444034],[32.99639907,-13.057018159],[32.995804814,-13.058342216],[32.995731202,-13.059089165],[32.996054754,-13.060111405],[32.996500959,-13.060796878],[32.99610135,-13.061911488],[32.996591998,-13.062491263],[32.996595613,-13.062974558],[32.994686605,-13.063400139],[32.993346323,-13.064206738],[32.992646873,-13.065901909],[32.992111977,-13.067704645],[32.990945004,-13.069592415],[32.990796835,-13.072733438],[32.990439509,-13.073902773],[32.989362461,-13.074756713],[32.987356362,-13.077073295],[32.985531127,-13.077489121],[32.985055475,-13.078081561],[32.983961655,-13.081144289],[32.983554584,-13.08147826],[32.983205005,-13.081472594],[32.982131254,-13.081099696],[32.981153383,-13.081562963],[32.981045294,-13.081848156],[32.981246258,-13.083322679],[32.980928643,-13.084695067],[32.980948328,-13.086979058],[32.981161158,-13.087575411],[32.981155096,-13.088967668],[32.981561325,-13.089387428],[32.981776014,-13.090000252],[32.98150884,-13.090454413],[32.981391689,-13.091784364],[32.980812333,-13.093025954],[32.980299858,-13.09375345],[32.981399399,-13.094585515],[32.98163036,-13.095767359],[32.982035391,-13.096469247],[32.981834372,-13.097416266],[32.981311124,-13.098410973],[32.981350525,-13.099589982],[32.981024254,-13.100201907],[32.9809912,-13.103505667],[32.981111702,-13.103882744],[32.981606981,-13.103945376],[32.981644204,-13.106518603],[32.978450673,-13.107975459],[32.978262556,-13.108369634],[32.978151377,-13.109804397],[32.977641255,-13.110781994],[32.977221863,-13.112208689],[32.975544706,-13.114132428],[32.975601426,-13.114818457],[32.976803678,-13.116125323],[32.977060231,-13.119197557],[32.978326088,-13.121238251],[32.978325731,-13.122085021],[32.977851058,-13.123100984],[32.977496973,-13.124068627],[32.977887026,-13.125011453],[32.978330948,-13.125769177],[32.978085292,-13.12846042],[32.978259092,-13.131250285],[32.980210462,-13.133358775],[32.980976863,-13.134825648],[32.981359271,-13.136571013],[32.98097249,-13.139093756],[32.980479655,-13.140215476],[32.980336021,-13.14208698],[32.980587023,-13.142474154],[32.981359486,-13.143087619],[32.981755554,-13.144172825],[32.982898095,-13.144290882],[32.983194859,-13.144835321],[32.985021444,-13.146027183],[32.984609134,-13.146936853],[32.983365171,-13.148227903],[32.982862424,-13.150799974],[32.982328854,-13.15184609],[32.980876942,-13.152452109],[32.980004011,-13.15347762],[32.979554859,-13.154305455],[32.979744963,-13.158362786],[32.980368104,-13.160206179],[32.98110528,-13.160828882],[32.981405639,-13.161290365],[32.98181412,-13.163009555],[32.984309478,-13.165920666],[32.984855352,-13.166272471],[32.986936459,-13.166492932],[32.987705556,-13.166946988],[32.988338942,-13.167743891],[32.98955907,-13.16873224],[32.990444398,-13.169681198],[32.990981707,-13.170033245],[32.991850951,-13.170213792],[32.994248742,-13.170147587],[32.994478986,-13.17032553],[32.995381771,-13.173335525],[32.996600607,-13.175028812],[32.998485453,-13.175365132],[32.998864663,-13.175617748],[32.999565841,-13.176458571],[33.002330417,-13.177473705],[33.002573154,-13.177988029],[33.002893618,-13.180720356],[33.0028846,-13.183722215],[33.003188261,-13.185624916],[33.004793474,-13.188059551],[33.004477048,-13.189940707],[33.004498679,-13.191040983],[33.005556341,-13.192552914],[33.005637807,-13.192859883],[33.005403235,-13.195361451],[33.005587775,-13.198395042],[33.005437716,-13.199444213],[33.005589653,-13.199769446],[33.007292104,-13.201604583],[33.008610533,-13.20440515],[33.009996794,-13.20583335],[33.011006762,-13.206613378],[33.012673969,-13.207030598],[33.015474826,-13.207712469],[33.017464257,-13.208874715],[33.018225889,-13.209875088],[33.018491572,-13.21070349],[33.018451398,-13.211979835],[33.018078632,-13.212997962],[33.01670825,-13.214340079],[33.014831336,-13.215874038],[33.013869922,-13.217515308],[33.013173218,-13.218271321],[33.012315721,-13.218865274],[33.008995294,-13.219652418],[33.00692844,-13.220733189],[33.002896613,-13.220735069],[33.001268991,-13.221027896],[32.998671908,-13.222090331],[32.995195095,-13.223172603],[32.991322927,-13.225050741],[32.99109432,-13.225546956],[32.991323122,-13.226625878],[32.991900706,-13.227334715],[32.99178846,-13.229669113],[32.991013247,-13.230269145],[32.9906387,-13.230856854],[32.988275974,-13.23276129],[32.986748387,-13.2327538],[32.983501966,-13.233167531],[32.982184789,-13.232158713],[32.981841698,-13.231699814],[32.981038189,-13.232094534],[32.980439353,-13.232574832],[32.980328868,-13.233911943],[32.980915134,-13.235894202],[32.980119489,-13.237631425],[32.980152995,-13.237963555],[32.98102985,-13.238691209],[32.981230564,-13.23967601],[32.981031039,-13.24027097],[32.980650945,-13.240703995],[32.979864079,-13.240982237],[32.979682568,-13.241445341],[32.979778063,-13.242165064],[32.980337129,-13.243359045],[32.980748352,-13.244722757],[32.980699571,-13.245563897],[32.980333175,-13.246037935],[32.979873132,-13.246275075],[32.978192403,-13.246189192],[32.977758987,-13.246411446],[32.976422306,-13.247611452],[32.976040251,-13.248188474],[32.975429551,-13.251007555],[32.975207163,-13.251406441],[32.973290846,-13.252979262],[32.971911205,-13.254395785],[32.969992718,-13.257023001],[32.970892925,-13.2598016],[32.970839305,-13.260684314],[32.970087724,-13.262094052],[32.969959643,-13.262504005],[32.969445685,-13.262389317],[32.969160281,-13.2621503],[32.968883678,-13.262254592],[32.968465149,-13.262741359],[32.96659243,-13.264122352],[32.964657244,-13.264840365],[32.963553651,-13.26519178],[32.961386964,-13.26639212],[32.960370238,-13.266661318],[32.95906133,-13.266501692],[32.957253091,-13.266742281],[32.9556169,-13.266543911],[32.955195428,-13.266572399],[32.953710865,-13.267214385],[32.953046756,-13.267925872],[32.951490781,-13.268398377],[32.950763809,-13.268946992],[32.950703955,-13.270199566],[32.950530187,-13.270546909],[32.949300776,-13.270800356],[32.948755573,-13.270887785],[32.948485795,-13.273045134],[32.948223282,-13.27343197],[32.947972909,-13.274294819],[32.947122906,-13.2749424],[32.945651703,-13.274931255],[32.944869427,-13.27523295],[32.944040315,-13.276196286],[32.943325818,-13.279636175],[32.94271432,-13.280483219],[32.942686488,-13.280752293],[32.942918846,-13.281179328],[32.944319148,-13.281477563],[32.944988974,-13.282212149],[32.945516582,-13.283111618],[32.945868447,-13.283237538],[32.945588361,-13.284192493],[32.94505277,-13.285214973],[32.943329268,-13.287160117],[32.94065937,-13.292321259],[32.93962384,-13.293267619],[32.939206543,-13.294045183],[32.938805432,-13.295836369],[32.93798837,-13.296273897],[32.937869114,-13.29647099],[32.939057812,-13.298977029],[32.939096911,-13.299692679],[32.939560143,-13.301100347],[32.940460738,-13.302799224],[32.943739595,-13.305625256],[32.943918102,-13.306055842],[32.943855763,-13.306664559],[32.944011514,-13.307203332],[32.944818585,-13.307684293],[32.945205819,-13.30836356],[32.945203171,-13.308746713],[32.944719604,-13.309294928],[32.944170824,-13.309585208],[32.943134539,-13.309751574],[32.942118254,-13.310426469],[32.941690476,-13.310467728],[32.94028902,-13.310262576],[32.939861752,-13.310686416],[32.938356886,-13.310858936],[32.938007519,-13.311016959],[32.937376035,-13.312328887],[32.936668494,-13.312613512],[32.934744734,-13.313061804],[32.934440973,-13.313325859],[32.933933488,-13.315140804],[32.933451632,-13.316127082],[32.932378583,-13.317717519],[32.932254388,-13.318294024],[32.933595773,-13.320603845],[32.934115693,-13.322073559],[32.933968938,-13.326539399],[32.934078839,-13.326872162],[32.9354978,-13.32804812],[32.93564902,-13.32836389],[32.935541008,-13.33037017],[32.933165118,-13.335708454],[32.931532882,-13.338737695],[32.931751363,-13.339701336],[32.932435321,-13.341399614],[32.933811423,-13.342723777],[32.934123926,-13.343206866],[32.934278434,-13.343799959],[32.934183819,-13.344569238],[32.933887263,-13.345053033],[32.931231435,-13.347361057],[32.930190078,-13.349180019],[32.929699343,-13.351439621],[32.928596014,-13.352627642],[32.928239708,-13.354564976],[32.926716295,-13.358074429],[32.926512831,-13.361788011],[32.92632492,-13.362759627],[32.925867679,-13.363897703],[32.926052566,-13.366456987],[32.927368845,-13.368039104],[32.926817454,-13.371422462],[32.926244114,-13.372595286],[32.926070123,-13.375123352],[32.927506598,-13.376701083],[32.927562954,-13.377563425],[32.926376013,-13.379387247],[32.925900525,-13.380957901],[32.925278174,-13.381761292],[32.92534124,-13.383267911],[32.924688832,-13.384173547],[32.923526136,-13.385367315],[32.922750314,-13.38664197],[32.922782337,-13.386884874],[32.923593753,-13.38750431],[32.924153914,-13.388767773],[32.924040083,-13.389322344],[32.922733917,-13.390608777],[32.922597673,-13.391659082],[32.922764511,-13.391927604],[32.924210443,-13.392299685],[32.924218615,-13.393205096],[32.923853762,-13.394377222],[32.922929838,-13.395181237],[32.923196845,-13.396223591],[32.923554539,-13.396787206],[32.923127144,-13.397403163],[32.92161417,-13.397688334],[32.920784795,-13.399262369],[32.920195938,-13.39970353],[32.919921439,-13.400428393],[32.919866958,-13.401652979],[32.919248361,-13.402296061],[32.91773768,-13.405826012],[32.917101517,-13.408979807],[32.917646261,-13.409968284],[32.917927784,-13.412366194],[32.918330163,-13.413566594],[32.918387618,-13.41513589],[32.917380974,-13.417436374],[32.916546112,-13.418208937],[32.914753058,-13.418659554],[32.914433407,-13.419114844],[32.91433936,-13.420252583],[32.914158291,-13.420406524],[32.909627604,-13.421054243],[32.90894524,-13.421311407],[32.907205932,-13.422382255],[32.904829143,-13.425091486],[32.902664626,-13.426606349],[32.902595532,-13.427955599],[32.902766273,-13.430829134],[32.903281818,-13.432784577],[32.903052492,-13.433290124],[32.901762119,-13.434596955],[32.901707075,-13.435197358],[32.901926342,-13.436287],[32.900783549,-13.438320713],[32.900574868,-13.439128816],[32.900377454,-13.439364903],[32.89814061,-13.440062568],[32.896357099,-13.441290998],[32.895967236,-13.441789589],[32.895132078,-13.445268409],[32.893961629,-13.445557568],[32.893148205,-13.446504269],[32.891136232,-13.447293877],[32.888195793,-13.448972101],[32.887261319,-13.450336353],[32.88711888,-13.451235556],[32.887343004,-13.451807475],[32.888190727,-13.452949498],[32.888132897,-13.453144651],[32.88353657,-13.457587719],[32.880293867,-13.461654961],[32.875566008,-13.463738162],[32.872233697,-13.465347162],[32.870654916,-13.46536279],[32.868466821,-13.464910811],[32.867476016,-13.465186991],[32.866362443,-13.465960824],[32.86487259,-13.465885572],[32.860368169,-13.464842898],[32.857668886,-13.464009591],[32.857411442,-13.463714203],[32.856083172,-13.459866071],[32.855641442,-13.459561131],[32.855074136,-13.459524049],[32.853315997,-13.460064025],[32.850211074,-13.462335386],[32.845568861,-13.462380755],[32.845062235,-13.462725482],[32.84510297,-13.465658627],[32.845510602,-13.466981511],[32.844931712,-13.469750117],[32.843196843,-13.47251131],[32.84238433,-13.473368881],[32.842274813,-13.474149043],[32.842604823,-13.475972514],[32.84325834,-13.477158867],[32.845050622,-13.479634468],[32.844974306,-13.48086281],[32.84586304,-13.481662467],[32.846140579,-13.485304649],[32.846426193,-13.486663653],[32.846346626,-13.488007458],[32.845601964,-13.488362315],[32.844690533,-13.490563381],[32.844679117,-13.494152135],[32.844439593,-13.494829836],[32.843211666,-13.496340939],[32.841798753,-13.497784122],[32.839479862,-13.498638282],[32.840868316,-13.499967908],[32.842177976,-13.501998184],[32.84292775,-13.503583036],[32.844355469,-13.505603476],[32.847164353,-13.510749845],[32.847803914,-13.512380613],[32.849146473,-13.514311022],[32.849786094,-13.514900212],[32.849829943,-13.51572756],[32.846448951,-13.517175769],[32.845477749,-13.517381745],[32.844603678,-13.517106725],[32.843565577,-13.516510077],[32.842754661,-13.516670493],[32.842121413,-13.517996009],[32.84083947,-13.519365396],[32.838774839,-13.520705371],[32.835642595,-13.52230474],[32.834380418,-13.525958433],[32.832644914,-13.527662341],[32.832682578,-13.528087532],[32.833296641,-13.528566537],[32.829891982,-13.531690948],[32.828276799,-13.533823462],[32.82635159,-13.535318109],[32.825546079,-13.537202845],[32.825080267,-13.539834703],[32.824354495,-13.540827809],[32.823446399,-13.541238173],[32.821971369,-13.541607217],[32.82069738,-13.541415679],[32.819188998,-13.540773343],[32.816864165,-13.540726569],[32.81517042,-13.540366654],[32.814222931,-13.540679641],[32.813082603,-13.540610679],[32.811971344,-13.540342563],[32.80554676,-13.541388144],[32.804606916,-13.541876022],[32.802289168,-13.543550797],[32.801744404,-13.544970207],[32.801409863,-13.546522816],[32.800074165,-13.54720784],[32.798273323,-13.547793979],[32.798283627,-13.548490313],[32.796352601,-13.549561186],[32.790969901,-13.551999828],[32.788902164,-13.552342691],[32.787099042,-13.552370372],[32.785224713,-13.553044984],[32.78252405,-13.553681515],[32.782479431,-13.558156848],[32.780705534,-13.557147654],[32.780085243,-13.557103998],[32.779317452,-13.557368134],[32.775816868,-13.557135164],[32.773785945,-13.557863473],[32.772654511,-13.557724727],[32.769733934,-13.556434386],[32.76869262,-13.555765517],[32.767534309,-13.555484904],[32.767242426,-13.555263537],[32.765828629,-13.557217455],[32.763940236,-13.558598282],[32.761277244,-13.561218484],[32.760045885,-13.562642974],[32.761223136,-13.563786441],[32.762727356,-13.565038512],[32.762933164,-13.56584758],[32.763006572,-13.56921798],[32.76234862,-13.570935722],[32.761298159,-13.572187375],[32.757387081,-13.574261235],[32.754782224,-13.574774524],[32.754354567,-13.575291721],[32.753692348,-13.577259203],[32.753666091,-13.578022715],[32.753384776,-13.578773443],[32.751296512,-13.579386453],[32.750413759,-13.579570531],[32.749502565,-13.580647311],[32.748032261,-13.581845462],[32.745998756,-13.582668412],[32.742591046,-13.585175927],[32.741312875,-13.584133465],[32.738661207,-13.583254504],[32.736487678,-13.583168812],[32.732233151,-13.58182426],[32.729965024,-13.581585834],[32.728711922,-13.581107613],[32.728057303,-13.580533897],[32.727283759,-13.580492195],[32.726024608,-13.580688164],[32.723437859,-13.581437818],[32.722625837,-13.581184021],[32.716486368,-13.577499548],[32.710471978,-13.572347517],[32.703020004,-13.569418545],[32.701218157,-13.569305978],[32.699378974,-13.568835024],[32.696026413,-13.568774073],[32.693809261,-13.570060937],[32.692468729,-13.570187893],[32.690112883,-13.570842942],[32.688308776,-13.571167914],[32.686604077,-13.572173563],[32.686401438,-13.572582398],[32.686579099,-13.573725133],[32.688282432,-13.574999339],[32.690703603,-13.576399244],[32.693974303,-13.577600744],[32.69224303,-13.5822179],[32.689794963,-13.58385725],[32.682101157,-13.583907159],[32.681637902,-13.584650297],[32.681184503,-13.586663603],[32.680678637,-13.587962329],[32.683770196,-13.59180247],[32.684767671,-13.593422124],[32.685201392,-13.594728372],[32.686519864,-13.59652339],[32.687340943,-13.597925034],[32.688482954,-13.599051306],[32.688477745,-13.599608456],[32.68805588,-13.599801441],[32.687335885,-13.600819035],[32.685746831,-13.602195702],[32.684554579,-13.602836833],[32.682662881,-13.604470562],[32.681045191,-13.604612117],[32.680344268,-13.605287497],[32.680201551,-13.606634798],[32.680664613,-13.607371877],[32.680719264,-13.608139965],[32.679938581,-13.610624254],[32.679406275,-13.610905932],[32.678922157,-13.612716796],[32.678560621,-13.613177749],[32.677321571,-13.613385916],[32.675403656,-13.613483388],[32.674173106,-13.614631722],[32.673385112,-13.615545369],[32.67351934,-13.616961733],[32.674035323,-13.617642638],[32.672520549,-13.620837776],[32.673210017,-13.622731527],[32.674750961,-13.622505808],[32.67584973,-13.622534503],[32.676730052,-13.622440392],[32.677276289,-13.622895094],[32.678410999,-13.623109298],[32.679723827,-13.622950775],[32.681359519,-13.622392218],[32.683401083,-13.622398926],[32.6845375,-13.622665051],[32.686150879,-13.623605271],[32.68665311,-13.624955162],[32.690476902,-13.626966089],[32.691078477,-13.627536676],[32.691190479,-13.628555799],[32.692886921,-13.630712262],[32.695138656,-13.63252304],[32.696342201,-13.633946343],[32.698716704,-13.635653384],[32.699447188,-13.637212851],[32.699570531,-13.637746403],[32.699693707,-13.637878447],[32.705275141,-13.638142063],[32.708682746,-13.637724741],[32.709586091,-13.638097147],[32.713136272,-13.638248375],[32.714777533,-13.640717795],[32.714430398,-13.642252147],[32.715699303,-13.642612752],[32.717910792,-13.643075797],[32.718768338,-13.644777413],[32.720186863,-13.645153005],[32.72120068,-13.645724954],[32.724972332,-13.646575783],[32.726320978,-13.647100905],[32.727718118,-13.646429267],[32.731459162,-13.646492125],[32.733671597,-13.646952192],[32.735092846,-13.647659073],[32.735992848,-13.648790025],[32.739282843,-13.651487414],[32.739737932,-13.651362392],[32.739909941,-13.651152385],[32.740426347,-13.649218914],[32.740946045,-13.648655304],[32.742068967,-13.648369045],[32.744540316,-13.648473773],[32.746106649,-13.648303255],[32.746687659,-13.648446396],[32.747084765,-13.649203731],[32.74846769,-13.649311827],[32.75035634,-13.650928902],[32.752505823,-13.651870294],[32.752771472,-13.651363915],[32.752986323,-13.650255141],[32.752894486,-13.649544872],[32.751904751,-13.647906691],[32.752003675,-13.646928612],[32.753133248,-13.643879906],[32.754220857,-13.641723467],[32.755191064,-13.639350589],[32.756136883,-13.638084857],[32.758262001,-13.63607914],[32.760475244,-13.635986536],[32.761261958,-13.636122748],[32.765239945,-13.639624582],[32.768013308,-13.640898822],[32.769816598,-13.641563245],[32.771786868,-13.642896087],[32.772750343,-13.643168136],[32.773344946,-13.643817541],[32.776327903,-13.644892982],[32.777560138,-13.645167602],[32.781272457,-13.645397107],[32.782213568,-13.645716803],[32.783942789,-13.646718453],[32.786150111,-13.648577063],[32.795027901,-13.652549934],[32.798281525,-13.656098857],[32.800447551,-13.658823234],[32.802467862,-13.65995902],[32.803545193,-13.661731725],[32.803300151,-13.662587076],[32.802266122,-13.663601639],[32.801183291,-13.664442092],[32.798017055,-13.670360236],[32.796723208,-13.671247903],[32.794012374,-13.677347112],[32.795777399,-13.678793348],[32.798395362,-13.679215928],[32.802233629,-13.68071645],[32.807742732,-13.683487456],[32.809890138,-13.684157585],[32.811863513,-13.684408432],[32.813428894,-13.685111815],[32.817186339,-13.687227517],[32.818449068,-13.688353895],[32.821471561,-13.691496796],[32.823941565,-13.693879228],[32.828844768,-13.697901708],[32.829800505,-13.698955378],[32.831361054,-13.701434269],[32.832261963,-13.702477741],[32.835095371,-13.703788008],[32.836976882,-13.706964806],[32.838049492,-13.70788859],[32.838336592,-13.708622584],[32.838217723,-13.710556431],[32.83948613,-13.71199113],[32.840885724,-13.714387142],[32.841309515,-13.715048237],[32.842925012,-13.71650725],[32.844326041,-13.719566324],[32.845262522,-13.721020704],[32.845784682,-13.722858728],[32.846377351,-13.723592088],[32.842330809,-13.725719953],[32.838693145,-13.727004243],[32.837543861,-13.728191182],[32.836830342,-13.729606626],[32.836722986,-13.728387184],[32.834914053,-13.7272839],[32.832960465,-13.726882102],[32.830970207,-13.726021922],[32.828175175,-13.726400256],[32.827669733,-13.726589622],[32.822450808,-13.726179718],[32.819340942,-13.726340336],[32.813689453,-13.728332653],[32.810772486,-13.7294649],[32.809553857,-13.729679712],[32.808332857,-13.730264707],[32.80701323,-13.73173075],[32.806766307,-13.732236329],[32.804974489,-13.733795208],[32.803224668,-13.736435601],[32.80299133,-13.737140417],[32.802344922,-13.737978841],[32.801714741,-13.739846188],[32.800154847,-13.741396354],[32.796610508,-13.748241527],[32.795958957,-13.750196964],[32.795872534,-13.751132477],[32.795222049,-13.751385956],[32.794515138,-13.751448426],[32.792152238,-13.750202317],[32.788626964,-13.749361988],[32.78789944,-13.749467235],[32.786954724,-13.750058089],[32.78553154,-13.74996188],[32.78287756,-13.748576865],[32.78049521,-13.748688961],[32.780332018,-13.752034759],[32.77964504,-13.754184088],[32.780832479,-13.757187578],[32.781688479,-13.758296779],[32.78176849,-13.759674234],[32.781287027,-13.760525022],[32.779948313,-13.761847563],[32.778991057,-13.762304011],[32.778367337,-13.763331066],[32.778625875,-13.766064706],[32.779017442,-13.766816341],[32.778975213,-13.76765604],[32.778357486,-13.768736972],[32.776148707,-13.770553364],[32.774250583,-13.772890207],[32.773659498,-13.774228714],[32.772672181,-13.777104317],[32.770982888,-13.780857644],[32.771480996,-13.78149053],[32.771979298,-13.781699925],[32.774284463,-13.781916189],[32.775107925,-13.78110216],[32.775985864,-13.780037711],[32.776438433,-13.779777078],[32.777137566,-13.779887783],[32.778875218,-13.780797837],[32.779103713,-13.781152922],[32.779521684,-13.782780827],[32.781273889,-13.785387023],[32.784314321,-13.786625407],[32.786361438,-13.787214271],[32.788915634,-13.787684502],[32.78980108,-13.787600821],[32.793053491,-13.786146726],[32.794185651,-13.786432123],[32.794322296,-13.788395033],[32.795146921,-13.790548095],[32.79599446,-13.791671577],[32.797733311,-13.792535184],[32.799060432,-13.791640612],[32.799517348,-13.792157186],[32.800394086,-13.793807687],[32.80222679,-13.795944221],[32.801313905,-13.797746816],[32.801231005,-13.797840192],[32.802408867,-13.800255325],[32.804033283,-13.801300426],[32.80479985,-13.801630931],[32.806301711,-13.801707881],[32.809474424,-13.801383299],[32.809970875,-13.800721792],[32.809994363,-13.796703593],[32.810107432,-13.795547099],[32.810732733,-13.794224205],[32.811447432,-13.793358704],[32.813600785,-13.786909781],[32.814258576,-13.784842049],[32.814348462,-13.784750354],[32.816132714,-13.787180418],[32.81729296,-13.788181044],[32.818292381,-13.788747041],[32.818743755,-13.788844663],[32.820218137,-13.788437397],[32.821113456,-13.787769071],[32.824320269,-13.78635232],[32.827294418,-13.785410421],[32.830300601,-13.785544379],[32.831144712,-13.78529154],[32.832332413,-13.785709159],[32.833450963,-13.787420169],[32.834295599,-13.787863172],[32.836226413,-13.788196595],[32.838040044,-13.788782127],[32.839486764,-13.789380886],[32.843368396,-13.791553368],[32.84484527,-13.792113133],[32.845702128,-13.794360969],[32.848721141,-13.798212617],[32.849448083,-13.798750634],[32.850666561,-13.798832874],[32.851963017,-13.79829452],[32.854874145,-13.796519782],[32.855802975,-13.796282536],[32.858023621,-13.796773711],[32.861706581,-13.797951351],[32.862200227,-13.7983729],[32.862803759,-13.800598429],[32.862901512,-13.80307995],[32.864360369,-13.803595085],[32.866201091,-13.803566788],[32.867894552,-13.803603756],[32.870360463,-13.80313849],[32.872316907,-13.803409862],[32.874036596,-13.806131197],[32.875684933,-13.807357375],[32.876618165,-13.808957964],[32.877806779,-13.810111037],[32.878701012,-13.811923358],[32.878844707,-13.812416191],[32.879170575,-13.812852243],[32.879445301,-13.813591801],[32.879776991,-13.814699395],[32.881536389,-13.814490228],[32.883025347,-13.81381975],[32.885316443,-13.813599578],[32.886558099,-13.813598283],[32.887732745,-13.813964122],[32.889955397,-13.81558234],[32.890316437,-13.815986738],[32.891807985,-13.819575548],[32.892637705,-13.820988232],[32.892056332,-13.822115226],[32.892489132,-13.823868488],[32.893623782,-13.823881249],[32.894467198,-13.824239847],[32.895702199,-13.824041776],[32.896061988,-13.823883029],[32.896656569,-13.824450983],[32.902332376,-13.836334261],[32.902739258,-13.83727394],[32.90096252,-13.84104081],[32.901105088,-13.843860797],[32.901916225,-13.846719602],[32.904301072,-13.851227648],[32.908452357,-13.857734966],[32.909200503,-13.859970595],[32.909775292,-13.86299922],[32.910381554,-13.864085815],[32.911449448,-13.864246467],[32.91295756,-13.863978852],[32.916331155,-13.86521789],[32.917148481,-13.86578539],[32.91868693,-13.866865072],[32.919378494,-13.867910804],[32.918621584,-13.868745893],[32.918494159,-13.869111633],[32.922417107,-13.87058659],[32.923397201,-13.872065435],[32.923517786,-13.874438158],[32.923919081,-13.876393152],[32.924674967,-13.875617955],[32.925759749,-13.875124937],[32.927727567,-13.874842972],[32.929827724,-13.874038871],[32.93151166,-13.873203595],[32.931597363,-13.874703015],[32.934027618,-13.877445934],[32.935689628,-13.878682709],[32.938661602,-13.879217623],[32.940003232,-13.879328091],[32.941589387,-13.879781332],[32.942254604,-13.881070486],[32.942826404,-13.882495101],[32.943327676,-13.883134469],[32.944596191,-13.886041509],[32.944616122,-13.887381004],[32.944728338,-13.888160119],[32.943858846,-13.890475965],[32.943502033,-13.892163567],[32.943623615,-13.893316366],[32.943955549,-13.89415238],[32.945675824,-13.897158131],[32.950114863,-13.900502321],[32.951683104,-13.90286205],[32.953222675,-13.904248275],[32.953665845,-13.905634589],[32.953465976,-13.910341555],[32.952831545,-13.912005037],[32.95083579,-13.915344741],[32.947495555,-13.918621621],[32.946422137,-13.922169049],[32.945494025,-13.927152229],[32.945247606,-13.931650393],[32.945550327,-13.933438205],[32.948956124,-13.945904935],[32.94968,-13.946443172],[32.95064997,-13.946692891],[32.951330507,-13.946462228],[32.954467606,-13.94320311],[32.958216735,-13.941038629],[32.959829872,-13.940622944],[32.967041886,-13.941298142],[32.970344318,-13.940328004],[32.973206589,-13.940721938],[32.975777657,-13.940796588],[32.978717453,-13.941689279],[32.980455943,-13.942257672],[32.98225711,-13.942672863],[32.983733413,-13.943531759],[32.993555253,-13.947132903],[32.996937779,-13.949831599],[33.000385354,-13.950148935],[33.002968817,-13.953433929],[33.004044363,-13.955939662],[33.004539733,-13.960464132],[33.004143321,-13.962650159],[33.000849935,-13.968192623],[33.000197484,-13.969673561],[33.00084706,-13.971732314],[33.000738189,-13.977097836],[32.998063238,-13.984678354],[32.996666152,-13.985569014],[32.994865929,-13.987442338],[32.994681262,-13.988234057],[32.996602678,-13.991424746],[32.996951641,-13.99280084],[32.996763199,-13.994858253],[32.997030978,-13.997117408],[32.994391425,-14.002826931],[32.992867005,-14.006837445],[32.993173184,-14.008158975],[32.997143591,-14.010787352],[32.997814449,-14.011520713],[33.000200747,-14.019105142],[33.002361138,-14.023265099],[33.002590272,-14.023360777],[33.005012187,-14.023037478],[33.007002305,-14.023951748],[33.007866559,-14.024609834],[33.00981457,-14.025148047],[33.010385265,-14.025655029],[33.014134086,-14.027354951],[33.019175499,-14.031729031],[33.020169465,-14.033067793],[33.023462463,-14.036248449],[33.025903943,-14.038264466],[33.027479647,-14.039006549],[33.029959465,-14.041612769],[33.031987336,-14.04464643],[33.030771658,-14.046227006],[33.030624011,-14.046734405],[33.030742165,-14.047753695],[33.030698282,-14.04960487],[33.031044596,-14.050509435],[33.031216986,-14.051599439],[33.032109187,-14.054031469],[33.032259685,-14.054916726],[33.033018043,-14.055122611],[33.034124741,-14.054818698],[33.036857729,-14.053512668],[33.037487319,-14.053237632],[33.038080678,-14.053220217],[33.038578138,-14.052687879],[33.039353237,-14.050932935],[33.041126129,-14.04895312],[33.04190617,-14.048094777],[33.043469,-14.041810212],[33.045118221,-14.040321922],[33.05067993,-14.035759535],[33.051340703,-14.034034151],[33.059875392,-14.025451914],[33.064373917,-14.021628816],[33.064741637,-14.020925506],[33.063219574,-14.010151326],[33.06303471,-14.005901683],[33.062987828,-14.001355951],[33.0620172,-13.998621751],[33.062430474,-13.996397278],[33.063679043,-13.992984145],[33.067098174,-13.989728299],[33.069375247,-13.985787617],[33.07185155,-13.983095761],[33.075036375,-13.980809379],[33.077146269,-13.978554577],[33.079786603,-13.97532976],[33.086586975,-13.970159698],[33.097296722,-13.964719571],[33.101360043,-13.963246631],[33.102368182,-13.962302976],[33.103907013,-13.959975418],[33.105599269,-13.95855946],[33.107007712,-13.95783654],[33.110594476,-13.957646438],[33.111565672,-13.957845443],[33.114567449,-13.959499838],[33.116784979,-13.960155608],[33.128140597,-13.961209671],[33.132748753,-13.961076642],[33.133469249,-13.959984578],[33.135398767,-13.958056031],[33.136061111,-13.95674237],[33.136500006,-13.953974777],[33.136368407,-13.952999368],[33.140040384,-13.947354703],[33.1418312,-13.9458923],[33.143311752,-13.943210679],[33.145801042,-13.9404291],[33.146657007,-13.940084949],[33.149930604,-13.939868542],[33.150689421,-13.939971617],[33.152700464,-13.940038987],[33.153731199,-13.940032894],[33.154847633,-13.940977392],[33.155959829,-13.942305786],[33.158016518,-13.945589854],[33.158753695,-13.947003062],[33.1598977,-13.948237052],[33.16177253,-13.949674613],[33.162328875,-13.950832266],[33.162586241,-13.951498788],[33.163419335,-13.951793552],[33.163861616,-13.951569105],[33.164990763,-13.951509878],[33.166465297,-13.952908015],[33.167566748,-13.953734217],[33.168438998,-13.954112306],[33.174087137,-13.954771285],[33.177116734,-13.954693398],[33.179994077,-13.955735763],[33.182255285,-13.957576365],[33.183980816,-13.959151271],[33.184609468,-13.959419115],[33.185786811,-13.960473097],[33.185913126,-13.960934796],[33.187722142,-13.962355267],[33.188560781,-13.963409136],[33.190490405,-13.966764072],[33.191362201,-13.968605368],[33.191380186,-13.971048724],[33.191455637,-13.976462802],[33.192314309,-13.980150009],[33.193745923,-13.985302771],[33.195148058,-13.986921547],[33.199079004,-13.992399237],[33.199766817,-13.993585335],[33.200275875,-13.994376059],[33.203144505,-13.999182882],[33.205128291,-14.001261694],[33.206654038,-14.001928948],[33.208444566,-14.001882408],[33.213859419,-13.99989097],[33.217305176,-13.99924918],[33.219944077,-13.998079394],[33.221294783,-13.997983651],[33.224748774,-13.998668526],[33.227500984,-13.99848844],[33.231696073,-13.99718392],[33.233566931,-13.997129253],[33.241231194,-13.997786897],[33.242261231,-13.998286205],[33.243149635,-13.999039938],[33.243699174,-13.999864247],[33.244069919,-14.000036109],[33.245127389,-14.001513616],[33.246245736,-14.002251249],[33.247030958,-14.00308406],[33.248339662,-14.003607541],[33.248958321,-14.004368969],[33.249886311,-14.004821066],[33.250742917,-14.005177986],[33.252456129,-14.005059013],[33.253003405,-14.004749683],[33.253384119,-14.004725888],[33.253931395,-14.005130396],[33.25483559,-14.005249369],[33.255216304,-14.005653878],[33.255168715,-14.006296332],[33.255597018,-14.006867403],[33.256620186,-14.007224322],[33.257976479,-14.007961955],[33.258143041,-14.008747177],[33.257191257,-14.009556194],[33.256810543,-14.010365211],[33.256001526,-14.010698335],[33.255240098,-14.012649493],[33.254716617,-14.012887439],[33.254645233,-14.013553688],[33.254764206,-14.013886813],[33.25576358,-14.014100964],[33.255930142,-14.014672035],[33.255597018,-14.015243106],[33.255573223,-14.015837971],[33.255715991,-14.016171095],[33.256620186,-14.016361452],[33.257119873,-14.016861139],[33.258357192,-14.017194264],[33.258785495,-14.017646361],[33.258737906,-14.018431583],[33.258642728,-14.019407162],[33.259166209,-14.020239974],[33.259975226,-14.021048991],[33.261022189,-14.022262516],[33.261688438,-14.022667024],[33.262259508,-14.023499835],[33.26309232,-14.023595014],[33.263473034,-14.023999522],[33.263544417,-14.024856128],[33.264186872,-14.025546172],[33.265685932,-14.025665145],[33.265971468,-14.026212421],[33.26675669,-14.026712108],[33.267708474,-14.027925633],[33.268279545,-14.028306347],[33.268883333,-14.028321218],[33.26929379,-14.027892915],[33.269775631,-14.027107693],[33.270775005,-14.026715082],[33.271792224,-14.025305251],[33.271917146,-14.024109572],[33.272506062,-14.023574193],[33.273755279,-14.023538502],[33.275111572,-14.023360042],[33.275736181,-14.023770499],[33.276075254,-14.02425234],[33.276878322,-14.024484337],[33.278056155,-14.024377262],[33.278734302,-14.02416311],[33.279251834,-14.024216648],[33.279715829,-14.024734181],[33.280304746,-14.024716335],[33.281429041,-14.02332435],[33.282392723,-14.023199428],[33.282999485,-14.022753279],[33.284159473,-14.022771125],[33.284766235,-14.023574193],[33.28606899,-14.024305878],[33.286408063,-14.02491264],[33.287068364,-14.025233868],[33.287104056,-14.026286779],[33.286979134,-14.026964925],[33.287692972,-14.027660918],[33.288067737,-14.028303372],[33.288371119,-14.028678137],[33.288817268,-14.030070122],[33.28960249,-14.031087342],[33.289798795,-14.031658412],[33.290298482,-14.031926102],[33.291529853,-14.031872564],[33.292511381,-14.031819026],[33.293189527,-14.032175945],[33.29514589,-14.032276329],[33.295788345,-14.03287863],[33.296189879,-14.032771554],[33.296551259,-14.032115715],[33.297220483,-14.031968486],[33.298197549,-14.032236175],[33.298773081,-14.032169253],[33.299977683,-14.031714181],[33.300377909,-14.03212548],[33.300188449,-14.0325044],[33.299683222,-14.033030678],[33.299932905,-14.034083476],[33.299588366,-14.036519857],[33.299883685,-14.038931629],[33.300745032,-14.040801982],[33.300769642,-14.044444249],[33.302024748,-14.046462262],[33.302344677,-14.046757581],[33.303156804,-14.046831411],[33.304658008,-14.046856021],[33.305248646,-14.047249779],[33.305470135,-14.048726374],[33.305150207,-14.049292402],[33.303525952,-14.050399848],[33.301655599,-14.053131548],[33.301729429,-14.053796016],[33.301950918,-14.054066725],[33.302147797,-14.055715589],[33.302467726,-14.056798425],[33.303156804,-14.057585943],[33.304805668,-14.060268423],[33.305396306,-14.060859061],[33.306011554,-14.062483315],[33.306503752,-14.063172393],[33.307340489,-14.063443102],[33.307586588,-14.063664591],[33.307611198,-14.064452108],[33.307119,-14.065288845],[33.30714361,-14.065657994],[33.307783467,-14.066519341],[33.307783467,-14.067552957],[33.308078304,-14.067831709],[33.309579991,-14.068192815],[33.310441338,-14.069817069],[33.311031976,-14.070358487],[33.313345307,-14.070703026],[33.315068001,-14.071687422],[33.315707859,-14.072031961],[33.316052398,-14.072893308],[33.316643036,-14.073090187],[33.317135234,-14.073951534],[33.318070411,-14.074246853],[33.31836573,-14.074492952],[33.318611829,-14.076437135],[33.318021191,-14.077544582],[33.317676652,-14.079710254],[33.31821807,-14.080227062],[33.318808708,-14.080571601],[33.318980977,-14.081383728],[33.318882538,-14.082072805],[33.318980977,-14.082515784],[33.319251686,-14.082737273],[33.320309913,-14.082884933],[33.32119587,-14.083377131],[33.321811117,-14.08350018],[33.322229486,-14.084066208],[33.322229486,-14.084435357],[33.321491188,-14.085370534],[33.32097438,-14.085665853],[33.320186863,-14.087093228],[33.318587219,-14.089062021],[33.318587219,-14.090218686],[33.317184454,-14.0919906],[33.316421547,-14.092556628],[33.315683249,-14.092778117],[33.315117221,-14.093294925],[33.314871122,-14.094648471],[33.314772682,-14.095657477],[33.313985165,-14.096420384],[33.313689846,-14.096641874],[33.312779279,-14.096838753],[33.312459351,-14.097823149],[33.312434741,-14.098536837],[33.311228855,-14.099373574],[33.310810486,-14.100259531],[33.309210842,-14.101243927],[33.308767864,-14.101908395],[33.308620204,-14.102671302],[33.307291269,-14.10323733],[33.305420916,-14.10336038],[33.305076377,-14.103557259],[33.305027157,-14.105649102],[33.303919711,-14.106633498],[33.303993541,-14.108873],[33.304362689,-14.109685127],[33.30406737,-14.110915623],[33.30416581,-14.111210942],[33.304830278,-14.111506261],[33.305790064,-14.111850799],[33.3068729,-14.113499664],[33.306725241,-14.11438562],[33.306134603,-14.115739166],[33.306134603,-14.116748172],[33.306429922,-14.118249377],[33.306109993,-14.119898241],[33.306257653,-14.121620935],[33.305617795,-14.122703771],[33.305273256,-14.124894053],[33.304534959,-14.126222988],[33.303919711,-14.126616747],[33.303206024,-14.126690577],[33.302516946,-14.127010506],[33.301532549,-14.127084335],[33.301040351,-14.127699583],[33.30128645,-14.128733199],[33.301581769,-14.130185184],[33.302246237,-14.131169581],[33.302492336,-14.132523126],[33.302147797,-14.133409083],[33.301704819,-14.133950501],[33.300252834,-14.134368869],[33.299416097,-14.135525535],[33.298850069,-14.135796244],[33.298234821,-14.135993124],[33.297668793,-14.136411492],[33.297176595,-14.137420499],[33.297225815,-14.138035746],[33.297693403,-14.138872483],[33.297545744,-14.139463121],[33.296924343,-14.141201196],[33.296832056,-14.141773377],[33.296278333,-14.142124068],[33.296130674,-14.14240093],[33.296942801,-14.143822152],[33.297201205,-14.145612523],[33.297588811,-14.146184704],[33.298234821,-14.146793799],[33.298585512,-14.148215021],[33.299434554,-14.148879489],[33.300745032,-14.148861032],[33.30126184,-14.149414755],[33.301649447,-14.149968478],[33.30292301,-14.150485286],[33.303550562,-14.151186668],[33.303661307,-14.151518902],[33.303919711,-14.151740391],[33.304454977,-14.151740391],[33.305359391,-14.151352785],[33.306503752,-14.151352785],[33.306762156,-14.151481987],[33.30702056,-14.152423316],[33.307315879,-14.153881454],[33.308294123,-14.155081187],[33.308515612,-14.156188633],[33.309493856,-14.157296079],[33.309420026,-14.158255866],[33.309401569,-14.158828046],[33.309623058,-14.159049535],[33.309770718,-14.161430544],[33.309641516,-14.162888682],[33.309659973,-14.16397767],[33.310361356,-14.164789797],[33.310675132,-14.165288148],[33.310933536,-14.165288148],[33.31205944,-14.164217617],[33.313135447,-14.162677756],[33.314126672,-14.162316501],[33.315252576,-14.162316501],[33.315917043,-14.162833309],[33.316766085,-14.163036341],[33.317135234,-14.163774639],[33.318574914,-14.165214318],[33.319017892,-14.165934158],[33.320106881,-14.166081818],[33.320642146,-14.167853731],[33.320752891,-14.168075221],[33.322044911,-14.168352082],[33.32248789,-14.168813518],[33.322673618,-14.170227242],[33.32287665,-14.171205486],[33.323559575,-14.172054528],[33.323817979,-14.174195591],[33.323264256,-14.175247664],[33.323264256,-14.175949047],[33.323965638,-14.176816546],[33.32496234,-14.178219311],[33.326128104,-14.178296641],[33.327195689,-14.178293141],[33.329336752,-14.179419044],[33.330001219,-14.18067415],[33.330961006,-14.181818511],[33.331274782,-14.1829075],[33.332031537,-14.183368935],[33.3333051,-14.183590425],[33.334154142,-14.184291807],[33.334357174,-14.185768402],[33.334172599,-14.186395956],[33.334504833,-14.187023507],[33.335261588,-14.187466486],[33.33546462,-14.188684677],[33.334523291,-14.190308931],[33.333895738,-14.190567335],[33.333397387,-14.190714994],[33.333009781,-14.191305632],[33.332843664,-14.192671482],[33.3333051,-14.193778928],[33.333415845,-14.19621531],[33.33337893,-14.197175096],[33.334117227,-14.198097968],[33.334541748,-14.199353074],[33.33459712,-14.200054456],[33.335206216,-14.200718924],[33.335206216,-14.201863285],[33.336147545,-14.202767699],[33.337273448,-14.205259453],[33.337088874,-14.208415674],[33.338048661,-14.210003013],[33.338362437,-14.21081514],[33.339691372,-14.211479608],[33.340005149,-14.212051788],[33.340189723,-14.213546841],[33.340946478,-14.214654287],[33.341352541,-14.21513418],[33.341629403,-14.216555402],[33.341943179,-14.216961466],[33.342939881,-14.217090668],[33.34373355,-14.216610775],[33.345591477,-14.215893845],[33.346317591,-14.215761733],[33.347018974,-14.215632531],[33.349649158,-14.217887414],[33.350559725,-14.21897025],[33.351741001,-14.219683937],[33.354152772,-14.220446845],[33.354546531,-14.220668334],[33.355038729,-14.220692944],[33.355875466,-14.220299185],[33.357918089,-14.220225356],[33.358779436,-14.219880817],[33.359542343,-14.220176136],[33.360009931,-14.220815993],[33.36037908,-14.220889823],[33.360649789,-14.220692944],[33.360748229,-14.219683937],[33.361461916,-14.217345996],[33.361855675,-14.215869401],[33.36308617,-14.214958834],[33.36306156,-14.214220537],[33.362840071,-14.212522453],[33.36311078,-14.211341177],[33.363824468,-14.210824369],[33.364119787,-14.210233731],[33.364365886,-14.210061462],[33.364685815,-14.210061462],[33.365473332,-14.210873589],[33.367023756,-14.211021248],[33.36877106,-14.211095078],[33.369878506,-14.211464227],[33.370887513,-14.211291957],[33.371305881,-14.211464227],[33.371896519,-14.211981035],[33.372364107,-14.211882595],[33.373727332,-14.211050558],[33.374825099,-14.210873589],[33.376055594,-14.211070468],[33.376916941,-14.211759546],[33.377696056,-14.212822871],[33.379035208,-14.214076545],[33.379946972,-14.216014043],[33.380060942,-14.21652691],[33.380431346,-14.217011284],[33.38157105,-14.217467166],[33.384249356,-14.219119737],[33.38473373,-14.219290693],[33.385075641,-14.219746574],[33.385075641,-14.220544367],[33.385588508,-14.221370653],[33.385673986,-14.221912013],[33.38473373,-14.223792525],[33.384334833,-14.225445096],[33.383280607,-14.226641785],[33.382568292,-14.228094908],[33.381827484,-14.228607775],[33.38145708,-14.229348583],[33.381628036,-14.23040281],[33.38276774,-14.232197844],[33.383337592,-14.234363282],[33.383878952,-14.235531479],[33.383252114,-14.237098573],[33.383280607,-14.238095814],[33.384363326,-14.239235518],[33.385560015,-14.239833863],[33.38604439,-14.240574671],[33.386870675,-14.240774119],[33.388106041,-14.240796602],[33.388523247,-14.240717134],[33.389121591,-14.240175774],[33.389491995,-14.240318237],[33.391457985,-14.243908306],[33.391771404,-14.245019518],[33.392341256,-14.246871537],[33.392512212,-14.247783301],[33.393167542,-14.248438631],[33.393423975,-14.249407379],[33.393765887,-14.249806276],[33.394050813,-14.250632561],[33.394734635,-14.25105995],[33.39521901,-14.25105995],[33.397550298,-14.251935504],[33.398980034,-14.253139911],[33.399435916,-14.254536049],[33.399720842,-14.257299832],[33.399891797,-14.258382551],[33.399749334,-14.259294314],[33.399948782,-14.259636225],[33.400376172,-14.259892659],[33.401629846,-14.259750196],[33.401914772,-14.259864166],[33.402057235,-14.260377033],[33.401772908,-14.261635502],[33.402085728,-14.262570964],[33.402940506,-14.263568205],[33.403111462,-14.265306254],[33.403766792,-14.266702392],[33.403909255,-14.267728126],[33.405134437,-14.269551653],[33.40516293,-14.270862313],[33.404764033,-14.271631613],[33.404878004,-14.27214448],[33.405761274,-14.273284185],[33.405960723,-14.273711574],[33.406074693,-14.275107712],[33.407328368,-14.276959731],[33.408696013,-14.279011199],[33.409949688,-14.280093918],[33.411516781,-14.280749248],[33.412343067,-14.281547041],[33.41391016,-14.281917445],[33.415505746,-14.281917445],[33.416161076,-14.282316341],[33.416559973,-14.28339906],[33.416787914,-14.28382645],[33.418212544,-14.284766706],[33.418525963,-14.285536006],[33.419295263,-14.288755671],[33.419466219,-14.289610449],[33.420491953,-14.290408242],[33.421061805,-14.29322901],[33.421574672,-14.294596655],[33.422514928,-14.296163749],[33.422230002,-14.297274961],[33.422087539,-14.29781632],[33.422144524,-14.299212458],[33.422087539,-14.299639847],[33.422639743,-14.300419392],[33.423232943,-14.301085826],[33.423599115,-14.301669261],[33.424270432,-14.3023479],[33.424578016,-14.303702739],[33.42630391,-14.306529591],[33.42799214,-14.307531692],[33.428483311,-14.310022301],[33.429316122,-14.3122352],[33.430648621,-14.314210152],[33.431695583,-14.315304704],[33.43193353,-14.315828186],[33.433075671,-14.316185105],[33.433028082,-14.316946533],[33.432219065,-14.317945906],[33.432122375,-14.319147343],[33.432449807,-14.319603267],[33.434217812,-14.320491929],[33.434550937,-14.320777465],[33.435431337,-14.320825054],[33.436430711,-14.320420546],[33.437168344,-14.320634697],[33.438215307,-14.321872017],[33.439381242,-14.322276525],[33.440737535,-14.323846969],[33.441046865,-14.325084289],[33.44195106,-14.326369198],[33.442926639,-14.327083036],[33.443402532,-14.327844464],[33.44411637,-14.32808241],[33.444854003,-14.328129999],[33.445115743,-14.328415535],[33.445115743,-14.328772454],[33.444877797,-14.329272141],[33.445377484,-14.329867006],[33.44592476,-14.330461871],[33.44592476,-14.332079905],[33.444806414,-14.333840706],[33.444806414,-14.334411776],[33.44566302,-14.33510182],[33.445972349,-14.33660088],[33.446115117,-14.338385476],[33.446162706,-14.339551412],[33.446900339,-14.340193867],[33.447209669,-14.340979089],[33.447376231,-14.341573954],[33.449303595,-14.343882031],[33.451159574,-14.347760553],[33.451397521,-14.348046088],[33.45144511,-14.349188229],[33.450802655,-14.351020414],[33.450993012,-14.351900815],[33.451897207,-14.352995367],[33.451730645,-14.353614027],[33.450469531,-14.354589606],[33.449850871,-14.355041703],[33.449446363,-14.356041077],[33.449398773,-14.35646938],[33.448494578,-14.358135003],[33.448212464,-14.360448856],[33.447875918,-14.361609016],[33.447875918,-14.362084908],[33.449541541,-14.365273386],[33.450707477,-14.365749278],[33.452135153,-14.36622517],[33.452587251,-14.3665345],[33.453420062,-14.367533873],[33.454871534,-14.368866372],[33.457036843,-14.370079897],[33.457726887,-14.370650967],[33.457941038,-14.37169793],[33.458202779,-14.372578331],[33.459225947,-14.373958418],[33.459844607,-14.376028549],[33.460772597,-14.377551404],[33.461129516,-14.378931492],[33.461938533,-14.380335374],[33.463485182,-14.381477515],[33.464389378,-14.38176305],[33.464960448,-14.382167559],[33.465864643,-14.382191353],[33.466421822,-14.381958136],[33.467673034,-14.38181064],[33.468006158,-14.381882023],[33.468172721,-14.382310326],[33.468125131,-14.38269104],[33.467625445,-14.383071754],[33.467220936,-14.383952154],[33.467387498,-14.384689787],[33.468101337,-14.385641572],[33.468363078,-14.386521972],[33.468505845,-14.387878265],[33.469029327,-14.388592103],[33.470385619,-14.389615272],[33.470718744,-14.390281521],[33.471503966,-14.391161921],[33.471432582,-14.39549254],[33.470885306,-14.396634682],[33.470909101,-14.397610261],[33.471337404,-14.398799991],[33.471361198,-14.399228294],[33.470790128,-14.400132489],[33.470171468,-14.40070356],[33.470171468,-14.400989095],[33.470409414,-14.401250836],[33.471956064,-14.401393604],[33.472717491,-14.401702934],[33.4740024,-14.402987842],[33.474763828,-14.403320967],[33.476001147,-14.403820654],[33.476596013,-14.404272751],[33.477000521,-14.404391724],[33.478451992,-14.404034805],[33.47921342,-14.404082395],[33.479689312,-14.404582081],[33.480284177,-14.405176947],[33.482116362,-14.406152526],[33.483710601,-14.406438061],[33.484400645,-14.406652212],[33.48530484,-14.406414266],[33.485971089,-14.406057347],[33.487755685,-14.406009758],[33.489040594,-14.406438061],[33.489968583,-14.406533239],[33.491253492,-14.407151899],[33.493109472,-14.4089127],[33.494275408,-14.409507566],[33.495036835,-14.40984069],[33.49625036,-14.410744885],[33.496821431,-14.411339751],[33.497202145,-14.411530107],[33.497939778,-14.412410508],[33.499843347,-14.413124346],[33.500462006,-14.413671622],[33.501175845,-14.414956531],[33.501746915,-14.415503807],[33.502032451,-14.417002868],[33.502579727,-14.417930858],[33.502817673,-14.418573312],[33.503674279,-14.41871608],[33.505649231,-14.418430544],[33.506957935,-14.418168804],[33.507719363,-14.418335366],[33.50848079,-14.41902541],[33.509503958,-14.419715453],[33.51028918,-14.420334113],[33.511645473,-14.420453086],[33.512026187,-14.420928978],[33.512097571,-14.421714201],[33.511812035,-14.42295152],[33.51183583,-14.423284645],[33.512502079,-14.423855716],[33.513096944,-14.423950894],[33.514239086,-14.423712948],[33.515690557,-14.422523217],[33.516618547,-14.422428039],[33.51735618,-14.422808753],[33.517689304,-14.423046699],[33.518093813,-14.423046699],[33.51978323,-14.421999736],[33.521377469,-14.421357281],[33.522138896,-14.421000362],[33.5234476,-14.420738622],[33.524423179,-14.419786837],[33.526136391,-14.419239561],[33.5274213,-14.41928715],[33.528444468,-14.419739248],[33.529039333,-14.420500675],[33.529301074,-14.421285898],[33.530633572,-14.422023531],[33.53134741,-14.423831921],[33.532108838,-14.424379197],[33.533488925,-14.424688527],[33.534297942,-14.425235803],[33.534775267,-14.426086959],[33.535083164,-14.426949015],[33.536130127,-14.428114951],[33.538438204,-14.429185708],[33.539818292,-14.429804368],[33.540627308,-14.430494412],[33.540889049,-14.431184455],[33.541936012,-14.431993472],[33.542554672,-14.432160034],[33.543054358,-14.432540748],[33.543435072,-14.433397354],[33.543982348,-14.433897041],[33.544886543,-14.434230165],[33.54538623,-14.434825031],[33.54600489,-14.436585832],[33.547051853,-14.437751768],[33.547123237,-14.439131855],[33.546813907,-14.439798104],[33.546980469,-14.440535737],[33.547599129,-14.441487522],[33.547456361,-14.442106181],[33.547075648,-14.442605868],[33.547147031,-14.443319707],[33.548075021,-14.444461848],[33.549217162,-14.445223275],[33.549597876,-14.446508184],[33.550073768,-14.447198228],[33.55121591,-14.447578942],[33.551858364,-14.448197602],[33.551905953,-14.449173181],[33.552477024,-14.450172554],[33.552976711,-14.451267106],[33.553048095,-14.454003486],[33.552643586,-14.458334105],[33.552905327,-14.459262095],[33.553666755,-14.459975934],[33.554642334,-14.460261469],[33.555903448,-14.460404237],[33.556236572,-14.460713566],[33.55637934,-14.461165664],[33.556950411,-14.461617762],[33.557854606,-14.461903297],[33.559044336,-14.462617135],[33.559996121,-14.463711687],[33.559924737,-14.464520704],[33.559567818,-14.464687266],[33.559353666,-14.465401105],[33.559544023,-14.466424273],[33.559758175,-14.467780566],[33.559781969,-14.468494404],[33.560519602,-14.46935101],[33.560495808,-14.470279],[33.56035304,-14.471111811],[33.559686791,-14.47208739],[33.55911572,-14.472182569],[33.558616033,-14.472753639],[33.55854465,-14.473205737],[33.559187104,-14.474728592],[33.560733754,-14.475775555],[33.561685538,-14.476584571],[33.561994868,-14.47760774],[33.562113841,-14.478297783],[33.562494555,-14.478630908],[33.564136383,-14.478749881],[33.56432674,-14.479130595],[33.56525473,-14.479487514],[33.565587854,-14.480010995],[33.565635443,-14.481081753],[33.565754416,-14.481367288],[33.56613513,-14.48153385],[33.567116184,-14.481094045],[33.568472477,-14.481165429],[33.56951944,-14.4817365],[33.57163716,-14.481855473],[33.572398588,-14.481760294],[33.57287448,-14.481498554],[33.573731086,-14.480451591],[33.574278362,-14.480047083],[33.574849433,-14.479999493],[33.575372914,-14.480166056],[33.576253315,-14.480951278],[33.579132462,-14.480998867],[33.579774917,-14.480832305],[33.580464961,-14.479785342],[33.581012237,-14.479547396],[33.58170228,-14.47961878],[33.58201161,-14.479904315],[33.582582681,-14.480094672],[33.584414866,-14.479856726],[33.58505732,-14.480047083],[33.58598531,-14.481236813],[33.5877937,-14.481903062],[33.589364145,-14.48142717],[33.590601464,-14.481522348],[33.591220124,-14.481760294],[33.592409855,-14.482950025],[33.593813737,-14.483568685],[33.594432397,-14.48478221],[33.595217619,-14.48540087],[33.595788689,-14.486067119],[33.596264582,-14.48628127],[33.597501901,-14.486138503],[33.598667837,-14.485733994],[33.599857568,-14.484877388],[33.600428638,-14.484877388],[33.600904531,-14.485186718],[33.601213861,-14.485781584],[33.603046046,-14.487923098],[33.604045419,-14.488708321],[33.604806847,-14.489707694],[33.604949614,-14.490183586],[33.605830015,-14.490921219],[33.606948362,-14.491301933],[33.607900146,-14.49211095],[33.608661574,-14.493395859],[33.609042287,-14.495632552],[33.608875725,-14.496156034],[33.608090503,-14.496750899],[33.607828762,-14.497179202],[33.607614611,-14.498844824],[33.607876351,-14.499986966],[33.609185055,-14.501795356],[33.609637153,-14.503437184],[33.609756126,-14.50522178],[33.610232018,-14.506268743],[33.610636526,-14.5064591],[33.612992193,-14.506625662],[33.613991566,-14.507006376],[33.614776788,-14.507767803],[33.615371654,-14.508909945],[33.615990313,-14.510932486],[33.617394195,-14.513264358],[33.617989061,-14.514549267],[33.61865531,-14.515334489],[33.618940845,-14.516381452],[33.619488121,-14.517000112],[33.6195833,-14.518047075],[33.619250175,-14.519022654],[33.61922638,-14.519593724],[33.619916424,-14.520950017],[33.621177538,-14.521949391],[33.621344101,-14.523139121],[33.621653431,-14.523519835],[33.622057939,-14.523686397],[33.623081107,-14.523258094],[33.623485616,-14.523305684],[33.623842535,-14.523710192],[33.624389811,-14.527041437],[33.624841908,-14.528183579],[33.624913292,-14.528826033],[33.627007218,-14.531467235],[33.626745477,-14.533228036],[33.626959629,-14.53448915],[33.627364137,-14.535678881],[33.627364137,-14.537796601],[33.626650299,-14.53939084],[33.625412979,-14.540604365],[33.625008471,-14.541532355],[33.624175659,-14.542151015],[33.623556999,-14.543102799],[33.623104902,-14.543483513],[33.62231968,-14.5448636],[33.621938966,-14.546529223],[33.622034144,-14.548742122],[33.621534458,-14.549884263],[33.621510663,-14.551050199],[33.62227209,-14.55219234],[33.622050294,-14.554649516],[33.622537338,-14.554909642],[33.622598219,-14.555457567],[33.622066897,-14.558252537],[33.622183124,-14.559254298],[33.622365766,-14.559575304],[33.622825137,-14.559514424],[33.623223628,-14.559940587],[33.623339855,-14.560554927],[33.622935829,-14.561246751],[33.623411804,-14.56181128],[33.623833691,-14.563194075],[33.623860437,-14.564413966],[33.624446837,-14.565247072],[33.625187786,-14.566005001],[33.625274769,-14.566487426],[33.626420166,-14.5682196],[33.627458615,-14.568991472],[33.629551017,-14.570728127],[33.630092184,-14.570977237],[33.631167859,-14.570989557],[33.631639433,-14.570264838],[33.63191075,-14.570456369],[33.631707315,-14.571082387],[33.632220291,-14.572427189],[33.632787221,-14.573316979],[33.632756399,-14.573560287],[33.633337986,-14.575299707],[33.63347284,-14.577708422],[33.633199156,-14.579136368],[33.633294015,-14.579726411],[33.633198321,-14.581262812],[33.633737733,-14.583432166],[33.633825763,-14.584866813],[33.633665663,-14.585291421],[33.634240536,-14.587151747],[33.634835541,-14.587669542],[33.635540412,-14.587945823],[33.637461176,-14.589664583],[33.638128507,-14.589815171],[33.638793879,-14.589297247],[33.639108042,-14.589242717],[33.639381678,-14.589401388],[33.639899961,-14.590374435],[33.640436305,-14.590550043],[33.641254459,-14.590407464],[33.642245843,-14.590672849],[33.643106059,-14.591313942],[33.644767475,-14.59344522],[33.645860615,-14.594318963],[33.646517636,-14.595118492],[33.647765749,-14.595588697],[33.650060785,-14.595769438],[33.651700582,-14.596659756],[33.651965918,-14.597039171],[33.652788616,-14.600004107],[33.652750043,-14.600395913],[33.652907403,-14.600822433],[33.653571138,-14.601501056],[33.654083737,-14.601587601],[33.654393322,-14.601481896],[33.657020654,-14.602163495],[33.658106399,-14.601994457],[33.660278627,-14.602213267],[33.662143474,-14.60322862],[33.662841023,-14.603814946],[33.664311252,-14.604142278],[33.664861875,-14.60390926],[33.666175662,-14.604016268],[33.666855635,-14.604954778],[33.667324663,-14.606200222],[33.666586354,-14.607274493],[33.666697707,-14.609616472],[33.666594927,-14.610505428],[33.665131033,-14.615774534],[33.66860777,-14.616231791],[33.669095952,-14.616045401],[33.6707893,-14.616318815],[33.67140796,-14.616176047],[33.672169388,-14.615628771],[33.673192556,-14.615700155],[33.674920706,-14.616628992],[33.675752106,-14.616595287],[33.676768573,-14.616337667],[33.677148598,-14.616549068],[33.679286699,-14.615974929],[33.679341081,-14.615681463],[33.679196598,-14.615085375],[33.679444226,-14.614581041],[33.680373589,-14.614074785],[33.681004234,-14.613932866],[33.681950572,-14.614243382],[33.683443809,-14.614102892],[33.684477486,-14.613704552],[33.685195535,-14.613226789],[33.684953755,-14.61230731],[33.685033648,-14.611652384],[33.685208949,-14.611515256],[33.685415007,-14.610761809],[33.685872362,-14.610328818],[33.685661713,-14.609561368],[33.68597312,-14.608398337],[33.687160051,-14.606460366],[33.68740731,-14.605677589],[33.688309691,-14.604908933],[33.689858587,-14.603979802],[33.691165352,-14.603812379],[33.691286205,-14.603595705],[33.690121159,-14.602270899],[33.690890045,-14.600930995],[33.690827102,-14.599463249],[33.691178603,-14.597435562],[33.691422935,-14.596874785],[33.691387341,-14.595947882],[33.69076987,-14.59484585],[33.691499442,-14.592850959],[33.691486436,-14.592274503],[33.691734976,-14.591486459],[33.692645417,-14.590964642],[33.693112846,-14.590840201],[33.693400217,-14.591152399],[33.693721033,-14.591093859],[33.694323604,-14.591323934],[33.694854023,-14.591080621],[33.696465236,-14.589848747],[33.698366325,-14.589157908],[33.698799619,-14.58912708],[33.699103663,-14.588851672],[33.699539825,-14.587876672],[33.700545666,-14.586987762],[33.700937071,-14.586052071],[33.702031623,-14.585362027],[33.704006576,-14.583862967],[33.705362869,-14.583220512],[33.705862555,-14.582459085],[33.70769474,-14.579294401],[33.708242016,-14.57784293],[33.708741703,-14.57758119],[33.709407952,-14.57758119],[33.710097996,-14.578080876],[33.71078804,-14.578532974],[33.711573262,-14.578414001],[33.712334689,-14.578057082],[33.712762992,-14.578057082],[33.714904507,-14.57908025],[33.71657013,-14.579246812],[33.717117406,-14.579056455],[33.717712271,-14.578437796],[33.717997806,-14.577866725],[33.718164369,-14.576272486],[33.718426109,-14.575701415],[33.718473699,-14.574892399],[33.717855039,-14.572846062],[33.716784281,-14.571703921],[33.716546335,-14.571085261],[33.716593924,-14.568515443],[33.716355978,-14.567991962],[33.71533281,-14.567040177],[33.714357231,-14.56684982],[33.713357858,-14.56596942],[33.712953349,-14.56504143],[33.712501252,-14.563827905],[33.71074045,-14.561876747],[33.709764871,-14.56013974],[33.709193801,-14.559354518],[33.709146212,-14.558783448],[33.709312774,-14.558259966],[33.708664148,-14.555303383],[33.70728161,-14.552586009],[33.706970552,-14.551577946],[33.705758071,-14.549468212],[33.704696619,-14.54614851],[33.704313984,-14.544064219],[33.702888229,-14.540913695],[33.702793051,-14.538272494],[33.702674078,-14.53727312],[33.703245148,-14.536321336],[33.705434252,-14.534893659],[33.70619568,-14.53422741],[33.706290858,-14.533846696],[33.706879261,-14.533574838],[33.707854138,-14.530833434],[33.70824329,-14.53056488],[33.708851411,-14.530402727],[33.709400847,-14.530751151],[33.709915115,-14.531287929],[33.710843465,-14.531092226],[33.710972694,-14.529614981],[33.709699055,-14.528450697],[33.709866741,-14.526862358],[33.710977469,-14.524338816],[33.710566791,-14.521477423],[33.710560459,-14.519509233],[33.711056452,-14.518217036],[33.711816443,-14.517074664],[33.711426619,-14.51480821],[33.710626747,-14.513439082],[33.710032194,-14.512730357],[33.709575777,-14.51127854],[33.709218421,-14.510964603],[33.710127662,-14.508535463],[33.711324672,-14.506884555],[33.713109115,-14.505110305],[33.714546694,-14.504248322],[33.715374571,-14.503056443],[33.715645187,-14.502137078],[33.716263669,-14.501343661],[33.717990055,-14.501074412],[33.718935971,-14.501396387],[33.722334221,-14.500626474],[33.723618804,-14.500613329],[33.725184617,-14.500000184],[33.725806472,-14.499600905],[33.727128679,-14.499072203],[33.727230232,-14.498659171],[33.727754488,-14.498520894],[33.731121024,-14.498650347],[33.73347393,-14.499141083],[33.735163525,-14.499791851],[33.735866792,-14.499695897],[33.737120993,-14.500123538],[33.73865276,-14.499830126],[33.739593223,-14.500128961],[33.740465222,-14.501023468],[33.74237566,-14.506150596],[33.744336885,-14.508297813],[33.745087018,-14.50968796],[33.746103233,-14.510856938],[33.747444298,-14.511611047],[33.750353965,-14.512692313],[33.751339921,-14.513395241],[33.751716134,-14.514991987],[33.753197423,-14.517396307],[33.755222902,-14.51953595],[33.755878762,-14.520040649],[33.759659634,-14.520388249],[33.76005499,-14.520230423],[33.760938513,-14.519401335],[33.762000466,-14.519160738],[33.763052141,-14.519868277],[33.763557002,-14.520533945],[33.765050029,-14.523389009],[33.765917783,-14.52470863],[33.769668072,-14.528851274],[33.770412088,-14.53044757],[33.770882445,-14.531072301],[33.773865617,-14.532760954],[33.774307505,-14.532821724],[33.775484455,-14.532204049],[33.776292853,-14.53149924],[33.777270482,-14.530921849],[33.778214815,-14.530751777],[33.779079319,-14.530770427],[33.78749335,-14.535397061],[33.794214186,-14.538705627],[33.795366727,-14.539758981],[33.797719047,-14.543279462],[33.798703433,-14.545975241],[33.799053235,-14.547518979],[33.799046982,-14.551246136],[33.800070572,-14.551826692],[33.801484833,-14.551877],[33.802410964,-14.55164016],[33.80437978,-14.550372349],[33.805285091,-14.55006991],[33.813223809,-14.549673871],[33.814016989,-14.54970297],[33.822751831,-14.546180752],[33.823697535,-14.546080825],[33.824342895,-14.545824124],[33.825853136,-14.544080942],[33.826578128,-14.542893061],[33.827074272,-14.54211171],[33.827313649,-14.541148407],[33.830107274,-14.539466288],[33.830618287,-14.539236675],[33.83066526,-14.539040081],[33.831881178,-14.538657948],[33.832163316,-14.538098714],[33.832420089,-14.536513583],[33.832206768,-14.536405257],[33.832743012,-14.535369675],[33.833544763,-14.534425815],[33.833848715,-14.534549244],[33.834229792,-14.533475153],[33.834299359,-14.533055189],[33.834697415,-14.53255405],[33.835861586,-14.531671129],[33.83732655,-14.530018016],[33.838345337,-14.527188659],[33.838997573,-14.526348593],[33.842025062,-14.524005075],[33.843541138,-14.52341295],[33.844877454,-14.522690916],[33.847235057,-14.520352909],[33.849490065,-14.518613433],[33.851902191,-14.516506838],[33.85520675,-14.51430531],[33.857812577,-14.511501539],[33.858648696,-14.511273104],[33.86216507,-14.512333921],[33.864344624,-14.512215516],[33.866108137,-14.512293752],[33.866941968,-14.513026271],[33.867897335,-14.514759946],[33.869303621,-14.516381707],[33.874056628,-14.519984745],[33.876337696,-14.520677019],[33.877379381,-14.520677466],[33.87846462,-14.519934311],[33.87936169,-14.518846201],[33.880617906,-14.517974115],[33.885653952,-14.516252978],[33.885760063,-14.515912043],[33.88283577,-14.507594257],[33.882438551,-14.502774817],[33.882995889,-14.500054882],[33.883640364,-14.499382335],[33.887801103,-14.497301286],[33.888848592,-14.496598373],[33.893094796,-14.492991491],[33.895057814,-14.491669191],[33.896228624,-14.490487372],[33.897229913,-14.489451217],[33.899111605,-14.488142467],[33.901295798,-14.487030886],[33.902299106,-14.486077154],[33.902768504,-14.485822109],[33.903229059,-14.485761643],[33.90536637,-14.486540116],[33.906186964,-14.486646718],[33.907535974,-14.485873055],[33.90902716,-14.484521145],[33.910291594,-14.48246006],[33.910996811,-14.480135648],[33.911648589,-14.478934914],[33.912583555,-14.47767002],[33.913327068,-14.47736506],[33.915324008,-14.477569454],[33.917215948,-14.479282847],[33.919855352,-14.480556977],[33.920771135,-14.480888217],[33.922071371,-14.482397498],[33.923354229,-14.483410996],[33.925473005,-14.478645566],[33.927286831,-14.475392318],[33.930088466,-14.473672819],[33.931239798,-14.472978068],[33.932020582,-14.472884053],[33.933073421,-14.472499261],[33.934181279,-14.471482839],[33.935893305,-14.470456295],[33.938366873,-14.472767435],[33.938929692,-14.473605233],[33.939377219,-14.473711041],[33.940125114,-14.474532503],[33.940414838,-14.475155501],[33.940856351,-14.475172478],[33.94174834,-14.476484171],[33.941928248,-14.477859687],[33.942149796,-14.4781142],[33.942239333,-14.478599727],[33.941717535,-14.479101877],[33.940335131,-14.479498891],[33.940358736,-14.479598645],[34.086925809,-14.489468983],[34.084882465,-14.458609698],[34.112830143,-14.451717164],[34.187309804,-14.43814696],[34.190473565,-14.440203644],[34.191514936,-14.440516839],[34.193139633,-14.440015728],[34.194521603,-14.43962032],[34.196111065,-14.439643809],[34.199908548,-14.440368071],[34.204164077,-14.440642117],[34.20684972,-14.441656084],[34.207785388,-14.442266813],[34.210271369,-14.442274643],[34.211946959,-14.441738297],[34.212586207,-14.441860421],[34.214878905,-14.441139123],[34.21862708,-14.439232835],[34.222450277,-14.436908501],[34.223973287,-14.436786556],[34.224135654,-14.436594905],[34.223615039,-14.433161424],[34.223321609,-14.432164321],[34.223672645,-14.431297508],[34.225814301,-14.429649873],[34.227456472,-14.428706472],[34.22825766,-14.428946374],[34.229847685,-14.429690742],[34.230998129,-14.428927517],[34.232291851,-14.428164177],[34.233708531,-14.42670096],[34.233835708,-14.426322121],[34.233668968,-14.425899283],[34.233868343,-14.425258487],[34.234186276,-14.425010397],[34.234963526,-14.424900573],[34.235497251,-14.424989112],[34.238117159,-14.424929233],[34.239604031,-14.425031684],[34.242822771,-14.425942486],[34.246548616,-14.427123178],[34.248771318,-14.427625268],[34.252395726,-14.429337759],[34.253470507,-14.430081364],[34.256948262,-14.431265787],[34.260460689,-14.432056358],[34.261649849,-14.431977081],[34.266393277,-14.430631568],[34.270551909,-14.427911488],[34.273202629,-14.425727143],[34.274338451,-14.42424932],[34.276656897,-14.42024228],[34.277733122,-14.416390138],[34.279148528,-14.412878272],[34.279360222,-14.412621041],[34.287392934,-14.409728285],[34.290419644,-14.407981595],[34.294018154,-14.404411931],[34.295180432,-14.403072525],[34.298757789,-14.400040681],[34.300039628,-14.399219655],[34.301872095,-14.398511491],[34.302380466,-14.398563548],[34.303664844,-14.39913591],[34.308342949,-14.404656195],[34.309764503,-14.405902331],[34.310849655,-14.406174525],[34.312546729,-14.406056392],[34.316442941,-14.404855857],[34.318008913,-14.403857549],[34.325912487,-14.399932355],[34.329992681,-14.399236323],[34.3325115,-14.398663864],[34.338913826,-14.39903134],[34.34245435,-14.398878807],[34.344788393,-14.398369712],[34.346209959,-14.397775869],[34.348133588,-14.396427991],[34.348453261,-14.395947221],[34.34918576,-14.392937728],[34.349569499,-14.392013442],[34.350335938,-14.391064917],[34.355638417,-14.387209651],[34.356569622,-14.386694188],[34.357550665,-14.38636803],[34.358681863,-14.38627099],[34.359887386,-14.386516077],[34.362914296,-14.387787874],[34.365172107,-14.387953039],[34.368170918,-14.387525049],[34.36941736,-14.387502369],[34.37029121,-14.387675263],[34.371365053,-14.388266579],[34.372410296,-14.389509229],[34.373650611,-14.393096959],[34.374227213,-14.394305523],[34.375127908,-14.395457779],[34.376005305,-14.396171475],[34.37702054,-14.396730724],[34.378135856,-14.397107332],[34.384905656,-14.397453876],[34.386602814,-14.396942992],[34.389270756,-14.395320307],[34.391009067,-14.394764111],[34.391938447,-14.394873181],[34.392890018,-14.395314695],[34.393855011,-14.396245891],[34.394244573,-14.397080801],[34.394373473,-14.397867297],[34.393888364,-14.401049832],[34.39386741,-14.402835827],[34.394250351,-14.404630347],[34.39578212,-14.407773825],[34.396542128,-14.409062368],[34.399997678,-14.412923857],[34.40071266,-14.414230977],[34.402811751,-14.419179569],[34.403856138,-14.42058498],[34.405550367,-14.422029071],[34.411832165,-14.425244753],[34.416633884,-14.429401021],[34.420382348,-14.432962062],[34.420855369,-14.433943803],[34.421016017,-14.43488092],[34.420828726,-14.436098759],[34.420227061,-14.438389715],[34.420257916,-14.439415632],[34.420743876,-14.440811805],[34.422093767,-14.442231118],[34.423705922,-14.44362729],[34.424415579,-14.444992609],[34.424523569,-14.446589336],[34.424500429,-14.448803156],[34.42515609,-14.450932126],[34.429529735,-14.459787408],[34.430979903,-14.461630972],[34.432746331,-14.462973149],[34.435646667,-14.464400176],[34.436911707,-14.465372098],[34.442627529,-14.47235296],[34.446384082,-14.477127716],[34.447934528,-14.480298029],[34.448682753,-14.48339892],[34.450830757,-14.497392716],[34.451403411,-14.499485813],[34.451811937,-14.500322015],[34.456462,-14.506658457],[34.457817186,-14.508681205],[34.460009735,-14.511053672],[34.461088999,-14.512624046],[34.463976497,-14.518479739],[34.46534342,-14.520306852],[34.470725305,-14.524878069],[34.474377502,-14.531337049],[34.475339817,-14.532563107],[34.477818584,-14.534299623],[34.479170114,-14.534879961],[34.481840471,-14.535373849],[34.485220608,-14.535373956],[34.486174198,-14.535575177],[34.493521269,-14.539750979],[34.494288206,-14.540626138],[34.494679367,-14.54134101],[34.494926274,-14.542346089],[34.494701973,-14.544252651],[34.494336478,-14.546295986],[34.494300234,-14.546676649],[34.496823817,-14.552520344],[34.497408316,-14.553214796],[34.498535236,-14.553825483],[34.499738931,-14.553896023],[34.504078152,-14.552999767],[34.511337966,-14.552520653],[34.513539716,-14.553412732],[34.515365167,-14.554305008],[34.516328774,-14.555500725],[34.518220819,-14.559791238],[34.524527568,-14.567536634],[34.525120495,-14.568936563],[34.526400142,-14.576174835],[34.52700582,-14.57812087],[34.529223989,-14.582888512],[34.530199318,-14.583851337],[34.53146736,-14.584524948],[34.533575459,-14.585089256],[34.534788369,-14.586052081],[34.538152006,-14.591591453],[34.538650485,-14.593262146],[34.538939772,-14.596455597],[34.53955248,-14.597788079],[34.540635658,-14.599117435],[34.541838408,-14.600503059],[34.542890176,-14.603162823],[34.54368969,-14.605773403],[34.543632418,-14.607070498],[34.543148196,-14.608283426],[34.541860237,-14.610089182],[34.541692594,-14.611612799],[34.541804327,-14.615795919],[34.542302628,-14.61712352],[34.543875822,-14.619019537],[34.544353247,-14.6201868],[34.544934424,-14.625763599],[34.544539321,-14.626984666],[34.542973381,-14.6291661],[34.542478386,-14.63217165],[34.542527704,-14.633715847],[34.543273268,-14.635439086],[34.544018833,-14.636437861],[34.545826475,-14.637802385],[34.548695844,-14.63975101],[34.549640017,-14.640829361],[34.550348243,-14.642039086],[34.551563935,-14.646375621],[34.551450461,-14.647933203],[34.550735816,-14.649099874],[34.547489425,-14.652792086],[34.545892129,-14.654933256],[34.544687952,-14.655633749],[34.542239325,-14.656561069],[34.541420017,-14.657535118],[34.539141756,-14.665919468],[34.539213388,-14.667330545],[34.539665864,-14.670362206],[34.539423933,-14.671991046],[34.538697768,-14.673528745],[34.533479817,-14.678771853],[34.531705864,-14.68006761],[34.529993614,-14.680622934],[34.522543013,-14.682443164],[34.521262682,-14.683323392],[34.520568526,-14.68443404],[34.52038631,-14.685778967],[34.520733388,-14.68809571],[34.521488282,-14.689943899],[34.523267055,-14.69269449],[34.525453645,-14.697744471],[34.526425462,-14.698785704],[34.528750883,-14.700026506],[34.529549162,-14.701111124],[34.529757409,-14.70223045],[34.528516606,-14.707184984],[34.528620729,-14.708746834],[34.529141346,-14.710230591],[34.53000904,-14.711488748],[34.534642527,-14.71574045],[34.535163144,-14.71690316],[34.535796561,-14.719957444],[34.540829187,-14.729016172],[34.542981069,-14.73083833],[34.54405701,-14.732009717],[34.544378057,-14.733502152],[34.543189316,-14.738179024],[34.543284762,-14.739680135],[34.546070061,-14.749832158],[34.547336894,-14.751888593],[34.548976837,-14.753441766],[34.552751307,-14.756270449],[34.557263317,-14.761415876],[34.562148436,-14.764973423],[34.56312893,-14.766396441],[34.564751519,-14.770899775],[34.566547646,-14.772739287],[34.570122703,-14.779635298],[34.572153258,-14.781742963],[34.57241029,-14.782334137],[34.572422339,-14.782794385],[34.572480171,-14.78343054],[34.572740416,-14.783632953],[34.572986203,-14.784138985],[34.572668126,-14.784992011],[34.572841622,-14.785266714],[34.573116326,-14.787204095],[34.573536965,-14.788640413],[34.580892355,-14.80371922],[34.583745972,-14.810241101],[34.584002445,-14.811327375],[34.583745972,-14.813633927],[34.58260801,-14.815984701],[34.579880898,-14.817780547],[34.577860382,-14.818249905],[34.576519256,-14.818620932],[34.575827813,-14.819445268],[34.573489058,-14.823109809],[34.572692276,-14.824666679],[34.57217838,-14.826500039],[34.572225334,-14.827235574],[34.574435812,-14.836206],[34.575181205,-14.839701638],[34.575942061,-14.841784202],[34.576050497,-14.842586625],[34.576668579,-14.844267375],[34.576126401,-14.845319199],[34.576148088,-14.850177108],[34.576310742,-14.856845891],[34.57639749,-14.863547203],[34.577091477,-14.873349771],[34.576560143,-14.877123326],[34.576278211,-14.877741408],[34.571207311,-14.882629462],[34.570068967,-14.883855707],[34.569018857,-14.884712404],[34.568222057,-14.886100378],[34.566756973,-14.893862752],[34.566988302,-14.895045101],[34.565291889,-14.89830941],[34.565291889,-14.898900584],[34.565446109,-14.899234726],[34.569018857,-14.901008249],[34.572103244,-14.903475759],[34.574030986,-14.905223578],[34.576498496,-14.906714365],[34.577629438,-14.90722843],[34.578529051,-14.907125617],[34.579043115,-14.907279836],[34.580019838,-14.908179449],[34.578477644,-14.911700791],[34.577912173,-14.91272892],[34.577966758,-14.913607072],[34.579017412,-14.91663581],[34.579814212,-14.917252688],[34.581047967,-14.921159578],[34.581099373,-14.924500997],[34.586085799,-14.930515552],[34.587682612,-14.9333911],[34.588569373,-14.935492339],[34.589379025,-14.936803203],[34.590766999,-14.945458765],[34.590991467,-14.950342191],[34.591191102,-14.952263694],[34.591141738,-14.954518365],[34.592412383,-14.957130112],[34.592593128,-14.958319303],[34.592248317,-14.959156905],[34.592320777,-14.959686748],[34.592833516,-14.960315988],[34.59599972,-14.961799158],[34.597070715,-14.963618094],[34.597852449,-14.964430585],[34.59867153,-14.966534488],[34.598291566,-14.968619736],[34.598727678,-14.973456203],[34.600369315,-14.974241058],[34.601941693,-14.974431432],[34.606008218,-14.975840429],[34.607806559,-14.977039429],[34.611190801,-14.978415497],[34.612672306,-14.978761617],[34.614577684,-14.978753416],[34.616435881,-14.979254922],[34.616543635,-14.9795051],[34.614670999,-14.986558222],[34.61324447,-14.988852235],[34.612539238,-14.991608904],[34.612707956,-14.991981827],[34.616210593,-14.994766641],[34.617198988,-14.995837232],[34.618891871,-14.996845365],[34.62156498,-14.999577516],[34.62220969,-15.001329947],[34.62231004,-15.003198462],[34.621862509,-15.006738719],[34.621165368,-15.008437131],[34.620044621,-15.010550164],[34.619959632,-15.013187925],[34.618780096,-15.01457585],[34.618106511,-15.014961226],[34.613978796,-15.016221873],[34.612822151,-15.016710235],[34.6116141,-15.018483757],[34.608724896,-15.020942431],[34.606816432,-15.02327018],[34.606050155,-15.023920793],[34.605717619,-15.025482264],[34.605674245,-15.02744856],[34.604880008,-15.028886968],[34.604140667,-15.029370472],[34.603902035,-15.030342139],[34.604033366,-15.031946298],[34.603521028,-15.03300089],[34.603389227,-15.034644978],[34.603648634,-15.036006848],[34.604855081,-15.036929956],[34.604837013,-15.038937328],[34.604584307,-15.040223864],[34.603514003,-15.041961529],[34.602063419,-15.042484769],[34.600957311,-15.043296664],[34.600629527,-15.044334273],[34.599559066,-15.045618364],[34.597327813,-15.04676919],[34.595560759,-15.04794966],[34.594816912,-15.047699396],[34.593685217,-15.046973733],[34.592126511,-15.046974991],[34.589907111,-15.048312282],[34.589024706,-15.04897208],[34.587230783,-15.052550554],[34.586894919,-15.052726221],[34.585321649,-15.052668574],[34.584712756,-15.053287898],[34.584180712,-15.054785044],[34.583846547,-15.055859718],[34.581299082,-15.058000318],[34.579267115,-15.058948375],[34.577329324,-15.061430549],[34.5761154,-15.063709821],[34.574542924,-15.065774765],[34.574066874,-15.066293942],[34.5733879,-15.066620118],[34.573072115,-15.067252534],[34.572959894,-15.069859188],[34.572684543,-15.071610933],[34.573331511,-15.075276474],[34.573198593,-15.076070084],[34.571999534,-15.078233241],[34.57143862,-15.080658371],[34.571537605,-15.082143145],[34.572284407,-15.083918109],[34.573363081,-15.084856115],[34.573847136,-15.0864899],[34.574428794,-15.086789601],[34.575495592,-15.086868329],[34.578044892,-15.087654748],[34.57996276,-15.086528129],[34.58102829,-15.085786225],[34.58170704,-15.085967026],[34.582772134,-15.087327307],[34.584126236,-15.087864107],[34.584742984,-15.087619354],[34.585471719,-15.086826344],[34.586246899,-15.086947586],[34.586226133,-15.087447126],[34.586725309,-15.088796655],[34.587605294,-15.0901283],[34.588571729,-15.090828862],[34.588371975,-15.092015677],[34.588592153,-15.092492395],[34.589550181,-15.093724145],[34.589966853,-15.094892615],[34.590672442,-15.095804434],[34.591938874,-15.096157047],[34.591712587,-15.097364651],[34.59113777,-15.098103701],[34.591122441,-15.098625529],[34.59091202,-15.098887337],[34.590873601,-15.099527829],[34.59030171,-15.100053791],[34.590114635,-15.1004853],[34.589114991,-15.100401964],[34.587779039,-15.101371184],[34.587333721,-15.101371184],[34.586891025,-15.101925039],[34.586181135,-15.102209429],[34.585694694,-15.102999177],[34.584754883,-15.103972469],[34.583480364,-15.104550597],[34.582356644,-15.106191091],[34.581562493,-15.106547743],[34.580993116,-15.106581087],[34.581256447,-15.107029336],[34.582617787,-15.107724059],[34.582048863,-15.108291033],[34.582177968,-15.108808235],[34.58182209,-15.109257812],[34.581408799,-15.109425117],[34.581293718,-15.109974],[34.581024703,-15.110138275],[34.579370397,-15.11035612],[34.578636933,-15.11035612],[34.576855663,-15.111665877],[34.576488931,-15.112373146],[34.575703076,-15.112818463],[34.57546424,-15.113157951],[34.573853044,-15.114171764],[34.573031171,-15.114154416],[34.571856518,-15.115492317],[34.571276097,-15.117009687],[34.570059,-15.118064678],[34.569830666,-15.11888742],[34.569756778,-15.120650812],[34.570317406,-15.121796716],[34.570215928,-15.122078094],[34.569756778,-15.122222521],[34.569363851,-15.122851205],[34.568839948,-15.123322717],[34.568839948,-15.125549305],[34.569277938,-15.125849847],[34.569678193,-15.126570915],[34.570254486,-15.127121014],[34.570333071,-15.128168819],[34.570542632,-15.128430771],[34.570961755,-15.128456966],[34.571459463,-15.129033259],[34.571616633,-15.129976285],[34.572953623,-15.131660832],[34.573899576,-15.133201229],[34.574730169,-15.133557693],[34.575139445,-15.133891799],[34.576440096,-15.134403954],[34.576619906,-15.135241509],[34.577012834,-15.135896388],[34.5771129,-15.136680167],[34.576829468,-15.136996584],[34.577598721,-15.138090331],[34.578555777,-15.138448978],[34.579156011,-15.138432416],[34.579321155,-15.138957828],[34.580178871,-15.139618305],[34.580384449,-15.139906404],[34.579815714,-15.141083027],[34.579815714,-15.141449759],[34.580198253,-15.142073803],[34.580083411,-15.142353069],[34.579711387,-15.142580711],[34.578034444,-15.142366589],[34.577667712,-15.142183223],[34.575886442,-15.142838102],[34.575601795,-15.143643304],[34.57575704,-15.144348882],[34.575322138,-15.145693969],[34.57546732,-15.147186496],[34.575545905,-15.147946155],[34.575063114,-15.149029656],[34.574928829,-15.150432198],[34.57501973,-15.151295197],[34.575463795,-15.151918352],[34.575624491,-15.152844648],[34.576079586,-15.153271661],[34.576410345,-15.154363966],[34.57764367,-15.155951998],[34.577863209,-15.157859975],[34.577746298,-15.158345628],[34.578505957,-15.159891142],[34.578763427,-15.160004819],[34.579185515,-15.160525927],[34.579452921,-15.160760295],[34.58008225,-15.160739581],[34.580712667,-15.161676383],[34.581646865,-15.162192262],[34.581908636,-15.162561439],[34.582180107,-15.163719903],[34.580849755,-15.163647361],[34.579696394,-15.164096052],[34.579005008,-15.16467421],[34.577572158,-15.166633154],[34.577115777,-15.167975146],[34.577117614,-15.168666516],[34.577667398,-15.169968383],[34.577667712,-15.170500177],[34.57821781,-15.171155055],[34.578458098,-15.171162526],[34.578755545,-15.171771405],[34.579426634,-15.172273116],[34.579737129,-15.174193692],[34.580077605,-15.174810397],[34.579946189,-15.175130865],[34.580035451,-15.175520019],[34.581330113,-15.176582917],[34.581585619,-15.176728752],[34.581713545,-15.177068164],[34.582775766,-15.178149159],[34.583142498,-15.17922316],[34.583329179,-15.180097585],[34.583718791,-15.180821064],[34.584667749,-15.181583243],[34.584845183,-15.183335798],[34.584358752,-15.184724106],[34.583153676,-15.186784616],[34.582076811,-15.190253174],[34.582652744,-15.191887139],[34.582264587,-15.192763533],[34.580093081,-15.194875674],[34.579385245,-15.195414485],[34.578169886,-15.197078467],[34.577615225,-15.199419462],[34.57777972,-15.200690559],[34.579930952,-15.203689719],[34.581051149,-15.205690848],[34.581062024,-15.207376582],[34.582171346,-15.209247203],[34.58308734,-15.210255899],[34.584682242,-15.21087574],[34.58731651,-15.211172985],[34.58864222,-15.21186485],[34.590138789,-15.211910437],[34.59112855,-15.21236189],[34.591654957,-15.212879687],[34.591567952,-15.213673613],[34.590806653,-15.214859064],[34.590758352,-15.215879505],[34.590618868,-15.218015381],[34.59021985,-15.219520257],[34.590473517,-15.221700316],[34.591258225,-15.224101665],[34.594027969,-15.226408542],[34.594877217,-15.226908385],[34.596402432,-15.22960477],[34.596637619,-15.23064204],[34.598671758,-15.233363114],[34.602918973,-15.235892139],[34.603199796,-15.236239922],[34.603744839,-15.237955443],[34.60402765,-15.241996129],[34.603864677,-15.243081445],[34.603380308,-15.244143444],[34.603383068,-15.245568494],[34.603787671,-15.247303359],[34.60323929,-15.247902351],[34.602198342,-15.248482141],[34.600208197,-15.249157998],[34.599791631,-15.249691946],[34.598686566,-15.250066124],[34.598200534,-15.250601613],[34.598200534,-15.251694621],[34.598771508,-15.252518456],[34.598528701,-15.256312648],[34.597567857,-15.258609726],[34.598167762,-15.260276112],[34.598334101,-15.261243147],[34.600031305,-15.26320083],[34.60093603,-15.263802081],[34.601894041,-15.264733394],[34.603233586,-15.265124876],[34.603263184,-15.265405013],[34.603033977,-15.265886439],[34.602616646,-15.266200913],[34.601662467,-15.26655778],[34.601295735,-15.267055487],[34.601943993,-15.267965657],[34.602177838,-15.269936689],[34.601742563,-15.270977096],[34.600892258,-15.271616147],[34.600527796,-15.272325133],[34.600556096,-15.273411263],[34.600412232,-15.273837261],[34.600490356,-15.274205955],[34.600835844,-15.274746695],[34.600782646,-15.277691454],[34.601069936,-15.278845783],[34.60099464,-15.279111987],[34.599932768,-15.279620485],[34.599278679,-15.280974537],[34.599068074,-15.282473592],[34.599318139,-15.284125004],[34.598829176,-15.286363019],[34.598174509,-15.287253469],[34.597655436,-15.287324712],[34.596877354,-15.287774302],[34.595153125,-15.287650047],[34.59480706,-15.287790646],[34.594150393,-15.288739957],[34.593157268,-15.289354242],[34.592896632,-15.290439484],[34.591643195,-15.291253632],[34.591033777,-15.292552978],[34.590448423,-15.292977279],[34.59034538,-15.293322706],[34.589833997,-15.294018498],[34.589805711,-15.294474598],[34.588193726,-15.295936938],[34.588471909,-15.296293323],[34.588560256,-15.296692944],[34.589037793,-15.297324899],[34.588310697,-15.297607004],[34.587650364,-15.298917553],[34.587595994,-15.299328743],[34.586861048,-15.300050612],[34.585836913,-15.300219444],[34.585442915,-15.300483365],[34.585097746,-15.30135357],[34.584609311,-15.301398925],[34.583325864,-15.300742446],[34.583011522,-15.300428104],[34.582618595,-15.300323324],[34.581230252,-15.300690056],[34.580130056,-15.30228796],[34.579527568,-15.303885864],[34.579350928,-15.304885883],[34.57893421,-15.305195093],[34.578213687,-15.305367191],[34.575910657,-15.305266275],[34.575074843,-15.305639739],[34.574629075,-15.306033866],[34.574278792,-15.307497164],[34.573764635,-15.308391429],[34.572189594,-15.308972356],[34.57104034,-15.309177283],[34.570794581,-15.309577135],[34.57100621,-15.310129355],[34.570784922,-15.310724532],[34.570909364,-15.311220505],[34.571201183,-15.311457908],[34.571757281,-15.312266581],[34.572351525,-15.312003194],[34.574629075,-15.313289921],[34.575283954,-15.31389241],[34.575441125,-15.315333143],[34.575991223,-15.316328558],[34.576148394,-15.31831939],[34.575781662,-15.319341],[34.575078002,-15.320294919],[34.57465527,-15.321672368],[34.574891027,-15.322012905],[34.575210444,-15.322164895],[34.576007548,-15.323921629],[34.575961908,-15.324318501],[34.574696801,-15.326199859],[34.573817026,-15.325365884],[34.572562984,-15.325173474],[34.572271512,-15.325470665],[34.572462308,-15.32604918],[34.571853052,-15.326558106],[34.571037416,-15.326645467],[34.569543777,-15.326202007],[34.568493331,-15.326427527],[34.567993211,-15.326218748],[34.567069704,-15.326592493],[34.566594034,-15.3270638],[34.565609047,-15.327157193],[34.565241654,-15.327372893],[34.564686883,-15.328144199],[34.562936032,-15.327774292],[34.562535492,-15.32787468],[34.562115796,-15.328273836],[34.561952785,-15.328667816],[34.560651284,-15.328371161],[34.559353191,-15.32865705],[34.55891251,-15.329000066],[34.558831957,-15.329760626],[34.55920879,-15.33123356],[34.559802738,-15.331473306],[34.559985988,-15.33267433],[34.559963101,-15.333312441],[34.560597443,-15.334872889],[34.560561752,-15.335627556],[34.560354044,-15.336191782],[34.559407606,-15.337091373],[34.559390396,-15.337893472],[34.55902588,-15.338527722],[34.557981595,-15.339167209],[34.557228629,-15.339640391],[34.557217916,-15.339797978],[34.556439357,-15.340469987],[34.554282556,-15.339717269],[34.553950552,-15.339667697],[34.553679551,-15.339990956],[34.553447327,-15.339975029],[34.552331734,-15.33909556],[34.551580608,-15.337998184],[34.551053443,-15.336734578],[34.549881432,-15.336029022],[34.548984163,-15.335734837],[34.547853151,-15.33460568],[34.547937153,-15.333713991],[34.546864317,-15.333310674],[34.546245106,-15.331541683],[34.545386812,-15.330774802],[34.544748414,-15.331024325],[34.544317494,-15.330810003],[34.543509241,-15.329321351],[34.54340446,-15.328692668],[34.542906753,-15.32824735],[34.542403541,-15.328093494],[34.540738998,-15.328585064],[34.53984192,-15.329033205],[34.53959696,-15.329660865],[34.53913174,-15.330118554],[34.538756502,-15.331168002],[34.537991417,-15.331420332],[34.537303391,-15.331457915],[34.537079574,-15.331843526],[34.5369954,-15.332668571],[34.536521494,-15.33316718],[34.535229783,-15.333378383],[34.533927899,-15.334985244],[34.533290447,-15.336061777],[34.532656633,-15.336784582],[34.532437357,-15.337671755],[34.532444608,-15.338182418],[34.53288759,-15.33893967],[34.532713326,-15.339719365],[34.532035767,-15.33990419],[34.531855496,-15.340336063],[34.531868321,-15.340996284],[34.531589963,-15.341691778],[34.531877858,-15.342305161],[34.532165467,-15.342585134],[34.532507279,-15.342314144],[34.53279225,-15.342470042],[34.532892697,-15.343406216],[34.533042365,-15.345266586],[34.53316844,-15.345720498],[34.532519929,-15.346222386],[34.531847468,-15.34640197],[34.531449444,-15.346353178],[34.530490253,-15.345588537],[34.52996635,-15.345640928],[34.529814274,-15.345909274],[34.529573423,-15.345955269],[34.529432092,-15.346258517],[34.529180496,-15.346295806],[34.529229582,-15.346835339],[34.528878034,-15.347046492],[34.528454113,-15.346869667],[34.527234033,-15.347867134],[34.526583736,-15.347786808],[34.52635627,-15.347347544],[34.525689613,-15.347460185],[34.525282039,-15.34778672],[34.524530388,-15.347853011],[34.52397386,-15.348285514],[34.523820844,-15.348893005],[34.522756308,-15.348693728],[34.522478913,-15.348485603],[34.52219612,-15.348541183],[34.521747177,-15.349255072],[34.521648161,-15.3504613],[34.521259256,-15.35093512],[34.520790775,-15.35113548],[34.520743569,-15.351524898],[34.521248312,-15.352307859],[34.52099638,-15.353024678],[34.520256077,-15.352899518],[34.519526709,-15.353297021],[34.518883671,-15.353738343],[34.518659098,-15.354105093],[34.519049845,-15.356065054],[34.518990584,-15.356669084],[34.51927873,-15.357245378],[34.519743314,-15.357703067],[34.520270209,-15.358646837],[34.519804772,-15.359872764],[34.519958339,-15.361575542],[34.51976462,-15.362953388],[34.520436058,-15.363193051],[34.520050404,-15.36399991],[34.520074532,-15.364142327],[34.519778751,-15.364438536],[34.519750681,-15.365306126],[34.519894004,-15.365532848],[34.519296231,-15.367345768],[34.518300444,-15.368466635],[34.517646918,-15.370055453],[34.518045972,-15.370878239],[34.51749726,-15.371064691],[34.516804658,-15.371067134],[34.517171452,-15.372289241],[34.518215986,-15.37394507],[34.518005099,-15.374353226],[34.517440004,-15.374767629],[34.516634568,-15.376121489],[34.517063274,-15.376914989],[34.517586904,-15.377183913],[34.517863981,-15.379126204],[34.517871749,-15.380356264],[34.51811513,-15.38093439],[34.51913033,-15.381689671],[34.519714361,-15.381881707],[34.519353178,-15.383064642],[34.519700384,-15.383658455],[34.520939994,-15.384322426],[34.521526252,-15.386029796],[34.521068863,-15.387200213],[34.520704625,-15.38790334],[34.520714159,-15.388706903],[34.519964095,-15.389271731],[34.519176635,-15.389587484],[34.518748388,-15.390335886],[34.518026483,-15.391112273],[34.518155586,-15.392392399],[34.517751751,-15.393617413],[34.517755828,-15.393830693],[34.517104095,-15.394046809],[34.517006268,-15.394300088],[34.517500083,-15.394966659],[34.51737762,-15.395543538],[34.516892722,-15.395981994],[34.516685335,-15.398266003],[34.516118119,-15.398311211],[34.515577249,-15.398576941],[34.515343984,-15.399512493],[34.515184058,-15.399901961],[34.515315844,-15.400620037],[34.514585435,-15.40109626],[34.514248121,-15.402158029],[34.514275472,-15.40347445],[34.514463837,-15.403964199],[34.515361727,-15.4049689],[34.515141951,-15.405810176],[34.515820065,-15.406714327],[34.51609531,-15.406813274],[34.516442004,-15.407415047],[34.516248048,-15.407848225],[34.515869575,-15.407825153],[34.515807705,-15.408125118],[34.515066605,-15.408710996],[34.51507635,-15.409012389],[34.514805028,-15.409249338],[34.514595691,-15.40919552],[34.513809269,-15.410476918],[34.512221497,-15.412034117],[34.511548889,-15.412426495],[34.511351106,-15.412793807],[34.511428222,-15.413287937],[34.510921034,-15.413680714],[34.510453744,-15.414246142],[34.509885386,-15.414516341],[34.509303996,-15.414060359],[34.508718354,-15.413266565],[34.508457198,-15.413055901],[34.507314077,-15.412887737],[34.506354699,-15.412292787],[34.505502374,-15.412030929],[34.505083573,-15.412801309],[34.504513458,-15.412765552],[34.504093241,-15.412523455],[34.50319079,-15.412530043],[34.502995428,-15.412862066],[34.502247332,-15.412913262],[34.501594998,-15.412681675],[34.501158774,-15.412743157],[34.500713805,-15.412083909],[34.50021748,-15.411730184],[34.499597185,-15.412055012],[34.498727798,-15.411965268],[34.498323369,-15.411753464],[34.497961326,-15.410961661],[34.496636365,-15.409598607],[34.495387175,-15.408555595],[34.494398259,-15.408329557],[34.493946183,-15.40858385],[34.493861419,-15.409770549],[34.494080422,-15.410205021],[34.494008426,-15.41044651],[34.49276033,-15.410976767],[34.492387309,-15.411320841],[34.492157771,-15.411834877],[34.491540546,-15.412668584],[34.490648459,-15.413505724],[34.4901653,-15.414739709],[34.489751867,-15.414746359],[34.488583375,-15.414375405],[34.487931456,-15.414213237],[34.487189903,-15.415668114],[34.487473604,-15.416821517],[34.487382143,-15.417356189],[34.486750651,-15.417786135],[34.486650923,-15.419449438],[34.486138781,-15.419745182],[34.485803554,-15.419726961],[34.485638556,-15.419385636],[34.484454022,-15.419554442],[34.483883647,-15.41968558],[34.482955087,-15.419490181],[34.482695585,-15.420277534],[34.482099271,-15.420724059],[34.481418679,-15.420589965],[34.480914837,-15.420676953],[34.480159577,-15.421058919],[34.478737177,-15.42109456],[34.477982252,-15.421383249],[34.477925699,-15.422228773],[34.477423861,-15.42195726],[34.476755519,-15.421158745],[34.476707359,-15.420799989],[34.475976165,-15.42073339],[34.474979563,-15.421508961],[34.474403621,-15.421903405],[34.473178945,-15.423276316],[34.473122436,-15.423982686],[34.473518002,-15.424519525],[34.474252625,-15.425367169],[34.474224371,-15.425762735],[34.473715785,-15.4261583],[34.473518002,-15.427203728],[34.47374404,-15.429407596],[34.47315069,-15.429887927],[34.472331303,-15.430255239],[34.471596679,-15.430198731],[34.470240452,-15.429746654],[34.469160079,-15.430012853],[34.468731406,-15.428783292],[34.468093091,-15.428446936],[34.467301958,-15.428559954],[34.466397806,-15.429577126],[34.465258193,-15.429722583],[34.464515352,-15.42964786],[34.464237141,-15.429738289],[34.463036424,-15.429438625],[34.462413887,-15.428446936],[34.460257179,-15.426406094],[34.459754502,-15.425537368],[34.458817447,-15.425429489],[34.458222533,-15.42583526],[34.45767483,-15.425869517],[34.456932467,-15.425536696],[34.456056569,-15.425762735],[34.455689258,-15.427203728],[34.455991226,-15.427763222],[34.455102704,-15.427999736],[34.45468925,-15.428521279],[34.454146419,-15.428776428],[34.452524726,-15.428701228],[34.452535381,-15.428201554],[34.451422791,-15.428079624],[34.450865229,-15.427579716],[34.449962748,-15.427305757],[34.44891889,-15.427841248],[34.448360358,-15.427756791],[34.448173556,-15.426650211],[34.447705953,-15.426277345],[34.447506001,-15.425799065],[34.447048911,-15.425277498],[34.446334735,-15.424934693],[34.446020498,-15.424563322],[34.445791962,-15.423592043],[34.445195393,-15.421892663],[34.443734354,-15.422109023],[34.443049526,-15.421935156],[34.441306937,-15.423020702],[34.441012835,-15.423846953],[34.441155416,-15.425189584],[34.441310514,-15.42699197],[34.440421359,-15.428791242],[34.440552819,-15.429772793],[34.440164256,-15.430419565],[34.440253226,-15.430934592],[34.440075994,-15.432317205],[34.440636132,-15.433237836],[34.440714897,-15.43404403],[34.440135689,-15.434533217],[34.439764318,-15.435790166],[34.439792885,-15.436304373],[34.440097104,-15.436657005],[34.440142468,-15.437440046],[34.439707184,-15.43747562],[34.43945008,-15.437732725],[34.439392946,-15.438589735],[34.439650049,-15.439046807],[34.440268072,-15.439621766],[34.440088382,-15.4400401],[34.441078401,-15.441989213],[34.442221082,-15.443617534],[34.442392485,-15.444560246],[34.442771319,-15.445303515],[34.442592454,-15.446274268],[34.442678155,-15.446817041],[34.443263996,-15.447205624],[34.442929325,-15.447862616],[34.442912458,-15.448322703],[34.442667371,-15.448843788],[34.443192362,-15.44990228],[34.443363764,-15.451359198],[34.444135074,-15.452758984],[34.444488215,-15.453894594],[34.444300525,-15.454739911],[34.444441628,-15.455274667],[34.443947943,-15.45543299],[34.443363764,-15.455872791],[34.44312099,-15.45675115],[34.443363764,-15.45721544],[34.443321418,-15.458247792],[34.442600881,-15.458862886],[34.441949634,-15.45892247],[34.44138699,-15.458375156],[34.441029815,-15.45826154],[34.440449926,-15.459672206],[34.439650049,-15.459729339],[34.439584347,-15.459444359],[34.438956091,-15.459629624],[34.438821606,-15.460643484],[34.439193227,-15.461022478],[34.439348669,-15.462391853],[34.439342814,-15.462832718],[34.438964441,-15.463243085],[34.438826481,-15.463730427],[34.43778542,-15.463830445],[34.437196308,-15.464326819],[34.436967027,-15.464784902],[34.436978799,-15.465194824],[34.437359838,-15.465572095],[34.436613229,-15.466738035],[34.436151307,-15.467033042],[34.435807396,-15.467571293],[34.435601415,-15.46827828],[34.435253945,-15.467987987],[34.435134335,-15.467670322],[34.43406839,-15.467154319],[34.433279601,-15.467213902],[34.431908384,-15.46684253],[34.431525653,-15.467762471],[34.431525145,-15.468212658],[34.431164503,-15.468205231],[34.43094418,-15.468701473],[34.43072604,-15.470321025],[34.43010866,-15.472155998],[34.428937412,-15.473412949],[34.428194669,-15.474412795],[34.427166256,-15.475098404],[34.426709184,-15.475241239],[34.425737904,-15.475212671],[34.425366533,-15.47532694],[34.425309399,-15.476212518],[34.426052142,-15.47724093],[34.426480647,-15.478640716],[34.427251957,-15.480211902],[34.427423359,-15.480983213],[34.427880432,-15.481640253],[34.427823298,-15.483982751],[34.427423359,-15.484725494],[34.427394792,-15.485211132],[34.427908999,-15.486182412],[34.42928468,-15.48727217],[34.428908845,-15.488867713],[34.428414102,-15.489312421],[34.427309091,-15.491610148],[34.426766318,-15.492438592],[34.426376057,-15.492943065],[34.426792965,-15.495299613],[34.426873055,-15.497791017],[34.426966287,-15.498551938],[34.427324685,-15.498915182],[34.427313346,-15.499677519],[34.427051988,-15.500094557],[34.427383056,-15.500983769],[34.427194823,-15.501208672],[34.427737597,-15.502751291],[34.427737597,-15.503151229],[34.427947513,-15.50360612],[34.428044599,-15.504474743],[34.4279947,-15.505350891],[34.428194669,-15.506465005],[34.429223082,-15.507721955],[34.430537166,-15.508407564],[34.431312594,-15.509999106],[34.432565425,-15.51026442],[34.43290678,-15.510569369],[34.433507694,-15.51065765],[34.433361663,-15.511250663],[34.434174587,-15.512210259],[34.433929009,-15.51273998],[34.434180392,-15.513229935],[34.434071457,-15.513813709],[34.434416705,-15.514658527],[34.434222313,-15.515120816],[34.43417561,-15.516218034],[34.43412176,-15.516328573],[34.435512768,-15.517847835],[34.435751011,-15.518764826],[34.435476224,-15.52020149],[34.436193063,-15.521056779],[34.435956464,-15.521329466],[34.436074891,-15.521714129],[34.435707799,-15.522748215],[34.435843712,-15.523723981],[34.435372655,-15.524595612],[34.435393562,-15.525062144],[34.435222159,-15.525490649],[34.435222159,-15.52614769],[34.435683885,-15.526806835],[34.435804602,-15.52768053],[34.436619579,-15.528881866],[34.436496214,-15.529371173],[34.437321719,-15.529757923],[34.437858756,-15.529842746],[34.437850326,-15.531232622],[34.438593069,-15.533003779],[34.439915239,-15.533205444],[34.44022139,-15.533203748],[34.441021267,-15.533689388],[34.441702255,-15.534847329],[34.441825905,-15.536998402],[34.442078191,-15.537940692],[34.441886958,-15.539680826],[34.441635458,-15.543206972],[34.441813359,-15.543836597],[34.441601831,-15.544956138],[34.441254564,-15.545339975],[34.441127443,-15.546735688],[34.441825905,-15.546635015],[34.442678155,-15.546973057],[34.442792423,-15.548172873],[34.442592028,-15.54902837],[34.441992546,-15.549115586],[34.441706876,-15.550172566],[34.442393808,-15.550601949],[34.442031751,-15.55204341],[34.442478186,-15.552972134],[34.442471831,-15.554012151],[34.441649742,-15.554571888],[34.441639852,-15.555018615],[34.441564569,-15.555633339],[34.441148223,-15.556021619],[34.441068293,-15.557011393],[34.440732756,-15.557182564],[34.440458794,-15.557749986],[34.440103892,-15.557870785],[34.43986644,-15.557762633],[34.438877719,-15.558610442],[34.438571986,-15.559557715],[34.438584554,-15.560204326],[34.438785936,-15.560653966],[34.440307091,-15.562427822],[34.440530919,-15.563874315],[34.440986283,-15.563984558],[34.441185141,-15.565150739],[34.441459424,-15.565486827],[34.442936912,-15.566497168],[34.443311242,-15.567352062],[34.443127587,-15.56886577],[34.443464419,-15.569390912],[34.443363764,-15.570912232],[34.443687107,-15.571106669],[34.443654714,-15.571798557],[34.443854002,-15.572397653],[34.442586808,-15.573260673],[34.442353393,-15.574236531],[34.441061191,-15.575367046],[34.440878432,-15.575282987],[34.440002819,-15.576405755],[34.439248615,-15.576699412],[34.439307245,-15.577625484],[34.439135843,-15.578196825],[34.43924855,-15.57874053],[34.438650203,-15.580196517],[34.438621636,-15.582339044],[34.438531114,-15.58314105],[34.438993042,-15.585763345],[34.439192977,-15.58613846],[34.439849834,-15.586466189],[34.440282292,-15.586499477],[34.4409927,-15.58633843],[34.441574738,-15.586720566],[34.441735443,-15.587738214],[34.441649742,-15.588538091],[34.441706876,-15.588966597],[34.442392485,-15.590023576],[34.44310666,-15.590337814],[34.444849249,-15.590109279],[34.44555136,-15.58960788],[34.446220467,-15.589766473],[34.448553695,-15.588869141],[34.449042787,-15.588731913],[34.450595799,-15.590539282],[34.451209817,-15.591310106],[34.451448234,-15.591309092],[34.45167677,-15.591680464],[34.451733904,-15.592623177],[34.451562502,-15.593851559],[34.451744442,-15.594152284],[34.452975811,-15.594594335],[34.453444232,-15.594992304],[34.453325067,-15.596653132],[34.453871157,-15.598423938],[34.45362637,-15.599294724],[34.453733597,-15.600107739],[34.453579742,-15.600695721],[34.453253225,-15.601030726],[34.452500761,-15.601204414],[34.451270978,-15.602975197],[34.451441748,-15.604497818],[34.451362533,-15.604821299],[34.452450528,-15.606776188],[34.453345595,-15.607319453],[34.453747543,-15.607503092],[34.454447773,-15.607306631],[34.455361918,-15.607706569],[34.456126331,-15.607685137],[34.456499405,-15.60782131],[34.457707464,-15.607630897],[34.457950994,-15.608898],[34.457161641,-15.609591993],[34.456681183,-15.609809854],[34.456576297,-15.610304445],[34.455003519,-15.611240971],[34.453778525,-15.611334799],[34.452276678,-15.610934645],[34.451819605,-15.610963211],[34.450677748,-15.611484879],[34.448191592,-15.612163027],[34.447318608,-15.612844075],[34.44674022,-15.613464996],[34.446112176,-15.613710122],[34.445329447,-15.613117625],[34.444308584,-15.612862028],[34.443715381,-15.613044684],[34.443120303,-15.613023566],[34.442571357,-15.612279983],[34.44186909,-15.612190623],[34.440318345,-15.613351852],[34.438683204,-15.614093478],[34.438006146,-15.614879515],[34.436914959,-15.615185419],[34.435867069,-15.616278403],[34.43560748,-15.616966445],[34.434616897,-15.617433856],[34.434356339,-15.618101642],[34.433470361,-15.619139611],[34.433422436,-15.62147588],[34.433563177,-15.622050372],[34.433172473,-15.623901052],[34.432564356,-15.624375453],[34.431485052,-15.624723333],[34.430839995,-15.62543198],[34.430323533,-15.626526162],[34.430794269,-15.62793203],[34.43185125,-15.629103277],[34.432469302,-15.629753121],[34.43265225,-15.630046306],[34.432615275,-15.630408786],[34.432251188,-15.630788732],[34.431765548,-15.631931413],[34.43151461,-15.633201794],[34.431908384,-15.635159489],[34.432016564,-15.636809899],[34.432315913,-15.637570851],[34.432388274,-15.638262176],[34.432140517,-15.638768544],[34.432165487,-15.639044605],[34.432435047,-15.639146062],[34.432765395,-15.639587378],[34.433368852,-15.640006922],[34.433451794,-15.640886597],[34.432416806,-15.642777552],[34.431970269,-15.643111848],[34.430542407,-15.645894635],[34.430313863,-15.647357201],[34.430738203,-15.647995775],[34.43000134,-15.64867885],[34.42969621,-15.648839629],[34.429737289,-15.649614407],[34.430222929,-15.650442851],[34.431458254,-15.651470782],[34.431618397,-15.652468566],[34.432424429,-15.653508299],[34.433136766,-15.65478504],[34.434050911,-15.655442082],[34.433552924,-15.655800469],[34.433652962,-15.656281078],[34.434490168,-15.657238678],[34.434936489,-15.657413208],[34.435310571,-15.657341348],[34.435847529,-15.657568097],[34.436603506,-15.65751772],[34.436820225,-15.658682332],[34.436784709,-15.659496096],[34.435879201,-15.661098355],[34.435417107,-15.661735684],[34.435422129,-15.663212314],[34.435191858,-15.664042732],[34.435165025,-15.664697801],[34.434910222,-15.664887228],[34.432736828,-15.663897923],[34.431765548,-15.663212314],[34.431069259,-15.663279767],[34.430165795,-15.662898077],[34.426594915,-15.662955212],[34.425623636,-15.663640821],[34.425337966,-15.664097893],[34.42537633,-15.664547654],[34.424995522,-15.664994165],[34.424152543,-15.665475443],[34.424088688,-15.66641885],[34.422943666,-15.667456219],[34.421736873,-15.669217655],[34.420851581,-15.669994418],[34.41991023,-15.670611177],[34.419196054,-15.671411053],[34.418310476,-15.672125229],[34.416482186,-15.672639435],[34.415947065,-15.673056638],[34.415310937,-15.672810838],[34.414593959,-15.672890027],[34.414021281,-15.672453192],[34.413739622,-15.671630741],[34.413288732,-15.671276611],[34.412646299,-15.671041627],[34.41254947,-15.670645889],[34.411540089,-15.670239805],[34.410683078,-15.671496754],[34.4104228,-15.672409382],[34.410083766,-15.672730502],[34.409626098,-15.672725137],[34.408969056,-15.673153642],[34.407749327,-15.673609684],[34.406626559,-15.674067787],[34.406460451,-15.674383851],[34.405961088,-15.674839864],[34.405765408,-15.675369335],[34.405220795,-15.675903332],[34.404458335,-15.677599735],[34.403762542,-15.678473838],[34.40365655,-15.67948129],[34.404369764,-15.681380948],[34.403969825,-15.682095124],[34.404456393,-15.683334956],[34.404303337,-15.683880684],[34.404631593,-15.684172011],[34.404562636,-15.685074721],[34.402883881,-15.686093968],[34.402591207,-15.686503437],[34.40200625,-15.686819479],[34.401570195,-15.685865972],[34.400853744,-15.685571804],[34.39954976,-15.685761412],[34.399004161,-15.686015704],[34.398631312,-15.685702762],[34.398399254,-15.68500896],[34.396748333,-15.684366625],[34.396256727,-15.68358061],[34.395713953,-15.683466341],[34.394228467,-15.684037683],[34.392828683,-15.685437467],[34.391828836,-15.685694569],[34.391428898,-15.685951673],[34.391143228,-15.687351457],[34.390884169,-15.687700917],[34.390714722,-15.688494138],[34.390406497,-15.688902023],[34.390248511,-15.689845741],[34.387931622,-15.692512688],[34.387913017,-15.692924964],[34.388159502,-15.693361666],[34.388197264,-15.693816941],[34.387946192,-15.6947336],[34.38807952,-15.695008467],[34.388286524,-15.697007114],[34.388543628,-15.69723565],[34.388686463,-15.698664002],[34.388857865,-15.69906394],[34.389629175,-15.69946388],[34.390029113,-15.699492446],[34.390514753,-15.699978087],[34.390200281,-15.701077811],[34.38900949,-15.702192114],[34.388981089,-15.702689264],[34.388629329,-15.702863356],[34.388343658,-15.703777502],[34.388000854,-15.704120306],[34.38815319,-15.704432897],[34.387858019,-15.704577378],[34.387829452,-15.705177286],[34.38822939,-15.705862895],[34.388399216,-15.706784451],[34.38772354,-15.709153198],[34.387115276,-15.710119383],[34.385972595,-15.711119228],[34.385062618,-15.711454166],[34.384815737,-15.711714764],[34.384708562,-15.712165122],[34.384430603,-15.712457915],[34.384313983,-15.712869535],[34.382736297,-15.713503047],[34.381830375,-15.713433159],[34.381041499,-15.714142874],[34.380992227,-15.71437518],[34.378688001,-15.716575532],[34.37831663,-15.717889615],[34.377547256,-15.718987198],[34.37737469,-15.720166954],[34.376481414,-15.72132232],[34.376119983,-15.72223226],[34.376253094,-15.724204408],[34.375370305,-15.726086991],[34.375149313,-15.726847555],[34.375297485,-15.729214542],[34.375160715,-15.729721103],[34.374850359,-15.72988276],[34.374438816,-15.730663472],[34.373784161,-15.731219635],[34.372403254,-15.731373256],[34.371904404,-15.731957706],[34.371662309,-15.732525183],[34.370489263,-15.733487216],[34.369803654,-15.734201391],[34.368602747,-15.736157516],[34.368115681,-15.738052853],[34.367625172,-15.73844606],[34.367354202,-15.738993909],[34.365876161,-15.740258109],[34.365397514,-15.741017699],[34.364870893,-15.741413072],[34.364461619,-15.742514398],[34.364118815,-15.7426001],[34.363176102,-15.742028758],[34.361899811,-15.741721209],[34.361234115,-15.74111522],[34.36053863,-15.740881774],[34.358004179,-15.74060396],[34.357678807,-15.740422249],[34.356258514,-15.74042123],[34.355662973,-15.741114614],[34.355542466,-15.741509735],[34.354890867,-15.741831226],[34.354468935,-15.742279418],[34.353606146,-15.742742935],[34.352810537,-15.743509941],[34.352518568,-15.744378889],[34.351325934,-15.743605628],[34.350663742,-15.74288577],[34.349892432,-15.742628667],[34.3493044,-15.742980401],[34.34876201,-15.742973184],[34.347464234,-15.742628667],[34.346655263,-15.74273496],[34.346292986,-15.742685801],[34.345210458,-15.743083184],[34.344837943,-15.743040077],[34.344207593,-15.743285708],[34.342957802,-15.74323472],[34.342272339,-15.742685348],[34.342295835,-15.742325465],[34.341350889,-15.74182879],[34.339265496,-15.741514552],[34.337894278,-15.741114614],[34.33737315,-15.741341216],[34.335763136,-15.741291954],[34.335271306,-15.74106508],[34.333766451,-15.741631111],[34.333813607,-15.741893538],[34.333301629,-15.742480138],[34.330858648,-15.743395928],[34.326264125,-15.744283543],[34.325610375,-15.744708566],[34.322721708,-15.747974436],[34.321920459,-15.749073771],[34.320553038,-15.750290203],[34.319404081,-15.75089233],[34.317402969,-15.751369852],[34.314888226,-15.752976313],[34.311489707,-15.756006216],[34.310277934,-15.756408204],[34.307801356,-15.756480454],[34.305018189,-15.75746076],[34.300568284,-15.759400233],[34.299852215,-15.760010789],[34.299275038,-15.760948454],[34.298448204,-15.764491688],[34.297697067,-15.769874549],[34.296504989,-15.771966219],[34.295280003,-15.773710639],[34.291890763,-15.777337476],[34.289265668,-15.78072907],[34.287336481,-15.785866388],[34.287003232,-15.786854595],[34.285836231,-15.788153512],[34.284172194,-15.786757036],[34.284294766,-15.786573504],[34.283780298,-15.786466323],[34.282408383,-15.787002227],[34.281996322,-15.787273993],[34.282396012,-15.788112403],[34.281580555,-15.788792863],[34.281311948,-15.789346526],[34.28076634,-15.790642851],[34.278827567,-15.792124802],[34.278521707,-15.792119225],[34.278046129,-15.791775312],[34.27681354,-15.791996857],[34.275570242,-15.793111538],[34.275217172,-15.793856612],[34.273726731,-15.794633507],[34.2719904,-15.796755688],[34.271740864,-15.798087649],[34.272151151,-15.799220593],[34.27171173,-15.799971115],[34.271174304,-15.800311246],[34.270871797,-15.800643516],[34.270300575,-15.800701657],[34.269960982,-15.802016359],[34.270051331,-15.802547748],[34.269718165,-15.803636701],[34.270245207,-15.804315294],[34.270489868,-15.804344095],[34.271004336,-15.806144734],[34.271475932,-15.807602394],[34.271861783,-15.808245479],[34.271647421,-15.809124363],[34.27171173,-15.809553086],[34.27289072,-15.811010746],[34.273576677,-15.811632396],[34.273662422,-15.814269045],[34.273383752,-15.814912131],[34.272847847,-15.815469471],[34.271561677,-15.815576652],[34.270897155,-15.815619525],[34.270070052,-15.816349454],[34.270180096,-15.818075655],[34.269796026,-15.818696025],[34.267300768,-15.818829905],[34.266433463,-15.818700303],[34.265477987,-15.819251673],[34.264991095,-15.818890209],[34.263158695,-15.818041813],[34.261738106,-15.818253446],[34.260987488,-15.818904316],[34.260878784,-15.819252795],[34.260518215,-15.819013116],[34.260243375,-15.819113621],[34.260029013,-15.82080708],[34.259450236,-15.821342984],[34.259318284,-15.821756741],[34.259030952,-15.8220229],[34.258968679,-15.822487494],[34.25872037,-15.822642622],[34.257992576,-15.82237192],[34.257285182,-15.823015006],[34.256985076,-15.823015006],[34.256281191,-15.823511663],[34.255420235,-15.823765272],[34.255291618,-15.824408357],[34.255679782,-15.824662629],[34.255463107,-15.825715964],[34.25588458,-15.826234406],[34.255801461,-15.826472592],[34.255377363,-15.826659156],[34.25533449,-15.82708788],[34.255763214,-15.827709529],[34.257370927,-15.828181125],[34.258014013,-15.828759901],[34.257428078,-15.829228556],[34.258099757,-15.829810274],[34.258121193,-15.830174689],[34.258737976,-15.830629014],[34.258087353,-15.831106421],[34.25820562,-15.831716907],[34.257135129,-15.831975328],[34.256899331,-15.832211126],[34.257010281,-15.83261878],[34.256803737,-15.832906294],[34.256277682,-15.833047137],[34.255870395,-15.833604478],[34.255383313,-15.833936405],[34.25591702,-15.834710188],[34.25569672,-15.835553401],[34.255864192,-15.835857161],[34.255329657,-15.835905761],[34.254948639,-15.836219691],[34.254648533,-15.837484426],[34.254414883,-15.837726793],[34.25485741,-15.838871131],[34.254857515,-15.83912672],[34.254198373,-15.839863841],[34.25358843,-15.839903882],[34.253474364,-15.840130066],[34.253090209,-15.84013773],[34.252450305,-15.840739632],[34.252205542,-15.842244066],[34.252269117,-15.842521927],[34.252097628,-15.842822034],[34.251810764,-15.842686945],[34.251820445,-15.842370337],[34.250618296,-15.842369937],[34.249922773,-15.843028206],[34.249444723,-15.843777396],[34.249140806,-15.844065697],[34.249477057,-15.844273339],[34.249332361,-15.845823099],[34.249418105,-15.846166078],[34.249675339,-15.846423312],[34.251197308,-15.846466184],[34.251754649,-15.846251822],[34.252311989,-15.846359003],[34.252762149,-15.846852035],[34.252740713,-15.847838099],[34.252244295,-15.848090718],[34.251949996,-15.848480646],[34.252333425,-15.848909908],[34.252311989,-15.84929576],[34.252781319,-15.849820887],[34.251497415,-15.852253952],[34.251540287,-15.853111399],[34.252183372,-15.853797357],[34.253276617,-15.854376134],[34.253701988,-15.854418274],[34.254847397,-15.85528244],[34.255995893,-15.855771059],[34.256759938,-15.855833923],[34.257588153,-15.856250716],[34.258640284,-15.857759941],[34.258544617,-15.858353022],[34.257847777,-15.858887353],[34.257585289,-15.860635497],[34.257563853,-15.861342891],[34.256920767,-15.8624147],[34.256856459,-15.863443637],[34.256706406,-15.863615126],[34.256727842,-15.864151031],[34.256942204,-15.864579754],[34.257285182,-15.864665499],[34.257456672,-15.864944169],[34.257626613,-15.865789972],[34.258011636,-15.866097886],[34.258510847,-15.867064055],[34.2588399,-15.86734204],[34.259031916,-15.868635947],[34.259836088,-15.869467203],[34.259836088,-15.869917362],[34.259621726,-15.870196033],[34.256397755,-15.870658305],[34.255363162,-15.870639426],[34.255270182,-15.870839118],[34.255445179,-15.87138733],[34.255390612,-15.871860045],[34.255458291,-15.872519844],[34.25533944,-15.873087969],[34.25481928,-15.873459742],[34.254198341,-15.873635126],[34.253726777,-15.874761938],[34.253126564,-15.875383588],[34.252612096,-15.875962364],[34.252112981,-15.877037108],[34.251283053,-15.87789162],[34.251390234,-15.87851327],[34.251776085,-15.878706195],[34.25188579,-15.87922052],[34.252365366,-15.879956909],[34.253576173,-15.880460919],[34.253454851,-15.881123543],[34.253847905,-15.881563488],[34.253619596,-15.882135984],[34.254241245,-15.882586143],[34.254734277,-15.882929122],[34.25505582,-15.883507899],[34.255077256,-15.884215293],[34.255698905,-15.884751197],[34.257628161,-15.885308538],[34.258528481,-15.885329974],[34.259986141,-15.885715825],[34.261658163,-15.885608644],[34.26234412,-15.885394283],[34.26279428,-15.885372846],[34.263137259,-15.885544336],[34.263373057,-15.886316038],[34.263673163,-15.886573272],[34.263737472,-15.888159549],[34.263422438,-15.889211359],[34.262868121,-15.889668998],[34.262494174,-15.889767263],[34.261872524,-15.890303167],[34.259511225,-15.890441047],[34.258464172,-15.890796199],[34.258086121,-15.891205032],[34.257799651,-15.891203487],[34.25752098,-15.891503593],[34.257028604,-15.891442817],[34.256622507,-15.892675445],[34.256104867,-15.892751583],[34.254584224,-15.89253253],[34.254262681,-15.892639711],[34.253984011,-15.892982689],[34.253996706,-15.893309675],[34.251840393,-15.895940882],[34.251561723,-15.896198116],[34.251475978,-15.89662684],[34.251626032,-15.896926946],[34.252303961,-15.897120962],[34.253062256,-15.898577532],[34.253726777,-15.899242053],[34.254514355,-15.899144141],[34.256531119,-15.900115517],[34.257345707,-15.901198705],[34.25752098,-15.902135937],[34.257778215,-15.902350299],[34.257555815,-15.903343237],[34.258164066,-15.90509413],[34.258959849,-15.9059035],[34.258828587,-15.906466045],[34.259012547,-15.90689867],[34.258613106,-15.907515352],[34.258700052,-15.907897503],[34.258571353,-15.908266684],[34.25932646,-15.909005596],[34.259237096,-15.910141776],[34.259145197,-15.910771549],[34.258914115,-15.91121091],[34.258549917,-15.911460674],[34.258064183,-15.912728015],[34.257713906,-15.91311126],[34.25794476,-15.914402184],[34.258347734,-15.914994809],[34.258937713,-15.915524874],[34.258204418,-15.916965739],[34.258121193,-15.917720038],[34.258957204,-15.919413496],[34.260136194,-15.920721103],[34.260629226,-15.920763976],[34.260950769,-15.920613922],[34.261400929,-15.919499241],[34.262472737,-15.918363124],[34.26307295,-15.918255943],[34.263833022,-15.918686475],[34.265355569,-15.918678278],[34.265915433,-15.918815436],[34.26635292,-15.919107012],[34.266820642,-15.919858557],[34.267424494,-15.920078018],[34.268646357,-15.920099454],[34.269551325,-15.919489794],[34.270468432,-15.919284879],[34.270789974,-15.919649294],[34.270737269,-15.919974156],[34.271114955,-15.920264868],[34.271114636,-15.920627675],[34.272097581,-15.92129988],[34.272911414,-15.922006138],[34.272955028,-15.922521742],[34.273326725,-15.922452839],[34.273683858,-15.92365786],[34.27468419,-15.924422223],[34.275142538,-15.925307414],[34.275497545,-15.92563224],[34.27551825,-15.925922855],[34.275922338,-15.926475715],[34.274845919,-15.927299008],[34.274732967,-15.927667299],[34.274906365,-15.928119694],[34.275870348,-15.927923659],[34.277156519,-15.928652489],[34.278142583,-15.928823978],[34.278742796,-15.929145521],[34.279196666,-15.929946913],[34.280200228,-15.930768623],[34.281100776,-15.931203394],[34.282301202,-15.932060841],[34.2828109,-15.932326376],[34.284594873,-15.931589245],[34.285259394,-15.931610681],[34.286170059,-15.93223933],[34.287317267,-15.931610681],[34.288346204,-15.931632118],[34.289063022,-15.931916844],[34.289525194,-15.931653554],[34.291518758,-15.931589245],[34.291872281,-15.931832164],[34.292569131,-15.931717862],[34.293276525,-15.932082277],[34.293785719,-15.932923145],[34.295244848,-15.933173749],[34.296792058,-15.932468128],[34.297606633,-15.931825043],[34.297928175,-15.931374883],[34.299257218,-15.930624617],[34.300672006,-15.930646053],[34.301828246,-15.931527914],[34.302936994,-15.931554512],[34.303451096,-15.931696716],[34.304208975,-15.931439192],[34.304659135,-15.930710362],[34.305087858,-15.930453128],[34.305945306,-15.930453128],[34.30675988,-15.930838979],[34.3076602,-15.930903288],[34.308003179,-15.931031905],[34.308346157,-15.93167499],[34.308374531,-15.934041566],[34.308734467,-15.934533221],[34.309267571,-15.934739685],[34.309881204,-15.935288425],[34.310818435,-15.935485279],[34.311154297,-15.935426321],[34.311690201,-15.935833608],[34.312461904,-15.937398449],[34.314112489,-15.939156216],[34.314734519,-15.939445766],[34.316020309,-15.940699621],[34.316931015,-15.940911087],[34.317710841,-15.941534617],[34.318364404,-15.94227577],[34.320533287,-15.943283802],[34.322065311,-15.943464888],[34.323715897,-15.944429516],[34.324204097,-15.944450554],[34.325513265,-15.94387831],[34.326328744,-15.94523648],[34.326296266,-15.947223161],[34.326740155,-15.947905094],[34.327474763,-15.948547726],[34.326948669,-15.949566083],[34.326455683,-15.949698557],[34.325452227,-15.949917177],[34.325066376,-15.950453081],[34.325002067,-15.951160475],[34.324401854,-15.951610635],[34.324273237,-15.951953614],[34.324509035,-15.952639572],[34.325803935,-15.953256511],[34.32608048,-15.953626906],[34.32610649,-15.955093729],[34.326861864,-15.955557215],[34.325996931,-15.958002705],[34.326002627,-15.958309653],[34.326251454,-15.958706902],[34.325838078,-15.961021117],[34.326438291,-15.962028617],[34.326631994,-15.962440762],[34.32695033,-15.962726999],[34.327506298,-15.96382382],[34.327974215,-15.964051998],[34.32863798,-15.963823275],[34.329123837,-15.962730796],[34.329128222,-15.96216235],[34.329332175,-15.961942873],[34.330339676,-15.962221543],[34.33087558,-15.962693139],[34.332140315,-15.96262883],[34.333837345,-15.961690241],[34.334724448,-15.961853461],[34.336067049,-15.961684312],[34.336732981,-15.962110285],[34.337556981,-15.961838636],[34.338727267,-15.961925046],[34.339148472,-15.961651946],[34.339716997,-15.961724633],[34.342000956,-15.960806755],[34.342818572,-15.96099234],[34.343222818,-15.961214043],[34.343222818,-15.961578458],[34.349953778,-15.963164735],[34.351068459,-15.963164735],[34.352954843,-15.964129363],[34.354348195,-15.96425798],[34.355077025,-15.96408649],[34.355655801,-15.964408033],[34.355634365,-15.965093991],[34.355291376,-15.966510828],[34.355355695,-15.966958938],[34.355227078,-15.967516279],[34.354841227,-15.968116492],[34.35481979,-15.969209737],[34.355077025,-15.969938567],[34.355570057,-15.970345854],[34.356256014,-15.970474471],[34.356610171,-15.971529011],[34.356577557,-15.972360855],[34.357873922,-15.973650018],[34.360372122,-15.975087217],[34.360538755,-15.975472456],[34.360537491,-15.976495226],[34.361395881,-15.977571544],[34.361719098,-15.979319072],[34.362728688,-15.979915044],[34.363372325,-15.980713588],[34.363540495,-15.981870695],[34.363254239,-15.982505439],[34.363148592,-15.983925451],[34.363437707,-15.984825764],[34.362949297,-15.985347603],[34.36291487,-15.986192364],[34.364805296,-15.988776092],[34.365577683,-15.989633927],[34.366096865,-15.990855413],[34.366459635,-15.991053202],[34.367338518,-15.991181819],[34.367917295,-15.991974957],[34.369310646,-15.992446553],[34.369760806,-15.993582671],[34.371242422,-15.994619562],[34.371801473,-15.995903909],[34.373095869,-15.995983781],[34.373283869,-15.996607342],[34.373456058,-15.996764132],[34.373300244,-15.997373315],[34.373691399,-15.997605831],[34.374274885,-15.998732831],[34.374836373,-15.999402268],[34.375054292,-16.001111768],[34.375514075,-16.001780539],[34.37570831,-16.003166039],[34.375991207,-16.003740813],[34.375926483,-16.004401341],[34.37629463,-16.005744713],[34.376858819,-16.006744373],[34.376899053,-16.00749475],[34.377263468,-16.007816293],[34.377604155,-16.00886929],[34.377520702,-16.009295389],[34.378185224,-16.009381134],[34.378516388,-16.010206902],[34.378489196,-16.010667026],[34.379037718,-16.011283738],[34.379009538,-16.012296664],[34.38009861,-16.01374988],[34.380401412,-16.013922924],[34.380629303,-16.014445334],[34.380537496,-16.014755762],[34.381166048,-16.015140622],[34.382020479,-16.01599813],[34.382484823,-16.016850924],[34.382858311,-16.018512945],[34.383287034,-16.018984541],[34.38347865,-16.018772859],[34.384143148,-16.019239506],[34.385299976,-16.019451935],[34.386230073,-16.019889966],[34.38521629,-16.020870925],[34.385194854,-16.022350021],[34.386909748,-16.023764809],[34.387467089,-16.024493639],[34.387724323,-16.024665128],[34.388324536,-16.026037044],[34.388687691,-16.025810958],[34.389139111,-16.026808746],[34.389503526,-16.026701565],[34.390082303,-16.026208533],[34.390918313,-16.026358586],[34.391475654,-16.027087416],[34.391929304,-16.027062525],[34.394397847,-16.026764718],[34.394694343,-16.026811256],[34.394814011,-16.02698379],[34.395424543,-16.026689317],[34.395683034,-16.026705281],[34.396298794,-16.025779809],[34.396598901,-16.025694065],[34.398249486,-16.026422895],[34.399577272,-16.026336728],[34.399942155,-16.026605585],[34.40085575,-16.027954127],[34.400871418,-16.028395856],[34.401137572,-16.028946752],[34.403243882,-16.02935606],[34.405398833,-16.030514987],[34.40687914,-16.030417678],[34.408654549,-16.030650746],[34.409667245,-16.030202669],[34.41103504,-16.030245488],[34.412075821,-16.030238534],[34.412590289,-16.030624386],[34.412804651,-16.031288907],[34.413233374,-16.032746567],[34.413833587,-16.033411089],[34.413919332,-16.034718696],[34.414634378,-16.035437477],[34.415585349,-16.035766056],[34.415926152,-16.036199136],[34.416320184,-16.036412154],[34.417734972,-16.035769068],[34.418228004,-16.03570476],[34.418368814,-16.036257505],[34.418842272,-16.036786958],[34.420110396,-16.03707227],[34.420277973,-16.037704484],[34.421659565,-16.038602685],[34.422722677,-16.039527792],[34.424294442,-16.040570772],[34.425109017,-16.041342474],[34.426609549,-16.041921251],[34.427295507,-16.042843007],[34.427981464,-16.043057369],[34.429889284,-16.04299306],[34.430167955,-16.043250294],[34.430017901,-16.043871943],[34.429364346,-16.044523669],[34.427827243,-16.045952681],[34.426888219,-16.046122742],[34.426008285,-16.046235673],[34.424487927,-16.046858122],[34.424029136,-16.047373054],[34.423983476,-16.048228845],[34.424121307,-16.048830355],[34.423920814,-16.049440727],[34.423412055,-16.050076635],[34.423551895,-16.050658823],[34.424037208,-16.051331733],[34.424498476,-16.054199081],[34.425102426,-16.054431064],[34.426009082,-16.056006181],[34.426523311,-16.056240071],[34.42992054,-16.055952258],[34.43074154,-16.056195317],[34.431501104,-16.05662999],[34.43168861,-16.058008984],[34.432712513,-16.058438275],[34.434574763,-16.060233769],[34.434883914,-16.061213811],[34.435055403,-16.061706843],[34.435666018,-16.062003258],[34.435889378,-16.062539445],[34.435334073,-16.063164503],[34.435376946,-16.064300621],[34.435805312,-16.064719922],[34.436031321,-16.065792511],[34.435944222,-16.067166509],[34.436062903,-16.067773281],[34.436384446,-16.068137696],[34.436427318,-16.069080888],[34.435955723,-16.069874027],[34.434111938,-16.071675035],[34.433332659,-16.072957524],[34.432976094,-16.074482805],[34.432761732,-16.074782911],[34.432182955,-16.07512589],[34.431619895,-16.075905803],[34.431026774,-16.077280487],[34.430719742,-16.078693647],[34.43069531,-16.079807019],[34.430168291,-16.080358468],[34.429650049,-16.081810847],[34.426449865,-16.082352748],[34.424546058,-16.082505192],[34.422943963,-16.083271638],[34.422472367,-16.084279138],[34.421314813,-16.085329511],[34.420307313,-16.086615681],[34.419557047,-16.089123714],[34.419385557,-16.089466693],[34.418463802,-16.089531002],[34.418142259,-16.089681055],[34.417756408,-16.0907743],[34.417199067,-16.091267332],[34.416513109,-16.091417385],[34.416234439,-16.091824673],[34.417477737,-16.093518131],[34.41779928,-16.094225524],[34.417777844,-16.094739993],[34.417975409,-16.095310498],[34.417703595,-16.096573111],[34.417535691,-16.096975591],[34.418770198,-16.098658711],[34.418968439,-16.099590018],[34.417323495,-16.100594112],[34.417166728,-16.101112961],[34.416148694,-16.101492389],[34.415852161,-16.101810359],[34.415766416,-16.102153337],[34.415966487,-16.102353408],[34.415749194,-16.104761354],[34.415544211,-16.105093851],[34.415528995,-16.105816519],[34.41536305,-16.105966086],[34.415095641,-16.105924174],[34.414521864,-16.106680455],[34.414402352,-16.107297026],[34.414572992,-16.108093231],[34.413754712,-16.108653181],[34.41406468,-16.109117641],[34.414099734,-16.109777098],[34.413736341,-16.109986878],[34.412455669,-16.109794085],[34.411064756,-16.110328296],[34.410614449,-16.110890511],[34.410827834,-16.111840659],[34.410743549,-16.112076153],[34.409674969,-16.112853563],[34.409374862,-16.11353952],[34.40933199,-16.114611329],[34.409739277,-16.115211542],[34.409738607,-16.115445845],[34.410358958,-16.116076248],[34.410535003,-16.11653748],[34.409520077,-16.117454588],[34.409339856,-16.117876966],[34.409371582,-16.118479763],[34.40923512,-16.118825396],[34.408159155,-16.119016114],[34.406861434,-16.120022169],[34.406548651,-16.120453289],[34.406137472,-16.120509136],[34.40548144,-16.121855193],[34.405335158,-16.122971658],[34.405054019,-16.12341204],[34.404854555,-16.124170729],[34.404815188,-16.126811984],[34.404355277,-16.127864161],[34.404278994,-16.128457926],[34.40444644,-16.128838086],[34.404971458,-16.129172892],[34.404834743,-16.129901176],[34.405179036,-16.130814693],[34.405627809,-16.131044344],[34.406102439,-16.132033134],[34.406166611,-16.132536765],[34.405664489,-16.133816398],[34.405338257,-16.135503094],[34.404187284,-16.136466677],[34.404090483,-16.136844853],[34.404676112,-16.137166464],[34.404929921,-16.137515451],[34.404866469,-16.137896165],[34.404073315,-16.138213427],[34.403282504,-16.138973404],[34.403380929,-16.139517938],[34.402206087,-16.140850844],[34.402164824,-16.1417456],[34.402885388,-16.142492006],[34.402327661,-16.144346076],[34.40244841,-16.144685955],[34.40142947,-16.145584468],[34.400699769,-16.147614941],[34.401048756,-16.148471547],[34.401873636,-16.148820535],[34.402286076,-16.149581962],[34.402603337,-16.149772319],[34.403142682,-16.149740593],[34.403555122,-16.149455058],[34.404855894,-16.149455058],[34.405173155,-16.149677141],[34.405268334,-16.150089581],[34.405046251,-16.150502021],[34.403904109,-16.151009639],[34.403721852,-16.151687808],[34.402984051,-16.151644162],[34.402720051,-16.151818444],[34.402444707,-16.153674635],[34.401212878,-16.155255676],[34.400731495,-16.156085823],[34.400890125,-16.156593441],[34.401742455,-16.157120749],[34.40172724,-16.158062833],[34.402628758,-16.15867586],[34.402939071,-16.159359137],[34.40337564,-16.15984468],[34.40341162,-16.16074876],[34.403256975,-16.161168715],[34.403274669,-16.162189796],[34.401215468,-16.163479061],[34.400636316,-16.164524978],[34.400921852,-16.16500087],[34.401397744,-16.165381584],[34.401683279,-16.165952654],[34.402444707,-16.166777534],[34.402888873,-16.166999617],[34.403491669,-16.16845902],[34.403967562,-16.16903009],[34.403935835,-16.169474256],[34.403364765,-16.170299136],[34.403269586,-16.171219195],[34.403898975,-16.172404954],[34.404348275,-16.172964133],[34.404805371,-16.173242828],[34.404728989,-16.174486988],[34.404411728,-16.174899428],[34.403872383,-16.174994606],[34.403428217,-16.174804249],[34.40266679,-16.17496288],[34.402000541,-16.175629129],[34.401143935,-16.176136747],[34.400509412,-16.176834723],[34.399589353,-16.176993353],[34.399145187,-16.177278889],[34.398732747,-16.178198947],[34.3987962,-16.178738291],[34.39936727,-16.17924591],[34.39977971,-16.179436267],[34.399938341,-16.179785254],[34.399747984,-16.180292872],[34.399050009,-16.180768765],[34.398764474,-16.181784001],[34.398923104,-16.18229162],[34.398344661,-16.18319325],[34.39781109,-16.184374957],[34.397689147,-16.185295591],[34.398500398,-16.186267158],[34.399521186,-16.187022064],[34.400287329,-16.186542923],[34.401351832,-16.187559348],[34.401461196,-16.188319588],[34.400753152,-16.189660438],[34.400717329,-16.190259227],[34.401334291,-16.19019143],[34.402066867,-16.19053475],[34.402190897,-16.190952858],[34.40184191,-16.191301845],[34.401784681,-16.191744952],[34.401524648,-16.192031547],[34.401588101,-16.193268867],[34.401048886,-16.194345087],[34.401040486,-16.195267102],[34.401538367,-16.196122893],[34.401894379,-16.196038932],[34.402307367,-16.196311868],[34.40225435,-16.197710527],[34.402888873,-16.198598859],[34.403555122,-16.199296834],[34.403682026,-16.199836179],[34.403559948,-16.200447577],[34.404618151,-16.203082104],[34.404512802,-16.205193042],[34.405109703,-16.205737242],[34.405331786,-16.206213134],[34.405331786,-16.206942836],[34.406183547,-16.207220901],[34.407283529,-16.207490012],[34.408450925,-16.207573256],[34.409525695,-16.208602517],[34.409875111,-16.210556245],[34.408896613,-16.212358532],[34.408663031,-16.212780447],[34.40892976,-16.214563762],[34.409234102,-16.214969551],[34.410883862,-16.215826157],[34.411423206,-16.217539369],[34.411889516,-16.217938525],[34.412384543,-16.219060018],[34.412760907,-16.219442268],[34.413586911,-16.219331193],[34.414588474,-16.21964515],[34.414608647,-16.220779226],[34.414294272,-16.222346312],[34.414779661,-16.222529424],[34.414537462,-16.226305004],[34.415181786,-16.227120211],[34.416205783,-16.227284337],[34.417036897,-16.227728603],[34.417250593,-16.228006433],[34.417407304,-16.230028253],[34.417329717,-16.231224234],[34.418205985,-16.235290925],[34.418427466,-16.235953985],[34.418875988,-16.236577758],[34.419112448,-16.237615043],[34.419870401,-16.238093065],[34.420289366,-16.239100685],[34.421666873,-16.239485626],[34.421605104,-16.240201286],[34.421270174,-16.240426129],[34.420941852,-16.242362785],[34.419947759,-16.242633697],[34.420033399,-16.242749785],[34.419551558,-16.243472546],[34.418882335,-16.244462997],[34.419568775,-16.244970474],[34.41874849,-16.246791894],[34.418802028,-16.247220197],[34.419256439,-16.247383835],[34.419611796,-16.248028743],[34.419096486,-16.248879871],[34.419524789,-16.25016478],[34.421672614,-16.251305788],[34.424029076,-16.251787943],[34.424013831,-16.252517559],[34.424349635,-16.253649072],[34.424155815,-16.255224109],[34.425387186,-16.25594687],[34.426456411,-16.2574287],[34.427338906,-16.258461367],[34.427823159,-16.260149593],[34.42835409,-16.260953921],[34.429027762,-16.261916343],[34.42956314,-16.262398184],[34.429937905,-16.262933563],[34.430312671,-16.263468942],[34.43056144,-16.263929648],[34.431196045,-16.264405854],[34.432240034,-16.265315998],[34.432882488,-16.265208922],[34.436335681,-16.264298779],[34.436630139,-16.265315998],[34.437192287,-16.26577107],[34.437593821,-16.265878146],[34.438269371,-16.266279581],[34.438584272,-16.266359987],[34.439253495,-16.267698434],[34.439732583,-16.268205271],[34.439815643,-16.26930457],[34.440620198,-16.271004397],[34.440858144,-16.271361316],[34.442880686,-16.272646225],[34.444998406,-16.273098323],[34.446378494,-16.273479037],[34.447592019,-16.273479037],[34.448829339,-16.273954929],[34.448995901,-16.275430195],[34.448472419,-16.276477157],[34.448448625,-16.276881666],[34.448638982,-16.27726238],[34.450019069,-16.278237959],[34.45085188,-16.280189117],[34.451617667,-16.280884303],[34.452517503,-16.280998133],[34.452946724,-16.280605745],[34.453404319,-16.280953396],[34.453831886,-16.281920311],[34.454038556,-16.281986809],[34.455530495,-16.281003604],[34.456050749,-16.280422509],[34.456771169,-16.279968494],[34.457652933,-16.278880359],[34.458106948,-16.278711512],[34.458587794,-16.279182075],[34.459122641,-16.28028573],[34.459679681,-16.280498447],[34.460821822,-16.280546036],[34.461131152,-16.280783982],[34.461250125,-16.281212285],[34.46184499,-16.281474026],[34.462630212,-16.281474026],[34.463296462,-16.281259874],[34.464496835,-16.281580677],[34.464889631,-16.28160453],[34.464933667,-16.282114635],[34.465854184,-16.28178912],[34.466532529,-16.281140901],[34.467198778,-16.281117106],[34.468201304,-16.282042103],[34.469177028,-16.282385118],[34.469736867,-16.282416005],[34.470300676,-16.282102456],[34.470794386,-16.281210287],[34.471553191,-16.280665009],[34.47275179,-16.280383584],[34.473742295,-16.279522868],[34.474860642,-16.279261127],[34.475431713,-16.279094565],[34.476026578,-16.279284921],[34.476169346,-16.280665009],[34.476454881,-16.280902955],[34.476296917,-16.28119489],[34.476493387,-16.28145429],[34.476461723,-16.281947377],[34.47666333,-16.282485284],[34.476742699,-16.283896359],[34.478155515,-16.285446094],[34.48109483,-16.286589867],[34.481856257,-16.286756429],[34.482855631,-16.287160937],[34.483117372,-16.287422678],[34.484235718,-16.287993749],[34.484997146,-16.288755176],[34.486166319,-16.28896329],[34.486264435,-16.289342604],[34.486094322,-16.289838724],[34.485372379,-16.29085892],[34.485688206,-16.291446434],[34.486139287,-16.291610529],[34.486805536,-16.292722148],[34.48687692,-16.29372825],[34.487043482,-16.294013785],[34.487971472,-16.294465883],[34.48842357,-16.294489677],[34.48881791,-16.295580516],[34.489653897,-16.296289328],[34.490161269,-16.296385207],[34.49054129,-16.295584229],[34.49115995,-16.295608024],[34.491968967,-16.295132132],[34.49265901,-16.295179721],[34.493134903,-16.295489051],[34.494229455,-16.295512846],[34.495224748,-16.296201905],[34.497968005,-16.293745911],[34.500959887,-16.291730969],[34.502791653,-16.291157016],[34.503829653,-16.290644122],[34.504965347,-16.290607487],[34.507016925,-16.291535581],[34.507248948,-16.291535581],[34.507903494,-16.290489846],[34.510700913,-16.289122236],[34.511348046,-16.288593908],[34.512688627,-16.288905],[34.513920751,-16.288685313],[34.515159047,-16.287916871],[34.515430452,-16.286756429],[34.515811166,-16.286756429],[34.516198327,-16.285904212],[34.516522376,-16.285684616],[34.516805025,-16.285945846],[34.517930611,-16.284731428],[34.518119243,-16.284115227],[34.518445034,-16.283921722],[34.518523751,-16.282996881],[34.519642098,-16.281688177],[34.520141785,-16.280593625],[34.521236337,-16.279808403],[34.523377852,-16.279760814],[34.524305842,-16.280022554],[34.524567582,-16.28056983],[34.524662761,-16.281402642],[34.525114858,-16.282045096],[34.525138653,-16.282639961],[34.525733518,-16.283306211],[34.526304589,-16.283901076],[34.52718499,-16.284781476],[34.527660882,-16.285947412],[34.528469898,-16.287708213],[34.529968959,-16.288065133],[34.53054003,-16.288493436],[34.5311111,-16.288350668],[34.531563198,-16.288088927],[34.532110474,-16.288184106],[34.532467393,-16.289540398],[34.533799891,-16.291467762],[34.534275783,-16.291705708],[34.534632702,-16.292205395],[34.535632076,-16.292395752],[34.537154931,-16.292943028],[34.537678413,-16.293894812],[34.538201894,-16.294537267],[34.538487429,-16.295060748],[34.539225062,-16.295512846],[34.539748544,-16.2961553],[34.541200015,-16.296298068],[34.542675281,-16.296750165],[34.542924325,-16.29706025],[34.543198762,-16.298772707],[34.543198762,-16.299653108],[34.542592884,-16.300120793],[34.542282557,-16.300827059],[34.542484924,-16.301080784],[34.54259587,-16.301812874],[34.542733687,-16.302052029],[34.542603897,-16.302817791],[34.542937021,-16.304197878],[34.543888806,-16.305316225],[34.54514992,-16.306006269],[34.54576858,-16.306030063],[34.546411034,-16.305887295],[34.547791122,-16.305768322],[34.548433576,-16.305458993],[34.549243321,-16.304806506],[34.549670896,-16.304935511],[34.550598886,-16.306386982],[34.550646475,-16.307053231],[34.550953308,-16.307456289],[34.551175629,-16.308118151],[34.552565495,-16.308296983],[34.55340665,-16.308861622],[34.554501202,-16.310360682],[34.555096067,-16.310670012],[34.557188856,-16.311035018],[34.55832682,-16.311383093],[34.559402892,-16.311360056],[34.560188114,-16.311169699],[34.560664006,-16.311502823],[34.561068514,-16.311978716],[34.562576666,-16.312153264],[34.562948288,-16.311883537],[34.563257618,-16.311883537],[34.563783908,-16.312639842],[34.564964454,-16.313232527],[34.566684042,-16.313287419],[34.56742187,-16.312966837],[34.567992746,-16.312835322],[34.569294037,-16.313415662],[34.569377683,-16.313825001],[34.569840913,-16.314270651],[34.570419796,-16.314358177],[34.570752921,-16.315619291],[34.570990867,-16.316071389],[34.571273828,-16.31617978],[34.571463103,-16.316906111],[34.571395375,-16.31721353],[34.571871267,-16.318331877],[34.572133008,-16.31933125],[34.572799257,-16.320544775],[34.574298317,-16.321306203],[34.574845593,-16.321877273],[34.575028522,-16.323179361],[34.57523102,-16.323531971],[34.575548866,-16.325206007],[34.57539287,-16.325803384],[34.575607021,-16.326422044],[34.575226307,-16.328420791],[34.575611426,-16.328739935],[34.575131129,-16.329158424],[34.575012156,-16.329753289],[34.57424602,-16.330275713],[34.574166289,-16.330656836],[34.574389897,-16.331644305],[34.573608274,-16.332346902],[34.573856573,-16.333136577],[34.574325458,-16.333188621],[34.574313373,-16.334553249],[34.573622238,-16.335226138],[34.573380189,-16.335923717],[34.573592646,-16.336564442],[34.573213077,-16.337898338],[34.572823126,-16.338375806],[34.572658701,-16.339047231],[34.571855958,-16.339747995],[34.570517408,-16.341755136],[34.569630114,-16.342000081],[34.568930872,-16.343096756],[34.568731193,-16.344126445],[34.568827525,-16.344996625],[34.570713383,-16.344916454],[34.57153947,-16.345031453],[34.571942651,-16.345053224],[34.572534289,-16.345388907],[34.572585106,-16.347242328],[34.573084792,-16.347884782],[34.573513095,-16.347908577],[34.576181836,-16.349316045],[34.577408174,-16.349456534],[34.577551152,-16.349126119],[34.578247898,-16.348631493],[34.578676526,-16.34983594],[34.578462374,-16.350335627],[34.578678855,-16.351865046],[34.578604876,-16.353397341],[34.578907888,-16.354980888],[34.579406678,-16.35547106],[34.581018783,-16.356059685],[34.581605492,-16.356587027],[34.581637968,-16.357257478],[34.583270156,-16.357872251],[34.583923903,-16.359474767],[34.585070714,-16.360213082],[34.586341991,-16.362374321],[34.586385979,-16.364517215],[34.586742899,-16.365016901],[34.587337764,-16.367039443],[34.58819437,-16.368110201],[34.588831014,-16.368651665],[34.589669636,-16.369680645],[34.589859992,-16.371251089],[34.589503073,-16.372512204],[34.588845638,-16.372884261],[34.588327805,-16.373256132],[34.587837451,-16.373892291],[34.587837451,-16.375843449],[34.587777459,-16.376153915],[34.587889382,-16.376587012],[34.587805826,-16.376943173],[34.586555989,-16.377769073],[34.586362185,-16.378103937],[34.58695705,-16.378984338],[34.587718478,-16.3791509],[34.587114044,-16.380407741],[34.587123612,-16.381435182],[34.586576336,-16.381696923],[34.586357977,-16.38208017],[34.58550035,-16.382767103],[34.585397623,-16.383067981],[34.585838703,-16.383719465],[34.586908524,-16.384758041],[34.587146488,-16.385073579],[34.586945838,-16.385841307],[34.586480418,-16.386387232],[34.586519758,-16.386805995],[34.586277843,-16.387092246],[34.585972198,-16.38711535],[34.585200605,-16.389028778],[34.585200536,-16.389457407],[34.584540081,-16.39034228],[34.586052855,-16.391452713],[34.585525103,-16.392023201],[34.585285338,-16.392765895],[34.585557351,-16.393466745],[34.585522383,-16.394129738],[34.585915978,-16.394840593],[34.586180277,-16.394978567],[34.586522233,-16.395622066],[34.587171313,-16.395811347],[34.58732455,-16.396278848],[34.587052228,-16.397853463],[34.587322894,-16.39822094],[34.587271626,-16.398929486],[34.588019072,-16.399957859],[34.588071358,-16.400245624],[34.588408521,-16.400399487],[34.588527494,-16.400661227],[34.589103524,-16.400927624],[34.589431689,-16.401969931],[34.590906955,-16.402778948],[34.591406642,-16.4038735],[34.591721466,-16.404272719],[34.591904566,-16.404866782],[34.591180777,-16.40673188],[34.590454858,-16.408085146],[34.590478652,-16.409108314],[34.591351875,-16.410017167],[34.591484352,-16.410562606],[34.592025302,-16.411321213],[34.592079559,-16.411997859],[34.592501194,-16.412986835],[34.593729028,-16.413919395],[34.59397646,-16.414390717],[34.594006724,-16.415273243],[34.593860781,-16.416202414],[34.593879465,-16.417861809],[34.595091098,-16.418268861],[34.596808019,-16.418055087],[34.597617035,-16.417484017],[34.599163685,-16.417507811],[34.600591362,-16.418602363],[34.601186227,-16.418768926],[34.601400378,-16.419221023],[34.6013052,-16.420006245],[34.60254252,-16.422123966],[34.602637698,-16.42369441],[34.604374705,-16.424217891],[34.605237154,-16.422970105],[34.605676379,-16.422944464],[34.606030746,-16.42260153],[34.606023793,-16.422364714],[34.607372825,-16.421790841],[34.608514967,-16.421029414],[34.60894327,-16.421029414],[34.6092526,-16.421195976],[34.609925526,-16.421283699],[34.610169749,-16.421486931],[34.610768071,-16.421535201],[34.611441308,-16.421259433],[34.612679023,-16.421291154],[34.61286938,-16.421790841],[34.612631434,-16.422695036],[34.613238747,-16.423163144],[34.61401442,-16.424665368],[34.614215747,-16.425800705],[34.615201252,-16.426288022],[34.616176831,-16.425716952],[34.61730107,-16.426256207],[34.618271461,-16.426086883],[34.618873082,-16.424690989],[34.619365309,-16.424408248],[34.621411645,-16.424408248],[34.622178879,-16.425831004],[34.622805461,-16.426012355],[34.623021266,-16.425871713],[34.623362803,-16.426311817],[34.623471031,-16.426886164],[34.623691479,-16.427073963],[34.626257694,-16.427157849],[34.62628954,-16.428048824],[34.627384092,-16.429190965],[34.628237241,-16.429581289],[34.628859358,-16.430380695],[34.629859394,-16.431504778],[34.630070197,-16.432301366],[34.629894337,-16.432631253],[34.630049089,-16.433331227],[34.629882527,-16.433616762],[34.630096678,-16.434782698],[34.630429803,-16.435068234],[34.631438872,-16.435286777],[34.63176355,-16.435505391],[34.63330895,-16.435805866],[34.634070378,-16.435377563],[34.634355913,-16.435377563],[34.634593859,-16.43556792],[34.634451092,-16.43618658],[34.634308324,-16.436448321],[34.634807825,-16.437295084],[34.634367122,-16.438496126],[34.635041148,-16.439387139],[34.63609292,-16.43923229],[34.636806758,-16.43861363],[34.638710327,-16.437828408],[34.639495549,-16.43773323],[34.640447333,-16.436876624],[34.641065993,-16.436710062],[34.641303939,-16.436472115],[34.641851215,-16.436591089],[34.642446081,-16.437328721],[34.642921973,-16.438161533],[34.643017151,-16.438851577],[34.643373323,-16.439759581],[34.645066913,-16.439934296],[34.645698163,-16.441144434],[34.645261416,-16.443180525],[34.644516403,-16.445379123],[34.644396754,-16.445981237],[34.644578133,-16.447848184],[34.644516212,-16.448607367],[34.645325228,-16.44960674],[34.646229424,-16.450368168],[34.647133619,-16.45053473],[34.648228171,-16.451224774],[34.649346518,-16.451629282],[34.650179329,-16.45208138],[34.650726605,-16.452628656],[34.652059103,-16.453223521],[34.652487406,-16.453223521],[34.654272002,-16.451629282],[34.654509948,-16.451034417],[34.65529517,-16.450344373],[34.657555658,-16.4502254],[34.657864988,-16.449820892],[34.657960166,-16.449416383],[34.658531237,-16.449226026],[34.65974989,-16.449268428],[34.660220818,-16.44911511],[34.660269554,-16.448317793],[34.660458606,-16.448075017],[34.660636803,-16.448069804],[34.661291412,-16.446299289],[34.662219402,-16.44532371],[34.663575694,-16.444728845],[34.664816411,-16.444731618],[34.66510167,-16.444607394],[34.665637004,-16.443782956],[34.668001492,-16.443562909],[34.669214939,-16.442300591],[34.669607043,-16.442186162],[34.669786088,-16.441897287],[34.67098109,-16.441032803],[34.671808629,-16.441350011],[34.673379074,-16.441016886],[34.675044696,-16.441040681],[34.675496757,-16.440874929],[34.676638935,-16.441302421],[34.677614514,-16.441207243],[34.678447326,-16.440041307],[34.678804245,-16.439327469],[34.679915402,-16.438219274],[34.681017144,-16.438470863],[34.680993349,-16.439422647],[34.680231921,-16.440041307],[34.679898797,-16.44077894],[34.679827413,-16.441564162],[34.679589467,-16.441849697],[34.679494457,-16.442509767],[34.679303932,-16.442753893],[34.679065986,-16.443586704],[34.678542504,-16.444157775],[34.677848619,-16.445777126],[34.677947639,-16.446227906],[34.677674617,-16.447404299],[34.677923817,-16.448110762],[34.677566925,-16.448750134],[34.677045989,-16.449205676],[34.676710319,-16.449844686],[34.676710319,-16.450201606],[34.677329932,-16.450691975],[34.677138622,-16.45115339],[34.677733487,-16.451415131],[34.678006421,-16.451952789],[34.679094277,-16.452133235],[34.679589467,-16.451914817],[34.679756029,-16.452462093],[34.680553289,-16.453107717],[34.68067118,-16.453410356],[34.681098371,-16.453749985],[34.680983802,-16.455319356],[34.679970181,-16.456435793],[34.679422905,-16.457173426],[34.678994602,-16.457482756],[34.678970807,-16.457720702],[34.679600424,-16.458393949],[34.680941002,-16.460851146],[34.68171926,-16.462066796],[34.681988285,-16.462326765],[34.681943185,-16.462951462],[34.682440492,-16.463568193],[34.682942558,-16.463379765],[34.683537491,-16.463820275],[34.683204299,-16.464117398],[34.682918764,-16.465307129],[34.683109121,-16.465783021],[34.683865032,-16.466240278],[34.683820181,-16.466707527],[34.683939565,-16.467461923],[34.684024451,-16.468709684],[34.684298851,-16.470327791],[34.682990148,-16.47315935],[34.68264511,-16.473440437],[34.682427816,-16.47389438],[34.682556128,-16.474500653],[34.68239729,-16.475266203],[34.681374074,-16.476408839],[34.681276816,-16.4767507],[34.680301357,-16.476990282],[34.679718406,-16.4775658],[34.67951967,-16.478293882],[34.679278188,-16.480083581],[34.679446685,-16.480611501],[34.680134794,-16.481558847],[34.680253767,-16.482463042],[34.681134168,-16.483581389],[34.682823585,-16.483724157],[34.682942558,-16.48415246],[34.682871175,-16.484485584],[34.68253805,-16.484961477],[34.682371488,-16.485365985],[34.68315671,-16.486627099],[34.683013942,-16.488530668],[34.682728407,-16.489149328],[34.682752202,-16.49024388],[34.68346604,-16.490957718],[34.683894343,-16.4914812],[34.68403711,-16.493075439],[34.684322646,-16.49359892],[34.684203673,-16.49452691],[34.683918137,-16.494741061],[34.683799164,-16.495954586],[34.68403711,-16.4963353],[34.6849651,-16.496834987],[34.685322019,-16.498096101],[34.68558376,-16.498357842],[34.685631349,-16.498690967],[34.685386888,-16.499027367],[34.685084073,-16.500023465],[34.684631976,-16.500570741],[34.684544043,-16.501166135],[34.683513629,-16.501213195],[34.683208243,-16.501767351],[34.682871175,-16.502046007],[34.682757187,-16.502523343],[34.682101204,-16.502535034],[34.68253805,-16.503235737],[34.684132289,-16.503188148],[34.685155457,-16.502402926],[34.685312497,-16.502849443],[34.686708784,-16.502884344],[34.687775072,-16.503019547],[34.687963221,-16.502759845],[34.689020943,-16.502523266],[34.689696921,-16.502821074],[34.689914379,-16.503330915],[34.689557774,-16.505002131],[34.690743023,-16.505277798],[34.691911239,-16.505216243],[34.692579375,-16.505234484],[34.693266664,-16.504426188],[34.693507642,-16.503834272],[34.694268793,-16.5042827],[34.694641119,-16.505001189],[34.696424214,-16.505176396],[34.697031518,-16.505114459],[34.697757581,-16.505250014],[34.698218698,-16.505067922],[34.698705342,-16.505087061],[34.699179043,-16.504121815],[34.69995904,-16.503758969],[34.700764371,-16.503271165],[34.70151374,-16.502850008],[34.701954452,-16.502855023],[34.702525522,-16.50242672],[34.702966648,-16.502427903],[34.703800084,-16.501576608],[34.706123502,-16.50065896],[34.707231671,-16.50065611],[34.707700615,-16.500356826],[34.708726872,-16.499006842],[34.709893078,-16.497585782],[34.710758458,-16.497072933],[34.711400912,-16.497358468],[34.712082179,-16.49713163],[34.712929103,-16.497252729],[34.715493585,-16.497429852],[34.715945683,-16.497168111],[34.716136039,-16.496787398],[34.717968224,-16.496382889],[34.718634473,-16.496763603],[34.718705857,-16.496977755],[34.719851285,-16.496996642],[34.720942551,-16.496906371],[34.7216088,-16.497191906],[34.721775362,-16.497834361],[34.721270173,-16.498090663],[34.721632594,-16.498786145],[34.721347059,-16.49969034],[34.721370854,-16.500118643],[34.72222746,-16.501712882],[34.722478888,-16.502358508],[34.722869914,-16.502664666],[34.723188068,-16.502683382],[34.72390476,-16.502435251],[34.724748181,-16.502408281],[34.725146176,-16.501972771],[34.725660541,-16.502143748],[34.7260327,-16.502025121],[34.726651802,-16.502830386],[34.727259165,-16.503120503],[34.728240177,-16.503071476],[34.728683232,-16.504120025],[34.729047636,-16.504293179],[34.729936913,-16.505615198],[34.7305216,-16.505789023],[34.73114043,-16.506056686],[34.731470278,-16.506405519],[34.73206051,-16.506648849],[34.733006418,-16.505995912],[34.735290701,-16.505924528],[34.735671414,-16.506043501],[34.736884939,-16.507590151],[34.737622572,-16.507923275],[34.73830861,-16.507948489],[34.73957373,-16.509850639],[34.739764087,-16.510421709],[34.740127611,-16.51076676],[34.74081108,-16.510695259],[34.741620067,-16.510778628],[34.742643235,-16.509898228],[34.743214306,-16.510017201],[34.743428457,-16.510326531],[34.744228976,-16.510609037],[34.744669898,-16.510955113],[34.746578102,-16.511515841],[34.747615687,-16.511387854],[34.748187379,-16.511444878],[34.749108802,-16.511265206],[34.750174493,-16.51146498],[34.750828581,-16.511968359],[34.752434554,-16.512776793],[34.752121909,-16.513624916],[34.751289535,-16.514289954],[34.751209295,-16.514918891],[34.751708981,-16.517036611],[34.752215576,-16.517228964],[34.752874917,-16.517869422],[34.753188492,-16.518699557],[34.75299389,-16.51894018],[34.752928251,-16.519727198],[34.753095657,-16.520047267],[34.753707729,-16.520463035],[34.753850496,-16.520772365],[34.753779113,-16.521153078],[34.75299389,-16.521581381],[34.752827328,-16.522176247],[34.752898712,-16.522485577],[34.75374376,-16.522751743],[34.754086564,-16.522834684],[34.754802281,-16.522723523],[34.755064021,-16.522818701],[34.755315368,-16.524146492],[34.756824823,-16.524698475],[34.757157947,-16.524674681],[34.758157321,-16.523389772],[34.758609418,-16.523294593],[34.759727765,-16.523722896],[34.760560576,-16.525245751],[34.761226826,-16.525697849],[34.761512361,-16.526340303],[34.76125062,-16.527292088],[34.760882325,-16.528225411],[34.760893701,-16.528481818],[34.761822516,-16.529222269],[34.762309602,-16.5292563],[34.762469396,-16.529545274],[34.762202405,-16.531360966],[34.764010347,-16.532479833],[34.76450382,-16.532660338],[34.764700839,-16.53328833],[34.764630534,-16.534421412],[34.765319498,-16.535310871],[34.766006479,-16.536959748],[34.766137994,-16.538033349],[34.766104721,-16.539570107],[34.766366461,-16.540545686],[34.766842353,-16.540831221],[34.76788396,-16.540953048],[34.768432914,-16.541720996],[34.768947672,-16.542793736],[34.769459761,-16.542829968],[34.770457266,-16.542466899],[34.77136207,-16.542741362],[34.772338908,-16.54299653],[34.772844307,-16.543278625],[34.77317172,-16.543163093],[34.773242546,-16.542911971],[34.774570339,-16.543623421],[34.774932521,-16.544329029],[34.774992595,-16.544986228],[34.775347719,-16.54525738],[34.775278221,-16.545722754],[34.775702744,-16.54614461],[34.7759081,-16.546851257],[34.7759081,-16.547565096],[34.776823467,-16.548954805],[34.777198603,-16.54919624],[34.777002652,-16.551277055],[34.777360759,-16.551913796],[34.777401448,-16.553189264],[34.777671614,-16.554103331],[34.778054632,-16.554270817],[34.778430329,-16.556678431],[34.778799508,-16.557234603],[34.778354843,-16.557734406],[34.77803714,-16.558911016],[34.778878662,-16.559832303],[34.779273156,-16.560782254],[34.779140688,-16.561192885],[34.779306486,-16.561654606],[34.778922457,-16.561869646],[34.778775323,-16.562163674],[34.778709805,-16.562368326],[34.778984343,-16.562883384],[34.778890832,-16.563265801],[34.779260195,-16.563647996],[34.779207629,-16.564203152],[34.778899458,-16.564541698],[34.778918766,-16.565045894],[34.779398508,-16.565584899],[34.77990937,-16.565865579],[34.779920787,-16.566613603],[34.779615759,-16.567178263],[34.779586068,-16.567546039],[34.779741377,-16.567871446],[34.779667648,-16.568313996],[34.780598332,-16.568425298],[34.780650356,-16.569111714],[34.781064929,-16.569434571],[34.780866215,-16.569812085],[34.781317812,-16.571095026],[34.780222215,-16.571815386],[34.779953184,-16.572430463],[34.780247662,-16.572971199],[34.780090464,-16.573482639],[34.779337011,-16.573693021],[34.77828088,-16.573505722],[34.777841232,-16.574731792],[34.776907474,-16.575333406],[34.776383992,-16.575714119],[34.774742164,-16.575785503],[34.773600023,-16.576332779],[34.773362077,-16.577236974],[34.773677201,-16.577930524],[34.773696836,-16.578318918],[34.773503481,-16.578650666],[34.772508059,-16.578984393],[34.771843428,-16.579745145],[34.771671929,-16.57989],[34.771605135,-16.580360977],[34.77191314,-16.581095933],[34.771733957,-16.581226487],[34.771929392,-16.581514826],[34.771520969,-16.582141638],[34.771449585,-16.583497931],[34.772270499,-16.584622226],[34.772473373,-16.585915919],[34.773138825,-16.586286958],[34.773339166,-16.586007509],[34.773591437,-16.586018738],[34.774611706,-16.586877079],[34.775095806,-16.586900945],[34.775288463,-16.586090102],[34.775533385,-16.585771766],[34.775431695,-16.584898707],[34.775591116,-16.584231591],[34.77584152,-16.583980039],[34.77682197,-16.584070122],[34.776887474,-16.583205568],[34.777320905,-16.582587787],[34.77787413,-16.582534249],[34.778552276,-16.582962552],[34.778720202,-16.58350796],[34.780091189,-16.583598891],[34.779598368,-16.584254962],[34.779512588,-16.584975965],[34.779034117,-16.58544314],[34.778962733,-16.585907135],[34.781407629,-16.586442514],[34.78171101,-16.586799433],[34.781764548,-16.587102815],[34.783327676,-16.587497816],[34.78389805,-16.586957185],[34.784160997,-16.586359001],[34.784816378,-16.586584514],[34.785187505,-16.585662841],[34.785137434,-16.584711456],[34.785497023,-16.584088039],[34.786080909,-16.583421558],[34.786731356,-16.583688965],[34.787043698,-16.584077273],[34.78704289,-16.584361961],[34.787464948,-16.58524017],[34.787635868,-16.585639446],[34.788627918,-16.585940259],[34.789254056,-16.586478598],[34.789744346,-16.586471748],[34.789964741,-16.586670053],[34.790626097,-16.586667563],[34.790960888,-16.586374357],[34.791281947,-16.585755916],[34.791718686,-16.585967155],[34.792065522,-16.585967179],[34.792539741,-16.586654448],[34.792895629,-16.586588445],[34.792997627,-16.586918979],[34.792739812,-16.587584655],[34.792756874,-16.589062632],[34.794069614,-16.589461676],[34.794370117,-16.589907595],[34.795818892,-16.590495124],[34.796041111,-16.591070009],[34.796494389,-16.590622994],[34.796986991,-16.590720728],[34.797599447,-16.591364351],[34.798147137,-16.591475074],[34.798529686,-16.591840304],[34.798129291,-16.592813521],[34.798282006,-16.593326338],[34.799634541,-16.593636611],[34.800010388,-16.593978745],[34.800056655,-16.594169814],[34.801448639,-16.594366119],[34.801698483,-16.594526733],[34.801629942,-16.595361524],[34.802651823,-16.596065422],[34.803396359,-16.595906931],[34.804154961,-16.59545509],[34.80468178,-16.59571959],[34.805428288,-16.594865806],[34.806070742,-16.594901498],[34.80630274,-16.595062112],[34.806412853,-16.595371068],[34.807328344,-16.595634364],[34.808485191,-16.596448244],[34.808943942,-16.596686094],[34.809452695,-16.596560733],[34.810109697,-16.596623815],[34.810500999,-16.596976764],[34.810335926,-16.597150089],[34.810817767,-16.597917465],[34.811495914,-16.598470689],[34.811439404,-16.599498567],[34.811348319,-16.599869257],[34.811682603,-16.600241282],[34.812120522,-16.600076826],[34.813266042,-16.600266051],[34.813173434,-16.601129737],[34.812696172,-16.601379133],[34.81339907,-16.602279232],[34.813195816,-16.602964154],[34.813385753,-16.603281882],[34.813299414,-16.603818723],[34.813469024,-16.603937649],[34.814583152,-16.603826085],[34.814993721,-16.604270626],[34.815037728,-16.604562001],[34.815618734,-16.604950718],[34.816171554,-16.604877388],[34.816599857,-16.60509154],[34.816761868,-16.605363451],[34.817037808,-16.605116274],[34.817303319,-16.605375289],[34.817488354,-16.605281429],[34.817777691,-16.605412767],[34.818919832,-16.60500231],[34.820106231,-16.603498696],[34.820883894,-16.603504485],[34.822542561,-16.604056474],[34.823865886,-16.604993246],[34.824059929,-16.605213048],[34.824008238,-16.60543827],[34.82342882,-16.605533318],[34.823220708,-16.606180143],[34.823327783,-16.606376449],[34.823249249,-16.606628775],[34.8239167,-16.606751214],[34.824531295,-16.607283017],[34.824925815,-16.607315792],[34.825577676,-16.606938366],[34.827327617,-16.607734585],[34.827631436,-16.607761843],[34.828184736,-16.606897598],[34.829223652,-16.605936079],[34.829306179,-16.605341383],[34.829466793,-16.604734621],[34.82988015,-16.60451383],[34.830127093,-16.603378328],[34.83110015,-16.602339554],[34.831459879,-16.601434298],[34.831858151,-16.601218967],[34.832448416,-16.600761926],[34.832978425,-16.6006499],[34.833785515,-16.601236813],[34.83482648,-16.601549558],[34.835802108,-16.601629424],[34.837737368,-16.60327138],[34.837344163,-16.604296806],[34.836778309,-16.605044262],[34.836781792,-16.605363797],[34.839353453,-16.605555535],[34.840424211,-16.605733994],[34.842530034,-16.607233055],[34.842788492,-16.608064528],[34.843135544,-16.608100451],[34.843279978,-16.608642733],[34.841816195,-16.609838564],[34.841227279,-16.611141319],[34.841584198,-16.612336998],[34.842190961,-16.613068683],[34.843154642,-16.613853905],[34.843889819,-16.614093537],[34.844126492,-16.615582145],[34.844546627,-16.61674495],[34.844798584,-16.616983749],[34.844636679,-16.617680906],[34.844772858,-16.618301283],[34.844493089,-16.6185117],[34.844939238,-16.618850773],[34.847045061,-16.619047079],[34.848115818,-16.619279076],[34.848273163,-16.619614931],[34.84918118,-16.619626489],[34.849608096,-16.620157596],[34.850106476,-16.620426964],[34.850330406,-16.620879511],[34.849998972,-16.622829974],[34.850010666,-16.623542571],[34.849817132,-16.624247879],[34.849743967,-16.625046425],[34.848776119,-16.625203934],[34.848412142,-16.625520376],[34.848465123,-16.625875738],[34.848309492,-16.626204354],[34.84850925,-16.626557011],[34.847960184,-16.627136661],[34.848660763,-16.627934249],[34.848865349,-16.629076507],[34.849084899,-16.629959472],[34.850061028,-16.630414953],[34.851331608,-16.630617032],[34.851567375,-16.631328519],[34.851806578,-16.632699911],[34.852621872,-16.6339557],[34.854213172,-16.635070002],[34.854488147,-16.635367256],[34.853872539,-16.635592022],[34.852113313,-16.638106561],[34.852041929,-16.639355778],[34.852327464,-16.640712071],[34.852927324,-16.640712787],[34.853415102,-16.641355282],[34.854126314,-16.641691892],[34.853787106,-16.642428104],[34.853855515,-16.643011821],[34.852256081,-16.643317581],[34.852077621,-16.643835114],[34.852113313,-16.644370492],[34.852070992,-16.644706606],[34.852755767,-16.645369866],[34.852684384,-16.645851707],[34.852862706,-16.646658026],[34.852178043,-16.647490695],[34.852615673,-16.649532604],[34.853108351,-16.649778592],[34.852952073,-16.650170428],[34.853291146,-16.650830729],[34.853952041,-16.651105583],[34.853398222,-16.651723027],[34.852952073,-16.652740246],[34.853158311,-16.653204581],[34.852861466,-16.654030866],[34.852356068,-16.654517873],[34.852302216,-16.656482739],[34.852609768,-16.657341307],[34.852648692,-16.657041122],[34.854897282,-16.657148198],[34.85612494,-16.657703763],[34.856093096,-16.658157238],[34.856130227,-16.658746992],[34.856556956,-16.658879256],[34.856753262,-16.659111253],[34.857417396,-16.659073937],[34.85737787,-16.659486018],[34.857561057,-16.659852791],[34.857101732,-16.661027301],[34.856601553,-16.661426394],[34.856539071,-16.662055334],[34.856818942,-16.662874952],[34.856815508,-16.663312092],[34.856015644,-16.663322909],[34.855706314,-16.66384639],[34.856188041,-16.664541573],[34.856331712,-16.664602861],[34.856304931,-16.665012425],[34.857098451,-16.665112375],[34.856927788,-16.665803881],[34.855889269,-16.667258541],[34.855918095,-16.667774144],[34.855867153,-16.668002348],[34.856343167,-16.668517436],[34.855852967,-16.669147285],[34.856514587,-16.669601715],[34.856220357,-16.669810292],[34.856372072,-16.670092744],[34.856215587,-16.670617423],[34.856587772,-16.670725736],[34.856443947,-16.671555844],[34.856753277,-16.672269682],[34.857086401,-16.672507628],[34.857538499,-16.673435618],[34.857776445,-16.67453017],[34.858208757,-16.674820282],[34.858157159,-16.67541057],[34.858326322,-16.675605008],[34.858254675,-16.675904037],[34.858472707,-16.676129962],[34.859427629,-16.676257141],[34.859613162,-16.676605414],[34.860132111,-16.676505123],[34.861391347,-16.677015461],[34.86155443,-16.676846652],[34.862303124,-16.676916145],[34.862564992,-16.677098708],[34.862352611,-16.677911077],[34.86273229,-16.678581568],[34.863113465,-16.678486196],[34.863606125,-16.678027978],[34.864486525,-16.677552085],[34.865087618,-16.67774286],[34.865721559,-16.677189574],[34.866057215,-16.67708136],[34.866271363,-16.676869563],[34.866746277,-16.676994613],[34.867277795,-16.676917401],[34.867791511,-16.677232676],[34.868280576,-16.677092011],[34.868634041,-16.677346586],[34.868676116,-16.677637386],[34.868261251,-16.677924911],[34.867675003,-16.679503243],[34.867712446,-16.680000616],[34.868820011,-16.68037641],[34.869275449,-16.680895196],[34.86998308,-16.680478822],[34.870244821,-16.679907752],[34.870768302,-16.679646011],[34.872005622,-16.679646011],[34.873204456,-16.680445773],[34.874097169,-16.681789112],[34.874268359,-16.682234998],[34.875570104,-16.682968794],[34.875774003,-16.683309422],[34.875663468,-16.683780675],[34.876783854,-16.684596338],[34.877379882,-16.685885479],[34.878049453,-16.685975377],[34.879691281,-16.687236492],[34.8800482,-16.688854525],[34.880333735,-16.689092471],[34.881927974,-16.689116266],[34.882626926,-16.688847375],[34.882684537,-16.688629966],[34.883212883,-16.688759347],[34.883694905,-16.688520541],[34.884429015,-16.688500579],[34.885305754,-16.689245123],[34.886486201,-16.689312137],[34.886983017,-16.688728822],[34.887037607,-16.687819355],[34.887519679,-16.687397764],[34.890065731,-16.686950956],[34.890850953,-16.686998546],[34.891458514,-16.687652669],[34.892792045,-16.688601005],[34.894104648,-16.688891189],[34.894777064,-16.688806936],[34.895395724,-16.689520774],[34.896463242,-16.689793941],[34.899116224,-16.690977011],[34.899345629,-16.691376754],[34.900535359,-16.691781262],[34.901011252,-16.692114387],[34.902782315,-16.69247678],[34.903771892,-16.691903048],[34.904556648,-16.691971619],[34.904909681,-16.692239261],[34.905947536,-16.69207608],[34.90667018,-16.692627097],[34.907840305,-16.692780636],[34.907911688,-16.692947198],[34.909681413,-16.693420116],[34.910325683,-16.694092104],[34.910188602,-16.695618363],[34.910538477,-16.695987696],[34.910493279,-16.696299751],[34.911276999,-16.696628099],[34.911832474,-16.697047094],[34.911244144,-16.698269722],[34.912447536,-16.698238525],[34.912965069,-16.698452676],[34.914137538,-16.699438425],[34.913759024,-16.700176457],[34.913213248,-16.700781137],[34.912804455,-16.7018791],[34.912855019,-16.703202675],[34.911929867,-16.705815265],[34.912257611,-16.706808787],[34.912457436,-16.707202093],[34.912351289,-16.708404242],[34.912591979,-16.709109532],[34.91288514,-16.709551712],[34.912664662,-16.71019829],[34.912916659,-16.711153875],[34.912842326,-16.711493755],[34.913015446,-16.712135751],[34.912650935,-16.712515089],[34.912580533,-16.713091426],[34.912426716,-16.713196411],[34.913806803,-16.714552704],[34.914531341,-16.716023508],[34.915343627,-16.716409573],[34.916045864,-16.716333334],[34.917670603,-16.71736473],[34.91710899,-16.71773871],[34.91715054,-16.718283725],[34.916185486,-16.719062036],[34.915805243,-16.718813241],[34.915139497,-16.719044913],[34.914782382,-16.719739929],[34.913660243,-16.720610573],[34.913902989,-16.72125937],[34.914806177,-16.721905239],[34.914853766,-16.722333542],[34.914692913,-16.722616826],[34.915072391,-16.722923266],[34.915353453,-16.723499477],[34.915878328,-16.723703163],[34.915876934,-16.72423711],[34.916403316,-16.724731798],[34.916432568,-16.725610757],[34.915963466,-16.726650279],[34.915773845,-16.727895844],[34.916032665,-16.728364199],[34.916057166,-16.728801834],[34.915647584,-16.729197317],[34.915682636,-16.730194937],[34.915401042,-16.730661655],[34.915150384,-16.731893148],[34.915741813,-16.732050682],[34.915830261,-16.732926781],[34.916091086,-16.733707365],[34.91649288,-16.734211751],[34.917005538,-16.734538893],[34.916584512,-16.735532848],[34.915958615,-16.735331209],[34.915305864,-16.735920264],[34.915210685,-16.736562718],[34.91637503,-16.738054323],[34.916582357,-16.738483343],[34.917448532,-16.738720615],[34.917755253,-16.739044946],[34.917809866,-16.73963877],[34.918141205,-16.740060171],[34.91776786,-16.740438534],[34.917974984,-16.740802509],[34.919446623,-16.741491247],[34.919406566,-16.74224334],[34.918865272,-16.742592685],[34.91875447,-16.743798151],[34.919080343,-16.744565639],[34.918809106,-16.746126904],[34.918942415,-16.746570765],[34.919659928,-16.747367208],[34.92057101,-16.74702573],[34.921319126,-16.747254548],[34.921272392,-16.747950472],[34.921843272,-16.748304877],[34.922134917,-16.748245872],[34.922491836,-16.74838864],[34.92406228,-16.748198283],[34.92514187,-16.74749707],[34.926103011,-16.747624888],[34.926965222,-16.747888953],[34.927798034,-16.747984131],[34.928053804,-16.748294619],[34.928844997,-16.74838864],[34.929632472,-16.748360637],[34.932007685,-16.748558067],[34.93380464,-16.748111017],[34.934293983,-16.749633049],[34.934712322,-16.749744666],[34.935199376,-16.749635826],[34.93660204,-16.749982878],[34.937363467,-16.750316003],[34.93779177,-16.750220825],[34.938243868,-16.749792522],[34.938576992,-16.749007299],[34.93929083,-16.748745559],[34.940742302,-16.748816943],[34.941295546,-16.748605425],[34.940459017,-16.747658611],[34.941235082,-16.746345188],[34.941994254,-16.745720817],[34.942360335,-16.745771232],[34.942708034,-16.745138535],[34.943715556,-16.745298135],[34.944730265,-16.744852853],[34.944840941,-16.74464578],[34.944597029,-16.744462529],[34.944739796,-16.743582128],[34.944620823,-16.742749317],[34.944953948,-16.742011684],[34.945548813,-16.741964095],[34.945929527,-16.742368603],[34.946432243,-16.742305281],[34.947166488,-16.741406526],[34.947638068,-16.741559262],[34.94742705,-16.742666198],[34.947714122,-16.742963468],[34.949236977,-16.743296593],[34.950164967,-16.74286829],[34.950831216,-16.742701728],[34.951656414,-16.742010884],[34.952060771,-16.741371318],[34.952758151,-16.741006395],[34.953353445,-16.741773738],[34.953907726,-16.741956578],[34.953926047,-16.742454668],[34.954909264,-16.743258667],[34.955760488,-16.744379863],[34.95632799,-16.744631455],[34.956565717,-16.744843243],[34.957755448,-16.74498601],[34.958723948,-16.744438065],[34.960215587,-16.744259851],[34.960403209,-16.743591472],[34.960890516,-16.743404924],[34.961801134,-16.74349407],[34.96215813,-16.74295047],[34.962133656,-16.742297219],[34.962324013,-16.742011684],[34.962604978,-16.741962973],[34.962790466,-16.741306499],[34.963412887,-16.741024152],[34.963734326,-16.740705393],[34.963871791,-16.739507154],[34.965018027,-16.73912049],[34.966202534,-16.739346688],[34.967413152,-16.739173038],[34.968225076,-16.740012937],[34.968796147,-16.742606549],[34.969747931,-16.743391771],[34.970198362,-16.743409554],[34.97046177,-16.744034226],[34.970082078,-16.746198246],[34.970414394,-16.747813444],[34.970652127,-16.74807931],[34.970649777,-16.748577111],[34.970823389,-16.749186423],[34.970913867,-16.749959084],[34.971663861,-16.750582827],[34.972142092,-16.750352376],[34.973271564,-16.749288211],[34.973775563,-16.749185863],[34.974383595,-16.749516396],[34.975385131,-16.749786549],[34.975508431,-16.750424168],[34.976410422,-16.750625333],[34.977545927,-16.750345812],[34.978195018,-16.750482565],[34.979770943,-16.749787421],[34.980550684,-16.749554575],[34.981342564,-16.74958779],[34.982906351,-16.749221451],[34.983334654,-16.749221451],[34.984092771,-16.748982878],[34.984715,-16.748932959],[34.98472646,-16.750122266],[34.984289691,-16.750761484],[34.983831239,-16.75097603],[34.983220231,-16.751584515],[34.984393533,-16.751934223],[34.986022225,-16.753206271],[34.986665501,-16.754257091],[34.986808667,-16.754551444],[34.986874516,-16.755404916],[34.986618778,-16.755685689],[34.986261391,-16.755764969],[34.986046358,-16.756076046],[34.986840913,-16.757412061],[34.987191322,-16.757810391],[34.987278871,-16.758721474],[34.987665273,-16.759833847],[34.987714729,-16.760994738],[34.987879424,-16.761285318],[34.987499163,-16.762882541],[34.987368582,-16.763685836],[34.987381382,-16.76405573],[34.986327446,-16.764445235],[34.986352507,-16.765141858],[34.986951194,-16.766496891],[34.987807768,-16.76678114],[34.988367178,-16.766859968],[34.989072138,-16.767368609],[34.988997542,-16.767825546],[34.990623153,-16.769590337],[34.990973112,-16.77010138],[34.992872017,-16.771632125],[34.994463984,-16.77291731],[34.993898943,-16.773927272],[34.994020177,-16.774441821],[34.994686465,-16.775005566],[34.994862854,-16.775769585],[34.993828077,-16.775942798],[34.993246596,-16.777702882],[34.993467987,-16.778308007],[34.993370349,-16.778704438],[34.993028051,-16.77911197],[34.992727816,-16.78047976],[34.992963183,-16.78107951],[34.992656878,-16.782187253],[34.992867205,-16.783111408],[34.991840773,-16.783697358],[34.990955831,-16.784627468],[34.990663394,-16.785436847],[34.990520626,-16.786388632],[34.98997335,-16.787911487],[34.990092323,-16.789006039],[34.990444365,-16.78928011],[34.991879678,-16.789131346],[34.992497719,-16.789172195],[34.992960804,-16.788879794],[34.994237968,-16.789375925],[34.993864323,-16.791513025],[34.993827689,-16.792328168],[34.994490399,-16.792428511],[34.994483747,-16.793184527],[34.994878142,-16.793574198],[34.995391923,-16.79328394],[34.996202949,-16.793606613],[34.997049541,-16.793637363],[34.997667671,-16.794230904],[34.998465271,-16.794474812],[34.998784415,-16.794089356],[34.998572792,-16.793569208],[34.999136246,-16.792968243],[35.000020886,-16.792972929],[35.000490568,-16.793527015],[35.000918871,-16.794383621],[35.002200391,-16.794959035],[35.003214438,-16.794532013],[35.003588425,-16.794509326],[35.003841062,-16.794951894],[35.003776628,-16.795590445],[35.003884107,-16.795734772],[35.003784094,-16.79581476],[35.003656663,-16.796793072],[35.003908204,-16.797387252],[35.003928799,-16.797678658],[35.004188773,-16.798023372],[35.004207369,-16.799586838],[35.00463869,-16.799763305],[35.005547429,-16.800954461],[35.005780784,-16.801038567],[35.005769122,-16.801345859],[35.006243922,-16.802047731],[35.006432948,-16.802123249],[35.006341611,-16.80231148],[35.006603815,-16.803498602],[35.00739696,-16.803414782],[35.008585509,-16.802386513],[35.009580109,-16.80356834],[35.010495564,-16.804222257],[35.011265077,-16.804665776],[35.011960689,-16.805506705],[35.012378044,-16.804896606],[35.01258406,-16.804361943],[35.013935217,-16.803805028],[35.014267647,-16.803544546],[35.015457377,-16.804329768],[35.016899211,-16.804588644],[35.017451184,-16.804364097],[35.018655086,-16.804584923],[35.018816627,-16.804234806],[35.019716612,-16.804020438],[35.020287683,-16.804044232],[35.021533262,-16.803321646],[35.022289165,-16.803358081],[35.022365024,-16.803551153],[35.022656645,-16.80367483],[35.02269516,-16.804273392],[35.023122996,-16.806074371],[35.02363361,-16.80732037],[35.02378772,-16.807813837],[35.024156702,-16.807791434],[35.024843559,-16.806940517],[35.025688991,-16.807513387],[35.026307719,-16.807375478],[35.026886841,-16.807397662],[35.027592759,-16.809010605],[35.029240802,-16.809938786],[35.029347427,-16.809758275],[35.029163073,-16.809041101],[35.02935343,-16.808303468],[35.029967889,-16.807941504],[35.03075993,-16.807755569],[35.031145703,-16.808968172],[35.031328382,-16.809754939],[35.032515243,-16.809187689],[35.032637086,-16.810111858],[35.033349779,-16.810638716],[35.033063337,-16.812044521],[35.033638125,-16.813141202],[35.034040084,-16.813521486],[35.034118385,-16.813710174],[35.034543811,-16.813694707],[35.035221796,-16.814034079],[35.035149826,-16.814239008],[35.035421055,-16.814728012],[35.035030637,-16.814855177],[35.035094186,-16.815513638],[35.035682796,-16.81548944],[35.035995568,-16.815869915],[35.036150845,-16.816462639],[35.035782846,-16.817113417],[35.035844525,-16.817406164],[35.036125454,-16.817612879],[35.035931986,-16.817895358],[35.036135155,-16.818071952],[35.035701808,-16.818532593],[35.036301123,-16.819381514],[35.036172638,-16.820057853],[35.036842387,-16.820273859],[35.037089476,-16.820962191],[35.035148781,-16.820890847],[35.03475297,-16.82131718],[35.034112464,-16.820780881],[35.033900644,-16.821435665],[35.033684049,-16.821628449],[35.033707843,-16.822580234],[35.034350298,-16.823294072],[35.034469271,-16.82400791],[35.034897574,-16.824674159],[35.035682796,-16.824793132],[35.037300829,-16.824769338],[35.038752301,-16.825031079],[35.03972788,-16.825721122],[35.040227566,-16.827029826],[35.040870021,-16.827696075],[35.041274529,-16.828528886],[35.041798011,-16.828814422],[35.04365399,-16.828862011],[35.044415418,-16.828481297],[35.046009657,-16.827029826],[35.046890057,-16.827077415],[35.047413539,-16.827529513],[35.048138178,-16.829033659],[35.048776508,-16.830253188],[35.048436707,-16.830384866],[35.049102956,-16.83045625],[35.050030946,-16.831098704],[35.05129206,-16.831503212],[35.051720363,-16.831503212],[35.051866589,-16.831649875],[35.053671521,-16.83071799],[35.053954609,-16.830986356],[35.053839197,-16.831400821],[35.054374513,-16.831730674],[35.055842282,-16.831488574],[35.056217544,-16.831598391],[35.05681241,-16.831312856],[35.057097945,-16.831408034],[35.056802489,-16.832591007],[35.056324738,-16.833170039],[35.056760174,-16.833540493],[35.057716605,-16.833692317],[35.058009349,-16.834079517],[35.05854934,-16.833849052],[35.058821649,-16.834101215],[35.059814759,-16.832881654],[35.060742974,-16.833577139],[35.061344951,-16.833542602],[35.063546284,-16.835572091],[35.064450479,-16.835429323],[35.066377843,-16.834287182],[35.066996503,-16.832740532],[35.067805519,-16.831836337],[35.067805519,-16.830289687],[35.068305206,-16.829504465],[35.069471142,-16.8289096],[35.070256364,-16.828267146],[35.070637078,-16.828100583],[35.070922613,-16.82741054],[35.070779846,-16.826958442],[35.069256991,-16.825673533],[35.06874928,-16.82425831],[35.069459071,-16.823165302],[35.069019045,-16.822794385],[35.069042839,-16.822175725],[35.07049431,-16.821009789],[35.071350916,-16.820748049],[35.072207522,-16.819605907],[35.072945155,-16.819486934],[35.074372832,-16.819439345],[35.075277027,-16.819058631],[35.075681535,-16.819344167],[35.075871892,-16.821699833],[35.076252606,-16.822627823],[35.076062249,-16.823912732],[35.075871892,-16.824793132],[35.075967071,-16.825506971],[35.076466757,-16.825887685],[35.077347158,-16.825935274],[35.078227559,-16.82524523],[35.079631441,-16.825173846],[35.081725366,-16.823341661],[35.082629561,-16.82281818],[35.08303407,-16.822794385],[35.083866881,-16.822080547],[35.085127996,-16.821699833],[35.087293305,-16.8200818],[35.087983349,-16.818654123],[35.088340268,-16.818439972],[35.08881616,-16.818487561],[35.090196247,-16.820319746],[35.090862497,-16.821604655],[35.090315221,-16.823722375],[35.090457988,-16.825031079],[35.091005264,-16.825435587],[35.091338389,-16.825340408],[35.091980843,-16.824602776],[35.092718476,-16.824507597],[35.093646466,-16.825364203],[35.093955796,-16.825483176],[35.09433651,-16.825387998],[35.095478651,-16.824293446],[35.096596998,-16.823960321],[35.097453604,-16.822627823],[35.098024674,-16.822223315],[35.098524361,-16.821009789],[35.099380967,-16.819843854],[35.099833065,-16.819344167],[35.100594492,-16.819272783],[35.101236947,-16.819510729],[35.101158783,-16.820157758],[35.101568507,-16.820588751],[35.102537857,-16.820397636],[35.103010377,-16.81951344],[35.103806764,-16.819344167],[35.104276836,-16.819486753],[35.10490745,-16.819122527],[35.105686539,-16.819177604],[35.106374712,-16.818592],[35.106491009,-16.818358158],[35.107500126,-16.818196315],[35.10788786,-16.81834725],[35.108699205,-16.818039377],[35.109116285,-16.818275622],[35.109436838,-16.818205939],[35.109841347,-16.818372502],[35.110218297,-16.818291372],[35.110412417,-16.818491475],[35.110924019,-16.8179395],[35.111484545,-16.818132523],[35.11323101,-16.817775498],[35.114499604,-16.817974985],[35.114934868,-16.818260843],[35.116282597,-16.818075011],[35.116547978,-16.818252196],[35.116146918,-16.818895983],[35.116739035,-16.819569555],[35.116977005,-16.819699477],[35.117408032,-16.819586027],[35.117836335,-16.819705],[35.118113161,-16.81962742],[35.118282752,-16.819390191],[35.119404424,-16.819388138],[35.119655457,-16.819458382],[35.119987317,-16.819111764],[35.12085749,-16.819038137],[35.12105599,-16.81919147],[35.121429322,-16.818895983],[35.121878262,-16.818878257],[35.122690436,-16.819538438],[35.123630005,-16.819805872],[35.124094274,-16.819564139],[35.124427442,-16.819038751],[35.124819998,-16.818935863],[35.124974718,-16.818586653],[35.126520476,-16.818502811],[35.126971969,-16.818693051],[35.12673552,-16.818967367],[35.127116233,-16.819181518],[35.127054599,-16.819365044],[35.128401142,-16.820656784],[35.128996008,-16.82120406],[35.129757435,-16.82151339],[35.13070922,-16.82244138],[35.131970334,-16.823702494],[35.133017297,-16.824344949],[35.133354232,-16.824877935],[35.133469394,-16.824392538],[35.133826313,-16.824273565],[35.135206401,-16.822703121],[35.135182606,-16.821989282],[35.134902996,-16.821753067],[35.134849482,-16.82125165],[35.134363819,-16.820834074],[35.135827527,-16.818120221],[35.137032387,-16.818488342],[35.138356729,-16.819118397],[35.138696776,-16.819035231],[35.139751171,-16.82125165],[35.140242007,-16.821682826],[35.140491308,-16.821908477],[35.14041742,-16.822893478],[35.140536393,-16.823250397],[35.140804701,-16.823482908],[35.14041742,-16.824392538],[35.140505822,-16.82553962],[35.140729557,-16.825774038],[35.140708501,-16.826274202],[35.140308438,-16.826868404],[35.140536393,-16.827366864],[35.140893313,-16.82791414],[35.14097199,-16.828285282],[35.141274026,-16.828413827],[35.141535767,-16.829008692],[35.141351997,-16.829789175],[35.142249605,-16.829984271],[35.142773087,-16.83038878],[35.145861683,-16.830778044],[35.147139187,-16.831444561],[35.147484303,-16.831712295],[35.147868662,-16.831568865],[35.148531444,-16.831732865],[35.148791169,-16.832294427],[35.148919635,-16.832857739],[35.150031283,-16.832286977],[35.151077406,-16.831935429],[35.151624682,-16.832292349],[35.151973502,-16.833040846],[35.151743655,-16.833386901],[35.151743655,-16.833696231],[35.152940357,-16.835674108],[35.153766197,-16.836051897],[35.154835764,-16.83685114],[35.154941889,-16.837936193],[35.154937461,-16.838591724],[35.154651648,-16.838959233],[35.155592253,-16.839514695],[35.156853168,-16.839802072],[35.15745681,-16.839771684],[35.158012842,-16.841148609],[35.158383273,-16.841318357],[35.158758663,-16.842447135],[35.158742148,-16.842783606],[35.158419914,-16.843166941],[35.158940078,-16.843848986],[35.161164656,-16.845182355],[35.160670301,-16.846045229],[35.159881411,-16.846450142],[35.159696345,-16.847128807],[35.160594703,-16.847698667],[35.160878524,-16.849110951],[35.162142891,-16.850452659],[35.162552961,-16.850732612],[35.161650031,-16.851868663],[35.161585459,-16.852361827],[35.160637834,-16.853248797],[35.160048503,-16.853588058],[35.159754555,-16.853365257],[35.159453108,-16.853421962],[35.159167573,-16.854064417],[35.159500698,-16.855277942],[35.159967237,-16.855996548],[35.160619044,-16.857467046],[35.160718406,-16.858591689],[35.161464937,-16.85968526],[35.161598433,-16.861075463],[35.161110234,-16.862099169],[35.159985324,-16.863330035],[35.159589326,-16.8639256],[35.157925521,-16.863378375],[35.157010904,-16.862684946],[35.156324369,-16.862377559],[35.15575513,-16.862493061],[35.155547916,-16.862739954],[35.15572332,-16.863191578],[35.154808529,-16.864039713],[35.153724779,-16.865867946],[35.153468827,-16.866535447],[35.151577204,-16.867450457],[35.151242148,-16.867843887],[35.151138883,-16.868487804],[35.150396066,-16.869151451],[35.150220067,-16.86926831],[35.149155831,-16.869295812],[35.148605165,-16.871620323],[35.148434031,-16.872566309],[35.148679784,-16.872919449],[35.148229789,-16.873056877],[35.147342937,-16.872806064],[35.14624052,-16.873945676],[35.146537644,-16.87415068],[35.146731172,-16.874682319],[35.147030669,-16.874827596],[35.146842004,-16.875612079],[35.147078136,-16.875905586],[35.147363057,-16.875999042],[35.148098223,-16.876624454],[35.149315443,-16.877792752],[35.149752694,-16.877968269],[35.150240583,-16.877866973],[35.150676589,-16.87813629],[35.151053611,-16.877954205],[35.151488876,-16.877959407],[35.152026557,-16.87869581],[35.152481288,-16.878882195],[35.153409278,-16.88009572],[35.153076153,-16.880547818],[35.152358583,-16.881123124],[35.152189307,-16.881655308],[35.152276775,-16.882503722],[35.15264785,-16.883212814],[35.153342633,-16.8841393],[35.153314099,-16.88468808],[35.153096063,-16.885005573],[35.153051746,-16.885682419],[35.153176975,-16.88605389],[35.152979582,-16.886888434],[35.152632487,-16.887339932],[35.152346299,-16.888429378],[35.152108686,-16.888666853],[35.152505082,-16.888947315],[35.153427127,-16.889280418],[35.153218921,-16.891065035],[35.153324975,-16.891665957],[35.154289678,-16.89258789],[35.154877917,-16.893714818],[35.156137082,-16.89459857],[35.156896333,-16.895036489],[35.158191994,-16.894943557],[35.159278742,-16.894637642],[35.159818224,-16.894718597],[35.160262125,-16.89537186],[35.160561697,-16.897267162],[35.160178141,-16.898168276],[35.159663185,-16.898546869],[35.158817673,-16.899734037],[35.158679647,-16.901048725],[35.159117161,-16.902257991],[35.159238957,-16.90300993],[35.159879581,-16.905817296],[35.160508437,-16.906895157],[35.160861565,-16.906999507],[35.161598529,-16.909005738],[35.16235015,-16.910383757],[35.163284041,-16.912622952],[35.163783728,-16.913265407],[35.164105886,-16.914527936],[35.165078497,-16.916219296],[35.165163815,-16.916596652],[35.166500261,-16.918205506],[35.167638454,-16.921474547],[35.167852606,-16.927565967],[35.167757427,-16.928874671],[35.168090552,-16.931825202],[35.1678764,-16.933490825],[35.168066757,-16.934204663],[35.169280282,-16.935441983],[35.171635949,-16.937226579],[35.171516976,-16.937869033],[35.16854265,-16.940129521],[35.168019168,-16.940724387],[35.167186357,-16.940486441],[35.166829438,-16.940177111],[35.166020421,-16.940081932],[35.165104423,-16.941419102],[35.163786343,-16.942062461],[35.161282666,-16.942318573],[35.159886526,-16.94168092],[35.159378945,-16.941537374],[35.158896679,-16.940464639],[35.158715476,-16.938725639],[35.157716102,-16.937631087],[35.15729138,-16.937001695],[35.157311594,-16.935965465],[35.156098068,-16.935394394],[35.155098695,-16.935227832],[35.154361062,-16.935822697],[35.154075527,-16.937345552],[35.153908964,-16.937773855],[35.153114895,-16.938281962],[35.152671645,-16.938273542],[35.152113291,-16.938907398],[35.150887049,-16.939082559],[35.150198517,-16.939898882],[35.149150042,-16.939843986],[35.148031696,-16.940272289],[35.147603393,-16.940962333],[35.147193932,-16.941845393],[35.146480094,-16.942511643],[35.146520081,-16.943271356],[35.145504515,-16.944034498],[35.145552104,-16.945295612],[35.14580214,-16.946181896],[35.14567972,-16.946588507],[35.145339103,-16.9468339],[35.144909649,-16.947817841],[35.144909649,-16.948531679],[35.144766882,-16.948817214],[35.1440068,-16.949582608],[35.143029875,-16.950887345],[35.142649161,-16.951149086],[35.142030502,-16.952005692],[35.141744966,-16.952695736],[35.141721172,-16.953433369],[35.141245279,-16.954337564],[35.140650414,-16.955003813],[35.140341084,-16.955574883],[35.139294121,-16.956241133],[35.138787398,-16.956833546],[35.138508899,-16.956883587],[35.138199569,-16.957430863],[35.138318542,-16.958097112],[35.13877064,-16.958953718],[35.139299044,-16.959791253],[35.139746219,-16.959786529],[35.141863939,-16.961166617],[35.142649161,-16.961571125],[35.14294328,-16.961986456],[35.142940215,-16.962511503],[35.142132078,-16.962902286],[35.141840145,-16.962927418],[35.139508273,-16.964973754],[35.139183867,-16.96533228],[35.138413721,-16.965544825],[35.137890239,-16.96583036],[35.137625162,-16.966873526],[35.137747472,-16.967591162],[35.138070231,-16.967957118],[35.138273268,-16.968815553],[35.13753332,-16.969399552],[35.137181638,-16.969878088],[35.136189765,-16.970422297],[35.135430965,-16.971312069],[35.134088818,-16.971592561],[35.131807281,-16.972528987],[35.131057796,-16.972706853],[35.130745898,-16.97256337],[35.129981648,-16.973085378],[35.129591518,-16.973772277],[35.127896503,-16.974134679],[35.127426975,-16.974655759],[35.127409557,-16.974823716],[35.125854589,-16.975568552],[35.124238963,-16.975296263],[35.122352359,-16.974372625],[35.12191336,-16.974673405],[35.120405958,-16.974849902],[35.120006833,-16.975157041],[35.118516786,-16.97484263],[35.117668098,-16.9752446],[35.117191065,-16.975518497],[35.116439052,-16.975779813],[35.115421042,-16.975399974],[35.114833262,-16.975181642],[35.113929067,-16.975467178],[35.113667074,-16.975728162],[35.112995187,-16.975943747],[35.111177097,-16.976013735],[35.11039778,-16.976695405],[35.110186267,-16.977054584],[35.108896454,-16.977344155],[35.107974526,-16.978013879],[35.107640074,-16.978347645],[35.105528936,-16.978535877],[35.10520133,-16.978905184],[35.104123431,-16.979518784],[35.102938252,-16.979732673],[35.102593102,-16.980616657],[35.100260542,-16.981880613],[35.099544782,-16.981849796],[35.098731662,-16.982057068],[35.098252802,-16.982631501],[35.098287321,-16.983101136],[35.097225251,-16.984271183],[35.096902582,-16.984819141],[35.096859061,-16.985286372],[35.096178288,-16.98538953],[35.095290605,-16.986163036],[35.094560254,-16.986365109],[35.093599344,-16.987304078],[35.092710458,-16.986462242],[35.090788539,-16.985770739],[35.090195096,-16.985982477],[35.089939505,-16.985935778],[35.088852596,-16.986201107],[35.087879548,-16.985712565],[35.087624269,-16.984997537],[35.087227138,-16.984566291],[35.086089373,-16.984985022],[35.084297414,-16.984825199],[35.083559507,-16.984569002],[35.082877101,-16.984866048],[35.081163324,-16.986556205],[35.079208919,-16.987514494],[35.078384333,-16.987574219],[35.07682523,-16.989376606],[35.075171493,-16.990246768],[35.074606957,-16.991369038],[35.074652863,-16.991818412],[35.074291157,-16.992317047],[35.072056497,-16.993307221],[35.071628032,-16.993068919],[35.069480735,-16.993884206],[35.068362389,-16.993789027],[35.067244042,-16.99333693],[35.0666701,-16.993684533],[35.065474171,-16.993547506],[35.065198228,-16.993391224],[35.064360626,-16.994040548],[35.062900369,-16.994049702],[35.062392311,-16.994546767],[35.062033023,-16.995311882],[35.06214067,-16.996257296],[35.062033023,-16.99669197],[35.062207635,-16.997120009],[35.061999214,-16.997902026],[35.061597139,-16.998221286],[35.060806187,-16.998319672],[35.058983659,-17.00041784],[35.058919407,-17.001925178],[35.058620944,-17.002765343],[35.059493261,-17.003765694],[35.058404125,-17.005073271],[35.056980841,-17.005708537],[35.056484728,-17.005666073],[35.056023669,-17.006004424],[35.055156971,-17.005950266],[35.05480294,-17.006446154],[35.054779145,-17.007207582],[35.055183654,-17.00761209],[35.055239785,-17.008124333],[35.055718442,-17.008321453],[35.055854978,-17.00869362],[35.055278832,-17.009539454],[35.054609232,-17.010046373],[35.054175116,-17.009785028],[35.0531856,-17.010207182],[35.051048894,-17.010473439],[35.051062958,-17.010869946],[35.051293741,-17.011113061],[35.053089728,-17.011371638],[35.053246655,-17.011826252],[35.053715688,-17.012014113],[35.055635751,-17.011990298],[35.05604037,-17.012104154],[35.056187051,-17.012413805],[35.056111643,-17.013013467],[35.057144312,-17.013963936],[35.057039369,-17.014606523],[35.057741475,-17.015170652],[35.057794106,-17.01572057],[35.056837941,-17.016179638],[35.056077646,-17.016063527],[35.055841495,-17.016167321],[35.055683341,-17.016582658],[35.05586834,-17.017164409],[35.055737477,-17.018417599],[35.056259219,-17.018618648],[35.056354068,-17.019260192],[35.05677741,-17.019299966],[35.056910276,-17.019066024],[35.057440973,-17.018969707],[35.057881947,-17.01970917],[35.058854491,-17.019788341],[35.059365568,-17.019648056],[35.059963796,-17.019965302],[35.060188311,-17.020402159],[35.061116403,-17.021106664],[35.061465431,-17.020984661],[35.062821724,-17.021436759],[35.063583151,-17.021389169],[35.063725919,-17.021627115],[35.063369,-17.022674078],[35.063205121,-17.024140416],[35.062869368,-17.024929807],[35.062148449,-17.025341784],[35.060510662,-17.026355525],[35.060501173,-17.027325244],[35.059881449,-17.028712929],[35.060380146,-17.029493701],[35.061572975,-17.030446158],[35.061298868,-17.031192549],[35.060275434,-17.032580184],[35.059551147,-17.03313667],[35.059148117,-17.033986276],[35.058641042,-17.034696722],[35.058705256,-17.035499373],[35.058997533,-17.036175093],[35.057770039,-17.03810737],[35.059137772,-17.038870381],[35.05935073,-17.039534311],[35.058847288,-17.039872486],[35.058923893,-17.040342043],[35.058632189,-17.04078798],[35.056563741,-17.041971507],[35.055884229,-17.042287588],[35.055755316,-17.042926573],[35.056111643,-17.044541325],[35.056375425,-17.045502666],[35.055826108,-17.045683466],[35.055897492,-17.046302126],[35.056820014,-17.048031136],[35.056539946,-17.049395425],[35.056716645,-17.049630494],[35.058495845,-17.050438115],[35.059145193,-17.051091198],[35.059537598,-17.052384305],[35.060659942,-17.051856242],[35.061938616,-17.051549755],[35.062402198,-17.051898539],[35.062859348,-17.051929462],[35.063892481,-17.052655287],[35.064701498,-17.053607071],[35.065209077,-17.053842922],[35.071620833,-17.061211788],[35.07279656,-17.061380934],[35.073323381,-17.062091513],[35.073932166,-17.062571195],[35.07357614,-17.062917445],[35.073567139,-17.063164804],[35.074481082,-17.064195673],[35.074808757,-17.065186749],[35.075504251,-17.06557576],[35.076788709,-17.066201413],[35.077265052,-17.066004063],[35.078074069,-17.065290225],[35.078216836,-17.06500469],[35.079828468,-17.064823852],[35.080184224,-17.064924571],[35.081701965,-17.064122574],[35.081723157,-17.063800734],[35.083380267,-17.06283938],[35.083856159,-17.06283938],[35.084498613,-17.063386656],[35.084786161,-17.063753074],[35.085021185,-17.064690066],[35.084403435,-17.064933306],[35.083616455,-17.065848493],[35.083581506,-17.066470125],[35.083428427,-17.066729943],[35.082777943,-17.066779562],[35.082275618,-17.067393303],[35.082186975,-17.06804856],[35.082684015,-17.068640634],[35.083294124,-17.069115745],[35.082425523,-17.070046343],[35.082063376,-17.071121165],[35.082170512,-17.07228895],[35.082753743,-17.073036492],[35.083053544,-17.073994134],[35.083665033,-17.074945143],[35.084280898,-17.075155346],[35.084517885,-17.076477921],[35.085774458,-17.077044257],[35.08592629,-17.077853779],[35.086116647,-17.078020341],[35.087819017,-17.078087177],[35.088638875,-17.078615207],[35.089780402,-17.078479117],[35.091018336,-17.07811552],[35.091617962,-17.077690446],[35.091993915,-17.077734806],[35.092279451,-17.077306503],[35.092446013,-17.075997799],[35.0929457,-17.075688469],[35.093183646,-17.075688469],[35.093996289,-17.076832177],[35.094050913,-17.077720147],[35.094951596,-17.077876166],[35.095746491,-17.077872121],[35.096250463,-17.077973606],[35.0967232,-17.077962358],[35.096600011,-17.078279515],[35.097302811,-17.079077268],[35.097744851,-17.080361943],[35.098576652,-17.081611614],[35.098382815,-17.083026382],[35.098607979,-17.084077147],[35.099421365,-17.085117082],[35.099578261,-17.085849757],[35.100652583,-17.085926494],[35.101836463,-17.085506738],[35.10276246,-17.086007558],[35.103263015,-17.085963044],[35.103882946,-17.08648319],[35.104762821,-17.086621926],[35.105699675,-17.086606486],[35.108522228,-17.087248603],[35.108072115,-17.088290961],[35.107446749,-17.088839529],[35.107387338,-17.08917528],[35.106919352,-17.089697833],[35.10529886,-17.090006365],[35.104070241,-17.091708059],[35.102460704,-17.092549878],[35.102581829,-17.093307672],[35.100672458,-17.093865053],[35.09964061,-17.094765666],[35.098863646,-17.094938325],[35.097648274,-17.094685951],[35.096827767,-17.09478532],[35.095647699,-17.094825847],[35.095005245,-17.094849641],[35.094390589,-17.095290901],[35.094002225,-17.095362583],[35.093763945,-17.095030676],[35.093792797,-17.094241733],[35.093195619,-17.093392508],[35.093232948,-17.092874935],[35.092073995,-17.092571143],[35.091416167,-17.092245145],[35.08999538,-17.093122299],[35.089770431,-17.094421338],[35.089413511,-17.094968614],[35.089416572,-17.095818691],[35.089295859,-17.096043532],[35.088284125,-17.096472404],[35.088197328,-17.096944749],[35.087433005,-17.097229868],[35.087129229,-17.097562227],[35.087436684,-17.098982604],[35.086391596,-17.098942314],[35.08584432,-17.099204055],[35.085156017,-17.099859613],[35.084893261,-17.101238866],[35.08522566,-17.102106997],[35.08510434,-17.102463167],[35.085556251,-17.103454182],[35.085527656,-17.103756938],[35.084725973,-17.104105745],[35.083806115,-17.104216285],[35.08235911,-17.104731294],[35.081846825,-17.105081324],[35.081434133,-17.106073497],[35.08092031,-17.106330065],[35.080571697,-17.106999253],[35.079821457,-17.106666684],[35.078160308,-17.107494969],[35.077944509,-17.108341185],[35.077916553,-17.109664348],[35.078234613,-17.10982244],[35.078395876,-17.11048155],[35.079065885,-17.110762577],[35.079126866,-17.112208212],[35.079181829,-17.112529037],[35.079857814,-17.112958822],[35.080487984,-17.113091569],[35.081593754,-17.112290969],[35.083113244,-17.11392894],[35.083778609,-17.11454042],[35.084314519,-17.114653022],[35.084892535,-17.114551579],[35.085988629,-17.114814777],[35.086163229,-17.115472808],[35.086375428,-17.115704569],[35.087414764,-17.115812693],[35.08827137,-17.115741309],[35.0885807,-17.116074434],[35.088828877,-17.116907081],[35.089324597,-17.117359487],[35.090198733,-17.117621083],[35.090344608,-17.117950365],[35.090769804,-17.118334922],[35.092202618,-17.118647557],[35.092839417,-17.120000214],[35.092007124,-17.120381258],[35.090955302,-17.12072856],[35.09098123,-17.121702806],[35.091356811,-17.121971595],[35.090882392,-17.1233602],[35.090860015,-17.124786293],[35.090758722,-17.1255322],[35.09208894,-17.1269324],[35.09387335,-17.12660745],[35.093967413,-17.127123168],[35.095451465,-17.128278807],[35.095944628,-17.128846163],[35.097419043,-17.129521706],[35.230297947,-17.127727109],[35.295663687,-17.127835198],[35.295684514,-17.127450511],[35.29609932,-17.126448064],[35.297430155,-17.125635736],[35.301635781,-17.125927172],[35.304586039,-17.125735724],[35.308869069,-17.123594209],[35.309154604,-17.122737603],[35.308869069,-17.121452694],[35.306870322,-17.120025018],[35.305870948,-17.118740109],[35.305014342,-17.116741362],[35.30515711,-17.113886008],[35.306870322,-17.107889767],[35.306870322,-17.105319948],[35.306013716,-17.104320575],[35.303586666,-17.102607363],[35.301159615,-17.099466474],[35.30087408,-17.096468354],[35.30273006,-17.09118595],[35.306442019,-17.087616759],[35.307298625,-17.086617385],[35.308440766,-17.084190335],[35.309725675,-17.080478376],[35.309297372,-17.078336861],[35.308297998,-17.074767669],[35.307155857,-17.07291169],[35.307441392,-17.069056963],[35.308440766,-17.06677268],[35.31001121,-17.066058842],[35.312152726,-17.065487772],[35.313152099,-17.0649167],[35.314008705,-17.063489024],[35.314008705,-17.061633045],[35.312723796,-17.059348762],[35.311438887,-17.058777692],[35.310439513,-17.058634924],[35.306299252,-17.060348135],[35.304586039,-17.061347509],[35.301730686,-17.061775812],[35.300647332,-17.061775812],[35.298157982,-17.060585604],[35.297392864,-17.059000718],[35.297019353,-17.057778318],[35.297019353,-17.05706448],[35.297447656,-17.055922338],[35.299731939,-17.052495915],[35.301016848,-17.049355026],[35.301159615,-17.047070744],[35.300588545,-17.04607137],[35.298732565,-17.043787087],[35.296277882,-17.041142924],[35.295163374,-17.039789593],[35.294735071,-17.038647451],[35.293878465,-17.037362542],[35.293450162,-17.03564933],[35.29230802,-17.034364422],[35.292022485,-17.032936745],[35.292450788,-17.031080765],[35.293735697,-17.028225412],[35.295147511,-17.02596651],[35.297150419,-17.017354006],[35.297019353,-17.01551909],[35.294369445,-17.010973157],[35.293307394,-17.009380081],[35.293021859,-17.007381334],[35.293021859,-17.005810889],[35.293878465,-17.00395491],[35.297733191,-17.001099557],[35.299303636,-17.000242951],[35.301016848,-16.998672506],[35.302444524,-16.996816527],[35.302587292,-16.99481778],[35.302301757,-16.992533497],[35.30273006,-16.988250467],[35.305299878,-16.984252973],[35.30515711,-16.982254225],[35.304443272,-16.980683781],[35.301264282,-16.97904861],[35.299446404,-16.978685034],[35.298875333,-16.976829054],[35.297875959,-16.975544146],[35.296162747,-16.974402004],[35.296162747,-16.971261116],[35.296448283,-16.970261742],[35.297019353,-16.969262369],[35.29659105,-16.968405763],[35.295591677,-16.96797746],[35.295163374,-16.967406389],[35.295306141,-16.966692551],[35.295734444,-16.966407015],[35.296733818,-16.964693803],[35.296162747,-16.963266126],[35.295280628,-16.9630701],[35.295125114,-16.962788633],[35.293795918,-16.961964333],[35.288881597,-16.962266753],[35.287311152,-16.962837823],[35.286941636,-16.963442487],[35.286311779,-16.963694429],[35.284884102,-16.965835944],[35.283028123,-16.966692551],[35.282028749,-16.966549783],[35.280960199,-16.965286952],[35.280886608,-16.964551035],[35.280369925,-16.963000986],[35.277408268,-16.961890365],[35.275318669,-16.961695683],[35.271463942,-16.961695683],[35.268465821,-16.960268006],[35.268180286,-16.959268632],[35.268608589,-16.958412026],[35.272035013,-16.956841582],[35.27346269,-16.955271138],[35.274319295,-16.952130249],[35.274319295,-16.951130875],[35.272748851,-16.949703199],[35.266181539,-16.948989361],[35.265039397,-16.947989987],[35.263897256,-16.94599124],[35.263897256,-16.942993119],[35.263468953,-16.940423301],[35.264182791,-16.938567321],[35.265753236,-16.937996251],[35.268899418,-16.938105496],[35.271178407,-16.937996251],[35.271321175,-16.937282412],[35.271035639,-16.936283039],[35.2698345,-16.9351045],[35.267751983,-16.932142777],[35.267180913,-16.930572333],[35.26789475,-16.928430818],[35.269179659,-16.927288676],[35.271463942,-16.926003767],[35.272617613,-16.925756552],[35.272463316,-16.924861626],[35.273034387,-16.917723243],[35.27588974,-16.914296819],[35.277317416,-16.913154678],[35.279173395,-16.911298698],[35.279601698,-16.909728254],[35.280601072,-16.907443971],[35.282743594,-16.906364136],[35.284863528,-16.902629142],[35.284455799,-16.899163447],[35.283884729,-16.896736397],[35.281849158,-16.896489898],[35.279744466,-16.896450862],[35.277031881,-16.897450235],[35.275175901,-16.897307468],[35.273034387,-16.896593629],[35.272035013,-16.89530872],[35.270892872,-16.894452114],[35.27160671,-16.892596135],[35.274176527,-16.891168458],[35.281600446,-16.888170337],[35.283599193,-16.887028196],[35.28330017,-16.88464936],[35.282885355,-16.883173469],[35.281885981,-16.881745793],[35.280601072,-16.880889186],[35.279887234,-16.880603651],[35.279173395,-16.879604277],[35.279887234,-16.877319995],[35.281172143,-16.874464642],[35.283313658,-16.8733225],[35.285312405,-16.87275143],[35.289117979,-16.872540897],[35.292022485,-16.871894824],[35.29359293,-16.870752683],[35.294338778,-16.868080637],[35.295448909,-16.865327512],[35.29659105,-16.863043229],[35.299209078,-16.861551941],[35.303904749,-16.857339231],[35.306013716,-16.852335655],[35.305014342,-16.847624322],[35.305014342,-16.845625575],[35.30477788,-16.843260949],[35.305585413,-16.840771474],[35.307606,-16.8390445],[35.311010584,-16.837059515],[35.312723796,-16.834775232],[35.31429424,-16.832062647],[35.314579775,-16.830063899],[35.314579775,-16.828350687],[35.313437634,-16.826209173],[35.31186719,-16.824495961],[35.311153352,-16.822782749],[35.309246001,-16.820562],[35.307013089,-16.81964186],[35.305442645,-16.818356951],[35.305299878,-16.815073295],[35.305944736,-16.813373214],[35.305332,-16.80843],[35.304923191,-16.806739823],[35.30349082,-16.805871008],[35.302016221,-16.805793397],[35.299446404,-16.805365094],[35.297447656,-16.804222953],[35.295591677,-16.801224832],[35.295163374,-16.800225459],[35.293021859,-16.799083317],[35.291165879,-16.798369479],[35.289738203,-16.796513499],[35.289452667,-16.795656893],[35.28988097,-16.79223047],[35.289738203,-16.788090208],[35.288881597,-16.783378874],[35.287739455,-16.782236734],[35.28745392,-16.780666289],[35.287882223,-16.779095845],[35.288453294,-16.777810936],[35.290023738,-16.776240492],[35.292879091,-16.772956835],[35.295220599,-16.771405319],[35.29601998,-16.770672553],[35.297162121,-16.768673806],[35.29659105,-16.762963099],[35.29601998,-16.761249887],[35.29359293,-16.758108999],[35.291023112,-16.756681322],[35.289595435,-16.755396413],[35.288310526,-16.753825969],[35.286454546,-16.750542312],[35.285312405,-16.748115263],[35.28559794,-16.745973747],[35.286882849,-16.745117141],[35.290452041,-16.741833486],[35.29173695,-16.741262415],[35.292879091,-16.741262415],[35.294449535,-16.740691344],[35.294164,-16.739406435],[35.292450788,-16.739263667],[35.284147501,-16.737449],[35.281885981,-16.735408941],[35.281314911,-16.733552961],[35.282410378,-16.730241066],[35.283884729,-16.728556093],[35.285312405,-16.726414578],[35.287596688,-16.721560478],[35.288738829,-16.717277448],[35.288738829,-16.710567367],[35.288167758,-16.709282459],[35.286882849,-16.708711388],[35.285312405,-16.708568621],[35.281136451,-16.707140944],[35.277281725,-16.706498489],[35.274997442,-16.705641884],[35.274283603,-16.704999429],[35.273641149,-16.703072066],[35.273463954,-16.701428331],[35.273569765,-16.699717025],[35.272713159,-16.698574885],[35.270071957,-16.698574885],[35.268541444,-16.697848414],[35.26750214,-16.696861673],[35.267073837,-16.694434622],[35.266502766,-16.693292481],[35.265574776,-16.692078956],[35.262148352,-16.688723916],[35.26136313,-16.687224855],[35.260863443,-16.685654411],[35.260720676,-16.684012583],[35.260220989,-16.681442765],[35.25950715,-16.680443391],[35.257365635,-16.678658796],[35.255795191,-16.67873018],[35.254296131,-16.679015715],[35.250655556,-16.679087098],[35.248299889,-16.679515401],[35.247157748,-16.679087098],[35.24608699,-16.677159735],[35.243517173,-16.675803442],[35.240519052,-16.675089604],[35.237949234,-16.672805321],[35.235022497,-16.669593049],[35.234451426,-16.667594302],[35.233523436,-16.666095242],[35.231239154,-16.663596808],[35.230882235,-16.662811585],[35.231430144,-16.661416504],[35.233237901,-16.659385162],[35.232952366,-16.655530435],[35.232167143,-16.652675082],[35.231667457,-16.65153294],[35.23023978,-16.649462809],[35.22966871,-16.648320668],[35.228597952,-16.646964375],[35.227455811,-16.646536072],[35.226599205,-16.646821608],[35.223886619,-16.648891738],[35.221245418,-16.651318789],[35.219175287,-16.652104011],[35.218247297,-16.653888606],[35.216891004,-16.654531061],[35.215106408,-16.654102758],[35.213821499,-16.653103384],[35.213036277,-16.651747092],[35.21280447,-16.649419357],[35.211751368,-16.647035759],[35.210680611,-16.645608082],[35.209538469,-16.642467194],[35.208182177,-16.639897376],[35.206468965,-16.637470326],[35.204113298,-16.636542336],[35.201757632,-16.636685104],[35.200077369,-16.637362351],[35.19668938,-16.636756487],[35.194874034,-16.634189964],[35.190922468,-16.630799097],[35.189438586,-16.629053354],[35.187266714,-16.627619357],[35.183875983,-16.627226746],[35.18234123,-16.626834135],[35.182269846,-16.62562061],[35.180520942,-16.624407085],[35.178129584,-16.623407711],[35.175127818,-16.623798966],[35.172061959,-16.623693246],[35.170205979,-16.622908024],[35.168778302,-16.621551732],[35.166993707,-16.619124681],[35.166993707,-16.618125308],[35.170205979,-16.61369951],[35.171205353,-16.611343844],[35.171990575,-16.609916167],[35.172347494,-16.608774026],[35.17227611,-16.60791742],[35.171633656,-16.607060814],[35.170348747,-16.606846663],[35.168564151,-16.607132198],[35.166066195,-16.607825297],[35.16313898,-16.609844783],[35.161639919,-16.610058935],[35.160140859,-16.609345096],[35.159712556,-16.608202956],[35.1591415,-16.605886499],[35.158356263,-16.604348228],[35.157214122,-16.603063319],[35.155191414,-16.599199634],[35.155143991,-16.595353866],[35.155429526,-16.593355119],[35.156143364,-16.591499139],[35.156071981,-16.59021423],[35.155572294,-16.589500392],[35.154000054,-16.588722019],[35.152502789,-16.587573029],[35.152217254,-16.585717049],[35.152607111,-16.583080759],[35.151794819,-16.580896469],[35.14971882,-16.58014911],[35.147720072,-16.578721433],[35.146006861,-16.577222373],[35.145221638,-16.575437777],[35.145293022,-16.573795949],[35.145721325,-16.573153495],[35.148795001,-16.572829825],[35.15064681,-16.572082737],[35.151503416,-16.570869212],[35.15121788,-16.568656314],[35.150432658,-16.567728324],[35.148362527,-16.566443415],[35.146792083,-16.56580096],[35.143508426,-16.563802213],[35.143222891,-16.561446547],[35.143936729,-16.559233648],[35.145578558,-16.556735214],[35.150004355,-16.554308164],[35.151360648,-16.553879861],[35.156286132,-16.553023255],[35.157285506,-16.551809729],[35.159141485,-16.550738972],[35.161140233,-16.549311296],[35.162996212,-16.547669467],[35.165137727,-16.546455942],[35.169706292,-16.545028265],[35.172847181,-16.542958135],[35.176630524,-16.540959387],[35.177701281,-16.539032024],[35.178343736,-16.537104661],[35.178343736,-16.535462832],[35.177169,-16.532457438],[35.17655914,-16.528824136],[35.176987443,-16.526968157],[35.178557887,-16.525183561],[35.181341856,-16.523684501],[35.183055068,-16.522542359],[35.185410735,-16.519829773],[35.188551623,-16.518045178],[35.191692512,-16.517474107],[35.195404471,-16.516474734],[35.198259824,-16.516117814],[35.202114551,-16.516903037],[35.203756379,-16.51790241],[35.207254187,-16.517831027],[35.208467712,-16.516760269],[35.208753247,-16.514832905],[35.208638769,-16.51204601],[35.208681863,-16.510192957],[35.209752621,-16.506124078],[35.210038156,-16.504125331],[35.213107661,-16.500841675],[35.218247297,-16.496772797],[35.222815862,-16.494845433],[35.22688474,-16.493917443],[35.233237901,-16.494060211],[35.240733203,-16.493988827],[35.248143081,-16.489181581],[35.255009969,-16.483495404],[35.262436743,-16.474566715],[35.262950707,-16.47251086],[35.2628936,-16.469712614],[35.262392838,-16.46853728],[35.262036994,-16.465886441],[35.262722278,-16.462117375],[35.262779385,-16.460689698],[35.263476855,-16.458761398],[35.262444001,-16.44396],[35.264263,-16.433168],[35.262154,-16.406576],[35.26244843,-16.404879239],[35.261808565,-16.403411312],[35.262208315,-16.400841495],[35.26353014,-16.398645499],[35.265463417,-16.393817326],[35.265977381,-16.392903613],[35.267233736,-16.391304615],[35.267005308,-16.390219581],[35.269232484,-16.388392155],[35.270031982,-16.387535549],[35.271174124,-16.38536548],[35.272202051,-16.383994911],[35.273572621,-16.383195412],[35.274372119,-16.38245302],[35.275524711,-16.379427229],[35.276656402,-16.378398419],[35.277627222,-16.377084956],[35.280539682,-16.375086209],[35.28116786,-16.373944068],[35.284137427,-16.371773999],[35.287335423,-16.369718144],[35.288477564,-16.368518897],[35.290190776,-16.366177507],[35.291903988,-16.364806937],[35.292989022,-16.36240844],[35.297272052,-16.355555593],[35.300013191,-16.349673565],[35.301612189,-16.347846139],[35.30218326,-16.346703998],[35.30218326,-16.345618964],[35.301269547,-16.344933679],[35.298299979,-16.342078326],[35.295101983,-16.34082197],[35.288763099,-16.337338439],[35.286593031,-16.333283838],[35.285507997,-16.331856161],[35.284822712,-16.330428485],[35.283794785,-16.329286343],[35.28116786,-16.32837263],[35.28019704,-16.327630239],[35.279397541,-16.326545204],[35.279054899,-16.325517277],[35.278997792,-16.324146708],[35.2782554,-16.322262175],[35.278312507,-16.319692357],[35.279112006,-16.319007072],[35.280254147,-16.31866443],[35.281282074,-16.317465181],[35.283280821,-16.313696115],[35.283566357,-16.312553973],[35.283566357,-16.311354725],[35.284537177,-16.309184657],[35.286250389,-16.308328051],[35.28642171,-16.308042515],[35.28642171,-16.307185909],[35.28602196,-16.30484452],[35.285336676,-16.303645272],[35.285850639,-16.300390169],[35.285393783,-16.298391422],[35.28545089,-16.297591923],[35.28642171,-16.295878711],[35.286935673,-16.294622355],[35.288991528,-16.29199543],[35.289505491,-16.290739075],[35.291961095,-16.288740328],[35.292874808,-16.287255544],[35.293502986,-16.285884975],[35.294873556,-16.283714906],[35.296129911,-16.281087981],[35.295958589,-16.280060054],[35.294245378,-16.275548596],[35.294873556,-16.273492741],[35.296415446,-16.271722423],[35.297329159,-16.269266819],[35.298454409,-16.267450278],[35.299327907,-16.265497753],[35.299213692,-16.264012969],[35.298128658,-16.260700759],[35.297043624,-16.258416477],[35.296194712,-16.257471719],[35.295903819,-16.256187167],[35.29418827,-16.253219734],[35.294074056,-16.25173495],[35.293331664,-16.248993811],[35.292760594,-16.245681601],[35.293502986,-16.241912535],[35.293838145,-16.241752936],[35.2934,-16.237108],[35.296669001,-16.229748],[35.301399,-16.227192],[35.306816,-16.221191],[35.308331001,-16.212586999],[35.311470001,-16.209005],[35.314064001,-16.206694],[35.321922764,-16.201826764],[35.322170732,-16.201330827],[35.323705484,-16.200188687],[35.324840599,-16.200019953],[35.325650339,-16.199518609],[35.326798784,-16.199451054],[35.328416817,-16.19907034],[35.330225207,-16.197928198],[35.332271544,-16.19721436],[35.333889578,-16.19602463],[35.334175112,-16.19540597],[35.334206582,-16.194219642],[35.334353629,-16.193568434],[35.334270291,-16.192693384],[35.334698594,-16.191931957],[35.335697968,-16.191503654],[35.336840109,-16.191598832],[35.3386485,-16.192265081],[35.339314749,-16.192265081],[35.343104128,-16.189802267],[35.346833846,-16.186459197],[35.348071165,-16.185745358],[35.349022949,-16.184793574],[35.349546431,-16.183651432],[35.349689198,-16.182842416],[35.349165717,-16.181129204],[35.349974734,-16.178464207],[35.356208922,-16.173990821],[35.363061769,-16.170469219],[35.364013554,-16.169374667],[35.364774981,-16.166995205],[35.366488193,-16.165900653],[35.367677924,-16.165281993],[35.368344173,-16.165091637],[35.369962206,-16.163949495],[35.37096158,-16.16242664],[35.371627829,-16.160189947],[35.372389257,-16.158619503],[35.373769344,-16.156906291],[35.374388004,-16.15638281],[35.37508741,-16.155098122],[35.375387377,-16.154669598],[35.376672286,-16.154717187],[35.379480051,-16.15576415],[35.381240851,-16.155668971],[35.383334777,-16.156002096],[35.38438174,-16.155668971],[35.385761828,-16.154574419],[35.387189504,-16.154050938],[35.388855127,-16.153146742],[35.39047316,-16.151576298],[35.391329766,-16.151005228],[35.392138783,-16.150672103],[35.392614675,-16.14962514],[35.394042352,-16.147007733],[35.394946547,-16.146008359],[35.396088688,-16.145199342],[35.397421186,-16.144628272],[35.398991631,-16.143105417],[35.399467523,-16.142058454],[35.399705469,-16.14110667],[35.399753058,-16.13925069],[35.401751805,-16.137823014],[35.402465644,-16.137061586],[35.402846357,-16.135967034],[35.402513233,-16.134253822],[35.401810422,-16.131737973],[35.401846984,-16.130970166],[35.402418054,-16.129447311],[35.402798768,-16.129019008],[35.403131893,-16.12825758],[35.40394091,-16.127353385],[35.404940283,-16.126925082],[35.406034835,-16.126163654],[35.406225192,-16.125640173],[35.412173845,-16.123022766],[35.41797973,-16.121595089],[35.419359817,-16.120881251],[35.421120618,-16.118977682],[35.421929635,-16.118454201],[35.422881419,-16.118216255],[35.424166328,-16.118263844],[35.425070523,-16.118596968],[35.42587954,-16.118644558],[35.426640967,-16.11850179],[35.427212038,-16.118168666],[35.427830698,-16.116740989],[35.427925876,-16.11607474],[35.428782482,-16.114599474],[35.429655119,-16.113924906],[35.435958476,-16.113485221],[35.43720001,-16.113629904],[35.438784319,-16.114158008],[35.439252111,-16.114647063],[35.44172675,-16.11545608],[35.443535141,-16.115646437],[35.44600978,-16.115551259],[35.449150669,-16.114885009],[35.449721739,-16.114456706],[35.451101827,-16.114504296],[35.451815665,-16.115170545],[35.454004769,-16.118787326],[35.45514691,-16.119453574],[35.460286546,-16.120500537],[35.463379846,-16.121975803],[35.465568949,-16.122594463],[35.466853858,-16.122689642],[35.470232693,-16.12031018],[35.470946531,-16.119977056],[35.471945905,-16.12031018],[35.473563939,-16.121119197],[35.474372955,-16.121737857],[35.475562686,-16.121690268],[35.477275897,-16.121166786],[35.478418039,-16.121071608],[35.479322234,-16.121214376],[35.480036072,-16.122070982],[35.48017884,-16.122642052],[35.480845089,-16.123260712],[35.482272765,-16.123355891],[35.483938389,-16.122499285],[35.484319102,-16.121785446],[35.4856516,-16.120738483],[35.486127493,-16.120595716],[35.486984099,-16.121119197],[35.487222045,-16.121928214],[35.487079277,-16.123308302],[35.485794368,-16.126116065],[35.485318476,-16.126925082],[35.485508833,-16.128495526],[35.486460617,-16.128971419],[35.487983472,-16.131017755],[35.487888294,-16.133254448],[35.487126866,-16.13620498],[35.486127493,-16.137680246],[35.486317849,-16.138679619],[35.486936509,-16.139583815],[35.487793115,-16.140250064],[35.488649721,-16.141868097],[35.488602132,-16.1422964],[35.488935257,-16.143295774],[35.489791863,-16.14353372],[35.491219539,-16.143390952],[35.492789983,-16.143628899],[35.494693552,-16.144580683],[35.495121855,-16.145056575],[35.495692926,-16.145151754],[35.496168818,-16.145008986],[35.498587544,-16.145008986],[35.499833188,-16.145437289],[35.500784973,-16.147673982],[35.501213276,-16.150148622],[35.501165686,-16.150910049],[35.499928367,-16.151957012],[35.498833814,-16.15205219],[35.497168192,-16.151671476],[35.496597121,-16.151671476],[35.496263997,-16.152099779],[35.496549532,-16.154384062],[35.497168192,-16.155240668],[35.499024171,-16.156144863],[35.501831935,-16.155478614],[35.502688541,-16.155668971],[35.503259612,-16.156049685],[35.504258985,-16.157239416],[35.50706675,-16.15814361],[35.507828177,-16.158096021],[35.510540762,-16.15695388],[35.512158796,-16.156097274],[35.512967813,-16.155859328],[35.513919597,-16.15633522],[35.514871382,-16.157049058],[35.515823166,-16.15752495],[35.516679772,-16.157667719],[35.517964681,-16.158476735],[35.519439947,-16.160142358],[35.519773071,-16.161141731],[35.518868876,-16.165377172],[35.518773698,-16.167471098],[35.519059233,-16.16794699],[35.519725482,-16.168232525],[35.523580209,-16.168089758],[35.524960296,-16.167613865],[35.52595967,-16.164758512],[35.526007259,-16.163997084],[35.526435562,-16.163378424],[35.52776806,-16.162616997],[35.528314892,-16.162633568],[35.530004753,-16.162141105],[35.531146895,-16.160951375],[35.531146895,-16.158809859],[35.532193858,-16.157096647],[35.53266975,-16.156715934],[35.533431178,-16.157049058],[35.534287784,-16.158571913],[35.535355388,-16.162341949],[35.53633412,-16.162664587],[35.537000369,-16.162188694],[35.538668629,-16.159221714],[35.541711702,-16.155193079],[35.542568308,-16.155002722],[35.543424914,-16.155526204],[35.543900806,-16.155193079],[35.543900806,-16.154384062],[35.543520092,-16.153527456],[35.541330988,-16.152337726],[35.540807507,-16.151576298],[35.540950274,-16.15086246],[35.541759291,-16.150434157],[35.542758664,-16.15019621],[35.543520092,-16.14962514],[35.543377324,-16.148863713],[35.542663486,-16.146960144],[35.543329735,-16.142819882],[35.54428152,-16.141344616],[35.544186897,-16.140455642],[35.543758038,-16.139726582],[35.543234557,-16.137680246],[35.543424914,-16.137061586],[35.545280893,-16.136776051],[35.546756159,-16.136728462],[35.548231425,-16.13620498],[35.548802495,-16.135729088],[35.551277135,-16.13496766],[35.552657222,-16.133920697],[35.553561417,-16.132826145],[35.555592726,-16.129675238],[35.55646436,-16.126544368],[35.55527463,-16.124735978],[35.555084272,-16.123926961],[35.555512575,-16.123355891],[35.556226414,-16.122879999],[35.55708302,-16.122546874],[35.557844447,-16.121690268],[35.558748643,-16.122070982],[35.559367303,-16.122832409],[35.559414892,-16.123308302],[35.559795606,-16.123689015],[35.560461854,-16.127353385],[35.560985336,-16.12830517],[35.562270245,-16.129114186],[35.566029793,-16.130589452],[35.567647826,-16.131636415],[35.568837557,-16.133397216],[35.569741752,-16.134206233],[35.570312823,-16.134301411],[35.571217018,-16.133635162],[35.571359786,-16.133016502],[35.571217018,-16.131921951],[35.570883894,-16.13135088],[35.570312823,-16.129590079],[35.569123092,-16.128685883],[35.568980325,-16.127829277],[35.569741752,-16.127163028],[35.570741126,-16.126782314],[35.572835052,-16.126925082],[35.575835994,-16.12750906],[35.576534122,-16.126777688],[35.577022903,-16.125497405],[35.577641563,-16.124926335],[35.578831294,-16.124593211],[35.579735489,-16.124593211],[35.58043743,-16.125116692],[35.582222026,-16.128114813],[35.58286448,-16.128971419],[35.583150015,-16.129720949],[35.58343555,-16.131291393],[35.583970929,-16.131684004],[35.586469363,-16.132433534],[35.588860721,-16.132576302],[35.589860095,-16.132897529],[35.590716701,-16.133361524],[35.591823151,-16.133575676],[35.594000357,-16.133575676],[35.59442866,-16.132933221],[35.59478558,-16.130934474],[35.595784953,-16.13011356],[35.597284013,-16.129756641],[35.598639985,-16.129197789],[35.599294658,-16.128543116],[35.601074081,-16.128053774],[35.602772664,-16.128315524],[35.603458715,-16.128186196],[35.603675929,-16.127920021],[35.603779942,-16.127365283],[35.604922083,-16.126044681],[35.605671614,-16.12583053],[35.607813128,-16.125759147],[35.608491275,-16.125580687],[35.608990961,-16.125009616],[35.611810623,-16.124688389],[35.613095532,-16.124938232],[35.614136198,-16.125997656],[35.614380441,-16.126437293],[35.61491582,-16.12658006],[35.615915193,-16.125973298],[35.61623642,-16.125687762],[35.617235794,-16.12583053],[35.617592713,-16.126080374],[35.618163784,-16.126044681],[35.61830847,-16.125878561],[35.619347129,-16.125799594],[35.620162531,-16.124010242],[35.620840678,-16.123153636],[35.621340364,-16.121975803],[35.621697283,-16.1215475],[35.622125586,-16.121404733],[35.622875117,-16.121583192],[35.623553263,-16.121940112],[35.624588329,-16.122404106],[35.625837546,-16.122653949],[35.627622142,-16.121833036],[35.628228904,-16.121261965],[35.628050445,-16.12061951],[35.627479374,-16.12004844],[35.625123707,-16.120012748],[35.624588329,-16.119834288],[35.624552637,-16.119370294],[35.626372924,-16.115122956],[35.627051071,-16.114444809],[35.629870732,-16.114766036],[35.630977181,-16.114694653],[35.63244055,-16.114230658],[35.632797469,-16.113838046],[35.632948444,-16.113126308],[35.633761151,-16.112160527],[35.634689141,-16.111910683],[35.637794337,-16.11166084],[35.63932909,-16.111232537],[35.645789326,-16.108091648],[35.649751129,-16.10587875],[35.652035411,-16.105343371],[35.65424831,-16.105200603],[35.655675986,-16.103737234],[35.656318441,-16.102630785],[35.656746744,-16.102238174],[35.657389199,-16.102095407],[35.658852567,-16.102416634],[35.659851941,-16.10234525],[35.660530087,-16.101845563],[35.660708547,-16.101131725],[35.661422385,-16.100346503],[35.66281437,-16.099953892],[35.664670349,-16.0999182],[35.666633405,-16.099347129],[35.668239541,-16.099097286],[35.669488758,-16.098097912],[35.669881369,-16.097526841],[35.67102351,-16.09713423],[35.672022884,-16.096241932],[35.673129333,-16.095849321],[35.673414868,-16.096027781],[35.673807479,-16.096777311],[35.673807479,-16.097455457],[35.674664086,-16.098490523],[35.675021004,-16.099347129],[35.674449934,-16.100739114],[35.675235156,-16.100810498],[35.677448055,-16.099632664],[35.677982032,-16.099182847],[35.678161893,-16.098347756],[35.677769282,-16.097919453],[35.677626514,-16.097062847],[35.67791205,-16.096527468],[35.678447429,-16.096277624],[35.679268342,-16.09656316],[35.680089257,-16.097348382],[35.680624635,-16.098312063],[35.681552625,-16.09899021],[35.681928668,-16.099486587],[35.685059113,-16.101203478],[35.684550746,-16.101916947],[35.683587064,-16.102559401],[35.681505252,-16.103197313],[35.680967542,-16.103927062],[35.681231398,-16.105057836],[35.682123696,-16.105486138],[35.683908291,-16.105379063],[35.684515054,-16.105164911],[35.685228892,-16.104308305],[35.686014114,-16.103166164],[35.688405473,-16.103451699],[35.690118684,-16.103023396],[35.69208174,-16.102916321],[35.692902654,-16.102559401],[35.693397269,-16.101676481],[35.695543855,-16.101024649],[35.696721689,-16.101203109],[35.697221376,-16.101702795],[35.697042916,-16.102238174],[35.697257068,-16.102916321],[35.697685371,-16.102952013],[35.698720436,-16.102595094],[35.699612734,-16.101881255],[35.700647799,-16.100560655],[35.701437398,-16.100018774],[35.703574537,-16.100025276],[35.703931456,-16.100275119],[35.703973097,-16.101577874],[35.70373515,-16.102321455],[35.704121813,-16.102678375],[35.706322814,-16.102767604],[35.708375099,-16.102113252],[35.70956483,-16.101488644],[35.711081736,-16.101518388],[35.711736088,-16.101399414],[35.712093007,-16.100923522],[35.712003777,-16.100626089],[35.71093302,-16.100298913],[35.708375099,-16.099941994],[35.70792895,-16.099674305],[35.707720747,-16.098425088],[35.708047923,-16.09762202],[35.70947945,-16.09628229],[35.711468398,-16.095718451],[35.711587371,-16.095064099],[35.710962763,-16.094677437],[35.711230452,-16.09333899],[35.712003777,-16.092476436],[35.713342224,-16.091643624],[35.713877603,-16.091643624],[35.714888873,-16.092179003],[35.71512682,-16.092476436],[35.716941159,-16.092833355],[35.718904214,-16.0919708],[35.71923139,-16.092179003],[35.719677539,-16.092149259],[35.720004715,-16.091316448],[35.720272404,-16.091108246],[35.720391377,-16.090721583],[35.720093944,-16.09033492],[35.720093944,-16.089591339],[35.720807783,-16.088669298],[35.721581108,-16.088223149],[35.722354433,-16.087539054],[35.723276474,-16.087628284],[35.723306217,-16.087777],[35.724198515,-16.087509311],[35.72506107,-16.086854959],[35.725507218,-16.086081634],[35.727856936,-16.085605742],[35.72898718,-16.084505241],[35.729552302,-16.083940119],[35.731545101,-16.084178065],[35.733686616,-16.08340474],[35.735381982,-16.08230424],[35.735649671,-16.081917577],[35.735649671,-16.081649888],[35.736898888,-16.080698104],[35.737969645,-16.078794535],[35.738029132,-16.078169926],[35.737820929,-16.077069426],[35.738118362,-16.076712506],[35.73874297,-16.07638533],[35.739189119,-16.07638533],[35.739724498,-16.076623276],[35.740884485,-16.077545318],[35.742431135,-16.077902236],[35.743591122,-16.07775352],[35.744334703,-16.077426345],[35.744721366,-16.077069426],[35.744870082,-16.077099169],[35.744513163,-16.07638533],[35.74457265,-16.076177127],[35.74585161,-16.076236614],[35.746505962,-16.076444817],[35.747249543,-16.075939181],[35.747963382,-16.076117641],[35.748409531,-16.075968925],[35.748647477,-16.075582263],[35.749123369,-16.075314573],[35.749569518,-16.074511505],[35.750436709,-16.0743114],[35.751354113,-16.074541248],[35.751681289,-16.075136113],[35.751681289,-16.075344316],[35.751889492,-16.075552519],[35.752514101,-16.07537406],[35.752662817,-16.075046884],[35.753019736,-16.075076627],[35.753346912,-16.07537406],[35.755726373,-16.075165857],[35.756083292,-16.07492791],[35.759057619,-16.074749451],[35.760098633,-16.074511505],[35.760396065,-16.07391664],[35.761853485,-16.072340247],[35.761942715,-16.071537179],[35.762597067,-16.0710018],[35.76271604,-16.070704367],[35.762656554,-16.070050016],[35.762953986,-16.069960786],[35.764203203,-16.070050016],[35.765214474,-16.069752583],[35.766433948,-16.068949515],[35.767028813,-16.06799773],[35.767028813,-16.067521838],[35.766612407,-16.066659284],[35.765065757,-16.065707499],[35.765065757,-16.064874688],[35.766225745,-16.062881889],[35.766582664,-16.060859347],[35.767385732,-16.059907563],[35.767177529,-16.05969936],[35.767385732,-16.059223468],[35.768545719,-16.058479886],[35.769794936,-16.056814264],[35.771430816,-16.055178384],[35.772085167,-16.054970181],[35.773453358,-16.054999925],[35.775327183,-16.05568402],[35.776397941,-16.055654276],[35.780115849,-16.054345573],[35.780205078,-16.05413737],[35.779967132,-16.053780451],[35.780175335,-16.052620464],[35.780988825,-16.051575468],[35.781573269,-16.051638936],[35.781989674,-16.052085085],[35.782554796,-16.052204058],[35.783119918,-16.051966112],[35.783048875,-16.051624917],[35.782406079,-16.051757909],[35.782229423,-16.051289768],[35.782614282,-16.050300489],[35.783209148,-16.050330232],[35.783599115,-16.049946875],[35.784279905,-16.049973313],[35.784874771,-16.050300489],[35.78523169,-16.050062543],[35.785826555,-16.04848615],[35.786986542,-16.048248204],[35.786986542,-16.047921028],[35.787194745,-16.047653339],[35.787938326,-16.048426663],[35.788176273,-16.048426663],[35.788265503,-16.048099488],[35.789484976,-16.047623596],[35.789780844,-16.047722218],[35.789725946,-16.048227663],[35.790050098,-16.04857538],[35.790823423,-16.04857538],[35.79097214,-16.048218461],[35.790644963,-16.047802055],[35.79070445,-16.047326163],[35.790942396,-16.047088217],[35.791269572,-16.047147703],[35.791834694,-16.0469395],[35.792221357,-16.046552838],[35.792964938,-16.046671811],[35.793321857,-16.045035931],[35.793232627,-16.043429795],[35.793582789,-16.042879782],[35.793946466,-16.043043133],[35.794452101,-16.04301339],[35.794569509,-16.042805187],[35.79471979,-16.042983647],[35.795403886,-16.042775444],[35.79545866,-16.04240115],[35.795998751,-16.042210322],[35.796325926,-16.042418525],[35.796534129,-16.042031862],[35.796831562,-16.042210322],[35.797456171,-16.041793916],[35.797783347,-16.04155597],[35.798735131,-16.04137751],[35.800222294,-16.041734429],[35.800787416,-16.041496483],[35.801084849,-16.040425726],[35.801412024,-16.04009855],[35.802661241,-16.040306753],[35.803166877,-16.040217523],[35.803256107,-16.039890347],[35.803880715,-16.039652401],[35.804505324,-16.039860604],[35.804921729,-16.039592915],[35.805070446,-16.039087279],[35.805397622,-16.039027793],[35.805576081,-16.038789847],[35.805457108,-16.038432927],[35.805933001,-16.038165238],[35.80611146,-16.038254468],[35.806081717,-16.03864113],[35.806607159,-16.038299116],[35.806825298,-16.038581644],[35.806825298,-16.038760103],[35.806581014,-16.038807887],[35.806676582,-16.038968306],[35.807604879,-16.039170582],[35.807687853,-16.039354968],[35.808065993,-16.039055865],[35.808036549,-16.038741795],[35.808321983,-16.038262266],[35.809650908,-16.038016521],[35.809829368,-16.037034994],[35.810007828,-16.036945764],[35.809918598,-16.036618588],[35.81030526,-16.036261669],[35.810870382,-16.036112953],[35.811941139,-16.034982709],[35.812327802,-16.034804249],[35.812357545,-16.034596046],[35.812565748,-16.03453656],[35.812803694,-16.035101682],[35.813071383,-16.034923222],[35.813071383,-16.033911952],[35.813071383,-16.032960167],[35.813725735,-16.032692478],[35.813339073,-16.032543761],[35.813428303,-16.031681207],[35.813428303,-16.030818652],[35.813606762,-16.03052122],[35.814171884,-16.030372503],[35.81440983,-16.029985841],[35.814201628,-16.029866868],[35.814380087,-16.029509948],[35.814707263,-16.029628921],[35.814891778,-16.029892515],[35.815361614,-16.029658665],[35.815688744,-16.029682031],[35.815718534,-16.029956097],[35.815986223,-16.029926354],[35.816128,-16.029606118],[35.816491859,-16.029747895],[35.816640575,-16.029599178],[35.816462116,-16.029004313],[35.816313399,-16.028915084],[35.816313399,-16.028587908],[35.816908264,-16.028349961],[35.817086724,-16.028468934],[35.817622103,-16.027398177],[35.817562616,-16.027130488],[35.816763449,-16.027012815],[35.816610832,-16.026862798],[35.816759548,-16.026327419],[35.816610832,-16.025345892],[35.816283656,-16.025048459],[35.816551345,-16.024066932],[35.816670318,-16.023858729],[35.81705698,-16.024066932],[35.817175954,-16.023680269],[35.81705698,-16.023174634],[35.817532873,-16.023263864],[35.817770819,-16.024007445],[35.818216968,-16.023442323],[35.817592359,-16.022639255],[35.817860049,-16.02195516],[35.817651846,-16.021657727],[35.817919535,-16.021390038],[35.818276454,-16.021449524],[35.818306198,-16.021895674],[35.818688588,-16.021501081],[35.818353787,-16.021223475],[35.818526431,-16.02005627],[35.818752346,-16.020230051],[35.818990293,-16.019962361],[35.819112421,-16.019237679],[35.81874976,-16.018913588],[35.818960549,-16.018564428],[35.818246711,-16.018725042],[35.818175327,-16.018546582],[35.818532246,-16.018403814],[35.818710706,-16.018153971],[35.818389479,-16.018046895],[35.817782716,-16.018261047],[35.816997494,-16.016761986],[35.816426423,-16.01665491],[35.816908264,-16.016541886],[35.816908264,-16.016184967],[35.816521602,-16.01621471],[35.816390732,-16.015976764],[35.816581088,-16.015500872],[35.816149811,-16.015414617],[35.816140888,-16.014977391],[35.816502566,-16.014615712],[35.816759548,-16.014519344],[35.818097995,-16.014816777],[35.81816462,-16.014488411],[35.818853474,-16.013728173],[35.819281994,-16.012649838],[35.81919963,-16.012259544],[35.818008765,-16.011485532],[35.818139636,-16.011122663],[35.81803256,-16.01087282],[35.816997494,-16.010944204],[35.817140262,-16.010373133],[35.818246711,-16.009909138],[35.818889166,-16.009409452],[35.819139009,-16.008600435],[35.81860363,-16.008410078],[35.818567939,-16.007803316],[35.818710706,-16.007589164],[35.818353787,-16.007446397],[35.818425171,-16.00694671],[35.819103317,-16.006911018],[35.819174701,-16.006161488],[35.818924857,-16.005875952],[35.81860363,-16.005768876],[35.818996242,-16.00491227],[35.818746398,-16.003984281],[35.818425171,-16.00359167],[35.818175327,-16.002627987],[35.81860363,-16.002163993],[35.818567939,-16.001985533],[35.817532873,-16.00155723],[35.817068878,-16.001200311],[35.817068878,-16.000736317],[35.817461489,-16.000593548],[35.817497181,-16.000165246],[35.81710457,-15.998808953],[35.817140262,-15.998059423],[35.81803256,-15.997202816],[35.817818408,-15.996810206],[35.817425797,-15.99670313],[35.817354413,-15.997167125],[35.816497807,-15.996952973],[35.816247964,-15.99670313],[35.816426423,-15.995739448],[35.816033813,-15.995418221],[35.815641201,-15.99577514],[35.815141514,-15.99577514],[35.814824087,-15.995395429],[35.814427676,-15.995453913],[35.814213525,-15.996596054],[35.813535378,-15.996453286],[35.813178459,-15.996596054],[35.812928616,-15.997024357],[35.812571697,-15.997024357],[35.811857858,-15.996596054],[35.811608015,-15.996274827],[35.810715717,-15.996167751],[35.810144646,-15.995382529],[35.808752662,-15.99502561],[35.808574202,-15.993705009],[35.808110207,-15.993241014],[35.808395743,-15.993062554],[35.808431434,-15.992634251],[35.808038824,-15.992384408],[35.807646212,-15.9924201],[35.807467753,-15.99259856],[35.806789606,-15.992669944],[35.806504071,-15.992348716],[35.806504071,-15.991741954],[35.80686099,-15.991420727],[35.806825298,-15.990492737],[35.80703945,-15.990171509],[35.807467753,-15.990207202],[35.807110834,-15.989386287],[35.806682531,-15.987851535],[35.806254228,-15.987780151],[35.806218536,-15.987530307],[35.806968066,-15.986852161],[35.807075142,-15.986281091],[35.806718223,-15.984853414],[35.806753914,-15.983175894],[35.806504071,-15.98310451],[35.806004384,-15.982283596],[35.806040076,-15.981641142],[35.806396995,-15.98142699],[35.807217909,-15.981284223],[35.807396369,-15.980820227],[35.806896682,-15.980391925],[35.806753914,-15.978643021],[35.806539763,-15.978179026],[35.806218536,-15.977857798],[35.806504071,-15.977215344],[35.80686099,-15.977143961],[35.807217909,-15.976822733],[35.807289293,-15.976251662],[35.806539763,-15.976251662],[35.806611147,-15.975859052],[35.807217909,-15.97546644],[35.807182217,-15.974931062],[35.80686099,-15.974752602],[35.80686099,-15.974431375],[35.807182217,-15.974181532],[35.806718223,-15.973610461],[35.807360677,-15.973253542],[35.807432061,-15.97303939],[35.807182217,-15.972682471],[35.807396369,-15.971968633],[35.807182217,-15.971112027],[35.806753914,-15.970755108],[35.806147152,-15.97061234],[35.806147152,-15.969505891],[35.806504071,-15.968899128],[35.807396369,-15.968363749],[35.807824672,-15.967935446],[35.80796744,-15.966793305],[35.807681904,-15.966365002],[35.807253601,-15.96615085],[35.806218536,-15.965115785],[35.805504698,-15.964794558],[35.805397622,-15.964544714],[35.805897308,-15.964401947],[35.806182844,-15.964152104],[35.806075768,-15.962902886],[35.805611773,-15.961760745],[35.806432687,-15.961046907],[35.807075142,-15.959940457],[35.807432061,-15.960118917],[35.807860364,-15.959654922],[35.80796744,-15.958762624],[35.807110834,-15.957620483],[35.80686099,-15.956692493],[35.806646838,-15.956228498],[35.807146526,-15.955693119],[35.808252975,-15.955264816],[35.808431434,-15.954800822],[35.807753288,-15.954086983],[35.807503445,-15.953123302],[35.807717596,-15.951767009],[35.808467127,-15.951195938],[35.808609894,-15.950696251],[35.8081459,-15.950196564],[35.808681278,-15.949661186],[35.808609894,-15.948733196],[35.808859737,-15.948340585],[35.809430808,-15.948126434],[35.81003757,-15.9469486],[35.810572949,-15.946377529],[35.810822793,-15.945735075],[35.811072636,-15.945485232],[35.810894176,-15.944485858],[35.810001879,-15.942772646],[35.809859111,-15.942165884],[35.810180339,-15.941737581],[35.810537258,-15.941594813],[35.810323106,-15.941309278],[35.810430182,-15.940845283],[35.81114402,-15.940345596],[35.810965561,-15.939988677],[35.811215404,-15.939346222],[35.811001252,-15.938346849],[35.81114402,-15.937668702],[35.811262993,-15.936788302],[35.812119599,-15.935931696],[35.812881027,-15.935503393],[35.813166562,-15.934979911],[35.813118973,-15.934123305],[35.814403881,-15.923986802],[35.813966426,-15.917741935],[35.816181,-15.896106],[35.819798001,-15.828193],[35.844883,-15.548196],[35.844818001,-15.524557],[35.854511001,-15.432499],[35.854473001,-15.418497],[35.846836,-15.395103],[35.841808,-15.373767],[35.842991,-15.373763999],[35.838222,-15.36138],[35.789688001,-15.166123],[35.916821001,-14.891189],[35.887527001,-14.891954],[35.870037001,-14.890388],[35.869827,-14.729614],[35.868393001,-14.723646],[35.870876001,-14.682754],[35.869656,-14.669204],[35.797436,-14.582079],[35.779453001,-14.563279],[35.774243001,-14.555021],[35.770698,-14.552501],[35.528629,-14.264556],[35.516815,-14.244579],[35.506645001,-14.221841999],[35.494583,-14.189225],[35.483948,-14.167406],[35.352810001,-14.019746],[35.350921001,-14.014232],[35.331128001,-13.995627],[35.307559,-13.968519],[35.299545,-13.955881],[35.291301001,-13.949678999],[35.23053,-13.881433],[35.209103001,-13.855693],[35.203685001,-13.84558],[35.170494001,-13.804668],[35.082271,-13.687878],[35.067924,-13.674541],[35.057106001,-13.666718],[35.042766,-13.65108],[34.949223001,-13.563893],[34.875233001,-13.486806999],[34.861374001,-13.479205],[34.84845,-13.478731],[34.83693,-13.480786],[34.758904,-13.47884],[34.684163001,-13.481015999],[34.679223001,-13.482157],[34.603542001,-13.481782],[34.595100001,-13.472339],[34.577328001,-13.42885],[34.561401001,-13.403065],[34.548745,-13.389242],[34.54475,-13.388542],[34.53843,-13.377723],[34.533036,-13.373802],[34.527412,-13.366890999],[34.523673,-13.358146],[34.5209,-13.337217],[34.531079,-13.301604],[34.536300001,-13.276783],[34.539413,-13.249199999],[34.539143001,-13.156995999],[34.537049,-13.147564],[34.540677,-13.097904999],[34.544236001,-13.080898],[34.551311001,-13.062518],[34.552052,-13.047114],[34.550209,-13.029404],[34.537914001,-12.964989],[34.536308,-12.947049],[34.532364,-12.927264],[34.516736001,-12.890204],[34.508151,-12.84902],[34.507710001,-12.836141],[34.511036,-12.817521],[34.510819,-12.809242999],[34.523735,-12.768087],[34.525452929,-12.752554313],[34.523888,-12.729704],[34.519013,-12.710144],[34.498256,-12.66433],[34.484520001,-12.616698],[34.468083001,-12.546505],[34.462975001,-12.528323],[34.456451,-12.512896999],[34.447879001,-12.475388],[34.433941,-12.431883],[34.417018,-12.36698],[34.413787001,-12.349722],[34.408554,-12.292669],[34.408391001,-12.254642],[34.414654,-12.198157],[34.425278001,-12.159544999],[34.476291001,-12.036951],[34.492771001,-12.000559],[34.512951,-11.966107999],[34.570495,-11.826165999],[34.582451,-11.804113],[34.597473001,-11.765963999],[34.634094,-11.662075],[34.642827,-11.609422],[34.642639001,-11.582510999],[34.703556,-11.580782],[34.715226001,-11.579192],[34.739499,-11.579921],[34.750004,-11.577869],[34.811618,-11.576346],[34.846627001,-11.57432],[34.855263,-11.572491],[34.883033,-11.574360999],[34.95880804,-11.571256493],[34.958717555,-11.570145869],[34.959233021,-11.569711983],[34.959175619,-11.569517546],[34.959402172,-11.568763888],[34.959577063,-11.568057188],[34.95963417,-11.567389749],[34.959477125,-11.567318365],[34.95954494,-11.566850801],[34.9596306,-11.566404652],[34.959669862,-11.566229762],[34.95985189,-11.566133394],[34.959887582,-11.565112605],[34.960976186,-11.563560006],[34.961072554,-11.56327804],[34.960901233,-11.562910414],[34.961654332,-11.562146607],[34.961722147,-11.562032393],[34.962239679,-11.561457753],[34.962753643,-11.56116151],[34.963399667,-11.559123501],[34.96369591,-11.558677353],[34.963774432,-11.557838593],[34.963388959,-11.556864203],[34.963513881,-11.555736339],[34.963574557,-11.553680484],[34.964152766,-11.551974411],[34.963992153,-11.550764455],[34.963556711,-11.54977222],[34.962796473,-11.547955501],[34.962154019,-11.546310104],[34.962089773,-11.544400586],[34.962502896,-11.542849161],[34.962634735,-11.542824677],[34.962478426,-11.542459784],[34.96232989,-11.541361912],[34.961389165,-11.539463239],[34.96116959,-11.539331925],[34.960743358,-11.538619385],[34.960005366,-11.537918935],[34.959822007,-11.536755156],[34.959815548,-11.535777834],[34.959996374,-11.533881315],[34.960235323,-11.532953505],[34.960373095,-11.532497135],[34.96102536,-11.532064445],[34.961708143,-11.530786217],[34.961558028,-11.529536022],[34.961312994,-11.529076882],[34.961477143,-11.527535314],[34.960162549,-11.525988421],[34.959866577,-11.525672642],[34.959362911,-11.524973477],[34.958691175,-11.523978324],[34.958561954,-11.523245108],[34.958434208,-11.522321425],[34.958238807,-11.52189047],[34.958477834,-11.520555472],[34.958153717,-11.519064056],[34.958348553,-11.517372141],[34.958086233,-11.515675091],[34.958169211,-11.515222723],[34.958356321,-11.51469154],[34.957781085,-11.512203366],[34.958131737,-11.511231711],[34.958522915,-11.510359729],[34.958008607,-11.509202746],[34.956423896,-11.50727692],[34.955251219,-11.506327891],[34.954938576,-11.506068844],[34.954923689,-11.505148783],[34.955214543,-11.504635179],[34.954753602,-11.50374799],[34.954793848,-11.502052752],[34.95516815,-11.501381294],[34.955233868,-11.50101842],[34.95560817,-11.500646975],[34.95613105,-11.500355534],[34.956199625,-11.499164052],[34.955031002,-11.496115345],[34.954976713,-11.494349552],[34.954979571,-11.493726667],[34.955225296,-11.493183786],[34.955305299,-11.492872343],[34.956031046,-11.491635146],[34.955842427,-11.490911609],[34.955603176,-11.489919213],[34.954626353,-11.488510604],[34.953049278,-11.486908047],[34.95225083,-11.48573869],[34.951561734,-11.485205962],[34.951160752,-11.484463156],[34.950645625,-11.483210148],[34.950488335,-11.48274755],[34.950662869,-11.48126213],[34.9504667,-11.479776658],[34.948935472,-11.477799058],[34.946814732,-11.475853476],[34.946375893,-11.475318583],[34.936132972,-11.466402014],[34.932017681,-11.463051395],[34.931222875,-11.462228337],[34.931169197,-11.461869014],[34.93134033,-11.461302087],[34.931211666,-11.460680368],[34.93080445,-11.459928773],[34.930830884,-11.45970078],[34.930371593,-11.458793766],[34.930545066,-11.458464994],[34.930383159,-11.458015616],[34.931546916,-11.45722119],[34.931814363,-11.456946994],[34.932162588,-11.456726005],[34.932219509,-11.456284027],[34.932219509,-11.456032904],[34.932048745,-11.455895623],[34.932376252,-11.455306214],[34.932485491,-11.454724235],[34.932856526,-11.454686566],[34.932824422,-11.454431057],[34.933035452,-11.454462438],[34.93313339,-11.454017949],[34.933628261,-11.453859859],[34.933787764,-11.45349983],[34.93382328,-11.452859352],[34.934059129,-11.452892388],[34.934281458,-11.453278409],[34.934527245,-11.452706318],[34.93413302,-11.449887708],[34.933240275,-11.447098351],[34.933132919,-11.446439151],[34.933082067,-11.44582327],[34.932997548,-11.445102682],[34.93269773,-11.444218059],[34.930887891,-11.441986674],[34.927260261,-11.438208757],[34.926554725,-11.437499942],[34.926130514,-11.436502044],[34.925544911,-11.435740242],[34.925591552,-11.435351567],[34.924601727,-11.432565202],[34.923860655,-11.431150427],[34.923943572,-11.43085158],[34.924990402,-11.429533541],[34.925220152,-11.428768284],[34.924879846,-11.427080573],[34.923452978,-11.424451405],[34.922941655,-11.423608413],[34.922632443,-11.422150452],[34.922680811,-11.421640856],[34.923148948,-11.421143353],[34.923515166,-11.420754678],[34.923679273,-11.419248348],[34.923637815,-11.419089424],[34.924043764,-11.418616104],[34.924040309,-11.416531081],[34.924510173,-11.414867554],[34.924249995,-11.413252346],[34.924219963,-11.41287754],[34.924862571,-11.41034511],[34.924843569,-11.40944684],[34.925171783,-11.409224],[34.926135696,-11.408113254],[34.927035694,-11.407653754],[34.927179072,-11.406152607],[34.9274641,-11.405556639],[34.92776813,-11.405205968],[34.928123983,-11.404411345],[34.928576573,-11.404109042],[34.928697494,-11.403312691],[34.928880602,-11.402559526],[34.929319373,-11.400899454],[34.928873693,-11.398966446],[34.927446825,-11.396969523],[34.924669098,-11.394290259],[34.917802514,-11.388726167],[34.910174128,-11.383182804],[34.905107539,-11.380202966],[34.902734033,-11.378382241],[34.899420798,-11.376459598],[34.89792872,-11.375404778],[34.89571457,-11.373877287],[34.892509301,-11.371853804],[34.889484549,-11.370029625],[34.887506627,-11.368951701],[34.886950391,-11.368813506],[34.886881293,-11.36897934],[34.886508166,-11.368694312],[34.885692813,-11.368525023],[34.885611623,-11.368747863],[34.885440606,-11.368740953],[34.885064024,-11.369032891],[34.884234851,-11.36981024],[34.884157116,-11.369917341],[34.882889174,-11.370022715],[34.881686874,-11.37010736],[34.881526222,-11.37002617],[34.881723164,-11.369179753],[34.881697328,-11.368842875],[34.881887257,-11.368535387],[34.882096278,-11.368153623],[34.882414127,-11.366505642],[34.882293206,-11.366008139],[34.877585925,-11.362966113],[34.876334334,-11.362234017],[34.874093382,-11.361253765],[34.869977584,-11.358794727],[34.863667144,-11.35494656],[34.851840845,-11.34877009],[34.848038874,-11.347231747],[34.847798652,-11.347245606],[34.847502995,-11.347495067],[34.846788251,-11.347206573],[34.846061665,-11.346344774],[34.841104782,-11.343097162],[34.835667788,-11.339030999],[34.828533784,-11.334711832],[34.811468719,-11.32537468],[34.803165372,-11.321327474],[34.800643592,-11.320511784],[34.800264861,-11.320756845],[34.799394416,-11.321633655],[34.79944185,-11.321915993],[34.799546256,-11.32189968],[34.799486441,-11.322006261],[34.79912102,-11.322441285],[34.798359727,-11.322677286],[34.798216169,-11.323383113],[34.797368717,-11.324097339],[34.79658954,-11.324472426],[34.796075245,-11.324466626],[34.79533667,-11.324408623],[34.794980917,-11.324526563],[34.794259743,-11.324468559],[34.793494013,-11.323596076],[34.79314608,-11.323206022],[34.793016539,-11.32252545],[34.792071086,-11.32140212],[34.792051752,-11.321044434],[34.792417172,-11.320814354],[34.791995682,-11.320491469],[34.792276031,-11.319876635],[34.793088077,-11.319903703],[34.792844463,-11.319576951],[34.793043608,-11.319136126],[34.793306556,-11.319056855],[34.793171215,-11.31848069],[34.79273619,-11.318179073],[34.792817395,-11.317802052],[34.792417172,-11.317191084],[34.792221411,-11.316518971],[34.791333781,-11.316231837],[34.791238883,-11.315858271],[34.790993837,-11.315749703],[34.790904899,-11.315032396],[34.791396076,-11.313907358],[34.791659128,-11.313691151],[34.791572645,-11.313442513],[34.789749282,-11.313540111],[34.789331185,-11.31335038],[34.789441122,-11.312922474],[34.789607372,-11.312694529],[34.789456748,-11.312021818],[34.789205466,-11.311776982],[34.789039419,-11.311103873],[34.788450545,-11.310434362],[34.788137047,-11.310302203],[34.787739345,-11.308836234],[34.787434832,-11.30856248],[34.787273713,-11.307252843],[34.787498869,-11.306545959],[34.787515468,-11.304696564],[34.78719072,-11.302958488],[34.786727378,-11.302186163],[34.78671815,-11.301146512],[34.786601267,-11.300614383],[34.785986089,-11.300057648],[34.786041455,-11.299728528],[34.786165728,-11.299763801],[34.786125027,-11.298883469],[34.785392442,-11.297736255],[34.785520248,-11.297532536],[34.785402434,-11.297018081],[34.785378872,-11.295859577],[34.785512394,-11.295427593],[34.785799075,-11.295466864],[34.785819991,-11.295213123],[34.78569388,-11.29502857],[34.78586975,-11.29447876],[34.785980969,-11.292963852],[34.785924977,-11.292549505],[34.78651906,-11.292312697],[34.786807464,-11.292409312],[34.787130478,-11.292299718],[34.787297753,-11.292322791],[34.787942339,-11.291486416],[34.787877447,-11.291323467],[34.788154316,-11.291222525],[34.788543663,-11.28980213],[34.788535011,-11.288735032],[34.78833399,-11.288281624],[34.78859425,-11.288178947],[34.788756446,-11.288028348],[34.788995761,-11.288174179],[34.789225905,-11.287759414],[34.789269994,-11.287583181],[34.789875102,-11.287472345],[34.79042131,-11.287698996],[34.790653011,-11.288091709],[34.791532688,-11.289261994],[34.791846859,-11.28989819],[34.792483054,-11.290306612],[34.792494836,-11.290165235],[34.792589087,-11.290200579],[34.793005363,-11.290679689],[34.793301216,-11.29081923],[34.793921614,-11.290732471],[34.795121504,-11.290890614],[34.797317747,-11.289167884],[34.797589006,-11.288815724],[34.79769846,-11.289144089],[34.79791975,-11.288908523],[34.79791989,-11.288694931],[34.799654378,-11.286110277],[34.800284935,-11.284408962],[34.800700151,-11.281108649],[34.800397959,-11.279233634],[34.800017245,-11.277960623],[34.799772161,-11.27797252],[34.799522318,-11.277965381],[34.799493764,-11.277651293],[34.799684121,-11.277418106],[34.799462831,-11.277425244],[34.799443795,-11.277325307],[34.799215366,-11.27739669],[34.79893459,-11.277234887],[34.798737095,-11.27695887],[34.798796484,-11.276813607],[34.798553876,-11.276494875],[34.798301653,-11.275583541],[34.798170783,-11.275502639],[34.798023597,-11.275181988],[34.797835279,-11.274408088],[34.79744865,-11.273992648],[34.79717265,-11.27336629],[34.7970976,-11.272910017],[34.796916761,-11.272648276],[34.796832833,-11.272711765],[34.796520147,-11.272065081],[34.795770064,-11.271955121],[34.795715084,-11.272076862],[34.79531059,-11.27183338],[34.795432331,-11.271782327],[34.794705811,-11.270521718],[34.794682447,-11.269412209],[34.794630098,-11.269157607],[34.794172178,-11.269088667],[34.794115505,-11.268742523],[34.794088035,-11.268177422],[34.7941953,-11.268147336],[34.793613193,-11.267361164],[34.790068226,-11.264351213],[34.786631995,-11.262041689],[34.780794455,-11.258336194],[34.77631631,-11.25601384],[34.775952251,-11.256006701],[34.775374043,-11.256715781],[34.774940981,-11.257189294],[34.774771069,-11.257341647],[34.774763014,-11.257637678],[34.774362265,-11.257986068],[34.77430185,-11.257883363],[34.773903115,-11.258199532],[34.773377509,-11.257814893],[34.773592987,-11.25736984],[34.773766175,-11.257279218],[34.773641319,-11.256993257],[34.773202307,-11.257015409],[34.772880096,-11.257249011],[34.772543789,-11.25704763],[34.772497691,-11.256755397],[34.772711426,-11.25628034],[34.772663836,-11.255645024],[34.773004099,-11.254726551],[34.773237287,-11.254184035],[34.773389592,-11.253519425],[34.773612453,-11.252520779],[34.773737982,-11.251608314],[34.774073757,-11.251004404],[34.773907283,-11.250728965],[34.773603089,-11.250609406],[34.772739129,-11.251350546],[34.772598189,-11.251559823],[34.772041257,-11.251721757],[34.771832408,-11.251962388],[34.771466164,-11.251779266],[34.771381818,-11.251253883],[34.770947067,-11.25121174],[34.770515747,-11.250474713],[34.770523314,-11.249130811],[34.770720057,-11.248216716],[34.770736704,-11.247883767],[34.770766972,-11.247694592],[34.770916799,-11.247484229],[34.770906557,-11.247242363],[34.770862316,-11.246854653],[34.77079724,-11.246343124],[34.771166511,-11.246191783],[34.771143809,-11.245817973],[34.77144649,-11.245468376],[34.771494919,-11.245230772],[34.771685904,-11.244853978],[34.771704028,-11.244453229],[34.771422697,-11.244281612],[34.771130252,-11.244777241],[34.770931979,-11.244501373],[34.770962464,-11.244073702],[34.77142008,-11.243335561],[34.771791546,-11.242936453],[34.771694688,-11.24249454],[34.771518187,-11.242407933],[34.771574752,-11.24184009],[34.771899368,-11.241482851],[34.771872773,-11.241178043],[34.77190541,-11.240900858],[34.772235676,-11.240608855],[34.772366574,-11.240385322],[34.772110819,-11.240185954],[34.772426896,-11.239881853],[34.772127799,-11.239089904],[34.771855064,-11.239253557],[34.771915479,-11.23866351],[34.772052418,-11.23859504],[34.771902066,-11.238147467],[34.771528826,-11.238081517],[34.771700001,-11.237753265],[34.771498619,-11.237205507],[34.771734235,-11.237249811],[34.771788609,-11.237076623],[34.77157313,-11.236530879],[34.771546951,-11.235960969],[34.771384223,-11.235581779],[34.771068575,-11.23508605],[34.771028107,-11.234398101],[34.771111066,-11.234011635],[34.769898391,-11.233219915],[34.769526842,-11.232528169],[34.769425648,-11.232507024],[34.769289715,-11.232493431],[34.769199094,-11.232259325],[34.764877949,-11.229839726],[34.7644626,-11.229616192],[34.763970222,-11.229827643],[34.763455189,-11.229592027],[34.763100478,-11.229113867],[34.763114622,-11.228665123],[34.763361151,-11.228279235],[34.763719937,-11.227803089],[34.763326997,-11.227669903],[34.763251101,-11.227291557],[34.763065327,-11.227129571],[34.763367777,-11.226731968],[34.763720069,-11.226632284],[34.76391264,-11.226733101],[34.764120377,-11.226015994],[34.763910941,-11.225744129],[34.76378407,-11.225669618],[34.763818305,-11.225373587],[34.761850807,-11.223929681],[34.761288953,-11.224056552],[34.760936535,-11.223861212],[34.760592173,-11.224120994],[34.760018235,-11.223784687],[34.759766509,-11.223104017],[34.760024277,-11.222465638],[34.760771402,-11.222137386],[34.761093613,-11.222221966],[34.761224511,-11.222000446],[34.761351381,-11.221881631],[34.761673592,-11.221051939],[34.761516514,-11.22077806],[34.761466169,-11.220500154],[34.761493864,-11.220289475],[34.760923818,-11.219898454],[34.760429704,-11.219630819],[34.760322028,-11.219664038],[34.759702066,-11.219054234],[34.759162793,-11.218153138],[34.758986387,-11.217855311],[34.75865891,-11.217862056],[34.758501833,-11.217509638],[34.758761615,-11.217211593],[34.758807932,-11.216667863],[34.759043076,-11.215913893],[34.759526106,-11.215428483],[34.759449964,-11.215207193],[34.75933575,-11.214881207],[34.759533245,-11.214445765],[34.759604629,-11.213689097],[34.759866369,-11.213301245],[34.759647459,-11.212808697],[34.75973312,-11.212539817],[34.75964508,-11.212256661],[34.759692669,-11.212132929],[34.759799745,-11.211630863],[34.759302437,-11.211243011],[34.758943139,-11.211145453],[34.758797991,-11.211019342],[34.757684404,-11.211385779],[34.757151404,-11.210931302],[34.756754176,-11.209965103],[34.756604602,-11.209575453],[34.756711551,-11.209317437],[34.756572216,-11.209061254],[34.756839695,-11.208449524],[34.755880772,-11.208011703],[34.748544656,-11.205451402],[34.744394401,-11.203204002],[34.739068691,-11.200119031],[34.729326125,-11.195662278],[34.724950863,-11.193926581],[34.724859215,-11.193956847],[34.72454657,-11.193492128],[34.717831287,-11.190640448],[34.716968359,-11.190105405],[34.716776566,-11.189978606],[34.716658687,-11.189979243],[34.716908463,-11.189384751],[34.716558038,-11.188982644],[34.716512828,-11.188665495],[34.714601555,-11.188108609],[34.714235041,-11.188092499],[34.713622841,-11.187286973],[34.713288548,-11.1869265],[34.71278511,-11.186256272],[34.710442109,-11.184903567],[34.710204163,-11.184663242],[34.710120882,-11.184734625],[34.709875797,-11.184384845],[34.708864527,-11.183870881],[34.708862147,-11.183713837],[34.708336286,-11.183497306],[34.708279179,-11.183356918],[34.708624201,-11.183237945],[34.708636098,-11.182904821],[34.708569473,-11.182652598],[34.708241108,-11.182526486],[34.708345804,-11.182121978],[34.708412428,-11.182003005],[34.708126894,-11.181769818],[34.707843738,-11.181638946],[34.707448747,-11.181179711],[34.706682561,-11.180760926],[34.706546931,-11.18078472],[34.706527895,-11.180534877],[34.705795022,-11.180175579],[34.705528522,-11.180258859],[34.705576111,-11.180527739],[34.705392893,-11.180639573],[34.705207295,-11.180261239],[34.705464276,-11.180180337],[34.705369098,-11.179828177],[34.705163893,-11.179894555],[34.705009867,-11.179403337],[34.704250752,-11.179033437],[34.703931903,-11.179059611],[34.703653507,-11.178507576],[34.703758203,-11.178283907],[34.703274811,-11.178009644],[34.70329391,-11.17788649],[34.703210927,-11.177767564],[34.703367972,-11.177612898],[34.703622574,-11.177660488],[34.703792929,-11.177280077],[34.704222322,-11.176969228],[34.704299535,-11.176715841],[34.704507733,-11.17672774],[34.704550563,-11.176454101],[34.705147808,-11.176266124],[34.705414308,-11.175397621],[34.705366719,-11.173867627],[34.704831953,-11.172441494],[34.704636225,-11.172109206],[34.70439114,-11.171978336],[34.704441109,-11.171567878],[34.704190335,-11.17110331],[34.70385814,-11.171105073],[34.703891453,-11.170881404],[34.70399139,-11.170948028],[34.704127019,-11.170655355],[34.7044076,-11.170832457],[34.70478613,-11.170707703],[34.704852755,-11.169877271],[34.704424452,-11.169134879],[34.704181747,-11.168913589],[34.704103225,-11.16851384],[34.703841484,-11.168497184],[34.703805792,-11.168311586],[34.704312617,-11.168030809],[34.704131779,-11.167540641],[34.7043031,-11.167466877],[34.704062774,-11.166860115],[34.703924766,-11.16692436],[34.703739167,-11.166914842],[34.703701096,-11.166534129],[34.703974734,-11.166496057],[34.703855761,-11.166177209],[34.703560707,-11.166474642],[34.703432217,-11.166220039],[34.703536913,-11.166103446],[34.703703476,-11.166179589],[34.703539293,-11.165506202],[34.703441735,-11.164961305],[34.703584503,-11.164773327],[34.70311099,-11.164172513],[34.702651754,-11.163935757],[34.702030714,-11.163139827],[34.700731291,-11.162040517],[34.700249872,-11.162032317],[34.700100009,-11.161796422],[34.700331303,-11.161389734],[34.69941997,-11.160583096],[34.698960685,-11.160705491],[34.69897977,-11.160521231],[34.699212957,-11.160188106],[34.699022577,-11.160081877],[34.698852277,-11.159997458],[34.694283903,-11.157991863],[34.694006984,-11.157925942],[34.694095792,-11.157648418],[34.693667798,-11.157274888],[34.693558522,-11.156719145],[34.6932555,-11.156516597],[34.693196014,-11.15659274],[34.692632408,-11.155798414],[34.691070171,-11.154839613],[34.690729857,-11.154511787],[34.687659008,-11.152911714],[34.686942692,-11.152605716],[34.686847467,-11.152220131],[34.68641505,-11.151957871],[34.685127024,-11.151243712],[34.681749379,-11.149860056],[34.681116442,-11.149634007],[34.680831089,-11.149457031],[34.680901338,-11.149268141],[34.68057039,-11.148959048],[34.680398672,-11.148674933],[34.680362767,-11.148392379],[34.680262858,-11.14839394],[34.679540081,-11.147934984],[34.674591722,-11.146014846],[34.674391847,-11.145993431],[34.673907728,-11.145574641],[34.67394051,-11.145243693],[34.674667971,-11.145170323],[34.674835006,-11.144280511],[34.674346637,-11.143159493],[34.672132549,-11.141602136],[34.66859667,-11.139957928],[34.662931819,-11.137684975],[34.662780395,-11.1373431],[34.66261336,-11.137257241],[34.662265241,-11.13686385],[34.661327036,-11.136581296],[34.661156879,-11.136206638],[34.659296079,-11.135418296],[34.658668527,-11.135088909],[34.652294664,-11.132378886],[34.652308713,-11.132015156],[34.652569572,-11.131772582],[34.652046091,-11.130787486],[34.651283088,-11.130233971],[34.650613387,-11.129618908],[34.648510212,-11.128418732],[34.646478152,-11.127219484],[34.645057526,-11.126359386],[34.644731435,-11.126211028],[34.644621987,-11.126217328],[34.644297284,-11.125336883],[34.644331235,-11.125155703],[34.644092783,-11.125082428],[34.643844572,-11.124881049],[34.643499575,-11.124704648],[34.643322987,-11.124484294],[34.643173081,-11.124196379],[34.643284915,-11.123779973],[34.643767946,-11.123691933],[34.6439702,-11.123739522],[34.644051102,-11.123620549],[34.643988191,-11.123299682],[34.643889843,-11.123362125],[34.64384145,-11.123009322],[34.644661014,-11.122950001],[34.644676624,-11.12267213],[34.644500223,-11.122442652],[34.644846782,-11.122199125],[34.644515834,-11.121457615],[34.642928921,-11.120297236],[34.639349366,-11.11846981],[34.638491651,-11.11822307],[34.638327738,-11.118279269],[34.638387059,-11.11796081],[34.638067039,-11.117962371],[34.637957764,-11.118123161],[34.637725164,-11.11817936],[34.637581545,-11.118110673],[34.63777824,-11.11756898],[34.638031134,-11.117013238],[34.637921859,-11.11695704],[34.637709553,-11.116955478],[34.637074196,-11.116457496],[34.636852524,-11.116399736],[34.636838393,-11.116167102],[34.63659963,-11.116124987],[34.636552246,-11.11585483],[34.636190628,-11.115843994],[34.635851875,-11.115132144],[34.635940857,-11.114826174],[34.636165651,-11.114754365],[34.636310831,-11.114940132],[34.636871256,-11.114549864],[34.637250597,-11.114802758],[34.637392655,-11.114743437],[34.637386411,-11.114512398],[34.637579984,-11.114389073],[34.637832878,-11.114476494],[34.638302761,-11.114396879],[34.638510384,-11.113222951],[34.638163825,-11.113004401],[34.638319933,-11.112701553],[34.638007718,-11.112470514],[34.638138848,-11.112439292],[34.637873466,-11.112131761],[34.637578423,-11.112136444],[34.637495686,-11.111902283],[34.637166299,-11.111618168],[34.637085124,-11.110726795],[34.637544079,-11.110765822],[34.637753263,-11.110180419],[34.637665843,-11.110049289],[34.637885954,-11.109821372],[34.637486319,-11.10884414],[34.637052393,-11.108547985],[34.637141226,-11.107862701],[34.636781663,-11.108091129],[34.636929718,-11.107854241],[34.636416984,-11.1077389],[34.636254632,-11.107659285],[34.636118819,-11.107829442],[34.635801921,-11.107821637],[34.635619275,-11.107373609],[34.63613443,-11.106579022],[34.635580249,-11.106538434],[34.635875291,-11.105992058],[34.636451328,-11.106130994],[34.637141322,-11.10619812],[34.637475392,-11.10596552],[34.637742336,-11.104986727],[34.63763306,-11.104490306],[34.637295868,-11.104349809],[34.637071074,-11.104087549],[34.637017997,-11.104212435],[34.636914967,-11.104051644],[34.63696336,-11.103901781],[34.636936822,-11.103669181],[34.63683223,-11.1035802],[34.636504404,-11.103411604],[34.636254632,-11.10353649],[34.636253071,-11.103331989],[34.636054815,-11.103075973],[34.636249949,-11.102691949],[34.635948662,-11.102646678],[34.635831581,-11.102323536],[34.635962712,-11.102095619],[34.63591744,-11.101742816],[34.635974983,-11.101556377],[34.635832345,-11.101523913],[34.635820654,-11.101647591],[34.635424141,-11.101655396],[34.635061972,-11.102220505],[34.634710731,-11.102395345],[34.634495302,-11.102179917],[34.634709734,-11.101846983],[34.63491367,-11.101772477],[34.635180614,-11.101012234],[34.634965186,-11.101099654],[34.634879327,-11.101269811],[34.634545257,-11.100945108],[34.634679509,-11.100561083],[34.634993285,-11.100387804],[34.635341404,-11.100611038],[34.635474171,-11.100689153],[34.635703573,-11.100470541],[34.636139437,-11.100759135],[34.636308501,-11.100330261],[34.636416123,-11.100178676],[34.636294227,-11.099863292],[34.636551563,-11.099625305],[34.636816639,-11.099859423],[34.636954015,-11.099842009],[34.63709913,-11.099693025],[34.637298421,-11.099731722],[34.637767313,-11.099504237],[34.637993668,-11.099326274],[34.638412903,-11.099159002],[34.638457404,-11.098072576],[34.637706677,-11.097213497],[34.637434023,-11.097263836],[34.637150984,-11.096798469],[34.637625515,-11.096678954],[34.63777014,-11.096889407],[34.63885173,-11.096508238],[34.640085367,-11.095335599],[34.640903266,-11.093816843],[34.641102115,-11.092076151],[34.640406122,-11.089979251],[34.639763667,-11.089208306],[34.639317519,-11.089133353],[34.639014137,-11.089615193],[34.638285309,-11.089636609],[34.638142541,-11.089593778],[34.637917682,-11.089757961],[34.637596455,-11.089668732],[34.637475102,-11.089729408],[34.637250243,-11.089493841],[34.636593125,-11.089096299],[34.636580637,-11.088682094],[34.63678878,-11.088523905],[34.63686163,-11.088636302],[34.637148867,-11.08816798],[34.637277916,-11.088205446],[34.637296649,-11.087947348],[34.637188041,-11.087900099],[34.637282079,-11.087737124],[34.637026063,-11.087553958],[34.63712389,-11.087360385],[34.637236287,-11.087256313],[34.637155112,-11.08697532],[34.6373133,-11.086411252],[34.637594294,-11.086405008],[34.637098913,-11.085974151],[34.636647242,-11.085766008],[34.636459914,-11.085528725],[34.636368331,-11.085466282],[34.636243445,-11.085330989],[34.636324621,-11.085066647],[34.63690534,-11.08508538],[34.63710932,-11.08507081],[34.637334115,-11.084800224],[34.637764971,-11.084544208],[34.637848228,-11.084173713],[34.637735831,-11.083792811],[34.637600538,-11.08319544],[34.637775378,-11.083083043],[34.638081349,-11.083197522],[34.638033476,-11.083016437],[34.637802437,-11.082500242],[34.637563072,-11.082466939],[34.637787867,-11.082275448],[34.637642167,-11.081948663],[34.637794111,-11.081794637],[34.637942862,-11.081403301],[34.638374831,-11.081440794],[34.638499716,-11.081257628],[34.638222886,-11.080964146],[34.638362342,-11.080889214],[34.638474739,-11.080997449],[34.638605869,-11.080414648],[34.637746717,-11.078943311],[34.637368383,-11.078654207],[34.636975773,-11.078472177],[34.636708083,-11.078079567],[34.635631504,-11.077463178],[34.635129879,-11.076969879],[34.634859293,-11.076903273],[34.634567892,-11.076597303],[34.634122466,-11.076199749],[34.634293143,-11.075933326],[34.634309795,-11.076081108],[34.6346729,-11.076101656],[34.634759384,-11.075856313],[34.634580381,-11.07554618],[34.634733418,-11.075414977],[34.634495042,-11.075015415],[34.634875944,-11.07486347],[34.635115309,-11.074744829],[34.635775123,-11.074603291],[34.636314213,-11.074072526],[34.636738825,-11.073121312],[34.637213392,-11.072118062],[34.63715303,-11.071191825],[34.637429861,-11.070802597],[34.637373662,-11.069636996],[34.637571398,-11.069451748],[34.637442349,-11.069331025],[34.637621352,-11.069145778],[34.637271672,-11.067295385],[34.636428692,-11.065971595],[34.636049872,-11.065715579],[34.635956207,-11.065486621],[34.635775123,-11.065617752],[34.635679377,-11.064968345],[34.635789693,-11.06471441],[34.636156025,-11.064531244],[34.636516112,-11.064441743],[34.636820001,-11.063806906],[34.636971946,-11.063527994],[34.636813757,-11.063251164],[34.637185641,-11.06208602],[34.637578252,-11.061893283],[34.638020832,-11.060656558],[34.637831665,-11.060099765],[34.637610375,-11.059503709],[34.63657174,-11.058636396],[34.636179129,-11.058907655],[34.636061346,-11.058846978],[34.636221959,-11.058500766],[34.636432542,-11.058500766],[34.636268359,-11.058051049],[34.635811502,-11.057979664],[34.63588752,-11.057629218],[34.63608633,-11.057544223],[34.636396351,-11.057762389],[34.636865793,-11.057627136],[34.6368762,-11.057183791],[34.637017737,-11.05705058],[34.637082262,-11.056519815],[34.636921521,-11.055559753],[34.63696792,-11.055324186],[34.636900106,-11.054938714],[34.63709998,-11.054696008],[34.637014319,-11.054140999],[34.637074996,-11.053805495],[34.637567545,-11.053637743],[34.637346255,-11.052777568],[34.635989962,-11.051585458],[34.630101086,-11.048697065],[34.629428717,-11.048908564],[34.629047936,-11.049149466],[34.627518084,-11.048637434],[34.627241254,-11.048479245],[34.626188049,-11.048552095],[34.625463711,-11.04822531],[34.625116112,-11.048262776],[34.624649871,-11.047981783],[34.624256481,-11.047842327],[34.624117025,-11.047746581],[34.624187794,-11.047644591],[34.624056663,-11.047609206],[34.623742281,-11.048055528],[34.623176218,-11.048206577],[34.622920202,-11.048373092],[34.622599661,-11.048375173],[34.622054326,-11.048146216],[34.62171089,-11.048418883],[34.62080963,-11.048173274],[34.620362122,-11.048219066],[34.619741856,-11.048339789],[34.619236068,-11.047942235],[34.618900958,-11.048321056],[34.617944117,-11.048198601],[34.617348029,-11.048265852],[34.616458483,-11.048116066],[34.616122228,-11.048294892],[34.615653,-11.04810231],[34.615114993,-11.047281543],[34.614919354,-11.046717552],[34.614680918,-11.045837176],[34.614875029,-11.044903305],[34.615046213,-11.04462666],[34.615047742,-11.044079482],[34.615208227,-11.043709601],[34.615280063,-11.042841453],[34.61562396,-11.042447118],[34.61541915,-11.042266763],[34.615379411,-11.041883127],[34.615810428,-11.041329836],[34.615622431,-11.040999695],[34.615608676,-11.040587018],[34.614590741,-11.039547686],[34.61439663,-11.039186976],[34.614156667,-11.039190033],[34.614204792,-11.038828572],[34.614419557,-11.038878233],[34.614803887,-11.039097494],[34.61486433,-11.039005093],[34.615046213,-11.039009678],[34.615168488,-11.038633685],[34.614936166,-11.038069694],[34.614798608,-11.037207659],[34.614163288,-11.036353648],[34.613969243,-11.036019496],[34.613703296,-11.035401628],[34.612742678,-11.034395156],[34.612229125,-11.033770411],[34.612260076,-11.032788012],[34.612308222,-11.031975269],[34.612333441,-11.031309256],[34.612511121,-11.031011212],[34.612498511,-11.030499952],[34.612405659,-11.030324565],[34.612504243,-11.030146885],[34.612250905,-11.029990985],[34.612152322,-11.029519846],[34.611816449,-11.029014318],[34.61209042,-11.028493887],[34.612769043,-11.028029627],[34.613345644,-11.027631853],[34.61366776,-11.026618503],[34.613692979,-11.026231046],[34.613991023,-11.026098073],[34.613907342,-11.025383914],[34.613592103,-11.025037724],[34.613856903,-11.024863483],[34.613773222,-11.024490929],[34.613955487,-11.024081691],[34.61430053,-11.023767599],[34.614379627,-11.023217364],[34.614253531,-11.023003002],[34.614336066,-11.022686617],[34.614203093,-11.02232094],[34.61415724,-11.021828021],[34.614258116,-11.021089789],[34.614193922,-11.020727551],[34.61407929,-11.02068743],[34.614550429,-11.018933556],[34.614528649,-11.018785681],[34.614574501,-11.018705438],[34.615135053,-11.017274827],[34.615217589,-11.016897687],[34.615288661,-11.016811713],[34.615561485,-11.016834639],[34.616163305,-11.016162894],[34.6164453,-11.015938215],[34.616034917,-11.014780429],[34.616064721,-11.014650895],[34.61610255,-11.014514482],[34.616216036,-11.014605042],[34.616355887,-11.014762088],[34.617070046,-11.014332217],[34.617095265,-11.013464451],[34.617053997,-11.013232893],[34.617251165,-11.013310843],[34.61723397,-11.013085018],[34.617330261,-11.013050628],[34.617194995,-11.012890143],[34.617460942,-11.012576051],[34.617885081,-11.012603562],[34.618670312,-11.011757576],[34.618835383,-11.01083364],[34.618596948,-11.010783202],[34.618367683,-11.010343014],[34.618664581,-11.009668976],[34.619093305,-11.009732024],[34.620456283,-11.008986914],[34.620394382,-11.008364461],[34.621363024,-11.007902493],[34.621598021,-11.007327039],[34.62132669,-11.006602209],[34.621455877,-11.006423737],[34.621485681,-11.006069523],[34.621324049,-11.006189887],[34.621264441,-11.006009914],[34.621500583,-11.005870063],[34.621356146,-11.005592653],[34.621612923,-11.005436753],[34.621811237,-11.005392046],[34.621945356,-11.004813153],[34.621704629,-11.004342015],[34.622117305,-11.003645051],[34.622394715,-11.003385982],[34.622486421,-11.003095962],[34.622583858,-11.002870136],[34.622341984,-11.002599604],[34.622046233,-11.002562922],[34.621996941,-11.002411607],[34.622651491,-11.001916396],[34.623041241,-11.001533524],[34.623190263,-11.001567914],[34.623286554,-11.001282479],[34.623936519,-11.000876681],[34.624184125,-11.000971826],[34.624525729,-11.000805609],[34.624790529,-11.000327593],[34.625212376,-11.000198058],[34.625053037,-10.999647823],[34.624965917,-10.999463265],[34.62515506,-10.999247757],[34.625394641,-10.999314243],[34.62557576,-10.999052882],[34.626504282,-10.998664278],[34.62674157,-10.998394893],[34.62697542,-10.998147287],[34.626673937,-10.997798805],[34.626468746,-10.997577565],[34.626858495,-10.997288691],[34.627035029,-10.997351739],[34.627047639,-10.997467518],[34.627141637,-10.997551199],[34.62707515,-10.997650929],[34.627154247,-10.997718562],[34.627367463,-10.997512224],[34.627476363,-10.997344861],[34.627746895,-10.997368934],[34.627986477,-10.997355178],[34.628246692,-10.99758215],[34.628901242,-10.997262326],[34.62895512,-10.996853089],[34.629106434,-10.996820992],[34.628837048,-10.996298268],[34.629108727,-10.99606098],[34.629312772,-10.996154978],[34.629192408,-10.995433941],[34.629433136,-10.994977705],[34.629631839,-10.994756156],[34.63025161,-10.994652149],[34.634825438,-10.992604817],[34.635518963,-10.991743928],[34.63556367,-10.991487152],[34.63529543,-10.991244132],[34.635524695,-10.991063013],[34.63602793,-10.990532265],[34.636465826,-10.989164702],[34.636995427,-10.988392081],[34.637257935,-10.98647199],[34.637066499,-10.985326814],[34.636959891,-10.984501462],[34.63704128,-10.984224052],[34.637349641,-10.983336798],[34.637560564,-10.982834709],[34.637898729,-10.98181792],[34.638290771,-10.980350627],[34.638357258,-10.979579152],[34.638295357,-10.979136672],[34.64019648,-10.977836104],[34.640513491,-10.977216581],[34.64039542,-10.976560885],[34.640302568,-10.976480642],[34.64080695,-10.975968236],[34.6414615,-10.974763451],[34.642132099,-10.974169655],[34.643720902,-10.973024479],[34.644589815,-10.971376067],[34.644903907,-10.971342824],[34.645463312,-10.970298524],[34.645286779,-10.969780386],[34.645674236,-10.969760898],[34.646222178,-10.968715452],[34.646264592,-10.968376141],[34.646380371,-10.968207631],[34.646342735,-10.967934986],[34.647205723,-10.967878637],[34.647329526,-10.968023073],[34.647978344,-10.967673445],[34.647893517,-10.966827459],[34.647767421,-10.966537439],[34.647957711,-10.9662749],[34.648214487,-10.965950522],[34.648675309,-10.96521229],[34.649185422,-10.964565764],[34.649099448,-10.963696851],[34.649086838,-10.963228005],[34.649099448,-10.962896718],[34.648351374,-10.961631376],[34.648483652,-10.960830614],[34.648734039,-10.960380392],[34.649154498,-10.960363857],[34.649882743,-10.959363494],[34.649953458,-10.958976295],[34.650198323,-10.958690524],[34.65029517,-10.958338566],[34.651209079,-10.957743546],[34.652512739,-10.956591298],[34.652901546,-10.955850534],[34.653430426,-10.955046937],[34.653494204,-10.954321999],[34.654448978,-10.95376808],[34.654453702,-10.953175185],[34.654753692,-10.952941334],[34.655320603,-10.952738191],[34.655490677,-10.952742915],[34.655744842,-10.952199861],[34.656920947,-10.951422956],[34.658056659,-10.950802189],[34.66056973,-10.949223576],[34.661464978,-10.94806377],[34.661887799,-10.947957475],[34.663018787,-10.946325242],[34.66339909,-10.946138634],[34.663750103,-10.945216221],[34.66426741,-10.944840643],[34.664487087,-10.944457978],[34.665981135,-10.943950356],[34.669375517,-10.942124902],[34.671911028,-10.94007528],[34.672883481,-10.938885121],[34.673053452,-10.937481573],[34.673434743,-10.936568418],[34.673541601,-10.935275187],[34.672881021,-10.932759154],[34.67104282,-10.929171454],[34.671018078,-10.928624458],[34.671455227,-10.928005164],[34.671549943,-10.92731787],[34.671788879,-10.927094188],[34.671779892,-10.926350072],[34.672272899,-10.925942066],[34.672506044,-10.925638491],[34.672744048,-10.925458774],[34.673251625,-10.924871053],[34.673598916,-10.923712609],[34.674176681,-10.922726597],[34.67522098,-10.920328352],[34.675942275,-10.919509913],[34.676600425,-10.918788618],[34.676624712,-10.918092823],[34.675624128,-10.916483874],[34.675675128,-10.916067368],[34.675903417,-10.91547479],[34.676084984,-10.915359953],[34.676131705,-10.914871282],[34.677408908,-10.914071057],[34.677860627,-10.913286619],[34.677962386,-10.912672182],[34.678642395,-10.912409893],[34.678693395,-10.911550167],[34.678346106,-10.910282437],[34.678326677,-10.909609714],[34.678601109,-10.909257567],[34.678705539,-10.908490128],[34.678904684,-10.907602473],[34.679021257,-10.907015966],[34.678953104,-10.906495842],[34.67920753,-10.905691163],[34.67932896,-10.905433731],[34.67919296,-10.904785295],[34.678814097,-10.904107714],[34.67879224,-10.903665709],[34.678375248,-10.902949271],[34.678273247,-10.902451408],[34.678054673,-10.901951116],[34.674856204,-10.898721074],[34.670132752,-10.894365399],[34.669376084,-10.89299126],[34.669029872,-10.89188838],[34.669008458,-10.891203095],[34.669372515,-10.890214429],[34.669661619,-10.889215055],[34.670304074,-10.888387003],[34.669204762,-10.886259765],[34.669072702,-10.885667279],[34.669436761,-10.884814243],[34.670250536,-10.884086127],[34.670536071,-10.883129584],[34.670746654,-10.882851187],[34.670875144,-10.881609108],[34.671000066,-10.881098714],[34.672092239,-10.87988162],[34.674352931,-10.878848179],[34.675165888,-10.878110099],[34.675244331,-10.87730249],[34.675215807,-10.87580137],[34.675961018,-10.873144995],[34.675903969,-10.871700925],[34.676581434,-10.870158802],[34.676545777,-10.869096251],[34.675747082,-10.866737604],[34.675255029,-10.865006503],[34.67544044,-10.863712189],[34.675797,-10.863173783],[34.6759111,-10.862234246],[34.676363932,-10.861485469],[34.676577868,-10.860380131],[34.676570736,-10.859877382],[34.677016437,-10.859470902],[34.676777542,-10.858420831],[34.675422612,-10.85690545],[34.67136852,-10.854008396],[34.669728341,-10.853252488],[34.6694217,-10.852813919],[34.669703383,-10.851986698],[34.669948488,-10.851772839],[34.670145517,-10.851163044],[34.670441463,-10.851013288],[34.670591218,-10.851088166],[34.670783761,-10.850940194],[34.670801589,-10.849681535],[34.671026221,-10.849414115],[34.671161714,-10.849018333],[34.671732212,-10.848729519],[34.671757171,-10.84852628],[34.671881967,-10.848604723],[34.672117297,-10.848326606],[34.671732212,-10.844539934],[34.671589587,-10.842728607],[34.672473857,-10.841288103],[34.673090707,-10.840806746],[34.67502683,-10.840175634],[34.676388891,-10.839159437],[34.677729558,-10.837537087],[34.678342842,-10.836415704],[34.678546082,-10.834779092],[34.678059559,-10.833358846],[34.676777542,-10.831648492],[34.675579499,-10.830364874],[34.675358431,-10.829858558],[34.674951952,-10.829231012],[34.675062486,-10.828348525],[34.675573347,-10.828117387],[34.675864747,-10.827688887],[34.675661507,-10.827025685],[34.675194413,-10.826444492],[34.675411915,-10.826070103],[34.675900403,-10.826141415],[34.67647803,-10.82575633],[34.67647803,-10.825080648],[34.676160692,-10.823996704],[34.676553709,-10.823251857],[34.676656311,-10.822980507],[34.677173323,-10.822745177],[34.677865051,-10.821277931],[34.678232308,-10.821046166],[34.678414154,-10.820539851],[34.678945429,-10.820229643],[34.67939113,-10.819092216],[34.679284162,-10.816164854],[34.679412523,-10.814530024],[34.679776215,-10.813431819],[34.679576541,-10.81193783],[34.679933102,-10.810598945],[34.679526622,-10.809375944],[34.678332145,-10.807600272],[34.677262464,-10.806188293],[34.676210611,-10.803804687],[34.67650299,-10.803348289],[34.67644594,-10.80229287],[34.675739951,-10.800583163],[34.675354952,-10.799273858],[34.675125472,-10.79844773],[34.674226675,-10.797082323],[34.674249623,-10.796914037],[34.674850096,-10.796305916],[34.674842446,-10.794848717],[34.67432994,-10.793716616],[34.673947474,-10.793028176],[34.673825084,-10.790932257],[34.673630027,-10.790656881],[34.673312579,-10.789830753],[34.673499988,-10.789176735],[34.673220787,-10.787983439],[34.673408196,-10.787069342],[34.673434968,-10.786346481],[34.673499988,-10.785581547],[34.67326437,-10.785060405],[34.673630027,-10.784694224],[34.673733292,-10.78417407],[34.673630027,-10.783917817],[34.673825168,-10.783744045],[34.673931589,-10.783204337],[34.674459896,-10.782930681],[34.674741153,-10.782850866],[34.674936734,-10.782347873],[34.675444294,-10.781938682],[34.675588722,-10.781053105],[34.675676677,-10.779215345],[34.677473901,-10.778879067],[34.678465901,-10.777752141],[34.679195648,-10.776554901],[34.679393076,-10.774202385],[34.67940469,-10.772442475],[34.679568123,-10.77197118],[34.67900941,-10.770823349],[34.678473502,-10.770595303],[34.677568921,-10.770139212],[34.677546116,-10.769572898],[34.677713349,-10.769192821],[34.678310069,-10.768976178],[34.678541916,-10.768535289],[34.678655939,-10.766693819],[34.678747158,-10.764768732],[34.67865974,-10.763879354],[34.679568123,-10.763187615],[34.681115033,-10.762490175],[34.682213454,-10.761300535],[34.682502312,-10.760441563],[34.682228657,-10.759105594],[34.681023815,-10.756418455],[34.680753961,-10.754193108],[34.681122635,-10.751329232],[34.680077425,-10.749166598],[34.679712551,-10.748642092],[34.679727754,-10.748224008],[34.678967601,-10.746935549],[34.67629607,-10.744651181],[34.675486102,-10.743938648],[34.675459497,-10.74295805],[34.674524509,-10.741739906],[34.67379258,-10.740975367],[34.673616126,-10.740725102],[34.673243651,-10.740018159],[34.672973797,-10.739162988],[34.672817966,-10.738969149],[34.672817966,-10.73867649],[34.672586119,-10.738104475],[34.672627928,-10.73778141],[34.671685338,-10.736823618],[34.671506702,-10.736394132],[34.669978795,-10.735018255],[34.668690337,-10.733653781],[34.667853369,-10.732870539],[34.667921184,-10.732620696],[34.667432205,-10.732235223],[34.6671895,-10.732199531],[34.666372155,-10.731093081],[34.666100896,-10.730807547],[34.665447734,-10.730420289],[34.665269274,-10.730074078],[34.665315674,-10.729867064],[34.663863013,-10.728382281],[34.663673846,-10.728353728],[34.663581047,-10.728125299],[34.660879169,-10.726749376],[34.660778,-10.726890285],[34.660415175,-10.72681719],[34.65946377,-10.725861432],[34.659190942,-10.725746433],[34.65866627,-10.725207484],[34.657745419,-10.724065344],[34.65685669,-10.722552007],[34.656649677,-10.722341424],[34.656189251,-10.722034474],[34.655100648,-10.720319477],[34.654261888,-10.719095245],[34.653876415,-10.718984599],[34.653423128,-10.718950692],[34.653398144,-10.71829753],[34.653465958,-10.718126209],[34.653080859,-10.717969611],[34.652802089,-10.717358833],[34.652555815,-10.717273173],[34.652455877,-10.716955514],[34.652148927,-10.716570041],[34.651435089,-10.715415408],[34.65045713,-10.714669447],[34.65010378,-10.714194745],[34.649704031,-10.713091865],[34.649379234,-10.71310971],[34.649557694,-10.712354826],[34.649604093,-10.711612435],[34.649161514,-10.711062779],[34.648815302,-10.71110204],[34.648679673,-10.71083435],[34.648936654,-10.710445309],[34.649247174,-10.710231157],[34.649589826,-10.709781297],[34.649754,-10.709429874],[34.650121626,-10.709108647],[34.650492822,-10.709333506],[34.650692697,-10.70966544],[34.651642102,-10.709205014],[34.653048363,-10.707445404],[34.653351745,-10.706510275],[34.653362452,-10.705507332],[34.653162577,-10.704913062],[34.653319622,-10.704120702],[34.653655125,-10.704060025],[34.653694386,-10.703135604],[34.654311857,-10.702446751],[34.654561701,-10.701906018],[34.655304092,-10.701870326],[34.655657442,-10.70163119],[34.656274912,-10.700556864],[34.65659257,-10.699677058],[34.657099395,-10.699223771],[34.656978043,-10.69783357],[34.656556878,-10.696709276],[34.656422759,-10.695856241],[34.656878105,-10.694844373],[34.658266521,-10.692952701],[34.658694824,-10.692099665],[34.658612733,-10.691667792],[34.658694824,-10.691202013],[34.658455689,-10.691098506],[34.65858061,-10.690795125],[34.658544918,-10.690256177],[34.659758443,-10.689299633],[34.659908349,-10.688350229],[34.659654936,-10.687409747],[34.658816176,-10.686099854],[34.658883991,-10.686039177],[34.658337904,-10.685127249],[34.657255369,-10.683906585],[34.656948419,-10.683331946],[34.65411805,-10.68159018],[34.653714731,-10.681233261],[34.653704023,-10.680872773],[34.653350673,-10.680801389],[34.653325689,-10.680944156],[34.653033016,-10.68079782],[34.653058,-10.680408777],[34.653161506,-10.680373086],[34.65301517,-10.679998321],[34.65265825,-10.679712785],[34.652406558,-10.679098884],[34.652229947,-10.679052485],[34.651769521,-10.677533794],[34.652094318,-10.676852078],[34.65301517,-10.676223901],[34.653397073,-10.675856273],[34.654693761,-10.675042499],[34.655111355,-10.674228723],[34.655261262,-10.673081227],[34.654847235,-10.670868329],[34.65478299,-10.669940339],[34.652966272,-10.667493659],[34.650880793,-10.665759031],[34.64709745,-10.663492595],[34.646483549,-10.662864417],[34.646504964,-10.662507498],[34.646926129,-10.662032795],[34.647118865,-10.661518832],[34.64634435,-10.660448074],[34.643817363,-10.658365451],[34.642553869,-10.657683735],[34.642407532,-10.657626628],[34.642325441,-10.656216798],[34.642357564,-10.654919396],[34.642146981,-10.65419842],[34.642618115,-10.653941438],[34.642871527,-10.653884331],[34.642832266,-10.653659472],[34.64334623,-10.653042002],[34.643499705,-10.651990875],[34.643077811,-10.650285169],[34.643735271,-10.649560255],[34.644688246,-10.648626912],[34.645452053,-10.646960099],[34.645498453,-10.64569839],[34.644127136,-10.643999553],[34.642143454,-10.642678273],[34.638169831,-10.64091032],[34.636324559,-10.640349957],[34.63610062,-10.640620352],[34.635896052,-10.64081687],[34.635365147,-10.640431913],[34.635376221,-10.640257375],[34.635011097,-10.639925223],[34.635150079,-10.638918756],[34.6357804,-10.638100528],[34.635732829,-10.637675001],[34.635885057,-10.636965949],[34.6357471,-10.636126314],[34.634974065,-10.635141586],[34.632897572,-10.633700172],[34.626691802,-10.629998992],[34.626163812,-10.629559257],[34.625865383,-10.629183154],[34.625477016,-10.628291954],[34.625043679,-10.627879059],[34.624467262,-10.627384402],[34.621331709,-10.625642882],[34.620254248,-10.625085642],[34.62012873,-10.62481756],[34.620203111,-10.624485943],[34.619645252,-10.623446156],[34.619268697,-10.622032913],[34.618816211,-10.621321643],[34.618250604,-10.621062859],[34.618157628,-10.621089202],[34.61799182,-10.620831967],[34.61787095,-10.62081957],[34.617777974,-10.620235368],[34.61759667,-10.619837119],[34.617474251,-10.619785981],[34.617370427,-10.619369137],[34.617485098,-10.618699706],[34.616955663,-10.618416645],[34.616849758,-10.618430074],[34.616815667,-10.617884612],[34.61660492,-10.617579339],[34.616739736,-10.617185739],[34.61656773,-10.616933153],[34.616590974,-10.616697612],[34.616507295,-10.616409385],[34.616637462,-10.616186241],[34.616900896,-10.615634581],[34.617181375,-10.615298316],[34.617965476,-10.615140256],[34.619846701,-10.615433132],[34.620778015,-10.614684671],[34.621741901,-10.613419258],[34.622609652,-10.612978552],[34.622923579,-10.611346557],[34.622879284,-10.609305981],[34.623786517,-10.608403486],[34.623812148,-10.607596763],[34.623426296,-10.60673673],[34.623982605,-10.606276497],[34.624831791,-10.604953131],[34.625132415,-10.604179877],[34.624724868,-10.603084304],[34.624111223,-10.601229422],[34.624374656,-10.599833225],[34.624339015,-10.599139001],[34.624937164,-10.598175145],[34.625011545,-10.597477821],[34.625172704,-10.597104365],[34.623786239,-10.595274335],[34.620109744,-10.592383258],[34.61541832,-10.589751175],[34.610819545,-10.587712891],[34.610617401,-10.587809751],[34.610322608,-10.587447576],[34.610318396,-10.587291757],[34.608781259,-10.586512661],[34.608414874,-10.586558985],[34.608221153,-10.58632315],[34.607972683,-10.586158909],[34.607976895,-10.585982033],[34.607673518,-10.586026555],[34.607585241,-10.585855692],[34.60726518,-10.585859904],[34.607294659,-10.585649338],[34.603462347,-10.583846887],[34.603087538,-10.583240455],[34.601786236,-10.582701404],[34.601445118,-10.582495049],[34.601234552,-10.582223418],[34.600922913,-10.58200864],[34.600708135,-10.581170585],[34.598636159,-10.580298839],[34.591350555,-10.576952936],[34.591220004,-10.576721313],[34.589164873,-10.57585799],[34.58896694,-10.575390531],[34.58836472,-10.575028357],[34.588095195,-10.574864115],[34.587918319,-10.574573533],[34.587168702,-10.574226098],[34.587193969,-10.573889191],[34.586423296,-10.573345929],[34.583723831,-10.571951979],[34.583625542,-10.57122901],[34.583353234,-10.570873878],[34.583298487,-10.570530654],[34.58227559,-10.569609239],[34.582043509,-10.568989306],[34.581361274,-10.568294436],[34.581146496,-10.567165799],[34.580902238,-10.566420393],[34.580796956,-10.565700255],[34.580392667,-10.565220164],[34.580380033,-10.564938004],[34.578809206,-10.562960783],[34.578244888,-10.562236434],[34.577419467,-10.560922499],[34.576943586,-10.559777016],[34.575002162,-10.557125982],[34.574618931,-10.555563578],[34.574867399,-10.554529696],[34.574766328,-10.553645316],[34.574951626,-10.553363156],[34.574572606,-10.551901825],[34.573995654,-10.550821617],[34.574109359,-10.550644741],[34.574303081,-10.550691066],[34.574732636,-10.549600331],[34.575086388,-10.549372919],[34.575836006,-10.547271465],[34.576345577,-10.54681664],[34.576501396,-10.546846119],[34.576463494,-10.547477819],[34.576775132,-10.547911587],[34.577061504,-10.547894741],[34.577103617,-10.547991602],[34.576821457,-10.548160056],[34.576316098,-10.548214803],[34.575267476,-10.549520316],[34.575376971,-10.549794052],[34.575334857,-10.550046733],[34.575751779,-10.550126748],[34.575739145,-10.550415224],[34.575579114,-10.550461549],[34.575958134,-10.551053241],[34.576215026,-10.550737391],[34.576177124,-10.550560515],[34.575894964,-10.550699489],[34.575899176,-10.550379428],[34.576307675,-10.550097268],[34.576535087,-10.550046733],[34.576678272,-10.550396273],[34.576901473,-10.550114114],[34.576952008,-10.549760362],[34.577133096,-10.549642444],[34.576964643,-10.548892827],[34.577238145,-10.548326],[34.577423678,-10.548202168],[34.577520538,-10.547096694],[34.577726894,-10.54670504],[34.577659512,-10.546481839],[34.577844811,-10.546414458],[34.577701626,-10.545921732],[34.577832178,-10.545597459],[34.5776174,-10.54540795],[34.578063801,-10.545264764],[34.57803011,-10.545012084],[34.5778406,-10.545037352],[34.577882713,-10.544590952],[34.577491059,-10.544725714],[34.577569806,-10.544449455],[34.577385776,-10.544026632],[34.577006756,-10.543820277],[34.576682483,-10.543599183],[34.576442437,-10.543641295],[34.576198181,-10.543333868],[34.57638769,-10.543039075],[34.576206603,-10.54276955],[34.576463494,-10.542323148],[34.577090982,-10.541577742],[34.577065715,-10.541308217],[34.576914107,-10.541249259],[34.576867782,-10.540406992],[34.576551932,-10.539453126],[34.575587537,-10.538059175],[34.572349023,-10.535698722],[34.570559206,-10.534860667],[34.570201243,-10.534452168],[34.568567246,-10.533188768],[34.568617781,-10.532557068],[34.568748333,-10.532401249],[34.568654441,-10.532260124],[34.568891834,-10.531662769],[34.568322264,-10.530937051],[34.568710775,-10.530958141],[34.569471514,-10.530464212],[34.568961284,-10.529569426],[34.569051549,-10.52911641],[34.569266327,-10.528851096],[34.569405301,-10.528126747],[34.569969621,-10.526675943],[34.571308823,-10.524368132],[34.572525899,-10.523157374],[34.572563801,-10.521978201],[34.572551166,-10.520697957],[34.572226894,-10.51965144],[34.572044335,-10.519178706],[34.572167937,-10.518590184],[34.571970003,-10.517541563],[34.572294275,-10.517103584],[34.5723406,-10.516695085],[34.57215109,-10.516076019],[34.572028961,-10.516059174],[34.572172147,-10.515739112],[34.572113188,-10.515595927],[34.571970003,-10.51563804],[34.571957368,-10.514726287],[34.572100555,-10.514616792],[34.572062652,-10.514465185],[34.572243739,-10.514313576],[34.571965791,-10.513766103],[34.5723406,-10.513374449],[34.572521687,-10.513264955],[34.572496419,-10.5126501],[34.572799635,-10.51236794],[34.573090217,-10.512031034],[34.573481871,-10.511959441],[34.573810355,-10.511496195],[34.574088303,-10.51083291],[34.574858977,-10.510693936],[34.576265563,-10.508891486],[34.579226129,-10.505848798],[34.580157143,-10.504891659],[34.580506195,-10.504444055],[34.580745244,-10.504458957],[34.581204214,-10.504029966],[34.581383536,-10.504156771],[34.581584843,-10.503470707],[34.582419355,-10.502710852],[34.582703825,-10.502326777],[34.583381982,-10.501867313],[34.583516254,-10.501753991],[34.583553569,-10.501844856],[34.584048104,-10.501546922],[34.589939758,-10.495568936],[34.592302316,-10.492553621],[34.593540448,-10.490262657],[34.594458518,-10.48735052],[34.594921764,-10.485569126],[34.59550714,-10.483941446],[34.595688227,-10.482160053],[34.595014414,-10.48011124],[34.593957369,-10.478186661],[34.593746803,-10.477967672],[34.592904536,-10.475253467],[34.591649559,-10.47390163],[34.590436696,-10.472488727],[34.587690908,-10.470071423],[34.587299253,-10.469443934],[34.587345578,-10.468856454],[34.587956221,-10.467976285],[34.588137307,-10.466957142],[34.58833103,-10.466544432],[34.588541596,-10.466527586],[34.588722685,-10.466085397],[34.589051167,-10.465929578],[34.590571458,-10.464567211],[34.591249482,-10.463442786],[34.591885394,-10.462966905],[34.591839069,-10.462394164],[34.591481106,-10.461450825],[34.591451627,-10.460120045],[34.59105155,-10.458894547],[34.590104,-10.457456377],[34.588044658,-10.455645504],[34.58214037,-10.452769163],[34.581736082,-10.452971308],[34.580948563,-10.454104156],[34.580586389,-10.454580036],[34.580169467,-10.454963267],[34.580017858,-10.455022226],[34.579407216,-10.455245427],[34.578607062,-10.455552854],[34.578261733,-10.455620235],[34.578034321,-10.456007678],[34.577491059,-10.456214034],[34.57698991,-10.456988918],[34.575713877,-10.458024907],[34.574698946,-10.458441828],[34.574147261,-10.458715564],[34.572980722,-10.459599945],[34.572490506,-10.460156237],[34.571868931,-10.460326399],[34.571258287,-10.46004424],[34.570738303,-10.458422767],[34.570618165,-10.457786966],[34.570504458,-10.456595159],[34.570146496,-10.455481261],[34.570453923,-10.451811085],[34.569417935,-10.449587501],[34.568680952,-10.448837884],[34.5685383,-10.447610908],[34.568470385,-10.446869086],[34.568120845,-10.445753084],[34.567914489,-10.444995043],[34.567737613,-10.444319124],[34.567510202,-10.443308405],[34.566726894,-10.44231032],[34.566440523,-10.441632295],[34.565817246,-10.440312042],[34.564932867,-10.439351859],[34.564355913,-10.437823144],[34.563720004,-10.435765908],[34.562898792,-10.434607792],[34.562380799,-10.433757103],[34.56213233,-10.433352815],[34.559849789,-10.432411583],[34.559744505,-10.432449484],[34.55947919,-10.431122914],[34.558716939,-10.42789914],[34.559365484,-10.426260931],[34.559681334,-10.425966138],[34.559719236,-10.423403542],[34.559685546,-10.421411582],[34.559672911,-10.42044087],[34.559710813,-10.419181681],[34.560081413,-10.41860894],[34.559963494,-10.417766673],[34.559849789,-10.416379039],[34.560325668,-10.415225134],[34.560098256,-10.414361811],[34.559651855,-10.413393205],[34.559588685,-10.411689721],[34.55957184,-10.410817974],[34.559946648,-10.410262079],[34.560241441,-10.409365065],[34.560831028,-10.408983939],[34.561148373,-10.408970699],[34.56181648,-10.40772054],[34.561471151,-10.406933021],[34.560784704,-10.406608748],[34.560094045,-10.406789835],[34.55976135,-10.405711734],[34.559769772,-10.404673641],[34.559837154,-10.403961925],[34.560123525,-10.403557638],[34.56035515,-10.402214222],[34.561355021,-10.400398881],[34.562262881,-10.400013802],[34.562523983,-10.39934841],[34.564237996,-10.397924981],[34.564478042,-10.397217477],[34.564541212,-10.396752124],[34.564827582,-10.396646841],[34.565817246,-10.395059169],[34.565581411,-10.394280072],[34.565721647,-10.393466996],[34.565543509,-10.393286197],[34.565619314,-10.392761886],[34.564564335,-10.391216101],[34.56488233,-10.390921534],[34.564831794,-10.390134015],[34.564806526,-10.389346496],[34.565029727,-10.388476856],[34.5649455,-10.38712923],[34.565758289,-10.385705799],[34.566166812,-10.384848339],[34.566516327,-10.382873678],[34.566608977,-10.381997721],[34.566710048,-10.381094391],[34.566945882,-10.380218433],[34.566752161,-10.379818356],[34.567013264,-10.378862384],[34.566857447,-10.378100133],[34.566806908,-10.377822185],[34.567118548,-10.376558785],[34.566756373,-10.375598601],[34.567004841,-10.373459244],[34.567539681,-10.371393585],[34.568390372,-10.370222835],[34.567889221,-10.369502698],[34.567876587,-10.368334053],[34.568335623,-10.367319121],[34.568899941,-10.366716901],[34.569093662,-10.366615829],[34.569573755,-10.366358938],[34.5695906,-10.365992552],[34.569556909,-10.364748104],[34.569700094,-10.36413746],[34.570723448,-10.362949864],[34.571536235,-10.361644351],[34.571679421,-10.36137272],[34.57180576,-10.360997912],[34.571935484,-10.360559319],[34.571864719,-10.360252506],[34.572201626,-10.359566059],[34.571932101,-10.358487957],[34.571612039,-10.358058401],[34.571868931,-10.357645691],[34.572071075,-10.356460201],[34.572622759,-10.355651625],[34.572530109,-10.354897797],[34.572294275,-10.354628271],[34.572635393,-10.353840752],[34.572585303,-10.352471266],[34.57322498,-10.351682444],[34.573022835,-10.351008631],[34.573064949,-10.350170576],[34.573203923,-10.349770499],[34.572976511,-10.349534665],[34.572601703,-10.349008248],[34.572576434,-10.348452352],[34.573789298,-10.346995231],[34.574218854,-10.346369848],[34.575019007,-10.345266479],[34.575545424,-10.344992742],[34.57528011,-10.344483171],[34.574968471,-10.344120997],[34.575035853,-10.343303998],[34.574698946,-10.343223982],[34.574336771,-10.343489297],[34.573848256,-10.343148179],[34.573393432,-10.343000782],[34.573561886,-10.342120614],[34.574159897,-10.341038302],[34.574383096,-10.340019158],[34.574568395,-10.339741211],[34.574530493,-10.339547489],[34.575907599,-10.338627314],[34.576412958,-10.337494465],[34.577225745,-10.33738497],[34.577575286,-10.336883821],[34.577545806,-10.33640373],[34.578560738,-10.334085391],[34.578960814,-10.333276815],[34.57970622,-10.33246824],[34.58005155,-10.331339603],[34.580455839,-10.330848982],[34.581394966,-10.329303423],[34.581584475,-10.328696991],[34.581963494,-10.327917895],[34.582211963,-10.327197757],[34.582401474,-10.327153985],[34.582460065,-10.326667189],[34.582633096,-10.326509204],[34.582489911,-10.325763799],[34.582649942,-10.325351088],[34.583332178,-10.323365444],[34.583364624,-10.322081248],[34.582885296,-10.321441152],[34.581912907,-10.320818286],[34.581706168,-10.320834597],[34.581595753,-10.321116643],[34.580960671,-10.321478616],[34.580860126,-10.321188186],[34.581205455,-10.319541555],[34.582708536,-10.31728368],[34.58305493,-10.31683382],[34.583100555,-10.316081945],[34.582814185,-10.315850322],[34.583003694,-10.315245995],[34.583138456,-10.314883821],[34.583269007,-10.314614295],[34.583079498,-10.313847833],[34.58340961,-10.312578317],[34.583311121,-10.312239104],[34.583546957,-10.311462113],[34.583593282,-10.310990444],[34.584220799,-10.310386662],[34.584359743,-10.309849173],[34.584094429,-10.309453307],[34.584275516,-10.309065865],[34.585058826,-10.308914257],[34.585673679,-10.309032175],[34.586099023,-10.308396263],[34.585633982,-10.306991072],[34.584730316,-10.305650542],[34.584728627,-10.305142672],[34.584494744,-10.304914059],[34.584556997,-10.303603223],[34.584706313,-10.303438915],[34.584288562,-10.302997917],[34.583872117,-10.302950105],[34.583704465,-10.302606602],[34.583853456,-10.302343998],[34.583279082,-10.301783055],[34.582248276,-10.300334056],[34.582436412,-10.299767454],[34.581776383,-10.299635448],[34.581365266,-10.29899696],[34.581292358,-10.298711405],[34.580893358,-10.298145863],[34.581493515,-10.295356495],[34.581458719,-10.295102031],[34.582057606,-10.29415913],[34.581590824,-10.293564629],[34.581690695,-10.292032259],[34.58096258,-10.290614457],[34.580456944,-10.290432429],[34.58023851,-10.289639592],[34.580339639,-10.289036875],[34.580748191,-10.288688998],[34.580829092,-10.28780717],[34.581156744,-10.287665591],[34.580675379,-10.286771628],[34.581060581,-10.286617414],[34.580825049,-10.285893845],[34.58027896,-10.28586553],[34.579862317,-10.285550013],[34.580028346,-10.284939025],[34.579780455,-10.284086042],[34.580384133,-10.283078467],[34.580404358,-10.282884302],[34.579902768,-10.283025881],[34.57926769,-10.2811793],[34.579150382,-10.280754566],[34.578687679,-10.279896246],[34.57855423,-10.279681245],[34.578620477,-10.279330697],[34.578025191,-10.278828903],[34.577985399,-10.27802009],[34.577944947,-10.277362764],[34.577633476,-10.276808587],[34.577386726,-10.27623823],[34.576727379,-10.275376627],[34.576096344,-10.275417079],[34.575295418,-10.27479009],[34.575012262,-10.274430078],[34.574777646,-10.27407411],[34.573920089,-10.273625107],[34.573030172,-10.273722188],[34.572285875,-10.273216553],[34.571776195,-10.27189381],[34.571242243,-10.271278958],[34.570728518,-10.267745577],[34.570470707,-10.267622636],[34.570057034,-10.267595909],[34.569826464,-10.266892064],[34.569296558,-10.266639247],[34.568981042,-10.266643292],[34.568410685,-10.265886861],[34.567994041,-10.26513852],[34.567852464,-10.265041438],[34.568119439,-10.26443063],[34.568010222,-10.264228377],[34.568014267,-10.26342745],[34.567391324,-10.262788327],[34.567108168,-10.261232992],[34.567625939,-10.259922385],[34.567334693,-10.258826167],[34.5666145,-10.258503042],[34.566113078,-10.258445929],[34.565012815,-10.257592417],[34.564806516,-10.256182705],[34.565122032,-10.25572561],[34.566145438,-10.255300877],[34.566274881,-10.254762881],[34.565534631,-10.253800151],[34.565073491,-10.253573626],[34.565219116,-10.253078103],[34.565142258,-10.252786857],[34.565453729,-10.252455161],[34.565251475,-10.251840308],[34.565117987,-10.251654234],[34.565449684,-10.251662324],[34.565623623,-10.251156688],[34.566238475,-10.249939119],[34.56789696,-10.248901555],[34.568434956,-10.248622444],[34.568511813,-10.247930735],[34.568523947,-10.247344197],[34.56868575,-10.246595857],[34.568503724,-10.246211574],[34.569001268,-10.246308656],[34.569563534,-10.246021455],[34.569543309,-10.245843471],[34.569692977,-10.245807066],[34.56977388,-10.245515819],[34.569163071,-10.244027228],[34.568475408,-10.243104949],[34.56865339,-10.242813704],[34.56911453,-10.243157535],[34.569842645,-10.242886515],[34.57010153,-10.24286629],[34.570716385,-10.242295933],[34.570364461,-10.241759959],[34.569846691,-10.241432307],[34.569490496,-10.240672816],[34.569341054,-10.240239008],[34.568804481,-10.239156958],[34.568579888,-10.238337051],[34.568212476,-10.237664312],[34.568354054,-10.237369021],[34.568026403,-10.23708182],[34.568362144,-10.236810799],[34.567743247,-10.235771213],[34.56743582,-10.234946015],[34.567358964,-10.233451357],[34.567856509,-10.232783918],[34.56783224,-10.23237941],[34.567985951,-10.231970857],[34.567609758,-10.2311942],[34.567763716,-10.230655919],[34.568540128,-10.229760219],[34.56862103,-10.229371891],[34.568495632,-10.229064464],[34.569272288,-10.228388935],[34.570514129,-10.227964202],[34.570567171,-10.22759461],[34.570461543,-10.226530219],[34.570740654,-10.225789969],[34.570489858,-10.225652436],[34.570356371,-10.225664571],[34.570360417,-10.225510858],[34.569798149,-10.225490632],[34.569385551,-10.225175116],[34.568738337,-10.224576444],[34.568584623,-10.22369057],[34.568265062,-10.223340671],[34.568293378,-10.222903802],[34.568536083,-10.222653006],[34.568471361,-10.221961297],[34.568515858,-10.221342399],[34.568370234,-10.220780133],[34.567634029,-10.22040394],[34.566420504,-10.218262068],[34.566092852,-10.217764523],[34.565688344,-10.216753252],[34.565514405,-10.216846289],[34.565037085,-10.216057497],[34.564814606,-10.216025137],[34.564721569,-10.215230278],[34.564430323,-10.214740823],[34.564628532,-10.213943941],[34.565312151,-10.213579884],[34.56551036,-10.213320998],[34.56575711,-10.213462576],[34.566003862,-10.213167285],[34.5658906,-10.212912445],[34.566032176,-10.212799182],[34.566072626,-10.212592883],[34.566586352,-10.21247153],[34.567201205,-10.212758732],[34.567562443,-10.212727803],[34.568155049,-10.212641212],[34.568804481,-10.212143315],[34.569564857,-10.210178785],[34.56937746,-10.2097411],[34.569017449,-10.209514575],[34.568471361,-10.20871567],[34.569078124,-10.208015871],[34.569001268,-10.207255395],[34.568827329,-10.206935834],[34.569405776,-10.206583912],[34.569446228,-10.206252215],[34.568697886,-10.205408814],[34.567229521,-10.204312597],[34.566084987,-10.203749413],[34.565319199,-10.204526025],[34.565196081,-10.204760206],[34.56488895,-10.204896742],[34.564281486,-10.20461704],[34.563917553,-10.203253946],[34.563809271,-10.202710323],[34.563684796,-10.202610202],[34.563768681,-10.202409961],[34.563503999,-10.201905772],[34.563768681,-10.201514287],[34.564011079,-10.201633013],[34.564454593,-10.201216085],[34.564426623,-10.200454473],[34.564381782,-10.200180544],[34.565223159,-10.199869072],[34.565372827,-10.199274445],[34.565033042,-10.198801171],[34.56527979,-10.198340031],[34.565364737,-10.198038672],[34.564980455,-10.197545172],[34.56454763,-10.197504721],[34.564353466,-10.197205385],[34.563694117,-10.197108303],[34.56335433,-10.196513676],[34.563742658,-10.195648028],[34.563455458,-10.195012949],[34.562569584,-10.194442593],[34.561788883,-10.193975385],[34.561364151,-10.192838717],[34.560239616,-10.192147008],[34.560065678,-10.191677777],[34.560296248,-10.190405599],[34.560243662,-10.189709845],[34.559738026,-10.189115218],[34.559604538,-10.188071586],[34.559090812,-10.187606401],[34.558427419,-10.186617378],[34.557970324,-10.18573555],[34.557642672,-10.18546453],[34.557610312,-10.1852825],[34.55727457,-10.184841586],[34.556538367,-10.183615926],[34.556064085,-10.183754252],[34.555450237,-10.183053659],[34.555619953,-10.18258169],[34.555393606,-10.181732939],[34.555532775,-10.181617438],[34.555345065,-10.180907742],[34.554835384,-10.179316002],[34.554787587,-10.178743596],[34.55459005,-10.177758625],[34.553934175,-10.177354015],[34.553233531,-10.176892997],[34.552752389,-10.176735402],[34.552537776,-10.17656939],[34.551862248,-10.176108251],[34.551061321,-10.175200129],[34.550555688,-10.17476326],[34.549884204,-10.173383887],[34.549718353,-10.172534419],[34.549613183,-10.172231038],[34.549876111,-10.171557531],[34.549746668,-10.170861777],[34.548901246,-10.169992084],[34.548630226,-10.169255879],[34.547833345,-10.16843675],[34.547032417,-10.166855122],[34.546564028,-10.166410923],[34.546595548,-10.16558092],[34.546583414,-10.165285629],[34.54666836,-10.165354395],[34.546607684,-10.165024721],[34.546263851,-10.164996406],[34.546146545,-10.164547401],[34.545794622,-10.163491634],[34.545750126,-10.163155893],[34.545891704,-10.162933413],[34.545677314,-10.161663257],[34.545790577,-10.161361898],[34.545454835,-10.160338491],[34.545075879,-10.159452775],[34.545037995,-10.158843933],[34.544829636,-10.158056498],[34.544740339,-10.157428714],[34.544721397,-10.15650598],[34.5442494,-10.156101266],[34.54401074,-10.155862607],[34.543737826,-10.15488804],[34.54327858,-10.154535819],[34.54303992,-10.153449714],[34.542675862,-10.152620472],[34.542048875,-10.152199783],[34.541498743,-10.151451443],[34.541061874,-10.151119746],[34.540664586,-10.150459761],[34.539909025,-10.149799026],[34.539443841,-10.149625087],[34.539374879,-10.149130017],[34.539423615,-10.148597636],[34.538638869,-10.147784574],[34.538319309,-10.147266804],[34.536442389,-10.145881363],[34.535839671,-10.14552135],[34.535196503,-10.144926723],[34.534876943,-10.144862002],[34.534512883,-10.144202653],[34.534039609,-10.143474538],[34.533614875,-10.142920361],[34.533068789,-10.142335847],[34.532544667,-10.141300292],[34.532769452,-10.138687181],[34.531616604,-10.137768947],[34.530200825,-10.13763546],[34.529691144,-10.137793218],[34.52949698,-10.138254357],[34.528882127,-10.138395936],[34.52855043,-10.138517287],[34.528068892,-10.138137894],[34.527684782,-10.1373968],[34.527264094,-10.13714196],[34.526657331,-10.136341032],[34.52636204,-10.135892029],[34.526155741,-10.135859667],[34.526940929,-10.134618258],[34.527309658,-10.134107973],[34.527219475,-10.132974385],[34.527337056,-10.132456108],[34.526822204,-10.13152458],[34.526611012,-10.131324804],[34.526432925,-10.13077228],[34.526302785,-10.130473186],[34.526000267,-10.130433231],[34.525752544,-10.130323639],[34.525787933,-10.129679789],[34.525641811,-10.129561065],[34.525201101,-10.129294497],[34.524788502,-10.128042544],[34.524868964,-10.127796184],[34.524193432,-10.127465586],[34.523821727,-10.126942281],[34.523801502,-10.126056407],[34.523606377,-10.125785864],[34.523285593,-10.125503894],[34.523290159,-10.125188818],[34.523356305,-10.123807936],[34.523534526,-10.123667785],[34.523692284,-10.12218324],[34.523777232,-10.122069978],[34.52298844,-10.120939376],[34.522592022,-10.120915106],[34.520768318,-10.12129881],[34.520193288,-10.120955557],[34.519974853,-10.119847204],[34.519720012,-10.119835069],[34.519695742,-10.118484011],[34.520460263,-10.117389816],[34.520585662,-10.11662934],[34.521116596,-10.116665366],[34.521293311,-10.116396024],[34.521047681,-10.115460227],[34.520955802,-10.114844219],[34.520647643,-10.11430494],[34.520674653,-10.11362991],[34.521584798,-10.113055508],[34.521997394,-10.112513467],[34.522676969,-10.112282898],[34.522830682,-10.111502196],[34.523049116,-10.111105778],[34.523583069,-10.110412046],[34.523769143,-10.11035137],[34.524917945,-10.110638571],[34.525492347,-10.110056078],[34.525997983,-10.109137844],[34.527177747,-10.108383309],[34.527706149,-10.108147323],[34.528154013,-10.107467225],[34.528370499,-10.106834014],[34.528562097,-10.106308511],[34.528803994,-10.105884942],[34.529149103,-10.105837056],[34.529373436,-10.105141075],[34.5297505,-10.104430554],[34.530168604,-10.104171483],[34.530071133,-10.104020145],[34.530604249,-10.103059022],[34.531031016,-10.102727879],[34.532175293,-10.10248745],[34.532422251,-10.102214684],[34.532190902,-10.101902678],[34.531716323,-10.101516639],[34.531730489,-10.10134487],[34.531517991,-10.101369661],[34.531940211,-10.10106588],[34.532607651,-10.100843401],[34.533129465,-10.100362036],[34.533478287,-10.099163221],[34.53391568,-10.098961348],[34.534099845,-10.098994994],[34.534245052,-10.098653226],[34.534770986,-10.098176875],[34.534942754,-10.097659796],[34.535332334,-10.097468548],[34.535796289,-10.097330424],[34.536288576,-10.097137405],[34.53666399,-10.09691074],[34.53681628,-10.096437932],[34.536733052,-10.096101476],[34.536658677,-10.095839395],[34.536511935,-10.095795779],[34.536063682,-10.095024818],[34.536279722,-10.094463469],[34.536044203,-10.094043785],[34.536306284,-10.093517852],[34.536497533,-10.093354937],[34.536093786,-10.09282192],[34.536212431,-10.092600568],[34.536423158,-10.092347341],[34.536653367,-10.091699221],[34.536659747,-10.091377634],[34.536833989,-10.091143184],[34.537859292,-10.090937769],[34.537962,-10.09024715],[34.538186894,-10.089914236],[34.538298455,-10.08925195],[34.538992616,-10.088894245],[34.539159073,-10.088617997],[34.538900534,-10.088180605],[34.539002165,-10.087864493],[34.53858479,-10.087645978],[34.538824943,-10.086511669],[34.538843771,-10.085623849],[34.539084253,-10.085326715],[34.539736329,-10.084996052],[34.540143298,-10.084702387],[34.540761846,-10.084013313],[34.540735254,-10.083527725],[34.541492541,-10.08214611],[34.541867138,-10.081416571],[34.541935351,-10.081222335],[34.542194332,-10.081053535],[34.542032469,-10.080151728],[34.540482054,-10.078382798],[34.539174433,-10.077516832],[34.538664566,-10.07751452],[34.538017114,-10.076712142],[34.537709577,-10.07648091],[34.537160673,-10.075942739],[34.537480207,-10.075114205],[34.537500002,-10.074709836],[34.538486889,-10.074181045],[34.539114652,-10.074198011],[34.539521849,-10.074231944],[34.540073264,-10.073346856],[34.540293827,-10.07245894],[34.540176001,-10.070616512],[34.540050604,-10.070394033],[34.540244767,-10.069439393],[34.54060478,-10.068682963],[34.540426796,-10.066909193],[34.539617781,-10.06578466],[34.53674577,-10.062793321],[34.536478794,-10.062133972],[34.53652329,-10.061300684],[34.536226237,-10.060999227],[34.53628463,-10.060548299],[34.536677006,-10.060398631],[34.536316991,-10.060089182],[34.535532245,-10.059603772],[34.535261224,-10.058693628],[34.535164144,-10.058212263],[34.534707123,-10.057908712],[34.53470705,-10.0576055],[34.534363217,-10.057354706],[34.533792861,-10.056410178],[34.533845445,-10.055860047],[34.533307451,-10.055322051],[34.53305741,-10.054640395],[34.533084969,-10.054379547],[34.532340673,-10.054157067],[34.531895715,-10.05310939],[34.531746046,-10.052334757],[34.531106923,-10.052067781],[34.530900624,-10.051323486],[34.530585108,-10.05126281],[34.529602152,-10.049980518],[34.529577881,-10.049749949],[34.530281726,-10.049313079],[34.530301952,-10.048595077],[34.529941939,-10.048101577],[34.529351357,-10.048073261],[34.528655602,-10.047709203],[34.527652424,-10.046940637],[34.527179147,-10.045808014],[34.52707802,-10.044972705],[34.527126561,-10.044612692],[34.526305409,-10.043957388],[34.525698646,-10.042873306],[34.523746954,-10.04201318],[34.523376768,-10.041297746],[34.523036981,-10.040933689],[34.522984397,-10.040335016],[34.522798322,-10.039647351],[34.52202164,-10.038632019],[34.521669742,-10.038259888],[34.52148923,-10.037325716],[34.520711058,-10.03595419],[34.519549852,-10.035546827],[34.519202242,-10.035290796],[34.519052574,-10.034987415],[34.518267827,-10.035007641],[34.517430497,-10.03403682],[34.517284872,-10.034014573],[34.517373865,-10.033949851],[34.517139249,-10.033812319],[34.517094754,-10.032736326],[34.517296841,-10.032533254],[34.517143297,-10.031919219],[34.516657886,-10.031911129],[34.516382819,-10.032028436],[34.515952294,-10.031851462],[34.515306826,-10.031150654],[34.515145025,-10.030729964],[34.514247014,-10.029740941],[34.514218698,-10.029401155],[34.514303646,-10.028304937],[34.5139315,-10.026877022],[34.513324735,-10.025560347],[34.513316645,-10.024302326],[34.513850596,-10.023513535],[34.513450132,-10.023088802],[34.512887866,-10.02324656],[34.512556169,-10.023036216],[34.511807829,-10.02323847],[34.511427591,-10.023036216],[34.511273877,-10.023068576],[34.510938136,-10.022265627],[34.510100803,-10.022018877],[34.509364599,-10.0211775],[34.509239201,-10.020323986],[34.508911549,-10.020020605],[34.508854918,-10.019729359],[34.508203659,-10.019539241],[34.50775061,-10.019769811],[34.50756934,-10.019672357],[34.507338011,-10.019324851],[34.507309695,-10.018845509],[34.506872826,-10.018392459],[34.506019314,-10.017486361],[34.505780654,-10.017037356],[34.505424687,-10.016677343],[34.505060629,-10.016725885],[34.504813879,-10.016592397],[34.504563084,-10.015896643],[34.504316333,-10.015779335],[34.504231387,-10.015587194],[34.504518588,-10.015267632],[34.504627806,-10.013916574],[34.505013182,-10.013150472],[34.505420644,-10.012889123],[34.505667392,-10.011930438],[34.505570309,-10.011372217],[34.505796834,-10.0110567],[34.506978,-10.010021159],[34.507374417,-10.00932945],[34.506978,-10.007689168],[34.507034631,-10.006508003],[34.506739339,-10.005978097],[34.506909233,-10.004736257],[34.506213478,-10.003336658],[34.50607999,-10.002681354],[34.505295244,-10.002066501],[34.504720842,-10.001194786],[34.502317557,-10.000283631],[34.501784111,-9.997562301],[34.501844788,-9.996563165],[34.500878501,-9.995253212],[34.500404738,-9.994791419],[34.500166078,-9.9940451],[34.500611632,-9.992634167],[34.500780932,-9.991998288],[34.499927418,-9.989569216],[34.498964688,-9.988553899],[34.498463098,-9.988242428],[34.498127356,-9.987401051],[34.497290023,-9.986687094],[34.496836974,-9.985635371],[34.495894469,-9.985182322],[34.495712442,-9.985008383],[34.49568008,-9.984438027],[34.495404558,-9.984377521],[34.495336248,-9.984130601],[34.495130651,-9.983919379],[34.493899939,-9.982635575],[34.492873469,-9.981957393],[34.492499352,-9.980529534],[34.491596371,-9.979405918],[34.491193863,-9.978603622],[34.490828099,-9.97823137],[34.486225165,-9.977672216],[34.485221218,-9.976893763],[34.484155912,-9.97504638],[34.483956438,-9.973839056],[34.483427444,-9.973357145],[34.480896559,-9.973001454],[34.47984483,-9.972515121],[34.479109353,-9.971431695],[34.478502179,-9.969835454],[34.47816488,-9.969533865],[34.476701466,-9.967335641],[34.476476167,-9.966832596],[34.475620173,-9.966266623],[34.474038817,-9.965971163],[34.473071035,-9.965202936],[34.472595893,-9.964711754],[34.471487615,-9.9626655],[34.470352756,-9.961366927],[34.46949987,-9.959766027],[34.469384544,-9.9588366],[34.468949277,-9.958449109],[34.467932352,-9.958065525],[34.467268934,-9.957382919],[34.466814296,-9.956446267],[34.465876152,-9.955829407],[34.465428337,-9.955749334],[34.463356354,-9.954893785],[34.462584598,-9.954746599],[34.461633301,-9.954243587],[34.460911307,-9.953254392],[34.458502036,-9.951634032],[34.457177425,-9.949455525],[34.456712575,-9.94859723],[34.45389327,-9.946268797],[34.453173557,-9.944908265],[34.452700578,-9.942815724],[34.452548844,-9.941355688],[34.452497805,-9.938382666],[34.452308678,-9.937470111],[34.452129526,-9.937403145],[34.452144115,-9.937168186],[34.450810497,-9.935644226],[34.449598373,-9.934617426],[34.448556546,-9.932758587],[34.44819831,-9.932245488],[34.447716882,-9.93048585],[34.446634906,-9.929175196],[34.443588603,-9.926518941],[34.441001269,-9.922484015],[34.440393623,-9.920129777],[34.440118133,-9.919613707],[34.439411215,-9.919016028],[34.438918568,-9.91788607],[34.435768225,-9.91324643],[34.4348458,-9.911821224],[34.4342386,-9.911344752],[34.432806455,-9.908606748],[34.432635949,-9.907775262],[34.432110946,-9.907163346],[34.431413281,-9.905799275],[34.430631786,-9.904907188],[34.429783638,-9.904484786],[34.427654891,-9.901680564],[34.427054264,-9.901418297],[34.425941502,-9.900136009],[34.425339387,-9.898681958],[34.424228034,-9.897970827],[34.423877682,-9.897219707],[34.422831382,-9.896160648],[34.422569052,-9.895377898],[34.422660345,-9.895201863],[34.422038414,-9.894732816],[34.420991331,-9.89331915],[34.420386778,-9.892903372],[34.420032151,-9.892181294],[34.419884318,-9.891849434],[34.419925188,-9.891418266],[34.419418762,-9.89094007],[34.4185115,-9.889366501],[34.418128669,-9.888976698],[34.417678842,-9.887932181],[34.417095993,-9.887127378],[34.416528067,-9.886565314],[34.416223956,-9.885623699],[34.416043195,-9.885455216],[34.416073017,-9.88515702],[34.415693486,-9.884860384],[34.414718325,-9.884463972],[34.414384427,-9.883745409],[34.414066816,-9.882975914],[34.413121213,-9.882533233],[34.412942436,-9.882169919],[34.412960102,-9.881830478],[34.412730311,-9.881554006],[34.41156445,-9.880983053],[34.410668376,-9.880830657],[34.410324298,-9.880028167],[34.408885754,-9.878269992],[34.408895835,-9.877533133],[34.407867516,-9.876798661],[34.407540352,-9.876745025],[34.407317329,-9.876418006],[34.406045771,-9.875616617],[34.405661907,-9.874980572],[34.404292234,-9.873826479],[34.403862699,-9.87312326],[34.403079538,-9.872626052],[34.402152678,-9.872145457],[34.401451123,-9.871042615],[34.400391723,-9.869898347],[34.4002435,-9.868742909],[34.399468277,-9.868420947],[34.399121956,-9.867923773],[34.398290437,-9.866946622],[34.397977361,-9.866202958],[34.395758456,-9.86419607],[34.39456962,-9.862508445],[34.394162766,-9.861694029],[34.393120992,-9.860675811],[34.39277529,-9.860622412],[34.392837378,-9.860484308],[34.392253023,-9.860131882],[34.391968497,-9.860115663],[34.391719734,-9.859754815],[34.391082828,-9.859372928],[34.390922904,-9.859147764],[34.391031779,-9.859019201],[34.390791646,-9.858812854],[34.390516492,-9.857975665],[34.389962262,-9.857422041],[34.389903801,-9.856414332],[34.389408609,-9.85631603],[34.38938683,-9.85582875],[34.388886456,-9.855578556],[34.388532556,-9.855071246],[34.388403315,-9.854978864],[34.388660369,-9.854135907],[34.38846658,-9.853597605],[34.388267064,-9.852436338],[34.387176486,-9.851715843],[34.386769372,-9.850903035],[34.386270308,-9.85047007],[34.386073699,-9.849731226],[34.385646972,-9.849614183],[34.385565713,-9.8491546],[34.385061662,-9.849061514],[34.385026267,-9.849256861],[34.384725383,-9.849301955],[34.384362192,-9.848861865],[34.384109466,-9.848699938],[34.383531713,-9.846898408],[34.383674103,-9.846438482],[34.383122899,-9.845568009],[34.382340368,-9.845066629],[34.381187191,-9.844343739],[34.380608027,-9.844252142],[34.380256813,-9.844424907],[34.379962548,-9.843849185],[34.379966981,-9.84348658],[34.379296758,-9.842403471],[34.379388337,-9.842034036],[34.378446625,-9.841561673],[34.377852087,-9.840525538],[34.378004035,-9.839695736],[34.37787105,-9.839471897],[34.377770865,-9.838454844],[34.377967365,-9.838274288],[34.377618033,-9.837855512],[34.377032838,-9.837732367],[34.376700835,-9.836986171],[34.375334086,-9.835333345],[34.374454907,-9.834771186],[34.374122622,-9.834322548],[34.374122622,-9.833976477],[34.372933123,-9.832515375],[34.372185973,-9.831201932],[34.372321572,-9.830709457],[34.3726064,-9.830433512],[34.372518518,-9.829985282],[34.371996824,-9.829152444],[34.371515429,-9.829007652],[34.370950433,-9.82912961],[34.370199416,-9.827924866],[34.369333737,-9.827067027],[34.36917814,-9.826621329],[34.368863692,-9.826615207],[34.368742516,-9.825929091],[34.366248555,-9.822909178],[34.36593224,-9.822710465],[34.36568745,-9.82168501],[34.365067884,-9.821155272],[34.364811992,-9.820766974],[34.364061344,-9.820450744],[34.362910619,-9.820066564],[34.361959084,-9.818833234],[34.36154993,-9.817853824],[34.36150069,-9.816499762],[34.360925269,-9.815745193],[34.359936748,-9.815005045],[34.358751355,-9.812667178],[34.358544395,-9.812017793],[34.357662976,-9.811366526],[34.35713965,-9.811352445],[34.35702258,-9.811179136],[34.357111767,-9.810831477],[34.355827061,-9.810060797],[34.35540248,-9.809982663],[34.355364806,-9.809289387],[34.354505139,-9.80873079],[34.354338987,-9.808219839],[34.353802525,-9.80771205],[34.353312053,-9.806705074],[34.352893446,-9.806317676],[34.352760574,-9.805708442],[34.352151566,-9.805252413],[34.352177866,-9.804963287],[34.350959364,-9.803145297],[34.349513905,-9.8024408],[34.348784575,-9.802303916],[34.348301747,-9.801497706],[34.348133529,-9.800797799],[34.348232919,-9.800553841],[34.347815462,-9.799739859],[34.347172117,-9.799359334],[34.346854835,-9.799346153],[34.346836441,-9.799484185],[34.345960477,-9.799553612],[34.345604557,-9.80000292],[34.345588784,-9.800420683],[34.34452352,-9.799165194],[34.344426349,-9.798358592],[34.343354907,-9.796734841],[34.343020738,-9.796292787],[34.342956103,-9.795942195],[34.34205773,-9.795306737],[34.341864972,-9.794819415],[34.341110608,-9.794126082],[34.341432979,-9.793385303],[34.341375828,-9.793172953],[34.340852166,-9.79303993],[34.340471715,-9.792393163],[34.340447214,-9.791771019],[34.340020854,-9.791834877],[34.339786903,-9.791613238],[34.339880815,-9.790631849],[34.339604033,-9.790331191],[34.339432922,-9.790535318],[34.338097252,-9.789366335],[34.337637356,-9.788322335],[34.336667203,-9.787428275],[34.336553068,-9.787085869],[34.336129639,-9.786759469],[34.336003323,-9.786195038],[34.335164423,-9.785602109],[34.33470788,-9.784536846],[34.334969455,-9.783353435],[34.335278557,-9.783224289],[34.335830211,-9.782197071],[34.335834184,-9.78080039],[34.336286754,-9.780199702],[34.33634382,-9.779381732],[34.336040529,-9.777332944],[34.336140693,-9.776208402],[34.335259534,-9.774930454],[34.334733415,-9.774183535],[34.334370357,-9.773841796],[34.334275723,-9.773427631],[34.333718707,-9.773218423],[34.332866182,-9.77148413],[34.332991159,-9.770739077],[34.332896506,-9.770197975],[34.332693205,-9.769901531],[34.331320774,-9.769364202],[34.330085398,-9.767873084],[34.329971263,-9.767036092],[34.330009308,-9.766332257],[34.330050548,-9.765475299],[34.33010442,-9.76427782],[34.329895172,-9.763840302],[34.329020135,-9.763593008],[34.328468482,-9.763022332],[34.328069007,-9.761880978],[34.328069007,-9.760910828],[34.327784184,-9.760109899],[34.327688555,-9.758837369],[34.327358467,-9.758317308],[34.327079834,-9.758152556],[34.326903809,-9.75785208],[34.325649334,-9.757581799],[34.324549833,-9.757372632],[34.323696885,-9.756858953],[34.322930594,-9.756552507],[34.322191036,-9.755736691],[34.321007119,-9.752217037],[34.320250867,-9.751347648],[34.317920481,-9.749463179],[34.315628253,-9.74635857],[34.315188556,-9.745695688],[34.313483623,-9.744953463],[34.312641713,-9.744741652],[34.309750204,-9.74137825],[34.309181125,-9.740928592],[34.309174721,-9.740604137],[34.308780132,-9.740404509],[34.308418703,-9.739947967],[34.308217853,-9.739381735],[34.306649605,-9.738768569],[34.305852064,-9.738176182],[34.305282092,-9.738048982],[34.303692225,-9.736592248],[34.303026444,-9.736426224],[34.30235652,-9.736086161],[34.301893428,-9.735517173],[34.300847954,-9.735071474],[34.300029755,-9.73357541],[34.299285934,-9.731675769],[34.298420997,-9.731237051],[34.29743265,-9.729021956],[34.296225243,-9.72784962],[34.296016733,-9.727436284],[34.295373782,-9.726988319],[34.293771112,-9.726443597],[34.292495765,-9.725598762],[34.290917949,-9.72391195],[34.289979836,-9.722992785],[34.288143788,-9.721818521],[34.287157693,-9.721310783],[34.284946361,-9.721069407],[34.284153822,-9.720644647],[34.282084297,-9.718753455],[34.280960615,-9.717536391],[34.278459675,-9.715422521],[34.277953381,-9.71478446],[34.276593962,-9.711889693],[34.276270578,-9.710443978],[34.275395541,-9.708351497],[34.27424799,-9.707473313],[34.272775013,-9.70719899],[34.271193502,-9.705466331],[34.270934189,-9.705025861],[34.270030242,-9.70464608],[34.268965916,-9.703519767],[34.268680577,-9.702739842],[34.267916895,-9.701963882],[34.26548516,-9.701188427],[34.265257384,-9.70091018],[34.265009223,-9.700856609],[34.264956236,-9.700566209],[34.263335238,-9.699639165],[34.263407321,-9.699509935],[34.262954787,-9.698973375],[34.262019161,-9.698578074],[34.261547118,-9.698155405],[34.261515344,-9.697900855],[34.260917515,-9.697277878],[34.260557944,-9.695340066],[34.258956632,-9.693547634],[34.258403353,-9.69352373],[34.257057695,-9.692432385],[34.255678658,-9.691414286],[34.255354239,-9.690721229],[34.2542805,-9.690044661],[34.253039278,-9.689502519],[34.251398582,-9.687419548],[34.250214594,-9.686249781],[34.249614712,-9.685042988],[34.248440044,-9.68449013],[34.246490762,-9.683624548],[34.246331271,-9.682837475],[34.24573027,-9.682307107],[34.24546797,-9.681369427],[34.244536194,-9.680585694],[34.244291144,-9.680269047],[34.243604141,-9.679625227],[34.242809897,-9.678944998],[34.241354671,-9.678003382],[34.240405345,-9.677699],[34.23993399,-9.677248479],[34.238943562,-9.676833494],[34.238705539,-9.676376786],[34.238200172,-9.676264023],[34.237537104,-9.675681571],[34.236361249,-9.674422385],[34.235340003,-9.672961708],[34.23526279,-9.672780766],[34.234832616,-9.672582436],[34.234019178,-9.671241602],[34.233259541,-9.670023011],[34.231829147,-9.66858675],[34.231623554,-9.668327522],[34.231599255,-9.668115509],[34.230915343,-9.66726957],[34.229397767,-9.666369904],[34.228941884,-9.666030226],[34.228908294,-9.665232161],[34.228418381,-9.664787402],[34.227449088,-9.664546369],[34.227234555,-9.663938524],[34.227013897,-9.663753583],[34.226644588,-9.66333068],[34.226430054,-9.663294924],[34.225777515,-9.662293768],[34.225741759,-9.661837884],[34.224123821,-9.660854605],[34.223623241,-9.660336149],[34.223605363,-9.659951777],[34.22256129,-9.659336444],[34.221709787,-9.658212581],[34.221434759,-9.658119952],[34.221069063,-9.657505519],[34.220941918,-9.65733895],[34.22101047,-9.657019146],[34.219471621,-9.655407091],[34.21854861,-9.654475912],[34.218336236,-9.654173687],[34.215841263,-9.652270587],[34.215313987,-9.651772224],[34.215141712,-9.651435288],[34.213827367,-9.650473474],[34.212683518,-9.649574616],[34.212657352,-9.649216523],[34.212292203,-9.648693071],[34.211581101,-9.648325227],[34.211099174,-9.647728945],[34.210266016,-9.647198009],[34.209506368,-9.645809408],[34.209204143,-9.645686885],[34.208803036,-9.645255667],[34.208011869,-9.645245929],[34.205727908,-9.644088078],[34.20510398,-9.643444024],[34.205003346,-9.642155915],[34.20369511,-9.641652747],[34.202779221,-9.641115365],[34.202166882,-9.640687619],[34.201420792,-9.640425018],[34.200716358,-9.639217415],[34.200662032,-9.638782182],[34.20003205,-9.6384526],[34.199788436,-9.638193168],[34.19949016,-9.638243483],[34.199151744,-9.637786916],[34.198174386,-9.637326565],[34.196188803,-9.635280582],[34.195573388,-9.634339227],[34.194617798,-9.633521843],[34.193987123,-9.632963541],[34.193722714,-9.632413169],[34.193187345,-9.631932516],[34.19291871,-9.63158064],[34.192614435,-9.631563519],[34.192232906,-9.63127404],[34.19188261,-9.631245544],[34.189486491,-9.629847852],[34.188289771,-9.628290283],[34.187815641,-9.627944558],[34.18736004,-9.627336712],[34.186373454,-9.626574479],[34.186363397,-9.626133912],[34.185896784,-9.625433542],[34.185188119,-9.624485849],[34.184518493,-9.624303358],[34.1843203,-9.623968456],[34.183716058,-9.623580312],[34.183627851,-9.623374979],[34.183901736,-9.623190532],[34.183285988,-9.622553624],[34.183154588,-9.622672878],[34.182846214,-9.622121864],[34.182467629,-9.621340227],[34.181325487,-9.619864961],[34.179878495,-9.618559336],[34.1797312,-9.618010611],[34.179220197,-9.617484123],[34.178694938,-9.616493672],[34.178686418,-9.616048058],[34.178162348,-9.615572991],[34.177881903,-9.615080977],[34.177942789,-9.614281647],[34.176898205,-9.613676962],[34.175143634,-9.613773548],[34.174746801,-9.614009736],[34.174681111,-9.613526589],[34.172995245,-9.612838636],[34.169573072,-9.610128769],[34.169236796,-9.609925246],[34.168266791,-9.609553285],[34.167165162,-9.608041439],[34.167345698,-9.607637807],[34.166457176,-9.607651069],[34.165771366,-9.607000966],[34.164865643,-9.606768533],[34.164385609,-9.606412379],[34.164509556,-9.606250103],[34.16410688,-9.6062885],[34.163854219,-9.605886418],[34.163379087,-9.605669102],[34.162960993,-9.6045387],[34.162061002,-9.603775676],[34.16087482,-9.603068135],[34.161292439,-9.602559603],[34.160158086,-9.602214971],[34.159554303,-9.601519134],[34.158024121,-9.599636428],[34.157874188,-9.598725551],[34.157336219,-9.59813264],[34.156219318,-9.597775721],[34.156115843,-9.597912794],[34.155394077,-9.597418605],[34.154940858,-9.597442321],[34.154790744,-9.597253512],[34.154880351,-9.597054],[34.154540719,-9.59704121],[34.154001429,-9.597169064],[34.153816503,-9.596577474],[34.153316808,-9.596354652],[34.152809351,-9.596493613],[34.152653102,-9.597483761],[34.152654103,-9.598012153],[34.150832831,-9.596442896],[34.150543121,-9.595557469],[34.150294168,-9.595387879],[34.150161697,-9.595347464],[34.150289633,-9.59489468],[34.150037472,-9.594337126],[34.150215253,-9.593773419],[34.149512798,-9.592982334],[34.149315287,-9.592911454],[34.149023556,-9.59283856],[34.148737042,-9.592866699],[34.148269388,-9.592688797],[34.147491928,-9.592781222],[34.147209215,-9.592620837],[34.147241836,-9.59197386],[34.146793301,-9.591288825],[34.146244187,-9.591316009],[34.145968901,-9.591035451],[34.145564588,-9.591084946],[34.145184013,-9.590568451],[34.145709092,-9.59018413],[34.145439109,-9.589572334],[34.144469076,-9.589144014],[34.144028696,-9.589179353],[34.143648123,-9.589217411],[34.142892409,-9.589323428],[34.142640864,-9.589622303],[34.142237544,-9.589379598],[34.142073361,-9.589393875],[34.141973592,-9.588934698],[34.141671851,-9.588994503],[34.141516902,-9.589024405],[34.141337488,-9.588815089],[34.140989534,-9.588741692],[34.140714977,-9.588983629],[34.140463656,-9.588589022],[34.140489182,-9.587577626],[34.140634397,-9.587464136],[34.140315184,-9.587093744],[34.140088235,-9.586442365],[34.139864229,-9.58601499],[34.139666753,-9.585994358],[34.139186324,-9.585375401],[34.13829031,-9.584871393],[34.137528403,-9.583978603],[34.1370923,-9.58284047],[34.136703131,-9.582192801],[34.13622022,-9.581962709],[34.13577708,-9.580957118],[34.134958971,-9.580227071],[34.134467538,-9.579724275],[34.132783031,-9.579377716],[34.132441058,-9.579505872],[34.131187327,-9.578175906],[34.131381071,-9.578120188],[34.131539951,-9.578304141],[34.131646229,-9.578097231],[34.131426465,-9.577751172],[34.131408617,-9.577372837],[34.131023144,-9.577215793],[34.130584134,-9.57705518],[34.130316444,-9.576705399],[34.129863157,-9.576837459],[34.129324209,-9.576225343],[34.129020828,-9.575639995],[34.129259964,-9.575522212],[34.129113628,-9.57491545],[34.128254801,-9.574108969],[34.127945402,-9.57407706],[34.127882908,-9.573917983],[34.127664532,-9.573928902],[34.12700741,-9.572655602],[34.126465286,-9.571947666],[34.125838437,-9.571563127],[34.125030982,-9.570941025],[34.12497133,-9.570794021],[34.124914567,-9.570901077],[34.124329564,-9.570769878],[34.123984699,-9.570191624],[34.123513566,-9.569872182],[34.122019227,-9.568101834],[34.121178563,-9.567551526],[34.12084058,-9.567525159],[34.120652726,-9.567313621],[34.120380347,-9.567141632],[34.119515703,-9.56649589],[34.118901917,-9.566050531],[34.118520241,-9.565617111],[34.118138363,-9.565383923],[34.117587512,-9.564482169],[34.116018263,-9.563262039],[34.115597344,-9.56271047],[34.115440054,-9.561941438],[34.11501532,-9.561093755],[34.11462271,-9.560222873],[34.114301192,-9.559974457],[34.114297914,-9.559869522],[34.113213484,-9.559158949],[34.112776622,-9.558495567],[34.112585158,-9.557623192],[34.112214365,-9.557375098],[34.11144851,-9.556949023],[34.110743329,-9.556780481],[34.110484448,-9.556374632],[34.109667356,-9.556235753],[34.108987793,-9.555739565],[34.108368909,-9.555437537],[34.107555859,-9.555620911],[34.107051581,-9.555262253],[34.106574269,-9.553803352],[34.105495601,-9.553255927],[34.10521919,-9.553233005],[34.104523448,-9.552650523],[34.104143216,-9.551943994],[34.103707703,-9.551515223],[34.102716675,-9.550112952],[34.102166553,-9.549552043],[34.101145862,-9.548919673],[34.100567425,-9.548697197],[34.10055664,-9.548488205],[34.099882294,-9.548138875],[34.099376703,-9.547792683],[34.099217904,-9.547372528],[34.098485113,-9.546691016],[34.097998792,-9.546133566],[34.097504199,-9.546009504],[34.096473046,-9.545309971],[34.094127546,-9.545881616],[34.092627277,-9.545315399],[34.091773819,-9.544832874],[34.090875481,-9.5429694],[34.090548082,-9.541988584],[34.089238219,-9.540701852],[34.087983707,-9.539061077],[34.087574948,-9.538059672],[34.087223024,-9.537720861],[34.086842679,-9.537268384],[34.086621905,-9.536669453],[34.086536656,-9.536313155],[34.085448089,-9.535351369],[34.084821015,-9.534855789],[34.084267714,-9.534111907],[34.084191055,-9.533716551],[34.083378711,-9.532796737],[34.082940837,-9.532523355],[34.082648921,-9.531990493],[34.081532227,-9.531093894],[34.080611883,-9.529891884],[34.079330544,-9.529203029],[34.078887964,-9.528689066],[34.077588246,-9.527771451],[34.076727115,-9.527165765],[34.075946379,-9.527127801],[34.075451198,-9.526848849],[34.075383523,-9.526594656],[34.07478625,-9.526483787],[34.071331999,-9.527264299],[34.06915495,-9.52708691],[34.068109966,-9.526909521],[34.067593925,-9.526716005],[34.067003703,-9.526448309],[34.067016604,-9.526296722],[34.066500563,-9.526074179],[34.065887764,-9.525616192],[34.06483633,-9.525171107],[34.064823428,-9.525038871],[34.064604111,-9.524993718],[34.06321725,-9.523481072],[34.063226926,-9.522839245],[34.062837731,-9.522034129],[34.062501243,-9.521284671],[34.062430287,-9.520736377],[34.061934442,-9.520016782],[34.061463502,-9.518893356],[34.061249019,-9.517872631],[34.061388218,-9.51739079],[34.060176478,-9.514601467],[34.059569715,-9.512345738],[34.058809477,-9.511617623],[34.058538219,-9.511192889],[34.057214048,-9.510775293],[34.056653685,-9.509979364],[34.056054061,-9.508498149],[34.055679296,-9.507866402],[34.054505032,-9.507252502],[34.052866773,-9.507088319],[34.052581238,-9.506984812],[34.05217435,-9.506749245],[34.051425548,-9.505192844],[34.050900149,-9.503883184],[34.049840099,-9.502512615],[34.049201214,-9.501813054],[34.048323192,-9.501063524],[34.047680738,-9.500249748],[34.047102529,-9.499407419],[34.046634965,-9.499157575],[34.045239411,-9.496962523],[34.044000902,-9.496277237],[34.04264104,-9.496305791],[34.041927201,-9.496005979],[34.040934966,-9.494788884],[34.040528078,-9.494089323],[34.039566341,-9.493552425],[34.038078514,-9.493337655],[34.034741515,-9.493739394],[34.031907515,-9.494340863],[34.028620103,-9.495358884],[34.018487603,-9.499175044],[34.013399408,-9.50141405],[34.006151871,-9.505280627],[34.003739736,-9.506915387],[33.998725904,-9.509890581],[33.993513075,-9.512586767],[33.988583027,-9.515265028],[33.987544886,-9.515956755],[33.98714787,-9.516226502],[33.987197968,-9.516342788],[33.985743895,-9.517858063],[33.984543928,-9.518635979],[33.982314216,-9.51954251],[33.981457386,-9.520022735],[33.979184414,-9.521196875],[33.974868094,-9.524009592],[33.972935287,-9.525500514],[33.970570718,-9.527027662],[33.968281296,-9.5289525],[33.96811986,-9.529277907],[33.967507331,-9.529936442],[33.967143076,-9.530547363],[33.96756671,-9.531667298],[33.96640982,-9.532782379],[33.966599624,-9.5331774],[33.965638976,-9.534502504],[33.96481154,-9.535135172],[33.962341953,-9.537754086],[33.962318278,-9.538010478],[33.962472355,-9.538234374],[33.962356181,-9.538654354],[33.962150547,-9.538722758],[33.960459797,-9.540568601],[33.959993193,-9.541465904],[33.959632888,-9.541884336],[33.959247772,-9.542643639],[33.958402814,-9.543976478],[33.957772771,-9.544814318],[33.957384743,-9.545752914],[33.958069591,-9.54638917],[33.958313588,-9.547461845],[33.958343376,-9.548012164],[33.958565137,-9.548001105],[33.958613272,-9.548422791],[33.958014124,-9.549062078],[33.958063212,-9.549273439],[33.956472425,-9.550887287],[33.955488461,-9.551767198],[33.955167106,-9.552273514],[33.95527503,-9.552891168],[33.954079423,-9.554280737],[33.953752416,-9.554907331],[33.951528478,-9.557027807],[33.950946327,-9.557446875],[33.950933327,-9.557623053],[33.950791147,-9.557665529],[33.949541706,-9.559219017],[33.949933333,-9.560300105],[33.94973477,-9.560644898],[33.949264523,-9.561010613],[33.949174896,-9.56123138],[33.949338617,-9.56134755],[33.949319511,-9.561794483],[33.949489649,-9.561930395],[33.949396438,-9.562336165],[33.948885125,-9.563268517],[33.948715068,-9.563268941],[33.948515884,-9.563886011],[33.948436634,-9.564361568],[33.948059328,-9.564769993],[33.947837101,-9.565103753],[33.947472765,-9.565227705],[33.9468081,-9.566109395],[33.946381246,-9.567427507],[33.946448425,-9.567817559],[33.94655748,-9.568052897],[33.945986564,-9.568988762],[33.946071631,-9.5693439],[33.946300393,-9.569699625],[33.946301321,-9.569885907],[33.946023956,-9.569763413],[33.945848312,-9.570619703],[33.945984297,-9.570929784],[33.945672469,-9.571217024],[33.945167386,-9.57289647],[33.945198831,-9.573106852],[33.945467066,-9.573321414],[33.945344478,-9.57396133],[33.945565507,-9.574127764],[33.945784945,-9.575030061],[33.945913361,-9.575097367],[33.945746866,-9.575321137],[33.945974378,-9.575890212],[33.946222558,-9.575957351],[33.946286277,-9.576371764],[33.947484276,-9.577673938],[33.947348906,-9.579386351],[33.94749992,-9.579619556],[33.947797254,-9.57971693],[33.948213898,-9.579083422],[33.948691082,-9.579163353],[33.9492842,-9.581435091],[33.949017743,-9.582473583],[33.949448968,-9.582719282],[33.950170443,-9.58450287],[33.950377871,-9.585649076],[33.950541716,-9.586180911],[33.951079938,-9.586507934],[33.951722258,-9.587532891],[33.952007748,-9.587841929],[33.952311159,-9.588615654],[33.952507378,-9.589950018],[33.953700322,-9.592279959],[33.953733571,-9.592657626],[33.953458485,-9.594300583],[33.953107123,-9.595946119],[33.953079502,-9.59693476],[33.952764045,-9.59939522],[33.952604489,-9.600147682],[33.952819045,-9.600723805],[33.952312444,-9.602110276],[33.952609962,-9.602843936],[33.952882306,-9.603259022],[33.953018936,-9.604057095],[33.953371088,-9.604226521],[33.953213439,-9.60542198],[33.95353404,-9.605712468],[33.953753123,-9.606148188],[33.953675532,-9.606363212],[33.953799821,-9.606358454],[33.953908595,-9.606774676],[33.954186633,-9.6071689],[33.954316468,-9.608298502],[33.954499975,-9.60860291],[33.955263342,-9.608870831],[33.954804713,-9.608789555],[33.954669678,-9.609364645],[33.954779126,-9.610242714],[33.954986329,-9.611259353],[33.955395302,-9.611355069],[33.955604487,-9.611678002],[33.955494739,-9.611952374],[33.955252149,-9.611996363],[33.955437925,-9.612177689],[33.955904299,-9.6135435],[33.956187455,-9.613618453],[33.956553892,-9.61469278],[33.956859486,-9.614883926],[33.957030336,-9.614778636],[33.957236797,-9.614992592],[33.957356334,-9.615322095],[33.957612555,-9.615199792],[33.958448461,-9.615482332],[33.959268857,-9.615983637],[33.960496084,-9.615815893],[33.960709837,-9.615768345],[33.960534592,-9.616013457],[33.959761267,-9.616400433],[33.959517685,-9.616935024],[33.96018495,-9.617124589],[33.961250948,-9.617249511],[33.962675055,-9.617869955],[33.964049194,-9.618644469],[33.964926755,-9.618742166],[33.965631536,-9.618328001],[33.965914691,-9.61780333],[33.967038987,-9.617795002],[33.967671923,-9.617636768],[33.968102681,-9.617757863],[33.968490734,-9.618418927],[33.968477398,-9.618885041],[33.968003059,-9.620203554],[33.96766216,-9.62085592],[33.966669376,-9.621637497],[33.964148814,-9.623051363],[33.960538945,-9.626144441],[33.957988548,-9.629026661],[33.954019985,-9.634244069],[33.953360481,-9.635040159],[33.95305634,-9.635634223],[33.952743014,-9.636972037],[33.952625802,-9.638318737],[33.953005753,-9.639372193],[33.95324633,-9.641277667],[33.953496175,-9.641641154],[33.954072114,-9.641992335],[33.95424264,-9.64286653],[33.954576114,-9.643196391],[33.955389662,-9.645496974],[33.955410854,-9.646061949],[33.955571736,-9.646335817],[33.955945939,-9.646114752],[33.956195783,-9.646589455],[33.956356104,-9.647584017],[33.956135171,-9.648639163],[33.955911991,-9.652048149],[33.95524682,-9.654742012],[33.954297433,-9.656649003],[33.953924352,-9.65761101],[33.953087789,-9.658681933],[33.952533528,-9.660397493],[33.949694295,-9.665344066],[33.949090639,-9.666469528],[33.949122379,-9.666775754],[33.948282527,-9.668122707],[33.947585312,-9.669842786],[33.947083013,-9.670829777],[33.947265968,-9.671338587],[33.946582835,-9.672500578],[33.94620486,-9.673231868],[33.946344504,-9.673432308],[33.945366068,-9.675056578],[33.94460105,-9.676381409],[33.944307865,-9.67645211],[33.943781512,-9.677066339],[33.943844965,-9.677380431],[33.943167284,-9.67720075],[33.942997652,-9.677411313],[33.942647762,-9.677404568],[33.942409427,-9.678049343],[33.94249168,-9.678309265],[33.942906154,-9.6784195],[33.942733043,-9.678895174],[33.942174749,-9.679584393],[33.942269732,-9.679940884],[33.94237892,-9.679884073],[33.942148246,-9.68061879],[33.942419605,-9.680876376],[33.942680198,-9.680911446],[33.942701632,-9.68117496],[33.942919979,-9.681381655],[33.942832958,-9.681495907],[33.943464624,-9.681893941],[33.943680314,-9.681508398],[33.944273323,-9.681514752],[33.944647861,-9.681514306],[33.945033309,-9.681961509],[33.944552126,-9.683293348],[33.94453097,-9.684581522],[33.944178516,-9.685194998],[33.943515162,-9.686432594],[33.942205169,-9.688278111],[33.940867645,-9.691245367],[33.940643995,-9.692012855],[33.940731325,-9.692237842],[33.940516443,-9.693360931],[33.940475767,-9.694307544],[33.940275296,-9.694581125],[33.940499067,-9.694963552],[33.939801335,-9.699062456],[33.939023213,-9.701546675],[33.93868176,-9.703020752],[33.938788318,-9.70360227],[33.938523526,-9.705465053],[33.938765042,-9.705956412],[33.938323652,-9.707530425],[33.93810712,-9.708796298],[33.938282011,-9.70892122],[33.938173746,-9.709212704],[33.937970326,-9.709371367],[33.938074229,-9.710311444],[33.938620823,-9.710258322],[33.93862258,-9.709796973],[33.938758105,-9.709964905],[33.938945558,-9.709934246],[33.938901288,-9.710269057],[33.939024182,-9.710325091],[33.939021064,-9.712132176],[33.939749787,-9.712625335],[33.939911098,-9.713155648],[33.940013108,-9.713219958],[33.940085392,-9.713018994],[33.940418735,-9.713829723],[33.940584289,-9.715106538],[33.94028033,-9.716849223],[33.940616059,-9.71729308],[33.940841859,-9.717400134],[33.940631184,-9.717536871],[33.940413908,-9.717960478],[33.940181133,-9.717917907],[33.939085727,-9.718628019],[33.938731643,-9.718691538],[33.937465856,-9.718265363],[33.935328391,-9.716726175],[33.934551016,-9.716041757],[33.933751518,-9.713401745],[33.933559971,-9.712065083],[33.932710503,-9.711473787],[33.932577253,-9.71110735],[33.933110252,-9.710149617],[33.933110252,-9.709908101],[33.932927034,-9.709716554],[33.932344066,-9.709841477],[33.931249215,-9.71052079],[33.929803991,-9.710316179],[33.928904555,-9.70938343],[33.928171681,-9.709125258],[33.927197292,-9.709175227],[33.926206246,-9.70907529],[33.925523341,-9.709091947],[33.924748826,-9.708950368],[33.924265796,-9.709458382],[33.923874374,-9.710058007],[33.922458596,-9.710715929],[33.921009504,-9.710507726],[33.920568114,-9.710582679],[33.919635365,-9.71159038],[33.919094038,-9.712689692],[33.917794852,-9.713963892],[33.916237494,-9.714721751],[33.915746136,-9.714671782],[33.915645412,-9.71435626],[33.9163874,-9.712864582],[33.916279135,-9.712464832],[33.915119029,-9.711284337],[33.914646824,-9.710591007],[33.914788403,-9.710232898],[33.91566547,-9.709333093],[33.915657862,-9.708846163],[33.914897032,-9.707900197],[33.913923171,-9.706805871],[33.912989886,-9.705469347],[33.912333036,-9.705327325],[33.911635609,-9.705436378],[33.91200588,-9.70448534],[33.913474281,-9.703483581],[33.913555436,-9.702857164],[33.91207689,-9.702284007],[33.911577279,-9.701769178],[33.91155699,-9.700761079],[33.911392144,-9.700471964],[33.911391183,-9.700315653],[33.909996868,-9.699812624],[33.909449492,-9.699198842],[33.908410905,-9.698435695],[33.90808507,-9.69795742],[33.908499867,-9.697182408],[33.909058933,-9.696655135],[33.908982849,-9.695952636],[33.908587941,-9.695582712],[33.909252682,-9.694306528],[33.909478438,-9.694119429],[33.909259986,-9.693768836],[33.908158652,-9.693739804],[33.907522723,-9.693368347],[33.907410446,-9.693096031],[33.906976795,-9.692999348],[33.905984326,-9.693373559],[33.90539057,-9.693305614],[33.905208337,-9.692862325],[33.905512042,-9.691628886],[33.905387494,-9.691095345],[33.904552286,-9.690525219],[33.904203078,-9.690593483],[33.903943909,-9.691962531],[33.90402908,-9.692688175],[33.903553181,-9.693792921],[33.902493078,-9.694295564],[33.901426269,-9.695379372],[33.901061466,-9.696068392],[33.900129231,-9.696611323],[33.899317361,-9.696266556],[33.89899385,-9.695658108],[33.898921429,-9.695106127],[33.899411161,-9.694488737],[33.900974466,-9.693686365],[33.9012615,-9.693193005],[33.901219139,-9.692618699],[33.900462876,-9.691506549],[33.900133123,-9.69030863],[33.899548289,-9.689686241],[33.898987425,-9.689401559],[33.898684022,-9.688953962],[33.898093997,-9.688956811],[33.897968785,-9.689580383],[33.898294182,-9.690794772],[33.898147495,-9.691279366],[33.897625153,-9.691634963],[33.896648754,-9.691737753],[33.896273028,-9.691790249],[33.895836328,-9.691462063],[33.895903057,-9.69121739],[33.895658383,-9.690828137],[33.894635204,-9.690472249],[33.894056886,-9.689782715],[33.893890538,-9.688947282],[33.893071359,-9.688669579],[33.891522997,-9.689337679],[33.891320994,-9.689204396],[33.891324393,-9.688621648],[33.892167364,-9.688208761],[33.893294542,-9.687777521],[33.893489822,-9.687184074],[33.892789858,-9.686775762],[33.891993524,-9.68667939],[33.891521808,-9.686173438],[33.891524345,-9.684134414],[33.891462897,-9.682914435],[33.891673975,-9.682503702],[33.891385491,-9.68137965],[33.891244713,-9.681238538],[33.890106894,-9.681674822],[33.889346023,-9.682056762],[33.888825629,-9.681816924],[33.888758847,-9.68140036],[33.889721001,-9.680704827],[33.889906476,-9.679997702],[33.889593486,-9.679580382],[33.888685885,-9.679419437],[33.887611218,-9.679209432],[33.886930049,-9.678821422],[33.886005822,-9.67894284],[33.885329952,-9.68013141],[33.884910233,-9.680797565],[33.884782718,-9.681319214],[33.884666796,-9.682339329],[33.883750922,-9.683076974],[33.882603984,-9.683645866],[33.881934027,-9.68376608],[33.880922512,-9.68360288],[33.880447231,-9.682791425],[33.880516784,-9.681945193],[33.880679075,-9.681075778],[33.879913989,-9.679081917],[33.880290477,-9.677898225],[33.880514758,-9.677623504],[33.881223909,-9.678270462],[33.881896258,-9.678803704],[33.883206178,-9.678745743],[33.883596206,-9.67811132],[33.883528659,-9.677507322],[33.882424822,-9.676450035],[33.881327814,-9.673860954],[33.880864637,-9.673678072],[33.880651786,-9.674070377],[33.880914036,-9.675232025],[33.880701156,-9.675524655],[33.87978602,-9.675392575],[33.879189412,-9.675182926],[33.878380114,-9.675456729],[33.87752445,-9.675764173],[33.876161175,-9.675112303],[33.874784986,-9.675141446],[33.874562248,-9.674614412],[33.874811593,-9.673731286],[33.876115325,-9.67295969],[33.876337671,-9.672391606],[33.875796044,-9.672041755],[33.874625345,-9.672533981],[33.873614288,-9.672134879],[33.873494557,-9.671137125],[33.873614288,-9.670432045],[33.873294019,-9.669309304],[33.872751458,-9.668985169],[33.871020126,-9.669487504],[33.870035675,-9.669367773],[33.86995635,-9.668748396],[33.871190795,-9.668008494],[33.871725206,-9.667345658],[33.871912633,-9.666715558],[33.870975687,-9.665450914],[33.870628059,-9.663785535],[33.870170177,-9.663184826],[33.869683031,-9.663033902],[33.868705336,-9.663886776],[33.868522578,-9.665682516],[33.868771853,-9.666441027],[33.86865906,-9.666862211],[33.86640287,-9.667393542],[33.865889725,-9.667850553],[33.865139997,-9.667953648],[33.864113881,-9.667393668],[33.863791369,-9.666952604],[33.863917303,-9.666363947],[33.864353769,-9.666138168],[33.865519794,-9.666352506],[33.86801196,-9.665788096],[33.867984029,-9.665134384],[33.867417257,-9.664592012],[33.866629092,-9.664165592],[33.866039635,-9.663209403],[33.86614496,-9.662396384],[33.866538947,-9.660711516],[33.866504086,-9.660529501],[33.865984101,-9.660510905],[33.865483222,-9.661588283],[33.864843144,-9.662207455],[33.863483989,-9.662663697],[33.861515351,-9.662140522],[33.860942189,-9.661577422],[33.860078256,-9.659396472],[33.85951356,-9.659076431],[33.858978343,-9.659246373],[33.858776467,-9.659956711],[33.858653161,-9.660792092],[33.857824378,-9.661669512],[33.856419387,-9.662095794],[33.855227822,-9.661916585],[33.854253942,-9.661689307],[33.852732607,-9.661720223],[33.852505382,-9.661281707],[33.852752465,-9.660268456],[33.85259245,-9.659757572],[33.851522354,-9.658521434],[33.851332142,-9.657863428],[33.851781699,-9.655354911],[33.851473797,-9.653361097],[33.850499631,-9.6517308],[33.849952788,-9.651371581],[33.849292935,-9.652071099],[33.848836858,-9.652464681],[33.847578889,-9.652968644],[33.845681215,-9.653048549],[33.844878022,-9.652684566],[33.844697426,-9.652555655],[33.84458218,-9.651929666],[33.845342798,-9.651417138],[33.846400055,-9.650738577],[33.846944383,-9.649777921],[33.847040941,-9.649018896],[33.847202921,-9.647613025],[33.847027868,-9.647181764],[33.846688854,-9.646947593],[33.846021665,-9.647062286],[33.845588778,-9.647544638],[33.845548055,-9.648813139],[33.845652825,-9.650025617],[33.845405129,-9.650397161],[33.844672506,-9.650650867],[33.843920881,-9.650244277],[33.843387989,-9.64932618],[33.842542064,-9.648548254],[33.841769121,-9.648253034],[33.841211989,-9.647672504],[33.840928908,-9.646717105],[33.840557364,-9.64441707],[33.840278812,-9.642782508],[33.839977178,-9.6425693],[33.839682726,-9.642613855],[33.839408987,-9.643278246],[33.839250595,-9.644313338],[33.83810428,-9.644854956],[33.836702064,-9.644473952],[33.836196185,-9.644333745],[33.83602046,-9.643948681],[33.837284237,-9.643337823],[33.837675915,-9.642054908],[33.837334712,-9.641186826],[33.836272662,-9.640404923],[33.834089208,-9.640060674],[33.832295049,-9.640438679],[33.831713712,-9.641155573],[33.831726414,-9.641606338],[33.832423685,-9.64279897],[33.832521168,-9.643368906],[33.83230826,-9.644001925],[33.831546656,-9.644625954],[33.830571799,-9.645139172],[33.830037096,-9.645236906],[33.829153848,-9.644913461],[33.828867446,-9.644360325],[33.828805138,-9.642853219],[33.828654793,-9.642631771],[33.827784857,-9.642263242],[33.826873003,-9.642452896],[33.826447557,-9.642351479],[33.82592827,-9.642004841],[33.825573853,-9.641126177],[33.825831066,-9.640103166],[33.826524835,-9.639549649],[33.826916877,-9.638526373],[33.826925798,-9.637810603],[33.825835744,-9.637291277],[33.824105009,-9.637928633],[33.822569404,-9.637821569],[33.822016514,-9.637056028],[33.821537207,-9.636392372],[33.821413743,-9.635854084],[33.820644104,-9.634781952],[33.820352064,-9.633964521],[33.819126065,-9.632872838],[33.818928807,-9.632770973],[33.817567523,-9.632868367],[33.816864413,-9.632519362],[33.816314994,-9.632653354],[33.814541249,-9.632554538],[33.8140119,-9.632361281],[33.813382454,-9.631839319],[33.812820125,-9.63107878],[33.81249765,-9.629927084],[33.812912261,-9.628222573],[33.812760998,-9.627348854],[33.81325414,-9.626605139],[33.813580245,-9.625780976],[33.813626655,-9.624130413],[33.813416706,-9.622653348],[33.813190657,-9.62193356],[33.81330963,-9.621192953],[33.813262041,-9.620449372],[33.814074589,-9.618827796],[33.814273311,-9.617820068],[33.814094852,-9.617397714],[33.813356213,-9.616717651],[33.812426026,-9.616317772],[33.810938721,-9.616425548],[33.810061491,-9.616813207],[33.807707873,-9.616894836],[33.804011107,-9.615337744],[33.801667034,-9.613951014],[33.800637888,-9.613662327],[33.800341486,-9.613275676],[33.80044406,-9.612635588],[33.801008938,-9.611498128],[33.802349661,-9.610595363],[33.80327894,-9.60945168],[33.803303996,-9.608638323],[33.802786464,-9.607472387],[33.80228995,-9.606888818],[33.802015391,-9.606522766],[33.800912638,-9.606169632],[33.7992862,-9.606397217],[33.796433106,-9.6073903],[33.792987229,-9.607430055],[33.791430024,-9.607619705],[33.790118677,-9.607408198],[33.789061139,-9.606985183],[33.787411379,-9.60529312],[33.786286447,-9.602708072],[33.78605773,-9.60165519],[33.785338604,-9.601062969],[33.781773362,-9.600282184],[33.780365477,-9.599511647],[33.779507646,-9.597514383],[33.779221491,-9.595429989],[33.779331787,-9.594337026],[33.778592734,-9.591097014],[33.777719275,-9.590135929],[33.775744535,-9.589508742],[33.775268716,-9.589183182],[33.774078132,-9.586835891],[33.773507629,-9.586447764],[33.772270309,-9.586661916],[33.77103299,-9.587042629],[33.769524761,-9.587107666],[33.767621192,-9.586679363],[33.765122758,-9.585561017],[33.764218563,-9.585013741],[33.762788943,-9.584610238],[33.761760551,-9.584525341],[33.759765432,-9.584731507],[33.758440514,-9.584679632],[33.755414557,-9.585608606],[33.752862743,-9.585911836],[33.752462472,-9.58551843],[33.75227567,-9.584985412],[33.751892995,-9.584862521],[33.749340152,-9.585660322],[33.747038855,-9.58594173],[33.745658767,-9.585798963],[33.744326269,-9.584823384],[33.74208138,-9.582734408],[33.741055312,-9.58341557],[33.740432009,-9.58424156],[33.740245153,-9.585180199],[33.740203142,-9.586113813],[33.739452792,-9.586429382],[33.739379593,-9.586722966],[33.73874504,-9.586995663],[33.738082308,-9.586874864],[33.736166915,-9.586174312],[33.73305048,-9.586001153],[33.732390436,-9.585544957],[33.732146766,-9.58507527],[33.732217309,-9.584648981],[33.731452979,-9.584444908],[33.729709867,-9.584961315],[33.728566644,-9.585754477],[33.72707569,-9.587680352],[33.726744018,-9.58783092],[33.726337544,-9.587654942],[33.725480938,-9.586346239],[33.724391418,-9.584010414],[33.723931601,-9.583600233],[33.723450767,-9.583504323],[33.722348361,-9.583744424],[33.721868904,-9.58429322],[33.721792883,-9.585181205],[33.721478848,-9.586520146],[33.722179965,-9.589911895],[33.722123278,-9.590322619],[33.72155538,-9.590907969],[33.718276329,-9.592704223],[33.717767717,-9.592865749],[33.716653138,-9.592984935],[33.716177246,-9.592723194],[33.715225462,-9.592604221],[33.714171256,-9.592923445],[33.713795796,-9.593367722],[33.713773862,-9.593902265],[33.71439265,-9.594674352],[33.716509961,-9.595789437],[33.716854576,-9.596062564],[33.716960448,-9.596434765],[33.716524567,-9.597603227],[33.715731003,-9.598548816],[33.714955925,-9.599120494],[33.71398028,-9.599488903],[33.712476432,-9.599499408],[33.711814785,-9.599901108],[33.71134694,-9.601881629],[33.711113275,-9.603187915],[33.710695946,-9.605360612],[33.710765137,-9.606660772],[33.709501071,-9.608249108],[33.707920517,-9.608998707],[33.707354386,-9.608933357],[33.70599873,-9.6079997],[33.705442516,-9.608017314],[33.704196086,-9.608827036],[33.703648287,-9.609600399],[33.702854465,-9.612216683],[33.701774914,-9.613548711],[33.700672233,-9.614165264],[33.699510267,-9.614497254],[33.699012282,-9.614390543],[33.697079625,-9.613015155],[33.696048084,-9.611580483],[33.694314331,-9.610127423],[33.693759723,-9.609386977],[33.692609614,-9.609588542],[33.691127515,-9.609801965],[33.69056491,-9.609409248],[33.688889768,-9.607486644],[33.687490645,-9.606439681],[33.68613021,-9.605956361],[33.685749633,-9.605984829],[33.685262683,-9.606451493],[33.684897473,-9.608029555],[33.684543617,-9.608516534],[33.683531223,-9.608562161],[33.682208243,-9.608847695],[33.679756058,-9.608404112],[33.677287517,-9.608971428],[33.676678375,-9.609256963],[33.676031161,-9.609485391],[33.67542202,-9.609742373],[33.67440427,-9.609200333],[33.672833166,-9.608333732],[33.671538739,-9.608200482],[33.670929597,-9.608809624],[33.670929597,-9.609466356],[33.670948633,-9.610798854],[33.670386828,-9.611539434],[33.669622604,-9.61164353],[33.66830235,-9.61188727],[33.66774632,-9.612120853],[33.666294427,-9.612108159],[33.665004641,-9.612478845],[33.664529856,-9.612747974],[33.663798639,-9.61256263],[33.663482354,-9.611603678],[33.663250226,-9.609913236],[33.662684039,-9.608294655],[33.662386982,-9.608345434],[33.661772944,-9.609147742],[33.661668847,-9.609696155],[33.660313048,-9.609569208],[33.659538668,-9.609102041],[33.658931858,-9.608452069],[33.657749095,-9.608444453],[33.656677658,-9.607890961],[33.656296815,-9.607667534],[33.655915973,-9.607865572],[33.654984178,-9.607360321],[33.654098084,-9.606288884],[33.653328782,-9.60610354],[33.652744824,-9.605532276],[33.652105008,-9.604736315],[33.650947246,-9.604078727],[33.650188101,-9.604165051],[33.649228377,-9.604190441],[33.647608914,-9.603560782],[33.646664425,-9.603510002],[33.646164251,-9.603050452],[33.643620611,-9.602791479],[33.642409531,-9.603284036],[33.641858579,-9.603730891],[33.640926784,-9.603004751],[33.639479969,-9.603187556],[33.63863196,-9.602075495],[33.637021807,-9.602110934],[33.635657085,-9.601534699],[33.631965839,-9.602900654],[33.631021349,-9.6031774],[33.63002862,-9.603390671],[33.629061279,-9.603890844],[33.628604268,-9.604129507],[33.627845122,-9.603827371],[33.626591268,-9.602626447],[33.625771187,-9.600619407],[33.624237661,-9.598692344],[33.624052317,-9.597483804],[33.623280477,-9.597260375],[33.622881861,-9.596868108],[33.620300136,-9.598124888],[33.619812658,-9.598190901],[33.618467014,-9.59904018],[33.617822121,-9.599167128],[33.617025598,-9.599834284],[33.616138796,-9.599342315],[33.614706828,-9.598114732],[33.613645547,-9.597459683],[33.612949875,-9.596639602],[33.611627082,-9.595538967],[33.611185304,-9.595021021],[33.610050393,-9.594500536],[33.609166838,-9.593663952],[33.608834235,-9.592752468],[33.608785995,-9.591840986],[33.607892285,-9.590251602],[33.606109941,-9.589067182],[33.604609422,-9.589117961],[33.603339947,-9.589430252],[33.602807154,-9.589392168],[33.601255856,-9.590129732],[33.600438314,-9.589764124],[33.600000817,-9.589033515],[33.5987296,-9.587816749],[33.598059316,-9.587550159],[33.596233811,-9.585870643],[33.595662548,-9.584601168],[33.595408653,-9.583963891],[33.594167106,-9.582644906],[33.593996996,-9.580640405],[33.593595842,-9.580521073],[33.592443158,-9.581102494],[33.591295552,-9.582224711],[33.590427232,-9.582905149],[33.590132714,-9.583633828],[33.589490538,-9.58386163],[33.588886089,-9.583567815],[33.588172644,-9.582605553],[33.587751177,-9.581826095],[33.58759884,-9.58159632],[33.588053313,-9.580342079],[33.587916209,-9.579788587],[33.587347484,-9.579378547],[33.586281125,-9.579261755],[33.585994224,-9.57968576],[33.586042464,-9.580470295],[33.584534276,-9.581565798],[33.583170911,-9.582996551],[33.581964909,-9.584283799],[33.580906167,-9.584903303],[33.580048001,-9.5855647],[33.577806108,-9.585798284],[33.576765139,-9.585755121],[33.575107592,-9.586153736],[33.573807649,-9.586911613],[33.571829807,-9.587477799],[33.571454042,-9.587853564],[33.571740943,-9.58907099],[33.571573372,-9.589578781],[33.570760908,-9.589908845],[33.568570181,-9.589482301],[33.567988762,-9.589586397],[33.567018882,-9.590444563],[33.566193724,-9.590195745],[33.564914093,-9.589533079],[33.562459315,-9.589248717],[33.561255852,-9.588700304],[33.560174259,-9.587955121],[33.559092666,-9.587904343],[33.558369065,-9.588348659],[33.557389031,-9.589281723],[33.555906284,-9.589182704],[33.555370565,-9.589116692],[33.554230576,-9.587564123],[33.553981759,-9.587442253],[33.553288625,-9.588008439],[33.552844309,-9.58885518],[33.551821112,-9.589633368],[33.551077199,-9.589831406],[33.550329306,-9.590241506],[33.549901665,-9.591180164],[33.549928047,-9.59258214],[33.550500898,-9.594376069],[33.55088531,-9.595572648],[33.549844017,-9.598099461],[33.548624058,-9.598900458],[33.547440668,-9.599382859],[33.546656767,-9.600087616],[33.544689478,-9.600554942],[33.544158084,-9.601093874],[33.544086477,-9.602250881],[33.544327677,-9.603803608],[33.544067633,-9.604583741],[33.542963388,-9.605503316],[33.542658119,-9.606268374],[33.542914394,-9.607636432],[33.542345312,-9.609648946],[33.541553874,-9.610108735],[33.540679522,-9.610180341],[33.538727308,-9.610101197],[33.537819038,-9.610670279],[33.537788888,-9.612117481],[33.537728588,-9.612754401],[33.537151968,-9.613044595],[33.536123098,-9.612841082],[33.536010035,-9.612942838],[33.534623134,-9.612317225],[33.53424249,-9.612377525],[33.533914608,-9.612245619],[33.532618156,-9.612799626],[33.532207362,-9.613500614],[33.53193978,-9.615396298],[33.531717424,-9.61587116],[33.530903373,-9.616123668],[33.528909702,-9.616191505],[33.528110726,-9.616866112],[33.526595686,-9.617940207],[33.524500258,-9.618818327],[33.523463851,-9.618999227],[33.523124663,-9.619700216],[33.523037982,-9.621056967],[33.521590779,-9.621893631],[33.520847007,-9.621975937],[33.519205158,-9.621249174],[33.518349651,-9.621226561],[33.517373544,-9.621712731],[33.516902449,-9.622907426],[33.516936368,-9.62356319],[33.514776871,-9.624252872],[33.513985432,-9.624154884],[33.512786899,-9.624852225],[33.510702848,-9.625952579],[33.510133766,-9.625847055],[33.509730509,-9.625481486],[33.508991833,-9.625613392],[33.50842652,-9.626156092],[33.50760754,-9.625722983],[33.506365011,-9.624463922],[33.506010747,-9.62328807],[33.505520809,-9.623039333],[33.504130139,-9.62310717],[33.502355055,-9.622443869],[33.500399072,-9.621121037],[33.498623988,-9.620435123],[33.498239575,-9.619892422],[33.498077142,-9.619228684],[33.497252162,-9.618773102],[33.495797422,-9.618999227],[33.492970856,-9.619210278],[33.492307555,-9.620028098],[33.492115349,-9.62059718],[33.491222154,-9.621494143],[33.490713372,-9.622391107],[33.490641766,-9.622911195],[33.490242278,-9.623303145],[33.489590283,-9.623333295],[33.488406894,-9.623951371],[33.487634299,-9.624079508],[33.486009966,-9.624381009],[33.483812782,-9.623838307],[33.482330719,-9.622954063],[33.481511015,-9.622172048],[33.47978791,-9.621617614],[33.478604363,-9.62023585],[33.476856603,-9.619642271],[33.475212483,-9.620188741],[33.474623615,-9.620141631],[33.473653162,-9.619491521],[33.473182067,-9.619133489],[33.472527246,-9.619194732],[33.471740519,-9.619793021],[33.471302401,-9.620570327],[33.470967924,-9.620650413],[33.468287397,-9.618817856],[33.467425294,-9.61833734],[33.465682245,-9.616829838],[33.465474963,-9.616184438],[33.464937916,-9.615939469],[33.463571743,-9.616123196],[33.46261071,-9.615845251],[33.461828949,-9.615232541],[33.461489505,-9.614738179],[33.460589716,-9.614822976],[33.459642816,-9.615388289],[33.458672361,-9.616033689],[33.457791415,-9.616217416],[33.457301477,-9.617065385],[33.45686807,-9.617060674],[33.454996737,-9.61560226],[33.454442009,-9.615633162],[33.453810667,-9.616000711],[33.452307877,-9.615751032],[33.450493469,-9.616183389],[33.449145424,-9.615294301],[33.448394265,-9.61408121],[33.447592222,-9.613456803],[33.446697143,-9.613419115],[33.445750244,-9.613791279],[33.445288571,-9.613810123],[33.444769823,-9.614436679],[33.443809335,-9.614370725],[33.443079138,-9.613607552],[33.442763505,-9.612820825],[33.441830739,-9.612283777],[33.440365859,-9.611904849],[33.439687259,-9.612420395],[33.439399892,-9.612491059],[33.438876977,-9.611869214],[33.438501758,-9.610259136],[33.438651968,-9.609913652],[33.439050025,-9.609936184],[33.439079547,-9.609443079],[33.438479956,-9.608790799],[33.4372941,-9.607412662],[33.435965614,-9.606828505],[33.435565184,-9.605598948],[33.430990858,-9.602381375],[33.430077943,-9.60147263],[33.430020403,-9.600723122],[33.430665802,-9.599856309],[33.430566873,-9.598786925],[33.430091638,-9.598126852],[33.429280785,-9.59816508],[33.42785808,-9.598570221],[33.425837086,-9.598037885],[33.425144577,-9.597599767],[33.424932585,-9.596798906],[33.425135155,-9.595616459],[33.425248218,-9.594730802],[33.424725303,-9.593553067],[33.424070482,-9.593044284],[33.423401528,-9.593162057],[33.422506449,-9.594127802],[33.421593551,-9.594584053],[33.421074322,-9.594443435],[33.420485454,-9.593925231],[33.42026875,-9.592445995],[33.420329993,-9.591744064],[33.420994236,-9.590349625],[33.421988245,-9.589261396],[33.422921012,-9.588587732],[33.423223721,-9.587857125],[33.423035621,-9.586394116],[33.422408617,-9.585074796],[33.422116015,-9.582587681],[33.421933139,-9.58069622],[33.421807738,-9.580066604],[33.423364797,-9.579209699],[33.424023151,-9.579413475],[33.425240583,-9.578723771],[33.425721286,-9.578070642],[33.425533185,-9.577380939],[33.424733756,-9.576017206],[33.424258278,-9.575238676],[33.423208046,-9.574146645],[33.422722119,-9.573018038],[33.421400185,-9.571513229],[33.420763411,-9.569912407],[33.419367648,-9.567513468],[33.418306967,-9.566494587],[33.418239042,-9.565838846],[33.415981829,-9.563670458],[33.415537701,-9.562473927],[33.414351619,-9.560812366],[33.413802992,-9.559892761],[33.412705735,-9.559072432],[33.412684835,-9.557361234],[33.41189063,-9.556749904],[33.41097625,-9.55672378],[33.409899893,-9.555987051],[33.408901913,-9.555119695],[33.406832801,-9.553588761],[33.406169221,-9.553024458],[33.405364567,-9.552436643],[33.405218267,-9.551767838],[33.404147134,-9.550560856],[33.40329023,-9.549787552],[33.402574401,-9.550101054],[33.401754071,-9.54934865],[33.400149987,-9.548977672],[33.399068406,-9.548512644],[33.398279172,-9.546354066],[33.398697428,-9.543862368],[33.397793498,-9.542122432],[33.397035869,-9.541014726],[33.395541509,-9.540476548],[33.395154857,-9.54002197],[33.395311608,-9.539217315],[33.394229216,-9.537895719],[33.393589414,-9.537341452],[33.393421766,-9.536982205],[33.394129995,-9.536540844],[33.394831584,-9.536117249],[33.394543529,-9.534977204],[33.393957299,-9.53459606],[33.392631167,-9.534193449],[33.39213479,-9.53357167],[33.391716787,-9.533621307],[33.391152484,-9.533804184],[33.390906535,-9.533513821],[33.390290354,-9.533720584],[33.389867126,-9.534201286],[33.389470024,-9.534472988],[33.388529519,-9.535554569],[33.387181461,-9.536787676],[33.386538782,-9.537668094],[33.385938504,-9.537512373],[33.3853527,-9.536711913],[33.385225019,-9.536123339],[33.38442787,-9.535719158],[33.383962842,-9.535630332],[33.382097506,-9.536236435],[33.381721304,-9.535896809],[33.381439152,-9.535102604],[33.382024355,-9.532312438],[33.381512303,-9.531055818],[33.381344202,-9.53000313],[33.380608373,-9.528871755],[33.379814168,-9.528641854],[33.378372059,-9.528641854],[33.377680783,-9.528750124],[33.376329072,-9.527894675],[33.374912441,-9.526441954],[33.37342918,-9.525201171],[33.372843977,-9.52406734],[33.372634975,-9.52338286],[33.371819871,-9.52329926],[33.370921166,-9.523732938],[33.370226237,-9.524741368],[33.369489508,-9.525431073],[33.368888629,-9.526037176],[33.366720241,-9.52667463],[33.365905136,-9.526925431],[33.364677254,-9.527186682],[33.363459822,-9.52674778],[33.362639493,-9.525995376],[33.362101314,-9.524561105],[33.360601731,-9.523719875],[33.359467899,-9.523416823],[33.358642345,-9.522633069],[33.358381092,-9.522533793],[33.358292267,-9.522063541],[33.358250251,-9.520579213],[33.357883919,-9.520253082],[33.355789477,-9.5195294],[33.355214724,-9.518863209],[33.355329675,-9.516997873],[33.355131123,-9.516308169],[33.354425745,-9.515733416],[33.353516589,-9.515780441],[33.350402471,-9.514662285],[33.349754567,-9.514390582],[33.349430615,-9.513815829],[33.349785917,-9.513235851],[33.350392021,-9.512535697],[33.350512196,-9.511218989],[33.351285501,-9.510231459],[33.351290726,-9.509656705],[33.349801592,-9.506777713],[33.349038738,-9.506573937],[33.348411734,-9.506751588],[33.346389647,-9.506323136],[33.345736518,-9.505748383],[33.345360317,-9.504204386],[33.344393686,-9.503540807],[33.34339048,-9.502438325],[33.342533675,-9.502744152],[33.341566945,-9.503849084],[33.340929491,-9.50413646],[33.340208436,-9.503734133],[33.338902179,-9.502485351],[33.338092299,-9.500865591],[33.338092299,-9.499695184],[33.337982784,-9.498994768],[33.338515526,-9.497667872],[33.338264725,-9.49715582],[33.337507096,-9.496758717],[33.336404546,-9.495661013],[33.335782835,-9.494919507],[33.334753505,-9.493754325],[33.333570379,-9.492858769],[33.332491067,-9.491763589],[33.33220369,-9.491601613],[33.331205709,-9.489386199],[33.329643425,-9.488952522],[33.328793515,-9.488450743],[33.328133391,-9.487863103],[33.326989109,-9.487314475],[33.326174005,-9.48645757],[33.325881403,-9.486044792],[33.323996685,-9.486133254],[33.323228608,-9.486640042],[33.322699359,-9.487513026],[33.322145506,-9.488103454],[33.319512091,-9.488767033],[33.318420059,-9.489347011],[33.316460673,-9.490068066],[33.314929739,-9.491207122],[33.314621188,-9.49133069],[33.313938733,-9.491320119],[33.313445831,-9.490627144],[33.313184578,-9.48989564],[33.31348763,-9.488986485],[33.312771801,-9.487967603],[33.312123897,-9.487220424],[33.312264973,-9.486577745],[33.312111079,-9.486135668],[33.311386383,-9.485979062],[33.310751048,-9.485981438],[33.310038659,-9.485569223],[33.309735806,-9.48478405],[33.30766211,-9.484088611],[33.306763368,-9.48369883],[33.306013248,-9.483795575],[33.305722238,-9.483863771],[33.305467833,-9.483639241],[33.304933636,-9.483956114],[33.305150961,-9.484952301],[33.303420777,-9.485827208],[33.300814285,-9.486434314],[33.299703826,-9.487710921],[33.298875189,-9.487358995],[33.297710049,-9.486790446],[33.29712117,-9.48651143],[33.296589776,-9.486636216],[33.29493949,-9.487389922],[33.294448573,-9.48734101],[33.293685783,-9.487802944],[33.293423115,-9.488020324],[33.292850681,-9.488433346],[33.292693081,-9.489765703],[33.293256457,-9.491099873],[33.292819886,-9.49152014],[33.289455783,-9.49013072],[33.287403204,-9.489734002],[33.286642375,-9.489971308],[33.286343477,-9.490673265],[33.286731138,-9.491819038],[33.287267342,-9.492356147],[33.287421319,-9.492859744],[33.288198452,-9.492745619],[33.288622343,-9.493343414],[33.288386849,-9.494034501],[33.287908612,-9.494088846],[33.287078947,-9.493933057],[33.286183916,-9.494034501],[33.285423086,-9.493666767],[33.284446688,-9.494288111],[33.284039101,-9.494462015],[33.282807132,-9.495271755],[33.282604244,-9.495103286],[33.281011937,-9.496085119],[33.281161081,-9.497261446],[33.281392352,-9.498396591],[33.280620652,-9.499628411],[33.280243861,-9.499655583],[33.279914167,-9.499508852],[33.279265379,-9.500231432],[33.278557206,-9.500552275],[33.278196717,-9.500802263],[33.276099001,-9.500545029],[33.275861695,-9.50025519],[33.276010237,-9.499606673],[33.275667865,-9.499246184],[33.274722535,-9.49925063],[33.27409186,-9.500358445],[33.274153091,-9.500655485],[33.273704199,-9.500829435],[33.272765693,-9.50078777],[33.272015732,-9.500443585],[33.271642564,-9.500059548],[33.270177061,-9.499033333],[33.270307489,-9.498631179],[33.270090108,-9.497892994],[33.269876352,-9.497655688],[33.269861859,-9.497168394],[33.269283992,-9.496624945],[33.268528597,-9.496615888],[33.267655304,-9.496467345],[33.266785785,-9.496532558],[33.26630936,-9.497025286],[33.266071356,-9.497552182],[33.265682581,-9.497866728],[33.265222461,-9.498968119],[33.264615609,-9.499209954],[33.264093747,-9.497811477],[33.26370971,-9.49705427],[33.263303934,-9.494409481],[33.262970618,-9.494029067],[33.262930765,-9.493728358],[33.262383692,-9.493514601],[33.261128323,-9.493909508],[33.260633784,-9.493701185],[33.259869331,-9.492861918],[33.258322311,-9.492916263],[33.257731762,-9.492838368],[33.257431053,-9.492271369],[33.255086973,-9.49186197],[33.254661271,-9.490841552],[33.254693878,-9.49003],[33.254206584,-9.48915396],[33.254190282,-9.488490951],[33.253367861,-9.487780844],[33.252215747,-9.487069649],[33.250949509,-9.487577413],[33.250108427,-9.488094545],[33.249701386,-9.488682427],[33.248527535,-9.488774813],[33.246860955,-9.489573684],[33.246297579,-9.489186024],[33.246116429,-9.488773002],[33.245508447,-9.488119396],[33.244757805,-9.488285165],[33.244143707,-9.489143816],[33.243888285,-9.490006089],[33.242326773,-9.489843054],[33.241147487,-9.49111835],[33.240761637,-9.491990224],[33.240888442,-9.492761923],[33.240823228,-9.492988361],[33.240810548,-9.493852989],[33.239635699,-9.493688934],[33.238989992,-9.493976171],[33.23791999,-9.494255626],[33.237218345,-9.494104787],[33.236084347,-9.494117468],[33.235171351,-9.494608384],[33.234367046,-9.49524422],[33.233778308,-9.495284074],[33.233379778,-9.494787723],[33.232517504,-9.494666352],[33.231647985,-9.49418087],[33.230887156,-9.494077615],[33.230619053,-9.494477956],[33.230338271,-9.494383758],[33.229820182,-9.494099353],[33.228747775,-9.493822193],[33.227820298,-9.493595823],[33.22726778,-9.493689954],[33.227054023,-9.494175436],[33.227479725,-9.495101112],[33.227307633,-9.495338962],[33.22649427,-9.495762853],[33.226237037,-9.495549096],[33.226211676,-9.495299109],[33.225738874,-9.495429536],[33.225532364,-9.495717565],[33.22477878,-9.49614689],[33.224450898,-9.496429484],[33.224289675,-9.497090681],[33.223834989,-9.497478342],[33.223734892,-9.497778597],[33.223188284,-9.497788652],[33.223142996,-9.49846253],[33.223229948,-9.498870117],[33.222960035,-9.500287253],[33.22254339,-9.500481083],[33.221222807,-9.501061307],[33.220836958,-9.501233399],[33.220161268,-9.502497825],[33.21966854,-9.502043139],[33.219150452,-9.501903654],[33.218866599,-9.500948658],[33.217972977,-9.501430853],[33.21790851,-9.501796852],[33.217422282,-9.501798587],[33.21731396,-9.501618679],[33.216656017,-9.502155996],[33.216583557,-9.502524274],[33.216694059,-9.50267644],[33.217002014,-9.502710858],[33.216953103,-9.503152864],[33.216576311,-9.503265176],[33.216192274,-9.503254307],[33.215848089,-9.503205397],[33.215098981,-9.503902027],[33.215482726,-9.504421312],[33.21534735,-9.504770423],[33.214125353,-9.505021063],[33.213802907,-9.505976265],[33.213246776,-9.50636755],[33.213366335,-9.507023313],[33.213819209,-9.50759629],[33.213913906,-9.508921873],[33.213712331,-9.509125739],[33.213063815,-9.50963477],[33.212109155,-9.50975614],[33.211152683,-9.509631147],[33.210667201,-9.50925979],[33.210475182,-9.508948212],[33.209721599,-9.508598049],[33.209681745,-9.508415087],[33.20994079,-9.508360742],[33.209129239,-9.506601233],[33.209008761,-9.506297738],[33.208088034,-9.506224604],[33.20712882,-9.506420623],[33.20698902,-9.506113629],[33.206009739,-9.505619093],[33.205668016,-9.505504828],[33.204934044,-9.505992644],[33.204145804,-9.505936413],[33.203570075,-9.506062519],[33.202442567,-9.505876934],[33.201030821,-9.506382931],[33.200301002,-9.506065127],[33.19960491,-9.505258991],[33.198996162,-9.504888497],[33.198948785,-9.504699645],[33.198208705,-9.504513912],[33.197221653,-9.503859288],[33.196180526,-9.502952722],[33.193884974,-9.502427833],[33.193200725,-9.502215051],[33.193112977,-9.502046213],[33.193518343,-9.501657719],[33.193822009,-9.501529611],[33.194390385,-9.500200511],[33.194186884,-9.49983638],[33.19242156,-9.499034277],[33.192050909,-9.498269093],[33.190797169,-9.497170505],[33.190501051,-9.497299897],[33.190157825,-9.49775236],[33.190073751,-9.497464917],[33.189718943,-9.497488052],[33.188873788,-9.497948438],[33.187908037,-9.49791244],[33.187706576,-9.497748287],[33.188178364,-9.496301359],[33.188090391,-9.496070828],[33.187412371,-9.496100435],[33.187014362,-9.496217323],[33.186469301,-9.495934947],[33.186039211,-9.496073397],[33.185640078,-9.496524808],[33.186176703,-9.496983106],[33.185885388,-9.497383144],[33.184590704,-9.497830036],[33.184332394,-9.497628613],[33.184395911,-9.497443175],[33.183549281,-9.497586513],[33.183406055,-9.497812913],[33.182745754,-9.497848605],[33.18184575,-9.497331315],[33.179986313,-9.497546604],[33.179896451,-9.497942266],[33.179943939,-9.498187678],[33.179212255,-9.498955054],[33.178498417,-9.499026438],[33.177833184,-9.498640609],[33.177673896,-9.498243457],[33.178462725,-9.498116294],[33.178587646,-9.497634454],[33.178227453,-9.497141545],[33.177371862,-9.496944586],[33.177066006,-9.497681112],[33.177195662,-9.498187678],[33.176751501,-9.498391443],[33.176374748,-9.498383984],[33.17626038,-9.497966266],[33.176431706,-9.497499456],[33.175857215,-9.497063383],[33.175036301,-9.496991999],[33.174787714,-9.496440822],[33.174336908,-9.496489704],[33.174001911,-9.497476805],[33.17362647,-9.498080603],[33.173235517,-9.498091993],[33.172780847,-9.498342658],[33.172320558,-9.497813813],[33.172319513,-9.496953667],[33.172554163,-9.496217912],[33.171316903,-9.495221482],[33.170762237,-9.495128888],[33.170396352,-9.49570709],[33.169766915,-9.496462976],[33.169595096,-9.496433853],[33.169377613,-9.496088982],[33.169289903,-9.495421555],[33.168863878,-9.495170123],[33.168385717,-9.495264512],[33.168103188,-9.495549669],[33.168384817,-9.495970933],[33.168067228,-9.496732515],[33.166755777,-9.497259689],[33.166416704,-9.497170459],[33.166024555,-9.496696989],[33.166010739,-9.496300185],[33.165397528,-9.496446855],[33.164792722,-9.496974153],[33.164275189,-9.496920615],[33.163973047,-9.496669851],[33.163806363,-9.495800482],[33.163541698,-9.495732495],[33.163042657,-9.49590654],[33.162784825,-9.495822372],[33.162425061,-9.495277818],[33.161699871,-9.495075864],[33.16085104,-9.495114313],[33.160232158,-9.49497717],[33.159075186,-9.495011301],[33.156410189,-9.49355983],[33.154878822,-9.49323493],[33.154113735,-9.493500187],[33.153015726,-9.494620667],[33.15276664,-9.494017876],[33.152238411,-9.494025815],[33.151934921,-9.494213772],[33.151773355,-9.49458764],[33.150693049,-9.494285896],[33.15023967,-9.494634002],[33.15002175,-9.494627633],[33.149795499,-9.494167896],[33.149734369,-9.49346488],[33.149212273,-9.493035726],[33.14874498,-9.493563357],[33.148520962,-9.493656695],[33.148041606,-9.493528187],[33.147481918,-9.493474521],[33.146793331,-9.492364453],[33.146476172,-9.492202093],[33.14628246,-9.492256403],[33.146230878,-9.49292508],[33.145777401,-9.493088729],[33.145438992,-9.493004661],[33.144735693,-9.493346711],[33.144195527,-9.493217077],[33.143811857,-9.492718386],[33.143704094,-9.492159945],[33.144082517,-9.491395766],[33.143882886,-9.491169204],[33.143168124,-9.490999542],[33.14288375,-9.49056233],[33.142869664,-9.490189524],[33.142649355,-9.489943141],[33.142413411,-9.490009351],[33.142262235,-9.489409502],[33.141196463,-9.4880513],[33.140457225,-9.488220584],[33.139838566,-9.48753054],[33.139120098,-9.487595299],[33.138462147,-9.486757952],[33.138322027,-9.486923365],[33.138113172,-9.486914505],[33.13716017,-9.485857393],[33.136928323,-9.485767641],[33.136657534,-9.485865923],[33.136402899,-9.487070721],[33.136009677,-9.487099951],[33.135406744,-9.486845239],[33.135174822,-9.486554961],[33.135056088,-9.486040721],[33.134535061,-9.485292502],[33.134066042,-9.484968077],[33.133723351,-9.485055901],[33.132845279,-9.484936188],[33.132287357,-9.485431404],[33.131988909,-9.485207691],[33.132185282,-9.484702556],[33.131924041,-9.484302878],[33.132273547,-9.483889023],[33.132259779,-9.483176995],[33.13258121,-9.483152332],[33.132486031,-9.482700234],[33.131772303,-9.482216861],[33.131558041,-9.482438494],[33.130818788,-9.482329733],[33.130763318,-9.482074915],[33.130439695,-9.482010191],[33.130130365,-9.482295726],[33.129889666,-9.483022565],[33.128879412,-9.48311293],[33.128419909,-9.482610884],[33.127944535,-9.483092016],[33.126826522,-9.482770968],[33.126431344,-9.48298079],[33.126398359,-9.48263879],[33.127251217,-9.481843627],[33.127304062,-9.481513501],[33.127115831,-9.481257055],[33.126927642,-9.481234478],[33.126310064,-9.480811453],[33.125990103,-9.481796039],[33.1255618,-9.482105369],[33.124731708,-9.481869535],[33.124591207,-9.48170685],[33.124571264,-9.481411714],[33.124848389,-9.480829181],[33.124586221,-9.480606309],[33.124283869,-9.480517425],[33.123681303,-9.480612672],[33.12362673,-9.48043668],[33.123891848,-9.479972255],[33.123954645,-9.479050986],[33.123694575,-9.478466352],[33.123740595,-9.477979113],[33.124102187,-9.477749202],[33.124211807,-9.476989826],[33.123977918,-9.476568333],[33.123198129,-9.476510361],[33.122627626,-9.47633716],[33.122563683,-9.475826367],[33.122922106,-9.475276331],[33.122921371,-9.474765346],[33.123350539,-9.4741523],[33.123401452,-9.472842787],[33.123190227,-9.472639329],[33.123140858,-9.472276102],[33.12261631,-9.471992374],[33.121550594,-9.472134854],[33.121052604,-9.472060811],[33.12064022,-9.470814531],[33.119773732,-9.470972859],[33.1195084,-9.47071322],[33.118967738,-9.471171174],[33.118639003,-9.471143376],[33.118614271,-9.470568427],[33.119101503,-9.469459293],[33.118643096,-9.469312928],[33.118434891,-9.468601338],[33.118401555,-9.468166922],[33.118235368,-9.468010997],[33.117805729,-9.468049301],[33.117416989,-9.467585261],[33.117215061,-9.466267269],[33.116998504,-9.465960206],[33.116776457,-9.465909812],[33.116442267,-9.466307579],[33.115560745,-9.466443076],[33.115067583,-9.466571718],[33.11344331,-9.465940912],[33.113085786,-9.46582875],[33.11216879,-9.466181628],[33.11147627,-9.465878313],[33.111333859,-9.465395275],[33.112407985,-9.464593203],[33.112250221,-9.464261028],[33.111142116,-9.463447326],[33.110552278,-9.463481149],[33.110138436,-9.463232829],[33.109721654,-9.462325163],[33.108987222,-9.462164144],[33.108652757,-9.461479442],[33.108371182,-9.461315706],[33.107977715,-9.461851349],[33.107704163,-9.461517712],[33.107535675,-9.461061664],[33.106314529,-9.460357124],[33.105053709,-9.459795011],[33.103936956,-9.45953121],[33.102695306,-9.459727805],[33.102916396,-9.460047447],[33.102362475,-9.460312366],[33.101685535,-9.459912501],[33.100764292,-9.459342217],[33.100328359,-9.459078876],[33.099765683,-9.457558892],[33.099502343,-9.457022737],[33.09943035,-9.45646385],[33.098479294,-9.455726307],[33.097774526,-9.455589901],[33.097522554,-9.455013962],[33.097586967,-9.454462653],[33.097289526,-9.453935403],[33.096734426,-9.453778157],[33.096183369,-9.453028899],[33.095317314,-9.45297298],[33.095319209,-9.452658487],[33.095432881,-9.452588389],[33.095008505,-9.45224491],[33.094398465,-9.453023564],[33.093716053,-9.453987314],[33.092829513,-9.453735153],[33.092827798,-9.45304069],[33.093088075,-9.452091064],[33.092600172,-9.452015861],[33.092092437,-9.452481917],[33.091902983,-9.452853245],[33.090707153,-9.452721196],[33.090375632,-9.452485873],[33.089856507,-9.452490063],[33.089871663,-9.452171781],[33.090995122,-9.451182455],[33.0910027,-9.450746711],[33.090211559,-9.450842701],[33.08988303,-9.450571846],[33.089817174,-9.449463953],[33.089460549,-9.44933282],[33.088363613,-9.449365027],[33.088318144,-9.450030008],[33.087997968,-9.450420283],[33.08605588,-9.450493033],[33.085764121,-9.449846996],[33.085406054,-9.449511664],[33.085589824,-9.448984984],[33.085191971,-9.448637715],[33.084746756,-9.449111349],[33.084449314,-9.449753596],[33.083786227,-9.449569826],[33.083479698,-9.449441608],[33.083180013,-9.449395436],[33.083096426,-9.449012833],[33.083390528,-9.448828107],[33.084267249,-9.448561934],[33.084257966,-9.447824391],[33.083706657,-9.447473902],[33.08264221,-9.447262058],[33.081942844,-9.447060893],[33.081463527,-9.445639424],[33.081245655,-9.445468916],[33.080556045,-9.445679209],[33.080226395,-9.445042645],[33.08034954,-9.44477741],[33.08080267,-9.444681605],[33.080465107,-9.444346781],[33.080122196,-9.444208482],[33.08020754,-9.443670623],[33.080461318,-9.443230902],[33.080120301,-9.442646815],[33.079629617,-9.442254647],[33.079362488,-9.44236832],[33.079076412,-9.442813535],[33.07880485,-9.443025361],[33.078634986,-9.443184865],[33.078104516,-9.442624082],[33.077625199,-9.442792695],[33.077602464,-9.442180761],[33.077077488,-9.441962889],[33.076691003,-9.442231913],[33.076302624,-9.442565351],[33.07538188,-9.442563456],[33.074715004,-9.442051932],[33.074173167,-9.442360741],[33.073727761,-9.442070878],[33.073526941,-9.441326326],[33.073547781,-9.440953102],[33.073587566,-9.440266712],[33.072793755,-9.439088311],[33.071488232,-9.439025792],[33.070758836,-9.439285343],[33.0704936,-9.43970593],[33.070548542,-9.440569838],[33.06939477,-9.440143567],[33.069061332,-9.43970214],[33.069197738,-9.439347862],[33.068948146,-9.4391186],[33.068591034,-9.439372513],[33.068258049,-9.439709719],[33.067293541,-9.439325128],[33.067179869,-9.438770029],[33.067365533,-9.438535107],[33.066643716,-9.437974325],[33.066439106,-9.43722352],[33.066230707,-9.436653265],[33.065933265,-9.43665516],[33.065455842,-9.436681683],[33.064777598,-9.435824785],[33.063830331,-9.435714902],[33.063697713,-9.435457246],[33.062956951,-9.435453456],[33.062928532,-9.435222323],[33.062703083,-9.435044237],[33.062284391,-9.435138963],[33.06200381,-9.435199588],[33.061871192,-9.435347362],[33.061566172,-9.435125702],[33.06151502,-9.434671013],[33.061936609,-9.434111568],[33.061787993,-9.433245374],[33.062166328,-9.433002668],[33.062576785,-9.433095468],[33.062473278,-9.432781379],[33.062066391,-9.432420891],[33.062144912,-9.431557146],[33.061927192,-9.431135982],[33.061577411,-9.430100916],[33.060995633,-9.429701166],[33.06056236,-9.429470003],[33.060181857,-9.429590522],[33.059974844,-9.429240741],[33.060335332,-9.428876683],[33.060006967,-9.428437673],[33.059753554,-9.42866967],[33.059625063,-9.428327027],[33.059261006,-9.428352012],[33.059053993,-9.428548317],[33.058450799,-9.428180691],[33.058818426,-9.427645313],[33.05818311,-9.427338362],[33.05782976,-9.427370484],[33.057419303,-9.427206301],[33.057422872,-9.426845813],[33.056973154,-9.426885074],[33.056569835,-9.426870798],[33.056348545,-9.42659597],[33.057055245,-9.426092714],[33.056780418,-9.42558232],[33.056547528,-9.425161155],[33.055695384,-9.424704298],[33.055252804,-9.425660842],[33.054820932,-9.42580361],[33.054531826,-9.425585888],[33.054653179,-9.425253954],[33.054571088,-9.424422332],[33.054292691,-9.424268857],[33.053953618,-9.424329534],[33.053732328,-9.424607931],[33.05354673,-9.424543685],[33.053186242,-9.423919076],[33.053603837,-9.423494341],[33.053778809,-9.423506566],[33.053743036,-9.423230222],[33.052361759,-9.421838238],[33.051758566,-9.421545564],[33.05164792,-9.420765696],[33.0514302,-9.420619359],[33.051219617,-9.420619359],[33.051037588,-9.420812096],[33.050912667,-9.420458746],[33.051098264,-9.420162503],[33.050862698,-9.419844844],[33.049517113,-9.419652108],[33.048924627,-9.41893827],[33.048507032,-9.418063818],[33.047979983,-9.416984634],[33.047546919,-9.416470174],[33.04674742,-9.416741432],[33.04630484,-9.416448759],[33.046047859,-9.415802735],[33.04546608,-9.415420832],[33.045216237,-9.415724213],[33.045148423,-9.416052578],[33.044348923,-9.416577249],[33.043638654,-9.417323211],[33.043445918,-9.41781219],[33.042835587,-9.417694407],[33.042075348,-9.417769359],[33.041464838,-9.417732381],[33.040656911,-9.41774431],[33.040269338,-9.416723586],[33.039744666,-9.416184638],[33.040015925,-9.415952641],[33.040708348,-9.415849135],[33.040590565,-9.414744469],[33.040098016,-9.41420909],[33.040098016,-9.413855741],[33.039719682,-9.413845033],[33.038745293,-9.414201953],[33.038595387,-9.41420909],[33.038024316,-9.413120487],[33.038345543,-9.413002704],[33.038736903,-9.413233331],[33.038959445,-9.412938459],[33.038759569,-9.412167513],[33.038783268,-9.411871523],[33.037906533,-9.411077125],[33.036921436,-9.410948634],[33.03623972,-9.41141263],[33.035600835,-9.411334107],[33.035445534,-9.410855157],[33.035147548,-9.410721991],[33.034944104,-9.410475717],[33.034605803,-9.410566713],[33.034569339,-9.410033137],[33.034879858,-9.409626249],[33.034431967,-9.409353307],[33.033123816,-9.409369267],[33.032973429,-9.409349586],[33.033056002,-9.409001641],[33.033141662,-9.408766074],[33.032363579,-9.408455554],[33.031860867,-9.407935838],[33.031572066,-9.407798459],[33.03154486,-9.407565406],[33.030507169,-9.407257935],[33.030103026,-9.406879131],[33.029257535,-9.407110735],[33.028832599,-9.407073562],[33.028902687,-9.406713882],[33.028800377,-9.40624155],[33.028975421,-9.406141602],[33.02877654,-9.405729371],[33.02838021,-9.40586642],[33.027901697,-9.40559815],[33.027725749,-9.405208637],[33.027466127,-9.40494596],[33.027084582,-9.40462126],[33.026124566,-9.40482142],[33.026003024,-9.40434144],[33.024619831,-9.404148082],[33.024515859,-9.403832833],[33.024976378,-9.403498968],[33.024796199,-9.403078586],[33.02436646,-9.402473849],[33.024120853,-9.402187164],[33.02442921,-9.401620026],[33.024312346,-9.400706657],[33.023853094,-9.399835365],[33.023949665,-9.399476354],[33.023557429,-9.399072014],[33.023255655,-9.398449385],[33.023462406,-9.397907638],[33.023234276,-9.397644687],[33.02299222,-9.397517389],[33.022863318,-9.397082076],[33.022903512,-9.396231181],[33.022435671,-9.395540495],[33.02265766,-9.394607661],[33.022279216,-9.393859946],[33.021825206,-9.393812095],[33.021043816,-9.392437699],[33.020529909,-9.392301899],[33.020042249,-9.391744514],[33.019459916,-9.391244988],[33.019078198,-9.390308875],[33.019105186,-9.389977919],[33.018412361,-9.389731342],[33.018646952,-9.389070571],[33.018748242,-9.388835325],[33.018385061,-9.388149268],[33.018687913,-9.387628001],[33.018356352,-9.387221364],[33.018252322,-9.386799053],[33.018002861,-9.386396789],[33.017982512,-9.386035557],[33.01740298,-9.386005273],[33.017272481,-9.38564647],[33.016473959,-9.385373673],[33.016474049,-9.384940866],[33.01622921,-9.384725486],[33.015586434,-9.385013357],[33.015385762,-9.384831574],[33.01582758,-9.384079421],[33.015799236,-9.383752467],[33.015492381,-9.383637227],[33.015487977,-9.383097318],[33.015252756,-9.382824926],[33.015181004,-9.382529851],[33.014812295,-9.382332559],[33.014656253,-9.382124029],[33.014443386,-9.382161658],[33.014256807,-9.381817779],[33.014115844,-9.381730049],[33.014463659,-9.381303234],[33.014269904,-9.380673559],[33.013398789,-9.380015926],[33.01348141,-9.379463695],[33.013470988,-9.379053539],[33.013672328,-9.378450169],[33.013366376,-9.377870286],[33.013363245,-9.377469516],[33.013489745,-9.377199583],[33.013131854,-9.37685905],[33.012807356,-9.376754144],[33.012358769,-9.376408046],[33.011995942,-9.376176749],[33.012004919,-9.375805215],[33.012167536,-9.375555331],[33.011874589,-9.375303624],[33.012590824,-9.374890852],[33.012361975,-9.374713912],[33.011866377,-9.374708513],[33.011826982,-9.374531236],[33.011891107,-9.374308071],[33.01155339,-9.374287909],[33.01113101,-9.374419829],[33.0109868,-9.374200635],[33.01124234,-9.373173126],[33.011384133,-9.372795004],[33.011050878,-9.372603354],[33.010468764,-9.373297615],[33.009802424,-9.372997901],[33.009187056,-9.373204177],[33.008842929,-9.373025283],[33.009339375,-9.372243871],[33.008894682,-9.372131007],[33.008653881,-9.371601811],[33.008239134,-9.371303256],[33.007575744,-9.37180695],[33.007319527,-9.372145844],[33.006428984,-9.372080588],[33.006138331,-9.371697177],[33.006174629,-9.371445723],[33.00586898,-9.37138738],[33.005384239,-9.370621555],[33.005565166,-9.370173393],[33.00599792,-9.369584044],[33.005690722,-9.369296494],[33.005089636,-9.368906525],[33.004401146,-9.369710226],[33.003761598,-9.369873927],[33.003356193,-9.369624374],[33.003367086,-9.369236486],[33.003072999,-9.368344576],[33.002637349,-9.367883224],[33.00232567,-9.368007318],[33.00207905,-9.368174122],[33.001542468,-9.368174141],[33.001493586,-9.36764093],[33.000832386,-9.367835673],[33.000508695,-9.367683202],[33.000385891,-9.367353468],[32.999999023,-9.367256995],[32.95964063,-9.400681977],[32.958861484,-9.402285714],[32.955081275,-9.407657296],[32.954588134,-9.409226383],[32.953781175,-9.410705807],[32.950583228,-9.412528936],[32.948789986,-9.415420538],[32.945343598,-9.418877405],[32.943091678,-9.421205059],[32.947992965,-9.433279747],[32.948524024,-9.434855073],[32.946016543,-9.455011367],[32.944592218,-9.458927429],[32.952663723,-9.467370142],[32.95036108,-9.478086077],[32.949581441,-9.479350229],[32.947064038,-9.482648732],[32.951030836,-9.492943253],[32.963081878,-9.487393628],[32.963760544,-9.486447962],[32.964978239,-9.485620757],[32.966348454,-9.485127303],[32.96878488,-9.485078839],[32.97122351,-9.485920353],[32.971891888,-9.485818678],[32.973100395,-9.48532116],[32.974877905,-9.484325669],[32.976370914,-9.483733401],[32.981534749,-9.482610559],[32.982409923,-9.482668848],[32.982788825,-9.483038938],[32.983595348,-9.487287008],[32.984397377,-9.488644289],[32.987018426,-9.491163296],[32.988454412,-9.492654436],[32.989564914,-9.494147444],[32.990604177,-9.4957399],[32.991830478,-9.496802764],[32.992995132,-9.497392578],[32.994434326,-9.497710365],[32.995327186,-9.497454273],[32.997091651,-9.496491838],[32.998276187,-9.49668926],[32.998953831,-9.497265377],[33.000077668,-9.498478403],[33.004697828,-9.497842542],[33.006230373,-9.496990223],[33.006320326,-9.496111767],[33.006560889,-9.495856327],[33.008295217,-9.495529411],[33.008633719,-9.495351315],[33.009012701,-9.494905797],[33.010649343,-9.494821938],[33.012074916,-9.494307644],[33.012915854,-9.494284249],[33.01455154,-9.494740505],[33.015854909,-9.494802426],[33.019368665,-9.495524578],[33.020946211,-9.495989993],[33.022450844,-9.496837903],[33.023571018,-9.497864793],[33.024676137,-9.500286989],[33.025184808,-9.500729438],[33.025974264,-9.501040644],[33.026467787,-9.50107234],[33.027155938,-9.500828238],[33.028736669,-9.499603198],[33.02991293,-9.49922897],[33.030157228,-9.500286312],[33.031165294,-9.501936148],[33.031067188,-9.502610594],[33.0318406,-9.503548845],[33.031479121,-9.504457084],[33.030887073,-9.5049399],[33.030539592,-9.505926478],[33.029707908,-9.507060258],[33.02977534,-9.509035262],[33.030480462,-9.51063685],[33.03239737,-9.512393906],[33.032881771,-9.513397938],[33.033018285,-9.514534079],[33.032243242,-9.517436084],[33.032472507,-9.522807163],[33.032401774,-9.523226882],[33.030531364,-9.525545197],[33.029777199,-9.527667962],[33.029571009,-9.528998389],[33.029060182,-9.530142642],[33.027568566,-9.53138906],[33.026546912,-9.533289337],[33.025423092,-9.536006938],[33.024973564,-9.536619931],[33.024237973,-9.537232923],[33.023522815,-9.538704106],[33.023073287,-9.539235366],[33.021540805,-9.540134422],[33.020682615,-9.541094777],[33.020110489,-9.542361629],[33.019947024,-9.543076787],[33.018977862,-9.544205294],[33.016979315,-9.545764756],[33.015578955,-9.547702362],[33.015424827,-9.550914824],[33.014867684,-9.551629359],[33.011606423,-9.552266744],[33.009246067,-9.55316729],[33.006260942,-9.555265124],[33.004006606,-9.557623783],[33.003024592,-9.55898451],[33.002923308,-9.559869644],[33.003297618,-9.561725781],[33.004623117,-9.563566507],[33.00475702,-9.564531069],[33.004544562,-9.565277337],[33.003952003,-9.566217259],[33.000974902,-9.569190274],[32.999503719,-9.571560512],[32.99891116,-9.573787718],[32.999203856,-9.574958909],[33.00030061,-9.576525752],[33.002956911,-9.579039022],[33.003733369,-9.580326306],[33.003765384,-9.580820003],[33.003467738,-9.581429693],[33.002895612,-9.582063119],[33.002711714,-9.582512646],[33.00275258,-9.583227804],[33.003753802,-9.584310759],[33.005163685,-9.584964617],[33.005776677,-9.585414146],[33.006450969,-9.586435799],[33.006532702,-9.587763951],[33.005899276,-9.591278442],[33.006633017,-9.594986279],[33.008085616,-9.598787602],[33.008792645,-9.601129338],[33.009822429,-9.603119417],[33.010893684,-9.605313424],[33.013091723,-9.60837072],[33.014930701,-9.610393596],[33.015809324,-9.612457338],[33.015952355,-9.613213362],[33.01585019,-9.614091985],[33.014869402,-9.615787931],[33.014828536,-9.616625688],[33.014992,-9.61729998],[33.015799675,-9.618168164],[33.017341805,-9.618791595],[33.019473949,-9.61952514],[33.02077217,-9.620728821],[33.02114236,-9.621284432],[33.021371628,-9.622567898],[33.021757845,-9.626450938],[33.021489722,-9.629355502],[33.021796219,-9.632522631],[33.022695275,-9.635464995],[33.023553464,-9.637181375],[33.024227756,-9.638223462],[33.024680563,-9.638663724],[33.026141922,-9.639248267],[33.027537916,-9.639612912],[33.027513397,-9.640511968],[33.027410438,-9.64105656],[33.029850916,-9.642305855],[33.037755035,-9.643915975],[33.039294828,-9.643783632],[33.040774471,-9.64290264],[33.042531717,-9.641186259],[33.043778135,-9.639367715],[33.044357642,-9.637740821],[33.043577371,-9.6349851],[33.044015809,-9.633216485],[33.045298922,-9.629592557],[33.048583989,-9.627210871],[33.053244255,-9.626948953],[33.055126924,-9.626681767],[33.061921183,-9.627768208],[33.067737302,-9.631310393],[33.067828768,-9.633408665],[33.067301123,-9.634338751],[33.066560936,-9.63901965],[33.067217722,-9.640552149],[33.069792738,-9.643877777],[33.071785508,-9.644937848],[33.072489279,-9.646910594],[33.074035208,-9.649143657],[33.075938885,-9.650885862],[33.079067092,-9.656743254],[33.087338218,-9.664298264],[33.08775684,-9.665199911],[33.087647849,-9.666174631],[33.086785835,-9.668265263],[33.084434617,-9.675321146],[33.084660029,-9.675937933],[33.088472708,-9.679177918],[33.092250461,-9.680918047],[33.095118887,-9.683303449],[33.099902076,-9.684408214],[33.101153235,-9.683811244],[33.102790566,-9.679211358],[33.102988731,-9.677443981],[33.102785612,-9.675916878],[33.10091012,-9.672741382],[33.100918274,-9.671881511],[33.101258485,-9.671452114],[33.10498612,-9.669367641],[33.108487795,-9.668569899],[33.109296394,-9.667968714],[33.110244928,-9.666247443],[33.111249118,-9.661726662],[33.112431268,-9.659770154],[33.112989735,-9.657941058],[33.113237036,-9.655211238],[33.113269025,-9.653272432],[33.112594733,-9.651515186],[33.110735322,-9.648838452],[33.10939599,-9.647207309],[33.10930142,-9.646953462],[33.109699611,-9.645370653],[33.111266582,-9.644394254],[33.111675244,-9.643760829],[33.111736543,-9.642657441],[33.111348315,-9.641983151],[33.111511779,-9.641267992],[33.112942096,-9.640307637],[33.114270246,-9.639898976],[33.115026271,-9.639939842],[33.115475798,-9.640205472],[33.116214157,-9.640934375],[33.116946981,-9.641124961],[33.117478241,-9.641124961],[33.118499896,-9.640593701],[33.119092455,-9.640144173],[33.119439818,-9.639204251],[33.119623715,-9.638346061],[33.11925592,-9.636180153],[33.118949423,-9.635710192],[33.117362298,-9.634722779],[33.114290679,-9.633421686],[33.112880796,-9.632461331],[33.111389181,-9.630561054],[33.110012615,-9.627342345],[33.110031638,-9.626048772],[33.110336008,-9.624488875],[33.110490125,-9.623051894],[33.111143984,-9.621866775],[33.111182537,-9.620408413],[33.11045226,-9.618637147],[33.110551424,-9.617800591],[33.111593512,-9.616308975],[33.112121202,-9.615284445],[33.112336202,-9.614145273],[33.112218258,-9.613128886],[33.11256076,-9.612530645],[33.113975283,-9.611996019],[33.115864027,-9.608667],[33.116313555,-9.607441014],[33.117555887,-9.603088767],[33.11816888,-9.601862782],[33.120028291,-9.599921638],[33.122235064,-9.598532188],[33.12425794,-9.596917973],[33.127363769,-9.598491322],[33.127173079,-9.601189027],[33.127941759,-9.602555571],[33.128262825,-9.602986602],[33.130714796,-9.603844791],[33.13259464,-9.60535684],[33.135945666,-9.606378494],[33.139153661,-9.608421803],[33.140440946,-9.609484324],[33.144404965,-9.610710309],[33.145508352,-9.610567276],[33.146579464,-9.609911875],[33.149022843,-9.609831686],[33.152909216,-9.610832907],[33.153195279,-9.611078105],[33.154666462,-9.613611807],[33.154502997,-9.61534862],[33.15465001,-9.616138162],[33.155651229,-9.618244003],[33.156006328,-9.618307413],[33.15625997,-9.618155228],[33.15644414,-9.616697204],[33.157547527,-9.615655116],[33.15915875,-9.614756176],[33.162010792,-9.614353009],[33.163294958,-9.613905044],[33.164903439,-9.612242791],[33.166456354,-9.611016805],[33.167825371,-9.610260781],[33.168694178,-9.609357651],[33.168826592,-9.609136961],[33.168949191,-9.605213807],[33.169372497,-9.603684453],[33.170726869,-9.60145412],[33.171671899,-9.600953884],[33.17395652,-9.600737367],[33.178225813,-9.600534631],[33.180771775,-9.599819473],[33.186344759,-9.600295055],[33.190150563,-9.600207702],[33.190934666,-9.600288037],[33.192432118,-9.600851406],[33.193706928,-9.601764815],[33.19465883,-9.602061745],[33.194952522,-9.603380607],[33.196709584,-9.604948177],[33.1981399,-9.605765502],[33.199733681,-9.606317195],[33.201061832,-9.607257117],[33.201981321,-9.608748732],[33.203615968,-9.612058893],[33.204351559,-9.61310098],[33.205557111,-9.613509641],[33.207007861,-9.613816138],[33.209480264,-9.615430351],[33.210072824,-9.61620681],[33.210501919,-9.616513306],[33.214130835,-9.617667775],[33.215111624,-9.618525965],[33.216216752,-9.620090641],[33.217756424,-9.62085384],[33.219475281,-9.62129185],[33.219606903,-9.623164276],[33.219954265,-9.623552505],[33.221552511,-9.62422519],[33.222018007,-9.62477849],[33.222426669,-9.625984042],[33.222406236,-9.627210028],[33.221343715,-9.628436013],[33.220301628,-9.629416801],[33.219668202,-9.631398811],[33.219239107,-9.633626017],[33.218585249,-9.63450464],[33.218564815,-9.636772713],[33.218787578,-9.638227558],[33.219814827,-9.640177726],[33.220894188,-9.642912856],[33.22289663,-9.644424905],[33.22360983,-9.64528949],[33.225997317,-9.64599462],[33.226375598,-9.646278331],[33.227269311,-9.647857663],[33.228107068,-9.650227902],[33.228229666,-9.65233251],[33.228209233,-9.653231566],[33.22845443,-9.653905858],[33.229556148,-9.655595999],[33.231253763,-9.66060791],[33.23182589,-9.661956494],[33.231785024,-9.662957716],[33.22992161,-9.666410297],[33.228353733,-9.669282249],[33.227143272,-9.671084839],[33.226906252,-9.671396334],[33.219442506,-9.673834577],[33.218371731,-9.674664428],[33.216649122,-9.679103681],[33.216461737,-9.680430996],[33.21638366,-9.682967393],[33.217001061,-9.687543969],[33.21787009,-9.688713623],[33.221648734,-9.692198914],[33.223938718,-9.694046659],[33.224858207,-9.695354377],[33.225164703,-9.696069535],[33.226918142,-9.698314852],[33.227698406,-9.701177806],[33.228474863,-9.706204347],[33.228230978,-9.708256741],[33.227978998,-9.709214266],[33.227783947,-9.714707434],[33.228078624,-9.71705575],[33.229557817,-9.72068119],[33.230048211,-9.722029774],[33.231360783,-9.724033005],[33.231540857,-9.724650992],[33.231621559,-9.725809895],[33.232103172,-9.72797478],[33.232274715,-9.729007045],[33.23401223,-9.731715058],[33.235279082,-9.733032992],[33.236321169,-9.733891182],[33.236456845,-9.734209277],[33.236170803,-9.734619286],[33.235109198,-9.735252419],[33.233363774,-9.735293678],[33.231335496,-9.73705831],[33.229353486,-9.739244651],[33.228903958,-9.740041541],[33.228842659,-9.740511502],[33.23010951,-9.743535599],[33.230909074,-9.748928726],[33.231192464,-9.749338596],[33.232457082,-9.749713431],[33.234993018,-9.74982899],[33.239222668,-9.749522493],[33.240264755,-9.749440762],[33.241020779,-9.749685959],[33.241776804,-9.750298952],[33.242308064,-9.751136708],[33.24340014,-9.753465744],[33.244891079,-9.756069535],[33.24695824,-9.757431622],[33.249450122,-9.758912305],[33.251525422,-9.759737081],[33.255506013,-9.761784446],[33.258559166,-9.762880298],[33.260219396,-9.763786031],[33.264096877,-9.765917106],[33.267223004,-9.766810286],[33.272403443,-9.767346193],[33.27395162,-9.767375966],[33.276303659,-9.767911874],[33.277615948,-9.768712136],[33.279548876,-9.77047232],[33.2824236,-9.775008943],[33.283771865,-9.77515875],[33.290177708,-9.774848898],[33.290655862,-9.775108814],[33.290984011,-9.775551102],[33.291055348,-9.776585485],[33.290445662,-9.778838432],[33.290356344,-9.780952289],[33.29065407,-9.78288751],[33.291041115,-9.784227279],[33.291904521,-9.79021158],[33.292023612,-9.791938393],[33.292795763,-9.794966087],[33.29298144,-9.795475458],[33.294048151,-9.796642468],[33.296840825,-9.798815872],[33.297525595,-9.800393822],[33.298150821,-9.803251994],[33.298299684,-9.8047704],[33.297919489,-9.807242884],[33.298109002,-9.80796484],[33.299057185,-9.809532313],[33.302140354,-9.812243332],[33.304005347,-9.814546299],[33.304476169,-9.816686402],[33.304879437,-9.819388765],[33.305954624,-9.820720496],[33.307490147,-9.820656293],[33.308541471,-9.820817852],[33.310721702,-9.821480232],[33.311363733,-9.821512334],[33.312977595,-9.820936942],[33.315508269,-9.82147285],[33.319438257,-9.822633983],[33.321700978,-9.822842391],[33.323338473,-9.823229435],[33.325568443,-9.82474784],[33.326301828,-9.826127247],[33.326870502,-9.827554102],[33.327771618,-9.827993058],[33.334440689,-9.830047369],[33.335333869,-9.829928279],[33.336563442,-9.829505617],[33.337729798,-9.82956982],[33.339740219,-9.830493958],[33.341199078,-9.830970321],[33.34881097,-9.832491224],[33.350747008,-9.833127339],[33.351500411,-9.834036903],[33.351949015,-9.837423175],[33.353256997,-9.839634159],[33.354745629,-9.842313697],[33.356822043,-9.844937895],[33.35916545,-9.846453602],[33.359300888,-9.846810243],[33.359361365,-9.849081223],[33.359600837,-9.850759665],[33.361138858,-9.854665818],[33.362696383,-9.858000796],[33.363945603,-9.859080314],[33.364291909,-9.859683931],[33.364395655,-9.861081882],[33.364631711,-9.86147432],[33.365688571,-9.861953062],[33.367632058,-9.863688763],[33.36905119,-9.865838951],[33.36954699,-9.868716624],[33.370872708,-9.87053516],[33.370798254,-9.871203816],[33.370353925,-9.872208804],[33.36952881,-9.875759164],[33.369687944,-9.877095008],[33.370212351,-9.879083001],[33.370279004,-9.880022334],[33.370136265,-9.880953283],[33.369693012,-9.881989856],[33.369118523,-9.8827685],[33.369000141,-9.883351655],[33.369569821,-9.885163791],[33.369629788,-9.886836851],[33.369819654,-9.887233164],[33.371509146,-9.88791879],[33.37206798,-9.888382844],[33.373281219,-9.89007177],[33.373943949,-9.891412616],[33.374604536,-9.894246039],[33.37513865,-9.895778003],[33.375095168,-9.897700263],[33.374961233,-9.899254466],[33.375320394,-9.901530756],[33.374967197,-9.904157496],[33.375241813,-9.905442824],[33.376923098,-9.908152301],[33.379171342,-9.91021363],[33.379462582,-9.911594903],[33.380100536,-9.91336349],[33.38047754,-9.913853391],[33.380646572,-9.915926268],[33.37678972,-9.918578094],[33.3698613,-9.922142638],[33.368470233,-9.923025431],[33.367060194,-9.923680408],[33.363785204,-9.924454497],[33.361868016,-9.925216361],[33.360033851,-9.926836308],[33.358396356,-9.928860848],[33.357919994,-9.931421295],[33.357473405,-9.932314474],[33.356049909,-9.933683868],[33.355253906,-9.935057724],[33.355162655,-9.936350259],[33.35450978,-9.937498811],[33.354610277,-9.938818049],[33.355000007,-9.939228594],[33.354536393,-9.940035037],[33.354501561,-9.940440181],[33.354009662,-9.940834354],[33.353102697,-9.942092461],[33.353169189,-9.943700368],[33.35304345,-9.944047955],[33.35258147,-9.944575825],[33.352431,-9.945961895],[33.352431592,-9.946447253],[33.353056301,-9.946754993],[33.353461035,-9.947258453],[33.353082863,-9.948346942],[33.353079919,-9.948813291],[33.352619201,-9.949360119],[33.352447236,-9.951021336],[33.352554481,-9.952125214],[33.352319768,-9.953278814],[33.352606464,-9.956225308],[33.351801211,-9.957792906],[33.351922173,-9.958477949],[33.352917663,-9.959929874],[33.354169532,-9.962641406],[33.354317505,-9.9631887],[33.354218541,-9.964004788],[33.352412056,-9.966761416],[33.351727285,-9.968369139],[33.351446251,-9.969516486],[33.348482068,-9.973430487],[33.346933891,-9.977851724],[33.344742379,-9.981771249],[33.343806085,-9.984869047],[33.34288049,-9.986639983],[33.342024449,-9.989042248],[33.339996866,-9.992083045],[33.339440275,-9.992691123],[33.339285972,-9.993164541],[33.339392123,-9.993953784],[33.339793392,-9.994847276],[33.341644581,-9.997356547],[33.341756936,-9.997755141],[33.341591078,-9.998156411],[33.340681637,-9.998930752],[33.337972327,-9.999794157],[33.335024835,-10.001223245],[33.334383995,-10.001757416],[33.334233683,-10.002554248],[33.334323001,-10.003134815],[33.333787093,-10.004586231],[33.333489037,-10.00497147],[33.331490396,-10.006131074],[33.330549319,-10.007645368],[33.330012523,-10.009387274],[33.329879434,-10.012669502],[33.32945124,-10.014112355],[33.329485604,-10.014581999],[33.330516531,-10.016437668],[33.330750284,-10.018050906],[33.330571648,-10.020551808],[33.329336693,-10.02368852],[33.328606654,-10.024939551],[33.328249382,-10.026480285],[33.328752501,-10.030979464],[33.329199236,-10.031998936],[33.328958686,-10.033923333],[33.328139672,-10.038024131],[33.32714311,-10.040154713],[33.324609677,-10.044299209],[33.323406638,-10.04552419],[33.322818818,-10.045901331],[33.322734001,-10.047068064],[33.322510706,-10.04767096],[33.321304915,-10.049122375],[33.319987475,-10.050395155],[33.319960593,-10.051185585],[33.320147852,-10.05294582],[33.319920487,-10.054369803],[33.318826342,-10.055676078],[33.317106973,-10.057015847],[33.316035158,-10.0572838],[33.315432262,-10.0572838],[33.314118112,-10.056760553],[33.313891528,-10.056948858],[33.314784707,-10.059047829],[33.315008002,-10.06029828],[33.315097319,-10.061414753],[33.315298285,-10.061705037],[33.31594584,-10.061972991],[33.317440622,-10.062137561],[33.319392442,-10.062117341],[33.32012403,-10.062298533],[33.321304915,-10.063000147],[33.322361321,-10.065421724],[33.322931144,-10.06602831],[33.325182862,-10.067489629],[33.325532108,-10.067921591],[33.326019214,-10.069042855],[33.326414414,-10.069778109],[33.32664166,-10.070592169],[33.325927117,-10.072557164],[33.324006781,-10.075080394],[33.324053539,-10.07525104],[33.328606607,-10.075427599],[33.329164891,-10.075616302],[33.330035741,-10.076732775],[33.332512295,-10.079964616],[33.334122722,-10.081328932],[33.33471125,-10.081537591],[33.338049811,-10.081243328],[33.338624428,-10.081355683],[33.340304391,-10.082585203],[33.341108252,-10.08300202],[33.342166298,-10.083308527],[33.34282438,-10.083848903],[33.343118644,-10.084357177],[33.343728244,-10.086664055],[33.345649315,-10.088888845],[33.349212586,-10.092061547],[33.349838566,-10.092698227],[33.350248452,-10.093809487],[33.350397315,-10.094702667],[33.350057927,-10.097152316],[33.349597805,-10.09871994],[33.349945571,-10.100207313],[33.349950726,-10.100925148],[33.349355273,-10.103158096],[33.348045277,-10.105450589],[33.347420052,-10.106641495],[33.347631063,-10.106990275],[33.349385046,-10.108040809],[33.349996467,-10.108828761],[33.350093832,-10.110220512],[33.350305745,-10.110329332],[33.350872755,-10.110249149],[33.351834953,-10.109327042],[33.353186613,-10.107162096],[33.354237986,-10.105658998],[33.355875481,-10.104527637],[33.356484434,-10.10353667],[33.356798433,-10.100686966],[33.356977068,-10.100091514],[33.357441281,-10.100012028],[33.358838383,-10.1026432],[33.359716151,-10.103753548],[33.360728421,-10.104527637],[33.36157703,-10.104661401],[33.364701579,-10.104452741],[33.366349459,-10.104131726],[33.367954536,-10.104153127],[33.370702255,-10.104646728],[33.37460247,-10.104616955],[33.37649601,-10.104200137],[33.379462938,-10.102002324],[33.383075763,-10.100954921],[33.384140546,-10.100802998],[33.385691475,-10.101066656],[33.388047794,-10.102562643],[33.391918237,-10.104378774],[33.393704595,-10.10568877],[33.394180957,-10.106373541],[33.394359593,-10.107623992],[33.394347514,-10.11049829],[33.394782794,-10.110778931],[33.397612115,-10.109937007],[33.398706398,-10.109737849],[33.400879801,-10.110571482],[33.403112749,-10.111821934],[33.404510734,-10.112170682],[33.405547388,-10.111844222],[33.405702028,-10.112250865],[33.404095246,-10.114471699],[33.404167092,-10.115441011],[33.404900196,-10.116844217],[33.40693914,-10.118831615],[33.408680232,-10.119146003],[33.409960456,-10.118818504],[33.41046659,-10.118937594],[33.410823862,-10.119384184],[33.41116311,-10.120266317],[33.411989724,-10.121652033],[33.413898808,-10.123384375],[33.414190216,-10.124051416],[33.414307261,-10.127065525],[33.41475385,-10.127720523],[33.418564748,-10.130846649],[33.421214513,-10.132037555],[33.422322055,-10.132245964],[33.423632051,-10.132633008],[33.424755055,-10.132613259],[33.426181909,-10.133626532],[33.426947034,-10.134660484],[33.427174503,-10.135549684],[33.427953414,-10.136094232],[33.429835207,-10.136411311],[33.43050953,-10.136890495],[33.431427089,-10.138238813],[33.433271303,-10.13948738],[33.434187682,-10.140587036],[33.43524338,-10.14213048],[33.435660197,-10.14326184],[33.435652744,-10.143903184],[33.435211736,-10.145157478],[33.435202457,-10.146765812],[33.435584015,-10.148003982],[33.436529032,-10.149659191],[33.43849352,-10.152013142],[33.43896496,-10.153444082],[33.439143596,-10.155141123],[33.43895171,-10.156368807],[33.438338881,-10.157731922],[33.438562249,-10.158928943],[33.43908405,-10.160142926],[33.439243261,-10.16045556],[33.440760257,-10.160274353],[33.443371259,-10.160484888],[33.444891066,-10.160986528],[33.446352409,-10.161716875],[33.447873922,-10.162050221],[33.451162088,-10.162211379],[33.452087437,-10.162557404],[33.455315065,-10.165689971],[33.456571368,-10.168061339],[33.456912819,-10.169787292],[33.458925294,-10.16931806],[33.459604888,-10.169461837],[33.460344857,-10.169818128],[33.461515541,-10.171189985],[33.462712283,-10.171743936],[33.464345157,-10.172276581],[33.469139529,-10.173272659],[33.471283159,-10.17395743],[33.475897917,-10.175148334],[33.477029278,-10.1749697],[33.478002074,-10.174664896],[33.479381316,-10.174671973],[33.482388353,-10.175565152],[33.485344533,-10.175714016],[33.488759697,-10.175684243],[33.490258649,-10.175558366],[33.491409462,-10.176130832],[33.494386366,-10.178213003],[33.494821646,-10.178276004],[33.497547875,-10.177657447],[33.497925881,-10.177771995],[33.501432474,-10.180893114],[33.502108467,-10.181480697],[33.503389245,-10.183124939],[33.503787324,-10.184267255],[33.504436367,-10.184795143],[33.505756233,-10.184958243],[33.507643239,-10.184851269],[33.509178706,-10.185773034],[33.509498893,-10.185794002],[33.511601799,-10.184414371],[33.511845318,-10.184396389],[33.512410588,-10.185352228],[33.512856419,-10.189163407],[33.51295296,-10.190547152],[33.513454447,-10.191892496],[33.513886184,-10.193572084],[33.514014904,-10.196822277],[33.513596562,-10.199010526],[33.513749698,-10.199671202],[33.515558363,-10.202639491],[33.517144267,-10.204710479],[33.519144491,-10.207821196],[33.520901451,-10.21001613],[33.521770315,-10.21017703],[33.524023612,-10.209856847],[33.527594918,-10.208439303],[33.529043024,-10.208374943],[33.530040608,-10.208503664],[33.533947908,-10.210376081],[33.535092888,-10.211496416],[33.537055876,-10.214810969],[33.539468527,-10.220410949],[33.53965209,-10.225673164],[33.540177348,-10.227489939],[33.542069575,-10.232354711],[33.543089173,-10.233888147],[33.543294935,-10.234725466],[33.545103276,-10.234151171],[33.546396876,-10.232595151],[33.547923103,-10.231716711],[33.550015061,-10.231224065],[33.551195824,-10.231319375],[33.553214093,-10.232201225],[33.554806411,-10.233101231],[33.555948726,-10.233066615],[33.557792751,-10.232059518],[33.558620853,-10.231771165],[33.560721142,-10.231930797],[33.561416263,-10.23232238],[33.562549924,-10.233758927],[33.563970139,-10.23529895],[33.564205752,-10.23596295],[33.564067876,-10.237884121],[33.563882625,-10.238345496],[33.562362329,-10.239911469],[33.561949579,-10.240846565],[33.561590006,-10.243837445],[33.561654366,-10.244963749],[33.561879627,-10.245896973],[33.56268413,-10.247151998],[33.562845031,-10.24766688],[33.562812851,-10.248342662],[33.562056651,-10.249214798],[33.560715296,-10.250071535],[33.559723558,-10.251592855],[33.559643728,-10.251952795],[33.558479512,-10.253071355],[33.555648869,-10.255095417],[33.554488458,-10.255635674],[33.553818844,-10.256708579],[33.553864499,-10.260908887],[33.553589181,-10.261959242],[33.551926163,-10.264728725],[33.55133997,-10.266967952],[33.551306053,-10.268250035],[33.551123843,-10.269141486],[33.550576668,-10.270335965],[33.550161058,-10.272671695],[33.549679666,-10.273514131],[33.548935369,-10.274339015],[33.548563227,-10.275684949],[33.548113422,-10.28161233],[33.548092874,-10.282853212],[33.546425797,-10.285149792],[33.545988994,-10.287835545],[33.545926731,-10.289272124],[33.546216119,-10.291556079],[33.545664435,-10.292401582],[33.54522679,-10.294775614],[33.545306929,-10.295554894],[33.545820994,-10.297446938],[33.545788414,-10.298305823],[33.545351859,-10.299188231],[33.54481884,-10.299693968],[33.543943776,-10.300104868],[33.542239303,-10.300447284],[33.54070742,-10.300676714],[33.538716218,-10.303414893],[33.538413464,-10.3040798],[33.538607648,-10.308074071],[33.539922642,-10.311147679],[33.54094573,-10.312294892],[33.543443032,-10.316436784],[33.543566071,-10.317675801],[33.543434923,-10.320104296],[33.543484668,-10.320674111],[33.544785513,-10.325323953],[33.54460009,-10.32720914],[33.54337011,-10.329910871],[33.542456999,-10.331260245],[33.542093038,-10.33157836],[33.541836977,-10.332310533],[33.541545561,-10.334954056],[33.540908984,-10.336448704],[33.540789036,-10.337386986],[33.541525502,-10.339371094],[33.542116587,-10.339453724],[33.543674154,-10.338827576],[33.544536862,-10.338260759],[33.545044145,-10.338169448],[33.546606579,-10.338615857],[33.549893777,-10.340107271],[33.550674993,-10.340208728],[33.553820152,-10.33919416],[33.554465848,-10.338836285],[33.554665762,-10.338943382],[33.55707128,-10.346165024],[33.557351665,-10.346820764],[33.558135699,-10.347821707],[33.557935785,-10.348985492],[33.555656951,-10.351279009],[33.555136988,-10.352219816],[33.555322623,-10.353904806],[33.557144335,-10.358499828],[33.555955906,-10.360867648],[33.554045236,-10.363395361],[33.551838692,-10.366822974],[33.550262449,-10.368496087],[33.549528349,-10.370048172],[33.549356179,-10.370823743],[33.549498244,-10.372654408],[33.550554177,-10.372729126],[33.551605235,-10.372620725],[33.55247956,-10.373035866],[33.552888947,-10.37338293],[33.553629065,-10.376359437],[33.554114376,-10.376865041],[33.554794136,-10.377230285],[33.55537244,-10.377291159],[33.557371137,-10.377027371],[33.560039449,-10.377575238],[33.563432707,-10.379158234],[33.563532664,-10.379322449],[33.563118529,-10.382288683],[33.563278993,-10.382930539],[33.564386583,-10.384127526],[33.565450412,-10.385027138],[33.565925176,-10.386038905],[33.56590188,-10.386698954],[33.562794586,-10.387889688],[33.562586017,-10.388427958],[33.562553534,-10.389383406],[33.563087119,-10.390366482],[33.563330607,-10.391836291],[33.563047523,-10.39214169],[33.562213351,-10.392681089],[33.56182999,-10.393474794],[33.561005797,-10.397110686],[33.563753322,-10.398563803],[33.564566747,-10.399067919],[33.565650314,-10.399288002],[33.5659928,-10.400511708],[33.565952708,-10.40133746],[33.565357983,-10.402633574],[33.564816291,-10.403501908],[33.564454049,-10.404724252],[33.563421101,-10.406590653],[33.563061749,-10.407358916],[33.56178947,-10.408245718],[33.563078413,-10.409005944],[33.56348697,-10.409438072],[33.563986755,-10.409695104],[33.565421852,-10.40984504],[33.566335745,-10.410337685],[33.569769983,-10.413996826],[33.572906834,-10.419797149],[33.573416801,-10.422056473],[33.573416986,-10.423171453],[33.572460255,-10.424485174],[33.572629005,-10.427683728],[33.572638749,-10.429183154],[33.571353588,-10.430211283],[33.57127505,-10.430454035],[33.572338878,-10.434523715],[33.572995739,-10.437525995],[33.573595481,-10.438903974],[33.574595051,-10.439425178],[33.575359008,-10.439396619],[33.578579053,-10.437947242],[33.579864214,-10.437783027],[33.581920473,-10.438147157],[33.583005721,-10.437847286],[33.584522925,-10.437133307],[33.584965592,-10.437076189],[33.586407829,-10.437397479],[33.587126516,-10.437031933],[33.58772155,-10.436583543],[33.588328432,-10.436640661],[33.589120949,-10.43735464],[33.58940654,-10.439132447],[33.588564045,-10.440860276],[33.588899615,-10.441124447],[33.590520347,-10.44106019],[33.592717973,-10.442338212],[33.594238748,-10.443137868],[33.596223609,-10.445251245],[33.597487351,-10.446315073],[33.59886533,-10.447864407],[33.599914879,-10.448335632],[33.601421292,-10.44821934],[33.601982916,-10.4486205],[33.602512334,-10.449403031],[33.602912162,-10.449560107],[33.604068948,-10.449543167],[33.60465427,-10.449995633],[33.604932722,-10.451209398],[33.605104076,-10.451437871],[33.606703389,-10.452094731],[33.608067088,-10.453222818],[33.609295132,-10.453794001],[33.61001268,-10.453665483],[33.610769498,-10.453101441],[33.611826186,-10.451716322],[33.613213447,-10.451088021],[33.614205877,-10.451416451],[33.615553155,-10.452551678],[33.616383512,-10.452922946],[33.618052795,-10.452944366],[33.619316537,-10.45178772],[33.621595557,-10.450559677],[33.622209579,-10.450424021],[33.622973536,-10.450666774],[33.623973106,-10.451494989],[33.624571323,-10.452983248],[33.626285422,-10.455515785],[33.627696767,-10.456954271],[33.628551138,-10.457592367],[33.62914374,-10.457792281],[33.630930115,-10.457970776],[33.632879277,-10.458734733],[33.633628955,-10.459334476],[33.633143449,-10.460790992],[33.633626422,-10.46238029],[33.63434851,-10.463543655],[33.63474967,-10.465228527],[33.636670504,-10.467959339],[33.637748612,-10.469215941],[33.638079299,-10.469841868],[33.638237265,-10.471472972],[33.637236863,-10.475056949],[33.634468858,-10.480713306],[33.634222985,-10.482185365],[33.633758899,-10.485983732],[33.63238092,-10.487625883],[33.628732269,-10.491103351],[33.626124729,-10.493069036],[33.624326526,-10.493523347],[33.62352687,-10.493644724],[33.623027085,-10.493908896],[33.62207182,-10.49493067],[33.621770482,-10.496261456],[33.621948977,-10.496497069],[33.623805321,-10.496846918],[33.625511731,-10.496861197],[33.628731775,-10.496225757],[33.6302347,-10.495483218],[33.631484163,-10.495204767],[33.632262478,-10.495315532],[33.63324769,-10.496082961],[33.636117885,-10.500109801],[33.637232608,-10.501241736],[33.637756393,-10.502217882],[33.638421653,-10.503066662],[33.643782696,-10.506685495],[33.644458957,-10.507172189],[33.645007617,-10.509490537],[33.644054952,-10.512761074],[33.64466125,-10.514428726],[33.647565023,-10.519782763],[33.649961631,-10.522607243],[33.651927395,-10.525213454],[33.65249166,-10.525621484],[33.653177449,-10.525889836],[33.655085303,-10.52595833],[33.657918338,-10.52517423],[33.658484859,-10.525382948],[33.658812845,-10.52574075],[33.659124862,-10.527964318],[33.659314167,-10.528331251],[33.660523892,-10.529070526],[33.662305736,-10.531607156],[33.664323517,-10.532587949],[33.665161691,-10.533607359],[33.665774646,-10.53391804],[33.667177736,-10.533117479],[33.669159312,-10.530869259],[33.670173087,-10.529527499],[33.670560707,-10.527529765],[33.670829059,-10.526993061],[33.671246495,-10.526754526],[33.671539552,-10.52675846],[33.672521185,-10.527471346],[33.673632684,-10.528458771],[33.674614938,-10.528908541],[33.675081761,-10.529377433],[33.675122693,-10.530422006],[33.674959291,-10.531694943],[33.673751116,-10.536922092],[33.673310656,-10.537389797],[33.672364205,-10.537927633],[33.671464185,-10.541252313],[33.671037831,-10.542311881],[33.671002568,-10.542995155],[33.670625737,-10.544125647],[33.670738786,-10.544577844],[33.671266349,-10.545444555],[33.67294513,-10.546593888],[33.673180649,-10.546998982],[33.673303862,-10.548431418],[33.673105283,-10.549175179],[33.673152387,-10.549928841],[33.673397327,-10.550352775],[33.674848126,-10.551210065],[33.675987384,-10.552188348],[33.676996061,-10.552425344],[33.679784608,-10.552500711],[33.681282511,-10.552971749],[33.681555713,-10.553791356],[33.679625046,-10.557585209],[33.677925483,-10.559612758],[33.677537863,-10.560477448],[33.677418595,-10.562564632],[33.678627738,-10.565223459],[33.678601654,-10.566027238],[33.678372736,-10.56682845],[33.677686947,-10.568170211],[33.677761027,-10.570951286],[33.677261727,-10.573725703],[33.677355934,-10.574290949],[33.678495847,-10.575440283],[33.67914588,-10.57577001],[33.68171223,-10.576250593],[33.683471428,-10.576250593],[33.686192615,-10.574253266],[33.69012767,-10.572018752],[33.691325762,-10.571855904],[33.692593646,-10.571875291],[33.694390379,-10.571330803],[33.695419316,-10.570522641],[33.699083995,-10.569476935],[33.700145042,-10.569034901],[33.700473028,-10.568587648],[33.700711564,-10.567156435],[33.701778335,-10.566386924],[33.702258795,-10.56633982],[33.703842339,-10.567484422],[33.704915748,-10.567842225],[33.705929522,-10.567842225],[33.706853847,-10.567633507],[33.70768872,-10.567007351],[33.708255241,-10.566768816],[33.708759125,-10.566942749],[33.709030481,-10.567245886],[33.708672678,-10.569959225],[33.708288087,-10.571568346],[33.706346959,-10.574223043],[33.705989156,-10.575385902],[33.705989419,-10.576189233],[33.706347408,-10.578582109],[33.706108424,-10.579470818],[33.705293811,-10.58001228],[33.704735477,-10.580749833],[33.701614168,-10.58637013],[33.700557004,-10.587114608],[33.696991017,-10.588045931],[33.696402813,-10.588781185],[33.696447381,-10.590500684],[33.695150244,-10.593345102],[33.694825058,-10.593670287],[33.693834743,-10.594079274],[33.692795061,-10.59393078],[33.688821617,-10.594895991],[33.686455965,-10.594891162],[33.68669969,-10.595629535],[33.686545312,-10.598072812],[33.685257549,-10.603448311],[33.685448375,-10.604668218],[33.685420112,-10.605600874],[33.683941052,-10.607673443],[33.68371179,-10.60824585],[33.68285361,-10.608711129],[33.68208516,-10.608097378],[33.681632963,-10.607984328],[33.681077138,-10.608135061],[33.680196673,-10.608678891],[33.679565105,-10.609331499],[33.678217935,-10.609444548],[33.677596164,-10.609265553],[33.676427989,-10.608474209],[33.675862742,-10.608238689],[33.674996032,-10.608351739],[33.674082217,-10.60935034],[33.673667703,-10.610188788],[33.673234348,-10.611837423],[33.672386479,-10.61314691],[33.670247964,-10.613552003],[33.66933415,-10.614381031],[33.668514977,-10.616008091],[33.667639475,-10.617233795],[33.666263686,-10.61835944],[33.664662769,-10.619134884],[33.661735134,-10.62017249],[33.660706351,-10.620306903],[33.656900619,-10.621677416],[33.655828535,-10.621677416],[33.654924142,-10.621432476],[33.65261086,-10.620273037],[33.651935473,-10.620147964],[33.651435186,-10.620423123],[33.649834269,-10.622299199],[33.645908466,-10.624710904],[33.645522214,-10.626076915],[33.646059198,-10.627442927],[33.64672087,-10.628144262],[33.6467157,-10.628780143],[33.642680168,-10.633130407],[33.641904723,-10.633805794],[33.641401185,-10.634761557],[33.641240922,-10.638344202],[33.641101339,-10.639186873],[33.640770474,-10.639781396],[33.638148579,-10.641315009],[33.637342108,-10.641385139],[33.636341535,-10.641785368],[33.634340387,-10.6432362],[33.631063509,-10.647538665],[33.630488179,-10.648589268],[33.629536582,-10.649748695],[33.624340972,-10.654690988],[33.621538961,-10.657580884],[33.619968379,-10.658828218],[33.61873695,-10.661401339],[33.616912024,-10.663660525],[33.614741653,-10.664023114],[33.613743135,-10.663764701],[33.613253255,-10.663453815],[33.612640905,-10.662671892],[33.61183999,-10.660646179],[33.609963915,-10.657919616],[33.608813255,-10.656518814],[33.607362423,-10.655468211],[33.60636185,-10.655092996],[33.604810961,-10.654892882],[33.603009929,-10.655368154],[33.60048348,-10.65759443],[33.597856975,-10.659195348],[33.597031502,-10.660320993],[33.596831387,-10.660871309],[33.596931444,-10.6636479],[33.595588371,-10.667386985],[33.593939737,-10.670288583],[33.592153706,-10.673053291],[33.588901842,-10.676955528],[33.588076369,-10.678506417],[33.587588254,-10.680166259],[33.586542549,-10.68130617],[33.585110592,-10.682304774],[33.583348659,-10.682833898],[33.581786945,-10.684452709],[33.58136301,-10.68521579],[33.581002314,-10.687486565],[33.579526468,-10.6905133],[33.576198545,-10.693548461],[33.568445252,-10.702696028],[33.567814061,-10.704071459],[33.564572896,-10.707798207],[33.561321032,-10.711950588],[33.55911977,-10.714076806],[33.55824952,-10.716791649],[33.557368767,-10.721831251],[33.556595809,-10.723233303],[33.553916788,-10.725608416],[33.551140196,-10.729460625],[33.550865039,-10.730961484],[33.550872126,-10.732688216],[33.550520627,-10.733872736],[33.550201939,-10.73437995],[33.549215973,-10.734935594],[33.548106758,-10.735104825],[33.546213612,-10.734952744],[33.545250263,-10.735155804],[33.542023916,-10.73665203],[33.541339537,-10.736786657],[33.540568781,-10.736557594],[33.539719697,-10.735708511],[33.537694921,-10.732239559],[33.537393456,-10.732126509],[33.536907038,-10.732387301],[33.536606866,-10.732912603],[33.53629648,-10.734444559],[33.536252608,-10.735404256],[33.535641193,-10.736384697],[33.535530888,-10.736861849],[33.535775482,-10.739171828],[33.534501529,-10.74173889],[33.531403883,-10.744744384],[33.531109803,-10.745268481],[33.531203769,-10.746520402],[33.531745393,-10.748013139],[33.532573249,-10.749208931],[33.533698284,-10.749980182],[33.536019111,-10.750942476],[33.536224306,-10.751239655],[33.534759814,-10.753170995],[33.53431279,-10.754780282],[33.533968994,-10.756140325],[33.533008367,-10.75825708],[33.532535751,-10.758629946],[33.531872759,-10.758815391],[33.531407132,-10.759474038],[33.531120204,-10.761022854],[33.531148699,-10.761799026],[33.531452078,-10.762578178],[33.531482888,-10.764016268],[33.531282227,-10.764584239],[33.530907068,-10.764995222],[33.52782568,-10.765399811],[33.52701336,-10.765703532],[33.524995612,-10.765693538],[33.524144059,-10.765390394],[33.522176078,-10.767252263],[33.520253874,-10.769643842],[33.518733991,-10.771029619],[33.516051845,-10.775388107],[33.514361651,-10.776102981],[33.512888525,-10.775740297],[33.507036096,-10.776038056],[33.504936555,-10.776911185],[33.504132381,-10.777917523],[33.503058491,-10.782166092],[33.50185626,-10.782734747],[33.500631177,-10.784070023],[33.500064972,-10.785432075],[33.500052491,-10.786691261],[33.499081205,-10.78918423],[33.497418244,-10.791120918],[33.496558802,-10.791535923],[33.493112795,-10.792009792],[33.489523743,-10.791924437],[33.487946138,-10.792162844],[33.485219177,-10.793625661],[33.482686473,-10.793537362],[33.482031723,-10.793300181],[33.481027995,-10.79380896],[33.480840345,-10.794021974],[33.479780681,-10.794276124],[33.478895466,-10.79492358],[33.47832791,-10.794667511],[33.477529169,-10.79366227],[33.476757757,-10.793151877],[33.476496476,-10.794122767],[33.47584315,-10.795011184],[33.475380212,-10.795299164],[33.474381867,-10.796564346],[33.474052218,-10.79746434],[33.472241629,-10.798586166],[33.471504342,-10.799605064],[33.471085379,-10.799855601],[33.469070304,-10.800050833],[33.468431474,-10.800781171],[33.467897279,-10.801788106],[33.467874842,-10.802379002],[33.468162336,-10.803338724],[33.467919481,-10.803813848],[33.465928824,-10.805524457],[33.464925454,-10.806126896],[33.464828561,-10.806292371],[33.465629087,-10.80766914],[33.466974919,-10.812583942],[33.466912218,-10.813682154],[33.466422376,-10.814269197],[33.465206781,-10.815070385],[33.464246474,-10.816374672],[33.458772414,-10.81971175],[33.457667328,-10.819767004],[33.456589868,-10.819573614],[33.454880003,-10.819689417],[33.451672233,-10.820789209],[33.449945993,-10.82141359],[33.448747501,-10.822264969],[33.448119843,-10.822250793],[33.446726971,-10.821839041],[33.445815275,-10.821700905],[33.443978485,-10.821854579],[33.443356457,-10.82175616],[33.441947472,-10.821093107],[33.440787348,-10.820779074],[33.436189695,-10.821345567],[33.435068308,-10.820954972],[33.433410679,-10.819214461],[33.431974066,-10.816949033],[33.431036337,-10.816286008],[33.42891649,-10.816076417],[33.422531102,-10.816479372],[33.421066862,-10.81570581],[33.419271097,-10.814048181],[33.417620418,-10.813604802],[33.41364004,-10.813257612],[33.407513906,-10.813441581],[33.405582242,-10.813292991],[33.405086944,-10.812861374],[33.403523216,-10.810342428],[33.402575073,-10.809450891],[33.400834453,-10.808835306],[33.399186149,-10.808053087],[33.395951606,-10.807081714],[33.395260914,-10.807071248],[33.39392787,-10.80766074],[33.389495657,-10.810391958],[33.387931929,-10.810880181],[33.387064485,-10.811456347],[33.382784424,-10.815539582],[33.374155592,-10.821898836],[33.371661275,-10.824627554],[33.369493331,-10.826098378],[33.367807789,-10.826356041],[33.36629259,-10.827429635],[33.364209818,-10.827766027],[33.361819282,-10.8275191],[33.359928325,-10.828440602],[33.358869046,-10.829245798],[33.353635276,-10.829099073],[33.351842374,-10.829417572],[33.350228405,-10.829023921],[33.348945818,-10.828132839],[33.34481606,-10.827231019],[33.342131717,-10.826828422],[33.339844247,-10.824751018],[33.338505833,-10.823799098],[33.337199627,-10.822135027],[33.336491055,-10.822031247],[33.335811112,-10.822474999],[33.334956531,-10.823781204],[33.334022505,-10.825688622],[33.332440743,-10.827277542],[33.331303449,-10.829775437],[33.328247285,-10.833778153],[33.326998338,-10.834876797],[33.325957667,-10.836939886],[33.325596224,-10.838947508],[33.325889673,-10.842102083],[33.325331404,-10.846246157],[33.324704426,-10.848153575],[33.323877758,-10.848976664],[33.320757179,-10.85046538],[33.319676427,-10.851413721],[33.319442154,-10.851899136],[33.31919832,-10.854231906],[33.31938441,-10.856948098],[33.318801091,-10.859152545],[33.318772461,-10.860256557],[33.316560858,-10.86252184],[33.31557172,-10.864638609],[33.31496335,-10.866316994],[33.312780376,-10.868251253],[33.310543722,-10.869063606],[33.300695645,-10.872128716],[33.296389102,-10.872758556],[33.295659058,-10.873187994],[33.295115104,-10.874057606],[33.293838251,-10.874786499],[33.292482259,-10.875368037],[33.29160045,-10.876830909],[33.291025538,-10.878158296],[33.286940149,-10.87803069],[33.286278293,-10.877434139],[33.285577799,-10.875283129],[33.28550657,-10.871906169],[33.286829874,-10.870591348],[33.287779938,-10.869938178],[33.288238259,-10.869152042],[33.286695759,-10.868501077],[33.285245242,-10.867588314],[33.283699082,-10.866360215],[33.28236968,-10.865670801],[33.280853484,-10.865393264],[33.275134661,-10.865061738],[33.27289277,-10.865289649],[33.271708893,-10.865780044],[33.270369307,-10.866916122],[33.269590981,-10.866944426],[33.268338379,-10.86669174],[33.266929394,-10.866001061],[33.266321596,-10.866083943],[33.26502312,-10.866829876],[33.264470576,-10.868487505],[33.263503626,-10.870172763],[33.261072435,-10.872797344],[33.259608196,-10.875200906],[33.258693708,-10.877494283],[33.254745815,-10.881417017],[33.25040835,-10.884538887],[33.249330891,-10.886389908],[33.246844446,-10.888047538],[33.246236649,-10.888710589],[33.245766987,-10.889622286],[33.245684105,-10.89133517],[33.245159189,-10.893269071],[33.2446619,-10.894678056],[33.244800036,-10.896308059],[33.24501215,-10.896623415],[33.245592356,-10.896934746],[33.24651292,-10.897136874],[33.249413772,-10.89912603],[33.249809469,-10.899446617],[33.250049197,-10.900258744],[33.25002157,-10.900728405],[33.248999365,-10.903297732],[33.248910856,-10.903897227],[33.249434457,-10.905821815],[33.249908528,-10.906607217],[33.250463605,-10.907165534],[33.25021496,-10.908878418],[33.250299107,-10.909140315],[33.250652891,-10.909232299],[33.252053878,-10.909126162],[33.255379453,-10.908340762],[33.255903055,-10.907986977],[33.2568795,-10.906883169],[33.258227419,-10.905775823],[33.258889889,-10.9041818],[33.259854829,-10.902995076],[33.261744038,-10.901827587],[33.262812947,-10.901778238],[33.264249559,-10.902358408],[33.265186363,-10.903023379],[33.266739477,-10.902839411],[33.268172305,-10.90364604],[33.269155826,-10.905047026],[33.26950961,-10.905266373],[33.271462501,-10.905514023],[33.272205449,-10.905436189],[33.273034997,-10.905038242],[33.274361814,-10.904091896],[33.274830763,-10.902800442],[33.274736826,-10.900844153],[33.274850037,-10.900610656],[33.275963476,-10.900838914],[33.276838306,-10.900992742],[33.278225142,-10.900490369],[33.278748743,-10.900532823],[33.27964028,-10.901339452],[33.28034785,-10.904318318],[33.281904502,-10.90633489],[33.283198646,-10.908740626],[33.283849609,-10.913820972],[33.284939266,-10.914960159],[33.286948763,-10.916269162],[33.28961682,-10.918534112],[33.29293208,-10.920274623],[33.294175302,-10.921241574],[33.295603053,-10.923064547],[33.296132901,-10.923464752],[33.299862646,-10.928197578],[33.300288807,-10.930447039],[33.300191882,-10.933315042],[33.300578375,-10.934078487],[33.302792365,-10.935591061],[33.304262472,-10.937055921],[33.305355152,-10.939627774],[33.305744817,-10.939927889],[33.308055838,-10.940076298],[33.309611356,-10.94058208],[33.310384343,-10.940834971],[33.311362984,-10.941846535],[33.31228866,-10.944365902],[33.312140743,-10.945005287],[33.310623397,-10.947348107],[33.310427764,-10.949519153],[33.31028939,-10.950907666],[33.310680655,-10.953002369],[33.310685427,-10.954281138],[33.310986033,-10.955626709],[33.310637712,-10.957487605],[33.3101033,-10.958365566],[33.309807466,-10.959935399],[33.309826552,-10.960894476],[33.310494566,-10.963604705],[33.311410699,-10.966019097],[33.311572931,-10.968953588],[33.311234153,-10.97101966],[33.310709285,-10.973839633],[33.308371236,-10.978828266],[33.30830682,-10.979880386],[33.308702857,-10.981287989],[33.308569254,-10.98210392],[33.307323885,-10.985541806],[33.307132039,-10.985836381],[33.303909168,-10.985965126],[33.302110501,-10.985709337],[33.295644329,-10.98290101],[33.293241772,-10.982137139],[33.292363618,-10.981641657],[33.290499278,-10.981618482],[33.289529952,-10.981790754],[33.29135607,-10.984940271],[33.292468548,-10.986079381],[33.293677904,-10.986561892],[33.29774714,-10.98730355],[33.298545785,-10.987680114],[33.29950963,-10.988535506],[33.300217868,-10.990125452],[33.299673782,-10.991785766],[33.298954801,-10.99280974],[33.29883734,-10.99530464],[33.298039448,-10.997336303],[33.297599094,-10.999758788],[33.297684002,-11.000162104],[33.29928267,-11.000755163],[33.300941979,-11.001183841],[33.305467596,-11.001526211],[33.305809587,-11.001583979],[33.306693421,-11.006699584],[33.307132096,-11.007542381],[33.308157582,-11.00860944],[33.308538674,-11.009627996],[33.309356291,-11.013858121],[33.313487007,-11.02252172],[33.315193696,-11.025208289],[33.315835208,-11.02622227],[33.317146995,-11.027640297],[33.31780407,-11.031250445],[33.317597612,-11.032617569],[33.31780829,-11.033585878],[33.317658385,-11.034951234],[33.317070359,-11.036462425],[33.317155998,-11.037584712],[33.318780403,-11.041566249],[33.319258729,-11.04252147],[33.319921082,-11.044217062],[33.320206713,-11.0451955],[33.321717587,-11.04646399],[33.323013161,-11.047062649],[33.326016082,-11.047931413],[33.327311038,-11.049080211],[33.329096852,-11.051616589],[33.329312933,-11.05258895],[33.329393784,-11.056977107],[33.330106635,-11.058960841],[33.330821172,-11.060043717],[33.331334363,-11.062220725],[33.330318786,-11.0637711],[33.329430324,-11.065962877],[33.329384239,-11.067490381],[33.3290789,-11.069686184],[33.329276541,-11.070063899],[33.332232176,-11.071398731],[33.335343731,-11.07452109],[33.339773375,-11.077475987],[33.341432331,-11.078486162],[33.341950923,-11.079777241],[33.343139364,-11.081468069],[33.343420269,-11.082116309],[33.344894476,-11.083690994],[33.348297739,-11.086251544],[33.349134708,-11.087225886],[33.351198616,-11.087753301],[33.35219291,-11.088121832],[33.353277307,-11.088409645],[33.355662399,-11.090849133],[33.357407521,-11.091538997],[33.359252465,-11.09351454],[33.359943921,-11.095335015],[33.360485016,-11.096970214],[33.362085023,-11.098923944],[33.363222938,-11.100099584],[33.364214666,-11.101559563],[33.367037834,-11.103386704],[33.36842615,-11.105768987],[33.368580839,-11.107027244],[33.36864672,-11.109385765],[33.369635359,-11.111134348],[33.370624225,-11.111789522],[33.371666812,-11.11299417],[33.373552112,-11.114279847],[33.374273525,-11.115079142],[33.374551224,-11.117172118],[33.375599712,-11.120393156],[33.376539421,-11.123293092],[33.376820325,-11.125021734],[33.376112662,-11.127636304],[33.375535915,-11.128700749],[33.375517615,-11.129628169],[33.376077829,-11.130907825],[33.377033995,-11.134099856],[33.377845317,-11.135844937],[33.379268088,-11.13749073],[33.380539312,-11.139824384],[33.381803061,-11.140877286],[33.382754446,-11.142200577],[33.384568602,-11.144027003],[33.385555808,-11.144300834],[33.38847269,-11.144852173],[33.389733006,-11.144563378],[33.392381216,-11.145470671],[33.393121785,-11.145540463],[33.394219067,-11.14612206],[33.39637098,-11.147068127],[33.397561317,-11.147731149],[33.398123529,-11.148339888],[33.398807215,-11.149579929],[33.399656136,-11.150200189],[33.400405751,-11.15039147],[33.401879133,-11.151632213],[33.403812624,-11.153720797],[33.405229139,-11.155292404],[33.406729088,-11.156682297],[33.407229897,-11.157524566],[33.407496192,-11.158875252],[33.407229897,-11.160802583],[33.406690702,-11.162034854],[33.40520523,-11.162736462],[33.404075595,-11.16299472],[33.401649366,-11.168063295],[33.401251923,-11.169550814],[33.400395779,-11.171099922],[33.400257675,-11.172416084],[33.399394466,-11.174203678],[33.398783223,-11.176268151],[33.398757899,-11.178512955],[33.398555581,-11.179256381],[33.399344292,-11.180913784],[33.399013262,-11.18171866],[33.398308637,-11.182346212],[33.39782004,-11.184190632],[33.397437444,-11.184716959],[33.39571289,-11.186161975],[33.392632353,-11.187994819],[33.390480445,-11.192037451],[33.390452721,-11.193679017],[33.39172761,-11.197953438],[33.39194866,-11.199175777],[33.391702745,-11.200885249],[33.39218289,-11.203576147],[33.39366255,-11.206922456],[33.393503202,-11.207696432],[33.39297761,-11.208888437],[33.391760834,-11.209712433],[33.386469124,-11.213205321],[33.384989464,-11.215322374],[33.383760208,-11.216710977],[33.381643156,-11.219715826],[33.381818013,-11.225977287],[33.381401771,-11.229940379],[33.381225894,-11.234069822],[33.380848807,-11.235372424],[33.379055558,-11.237721792],[33.372279998,-11.241507705],[33.370088703,-11.244181034],[33.368838022,-11.245702695],[33.367783022,-11.24807345],[33.366293931,-11.249096467],[33.364324109,-11.250310018],[33.362491765,-11.251438561],[33.359779093,-11.252517283],[33.357966827,-11.252973106],[33.356203515,-11.254056206],[33.355048591,-11.255354764],[33.354789316,-11.256104096],[33.355039452,-11.25859156],[33.356130323,-11.261773846],[33.355449397,-11.266491688],[33.354719834,-11.268374657],[33.354474059,-11.269901248],[33.352679529,-11.27269476],[33.351534074,-11.273794272],[33.348603118,-11.275510134],[33.348165942,-11.276092115],[33.347223136,-11.278950287],[33.34743019,-11.280890623],[33.347828934,-11.283863114],[33.346074888,-11.28816008],[33.345858331,-11.289055392],[33.342781593,-11.291714991],[33.341782286,-11.293032164],[33.341285857,-11.294182519],[33.340487816,-11.295202605],[33.338861737,-11.298393916],[33.337936681,-11.300849729],[33.338095114,-11.303314049],[33.337813643,-11.304601721],[33.335082533,-11.310697297],[33.334747084,-11.311167683],[33.334176989,-11.311593736],[33.333112545,-11.311879025],[33.330980018,-11.312022486],[33.330371279,-11.312383077],[33.328060395,-11.315104957],[33.327164734,-11.317822959],[33.32649008,-11.320366481],[33.325319129,-11.32170028],[33.324708909,-11.324358137],[33.323805378,-11.327212475],[33.322840243,-11.328239214],[33.32177118,-11.328970295],[33.32008971,-11.329144001],[33.317275314,-11.328588306],[33.315694135,-11.328608841],[33.313558516,-11.330066811],[33.311220793,-11.330977637],[33.310600053,-11.331557385],[33.309112618,-11.335035875],[33.308301609,-11.33764415],[33.308281074,-11.338855703],[33.309266744,-11.342202874],[33.310971132,-11.345159884],[33.311669315,-11.348465986],[33.312182685,-11.349944491],[33.313045146,-11.35460589],[33.3161459,-11.361207826],[33.317925963,-11.363490389],[33.317896683,-11.363619222],[33.316536061,-11.36379521],[33.314605586,-11.364427356],[33.307920584,-11.367450229],[33.30430692,-11.370639971],[33.303350515,-11.370908799],[33.301401514,-11.370841592],[33.297724137,-11.368918641],[33.294746592,-11.36797404],[33.293596643,-11.368240993],[33.293001134,-11.368590084],[33.291810116,-11.369637358],[33.290025791,-11.373042211],[33.290170295,-11.376392862],[33.290101221,-11.379508817],[33.290332936,-11.381945552],[33.289899474,-11.385099302],[33.289166315,-11.387690538],[33.28923319,-11.388279656],[33.293267489,-11.397118247],[33.29331365,-11.399300524],[33.292994141,-11.403889445],[33.291883979,-11.408558135],[33.292145797,-11.411730761],[33.292623231,-11.416736117],[33.291856839,-11.419201736],[33.291524628,-11.423311393],[33.292188043,-11.427096602],[33.292967557,-11.429028669],[33.293156828,-11.429881119],[33.295066577,-11.431308535],[33.295812569,-11.431640365],[33.297334524,-11.431997252],[33.298200202,-11.432696282],[33.299034248,-11.434294348],[33.299198271,-11.435786093],[33.29903894,-11.4362662],[33.298683691,-11.436657808],[33.297966321,-11.436976626],[33.296090707,-11.438681528],[33.292380005,-11.440414584],[33.290157447,-11.43993547],[33.289279809,-11.439935939],[33.287135605,-11.440346767],[33.283044744,-11.439139082],[33.28215224,-11.439024373],[33.279032953,-11.439517636],[33.278440796,-11.439466766],[33.277759338,-11.439105132],[33.268172585,-11.430916519],[33.26771305,-11.430190455],[33.267418948,-11.427488393],[33.266812363,-11.426725566],[33.264680124,-11.425420487],[33.260911942,-11.424740377],[33.257985075,-11.423563521],[33.256545446,-11.421731926],[33.256056598,-11.421392877],[33.251616691,-11.419784602],[33.251315264,-11.419513068],[33.248704211,-11.415267669],[33.246607325,-11.411653677],[33.245876934,-11.411305438],[33.239906641,-11.411237383],[33.238963417,-11.411462918],[33.237715921,-11.41238277],[33.232846053,-11.419224576],[33.232454397,-11.420372453],[33.232425452,-11.421678265],[33.233314439,-11.431717992],[33.232829725,-11.433882723],[33.234972564,-11.443035815],[33.235616374,-11.443832376],[33.237059585,-11.444318026],[33.237822592,-11.444633601],[33.242879524,-11.45125339],[33.243871396,-11.451998221],[33.24697717,-11.45359703],[33.247421126,-11.454207009],[33.247675031,-11.455138166],[33.247340081,-11.457636279],[33.246248547,-11.459102476],[33.245729519,-11.45968089],[33.23911621,-11.464056013],[33.238445776,-11.464848475],[33.238223946,-11.465439567],[33.238087967,-11.466611533],[33.234616942,-11.471502371],[33.233334017,-11.474890013],[33.233344753,-11.475739357],[33.234047051,-11.478028764],[33.235355878,-11.478271371],[33.23709086,-11.477444341],[33.23894409,-11.477926968],[33.240888244,-11.479436805],[33.241632479,-11.480226824],[33.241588992,-11.481001494],[33.241258032,-11.481760973],[33.23984006,-11.482636851],[33.238038476,-11.484778994],[33.238114788,-11.485376842],[33.239828755,-11.489028911],[33.242357069,-11.495697097],[33.246078826,-11.501585026],[33.249093851,-11.507794937],[33.254359562,-11.520156656],[33.255141718,-11.525034154],[33.255140434,-11.528175095],[33.254938405,-11.529204753],[33.250665746,-11.537868836],[33.241963409,-11.546073597],[33.237096112,-11.551196704],[33.232960127,-11.556734722],[33.23056035,-11.560790853],[33.228094312,-11.565952957],[33.22687121,-11.569287576],[33.226510833,-11.571194588],[33.226430093,-11.572902304],[33.226676431,-11.574775244],[33.227621359,-11.578978323],[33.228884847,-11.581248619],[33.230798197,-11.583603239],[33.232878586,-11.584811795],[33.233220282,-11.585197674],[33.234092759,-11.587771054],[33.23446103,-11.589159821],[33.235556147,-11.589879854],[33.237238041,-11.590512025],[33.238649101,-11.590455427],[33.23928209,-11.590212873],[33.241482111,-11.588244665],[33.243790843,-11.586431259],[33.245140212,-11.585983013],[33.249237237,-11.583340277],[33.250136806,-11.582479435],[33.250741068,-11.582069233],[33.252413409,-11.58143597],[33.252983064,-11.581374656],[33.255106732,-11.580444079],[33.257250597,-11.579848141],[33.26271961,-11.57754499],[33.26471293,-11.577279481],[33.265595871,-11.576934574],[33.266797758,-11.576851823],[33.269421295,-11.577432836],[33.272848111,-11.580598417],[33.274486992,-11.583114891],[33.275224626,-11.583146879],[33.276873733,-11.582185231],[33.277454116,-11.581095618],[33.278165949,-11.580225403],[33.279988555,-11.579141143],[33.280426627,-11.578204274],[33.280320969,-11.577160075],[33.281117068,-11.576869808],[33.28153272,-11.57685649],[33.285140407,-11.577988077],[33.28751504,-11.578371392],[33.289114986,-11.578155567],[33.289986894,-11.578201847],[33.28997405,-11.578859266],[33.291634367,-11.581545437],[33.292555552,-11.58374967],[33.293396271,-11.586411452],[33.294601141,-11.589049755],[33.296542968,-11.59140663],[33.298842197,-11.592556244],[33.301296245,-11.593323752],[33.304227927,-11.593458807],[33.30980085,-11.593157549],[33.310318926,-11.593157549],[33.311369372,-11.593827738],[33.312369709,-11.595900434],[33.315631077,-11.607745868],[33.318593167,-11.620142051],[33.32037194,-11.630346938],[33.320596247,-11.633939801],[33.3203534,-11.636012102],[33.317261137,-11.643362298],[33.316333213,-11.646611685],[33.315952204,-11.650003066],[33.315971423,-11.651853069],[33.316192606,-11.655278033],[33.31577167,-11.658807421],[33.313176439,-11.667240329],[33.312074006,-11.672144267],[33.312193711,-11.677482423],[33.312865703,-11.680529155],[33.313537469,-11.682711747],[33.315909381,-11.688474342],[33.316222314,-11.689551488],[33.316123493,-11.691234734],[33.314395532,-11.696837397],[33.313942216,-11.700285837],[33.313949437,-11.701983135],[33.31458189,-11.703806378],[33.316030708,-11.707134147],[33.316887707,-11.711455103],[33.316844884,-11.715230055],[33.316456189,-11.716570722],[33.314861882,-11.718573489],[33.314476481,-11.721672639],[33.314163604,-11.72324252],[33.314136494,-11.725104889],[33.31470246,-11.731440281],[33.317434515,-11.741776597],[33.318346333,-11.74489133],[33.318709366,-11.746708788],[33.319953149,-11.749683667],[33.320956725,-11.751020951],[33.322094777,-11.752037287],[33.32316158,-11.753359213],[33.325461422,-11.755253322],[33.326262266,-11.756292217],[33.326383421,-11.756641981],[33.325725177,-11.76050954],[33.324400986,-11.764141915],[33.324284567,-11.765215055],[33.32511013,-11.767123967],[33.324954184,-11.771881666],[33.324472416,-11.773883222],[33.324527655,-11.776188316],[33.323924689,-11.777352079],[33.323714684,-11.778093774],[33.322956034,-11.779021437],[33.322822776,-11.779982066],[33.323212569,-11.78045106],[33.323845329,-11.780834006],[33.325643176,-11.78142811],[33.327175715,-11.782237834],[33.330842233,-11.785249569],[33.332369489,-11.787036977],[33.333313537,-11.789246038],[33.33501787,-11.795873621],[33.335080597,-11.800181188],[33.33464425,-11.802969528],[33.333350048,-11.807516727],[33.332152172,-11.810294557],[33.33198548,-11.81296648],[33.332178391,-11.815353116],[33.332738646,-11.819139143],[33.332586712,-11.820164212],[33.331770069,-11.821957277],[33.330332066,-11.824549232],[33.328923433,-11.828270832],[33.325916901,-11.833911581],[33.320292165,-11.840517144],[33.316677121,-11.844320347],[33.312229376,-11.849692869],[33.309468596,-11.853975034],[33.305882466,-11.861804161],[33.305064525,-11.865953051],[33.304923797,-11.870174758],[33.305296613,-11.872163107],[33.305882466,-11.873689876],[33.306912147,-11.875145632],[33.309162794,-11.877412211],[33.312362355,-11.879566159],[33.316356808,-11.882158115],[33.317581773,-11.883170043],[33.319623382,-11.885637727],[33.320501141,-11.887532733],[33.321593979,-11.891265467],[33.323291491,-11.901276306],[33.323759885,-11.902443288],[33.324825047,-11.906222473],[33.325091344,-11.907838007],[33.325162357,-11.909542306],[33.323047285,-11.923100683],[33.322831603,-11.924592439],[33.321134452,-11.935046742],[33.320166526,-11.93849142],[33.318766236,-11.941758171],[33.317759305,-11.943397511],[33.315702323,-11.945798905],[33.313278949,-11.948275659],[33.312280775,-11.94969552],[33.311830739,-11.950661953],[33.311746113,-11.951389599],[33.312052393,-11.95495365],[33.312298417,-11.955540296],[33.312976788,-11.956325528],[33.313320838,-11.960165988],[33.313535927,-11.96160452],[33.314007429,-11.962834605],[33.314650803,-11.963798426],[33.313780641,-11.965005208],[33.313080876,-11.967238289],[33.308687459,-11.97623191],[33.307973041,-11.978011799],[33.307407338,-11.979074926],[33.307540784,-11.981167355],[33.308190372,-11.98265854],[33.309892904,-11.985584215],[33.310604796,-11.987931218],[33.310782327,-11.992387252],[33.310533784,-11.994340096],[33.30858094,-12.001494604],[33.307552971,-12.005223577],[33.306312597,-12.008558577],[33.303591221,-12.014561171],[33.301919453,-12.017457413],[33.299868242,-12.020152941],[33.296654446,-12.023054243],[33.293324438,-12.02571785],[33.291488785,-12.028697395],[33.289806857,-12.032771098],[33.286379702,-12.04252809],[33.283810123,-12.053988911],[33.283079012,-12.056084617],[33.27409872,-12.064937877],[33.273724656,-12.065959648],[33.274530525,-12.083556962],[33.274176546,-12.084822252],[33.268686595,-12.095916129],[33.269949374,-12.10284886],[33.269544682,-12.104199507],[33.264518672,-12.111137259],[33.263179323,-12.118657447],[33.257919585,-12.128432059],[33.256583499,-12.134059333],[33.257206102,-12.140069457],[33.260858119,-12.144757807],[33.263326438,-12.148418109],[33.27041187,-12.152607539],[33.272977033,-12.158273793],[33.276109248,-12.159628331],[33.28000671,-12.162119659],[33.280895428,-12.163753097],[33.282423278,-12.165203981],[33.282602552,-12.166773305],[33.282571514,-12.168629601],[33.282702395,-12.16898576],[33.283306314,-12.169446401],[33.284886599,-12.168940041],[33.288443703,-12.168802707],[33.289521439,-12.168371695],[33.290587348,-12.168327555],[33.291606341,-12.166940696],[33.293688437,-12.166062964],[33.294823193,-12.165974022],[33.296027458,-12.165672093],[33.29779849,-12.165531211],[33.299020888,-12.165620198],[33.300994692,-12.166315487],[33.3025481,-12.167158171],[33.304085278,-12.167197982],[33.305167096,-12.167015918],[33.306333622,-12.166152634],[33.307424687,-12.165786466],[33.309074786,-12.165835553],[33.310343006,-12.165991419],[33.312227305,-12.166535867],[33.312566199,-12.166821824],[33.312638427,-12.168385407],[33.312899393,-12.169220151],[33.313445428,-12.170207003],[33.313427219,-12.170902073],[33.313221746,-12.171307055],[33.310813061,-12.173992898],[33.31058913,-12.174483583],[33.310213169,-12.176978772],[33.308804603,-12.178845695],[33.308081629,-12.180428708],[33.308065934,-12.18078706],[33.30904381,-12.183351862],[33.311706787,-12.18955552],[33.311273346,-12.196517094],[33.31416031,-12.203691188],[33.314182616,-12.204879797],[33.315797058,-12.207124347],[33.31872566,-12.209405469],[33.318357062,-12.210676424],[33.317538538,-12.211251681],[33.317427245,-12.212434124],[33.316327821,-12.213075437],[33.315502572,-12.214846063],[33.314541415,-12.215833062],[33.31428222,-12.216477775],[33.312910986,-12.217242355],[33.311179631,-12.236590115],[33.3114839,-12.24786652],[33.311849317,-12.248785575],[33.323790229,-12.257413735],[33.325724611,-12.260714901],[33.326962113,-12.26138485],[33.329141246,-12.26026387],[33.32969309,-12.260199042],[33.330302574,-12.260458964],[33.330717613,-12.261576706],[33.329759814,-12.263511127],[33.329638251,-12.264308296],[33.329779426,-12.265039105],[33.330382481,-12.266068938],[33.330084522,-12.267768848],[33.330105534,-12.268482903],[33.332465989,-12.272557836],[33.335814686,-12.28425522],[33.345293183,-12.29616812],[33.350509576,-12.299713368],[33.363274685,-12.316470838],[33.367618535,-12.326186118],[33.368090577,-12.334010002],[33.368175268,-12.338750528],[33.367948409,-12.339625839],[33.367460382,-12.340332234],[33.367438346,-12.341223999],[33.36782804,-12.3417257],[33.368134286,-12.343423729],[33.369154471,-12.34447994],[33.369506735,-12.346011816],[33.36972508,-12.346360467],[33.37185118,-12.347128741],[33.376921662,-12.347445194],[33.381868453,-12.347473537],[33.386910478,-12.344952383],[33.392840055,-12.343625408],[33.39754629,-12.34162836],[33.41311188,-12.34368314],[33.423289698,-12.34353858],[33.438816894,-12.335202923],[33.456436594,-12.328698914],[33.45751626,-12.328198985],[33.475689785,-12.325220035],[33.485549662,-12.335441959],[33.493219565,-12.335390465],[33.496072584,-12.337191576],[33.498455881,-12.338194526],[33.50109573,-12.33907493],[33.504144911,-12.339642904],[33.505899958,-12.338733373],[33.50635267,-12.338971388],[33.506505986,-12.339735556],[33.508509642,-12.340689982],[33.509470034,-12.341397028],[33.510589486,-12.342852369],[33.511458417,-12.343625701],[33.512032588,-12.34366635],[33.512407236,-12.343487964],[33.512969431,-12.34289764],[33.515600448,-12.342350372],[33.517945912,-12.341253039],[33.518665692,-12.341052874],[33.521548573,-12.341874936],[33.522570383,-12.341855686],[33.52359164,-12.341542493],[33.524392958,-12.340139744],[33.525936363,-12.339212054],[33.527803535,-12.337378028],[33.5300993,-12.33809969],[33.533261933,-12.337821021],[33.534664801,-12.337620526],[33.538060376,-12.339334027],[33.538766996,-12.340287456],[33.539041069,-12.341845226],[33.539574698,-12.342582538],[33.540163722,-12.343234415],[33.540258584,-12.351369566],[33.540136769,-12.353517252],[33.542285992,-12.355843807],[33.542880054,-12.357069374],[33.54395467,-12.35750592],[33.54663804,-12.357470043],[33.547193605,-12.357367464],[33.547823171,-12.357666666],[33.54849149,-12.358555009],[33.548720415,-12.359697977],[33.549276607,-12.361005803],[33.549186409,-12.366286473],[33.548834744,-12.372251455],[33.548411504,-12.373069924],[33.543640205,-12.375708075],[33.538605801,-12.378631001],[33.538311057,-12.378612847],[33.537749291,-12.378285985],[33.537251994,-12.378255498]],[[34.637581545,-11.118110673],[34.637520663,-11.118194971],[34.637455098,-11.118109112],[34.637581545,-11.118110673]],[[34.62557576,-10.999052882],[34.625395788,-10.998961176],[34.625482908,-10.998927933],[34.62557576,-10.999052882]]]}]}}
]
}
