{
"type": "FeatureCollection",
"name": "zmb_boundary",
"features": [
{"type":"Feature","properties":{"country":"Zambia","iso3":"ZMB","poly":"GEOMETRYCOLLECTION(MULTILINESTRING((31.449273214 -8.638496802, 31.449373716 -8.638428957), (31.375788219 -8.592674999, 31.375788219 -8.592769004), (24.012049287 -11.581140474, 24.011932834 -11.581145536)), POLYGON((21.999899 -13.004717, 22.000752 -14.085768, 21.999678 -15.330224, 22.001999 -15.999999, 21.999407 -16.046069999, 21.999371 -16.052258, 21.999884999 -16.084595, 21.999664 -16.197874, 22.003162999 -16.207985, 22.012125 -16.218127999, 22.022047 -16.225985, 22.031725 -16.236132, 22.046158001 -16.244927999, 22.05723 -16.26013, 22.065039999 -16.264759, 22.075003 -16.267107, 22.075413 -16.278575999, 22.073217 -16.288656, 22.06938 -16.295055, 22.077619999 -16.307944999, 22.086599 -16.316935999, 22.09577 -16.334192, 22.108548999 -16.343203, 22.110409 -16.351010999, 22.116289 -16.362053, 22.120964 -16.376528, 22.127697 -16.406381999, 22.130037 -16.413277, 22.133274 -16.430496, 22.132952 -16.446093, 22.128887 -16.450658999, 22.130040999 -16.457087, 22.135922 -16.469275, 22.139662 -16.481453, 22.137253 -16.487173, 22.12602 -16.497437, 22.131233 -16.501137, 22.139795 -16.501181, 22.147654 -16.499386, 22.15431 -16.500107, 22.16802 -16.516235, 22.178636999 -16.534182, 22.190468 -16.546624999, 22.214201 -16.558666, 22.221531 -16.568794, 22.225772999 -16.576847, 22.251461 -16.579257999, 22.263328 -16.586422, 22.267817 -16.593096, 22.269892 -16.608475, 22.283151 -16.624134, 22.29409 -16.626474, 22.312387 -16.633433999, 22.31571 -16.635971, 22.339368999 -16.672089, 22.353606999 -16.683619, 22.356438 -16.691427, 22.355211 -16.699224999, 22.36282 -16.703383, 22.377088 -16.708025, 22.384451 -16.713330999, 22.394895 -16.722775, 22.418146 -16.74787, 22.434996 -16.766285, 22.450903 -16.782166999, 22.467051 -16.799664, 22.481787 -16.810721999, 22.496778 -16.817883, 22.498191999 -16.823624, 22.496958 -16.836471999, 22.515965 -16.85718, 22.527374 -16.868227, 22.544029 -16.879519, 22.553555999 -16.883676998, 22.575682 -16.900487999, 22.583057 -16.907163999, 22.616825 -16.946028, 22.621088 -16.959351, 22.63752 -16.970170999, 22.64633 -16.977995, 22.656798999 -16.989719, 22.693005 -17.021463, 22.694187 -17.025829, 22.688686 -17.033391999, 22.692734 -17.039366, 22.707994 -17.044445, 22.720163 -17.046760999, 22.722067 -17.049748999, 22.724428 -17.064671, 22.736353 -17.070429, 22.734911 -17.076624, 22.737053 -17.081219, 22.749450999 -17.089958, 22.789992 -17.121233, 22.793089 -17.126976, 22.800241 -17.13479, 22.809299 -17.149718999, 22.8081 -17.154307999, 22.802836 -17.163485, 22.803785 -17.168764, 22.807123001 -17.173354999, 22.824550999 -17.180264, 22.830518999 -17.183944999, 22.863947 -17.195915, 22.889979999 -17.202595, 22.902876001 -17.208573998, 22.912663 -17.22304, 22.921738 -17.230162, 22.929858999 -17.235676, 22.947537 -17.246703999, 22.970714 -17.258419, 22.973341 -17.263240999, 22.984094999 -17.266916, 22.994608 -17.277246, 22.997955 -17.284365, 23.009188 -17.288498, 23.010861 -17.291944999, 23.011579 -17.299976, 23.010624 -17.305716, 23.026588999 -17.318436, 23.040035 -17.338081, 23.047926 -17.343132, 23.060121 -17.344738, 23.072811 -17.384907, 23.084785 -17.410156, 23.092682 -17.418417, 23.104647 -17.424379, 23.121632 -17.426439, 23.125937 -17.426435, 23.128811 -17.428732, 23.128342 -17.441127999, 23.129541 -17.445719, 23.136007 -17.453062, 23.147261 -17.460401999, 23.141763999 -17.467979, 23.14679 -17.471651, 23.171442 -17.475307, 23.183651 -17.479887, 23.187244 -17.482865999, 23.197079 -17.502144, 23.207859 -17.510167999, 23.216972 -17.523016, 23.225595 -17.527138, 23.227287 -17.539074, 23.231363 -17.543202999, 23.240709 -17.54985, 23.246695 -17.550529, 23.261774 -17.547987, 23.274216 -17.545444, 23.284509 -17.5452, 23.303678 -17.553663, 23.313271 -17.561915999, 23.316141 -17.561222, 23.326181 -17.554548, 23.337673 -17.554527, 23.347029 -17.562549999, 23.357589999 -17.574924999, 23.364306 -17.579275, 23.382019 -17.577863999, 23.391607 -17.582436, 23.404567999 -17.594115999, 23.420175 -17.609695, 23.424010999 -17.612442, 23.426213999 -17.629196, 23.429892 -17.6362766, 23.521046 -17.619205999, 23.8511819995 -17.5540219995, 24.215244 -17.48214, 24.23699 -17.478089, 24.250826811 -17.476348611, 24.252825558 -17.479775035, 24.25775972 -17.48506237, 24.260820547 -17.487770024, 24.265817415 -17.489911537, 24.271385354 -17.490768144, 24.275435 -17.486819, 24.27828 -17.485048999, 24.282832 -17.48391, 24.288142 -17.483656, 24.293326 -17.484164, 24.296991 -17.483847, 24.307610999 -17.484288999, 24.317092 -17.487576, 24.323415 -17.489916, 24.328994 -17.49137, 24.335124 -17.490231, 24.339866 -17.489031, 24.346947 -17.485491, 24.353901 -17.481444, 24.363383 -17.477652, 24.380702999 -17.471836, 24.389933 -17.468422, 24.397141 -17.470066, 24.409023 -17.471836, 24.419898 -17.475375999, 24.431148 -17.478282999, 24.445688 -17.478788999, 24.459723 -17.480433, 24.482732 -17.489283, 24.492088 -17.497880999, 24.497398 -17.503569, 24.500567594 -17.507250744, 24.513006447 -17.513039827, 24.518717155 -17.514181968, 24.525379646 -17.513610897, 24.530995174 -17.510850722, 24.536515523 -17.507709834, 24.542987656 -17.507519477, 24.546985152 -17.509898938, 24.549745326 -17.514181968, 24.551268181 -17.526650344, 24.551744074 -17.532646585, 24.55679419 -17.538198594, 24.563451022 -17.538928363, 24.568971371 -17.538262113, 24.575919397 -17.535882653, 24.587816703 -17.533312835, 24.599523651 -17.534645331, 24.607899353 -17.534359797, 24.613134168 -17.532551407, 24.617702733 -17.52931534, 24.621129157 -17.515990359, 24.625507365 -17.511897684, 24.631122893 -17.51161215, 24.63616735 -17.513610897, 24.639498596 -17.517893926, 24.6445767 -17.520575049, 24.647493585 -17.518274639, 24.64777912 -17.513230184, 24.64901644 -17.511136258, 24.65196697 -17.510089293, 24.659105354 -17.51161215, 24.661389637 -17.510470009, 24.668242485 -17.509613403, 24.671193016 -17.508185725, 24.674714617 -17.505044838, 24.678616934 -17.501047341, 24.683090321 -17.499714845, 24.687658886 -17.50000038, 24.694035842 -17.50066663, 24.708978857 -17.496669135, 24.728680794 -17.500571451, 24.734486679 -17.50428341, 24.74650277 -17.514718279, 24.758186111 -17.516466249, 24.763040211 -17.518274639, 24.765895564 -17.516846964, 24.770940021 -17.512659113, 24.774271267 -17.510184474, 24.779506081 -17.507709834, 24.784550538 -17.5109459, 24.786834821 -17.515800002, 24.787881784 -17.524461239, 24.790040025 -17.533880136, 24.802465598 -17.536642491, 24.816340137 -17.526650344, 24.828903692 -17.519987852, 24.832425294 -17.52008303, 24.836613145 -17.524366061, 24.842894922 -17.525793738, 24.848891164 -17.528268375, 24.855077763 -17.529410519, 24.861264361 -17.529600875, 24.876397732 -17.527031058, 24.88075919 -17.527015257, 24.883322155 -17.530030511, 24.890257237 -17.537267118, 24.898096895 -17.548574315, 24.907745704 -17.554604823, 24.913625448 -17.554755584, 24.921465105 -17.55158957, 24.929558003 -17.550687935, 24.93880281 -17.547518978, 24.94332569 -17.548122028, 24.946642468 -17.550986518, 24.946642468 -17.555509399, 24.94198292 -17.559725001, 24.940913487 -17.561389142, 24.940762725 -17.56470592, 24.944682553 -17.568625749, 24.949657721 -17.566062784, 24.95870348 -17.565912021, 24.967870606 -17.559760508, 24.974533558 -17.553700247, 24.979508725 -17.553851008, 24.98659457 -17.559881516, 24.993882411 -17.585873868, 24.995713158 -17.588852326, 25.003027699 -17.595159974, 25.010716594 -17.598325991, 25.019913115 -17.595310738, 25.033180229 -17.586415742, 25.043281325 -17.587923366, 25.04750268 -17.590184808, 25.050668696 -17.594556924, 25.051120984 -17.599079804, 25.05097022 -17.602848869, 25.048407256 -17.609934715, 25.044939715 -17.616417508, 25.042458902 -17.619541354, 25.042646297 -17.626740182, 25.04664379 -17.63111839, 25.050641284 -17.631308747, 25.054638779 -17.628643751, 25.056161633 -17.624265541, 25.056161633 -17.614842877, 25.062062697 -17.614557342, 25.065679478 -17.615509126, 25.066726441 -17.617507873, 25.065869835 -17.624455899, 25.066415182 -17.630869438, 25.071104649 -17.635591776, 25.075292501 -17.635877312, 25.081954991 -17.64025552, 25.084239274 -17.646632476, 25.084334451 -17.654722642, 25.085577 -17.659530999, 25.08994998 -17.663288702, 25.09423301 -17.664240486, 25.101181036 -17.663098346, 25.102751836 -17.663847154, 25.105464066 -17.665858521, 25.106701386 -17.672901725, 25.108700133 -17.679659393, 25.104892995 -17.686797777, 25.100800323 -17.696696335, 25.094804081 -17.702216685, 25.09366194 -17.704691324, 25.093281226 -17.707070785, 25.096136578 -17.70983096, 25.100229253 -17.709926139, 25.110698879 -17.701835971, 25.121358866 -17.692794018, 25.127450286 -17.691747057, 25.133732063 -17.694697588, 25.13573081 -17.697552941, 25.135825989 -17.700884187, 25.133351348 -17.706975605, 25.134369017 -17.711095228, 25.136872951 -17.712305599, 25.139347591 -17.710782745, 25.14182223 -17.706119, 25.144772762 -17.704310611, 25.14972204 -17.704025075, 25.152672572 -17.706880427, 25.157431494 -17.714209167, 25.16066756 -17.722775228, 25.161048275 -17.728866648, 25.15952542 -17.732388249, 25.155623104 -17.737623065, 25.155813461 -17.740859132, 25.160286848 -17.744666268, 25.166568625 -17.744380734, 25.169614335 -17.74647466, 25.182279512 -17.76182394, 25.185705936 -17.764536526, 25.193843693 -17.768391253, 25.200411005 -17.768248485, 25.212403488 -17.767391879, 25.217114821 -17.767534647, 25.224110437 -17.768391253, 25.229963911 -17.770675536, 25.237245061 -17.774387495, 25.246953261 -17.782239715, 25.263263697 -17.791818501, 25.271080997 -17.797515856, 25.275506794 -17.799942906, 25.280075359 -17.803083794, 25.284507838 -17.811265321, 25.286642672 -17.815647349, 25.29163954 -17.818788237, 25.298777923 -17.82107252, 25.309057194 -17.82349957, 25.31362576 -17.825070012, 25.32033584 -17.828210903, 25.332613858 -17.835777589, 25.340037777 -17.837490801, 25.347033392 -17.838347407, 25.352744099 -17.838204639, 25.357312664 -17.837205265, 25.361452926 -17.836063124, 25.364736582 -17.836205892, 25.367591935 -17.837348033, 25.370447288 -17.839204013, 25.373445409 -17.842773204, 25.375729692 -17.846770698, 25.377157368 -17.850482656, 25.380155489 -17.852338637, 25.385866196 -17.852338637, 25.400000194 -17.851482031, 25.405568133 -17.85033989, 25.41184991 -17.848341143, 25.417703384 -17.848341143, 25.423842393 -17.850197122, 25.428696494 -17.851482031, 25.43383613 -17.851339262, 25.443258795 -17.848626678, 25.446685219 -17.846913466, 25.448398431 -17.845200254, 25.452538693 -17.843201507, 25.455108511 -17.843058739, 25.458106632 -17.844486416, 25.462817965 -17.847056234, 25.4679576 -17.848912213, 25.471384024 -17.849340516, 25.481948831 -17.849626052, 25.48751677 -17.850910959, 25.492941941 -17.85276694, 25.498652647 -17.856050596, 25.504363354 -17.860048089, 25.511216202 -17.863331747, 25.515499231 -17.864331121, 25.523065917 -17.86318898, 25.527206179 -17.860761929, 25.530632603 -17.858192111, 25.533487957 -17.855193991, 25.534772865 -17.851910334, 25.539198663 -17.845485788, 25.545765975 -17.84048892, 25.550049005 -17.838632942, 25.555616944 -17.837919104, 25.560328277 -17.838061871, 25.566467286 -17.838632942, 25.579316376 -17.839204013, 25.584456011 -17.840060619, 25.589167344 -17.840346154, 25.594164212 -17.839775083, 25.605442857 -17.839775083, 25.610868028 -17.839632316, 25.615579361 -17.840631689, 25.619719623 -17.841059992, 25.624002653 -17.840203386, 25.639225458 -17.834647951, 25.64517411 -17.833309506, 25.650527898 -17.83033518, 25.656030401 -17.825278825, 25.660789323 -17.820073754, 25.667332841 -17.814868684, 25.672984061 -17.811596924, 25.678486564 -17.809812329, 25.684809982 -17.808896236, 25.688521941 -17.809324539, 25.695374789 -17.811608822, 25.699657819 -17.814464174, 25.700657192 -17.817176761, 25.700371657 -17.820032114, 25.699086748 -17.825457285, 25.699515051 -17.830739688, 25.703655313 -17.835308253, 25.70936602 -17.839020212, 25.714505655 -17.840447889, 25.719788059 -17.840305121, 25.726212603 -17.840447889, 25.731495007 -17.841304495, 25.737348481 -17.84401708, 25.749340964 -17.847586272, 25.758192559 -17.847729038, 25.766330316 -17.849870554, 25.773325931 -17.853011443, 25.787317162 -17.865717765, 25.793027869 -17.872998916, 25.794455545 -17.877139178, 25.797924003 -17.880224566, 25.802878837 -17.882564349, 25.806876332 -17.885134167, 25.8118732 -17.888846126, 25.817441138 -17.892129782, 25.828577016 -17.896270045, 25.836000934 -17.898268792, 25.842425479 -17.898554326, 25.846422974 -17.899410932, 25.849563862 -17.903979497, 25.857416083 -17.922110991, 25.857987154 -17.927964465, 25.849849397 -17.928963838, 25.847422347 -17.929820444, 25.848564488 -17.931248121, 25.855417336 -17.931105354, 25.860271437 -17.930248747, 25.859700366 -17.931819192, 25.848992791 -17.936102222, 25.846851276 -17.937244361, 25.846422974 -17.940242484, 25.846565741 -17.943954442, 25.85213368 -17.946095958, 25.857558851 -17.948523007, 25.861699113 -17.950664523, 25.861270587 -17.952073421, 25.8583347 -17.957280386, 25.857049791 -17.960706808, 25.857192558 -17.963562163, 25.857906397 -17.966988586, 25.863617103 -17.968844567, 25.862903265 -17.971271617, 25.859476841 -17.97227099, 25.856907023 -17.97412697, 25.858620235 -17.975411879, 25.862189426 -17.975269109, 25.865901386 -17.974698041, 25.870041648 -17.974698041, 25.874324677 -17.974269738, 25.879749849 -17.974698041, 25.881320293 -17.976696788, 25.882747969 -17.980265977, 25.891456797 -17.980408747, 25.895882594 -17.980123212, 25.902449907 -17.983835171, 25.906304633 -17.983977939, 25.910444896 -17.983835171, 25.910302128 -17.985976686, 25.911444269 -17.993543372, 25.919010955 -17.996113188, 25.923436753 -17.995399351, 25.935000933 -17.992972301, 25.939712266 -17.991544623, 25.94128271 -17.993115069, 25.944138063 -17.995256582, 25.949991537 -17.996398725, 25.953989032 -17.996398725, 25.957558223 -17.995399351, 25.96141295 -17.996255957, 25.963126162 -17.997540866, 25.963982768 -18.001966663, 25.970121778 -18.002252199, 25.972691595 -18.001252826, 25.975261413 -17.999396846, 25.979544443 -17.998968543, 25.983827473 -17.997969169, 25.987824967 -17.997398098, 25.990680321 -17.995113816, 25.991108624 -17.992258463, 25.989680947 -17.990830786, 25.988681573 -17.988118201, 25.988681573 -17.985976686, 25.99010925 -17.983121333, 25.991822462 -17.98197919, 25.995534421 -17.980265977, 25.99924638 -17.977981697, 26.002958339 -17.976554019, 26.017235105 -17.976554019, 26.021375368 -17.976839556, 26.028228215 -17.97841, 26.031940175 -17.979837674, 26.03465276 -17.979694909, 26.03707981 -17.977838929, 26.040220699 -17.974983576, 26.042076678 -17.972413757, 26.044075426 -17.972128223, 26.046502476 -17.973555899, 26.048643991 -17.978267232, 26.051356576 -17.980979818, 26.059166456 -17.98085274, 26.06334906 -17.981122584, 26.066775484 -17.98083705, 26.077483058 -17.979266606, 26.079624573 -17.980265977, 26.0834793 -17.983121333, 26.086762956 -17.983121333, 26.090903218 -17.98197919, 26.091617057 -17.979980444, 26.090760451 -17.977981697, 26.090760451 -17.975697413, 26.091331521 -17.973555899, 26.093044733 -17.971271617, 26.094757945 -17.967987961, 26.095471783 -17.963990466, 26.095186248 -17.960849578, 26.097756066 -17.958422527, 26.101325257 -17.955995477, 26.103181237 -17.953853962, 26.105751055 -17.949999235, 26.105893823 -17.948286023, 26.104751681 -17.94657281, 26.102324631 -17.94657281, 26.097845188 -17.947412708, 26.093473036 -17.947572185, 26.091617057 -17.946287276, 26.091188754 -17.944431297, 26.089761077 -17.942004245, 26.089332774 -17.939148893, 26.088761703 -17.936579074, 26.087048491 -17.933580955, 26.093330268 -17.933152652, 26.095471783 -17.932153278, 26.098898207 -17.92958346, 26.101039722 -17.927441944, 26.103324005 -17.925585966, 26.105322752 -17.926299804, 26.107464267 -17.928013016, 26.112889438 -17.924872125, 26.117172468 -17.92287338, 26.12131273 -17.921874006, 26.12616683 -17.919018653, 26.128593881 -17.919161421, 26.134161819 -17.922302309, 26.136731637 -17.92158847, 26.138159314 -17.919589724, 26.138302081 -17.917448208, 26.141585738 -17.916020532, 26.14329895 -17.916306068, 26.147010909 -17.919161421, 26.149866262 -17.920018027, 26.15300715 -17.918447583, 26.156861877 -17.915877765, 26.161287675 -17.91245134, 26.164571331 -17.909595988, 26.169996502 -17.908739382, 26.176992117 -17.907026169, 26.183273894 -17.902600372, 26.185700945 -17.900173322, 26.189698439 -17.898174575, 26.193410398 -17.895747523, 26.197550661 -17.893463242, 26.203118599 -17.891178958, 26.205831185 -17.888894677, 26.209971447 -17.887181465, 26.214968315 -17.885753787, 26.218537507 -17.884468877, 26.220393486 -17.88489718, 26.226104193 -17.890036818, 26.225961425 -17.892178333, 26.224676516 -17.894890919, 26.224390981 -17.897460736, 26.22624696 -17.899316716, 26.229530616 -17.901172694, 26.231957667 -17.90274314, 26.234670252 -17.905027422, 26.237097302 -17.907454472, 26.238667747 -17.910452594, 26.241951403 -17.91430732, 26.245948897 -17.91801928, 26.251088533 -17.917448208, 26.26350932 -17.917305441, 26.270076632 -17.917590977, 26.275930106 -17.918304815, 26.281355277 -17.918304815, 26.287779822 -17.918875885, 26.290492407 -17.9210174, 26.295489276 -17.924301057, 26.301199982 -17.929297925, 26.304198103 -17.932153278, 26.306767921 -17.935008631, 26.3086239 -17.936436308, 26.310765415 -17.936150771, 26.313763536 -17.934580328, 26.317618263 -17.933723722, 26.321187454 -17.933580955, 26.325470484 -17.934294793, 26.329325211 -17.934152025, 26.334750382 -17.933152652, 26.347313936 -17.929155157, 26.350312057 -17.929012387, 26.354166784 -17.930868369, 26.357307672 -17.933295419, 26.361305167 -17.93386649, 26.36844355 -17.934294793, 26.379864963 -17.937007377, 26.384147993 -17.937721217, 26.389858699 -17.937721217, 26.399138597 -17.93629354, 26.403707162 -17.936008005, 26.412415989 -17.938435055, 26.416984554 -17.942004245, 26.421124817 -17.946858347, 26.425836149 -17.950713072, 26.430833018 -17.953140124, 26.437543098 -17.955138871, 26.440969521 -17.954996104, 26.443682107 -17.953711195, 26.446680228 -17.95399673, 26.448821743 -17.954853334, 26.451819864 -17.957994224, 26.453961378 -17.961991718, 26.456531196 -17.96556091, 26.459243782 -17.964561537, 26.463241276 -17.963990466, 26.465811094 -17.963990466, 26.467809842 -17.96498984, 26.47337778 -17.970272241, 26.475090992 -17.973698667, 26.478660184 -17.975554647, 26.481658305 -17.979694909, 26.485370264 -17.982264727, 26.489510526 -17.9832641, 26.496791677 -17.983977939, 26.502787918 -17.986833292, 26.509069695 -17.990402483, 26.515208705 -17.990830786, 26.531198683 -17.987404362, 26.535481713 -17.986690524, 26.549901246 -17.986690524, 26.558039003 -17.986976058, 26.562322033 -17.987689898, 26.564463548 -17.989117574, 26.56860381 -17.992258463, 26.570031486 -17.995256582, 26.571200136 -17.999678213, 26.571459163 -18.003822643, 26.571459163 -18.008105673, 26.572458537 -18.010532723, 26.574028981 -18.013245309, 26.57345791 -18.0168145, 26.58016799 -18.019812619, 26.584022717 -18.022667975, 26.588591282 -18.024952257, 26.592303241 -18.0265227, 26.601868675 -18.034089387, 26.601868675 -18.037515811, 26.601012069 -18.040228395, 26.598870554 -18.043940356, 26.597014574 -18.046367406, 26.597728412 -18.049079992, 26.601807154 -18.050761128, 26.605009563 -18.051935344, 26.61557437 -18.054933466, 26.620856773 -18.055361769, 26.626281945 -18.056646678, 26.631278813 -18.057074981, 26.633991398 -18.055361769, 26.639273802 -18.054219627, 26.643842367 -18.053934092, 26.646840488 -18.054219627, 26.651409053 -18.055932839, 26.654121638 -18.058502657, 26.659546809 -18.06192908, 26.664543678 -18.063927828, 26.669397778 -18.065355505, 26.674537414 -18.067211485, 26.677535535 -18.069067464, 26.682817938 -18.072922191, 26.687386503 -18.075349241, 26.691383998 -18.076776918, 26.694810422 -18.07663415, 26.696809169 -18.075349241, 26.697237472 -18.072922191, 26.695238724 -18.070209603, 26.694810422 -18.066640414, 26.695381492 -18.063356758, 26.698950684 -18.060929708, 26.701520502 -18.058074354, 26.711085935 -18.050650434, 26.716796641 -18.048223386, 26.72236458 -18.044511427, 26.726933145 -18.039371791, 26.729788498 -18.035231527, 26.732358316 -18.030948499, 26.734642599 -18.028806984, 26.741638214 -18.025523328, 26.744065264 -18.02295351, 26.749062132 -18.021097529, 26.756057748 -18.020098157, 26.761197384 -18.019955389, 26.770048979 -18.018242177, 26.773475402 -18.018099409, 26.77604522 -18.018956015, 26.782469765 -18.022096904, 26.785896189 -18.023239045, 26.792177966 -18.024381184, 26.79617546 -18.024523954, 26.800030187 -18.024238419, 26.80288554 -18.022667975, 26.803742146 -18.019955389, 26.805312591 -18.012959774, 26.807596873 -18.011246562, 26.816591236 -18.012103168, 26.822016407 -18.012103168, 26.827584346 -18.011817632, 26.830296931 -18.011103793, 26.830582467 -18.007249067, 26.828869255 -18.004964785, 26.825871134 -18.002966037, 26.825157295 -18.000681753, 26.828298184 -17.994828281, 26.831153537 -17.991972927, 26.833866123 -17.990830786, 26.837435314 -17.990402483, 26.839291294 -17.991687392, 26.845573071 -17.992829533, 26.848142889 -17.992686766, 26.853531496 -17.992126532, 26.860420908 -17.992829533, 26.865846079 -17.993971675, 26.869843573 -17.991972927, 26.871507789 -17.988009187, 26.873412765 -17.984834545, 26.876553653 -17.983692403, 26.879980077 -17.983835171, 26.881978824 -17.985691149, 26.885548016 -17.987975433, 26.88954551 -17.988832039, 26.894542378 -17.989545877, 26.897254964 -17.988832039, 26.901537994 -17.987261595, 26.907819771 -17.983977939, 26.910389589 -17.981693656, 26.916243063 -17.979266606, 26.928235546 -17.974983576, 26.932090273 -17.973127596, 26.936230535 -17.973555899, 26.939085888 -17.973698667, 26.944511059 -17.972842061, 26.948508554 -17.971557151, 26.954076493 -17.970557779, 26.957074614 -17.969415635, 26.962998351 -17.966418135, 26.965069603 -17.965275373, 26.968210491 -17.964704304, 26.970066471 -17.96484707, 26.977775924 -17.967702425, 26.98291556 -17.968987334, 26.986199216 -17.969130102, 26.98962564 -17.967845193, 26.993623135 -17.964418767, 26.996192953 -17.961277881, 26.999333841 -17.960135739, 27.005044547 -17.958565295, 27.008899274 -17.956852083, 27.013039536 -17.956281012, 27.017322566 -17.954710568, 27.019749616 -17.954282265, 27.026887999 -17.95642378, 27.038976524 -17.963361315, 27.045002 -17.956528, 27.045851001 -17.952143, 27.053284 -17.942323999, 27.057281 -17.939016, 27.068377 -17.922222, 27.086757 -17.899514998, 27.091436 -17.894814, 27.096871 -17.891472, 27.140131 -17.856925999, 27.149515 -17.848664999, 27.149763 -17.839701, 27.147961 -17.825731, 27.143761 -17.811818999, 27.147097 -17.801636, 27.188393 -17.757477, 27.20445 -17.738949, 27.218151 -17.722084, 27.232035 -17.703146, 27.259132001 -17.667582, 27.267263 -17.657968998, 27.307108 -17.606928, 27.310982 -17.599484999, 27.32221 -17.589563, 27.362419 -17.561929999, 27.368007 -17.556048999, 27.378859 -17.550037, 27.443111 -17.500884999, 27.46957 -17.479545997, 27.492767 -17.461731, 27.496958 -17.457488997, 27.499594 -17.457650999, 27.501412 -17.454158999, 27.543648 -17.424366, 27.55971 -17.408563999, 27.57007 -17.394284997, 27.571028 -17.394259999, 27.589388 -17.375409998, 27.608356 -17.352866999, 27.617289 -17.339085, 27.626793 -17.278897999, 27.6276 -17.257063, 27.631106 -17.245949, 27.639975 -17.23033, 27.650124 -17.217660998, 27.694408 -17.154715, 27.719213 -17.120756, 27.734335 -17.098994999, 27.743746 -17.086113, 27.744121 -17.082659, 27.748554 -17.079094, 27.786562 -17.024334, 27.80147 -17.003952, 27.814506 -16.984999, 27.821808 -16.973778, 27.829584 -16.962542999, 27.879719 -16.939801998, 27.888912 -16.936102, 27.919746 -16.922382, 27.945129 -16.909958, 28.015245 -16.878807, 28.043459 -16.865828, 28.058477 -16.858049, 28.085545 -16.846703999, 28.098927 -16.840117, 28.13586 -16.824343, 28.157915 -16.805787999, 28.157886 -16.804870998, 28.16583 -16.799814, 28.193945 -16.777174, 28.269707 -16.717747, 28.30641 -16.703552, 28.318659 -16.699275999, 28.340258 -16.689667, 28.360504 -16.68239, 28.41503 -16.660278, 28.426105 -16.656721, 28.449106 -16.646593, 28.461353 -16.642537998, 28.495415 -16.628615999, 28.561194 -16.60243, 28.58 -16.595403998, 28.602524 -16.585729998, 28.618067 -16.58087, 28.642252 -16.571138, 28.688515419 -16.563337548, 28.736199329 -16.547201903, 28.753902519 -16.531640228, 28.760755366 -16.523502471, 28.764324558 -16.519790512, 28.767465446 -16.517363462, 28.771034638 -16.515221947, 28.77331892 -16.513365965, 28.776745344 -16.511795523, 28.781028374 -16.510796149, 28.784597566 -16.50951124, 28.79045104 -16.505370978, 28.793734696 -16.503514999, 28.797303887 -16.501944554, 28.801729685 -16.499089201, 28.802871826 -16.49609108, 28.805584412 -16.493235727, 28.809010836 -16.489952071, 28.813436633 -16.487239485, 28.816291986 -16.4845269, 28.818576269 -16.479530032, 28.820575016 -16.474533164, 28.821717157 -16.470392902, 28.822288228 -16.467537546, 28.821717157 -16.462397913, 28.821717157 -16.457972113, 28.820717784 -16.4558306, 28.816720289 -16.450690964, 28.816291986 -16.446407934, 28.817719663 -16.438984016, 28.819147339 -16.434558219, 28.82214546 -16.42899028, 28.828570005 -16.421280826, 28.835708388 -16.414999049, 28.839134812 -16.411001554, 28.840848024 -16.405433616, 28.841133559 -16.402007192, 28.842846771 -16.398009698, 28.844274448 -16.393298365, 28.843988912 -16.3887298, 28.845131054 -16.381163114, 28.848557477 -16.377879458, 28.85084176 -16.374024731, 28.850270689 -16.370598306, 28.848271942 -16.366029741, 28.84413168 -16.361603944, 28.840562488 -16.357320915, 28.839991418 -16.352466814, 28.840848024 -16.347327178, 28.843846145 -16.334620857, 28.843275074 -16.33076613, 28.841133559 -16.328481845, 28.836136691 -16.3264831, 28.831139823 -16.32405605, 28.830425985 -16.319773019, 28.83071152 -16.316489363, 28.830854288 -16.311349728, 28.830140449 -16.305924557, 28.829712146 -16.29964278, 28.83071152 -16.293361003, 28.831996429 -16.287079226, 28.835422853 -16.281796822, 28.845844892 -16.268376662, 28.85084176 -16.260238905, 28.854696487 -16.255527573, 28.856695234 -16.25081624, 28.857980143 -16.245105533, 28.857694608 -16.239823129, 28.854696487 -16.237681613, 28.849985154 -16.236539474, 28.843417842 -16.234683494, 28.841133559 -16.231114302, 28.837849903 -16.21969289, 28.836564994 -16.213982182, 28.836705806 -16.208631333, 28.838992044 -16.202132468, 28.840276953 -16.195850691, 28.840134185 -16.188426772, 28.83917831 -16.181684871, 28.83861095 -16.173981457, 28.83918202 -16.168556286, 28.840752465 -16.163131115, 28.841894606 -16.15742041, 28.843607818 -16.153137378, 28.847034242 -16.149568188, 28.850460666 -16.145285158, 28.855314766 -16.140859361, 28.857599049 -16.132436069, 28.863738058 -16.125440454, 28.867307249 -16.119301444, 28.869591532 -16.110307082, 28.870162603 -16.103882537, 28.865308502 -16.092889427, 28.864737432 -16.084466135, 28.863738058 -16.078898196, 28.86116824 -16.073758561, 28.855029231 -16.069332763, 28.852173877 -16.066191875, 28.849746827 -16.058054118, 28.848033615 -16.05120127, 28.848461918 -16.044062886, 28.850032363 -16.040065393, 28.853601554 -16.036638969, 28.859740563 -16.031927634, 28.871875815 -16.025360324, 28.876158844 -16.021791132, 28.881012945 -16.014224446, 28.883582763 -16.005372851, 28.884867672 -15.996378489, 28.885438742 -15.985099844, 28.887016325 -15.981859018, 28.889015072 -15.980431341, 28.892441496 -15.977004917, 28.893726405 -15.973792643, 28.899365728 -15.970508987, 28.90072202 -15.967939171, 28.903363222 -15.963941676, 28.908997786 -15.956674802, 28.913452137 -15.950335918, 28.915507991 -15.946909494, 28.916934478 -15.942550321, 28.918933225 -15.940551575, 28.922216881 -15.939266666, 28.924929467 -15.938695595, 28.929498032 -15.939552201, 28.938607307 -15.939596388, 28.944345869 -15.939266666, 28.952055322 -15.941122645, 28.961192453 -15.941836484, 28.965047179 -15.942550321, 28.972042795 -15.943406927, 28.977896269 -15.943406927, 28.983464208 -15.941550948, 28.990317055 -15.939694969, 28.994029015 -15.940266039, 28.997740974 -15.941693714, 29.006164266 -15.943835231, 29.009733457 -15.944977372, 29.016443537 -15.944549069, 29.023724688 -15.939837736, 29.028007718 -15.933698727, 29.033290121 -15.924133294, 29.036573777 -15.916709374, 29.038144222 -15.912711881, 29.040571272 -15.908714386, 29.042284484 -15.903431982, 29.044997069 -15.899720024, 29.047852422 -15.897292974, 29.0541342 -15.894294853, 29.057703391 -15.89201057, 29.0638424 -15.886014328, 29.070409713 -15.880589157, 29.074692743 -15.876591663, 29.079689611 -15.875735057, 29.084972014 -15.875877825, 29.091682094 -15.873022471, 29.097107265 -15.869881583, 29.099534316 -15.866026856, 29.104388416 -15.864884715, 29.107672072 -15.862600431, 29.110384658 -15.857889099, 29.111526799 -15.85360607, 29.114953223 -15.848323666, 29.128801686 -15.839043768, 29.134922849 -15.832512147, 29.146058727 -15.822090107, 29.159621655 -15.811382534, 29.181465107 -15.796534697, 29.206144194 -15.779078424, 29.208876497 -15.777118294, 29.214158901 -15.772121426, 29.219298537 -15.769551607, 29.226151384 -15.767267327, 29.232861464 -15.766696255, 29.244282877 -15.764983042, 29.254133846 -15.762841529, 29.270837662 -15.758130197, 29.283115681 -15.751991187, 29.297535214 -15.746994319, 29.303674224 -15.74142638, 29.310955375 -15.736715046, 29.321662949 -15.732003715, 29.332043306 -15.728036049, 29.344505775 -15.722866585, 29.34964541 -15.719297393, 29.357925935 -15.715870967, 29.36677753 -15.713015615, 29.37777064 -15.712587312, 29.388763749 -15.711873475, 29.406466939 -15.704735092, 29.41803112 -15.697168404, 29.424598432 -15.689744487, 29.432450653 -15.686032528, 29.439446269 -15.684176549, 29.446870187 -15.684319316, 29.457006691 -15.685033155, 29.462003559 -15.685889761, 29.473853275 -15.688887881, 29.499551454 -15.687602971, 29.507831978 -15.686032528, 29.518254017 -15.682606103, 29.52482133 -15.678751377, 29.531245874 -15.672612367, 29.53881256 -15.666330589, 29.543381126 -15.661762024, 29.55837173 -15.651054451, 29.563654133 -15.648341866, 29.567651628 -15.647199723, 29.576503223 -15.646200351, 29.588067403 -15.652053825, 29.597490069 -15.65662239, 29.612766209 -15.659906046, 29.61876245 -15.6627614, 29.62547253 -15.66504568, 29.63403859 -15.666758893, 29.640605902 -15.664189076, 29.646173841 -15.664046308, 29.655453739 -15.661333721, 29.66573301 -15.657621763, 29.676009543 -15.650540752, 29.681722988 -15.646343117, 29.694714846 -15.641346249, 29.700425552 -15.638776433, 29.709134379 -15.636920453, 29.716129995 -15.636349381, 29.729445592 -15.636258678, 29.736974073 -15.636349381, 29.747967183 -15.634921706, 29.754677263 -15.632922959, 29.758103687 -15.629353767, 29.76281502 -15.626783948, 29.777377321 -15.62492797, 29.784801239 -15.622786455, 29.793224531 -15.62064494, 29.800933985 -15.617932354, 29.80735853 -15.614648698, 29.820207619 -15.610080133, 29.824918952 -15.609509062, 29.833342244 -15.60965183, 29.843478748 -15.610508434, 29.851188201 -15.61136504, 29.864465594 -15.613363789, 29.869890765 -15.61393486, 29.874744865 -15.61393486, 29.881026642 -15.614791466, 29.884595834 -15.616219142, 29.889164399 -15.618931728, 29.890877611 -15.620930473, 29.894304035 -15.622500919, 29.898444297 -15.623214758, 29.908438033 -15.621073243, 29.912863831 -15.621358776, 29.917289628 -15.623357525, 29.923000334 -15.624071364, 29.928996576 -15.626070111, 29.934707283 -15.627069484, 29.94471113 -15.629700206, 29.947664994 -15.631624134, 29.951411099 -15.635635544, 29.953980917 -15.637777059, 29.958263947 -15.640489645, 29.96169037 -15.641774552, 29.968685986 -15.643487765, 29.972255177 -15.643630533, 29.984247661 -15.643344998, 29.987531317 -15.643059462, 29.9946697 -15.641203483, 29.998667194 -15.639633039, 30.00323576 -15.639204736, 30.008375395 -15.638205362, 30.018654667 -15.638062594, 30.022509394 -15.63834813, 30.026649656 -15.638205362, 30.039927048 -15.636063847, 30.047208199 -15.634636168, 30.05263337 -15.633922332, 30.058772379 -15.632351888, 30.063912015 -15.629924838, 30.067481207 -15.62792609, 30.076755932 -15.626965436, 30.082186276 -15.627497787, 30.089319161 -15.626798556, 30.098604557 -15.627783323, 30.104172495 -15.627783323, 30.110882575 -15.628497161, 30.114594535 -15.627783323, 30.122161221 -15.625641808, 30.12587318 -15.624071364, 30.130013442 -15.622643686, 30.139007805 -15.621644313, 30.151428591 -15.619074495, 30.163135539 -15.619360031, 30.168703478 -15.620787707, 30.173129275 -15.622643686, 30.177983376 -15.625213505, 30.180838729 -15.631066979, 30.181838103 -15.633636797, 30.184265153 -15.637777059, 30.185978365 -15.641774552, 30.188548183 -15.647199723, 30.191118001 -15.651911057, 30.194544424 -15.654052572, 30.204538161 -15.658050066, 30.206108605 -15.660619885, 30.208678423 -15.665473983, 30.21067717 -15.667044429, 30.2149602 -15.667615499, 30.217958321 -15.667187196, 30.220956442 -15.664902914, 30.223526259 -15.662190328, 30.227238219 -15.658906673, 30.231092945 -15.656051319, 30.235233208 -15.653481501, 30.239516237 -15.64991231, 30.24608355 -15.642773927, 30.252363946 -15.632635846, 30.256395291 -15.629105305, 30.259932013 -15.628211626, 30.262787366 -15.629210999, 30.265642719 -15.630638676, 30.267927002 -15.63763429, 30.27049682 -15.640632412, 30.27292387 -15.642916695, 30.276921364 -15.645200977, 30.284345283 -15.647628027, 30.288057242 -15.64748526, 30.291769201 -15.646485886, 30.297194372 -15.646057583, 30.305332129 -15.646200351, 30.309615159 -15.646485886, 30.313469885 -15.647056957, 30.319037824 -15.648341866, 30.323320854 -15.648484633, 30.331744146 -15.649055704, 30.335456105 -15.649769542, 30.344593235 -15.653481501, 30.35287376 -15.655337481, 30.358298931 -15.653767037, 30.362153658 -15.651768288, 30.365865617 -15.649341239, 30.37543105 -15.64677142, 30.3778581 -15.646485886, 30.38642416 -15.644344371, 30.392420402 -15.642345624, 30.400094636 -15.638160393, 30.403841815 -15.635350009, 30.4065544 -15.631923585, 30.410551895 -15.628354393, 30.414750224 -15.625336842, 30.419822697 -15.622760419, 30.421846197 -15.622323522, 30.417485672 -15.620373984, 30.414805575 -15.619897523, 30.411093616 -15.619802344, 30.410141832 -15.617898776, 30.409094869 -15.613710924, 30.40966594 -15.610760393, 30.410427367 -15.608571288, 30.409570761 -15.606572541, 30.407952728 -15.605335222, 30.407096122 -15.603431653, 30.407096122 -15.600766656, 30.407667192 -15.598196839, 30.407667192 -15.596673984, 30.405478088 -15.596007734, 30.403003449 -15.594960771, 30.402432378 -15.591248812, 30.401385415 -15.587917567, 30.399767382 -15.585252571, 30.395901992 -15.584279568, 30.390992725 -15.582097671, 30.387566301 -15.58038446, 30.379000242 -15.572817774, 30.376715959 -15.569819653, 30.376573191 -15.566107693, 30.375716585 -15.561539128, 30.369434808 -15.555685654, 30.368149899 -15.551545392, 30.368007132 -15.545834686, 30.366579455 -15.540266747, 30.368292667 -15.536554788, 30.372575697 -15.531843454, 30.374717212 -15.527132122, 30.378286403 -15.523134627, 30.380142383 -15.518566062, 30.380703 -15.513389, 30.38214113 -15.509143397, 30.383568807 -15.505859741, 30.386566928 -15.500862873, 30.389707816 -15.491582975, 30.392134866 -15.486443339, 30.394561917 -15.485301198, 30.397131734 -15.486871641, 30.398987714 -15.486300571, 30.401557532 -15.484872895, 30.402699673 -15.482017542, 30.402128603 -15.479447724, 30.39741727 -15.473737017, 30.39499022 -15.468882917, 30.392134866 -15.467169705, 30.387994604 -15.465742028, 30.386995231 -15.463029443, 30.384710948 -15.460459625, 30.381712827 -15.458603645, 30.379856848 -15.449466515, 30.377001494 -15.448038838, 30.377001494 -15.445611788, 30.376287656 -15.440900455, 30.378143636 -15.43875894, 30.379143009 -15.435903587, 30.378143636 -15.432905466, 30.376430424 -15.429907346, 30.375859353 -15.426338154, 30.376430424 -15.42291173, 30.375573818 -15.414916741, 30.376715959 -15.412775225, 30.379000242 -15.41134755, 30.380285151 -15.408063893, 30.379999615 -15.403638096, 30.378429171 -15.396642481, 30.377715333 -15.391645613, 30.378714706 -15.386648744, 30.378429171 -15.381509109, 30.378714706 -15.377939917, 30.380713454 -15.374799029, 30.384425413 -15.372514746, 30.385995857 -15.369516625, 30.386852463 -15.366090201, 30.385710322 -15.363663151, 30.383140504 -15.361093333, 30.380570686 -15.361664404, 30.3778581 -15.364234222, 30.374146141 -15.363377616, 30.372004626 -15.360807798, 30.369434808 -15.355953697, 30.370005879 -15.350528526, 30.367578829 -15.348815314, 30.364723476 -15.345103355, 30.362724728 -15.341676931, 30.361868122 -15.337393902, 30.362581961 -15.334253013, 30.360583213 -15.332539801, 30.357442325 -15.331968731, 30.354872507 -15.329827216, 30.352588224 -15.326258024, 30.353302063 -15.322688833, 30.351160548 -15.320975621, 30.348305195 -15.318120267, 30.345735377 -15.317691964, 30.341595115 -15.317406428, 30.337026549 -15.315835985, 30.333457358 -15.313837238, 30.33331459 -15.310553581, 30.333600126 -15.307555461, 30.330744772 -15.30512841, 30.327461116 -15.297418956, 30.327461116 -15.294420836, 30.325605137 -15.291422715, 30.322178713 -15.288424594, 30.31746738 -15.285569241, 30.314469259 -15.282000048, 30.312470512 -15.279287464, 30.309044088 -15.276574877, 30.306331502 -15.275575505, 30.301049099 -15.275289969, 30.297479908 -15.274433363, 30.292625807 -15.271578009, 30.290198757 -15.270435869, 30.288913848 -15.268151586, 30.286486798 -15.265010698, 30.284916353 -15.262583648, 30.285059121 -15.259585527, 30.283203142 -15.256016335, 30.281061627 -15.253446517, 30.280205021 -15.249877326, 30.277920738 -15.244166619, 30.277349667 -15.2415968, 30.275208153 -15.239598054, 30.271638961 -15.237884842, 30.270211284 -15.235172257, 30.271924496 -15.231603064, 30.271781729 -15.228462177, 30.270068517 -15.223322541, 30.270068517 -15.218896744, 30.268212537 -15.215755855, 30.264500578 -15.214328178, 30.263215669 -15.210758987, 30.262073528 -15.205904886, 30.262501831 -15.201336321, 30.263643972 -15.197481594, 30.261074154 -15.189343838, 30.260360316 -15.18434697, 30.258076033 -15.179635637, 30.256648357 -15.176066445, 30.255934518 -15.171355113, 30.252936398 -15.169213598, 30.251365953 -15.163931194, 30.251651489 -15.160790306, 30.249652741 -15.154936832, 30.246511853 -15.151795943, 30.245226944 -15.146941843, 30.244655873 -15.142373278, 30.241229449 -15.136091501, 30.239230702 -15.131951238, 30.239516237 -15.128382046, 30.236089814 -15.126097764, 30.232948925 -15.123385178, 30.229379734 -15.117388937, 30.226238845 -15.114248048, 30.226238845 -15.110821625, 30.227380986 -15.107680736, 30.228237592 -15.101827262, 30.228951431 -15.092832899, 30.227095451 -15.089406476, 30.223383492 -15.087836031, 30.21924323 -15.085123446, 30.216102341 -15.083838537, 30.214531897 -15.07998381, 30.215388503 -15.076557386, 30.216816179 -15.073130962, 30.2198143 -15.0689907, 30.222955189 -15.065992579, 30.22595331 -15.062423388, 30.227238219 -15.056855449, 30.228665895 -15.052429652, 30.230379107 -15.046290642, 30.232806157 -15.041722076, 30.233805531 -15.036867977, 30.23023634 -15.031585573, 30.229094198 -15.028159149, 30.228094825 -15.022876746, 30.228523128 -15.018022645, 30.228523128 -15.015738363, 30.225148735 -15.014366028, 30.222526886 -15.01345408, 30.219957068 -15.011598101, 30.217530018 -15.009599353, 30.216387876 -15.006315696, 30.21732 -14.997233, 30.241575 -14.989388999, 30.298792 -14.975682, 30.305699 -14.972815, 30.321815 -14.970335999, 30.337295 -14.963941, 30.346983 -14.964106, 30.36455 -14.959811, 30.393833 -14.947905998, 30.451496 -14.921082, 30.455109 -14.917238, 30.505358 -14.894874, 30.516575 -14.888398, 30.551485 -14.878175, 30.58597 -14.864955, 30.594088 -14.860033999, 30.607613 -14.856577, 30.627611 -14.847482, 30.665365 -14.836142999, 30.669438 -14.832762, 30.73859 -14.807899, 30.798508 -14.783794, 30.944304 -14.749491, 31.023743 -14.728386, 31.02869 -14.729148, 31.041721 -14.726353, 31.047905 -14.723457, 31.059265 -14.721785, 31.071392 -14.716218, 31.078457 -14.717469, 31.170769 -14.686632, 31.182602 -14.684731, 31.188574 -14.679991998, 31.266794 -14.658801, 31.325232 -14.649956, 31.427273 -14.627357, 31.465158 -14.620124999, 31.472473 -14.620221, 31.490524 -14.611957, 31.528337 -14.590851999, 31.534969 -14.5891, 31.547596 -14.580301999, 31.599894 -14.551792, 31.605812 -14.550259, 31.638889 -14.529078, 31.683306 -14.506427, 31.736547 -14.494214, 31.748814 -14.494363, 31.750969 -14.491861999, 31.810825 -14.478337, 31.826464 -14.472779, 31.931851 -14.418866, 31.947725 -14.412845, 31.975655 -14.404432, 32.031689 -14.392425, 32.056259 -14.388791, 32.097503999 -14.370173001, 32.159283 -14.349471, 32.16399 -14.349981, 32.182709 -14.341908, 32.20541 -14.335943998, 32.242333 -14.323003, 32.315109 -14.307895999, 32.321266 -14.30543, 32.334476 -14.304645, 32.358105 -14.299597, 32.395878 -14.294456, 32.451157 -14.282818, 32.527165 -14.248383999, 32.535667 -14.246395999, 32.610687 -14.214458, 32.654896 -14.19946, 32.678078 -14.189785, 32.690124 -14.186904, 32.759388 -14.162228, 32.794144 -14.148736, 32.843048 -14.133058, 32.914177 -14.107439, 32.921722 -14.106351, 32.934254 -14.101165, 32.947941 -14.097827, 33.07008 -14.052802999, 33.084499 -14.045786, 33.205571493 -14.004780227, 33.207269491 -14.001986438, 33.205831863 -14.001657708, 33.204833345 -14.001023813, 33.203144505 -13.999182882, 33.200002139 -13.993785003, 33.199371448 -13.99306053, 33.198857663 -13.992102378, 33.195148058 -13.986921547, 33.193745923 -13.985302771, 33.192114389 -13.97961684, 33.191376768 -13.975600019, 33.191419788 -13.969211395, 33.19113471 -13.968070216, 33.189214509 -13.964436756, 33.188289765 -13.962962477, 33.186769221 -13.961594985, 33.185871972 -13.960845031, 33.185620331 -13.960276074, 33.184386695 -13.959290248, 33.183807058 -13.959044478, 33.180817479 -13.956301346, 33.179559042 -13.955482333, 33.176634725 -13.95463563, 33.173273201 -13.954712263, 33.16827925 -13.954020205, 33.166998843 -13.95338427, 33.165600921 -13.952151524, 33.164990763 -13.951509878, 33.163743646 -13.951592536, 33.16328744 -13.951780474, 33.162508227 -13.951407445, 33.161953109 -13.949947756, 33.161191564 -13.949145219, 33.159261794 -13.947654921, 33.158084199 -13.945852785, 33.157351328 -13.944405413, 33.155491802 -13.94168042, 33.153991346 -13.940177815, 33.153447928 -13.940020488, 33.150689421 -13.939971617, 33.149516683 -13.939877476, 33.146115171 -13.940228384, 33.143743974 -13.942629696, 33.142298406 -13.944865622, 33.141601354 -13.946186309, 33.139922374 -13.947473579, 33.136368407 -13.952999368, 33.136464482 -13.954784265, 33.135866315 -13.957261475, 33.134731628 -13.958833267, 33.133386395 -13.960077519, 33.132748753 -13.961076642, 33.128140597 -13.961209671, 33.116784979 -13.960155608, 33.114479371 -13.959466009, 33.111565672 -13.957845443, 33.110034123 -13.957601867, 33.106732364 -13.957906488, 33.105599269 -13.95855946, 33.103736115 -13.960188377, 33.102042906 -13.962689444, 33.101044835 -13.963415574, 33.097296722 -13.964719571, 33.086586975 -13.970159698, 33.079786603 -13.97532976, 33.075890612 -13.979993507, 33.074554449 -13.981169247, 33.07185155 -13.983095761, 33.069375247 -13.985787617, 33.067098174 -13.989728299, 33.063679043 -13.992984145, 33.062265158 -13.996983464, 33.062044565 -13.998782275, 33.062987828 -14.001355951, 33.063219574 -14.010151326, 33.064741637 -14.020925506, 33.064211744 -14.021819028, 33.058479881 -14.026758084, 33.051200364 -14.034241247, 33.0505779 -14.035900957, 33.043626011 -14.041600937, 33.043402962 -14.041970809, 33.04184642 -14.048204019, 33.039476319 -14.050724511, 33.038845728 -14.051883948, 33.038440545 -14.052891989, 33.037833117 -14.053275693, 33.037050332 -14.053365622, 33.035050477 -14.05440651, 33.033971851 -14.054888198, 33.033018043 -14.055122611, 33.032259685 -14.054916726, 33.031980598 -14.053472536, 33.031119354 -14.051288877, 33.030880618 -14.050075152, 33.030698282 -14.04960487, 33.030768998 -14.047234773, 33.030685904 -14.046546155, 33.030930723 -14.046042912, 33.031987336 -14.04464643, 33.02954963 -14.04108795, 33.027175161 -14.038774248, 33.025680545 -14.038139907, 33.020984465 -14.033881555, 33.019634742 -14.032443742, 33.018715662 -14.031217661, 33.013883868 -14.027180982, 33.010132185 -14.025477955, 33.009630868 -14.025055501, 33.007866559 -14.024609834, 33.006613938 -14.023728154, 33.005012187 -14.023037478, 33.002500038 -14.023339343, 33.002233112 -14.023142005, 32.999962199 -14.018514479, 32.997814449 -14.011520713, 32.996866391 -14.01058748, 32.993173184 -14.008158975, 32.992867005 -14.006837445, 32.995350741 -14.000683216, 32.997057282 -13.996935473, 32.996775555 -13.994152042, 32.996920726 -13.992353814, 32.996128998 -13.990527264, 32.994681262 -13.988234057, 32.994865929 -13.987442338, 32.997105044 -13.985223016, 32.998187458 -13.984538431, 33.000835933 -13.976576793, 33.000811878 -13.971485878, 33.000206407 -13.969521955, 33.001075538 -13.967766319, 33.00424148 -13.962402062, 33.004544697 -13.960084203, 33.004022609 -13.955808911, 33.002716201 -13.95306061, 33.000385354 -13.950148935, 32.996937779 -13.949831599, 32.993238395 -13.946979596, 32.983733413 -13.943531759, 32.982038488 -13.9425724, 32.979383757 -13.941958155, 32.977153824 -13.941136444, 32.975521641 -13.940774291, 32.972995273 -13.940716095, 32.970144915 -13.94032993, 32.967041886 -13.941298142, 32.961706191 -13.940815561, 32.959829872 -13.940622944, 32.958216735 -13.941038629, 32.954467606 -13.94320311, 32.951121754 -13.946596444, 32.950462114 -13.946682087, 32.949362051 -13.946286773, 32.948794384 -13.945541718, 32.945272785 -13.932083048, 32.945380469 -13.928635722, 32.945928616 -13.924400884, 32.94736089 -13.918843028, 32.948614274 -13.917433835, 32.951066938 -13.915071333, 32.95324155 -13.911139251, 32.953523894 -13.909762742, 32.953600926 -13.905205202, 32.953128785 -13.904113983, 32.951683104 -13.90286205, 32.949973371 -13.900377794, 32.945675824 -13.897158131, 32.943955549 -13.89415238, 32.943623615 -13.893316366, 32.943536973 -13.891766926, 32.944349869 -13.889155584, 32.944728338 -13.888160119, 32.944554725 -13.886963875, 32.944596191 -13.886041509, 32.943045245 -13.882669627, 32.942687027 -13.882347899, 32.941754815 -13.879980803, 32.941589387 -13.879781332, 32.939823029 -13.879265058, 32.937373516 -13.87902244, 32.935689628 -13.878682709, 32.933265989 -13.876721391, 32.931597363 -13.874703015, 32.93151166 -13.873203595, 32.928696858 -13.874481041, 32.926967238 -13.874960377, 32.925198383 -13.875301232, 32.924235006 -13.876038232, 32.923919081 -13.876393152, 32.923395796 -13.87343419, 32.923360246 -13.87190697, 32.922417107 -13.87058659, 32.918494159 -13.869111633, 32.918906803 -13.868310317, 32.919378494 -13.867910804, 32.91868693 -13.866865072, 32.917148481 -13.86578539, 32.916163136 -13.865099063, 32.91359859 -13.864175785, 32.91295756 -13.863978852, 32.911105334 -13.864269856, 32.910381554 -13.864085815, 32.909775292 -13.86299922, 32.908829553 -13.858600389, 32.907814057 -13.856574682, 32.903390312 -13.849681144, 32.901710463 -13.846152449, 32.901027884 -13.843415509, 32.90096252 -13.84104081, 32.902118251 -13.838447457, 32.902733618 -13.83716773, 32.896511307 -13.824239246, 32.896061988 -13.823883029, 32.895025647 -13.824153982, 32.894291484 -13.824224124, 32.893409731 -13.823802133, 32.892489132 -13.823868488, 32.892056332 -13.822115226, 32.892631915 -13.820838092, 32.891387757 -13.818732958, 32.890316437 -13.815986738, 32.889955397 -13.81558234, 32.887732745 -13.813964122, 32.886558099 -13.813598283, 32.884548053 -13.813603279, 32.882553979 -13.813939984, 32.881536389 -13.814490228, 32.879776991 -13.814699395, 32.879445301 -13.813591801, 32.877806779 -13.810111037, 32.87650991 -13.808804, 32.875481916 -13.807143331, 32.874036596 -13.806131197, 32.872316907 -13.803409862, 32.870360463 -13.80313849, 32.867343169 -13.803639932, 32.86588999 -13.803511152, 32.86417872 -13.803549643, 32.862901512 -13.80307995, 32.86265575 -13.799744547, 32.862200227 -13.7983729, 32.861490566 -13.797864927, 32.856383407 -13.796346008, 32.855339508 -13.796342019, 32.852713208 -13.797766129, 32.851007681 -13.798754199, 32.849910685 -13.798847342, 32.849226757 -13.798648997, 32.847482678 -13.796740884, 32.845702128 -13.794360969, 32.84484527 -13.792113133, 32.844104809 -13.791812933, 32.842908935 -13.791349167, 32.838927874 -13.789080659, 32.838040044 -13.788782127, 32.835571297 -13.788089481, 32.833845282 -13.787666249, 32.833325725 -13.787188925, 32.832208128 -13.785645009, 32.830999926 -13.785302721, 32.829803195 -13.785589018, 32.827294418 -13.785410421, 32.823180423 -13.786830495, 32.821113456 -13.787769071, 32.820218137 -13.788437397, 32.818743755 -13.788844663, 32.818292381 -13.788747041, 32.816760591 -13.78780366, 32.815469461 -13.786353421, 32.814348462 -13.784750354, 32.813884815 -13.785778489, 32.811729151 -13.792652767, 32.811171704 -13.793716225, 32.810732733 -13.794224205, 32.809987379 -13.795888008, 32.809970875 -13.800721792, 32.809474424 -13.801383299, 32.805422978 -13.801712898, 32.80479985 -13.801630931, 32.803269422 -13.800854898, 32.802408867 -13.800255325, 32.801231005 -13.797840192, 32.801476881 -13.797591713, 32.80222679 -13.795944221, 32.800394086 -13.793807687, 32.799517348 -13.792157186, 32.799060432 -13.791640612, 32.797733311 -13.792535184, 32.79599446 -13.791671577, 32.795146921 -13.790548095, 32.794322296 -13.788395033, 32.794185651 -13.786432123, 32.793053491 -13.786146726, 32.789440441 -13.787685615, 32.788391773 -13.787640865, 32.784847222 -13.786818612, 32.781606475 -13.785609186, 32.78094488 -13.784943296, 32.780073966 -13.783532955, 32.77939077 -13.782477243, 32.779038971 -13.780943626, 32.77805359 -13.780275199, 32.776731153 -13.7797794, 32.776438433 -13.779777078, 32.775573717 -13.780470295, 32.77447191 -13.781840893, 32.773275886 -13.781893833, 32.771979298 -13.781699925, 32.771093955 -13.78114261, 32.770996764 -13.780722823, 32.773231468 -13.775661942, 32.773994097 -13.7733864, 32.774872297 -13.772140228, 32.776692904 -13.770053578, 32.778357486 -13.768736972, 32.778975213 -13.76765604, 32.779017442 -13.766816341, 32.778625875 -13.766064706, 32.778367337 -13.763331066, 32.778991057 -13.762304011, 32.779948313 -13.761847563, 32.781287027 -13.760525022, 32.78176849 -13.759674234, 32.781688479 -13.758296779, 32.780617035 -13.756799529, 32.779642734 -13.754062399, 32.780422449 -13.75157947, 32.78049521 -13.748688961, 32.783116985 -13.748623538, 32.785798458 -13.750031526, 32.786954724 -13.750058089, 32.788143837 -13.749391139, 32.789357843 -13.749451459, 32.792152238 -13.750202317, 32.794515138 -13.751448426, 32.795222049 -13.751385956, 32.795872534 -13.751132477, 32.796095855 -13.749665265, 32.797665553 -13.746018088, 32.800380484 -13.741087987, 32.801870139 -13.739601916, 32.802430733 -13.73785429, 32.803099199 -13.73693449, 32.803423734 -13.736197173, 32.804974489 -13.733795208, 32.806838342 -13.732153583, 32.807070663 -13.7316007, 32.808332857 -13.730264707, 32.809553857 -13.729679712, 32.811625624 -13.729172069, 32.816275433 -13.727352781, 32.819340942 -13.726340336, 32.823576929 -13.726179986, 32.827819582 -13.726572914, 32.828904411 -13.726259216, 32.831177417 -13.726030703, 32.83336523 -13.726993215, 32.834914053 -13.7272839, 32.836722986 -13.728387184, 32.836830342 -13.729606626, 32.837814521 -13.727807597, 32.838693145 -13.727004243, 32.842330809 -13.725719953, 32.846377351 -13.723592088, 32.845784682 -13.722858728, 32.845262522 -13.721020704, 32.844326041 -13.719566324, 32.842925012 -13.71650725, 32.841076495 -13.714829657, 32.840085328 -13.712859444, 32.838829168 -13.711144686, 32.838217723 -13.710556431, 32.838336592 -13.708622584, 32.838049492 -13.70788859, 32.836976882 -13.706964806, 32.835095371 -13.703788008, 32.834032274 -13.703263306, 32.832261963 -13.702477741, 32.83089725 -13.700785431, 32.829495221 -13.69854319, 32.825882231 -13.695380485, 32.823941565 -13.693879228, 32.819725097 -13.689809262, 32.818449068 -13.688353895, 32.816856326 -13.687026006, 32.812666549 -13.684672044, 32.811062546 -13.68428076, 32.809177378 -13.683994651, 32.806283362 -13.682786878, 32.801759666 -13.680513051, 32.797813595 -13.679064944, 32.795494367 -13.678675759, 32.794012374 -13.677347112, 32.796723208 -13.671247903, 32.798193545 -13.670183324, 32.801309748 -13.664295673, 32.802266122 -13.663601639, 32.803300151 -13.662587076, 32.803545193 -13.661731725, 32.802467862 -13.65995902, 32.800447551 -13.658823234, 32.796794942 -13.654395551, 32.795027901 -13.652549934, 32.786150111 -13.648577063, 32.783362382 -13.646349948, 32.782213568 -13.645716803, 32.781272457 -13.645397107, 32.777560138 -13.645167602, 32.774577393 -13.644301549, 32.773033605 -13.64361075, 32.772511287 -13.643008228, 32.771533536 -13.642810754, 32.769816598 -13.641563245, 32.766422236 -13.640258424, 32.765239945 -13.639624582, 32.761261958 -13.636122748, 32.75969029 -13.636014497, 32.758262001 -13.63607914, 32.756136883 -13.638084857, 32.755191064 -13.639350589, 32.753734289 -13.642752141, 32.752597224 -13.645189941, 32.75185921 -13.647473424, 32.752043984 -13.648243294, 32.752894486 -13.649544872, 32.752986323 -13.650255141, 32.752642855 -13.651782272, 32.752406729 -13.651832298, 32.75035634 -13.650928902, 32.74846769 -13.649311827, 32.747084765 -13.649203731, 32.746574152 -13.648379716, 32.74520956 -13.648332228, 32.743646227 -13.648506892, 32.741481743 -13.648432539, 32.740652324 -13.64887913, 32.740183456 -13.649885166, 32.739909941 -13.651152385, 32.739544727 -13.651457275, 32.739136248 -13.651447726, 32.735992848 -13.648790025, 32.735092846 -13.647659073, 32.733671597 -13.646952192, 32.731459162 -13.646492125, 32.727718118 -13.646429267, 32.726320978 -13.647100905, 32.724129511 -13.646365125, 32.72093002 -13.645626534, 32.72000972 -13.645068534, 32.718768338 -13.644777413, 32.717910792 -13.643075797, 32.714430398 -13.642252147, 32.714777533 -13.640717795, 32.713136272 -13.638248375, 32.709586091 -13.638097147, 32.708682746 -13.637724741, 32.705275141 -13.638142063, 32.699693707 -13.637878447, 32.699490799 -13.6375988, 32.699410489 -13.637054572, 32.698527156 -13.635426947, 32.695991925 -13.63362087, 32.69459047 -13.632011878, 32.692886921 -13.630712262, 32.691190479 -13.628555799, 32.690972858 -13.627338409, 32.688189121 -13.625666277, 32.686536315 -13.624821749, 32.686150879 -13.623605271, 32.6845375 -13.622665051, 32.682622618 -13.622332777, 32.681214805 -13.622415945, 32.679001088 -13.623084726, 32.677843857 -13.623086424, 32.677276289 -13.622895094, 32.676509779 -13.622390122, 32.67584973 -13.622534503, 32.673463382 -13.62264778, 32.673210017 -13.622731527, 32.672520549 -13.620837776, 32.674035323 -13.617642638, 32.673427374 -13.616762601, 32.673385112 -13.615545369, 32.674435115 -13.614305208, 32.675403656 -13.613483388, 32.678171785 -13.613323798, 32.678560621 -13.613177749, 32.679080673 -13.612324349, 32.679447682 -13.610816686, 32.67998759 -13.610541511, 32.680754068 -13.60792, 32.680554704 -13.607147654, 32.680201551 -13.606634798, 32.680344268 -13.605287497, 32.681045191 -13.604612117, 32.682825637 -13.604408743, 32.684820591 -13.602635753, 32.685746831 -13.602195702, 32.687335885 -13.600819035, 32.68805588 -13.599801441, 32.688477745 -13.599608456, 32.688482954 -13.599051306, 32.687340943 -13.597925034, 32.685561362 -13.595148784, 32.685115397 -13.594562381, 32.684507611 -13.592924884, 32.683009334 -13.590798068, 32.680678637 -13.587962329, 32.681517997 -13.585449797, 32.681669441 -13.584547838, 32.682101157 -13.583907159, 32.689794963 -13.58385725, 32.692360264 -13.5820729, 32.693974303 -13.577600744, 32.690703603 -13.576399244, 32.68721449 -13.574310865, 32.686579099 -13.573725133, 32.686401438 -13.572582398, 32.686604077 -13.572173563, 32.688308776 -13.571167914, 32.690276045 -13.570797575, 32.692468729 -13.570187893, 32.69405444 -13.569953733, 32.696026413 -13.568774073, 32.699378974 -13.568835024, 32.701218157 -13.569305978, 32.703020004 -13.569418545, 32.710471978 -13.572347517, 32.716486368 -13.577499548, 32.722625837 -13.581184021, 32.723437859 -13.581437818, 32.726024608 -13.580688164, 32.727751262 -13.580498537, 32.728057303 -13.580533897, 32.728711922 -13.581107613, 32.730441223 -13.581721687, 32.732593976 -13.58185506, 32.736487678 -13.583168812, 32.738661207 -13.583254504, 32.741312875 -13.584133465, 32.742688495 -13.585139791, 32.745998756 -13.582668412, 32.748032261 -13.581845462, 32.75013034 -13.579994087, 32.750583889 -13.579469176, 32.752062487 -13.57925182, 32.753455607 -13.578656228, 32.753666091 -13.578022715, 32.753723945 -13.576929152, 32.754520319 -13.575041619, 32.754782224 -13.574774524, 32.757387081 -13.574261235, 32.761298159 -13.572187375, 32.76234862 -13.570935722, 32.763006572 -13.56921798, 32.762890716 -13.565445073, 32.762438632 -13.5646894, 32.761223136 -13.563786441, 32.760045885 -13.562642974, 32.762715014 -13.559778158, 32.763940236 -13.558598282, 32.765828629 -13.557217455, 32.767242426 -13.555263537, 32.767534309 -13.555484904, 32.76869262 -13.555765517, 32.769733934 -13.556434386, 32.772895677 -13.557844558, 32.773785945 -13.557863473, 32.775816868 -13.557135164, 32.77948791 -13.55733229, 32.780085243 -13.557103998, 32.780705534 -13.557147654, 32.782479431 -13.558156848, 32.78252405 -13.553681515, 32.785542194 -13.552966386, 32.787282623 -13.552342778, 32.788902164 -13.552342691, 32.791427145 -13.551886332, 32.796906982 -13.549320504, 32.798283627 -13.548490313, 32.798273323 -13.547793979, 32.80124836 -13.546681768, 32.801616353 -13.545905412, 32.801744404 -13.544970207, 32.802289168 -13.543550797, 32.805136141 -13.541569777, 32.806370505 -13.541247927, 32.812230849 -13.540359133, 32.813082603 -13.540610679, 32.814222931 -13.540679641, 32.815465509 -13.540359953, 32.81737251 -13.540786695, 32.819188998 -13.540773343, 32.82069738 -13.541415679, 32.821971369 -13.541607217, 32.823446399 -13.541238173, 32.824354495 -13.540827809, 32.825080267 -13.539834703, 32.825546079 -13.537202845, 32.82635159 -13.535318109, 32.828569796 -13.533525353, 32.829891982 -13.531690948, 32.833296641 -13.528566537, 32.833213573 -13.528398661, 32.832682578 -13.528087532, 32.832644914 -13.527662341, 32.834380418 -13.525958433, 32.835642595 -13.52230474, 32.838774839 -13.520705371, 32.84137988 -13.518884799, 32.842253171 -13.517711997, 32.842754661 -13.516670493, 32.843565577 -13.516510077, 32.845090063 -13.517321555, 32.845477749 -13.517381745, 32.847228792 -13.516862785, 32.849829943 -13.51572756, 32.849786094 -13.514900212, 32.849146473 -13.514311022, 32.847803914 -13.512380613, 32.847164353 -13.510749845, 32.844355469 -13.505603476, 32.84292775 -13.503583036, 32.842177976 -13.501998184, 32.840868316 -13.499967908, 32.839479862 -13.498638282, 32.841798753 -13.497784122, 32.843211666 -13.496340939, 32.844439593 -13.494829836, 32.844679117 -13.494152135, 32.844747936 -13.490293711, 32.845601964 -13.488362315, 32.846444781 -13.487842034, 32.846426193 -13.486663653, 32.846140579 -13.485304649, 32.845795402 -13.481569972, 32.844974306 -13.48086281, 32.84498163 -13.479383827, 32.842966374 -13.476781908, 32.842420375 -13.475181382, 32.842264505 -13.473743543, 32.84238433 -13.473368881, 32.843482111 -13.47221022, 32.844931712 -13.469750117, 32.84550325 -13.466711194, 32.845040712 -13.465388228, 32.845062235 -13.462725482, 32.845568861 -13.462380755, 32.850211074 -13.462335386, 32.853586648 -13.459927527, 32.855074136 -13.459524049, 32.855641442 -13.459561131, 32.856083172 -13.459866071, 32.857411442 -13.463714203, 32.857668886 -13.464009591, 32.860368169 -13.464842898, 32.86487259 -13.465885572, 32.866362443 -13.465960824, 32.867476016 -13.465186991, 32.868658039 -13.464887077, 32.870654916 -13.46536279, 32.872483905 -13.46527657, 32.875898997 -13.463527479, 32.880293867 -13.461654961, 32.88353657 -13.457587719, 32.888132897 -13.453144651, 32.888147939 -13.452823631, 32.887343004 -13.451807475, 32.88711888 -13.451235556, 32.887261319 -13.450336353, 32.888195793 -13.448972101, 32.889319473 -13.44824509, 32.891136232 -13.447293877, 32.893315835 -13.446391807, 32.894111666 -13.445454059, 32.895132078 -13.445268409, 32.895967236 -13.441789589, 32.896357099 -13.441290998, 32.89840693 -13.439922653, 32.900377454 -13.439364903, 32.900574868 -13.439128816, 32.900783549 -13.438320713, 32.901926342 -13.436287, 32.901674444 -13.434939479, 32.901919937 -13.434356632, 32.903249876 -13.432954086, 32.90317419 -13.432202168, 32.902619621 -13.42981586, 32.902567283 -13.426879998, 32.902939253 -13.426379353, 32.904829143 -13.425091486, 32.907205932 -13.422382255, 32.90894524 -13.421311407, 32.910476696 -13.420933191, 32.914158291 -13.420406524, 32.91442203 -13.420044048, 32.914433407 -13.419114844, 32.914753058 -13.418659554, 32.916546112 -13.418208937, 32.917380974 -13.417436374, 32.918387618 -13.41513589, 32.918330163 -13.413566594, 32.917927784 -13.412366194, 32.917569302 -13.409799777, 32.917100509 -13.408765961, 32.917865507 -13.405406135, 32.91939558 -13.402121304, 32.919934484 -13.401483419, 32.91999023 -13.400034827, 32.920195938 -13.39970353, 32.920867496 -13.399120337, 32.92161417 -13.397688334, 32.923248839 -13.397301091, 32.923544097 -13.396656906, 32.923022694 -13.395764921, 32.922929838 -13.395181237, 32.923853762 -13.394377222, 32.924301894 -13.39252297, 32.924210443 -13.392299685, 32.922764511 -13.391927604, 32.922597673 -13.391659082, 32.922733917 -13.390608777, 32.922862571 -13.390363544, 32.924040083 -13.389322344, 32.924121337 -13.388540473, 32.923593753 -13.38750431, 32.922782337 -13.386884874, 32.922750314 -13.38664197, 32.923526136 -13.385367315, 32.924688832 -13.384173547, 32.925390657 -13.383074622, 32.925348334 -13.381569241, 32.926061051 -13.380701198, 32.926376013 -13.379387247, 32.927562954 -13.377563425, 32.927399511 -13.376498891, 32.926070123 -13.375123352, 32.926244114 -13.372595286, 32.926930477 -13.371147308, 32.927329728 -13.36794264, 32.926052566 -13.366456987, 32.92593592 -13.363542606, 32.92632492 -13.362759627, 32.926512831 -13.361788011, 32.926716295 -13.358074429, 32.928239708 -13.354564976, 32.928596014 -13.352627642, 32.929831111 -13.351228318, 32.930190078 -13.349180019, 32.931231435 -13.347361057, 32.933887263 -13.345053033, 32.934183819 -13.344569238, 32.934278434 -13.343799959, 32.934123926 -13.343206866, 32.933811423 -13.342723777, 32.932435321 -13.341399614, 32.931751363 -13.339701336, 32.931532882 -13.338737695, 32.933165118 -13.335708454, 32.935541008 -13.33037017, 32.93564902 -13.32836389, 32.9354978 -13.32804812, 32.934078839 -13.326872162, 32.933968938 -13.326539399, 32.934115693 -13.322073559, 32.933595773 -13.320603845, 32.932254388 -13.318294024, 32.932378583 -13.317717519, 32.933451632 -13.316127082, 32.934252847 -13.314224202, 32.934440973 -13.313325859, 32.934950237 -13.31299112, 32.937376035 -13.312328887, 32.937614698 -13.312043121, 32.938007519 -13.311016959, 32.938356886 -13.310858936, 32.939861752 -13.310686416, 32.94028902 -13.310262576, 32.942118254 -13.310426469, 32.943134539 -13.309751574, 32.944170824 -13.309585208, 32.944719604 -13.309294928, 32.945203171 -13.308746713, 32.945205819 -13.30836356, 32.944818585 -13.307684293, 32.944011514 -13.307203332, 32.943855763 -13.306664559, 32.943918102 -13.306055842, 32.943739595 -13.305625256, 32.940460738 -13.302799224, 32.939560143 -13.301100347, 32.939096911 -13.299692679, 32.939057812 -13.298977029, 32.937869114 -13.29647099, 32.938310298 -13.296141201, 32.938805432 -13.295836369, 32.939206543 -13.294045183, 32.939857729 -13.292977067, 32.94065937 -13.292321259, 32.943329268 -13.287160117, 32.94505277 -13.285214973, 32.945826014 -13.283466238, 32.945787354 -13.283141476, 32.945516582 -13.283111618, 32.944870606 -13.282039586, 32.944131066 -13.281373692, 32.942918846 -13.281179328, 32.942686488 -13.280752293, 32.94271432 -13.280483219, 32.943325818 -13.279636175, 32.94384187 -13.27698902, 32.94413729 -13.276046128, 32.944953037 -13.275157716, 32.946171384 -13.274873477, 32.947232835 -13.274909847, 32.948087275 -13.274125077, 32.948223282 -13.27343197, 32.948485795 -13.273045134, 32.948755573 -13.270887785, 32.950530187 -13.270546909, 32.950740984 -13.269992465, 32.950763809 -13.268946992, 32.951490781 -13.268398377, 32.953323593 -13.267741939, 32.953859653 -13.267102448, 32.955195428 -13.266572399, 32.956626625 -13.266664462, 32.957253091 -13.266742281, 32.95906133 -13.266501692, 32.960370238 -13.266661318, 32.961386964 -13.26639212, 32.963553651 -13.26519178, 32.965070626 -13.264766695, 32.96659243 -13.264122352, 32.968465149 -13.262741359, 32.968965541 -13.262159383, 32.969284815 -13.262254592, 32.969808295 -13.262560279, 32.970037566 -13.262254592, 32.970464004 -13.261210743, 32.970839305 -13.260684314, 32.970892925 -13.2598016, 32.969992718 -13.257023001, 32.971911205 -13.254395785, 32.973290846 -13.252979262, 32.975207163 -13.251406441, 32.975429551 -13.251007555, 32.976040251 -13.248188474, 32.976549465 -13.247428507, 32.978192403 -13.246189192, 32.979873132 -13.246275075, 32.980475734 -13.245900658, 32.980699571 -13.245563897, 32.980748352 -13.244722757, 32.980184752 -13.242977961, 32.979778063 -13.242165064, 32.979682568 -13.241445341, 32.979864079 -13.240982237, 32.980650945 -13.240703995, 32.981031039 -13.24027097, 32.981230564 -13.23967601, 32.98102985 -13.238691209, 32.980152995 -13.237963555, 32.980119489 -13.237631425, 32.980915134 -13.235894202, 32.980328868 -13.233911943, 32.980539798 -13.232425945, 32.981579159 -13.23173481, 32.982005244 -13.231768085, 32.982257518 -13.232252444, 32.983501966 -13.233167531, 32.987228143 -13.23270819, 32.988275974 -13.23276129, 32.9906387 -13.230856854, 32.991110251 -13.230168556, 32.99178846 -13.229669113, 32.991900706 -13.227334715, 32.991323122 -13.226625878, 32.99109432 -13.225546956, 32.991322927 -13.225050741, 32.995195095 -13.223172603, 33.000314291 -13.221496628, 33.001268991 -13.221027896, 33.002896613 -13.220735069, 33.00692844 -13.220733189, 33.009487609 -13.219469075, 33.012315721 -13.218865274, 33.013173218 -13.218271321, 33.013869922 -13.217515308, 33.014831336 -13.215874038, 33.01670825 -13.214340079, 33.018078632 -13.212997962, 33.018451398 -13.211979835, 33.018491572 -13.21070349, 33.018225889 -13.209875088, 33.017464257 -13.208874715, 33.015474826 -13.207712469, 33.012673969 -13.207030598, 33.011006762 -13.206613378, 33.009233528 -13.205149505, 33.008610533 -13.20440515, 33.007292104 -13.201604583, 33.005589653 -13.199769446, 33.005437716 -13.199444213, 33.005587775 -13.198395042, 33.005402108 -13.194545502, 33.005637807 -13.192859883, 33.005556341 -13.192552914, 33.004498679 -13.191040983, 33.004545205 -13.189104059, 33.004793474 -13.188059551, 33.003188261 -13.185624916, 33.0028846 -13.183722215, 33.002839317 -13.180257374, 33.002573154 -13.177988029, 33.002330417 -13.177473705, 32.999301289 -13.176258501, 32.998864663 -13.175617748, 32.998485453 -13.175365132, 32.996600607 -13.175028812, 32.995381771 -13.173335525, 32.994478986 -13.17032553, 32.994248742 -13.170147587, 32.991850951 -13.170213792, 32.990981707 -13.170033245, 32.990444398 -13.169681198, 32.98955907 -13.16873224, 32.988338942 -13.167743891, 32.987387404 -13.166661239, 32.986936459 -13.166492932, 32.984855352 -13.166272471, 32.984038158 -13.165739457, 32.98181412 -13.163009555, 32.981405639 -13.161290365, 32.98110528 -13.160828882, 32.980368104 -13.160206179, 32.979744963 -13.158362786, 32.979598211 -13.154111018, 32.980368494 -13.152908717, 32.980876942 -13.152452109, 32.982501889 -13.151667101, 32.982862424 -13.150799974, 32.983365171 -13.148227903, 32.984701743 -13.146821928, 32.985021444 -13.146027183, 32.983194859 -13.144835321, 32.982768699 -13.14423076, 32.981755554 -13.144172825, 32.981169459 -13.142828019, 32.980468227 -13.142358608, 32.980278139 -13.141790813, 32.980479655 -13.140215476, 32.98097249 -13.139093756, 32.981352952 -13.136296408, 32.980976863 -13.134825648, 32.980210462 -13.133358775, 32.978259092 -13.131250285, 32.978086388 -13.127484691, 32.978330948 -13.125769177, 32.977585632 -13.124487321, 32.977541166 -13.123806527, 32.978325731 -13.122085021, 32.978199728 -13.12086368, 32.977060231 -13.119197557, 32.976762714 -13.116018024, 32.975601426 -13.114818457, 32.975544706 -13.114132428, 32.977221863 -13.112208689, 32.977641255 -13.110781994, 32.978151377 -13.109804397, 32.978262556 -13.108369634, 32.978450673 -13.107975459, 32.981644204 -13.106518603, 32.981606981 -13.103945376, 32.981111702 -13.103882744, 32.980977163 -13.10304537, 32.981050327 -13.101297917, 32.981024254 -13.100201907, 32.981409297 -13.099361237, 32.981311124 -13.098410973, 32.981834372 -13.097416266, 32.982035391 -13.096469247, 32.9815718 -13.095633548, 32.981399399 -13.094585515, 32.980299858 -13.09375345, 32.980812333 -13.093025954, 32.981515668 -13.091350496, 32.98150884 -13.090454413, 32.981758256 -13.089863585, 32.981561325 -13.089387428, 32.981106238 -13.088841347, 32.981161158 -13.087575411, 32.980870876 -13.086388016, 32.980928643 -13.084695067, 32.981246258 -13.083322679, 32.981045294 -13.081848156, 32.981153383 -13.081562963, 32.982131254 -13.081099696, 32.98331648 -13.081508644, 32.983761696 -13.081388428, 32.984061311 -13.08088498, 32.985055475 -13.078081561, 32.985531127 -13.077489121, 32.987356362 -13.077073295, 32.989362461 -13.074756713, 32.990604984 -13.0736593, 32.990796835 -13.072733438, 32.990945004 -13.069592415, 32.992111977 -13.067704645, 32.992917099 -13.065039657, 32.993346323 -13.064206738, 32.994686605 -13.063400139, 32.996595613 -13.062974558, 32.996488476 -13.062344073, 32.99610135 -13.061911488, 32.996209799 -13.06138945, 32.996500959 -13.060796878, 32.996054754 -13.060111405, 32.995731202 -13.059089165, 32.995804814 -13.058342216, 32.99639907 -13.057018159, 32.996793649 -13.055444034, 32.996957917 -13.053733704, 32.997776265 -13.051254331, 32.998215283 -13.050591846, 32.999083747 -13.049878406, 32.999213826 -13.049276891, 32.997807845 -13.047295024, 32.996769698 -13.045012277, 32.996171234 -13.043471825, 32.994168478 -13.042580126, 32.993864542 -13.042277051, 32.992573304 -13.040132944, 32.991658454 -13.039931045, 32.990883043 -13.038685002, 32.989137881 -13.037929531, 32.988276391 -13.037401744, 32.986610462 -13.037076956, 32.985311798 -13.036193624, 32.985135738 -13.03512911, 32.985142712 -13.033493749, 32.986256104 -13.032686004, 32.987209932 -13.03107003, 32.987498734 -13.027120162, 32.987990282 -13.026331476, 32.989150563 -13.025256496, 32.989543523 -13.024917221, 32.991198228 -13.025024254, 32.992357147 -13.02464856, 32.993474678 -13.024643972, 32.994641612 -13.024139743, 32.995472895 -13.022935418, 32.995749347 -13.021140907, 32.995377792 -13.019501424, 32.996017826 -13.0175147, 32.997672592 -13.015494881, 32.997708862 -13.01279656, 32.997070154 -13.011232123, 32.997005439 -13.01076426, 32.99799911 -13.008648629, 32.998707544 -13.007593272, 32.998894864 -13.005850874, 32.999861754 -13.004759574, 33.001759374 -13.003542591, 33.005647377 -12.999724432, 33.00631724 -12.998627099, 33.006629118 -12.998366906, 33.009350466 -12.997611179, 33.009541678 -12.997350229, 33.009885457 -12.996047555, 33.010252911 -12.995416894, 33.011120013 -12.994796943, 33.011501956 -12.993832922, 33.013319875 -12.991871238, 33.014991643 -12.99043906, 33.015252258 -12.989943981, 33.015183918 -12.986077711, 33.014959692 -12.984897607, 33.014179929 -12.982783383, 33.012614318 -12.979831654, 33.010043359 -12.976667032, 33.009996245 -12.975496161, 33.011598299 -12.974190945, 33.013364547 -12.97303542, 33.014720317 -12.971420178, 33.015096646 -12.97003908, 33.015313199 -12.966617451, 33.014862914 -12.964881509, 33.015563071 -12.961220258, 33.015801766 -12.960593847, 33.017149208 -12.959451326, 33.017814036 -12.958341408, 33.01792706 -12.95700269, 33.017313363 -12.955281027, 33.017055362 -12.953511272, 33.017157146 -12.953004372, 33.017751184 -12.952382396, 33.018022312 -12.951250768, 33.017089888 -12.950135109, 33.017307603 -12.94971055, 33.017818758 -12.949238514, 33.018977609 -12.947747998, 33.019699239 -12.944482143, 33.020234449 -12.942813379, 33.02055397 -12.940970693, 33.020487379 -12.938278315, 33.019059402 -12.935615508, 33.019045353 -12.934139336, 33.019248119 -12.932910663, 33.019234542 -12.931839509, 33.019537292 -12.930852643, 33.020239975 -12.930221905, 33.02184843 -12.929798572, 33.023421331 -12.928305899, 33.024195839 -12.927313645, 33.025211675 -12.925379553, 33.026601435 -12.923009059, 33.028280725 -12.916149436, 33.028331724 -12.913857226, 33.028555788 -12.911866799, 33.028944274 -12.910239443, 33.026879485 -12.908748768, 33.024294793 -12.907902702, 33.023853212 -12.907591892, 33.022432432 -12.905856976, 33.022302499 -12.90547305, 33.022139749 -12.895561552, 33.022359023 -12.894282251, 33.022634422 -12.893590445, 33.022642183 -12.893081374, 33.021954775 -12.893289671, 33.021274929 -12.893252208, 33.018964425 -12.89213667, 33.015013942 -12.891786819, 33.01423169 -12.891315262, 33.013310957 -12.889877869, 33.012835539 -12.889669639, 33.007359095 -12.889460083, 33.005400927 -12.889093593, 33.004259661 -12.889119586, 33.003236377 -12.889352938, 33.002936551 -12.889063147, 33.002435581 -12.887872747, 32.995959554 -12.886827546, 32.993767106 -12.886758768, 32.992428727 -12.886361389, 32.991390393 -12.885879738, 32.988750317 -12.884020796, 32.987029729 -12.88367285, 32.986116448 -12.883717402, 32.984619431 -12.884002026, 32.978820368 -12.883899584, 32.976748913 -12.882959092, 32.975494479 -12.882172371, 32.973461281 -12.880978788, 32.973106772 -12.880416858, 32.97249956 -12.878315739, 32.971367717 -12.876224657, 32.969930628 -12.875541402, 32.969412911 -12.874231861, 32.969965766 -12.87265429, 32.969912858 -12.872544711, 32.968737849 -12.872239222, 32.96818619 -12.871595698, 32.967665295 -12.870766997, 32.966667378 -12.869649502, 32.966170986 -12.869332394, 32.965766514 -12.868854452, 32.964901619 -12.868447592, 32.962783902 -12.865559694, 32.9607595 -12.863096387, 32.958999728 -12.862184954, 32.957860236 -12.861296063, 32.956257858 -12.860415196, 32.955885297 -12.860025238, 32.955766625 -12.857662417, 32.953759413 -12.855395317, 32.953471569 -12.854738168, 32.953261414 -12.853720102, 32.951604467 -12.852382509, 32.949264622 -12.849529591, 32.948447314 -12.848956997, 32.948222215 -12.848511149, 32.948367498 -12.847774406, 32.949341658 -12.846735962, 32.949982888 -12.845559921, 32.950001832 -12.843862638, 32.950253141 -12.842759219, 32.953532168 -12.838193995, 32.954925899 -12.834939757, 32.955519285 -12.832249611, 32.955699387 -12.827519926, 32.955262979 -12.824822944, 32.955931205 -12.822183582, 32.955660815 -12.821749889, 32.95380111 -12.821069021, 32.952287986 -12.819391385, 32.951050065 -12.816551304, 32.949982656 -12.814643895, 32.949580337 -12.813477545, 32.949710621 -12.811550354, 32.950793504 -12.809673818, 32.950165384 -12.808237773, 32.949626887 -12.8074287, 32.948991851 -12.805582455, 32.947529236 -12.802558814, 32.946570801 -12.799372179, 32.946673229 -12.796902367, 32.946850405 -12.79487376, 32.946574829 -12.79192877, 32.946460127 -12.78782256, 32.945391993 -12.786967687, 32.945176204 -12.785100727, 32.943550018 -12.783536337, 32.942581601 -12.781859752, 32.941268871 -12.778042413, 32.940101002 -12.775630786, 32.938696931 -12.77384791, 32.938462882 -12.77307187, 32.939222389 -12.772124809, 32.939849317 -12.770845731, 32.943224951 -12.769096484, 32.947423288 -12.767614244, 32.94922752 -12.765791095, 32.951973019 -12.762011505, 32.953865875 -12.75915164, 32.95477237 -12.758586146, 32.955786162 -12.758192776, 32.957242439 -12.756677656, 32.959654517 -12.75487891, 32.960305474 -12.754211817, 32.960896019 -12.752998277, 32.962446697 -12.751618129, 32.963207304 -12.749531223, 32.963725825 -12.748792494, 32.964969994 -12.747913445, 32.967519827 -12.746473261, 32.969162828 -12.743182468, 32.970681096 -12.74066648, 32.971845122 -12.739808572, 32.973164327 -12.739008399, 32.974203471 -12.738089279, 32.975733533 -12.735937462, 32.976389786 -12.73537423, 32.977387505 -12.735113956, 32.978826095 -12.735250827, 32.981150924 -12.734910213, 32.984761952 -12.732728105, 32.987473146 -12.731665317, 32.990943474 -12.730624219, 32.993351014 -12.729431294, 32.99480794 -12.728124957, 32.996424507 -12.725605492, 32.998274542 -12.721037437, 32.998469748 -12.719410722, 32.999724321 -12.715201434, 33.001232256 -12.712051907, 33.003081176 -12.709323537, 33.004853923 -12.707495391, 33.005822211 -12.706738149, 33.008621012 -12.705210208, 33.009574503 -12.704092024, 33.00986055 -12.702357193, 33.009856467 -12.700274663, 33.009509434 -12.696652509, 33.009661261 -12.693485834, 33.010810807 -12.690275781, 33.012132745 -12.687373843, 33.01210661 -12.686636245, 33.011432529 -12.684393463, 33.011309134 -12.683364233, 33.011389421 -12.682615237, 33.012010265 -12.680982208, 33.012964567 -12.67710032, 33.014398313 -12.675316769, 33.015345326 -12.673753589, 33.01678572 -12.670119759, 33.018002996 -12.665944216, 33.019982151 -12.661900922, 33.020625207 -12.659301401, 33.021401229 -12.656743175, 33.020707715 -12.65552611, 33.019635163 -12.653990132, 33.019954644 -12.653659382, 33.021971523 -12.655357603, 33.023254822 -12.656116532, 33.023862883 -12.656300886, 33.026929554 -12.65591668, 33.02734456 -12.653817687, 33.028184814 -12.652779511, 33.031975399 -12.645925586, 33.033510429 -12.64281505, 33.034781009 -12.63980155, 33.035695682 -12.638271448, 33.036863942 -12.636961149, 33.038331797 -12.635646893, 33.039894177 -12.63496185, 33.042545601 -12.63293493, 33.042803897 -12.632583361, 33.043475181 -12.628783336, 33.044349939 -12.625861716, 33.045720236 -12.623506421, 33.047350271 -12.622574175, 33.051059657 -12.619389684, 33.052009922 -12.61878839, 33.052771565 -12.618039474, 33.053324622 -12.617813913, 33.054632959 -12.617699916, 33.056496985 -12.614464551, 33.056985044 -12.614015479, 33.057916233 -12.613542872, 33.058560112 -12.61288844, 33.060824841 -12.611756278, 33.062091514 -12.611701673, 33.062733151 -12.611534695, 33.064806134 -12.610347549, 33.067454558 -12.609559456, 33.068242877 -12.608717963, 33.069282217 -12.60822659, 33.070418136 -12.608147752, 33.071724117 -12.60874781, 33.07316581 -12.607167981, 33.073813332 -12.606362086, 33.076595537 -12.600708093, 33.077323379 -12.599562357, 33.077674396 -12.599245953, 33.079690857 -12.598853716, 33.082410786 -12.599172987, 33.083664574 -12.599132794, 33.084298297 -12.59889773, 33.08622562 -12.596695772, 33.087032633 -12.596084252, 33.088144654 -12.595717223, 33.089493844 -12.595631455, 33.090436628 -12.596164224, 33.091150161 -12.596875738, 33.092187398 -12.598416891, 33.092740527 -12.599779494, 33.094216869 -12.605139383, 33.095889241 -12.607867381, 33.096785748 -12.608225546, 33.099799561 -12.608527173, 33.100873533 -12.608875458, 33.102299792 -12.609699455, 33.106482473 -12.612649688, 33.114421418 -12.616689609, 33.115261218 -12.616742211, 33.115572567 -12.61662162, 33.122361697 -12.609214111, 33.125405887 -12.606649288, 33.127852903 -12.605451276, 33.129674808 -12.604919899, 33.132471159 -12.603641258, 33.135172514 -12.603487528, 33.135961059 -12.60326493, 33.13877773 -12.601276189, 33.14014293 -12.600845024, 33.14215873 -12.60048898, 33.144583522 -12.599683695, 33.149237965 -12.598780673, 33.151216135 -12.598797649, 33.152602222 -12.599282251, 33.154832513 -12.600525033, 33.157324382 -12.601127672, 33.160181734 -12.599640533, 33.160567211 -12.599585805, 33.160851128 -12.599761173, 33.161420609 -12.601158716, 33.163167339 -12.603242626, 33.164432967 -12.604538451, 33.164983324 -12.604905091, 33.166291483 -12.605359989, 33.168121596 -12.606302348, 33.170018618 -12.606873727, 33.172963926 -12.607459981, 33.175549248 -12.60828114, 33.176127672 -12.608597726, 33.17703644 -12.609836802, 33.178481515 -12.611158049, 33.180019355 -12.613043238, 33.180696411 -12.614186231, 33.180965465 -12.615079466, 33.180940964 -12.616477524, 33.180300826 -12.619321278, 33.17950928 -12.621770639, 33.17763824 -12.625592548, 33.175629416 -12.634796917, 33.175503895 -12.639186539, 33.175694641 -12.640694608, 33.176186874 -12.641652167, 33.177874792 -12.64231247, 33.180005273 -12.642581105, 33.180769145 -12.642563732, 33.18158763 -12.642345153, 33.185689305 -12.640307814, 33.18798644 -12.638355112, 33.190798014 -12.634808842, 33.193515575 -12.630255963, 33.195178013 -12.627862173, 33.195743545 -12.625961116, 33.196681623 -12.624254474, 33.197777108 -12.622562167, 33.198437402 -12.618365537, 33.198828266 -12.616775965, 33.199428376 -12.615350241, 33.201761198 -12.611281675, 33.202393217 -12.610432541, 33.204125029 -12.60901173, 33.209319792 -12.606236224, 33.212387618 -12.604945986, 33.218522992 -12.599881291, 33.221444392 -12.598136075, 33.224259619 -12.597288774, 33.227252654 -12.595845423, 33.228882624 -12.595605397, 33.23468785 -12.595517393, 33.235307693 -12.595347007, 33.235882821 -12.594684709, 33.23707679 -12.59145652, 33.238192435 -12.586908052, 33.239270285 -12.585092596, 33.239962487 -12.584290909, 33.243855122 -12.581588197, 33.24706131 -12.576820156, 33.248723235 -12.574966647, 33.250182797 -12.574187747, 33.250486658 -12.573874551, 33.251227988 -12.572096919, 33.253865659 -12.56872019, 33.256955258 -12.565426924, 33.258857262 -12.562348301, 33.260002925 -12.561322751, 33.261376488 -12.560479749, 33.263595581 -12.560418805, 33.264173931 -12.560251941, 33.264586799 -12.559613308, 33.26529893 -12.557187468, 33.265299309 -12.55552917, 33.264979513 -12.55326271, 33.264722408 -12.546243204, 33.26518414 -12.544937483, 33.265686055 -12.544216879, 33.266569521 -12.543591593, 33.272886252 -12.540683608, 33.275032166 -12.539853332, 33.276315184 -12.539636778, 33.277767451 -12.5396837, 33.281358069 -12.540762838, 33.284638008 -12.541029299, 33.287069044 -12.53910194, 33.287839388 -12.538300072, 33.28899319 -12.537634988, 33.290782585 -12.536056248, 33.291956813 -12.535659653, 33.2950108 -12.535429432, 33.300944254 -12.533930058, 33.3029084 -12.5333398, 33.304264007 -12.532337067, 33.305840677 -12.532060112, 33.307970222 -12.532536179, 33.309059833 -12.532943408, 33.310912928 -12.532660432, 33.312968825 -12.53182339, 33.313866434 -12.531092218, 33.316206407 -12.528481724, 33.31717262 -12.527928336, 33.318267851 -12.527924079, 33.320013943 -12.529187274, 33.32246543 -12.529931556, 33.324168401 -12.530692108, 33.32641162 -12.533308942, 33.328241404 -12.535062605, 33.329484677 -12.535736866, 33.330156103 -12.53656471, 33.330875644 -12.53814237, 33.331252753 -12.542012458, 33.331297228 -12.544586227, 33.331610424 -12.546199424, 33.331999109 -12.546746801, 33.334286904 -12.547034114, 33.338017005 -12.546703908, 33.343901202 -12.548256036, 33.345054214 -12.548122312, 33.347605404 -12.548426301, 33.351696519 -12.549810547, 33.353188554 -12.55072868, 33.354038608 -12.551859356, 33.355631079 -12.552595172, 33.357046453 -12.553649818, 33.357169543 -12.555534782, 33.358010618 -12.558180455, 33.358594538 -12.558755004, 33.362737483 -12.560030296, 33.363528885 -12.56059649, 33.364464522 -12.56045432, 33.365048384 -12.560516616, 33.365590204 -12.561169306, 33.366055341 -12.561172527, 33.366824399 -12.560686115, 33.36884367 -12.558303349, 33.370015333 -12.55711854, 33.37249308 -12.556020002, 33.375175581 -12.554419442, 33.376948358 -12.552809843, 33.379421175 -12.551384292, 33.383250526 -12.54715776, 33.384361058 -12.546240806, 33.384612481 -12.544185054, 33.387574998 -12.539041568, 33.389261437 -12.537895751, 33.393579281 -12.535537454, 33.394270629 -12.534904691, 33.39760029 -12.530233171, 33.400255515 -12.52731776, 33.401240373 -12.526684856, 33.40578341 -12.525370583, 33.407953777 -12.525120415, 33.410122789 -12.524294381, 33.410769297 -12.523703815, 33.41095263 -12.521951201, 33.411469861 -12.521054769, 33.412021441 -12.52043091, 33.412971407 -12.519756638, 33.413890744 -12.519599238, 33.414195515 -12.519372476, 33.414319256 -12.518571678, 33.415173043 -12.517471147, 33.415823087 -12.515795035, 33.415642262 -12.513680897, 33.414326479 -12.50892276, 33.413334475 -12.508039191, 33.410606201 -12.506557733, 33.408659737 -12.505733952, 33.408115888 -12.505357966, 33.409299294 -12.504754966, 33.412929062 -12.504479064, 33.415637895 -12.503199694, 33.417979438 -12.501705751, 33.4193671 -12.500738403, 33.421550661 -12.498165109, 33.422305384 -12.497066416, 33.424056481 -12.495482906, 33.424628066 -12.494613148, 33.425235874 -12.492424533, 33.426155671 -12.491286557, 33.426642578 -12.491044497, 33.428084938 -12.490823831, 33.42984206 -12.488017403, 33.430102303 -12.486594138, 33.430870171 -12.486584702, 33.431583003 -12.485993962, 33.433293918 -12.485265998, 33.436240092 -12.483288063, 33.43683385 -12.482721665, 33.43723636 -12.48180761, 33.437266834 -12.480814817, 33.435817858 -12.479351007, 33.435589684 -12.478725556, 33.435567106 -12.477740971, 33.436922124 -12.477704992, 33.462445832 -12.482934362, 33.466127643 -12.463135067, 33.467065202 -12.463941951, 33.472748081 -12.462555862, 33.474232065 -12.462374181, 33.47497858 -12.462123377, 33.476924849 -12.459182008, 33.478045084 -12.458063447, 33.480902239 -12.456297586, 33.480806383 -12.454840267, 33.479711336 -12.452408743, 33.479067027 -12.449890204, 33.478234535 -12.448535834, 33.47755775 -12.44763456, 33.477154016 -12.447423316, 33.475960299 -12.447477505, 33.475626283 -12.447365205, 33.475425374 -12.446482048, 33.475392878 -12.443926033, 33.47475407 -12.441016773, 33.47453226 -12.439004258, 33.473311121 -12.436695235, 33.472252715 -12.43389243, 33.471783638 -12.432182544, 33.470275615 -12.430436457, 33.469966579 -12.429755619, 33.469837619 -12.427879636, 33.470105292 -12.424943928, 33.47050727 -12.423644925, 33.47113553 -12.42267651, 33.472226514 -12.422346119, 33.473948726 -12.422065824, 33.47391561 -12.418167537, 33.474392465 -12.416971177, 33.474780208 -12.416553072, 33.477680604 -12.415655568, 33.478812572 -12.415718608, 33.479589415 -12.415925727, 33.481374296 -12.418003977, 33.482017578 -12.418057952, 33.482308125 -12.417947858, 33.48341758 -12.416720871, 33.485878036 -12.415434812, 33.488214587 -12.414638272, 33.489113331 -12.413726308, 33.490426684 -12.411991676, 33.492433979 -12.41073164, 33.493423026 -12.410719846, 33.495556619 -12.411831889, 33.496351911 -12.411250483, 33.498540823 -12.410502145, 33.499301877 -12.410437942, 33.50056819 -12.41154875, 33.501384406 -12.411814579, 33.502822666 -12.41180031, 33.503303306 -12.411089781, 33.505021204 -12.407137472, 33.505104421 -12.40620456, 33.504141001 -12.40382054, 33.504631883 -12.403656085, 33.505223643 -12.402885302, 33.505859961 -12.40241849, 33.506573459 -12.40217518, 33.50757366 -12.40153123, 33.506827002 -12.399400318, 33.507058313 -12.39896439, 33.509238508 -12.39777153, 33.509918706 -12.397158497, 33.511537539 -12.394584885, 33.511709438 -12.393390865, 33.511204926 -12.391971296, 33.511689217 -12.390883528, 33.516736174 -12.389677332, 33.517932211 -12.389643562, 33.52047836 -12.389808428, 33.52671723 -12.387734762, 33.527430526 -12.387576762, 33.528748547 -12.386200498, 33.531468419 -12.384387565, 33.531674208 -12.383809724, 33.53165232 -12.382108196, 33.53398775 -12.379911524, 33.534893186 -12.378669908, 33.537251994 -12.378255498, 33.537749291 -12.378285985, 33.53842437 -12.37865486, 33.538902731 -12.378511346, 33.544407735 -12.37521088, 33.548411504 -12.373069924, 33.548834744 -12.372251455, 33.549310557 -12.361612995, 33.549276607 -12.361005803, 33.548720415 -12.359697977, 33.548357931 -12.358243452, 33.547708685 -12.357610179, 33.547034099 -12.357354994, 33.546472146 -12.357496101, 33.543679615 -12.357472658, 33.542880054 -12.357069374, 33.542078871 -12.355559397, 33.540136769 -12.353517252, 33.540232148 -12.350570907, 33.540125907 -12.343086664, 33.539041069 -12.341845226, 33.53866011 -12.340011322, 33.538060376 -12.339334027, 33.534664801 -12.337620526, 33.531130515 -12.338060817, 33.529888936 -12.33802897, 33.527803535 -12.337378028, 33.525760663 -12.33935147, 33.524392958 -12.340139744, 33.52359164 -12.341542493, 33.522570383 -12.341855686, 33.521548573 -12.341874936, 33.518665692 -12.341052874, 33.517945912 -12.341253039, 33.515322582 -12.342488382, 33.512969431 -12.34289764, 33.512407236 -12.343487964, 33.512032588 -12.34366635, 33.511458417 -12.343625701, 33.510589486 -12.342852369, 33.509470034 -12.341397028, 33.508509642 -12.340689982, 33.506505986 -12.339735556, 33.50635267 -12.338971388, 33.505899958 -12.338733373, 33.503997309 -12.339677758, 33.50109573 -12.33907493, 33.498455881 -12.338194526, 33.496072584 -12.337191576, 33.493219565 -12.335390465, 33.485549662 -12.335441959, 33.475689785 -12.325220035, 33.457197666 -12.32829553, 33.455694464 -12.329033128, 33.438816894 -12.335202923, 33.423069681 -12.34358641, 33.412608857 -12.343669315, 33.397425015 -12.341638149, 33.392840055 -12.343625408, 33.386445361 -12.345125278, 33.381772085 -12.347501881, 33.374265724 -12.347295276, 33.37185118 -12.347128741, 33.36972508 -12.346360467, 33.369506735 -12.346011816, 33.369154471 -12.34447994, 33.368134286 -12.343423729, 33.36782804 -12.3417257, 33.367438346 -12.341223999, 33.367460382 -12.340332234, 33.367948409 -12.339625839, 33.368175268 -12.338750528, 33.367930777 -12.331122361, 33.367553702 -12.325996387, 33.363274685 -12.316470838, 33.350509576 -12.299713368, 33.345121884 -12.295998989, 33.335814686 -12.28425522, 33.332465989 -12.272557836, 33.330105534 -12.268482903, 33.330188733 -12.267096565, 33.330382481 -12.266068938, 33.329779426 -12.265039105, 33.329638251 -12.264308296, 33.329759814 -12.263511127, 33.330717613 -12.261576706, 33.330186485 -12.260317357, 33.32969309 -12.260199042, 33.329141246 -12.26026387, 33.326962113 -12.26138485, 33.325724611 -12.260714901, 33.323790229 -12.257413735, 33.31174854 -12.248644488, 33.3114839 -12.24786652, 33.311179631 -12.236590115, 33.31301039 -12.217120814, 33.31428222 -12.216477775, 33.314541415 -12.215833062, 33.315502572 -12.214846063, 33.316327821 -12.213075437, 33.317427245 -12.212434124, 33.317538538 -12.211251681, 33.318357062 -12.210676424, 33.31872566 -12.209405469, 33.318034978 -12.208853779, 33.315797058 -12.207124347, 33.314182616 -12.204879797, 33.31416031 -12.203691188, 33.311273346 -12.196517094, 33.311706787 -12.18955552, 33.30904381 -12.183351862, 33.308065934 -12.18078706, 33.308081629 -12.180428708, 33.309136494 -12.178405803, 33.310213169 -12.176978772, 33.31058913 -12.174483583, 33.310813061 -12.173992898, 33.313221746 -12.171307055, 33.313427219 -12.170902073, 33.313445428 -12.170207003, 33.312899393 -12.169220151, 33.312638427 -12.168385407, 33.312566199 -12.166821824, 33.312227305 -12.166535867, 33.310343006 -12.165991419, 33.308220171 -12.16574538, 33.307424687 -12.165786466, 33.306333622 -12.166152634, 33.305167096 -12.167015918, 33.304085278 -12.167197982, 33.3025481 -12.167158171, 33.300994692 -12.166315487, 33.299020888 -12.165620198, 33.29779849 -12.165531211, 33.296027458 -12.165672093, 33.294823193 -12.165974022, 33.293688437 -12.166062964, 33.291606341 -12.166940696, 33.290464348 -12.168381124, 33.289521439 -12.168371695, 33.288443703 -12.168802707, 33.284886599 -12.168940041, 33.283306314 -12.169446401, 33.282702395 -12.16898576, 33.282575985 -12.16796304, 33.282602552 -12.166773305, 33.282299303 -12.164982634, 33.280895428 -12.163753097, 33.28000671 -12.162119659, 33.276109248 -12.159628331, 33.272977033 -12.158273793, 33.27041187 -12.152607539, 33.263220997 -12.148295094, 33.259253411 -12.1425674, 33.25714585 -12.13992887, 33.256616136 -12.133710374, 33.258173145 -12.127804435, 33.263316145 -12.118284638, 33.26461407 -12.110893741, 33.269695312 -12.103923352, 33.269959416 -12.102660573, 33.268686595 -12.095916129, 33.274407511 -12.084149439, 33.274543078 -12.082646908, 33.273737209 -12.065854207, 33.274347259 -12.064611513, 33.283079012 -12.056084617, 33.283810123 -12.053988911, 33.285830721 -12.044980215, 33.286795663 -12.041257601, 33.290362978 -12.031233851, 33.291488785 -12.028697395, 33.293324438 -12.02571785, 33.298650544 -12.021350263, 33.300924764 -12.018872583, 33.302832758 -12.015978943, 33.30498011 -12.011588023, 33.306435808 -12.008168826, 33.308062786 -12.003679843, 33.30914747 -11.999118469, 33.310533784 -11.994340096, 33.310782327 -11.992387252, 33.310604796 -11.987931218, 33.309892904 -11.985584215, 33.308190372 -11.98265854, 33.307540784 -11.981167355, 33.307407338 -11.979074926, 33.308218688 -11.977596347, 33.308687459 -11.97623191, 33.313080876 -11.967238289, 33.313780641 -11.965005208, 33.314650803 -11.963798426, 33.313893127 -11.962595459, 33.313535927 -11.96160452, 33.313035152 -11.957445502, 33.312976788 -11.956325528, 33.312298417 -11.955540296, 33.312052393 -11.95495365, 33.311746113 -11.951389599, 33.311830739 -11.950661953, 33.312753047 -11.949023734, 33.314426582 -11.947015931, 33.316599582 -11.944880442, 33.317759305 -11.943397511, 33.318766236 -11.941758171, 33.320166526 -11.93849142, 33.321134452 -11.935046742, 33.323047285 -11.923100683, 33.324665269 -11.912933153, 33.325162357 -11.909542306, 33.325091344 -11.907838007, 33.324825047 -11.906222473, 33.323759885 -11.902443288, 33.323291491 -11.901276306, 33.321593979 -11.891265467, 33.320501141 -11.887532733, 33.319623382 -11.885637727, 33.317581773 -11.883170043, 33.314972486 -11.881203403, 33.310817834 -11.878625244, 33.309162794 -11.877412211, 33.306912147 -11.875145632, 33.305882466 -11.873689876, 33.305136835 -11.871595008, 33.304923797 -11.870174758, 33.305127396 -11.865173906, 33.305882466 -11.861804161, 33.309468596 -11.853975034, 33.312229376 -11.849692869, 33.316677121 -11.844320347, 33.3225901 -11.837914953, 33.325916901 -11.833911581, 33.328923433 -11.828270832, 33.330332066 -11.824549232, 33.331770069 -11.821957277, 33.332586712 -11.820164212, 33.332686602 -11.8184946, 33.332107378 -11.814660744, 33.332002465 -11.811369969, 33.332152172 -11.810294557, 33.333350048 -11.807516727, 33.33464425 -11.802969528, 33.335080597 -11.800181188, 33.33501787 -11.795873621, 33.333313537 -11.789246038, 33.332369489 -11.787036977, 33.330842233 -11.785249569, 33.326740442 -11.782007856, 33.325643176 -11.78142811, 33.323845329 -11.780834006, 33.323212569 -11.78045106, 33.322822776 -11.779982066, 33.322956034 -11.779021437, 33.323714684 -11.778093774, 33.324181321 -11.776895231, 33.324527655 -11.776188316, 33.324501094 -11.773483682, 33.325061004 -11.771347507, 33.325039477 -11.766768086, 33.32426349 -11.764946426, 33.324751432 -11.763249079, 33.325725177 -11.76050954, 33.326383421 -11.756641981, 33.326262266 -11.756292217, 33.325461422 -11.755253322, 33.32316158 -11.753359213, 33.321616208 -11.751626801, 33.320956725 -11.751020951, 33.319953149 -11.749683667, 33.318709366 -11.746708788, 33.31798968 -11.743423713, 33.316909317 -11.739907593, 33.314633876 -11.730828738, 33.314136494 -11.725104889, 33.314163604 -11.72324252, 33.314782825 -11.719541932, 33.314861882 -11.718573489, 33.316456189 -11.716570722, 33.316844884 -11.715230055, 33.316887707 -11.711455103, 33.316030708 -11.707134147, 33.314110844 -11.702663352, 33.313949437 -11.701983135, 33.313942216 -11.700285837, 33.314395532 -11.696837397, 33.316178734 -11.690941334, 33.316222314 -11.689551488, 33.31405814 -11.683875884, 33.313537469 -11.682711747, 33.312427598 -11.678951318, 33.3121509 -11.676777261, 33.312128774 -11.671676634, 33.313521946 -11.666028128, 33.31577167 -11.658807421, 33.316192606 -11.655278033, 33.315971423 -11.651853069, 33.316069691 -11.648288343, 33.316678302 -11.645159372, 33.317795402 -11.642067109, 33.3203534 -11.636012102, 33.320596247 -11.633939801, 33.320266531 -11.629358731, 33.318196728 -11.618189733, 33.315494375 -11.607207019, 33.312369709 -11.595900434, 33.311369372 -11.593827738, 33.310318926 -11.593157549, 33.306929027 -11.593271048, 33.304227927 -11.593458807, 33.301296245 -11.593323752, 33.298842197 -11.592556244, 33.296542968 -11.59140663, 33.294601141 -11.589049755, 33.293092917 -11.585661645, 33.29226515 -11.583052705, 33.290955856 -11.580286612, 33.28997405 -11.578859266, 33.289986894 -11.578201847, 33.28806945 -11.578222753, 33.28751504 -11.578371392, 33.285140407 -11.577988077, 33.28153272 -11.57685649, 33.280646599 -11.576952369, 33.280249884 -11.577328863, 33.280426627 -11.578204274, 33.279988555 -11.579141143, 33.278165949 -11.580225403, 33.277454116 -11.581095618, 33.276666797 -11.582371186, 33.275224626 -11.583146879, 33.274486992 -11.583114891, 33.272594735 -11.580314027, 33.269421295 -11.577432836, 33.266386432 -11.576826979, 33.265595871 -11.576934574, 33.264017277 -11.577443401, 33.26246819 -11.577620791, 33.257250597 -11.579848141, 33.254690375 -11.580598373, 33.252983064 -11.581374656, 33.252413409 -11.58143597, 33.250564868 -11.58215529, 33.249452137 -11.583030613, 33.249141829 -11.58343309, 33.245140212 -11.585983013, 33.243415086 -11.586636438, 33.23928209 -11.590212873, 33.237935335 -11.590554364, 33.236577004 -11.590333276, 33.23488155 -11.589500815, 33.23446103 -11.589159821, 33.233220282 -11.585197674, 33.232878586 -11.584811795, 33.230798197 -11.583603239, 33.228884847 -11.581248619, 33.227621359 -11.578978323, 33.226676431 -11.574775244, 33.226430093 -11.572902304, 33.226510833 -11.571194588, 33.22687121 -11.569287576, 33.228094312 -11.565952957, 33.23056035 -11.560790853, 33.232960127 -11.556734722, 33.237096112 -11.551196704, 33.241963409 -11.546073597, 33.250665746 -11.537868836, 33.254938405 -11.529204753, 33.255140434 -11.528175095, 33.255141718 -11.525034154, 33.254359562 -11.520156656, 33.249093851 -11.507794937, 33.246078826 -11.501585026, 33.242357069 -11.495697097, 33.239828755 -11.489028911, 33.238114788 -11.485376842, 33.238038476 -11.484778994, 33.23984006 -11.482636851, 33.241258032 -11.481760973, 33.241588992 -11.481001494, 33.241632479 -11.480226824, 33.240888244 -11.479436805, 33.23894409 -11.477926968, 33.23709086 -11.477444341, 33.235355878 -11.478271371, 33.234047051 -11.478028764, 33.233344753 -11.475739357, 33.233334017 -11.474890013, 33.234616942 -11.471502371, 33.238087967 -11.466611533, 33.238223946 -11.465439567, 33.238664348 -11.464504152, 33.23911621 -11.464056013, 33.245729519 -11.45968089, 33.247043631 -11.458163328, 33.247471574 -11.457235875, 33.247675031 -11.455138166, 33.247257878 -11.453887409, 33.246653104 -11.453350551, 33.243275632 -11.451640451, 33.239901528 -11.447336958, 33.237822592 -11.444633601, 33.235616374 -11.443832376, 33.234972564 -11.443035815, 33.232829725 -11.433882723, 33.233314439 -11.431717992, 33.232419558 -11.420916443, 33.232543679 -11.419926161, 33.233433614 -11.418286641, 33.237715921 -11.41238277, 33.238963417 -11.411462918, 33.240595139 -11.411213615, 33.245876934 -11.411305438, 33.246607325 -11.411653677, 33.251315264 -11.419513068, 33.252145682 -11.420041438, 33.256056598 -11.421392877, 33.256919849 -11.422130293, 33.257985075 -11.423563521, 33.260911942 -11.424740377, 33.264680124 -11.425420487, 33.266812363 -11.426725566, 33.267418948 -11.427488393, 33.26771305 -11.430190455, 33.268172585 -11.430916519, 33.277759338 -11.439105132, 33.278440796 -11.439466766, 33.279607235 -11.439451735, 33.28215224 -11.439024373, 33.283044744 -11.439139082, 33.287135605 -11.440346767, 33.289279809 -11.439935939, 33.290157447 -11.43993547, 33.292380005 -11.440414584, 33.296090707 -11.438681528, 33.297966321 -11.436976626, 33.298683691 -11.436657808, 33.29903894 -11.4362662, 33.299198271 -11.435786093, 33.299034248 -11.434294348, 33.298200202 -11.432696282, 33.297334524 -11.431997252, 33.295812569 -11.431640365, 33.295066577 -11.431308535, 33.293156828 -11.429881119, 33.292534889 -11.427974915, 33.291895923 -11.425885057, 33.291516811 -11.422439825, 33.291914781 -11.418907671, 33.292623231 -11.416736117, 33.29188029 -11.409594949, 33.291883979 -11.408558135, 33.292994141 -11.403889445, 33.293341429 -11.397589762, 33.293004751 -11.396615351, 33.28923319 -11.388279656, 33.289166315 -11.387690538, 33.289899474 -11.385099302, 33.290332936 -11.381945552, 33.290087836 -11.377829028, 33.290170295 -11.376392862, 33.290025791 -11.373042211, 33.291810116 -11.369637358, 33.293001134 -11.368590084, 33.294335896 -11.367994575, 33.294746592 -11.36797404, 33.297724137 -11.368918641, 33.301401514 -11.370841592, 33.303350515 -11.370908799, 33.30430692 -11.370639971, 33.306943499 -11.368272221, 33.308561634 -11.367083175, 33.31540144 -11.364166748, 33.317193957 -11.363642646, 33.317896683 -11.363619222, 33.317706545 -11.363261305, 33.3161459 -11.361207826, 33.313045146 -11.35460589, 33.312182685 -11.349944491, 33.311669315 -11.348465986, 33.310971132 -11.345159884, 33.309266744 -11.342202874, 33.308281074 -11.338855703, 33.308301609 -11.33764415, 33.309656905 -11.333639865, 33.310600053 -11.331557385, 33.311220793 -11.330977637, 33.313558516 -11.330066811, 33.315694135 -11.328608841, 33.317275314 -11.328588306, 33.32008971 -11.329144001, 33.32177118 -11.328970295, 33.323538426 -11.327623171, 33.323805378 -11.327212475, 33.324955327 -11.323659956, 33.325319129 -11.32170028, 33.32649008 -11.320366481, 33.327920812 -11.315434529, 33.328735049 -11.314341124, 33.330646568 -11.312185334, 33.331375505 -11.311933308, 33.333112545 -11.311879025, 33.334176989 -11.311593736, 33.334747084 -11.311167683, 33.335847527 -11.309185583, 33.337813643 -11.304601721, 33.338132841 -11.302703729, 33.337936681 -11.300849729, 33.339115993 -11.297776931, 33.340808319 -11.29473817, 33.341585947 -11.29362301, 33.342133364 -11.292475414, 33.343399678 -11.291145711, 33.345858331 -11.289055392, 33.346239773 -11.287603869, 33.347828934 -11.283863114, 33.34743019 -11.280890623, 33.347223136 -11.278950287, 33.348165942 -11.276092115, 33.348865956 -11.275308984, 33.351971812 -11.273453809, 33.353271648 -11.27194142, 33.354573921 -11.269611442, 33.354824057 -11.267902179, 33.355567517 -11.265963625, 33.356130323 -11.261773846, 33.354935229 -11.258195511, 33.354869782 -11.25573583, 33.35562019 -11.254610218, 33.357351992 -11.253299934, 33.359037478 -11.252660916, 33.360703791 -11.252183999, 33.363547027 -11.250866961, 33.365711793 -11.249387234, 33.367583695 -11.248255189, 33.367977674 -11.247801411, 33.369187171 -11.24515031, 33.371173642 -11.242952498, 33.372483234 -11.241320103, 33.379055558 -11.237721792, 33.380848807 -11.235372424, 33.381258753 -11.233767384, 33.38153661 -11.228010863, 33.381820944 -11.224985048, 33.381773482 -11.22159884, 33.381643156 -11.219715826, 33.383760208 -11.216710977, 33.384989464 -11.215322374, 33.386469124 -11.213205321, 33.39241053 -11.209380968, 33.39297761 -11.208888437, 33.393503202 -11.207696432, 33.39366255 -11.206922456, 33.392088439 -11.203141669, 33.391679481 -11.200520781, 33.39194866 -11.199175777, 33.390959709 -11.195325927, 33.390452721 -11.193679017, 33.390480445 -11.192037451, 33.392632353 -11.187994819, 33.39571289 -11.186161975, 33.397437444 -11.184716959, 33.398034541 -11.183669519, 33.398433488 -11.182120424, 33.399013262 -11.18171866, 33.399344292 -11.180913784, 33.398555581 -11.179256381, 33.398757899 -11.178512955, 33.398842352 -11.175802415, 33.399664864 -11.173501615, 33.400338624 -11.172113058, 33.400395779 -11.171099922, 33.401251923 -11.169550814, 33.401649366 -11.168063295, 33.404075595 -11.16299472, 33.405484568 -11.162672602, 33.406690702 -11.162034854, 33.407229897 -11.160802583, 33.407496192 -11.158875252, 33.407229897 -11.157524566, 33.406729088 -11.156682297, 33.404169338 -11.154242943, 33.402835539 -11.152707524, 33.401103669 -11.150887767, 33.400405751 -11.15039147, 33.399371799 -11.150050266, 33.398420227 -11.149033593, 33.39794905 -11.148103372, 33.397561317 -11.147731149, 33.395564497 -11.146641622, 33.393482376 -11.14580412, 33.393121785 -11.145540463, 33.392381216 -11.145470671, 33.389733006 -11.144563378, 33.38847269 -11.144852173, 33.384977352 -11.144224213, 33.384568602 -11.144027003, 33.382754446 -11.142200577, 33.381297257 -11.140386988, 33.380539312 -11.139824384, 33.379268088 -11.13749073, 33.377845317 -11.135844937, 33.376483263 -11.132557563, 33.37596173 -11.13049905, 33.375517615 -11.129628169, 33.375626505 -11.12836485, 33.376294884 -11.127242378, 33.376841933 -11.124773241, 33.376182888 -11.122072239, 33.374978241 -11.118520421, 33.374460606 -11.116517333, 33.374273525 -11.115079142, 33.372893067 -11.113761253, 33.371348094 -11.112702461, 33.370332517 -11.111530226, 33.369535972 -11.111008652, 33.36864672 -11.109385765, 33.368509945 -11.106020293, 33.367226097 -11.103610154, 33.365942833 -11.102642591, 33.364077277 -11.101416328, 33.362639379 -11.099393507, 33.361564523 -11.098349334, 33.360305856 -11.096599083, 33.359479349 -11.093930494, 33.35844524 -11.092560639, 33.357270133 -11.091457149, 33.355513737 -11.090743311, 33.353277307 -11.088409645, 33.35156055 -11.087953176, 33.350139823 -11.087445387, 33.349134708 -11.087225886, 33.347806156 -11.085792374, 33.344359677 -11.083231823, 33.343198786 -11.081711159, 33.34280444 -11.080900858, 33.341869893 -11.079609778, 33.341329693 -11.07837272, 33.33727431 -11.075851901, 33.334895365 -11.074175362, 33.332232176 -11.071398731, 33.330118912 -11.070369649, 33.329162348 -11.06995849, 33.329044468 -11.069285039, 33.329404015 -11.066746282, 33.329576481 -11.065392862, 33.33065371 -11.063247106, 33.331334363 -11.062220725, 33.330685042 -11.0597304, 33.329861489 -11.058394836, 33.329302129 -11.056537816, 33.329253511 -11.052162192, 33.328788938 -11.051065585, 33.326963183 -11.048741126, 33.326016082 -11.047931413, 33.322296371 -11.046794306, 33.320461958 -11.045502401, 33.320060159 -11.044856256, 33.319680085 -11.043481675, 33.318954866 -11.041763839, 33.318148617 -11.040163495, 33.317076206 -11.037155212, 33.317216517 -11.035962566, 33.317804239 -11.034319201, 33.317702951 -11.032965998, 33.317609767 -11.032192161, 33.31777993 -11.030885551, 33.317146995 -11.027640297, 33.315519191 -11.025760399, 33.314533538 -11.024011697, 33.313487007 -11.02252172, 33.309356291 -11.013858121, 33.308538674 -11.009627996, 33.308157582 -11.00860944, 33.307132096 -11.007542381, 33.306551519 -11.006131973, 33.305809587 -11.001583979, 33.302271301 -11.001236545, 33.300941979 -11.001183841, 33.297896273 -11.000331919, 33.297684002 -11.000162104, 33.297599094 -10.999758788, 33.298039448 -10.997336303, 33.29883734 -10.99530464, 33.298954801 -10.99280974, 33.299673782 -10.991785766, 33.300217868 -10.990125452, 33.29950963 -10.988535506, 33.298545785 -10.987680114, 33.29774714 -10.98730355, 33.293677904 -10.986561892, 33.292468548 -10.986079381, 33.29135607 -10.984940271, 33.289529952 -10.981790754, 33.291711595 -10.981563736, 33.292363618 -10.981641657, 33.293241772 -10.982137139, 33.295644329 -10.98290101, 33.302110501 -10.985709337, 33.303909168 -10.985965126, 33.307132039 -10.985836381, 33.307524289 -10.985131455, 33.308669456 -10.981688797, 33.308554939 -10.980653376, 33.308254333 -10.979484351, 33.308624127 -10.97812685, 33.310709285 -10.973839633, 33.311234153 -10.97101966, 33.311582474 -10.968280801, 33.311310497 -10.965589659, 33.310494566 -10.963604705, 33.309802694 -10.960460267, 33.30994584 -10.958866577, 33.310451622 -10.957764354, 33.310780857 -10.956977052, 33.310986033 -10.955626709, 33.310623397 -10.953775356, 33.310671112 -10.952711304, 33.31028939 -10.950907666, 33.310427764 -10.949519153, 33.310623397 -10.947348107, 33.31225526 -10.944666508, 33.312150286 -10.943783776, 33.311153037 -10.941569786, 33.310174396 -10.94070614, 33.308642736 -10.940357818, 33.307674115 -10.939985639, 33.305744817 -10.939927889, 33.30509749 -10.939226966, 33.304085449 -10.93680303, 33.302358155 -10.935299998, 33.300430458 -10.933901939, 33.300120309 -10.932919005, 33.300291715 -10.930135885, 33.299743358 -10.927916057, 33.296132901 -10.923464752, 33.295280389 -10.922692, 33.294175302 -10.921241574, 33.29293208 -10.920274623, 33.28961682 -10.918534112, 33.286948763 -10.916269162, 33.284939266 -10.914960159, 33.283849609 -10.913820972, 33.283198646 -10.908740626, 33.281904502 -10.90633489, 33.28034785 -10.904318318, 33.27964028 -10.901339452, 33.278748743 -10.900532823, 33.278225142 -10.900490369, 33.276838306 -10.900992742, 33.274850037 -10.900610656, 33.274722363 -10.901720298, 33.274830763 -10.902800442, 33.274361814 -10.904091896, 33.273034997 -10.905038242, 33.271863485 -10.905472015, 33.270246162 -10.905404419, 33.26950961 -10.905266373, 33.269155826 -10.905047026, 33.268172305 -10.90364604, 33.266739477 -10.902839411, 33.265186363 -10.903023379, 33.263371448 -10.901912495, 33.262812947 -10.901778238, 33.261468086 -10.901933723, 33.259854829 -10.902995076, 33.258889889 -10.9041818, 33.258227419 -10.905775823, 33.2568795 -10.906883169, 33.255903055 -10.907986977, 33.255379453 -10.908340762, 33.252053878 -10.909126162, 33.250652891 -10.909232299, 33.250299107 -10.909140315, 33.250325469 -10.908132484, 33.250463605 -10.907165534, 33.249908528 -10.906607217, 33.249434457 -10.905821815, 33.248910856 -10.903897227, 33.249542052 -10.901800359, 33.25002157 -10.900728405, 33.250049197 -10.900258744, 33.249809469 -10.899446617, 33.24793188 -10.898011899, 33.24651292 -10.897136874, 33.245592356 -10.896934746, 33.24501215 -10.896623415, 33.244800036 -10.896308059, 33.2446619 -10.894678056, 33.245435461 -10.892578392, 33.245684105 -10.89133517, 33.245766987 -10.889622286, 33.246236649 -10.888710589, 33.246844446 -10.888047538, 33.249330891 -10.886389908, 33.25040835 -10.884538887, 33.254745815 -10.881417017, 33.258693708 -10.877494283, 33.260144224 -10.874161632, 33.261072435 -10.872797344, 33.263503626 -10.870172763, 33.264470576 -10.868487505, 33.26502312 -10.866829876, 33.266321596 -10.866083943, 33.266929394 -10.866001061, 33.268338379 -10.86669174, 33.270065052 -10.866972729, 33.270716016 -10.866703852, 33.271708893 -10.865780044, 33.27289277 -10.865289649, 33.275134661 -10.865061738, 33.276956776 -10.865090595, 33.280853484 -10.865393264, 33.28236968 -10.865670801, 33.283699082 -10.866360215, 33.285245242 -10.867588314, 33.286695759 -10.868501077, 33.288238259 -10.869152042, 33.287779938 -10.869938178, 33.285974038 -10.871380885, 33.28550657 -10.871906169, 33.285577799 -10.875283129, 33.286278293 -10.877434139, 33.286940149 -10.87803069, 33.289937173 -10.87806411, 33.291025538 -10.878158296, 33.291959604 -10.876084976, 33.292482259 -10.875368037, 33.295115104 -10.874057606, 33.295873777 -10.872962541, 33.297144197 -10.872586783, 33.300956886 -10.872053564, 33.312232843 -10.868512494, 33.313460319 -10.867725192, 33.31496335 -10.866316994, 33.31557172 -10.864638609, 33.316560858 -10.86252184, 33.318772461 -10.860256557, 33.318897714 -10.858615748, 33.31938441 -10.856948098, 33.31919832 -10.854231906, 33.319522546 -10.851678542, 33.320037871 -10.851037964, 33.321673312 -10.849942898, 33.324160471 -10.84877626, 33.324704426 -10.848153575, 33.325499601 -10.845648523, 33.325900409 -10.841593917, 33.325628432 -10.838571749, 33.32617167 -10.836415615, 33.327155798 -10.8346585, 33.328640936 -10.833366609, 33.331514589 -10.829417572, 33.332523052 -10.827152289, 33.334355319 -10.825216241, 33.335071048 -10.823555749, 33.336058039 -10.822267437, 33.336705774 -10.82202051, 33.337374981 -10.822253123, 33.33872413 -10.823960137, 33.340038209 -10.824903109, 33.342131717 -10.826828422, 33.347038399 -10.827656879, 33.349224952 -10.828268827, 33.350561219 -10.829167067, 33.352261076 -10.829417572, 33.354447629 -10.829045393, 33.358869046 -10.829245798, 33.360452239 -10.828145363, 33.361819282 -10.8275191, 33.364703671 -10.827744554, 33.366425 -10.827358062, 33.3679903 -10.826270152, 33.369718786 -10.826005332, 33.372244595 -10.824065707, 33.374155592 -10.821898836, 33.38371845 -10.814759437, 33.387297097 -10.811230891, 33.387931929 -10.810880181, 33.389495657 -10.810391958, 33.39392787 -10.80766074, 33.395260914 -10.807071248, 33.395951606 -10.807081714, 33.399186149 -10.808053087, 33.400834453 -10.808835306, 33.402575073 -10.809450891, 33.403523216 -10.810342428, 33.405086944 -10.812861374, 33.405844043 -10.813392051, 33.410980995 -10.81342743, 33.41364004 -10.813257612, 33.418295846 -10.813717532, 33.419271097 -10.814048181, 33.421066862 -10.81570581, 33.422531102 -10.816479372, 33.425469182 -10.81634969, 33.42891649 -10.816076417, 33.431036337 -10.816286008, 33.431974066 -10.816949033, 33.434101358 -10.820070902, 33.435378654 -10.821120568, 33.436189695 -10.821345567, 33.440787348 -10.820779074, 33.441947472 -10.821093107, 33.443356457 -10.82175616, 33.443978485 -10.821854579, 33.445815275 -10.821700905, 33.447390023 -10.821977177, 33.448119843 -10.822250793, 33.448747501 -10.822264969, 33.450254712 -10.82120952, 33.453385117 -10.820291919, 33.454880003 -10.819689417, 33.456589868 -10.819573614, 33.458302753 -10.819822257, 33.458772414 -10.81971175, 33.464246474 -10.816374672, 33.465455425 -10.814821742, 33.466422376 -10.814269197, 33.466912218 -10.813682154, 33.466974919 -10.812583942, 33.465468218 -10.807288385, 33.464828561 -10.806292371, 33.465559777 -10.805669648, 33.465928824 -10.805524457, 33.468087946 -10.803622921, 33.468162336 -10.803338724, 33.467874842 -10.802379002, 33.468051055 -10.80146621, 33.468825939 -10.8002346, 33.469070304 -10.800050833, 33.471085379 -10.799855601, 33.471504342 -10.799605064, 33.472241629 -10.798586166, 33.474052218 -10.79746434, 33.474696894 -10.79608137, 33.475380212 -10.795299164, 33.476169394 -10.794672075, 33.476496476 -10.794122767, 33.476757757 -10.793151877, 33.477898399 -10.794045383, 33.47832791 -10.794667511, 33.478895466 -10.79492358, 33.480078032 -10.794117171, 33.480840345 -10.794021974, 33.481453048 -10.793498209, 33.482031723 -10.793300181, 33.483127967 -10.793578568, 33.485501733 -10.793555022, 33.488246354 -10.792071602, 33.491323272 -10.791886175, 33.493510139 -10.791977417, 33.496962034 -10.791400531, 33.497697857 -10.790832476, 33.499214579 -10.788919504, 33.500052491 -10.786691261, 33.500106599 -10.785326252, 33.500631177 -10.784070023, 33.50185626 -10.782734747, 33.503058491 -10.782166092, 33.504266709 -10.777657823, 33.505070883 -10.776832827, 33.507481616 -10.77597313, 33.513038524 -10.775753729, 33.514469874 -10.776115482, 33.516051845 -10.775388107, 33.518733991 -10.771029619, 33.520253874 -10.769643842, 33.522176078 -10.767252263, 33.524144059 -10.765390394, 33.524995612 -10.765693538, 33.52701336 -10.765703532, 33.528645538 -10.76527155, 33.530907068 -10.764995222, 33.531282227 -10.764584239, 33.531554068 -10.763548752, 33.531452078 -10.762578178, 33.531148699 -10.761799026, 33.531211304 -10.760152907, 33.531676409 -10.758991286, 33.532071372 -10.758695923, 33.532785128 -10.758537869, 33.53327407 -10.757813937, 33.534131546 -10.755814334, 33.534503735 -10.753945713, 33.534759814 -10.753170995, 33.536224306 -10.751239655, 33.535686553 -10.750765584, 33.533698284 -10.749980182, 33.532573249 -10.749208931, 33.531745393 -10.748013139, 33.531081541 -10.74586199, 33.531109803 -10.745268481, 33.532151781 -10.743918392, 33.534501529 -10.74173889, 33.535203049 -10.740435497, 33.535775482 -10.739171828, 33.535530888 -10.736861849, 33.535641193 -10.736384697, 33.536252608 -10.735404256, 33.536309214 -10.73416601, 33.536606866 -10.732912603, 33.536907038 -10.732387301, 33.537393456 -10.732126509, 33.537694921 -10.732239559, 33.539719697 -10.735708511, 33.540568781 -10.736557594, 33.541339537 -10.736786657, 33.542877534 -10.736316528, 33.545250263 -10.735155804, 33.546213612 -10.734952744, 33.548106758 -10.735104825, 33.549742147 -10.734727447, 33.550201939 -10.73437995, 33.5507053 -10.733427023, 33.550890053 -10.732012086, 33.550965096 -10.730161026, 33.551140196 -10.729460625, 33.553916788 -10.725608416, 33.556595809 -10.723233303, 33.557368767 -10.721831251, 33.558388985 -10.716299021, 33.55911977 -10.714076806, 33.561321032 -10.711950588, 33.564572896 -10.707798207, 33.567814061 -10.704071459, 33.568445252 -10.702696028, 33.576198545 -10.693548461, 33.579526468 -10.6905133, 33.581002314 -10.687486565, 33.58136301 -10.68521579, 33.582201459 -10.683925146, 33.583452049 -10.682788665, 33.585110592 -10.682304774, 33.586542549 -10.68130617, 33.587588254 -10.680166259, 33.588076369 -10.678506417, 33.588901842 -10.676955528, 33.592153706 -10.673053291, 33.593939737 -10.670288583, 33.595588371 -10.667386985, 33.596931444 -10.6636479, 33.596831387 -10.660871309, 33.597431731 -10.659670619, 33.597856975 -10.659195348, 33.60048348 -10.65759443, 33.603009929 -10.655368154, 33.604810961 -10.654892882, 33.60636185 -10.655092996, 33.607362423 -10.655468211, 33.608813255 -10.656518814, 33.611039531 -10.659395463, 33.61183999 -10.660646179, 33.612640905 -10.662671892, 33.613253255 -10.663453815, 33.613743135 -10.663764701, 33.614741653 -10.664023114, 33.616912024 -10.663660525, 33.61873695 -10.661401339, 33.620175636 -10.658564436, 33.621538961 -10.657580884, 33.628363046 -10.650834346, 33.629536582 -10.649748695, 33.630488179 -10.648589268, 33.631063509 -10.647538665, 33.634790646 -10.642810956, 33.636341535 -10.641785368, 33.637342108 -10.641385139, 33.638148579 -10.641315009, 33.640770474 -10.639781396, 33.641101339 -10.639186873, 33.641406355 -10.636550294, 33.641401185 -10.634761557, 33.641904723 -10.633805794, 33.646446872 -10.629173045, 33.646808756 -10.628464788, 33.64672087 -10.628144262, 33.6458331 -10.627037833, 33.645522214 -10.626076915, 33.645908466 -10.624710904, 33.649834269 -10.622299199, 33.651435186 -10.620423123, 33.651935473 -10.620147964, 33.65331319 -10.620556345, 33.654924142 -10.621432476, 33.655828535 -10.621677416, 33.656900619 -10.621677416, 33.660706351 -10.620306903, 33.661735134 -10.62017249, 33.664662769 -10.619134884, 33.666263686 -10.61835944, 33.667639475 -10.617233795, 33.668514977 -10.616008091, 33.66933415 -10.614381031, 33.670247964 -10.613552003, 33.672386479 -10.61314691, 33.673394501 -10.61145117, 33.673667703 -10.610188788, 33.674082217 -10.60935034, 33.674996032 -10.608351739, 33.675862742 -10.608238689, 33.677030918 -10.608813355, 33.677596164 -10.609265553, 33.678820884 -10.60947935, 33.679565105 -10.609331499, 33.680196673 -10.608678891, 33.681077138 -10.608135061, 33.681632963 -10.607984328, 33.682472978 -10.608378719, 33.68285361 -10.608711129, 33.68371179 -10.60824585, 33.684101205 -10.607466185, 33.685420112 -10.605600874, 33.685347764 -10.604306413, 33.685257549 -10.603448311, 33.686545312 -10.598072812, 33.68669969 -10.595629535, 33.686455965 -10.594891162, 33.688821617 -10.594895991, 33.692795061 -10.59393078, 33.693834743 -10.594079274, 33.694825058 -10.593670287, 33.695150244 -10.593345102, 33.696447381 -10.590500684, 33.696402813 -10.588781185, 33.696991017 -10.588045931, 33.698265459 -10.587666048, 33.700557004 -10.587114608, 33.701614168 -10.58637013, 33.704735477 -10.580749833, 33.705293811 -10.58001228, 33.706108424 -10.579470818, 33.706347408 -10.578582109, 33.705989156 -10.575385902, 33.706346959 -10.574223043, 33.708288087 -10.571568346, 33.708876119 -10.568491495, 33.709030481 -10.567245886, 33.708759125 -10.566942749, 33.708255241 -10.566768816, 33.70768872 -10.567007351, 33.706853847 -10.567633507, 33.705707594 -10.567842225, 33.704915748 -10.567842225, 33.703842339 -10.567484422, 33.702258795 -10.56633982, 33.701778335 -10.566386924, 33.700711564 -10.567156435, 33.700384062 -10.56878922, 33.700145042 -10.569034901, 33.697908774 -10.569780324, 33.695419316 -10.570522641, 33.694390379 -10.571330803, 33.692593646 -10.571875291, 33.690786814 -10.571871413, 33.689315541 -10.572404212, 33.68526938 -10.574837353, 33.683471428 -10.576250593, 33.68171223 -10.576250593, 33.67914588 -10.57577001, 33.678014933 -10.575057917, 33.677355934 -10.574290949, 33.677329145 -10.573090001, 33.677761027 -10.570951286, 33.677686947 -10.568170211, 33.678372736 -10.56682845, 33.678670905 -10.565784858, 33.678342919 -10.564443097, 33.677418595 -10.562564632, 33.677537863 -10.560477448, 33.677925483 -10.559612758, 33.679625046 -10.557585209, 33.681555713 -10.553791356, 33.681282511 -10.552971749, 33.679147976 -10.552426884, 33.676996061 -10.552425344, 33.675611208 -10.551973147, 33.674848126 -10.551210065, 33.673397327 -10.550352775, 33.673152387 -10.549928841, 33.673105283 -10.549175179, 33.673303862 -10.548431418, 33.673180649 -10.546998982, 33.67294513 -10.546593888, 33.671266349 -10.545444555, 33.670738786 -10.544577844, 33.670625737 -10.544125647, 33.671002568 -10.542995155, 33.67113922 -10.541855631, 33.671596076 -10.540960269, 33.672364205 -10.537927633, 33.673310656 -10.537389797, 33.673751116 -10.536922092, 33.674959291 -10.531694943, 33.675182327 -10.529825668, 33.675081761 -10.529377433, 33.674614938 -10.528908541, 33.673632684 -10.528458771, 33.672076535 -10.527041083, 33.671539552 -10.52675846, 33.671246495 -10.526754526, 33.670829059 -10.526993061, 33.670560707 -10.527529765, 33.670173087 -10.529527499, 33.668085903 -10.532181203, 33.667177736 -10.533117479, 33.665774646 -10.53391804, 33.664954434 -10.533447206, 33.664323517 -10.532587949, 33.662305736 -10.531607156, 33.660523892 -10.529070526, 33.659314167 -10.528331251, 33.659124862 -10.527964318, 33.658812845 -10.52574075, 33.658484859 -10.525382948, 33.657918338 -10.52517423, 33.655085303 -10.52595833, 33.653177449 -10.525889836, 33.65249166 -10.525621484, 33.651446936 -10.52467647, 33.649961631 -10.522607243, 33.647565023 -10.519782763, 33.644183641 -10.513351452, 33.644072199 -10.512422767, 33.645007617 -10.509490537, 33.644347018 -10.50698413, 33.638985157 -10.503531939, 33.638421653 -10.503066662, 33.637570283 -10.50187104, 33.636789025 -10.500709543, 33.636117885 -10.500109801, 33.63324769 -10.496082961, 33.632262478 -10.495315532, 33.631484163 -10.495204767, 33.6302347 -10.495483218, 33.628731775 -10.496225757, 33.625511731 -10.496861197, 33.623206207 -10.496761227, 33.621948977 -10.496497069, 33.621770482 -10.496261456, 33.62207182 -10.49493067, 33.623027085 -10.493908896, 33.624005235 -10.493509068, 33.625690225 -10.493244895, 33.627408441 -10.492186483, 33.631088618 -10.488861066, 33.63238092 -10.487625883, 33.633758899 -10.485983732, 33.634228162 -10.48167609, 33.634772749 -10.480100547, 33.637236863 -10.475056949, 33.638237265 -10.471472972, 33.638079299 -10.469841868, 33.637748612 -10.469215941, 33.635413902 -10.466302908, 33.63474967 -10.465228527, 33.63434851 -10.463543655, 33.633626422 -10.46238029, 33.633143449 -10.460790992, 33.633257686 -10.460226949, 33.633628955 -10.459334476, 33.632879277 -10.458734733, 33.630930115 -10.457970776, 33.62914374 -10.457792281, 33.628551138 -10.457592367, 33.627134555 -10.456442465, 33.62565136 -10.454678017, 33.624323175 -10.452556743, 33.623973106 -10.451494989, 33.622973536 -10.450666774, 33.622209579 -10.450424021, 33.621595557 -10.450559677, 33.619316537 -10.45178772, 33.618052795 -10.452944366, 33.616383512 -10.452922946, 33.615553155 -10.452551678, 33.614205877 -10.451416451, 33.613213447 -10.451088021, 33.611826186 -10.451716322, 33.610498186 -10.453322775, 33.609545024 -10.45380114, 33.608745368 -10.453594086, 33.607874314 -10.453001483, 33.606503475 -10.451937656, 33.605104076 -10.451437871, 33.604871268 -10.450786765, 33.60465427 -10.449995633, 33.604068948 -10.449543167, 33.602912162 -10.449560107, 33.602512334 -10.449403031, 33.601748376 -10.448360622, 33.600914449 -10.448178558, 33.599914879 -10.448335632, 33.59886533 -10.447864407, 33.597051824 -10.445936665, 33.594631436 -10.443594814, 33.593796081 -10.442816578, 33.59181836 -10.441824147, 33.590520347 -10.44106019, 33.588671142 -10.44104591, 33.58858417 -10.440637415, 33.58940654 -10.439132447, 33.589120949 -10.43735464, 33.588328432 -10.436640661, 33.58772155 -10.436583543, 33.586629163 -10.43735464, 33.585579614 -10.437233264, 33.584965592 -10.437076189, 33.583569669 -10.437548482, 33.58237028 -10.438090038, 33.581256473 -10.43804006, 33.579471526 -10.437747329, 33.577429547 -10.438368489, 33.575359008 -10.439396619, 33.574595051 -10.439425178, 33.573595481 -10.438903974, 33.572995739 -10.437525995, 33.572104514 -10.433276128, 33.57127505 -10.430454035, 33.571353588 -10.430211283, 33.572638749 -10.429183154, 33.572653029 -10.426584271, 33.572460255 -10.424485174, 33.572567352 -10.424192442, 33.573416986 -10.423171453, 33.57330275 -10.421215151, 33.572906834 -10.419797149, 33.569769983 -10.413996826, 33.566335745 -10.410337685, 33.564864949 -10.409702244, 33.563986755 -10.409695104, 33.56348697 -10.409438072, 33.563078413 -10.409005944, 33.56178947 -10.408245718, 33.563171504 -10.407266426, 33.564007233 -10.405374579, 33.564743142 -10.404038735, 33.564975845 -10.403114651, 33.565622798 -10.402209771, 33.565993971 -10.400998608, 33.565884136 -10.399875859, 33.565650314 -10.399288002, 33.564566747 -10.399067919, 33.561783493 -10.397492554, 33.561005797 -10.397110686, 33.561952257 -10.393036153, 33.562410545 -10.392468748, 33.563260821 -10.392026894, 33.56333281 -10.391371417, 33.563087119 -10.390366482, 33.562553534 -10.389383406, 33.562730527 -10.387962313, 33.563243708 -10.387655139, 33.56590188 -10.386698954, 33.565883623 -10.385796269, 33.565450412 -10.385027138, 33.563720269 -10.383411931, 33.563278993 -10.382930539, 33.563118529 -10.382288683, 33.563532664 -10.379322449, 33.563232793 -10.378972599, 33.560039449 -10.377575238, 33.557371137 -10.377027371, 33.55537244 -10.377291159, 33.554794136 -10.377230285, 33.553840443 -10.376672273, 33.553293495 -10.375206361, 33.552888947 -10.37338293, 33.551979774 -10.372721715, 33.551330054 -10.372621758, 33.550554177 -10.372729126, 33.549498244 -10.372654408, 33.549356179 -10.370823743, 33.549528349 -10.370048172, 33.550262449 -10.368496087, 33.551838692 -10.366822974, 33.554045236 -10.363395361, 33.556275181 -10.360362751, 33.557144335 -10.358499828, 33.555215526 -10.353547817, 33.555222666 -10.351898526, 33.555656951 -10.351279009, 33.557935785 -10.348985492, 33.558135699 -10.347821707, 33.557351665 -10.346820764, 33.556298807 -10.343977897, 33.554665762 -10.338943382, 33.554465848 -10.338836285, 33.552907041 -10.339559405, 33.550674993 -10.340208728, 33.549893777 -10.340107271, 33.546606579 -10.338615857, 33.545044145 -10.338169448, 33.544209928 -10.338437401, 33.54278703 -10.339268206, 33.541889128 -10.339437038, 33.541525502 -10.339371094, 33.540789036 -10.337386986, 33.540908984 -10.336448704, 33.541545561 -10.334954056, 33.541836977 -10.332310533, 33.542093038 -10.33157836, 33.542456999 -10.331260245, 33.543757595 -10.329094045, 33.544685768 -10.326773614, 33.544785513 -10.325323953, 33.543484668 -10.320674111, 33.54344849 -10.318602879, 33.543541917 -10.316899592, 33.543443032 -10.316436784, 33.54094573 -10.312294892, 33.539922642 -10.311147679, 33.538607648 -10.308074071, 33.538413464 -10.3040798, 33.538936887 -10.303118132, 33.54070742 -10.300676714, 33.542239303 -10.300447284, 33.543943776 -10.300104868, 33.54481884 -10.299693968, 33.545556822 -10.298810637, 33.545788414 -10.298305823, 33.545756736 -10.296882894, 33.545306929 -10.295554894, 33.54522679 -10.294775614, 33.545664435 -10.292401582, 33.546216119 -10.291556079, 33.545926731 -10.289272124, 33.546217041 -10.286009438, 33.546425797 -10.285149792, 33.548092874 -10.282853212, 33.548192423 -10.280283977, 33.548563227 -10.275684949, 33.548935369 -10.274339015, 33.549679666 -10.273514131, 33.550161058 -10.272671695, 33.550363327 -10.271925767, 33.550576668 -10.270335965, 33.551123843 -10.269141486, 33.551306053 -10.268250035, 33.55133997 -10.266967952, 33.551926163 -10.264728725, 33.553589181 -10.261959242, 33.553931963 -10.260235733, 33.553818844 -10.256708579, 33.554488458 -10.255635674, 33.555648869 -10.255095417, 33.558479512 -10.253071355, 33.559643728 -10.251952795, 33.559852279 -10.251367595, 33.560715296 -10.250071535, 33.562394509 -10.248921905, 33.562812851 -10.248342662, 33.562845031 -10.24766688, 33.562362329 -10.246540575, 33.561879627 -10.245896973, 33.561654366 -10.244963749, 33.561590006 -10.243837445, 33.561949579 -10.240846565, 33.562362329 -10.239911469, 33.563882625 -10.238345496, 33.564067876 -10.237884121, 33.564205752 -10.23596295, 33.563970139 -10.23529895, 33.561416263 -10.23232238, 33.560721142 -10.231930797, 33.558620853 -10.231771165, 33.557792751 -10.232059518, 33.555948726 -10.233066615, 33.554806411 -10.233101231, 33.552192696 -10.231673872, 33.551195824 -10.231319375, 33.550015061 -10.231224065, 33.547923103 -10.231716711, 33.546168123 -10.232828228, 33.545103276 -10.234151171, 33.543294935 -10.234725466, 33.542956127 -10.233638361, 33.542069575 -10.232354711, 33.539800648 -10.226416149, 33.539600432 -10.224573585, 33.539468527 -10.220410949, 33.537055876 -10.214810969, 33.535092888 -10.211496416, 33.533947908 -10.210376081, 33.530040608 -10.208503664, 33.528431602 -10.208374943, 33.527104401 -10.208619337, 33.524023612 -10.209856847, 33.521770315 -10.21017703, 33.520901451 -10.21001613, 33.518528599 -10.206991627, 33.516443781 -10.203664486, 33.515558363 -10.202639491, 33.513749698 -10.199671202, 33.513596562 -10.199010526, 33.514014904 -10.196822277, 33.513886184 -10.193572084, 33.512824239 -10.189839189, 33.512852468 -10.188520997, 33.512410588 -10.185352228, 33.511845318 -10.184396389, 33.511414588 -10.184531933, 33.509498893 -10.185794002, 33.508705183 -10.185527052, 33.507643239 -10.184851269, 33.505149351 -10.184958243, 33.504436367 -10.184795143, 33.503787324 -10.184267255, 33.503138021 -10.182759561, 33.502108467 -10.181480697, 33.498206523 -10.178075546, 33.497925881 -10.177771995, 33.497290143 -10.177663175, 33.494821646 -10.178276004, 33.494148545 -10.178125599, 33.49091157 -10.175804643, 33.489937916 -10.175564093, 33.486437431 -10.175743788, 33.483609031 -10.175714016, 33.482388353 -10.175565152, 33.479381316 -10.174671973, 33.477561067 -10.174767989, 33.476490048 -10.175105904, 33.475897917 -10.175148334, 33.470290169 -10.173639697, 33.469139529 -10.173272659, 33.464345157 -10.172276581, 33.461893963 -10.171461184, 33.461131072 -10.170859544, 33.460344857 -10.169818128, 33.459274681 -10.169327483, 33.457537223 -10.169621389, 33.456912819 -10.169787292, 33.456571368 -10.168061339, 33.455315065 -10.165689971, 33.452087437 -10.162557404, 33.451162088 -10.162211379, 33.447183846 -10.161947897, 33.445553002 -10.161367015, 33.444035698 -10.160619586, 33.4424147 -10.160372569, 33.440056148 -10.160283287, 33.439143159 -10.160394856, 33.438940255 -10.159633409, 33.438401882 -10.158510845, 33.438419064 -10.157416917, 33.43903762 -10.156010847, 33.439077712 -10.154241089, 33.438762707 -10.152694699, 33.438018148 -10.151302948, 33.436529032 -10.149659191, 33.435291919 -10.147328152, 33.435148735 -10.145942128, 33.435211736 -10.145157478, 33.435652744 -10.143903184, 33.435660197 -10.14326184, 33.43524338 -10.14213048, 33.434004406 -10.140312122, 33.43295057 -10.139241103, 33.431427089 -10.138238813, 33.430262574 -10.136618101, 33.429587059 -10.136369953, 33.427953414 -10.136094232, 33.427174503 -10.135549684, 33.426788494 -10.134364085, 33.425871723 -10.133302561, 33.424755055 -10.132613259, 33.423364097 -10.132633008, 33.422322055 -10.132245964, 33.421214513 -10.132037555, 33.418564748 -10.130846649, 33.41475385 -10.127720523, 33.414307261 -10.127065525, 33.414081651 -10.123655928, 33.413354536 -10.122808037, 33.411989724 -10.121652033, 33.41116311 -10.120266317, 33.410823862 -10.119384184, 33.41046659 -10.118937594, 33.409960456 -10.118818504, 33.408293188 -10.119146003, 33.40693914 -10.118831615, 33.404900196 -10.116844217, 33.404167092 -10.115441011, 33.404095246 -10.114471699, 33.405702028 -10.112250865, 33.405547388 -10.111844222, 33.404510734 -10.112170682, 33.403112749 -10.111821934, 33.399722652 -10.1100401, 33.398706398 -10.109737849, 33.397612115 -10.109937007, 33.394782794 -10.110778931, 33.394347514 -10.11049829, 33.394359593 -10.107028539, 33.394180957 -10.106373541, 33.393704595 -10.10568877, 33.390965512 -10.103842866, 33.388047794 -10.102562643, 33.385691475 -10.101066656, 33.384140546 -10.100802998, 33.380902361 -10.101520601, 33.379462938 -10.102002324, 33.37649601 -10.104200137, 33.37460247 -10.104616955, 33.370702255 -10.104646728, 33.367446261 -10.104078223, 33.366349459 -10.104131726, 33.364701579 -10.104452741, 33.361256014 -10.104645351, 33.360728421 -10.104527637, 33.359716151 -10.103753548, 33.358838383 -10.1026432, 33.357441281 -10.100012028, 33.356977068 -10.100091514, 33.356709115 -10.101490828, 33.356484434 -10.10353667, 33.355875481 -10.104527637, 33.354237986 -10.105658998, 33.352625331 -10.107941018, 33.35146913 -10.109797394, 33.350872755 -10.110249149, 33.350305745 -10.110329332, 33.350093832 -10.110220512, 33.349996467 -10.108828761, 33.349385046 -10.108040809, 33.347493606 -10.106875727, 33.347420052 -10.106641495, 33.349355273 -10.103158096, 33.349950726 -10.100925148, 33.349801863 -10.09958538, 33.349597805 -10.09871994, 33.35021868 -10.096518798, 33.350397315 -10.094702667, 33.350129362 -10.093333125, 33.349838566 -10.092698227, 33.347158088 -10.090135454, 33.345649315 -10.088888845, 33.343728244 -10.086664055, 33.343118644 -10.084357177, 33.34282438 -10.083848903, 33.342166298 -10.083308527, 33.341108252 -10.08300202, 33.339232576 -10.081781342, 33.338624428 -10.081355683, 33.338049811 -10.081243328, 33.33471125 -10.081537591, 33.334122722 -10.081328932, 33.332512295 -10.079964616, 33.330035741 -10.076732775, 33.329164891 -10.075616302, 33.327601828 -10.07530369, 33.324053539 -10.07525104, 33.324006781 -10.075080394, 33.325927117 -10.072557164, 33.32664166 -10.070592169, 33.326414414 -10.069778109, 33.325633206 -10.068381126, 33.325532108 -10.067921591, 33.325182862 -10.067489629, 33.322931144 -10.06602831, 33.322361321 -10.065421724, 33.321304915 -10.063000147, 33.319758532 -10.062183547, 33.318521374 -10.062057306, 33.316734388 -10.062068008, 33.31594584 -10.061972991, 33.315298285 -10.061705037, 33.315097319 -10.061414753, 33.315008002 -10.059807032, 33.314561412 -10.058310956, 33.313891528 -10.056948858, 33.314118112 -10.056760553, 33.315432262 -10.0572838, 33.316593395 -10.057172153, 33.317106973 -10.057015847, 33.318826342 -10.055676078, 33.319920487 -10.054369803, 33.320185303 -10.052662255, 33.31991244 -10.050714763, 33.320032134 -10.05023885, 33.321997128 -10.048340844, 33.322510706 -10.04767096, 33.322744488 -10.046735463, 33.322818818 -10.045901331, 33.323406638 -10.04552419, 33.324609677 -10.044299209, 33.325815469 -10.042401203, 33.327713475 -10.03909644, 33.328294041 -10.037220764, 33.329210691 -10.032399852, 33.328947232 -10.031363198, 33.328620771 -10.030567093, 33.328249382 -10.026480285, 33.328606654 -10.024939551, 33.329846429 -10.022617502, 33.330571648 -10.020551808, 33.330750284 -10.017425681, 33.330303694 -10.015929606, 33.329485604 -10.014581999, 33.32945124 -10.014112355, 33.329879434 -10.012669502, 33.330098433 -10.008883265, 33.330884261 -10.006997814, 33.331490396 -10.006131074, 33.333489037 -10.00497147, 33.334211353 -10.003648393, 33.334323001 -10.003134815, 33.334256012 -10.002107659, 33.334383995 -10.001757416, 33.335560743 -10.000955291, 33.337972327 -9.999794157, 33.340681637 -9.998930752, 33.341591078 -9.998156411, 33.341756936 -9.997755141, 33.341344966 -9.996939227, 33.339793392 -9.994847276, 33.339392123 -9.993953784, 33.339285972 -9.993164541, 33.339440275 -9.992691123, 33.340965098 -9.990732928, 33.342024449 -9.989042248, 33.34288049 -9.986639983, 33.343806085 -9.984869047, 33.344742379 -9.981771249, 33.346933891 -9.977851724, 33.348482068 -9.973430487, 33.351446251 -9.969516486, 33.351970576 -9.967606445, 33.352703561 -9.966172576, 33.354218541 -9.964004788, 33.354317505 -9.9631887, 33.353805714 -9.961774665, 33.352917663 -9.959929874, 33.351797953 -9.958145089, 33.351960437 -9.957417187, 33.352606464 -9.956225308, 33.35230653 -9.953059653, 33.352583735 -9.951701031, 33.352443899 -9.950469476, 33.352687912 -9.949203911, 33.353111479 -9.948629961, 33.353091491 -9.948252671, 33.353461035 -9.947258453, 33.352977908 -9.946698582, 33.352431592 -9.946447253, 33.352427301 -9.945299676, 33.35258147 -9.944575825, 33.35304345 -9.944047955, 33.353156883 -9.943425348, 33.353144527 -9.941962903, 33.354275007 -9.940567614, 33.354556685 -9.940317712, 33.3545644 -9.939877559, 33.355000007 -9.939228594, 33.354504065 -9.93862219, 33.354538516 -9.937346846, 33.355162655 -9.936350259, 33.355253906 -9.935057724, 33.356351892 -9.933267769, 33.357473405 -9.932314474, 33.358117486 -9.930783303, 33.358396356 -9.928860848, 33.360033851 -9.926836308, 33.361868016 -9.925216361, 33.364634099 -9.924189111, 33.367060194 -9.923680408, 33.368470233 -9.923025431, 33.371081158 -9.921431054, 33.37678972 -9.918578094, 33.380646572 -9.915926268, 33.38047754 -9.913853391, 33.379859579 -9.912948244, 33.379462582 -9.911594903, 33.379171342 -9.91021363, 33.378495569 -9.90948105, 33.376628224 -9.907838494, 33.375121622 -9.905125252, 33.37495054 -9.903818045, 33.375320394 -9.901530756, 33.374961233 -9.899254466, 33.375199366 -9.896688025, 33.37513865 -9.895778003, 33.374321493 -9.892989638, 33.373943949 -9.891412616, 33.373281219 -9.89007177, 33.37206798 -9.888382844, 33.371509146 -9.88791879, 33.369819654 -9.887233164, 33.369543989 -9.886393595, 33.369444818 -9.884529413, 33.369000141 -9.883351655, 33.369118523 -9.8827685, 33.369693012 -9.881989856, 33.370136265 -9.880953283, 33.370279004 -9.880022334, 33.370212351 -9.879083001, 33.369687944 -9.877095008, 33.36952881 -9.875759164, 33.370353925 -9.872208804, 33.370798254 -9.871203816, 33.370872708 -9.87053516, 33.36954699 -9.868716624, 33.36905119 -9.865838951, 33.367632058 -9.863688763, 33.365688571 -9.861953062, 33.364631711 -9.86147432, 33.364395655 -9.861081882, 33.364291909 -9.859683931, 33.363945603 -9.859080314, 33.362696383 -9.858000796, 33.360103565 -9.852249352, 33.359542284 -9.850349273, 33.359361365 -9.849081223, 33.359300888 -9.846810243, 33.35916545 -9.846453602, 33.356751336 -9.844875099, 33.354745629 -9.842313697, 33.353256997 -9.839634159, 33.351949015 -9.837423175, 33.351500411 -9.834036903, 33.350747008 -9.833127339, 33.348460817 -9.832363269, 33.341199078 -9.830970321, 33.339740219 -9.830493958, 33.337729798 -9.82956982, 33.336563442 -9.829505617, 33.334827734 -9.830077142, 33.329880972 -9.828697729, 33.32713416 -9.827693685, 33.326870502 -9.827554102, 33.326136396 -9.825677478, 33.325568443 -9.82474784, 33.323338473 -9.823229435, 33.320629163 -9.822663755, 33.319438257 -9.822633983, 33.313960092 -9.821056033, 33.312977595 -9.820936942, 33.311363733 -9.821512334, 33.30963025 -9.821180618, 33.308541471 -9.820817852, 33.307019325 -9.820693745, 33.305954624 -9.820720496, 33.304879437 -9.819388765, 33.304005347 -9.814546299, 33.302140354 -9.812243332, 33.29878568 -9.809179854, 33.297961603 -9.807603862, 33.298069896 -9.805991496, 33.298299684 -9.8047704, 33.297796671 -9.801432077, 33.297227869 -9.799530415, 33.296840825 -9.798815872, 33.293566401 -9.796203093, 33.29298144 -9.795475458, 33.292321338 -9.793397252, 33.292023612 -9.791938393, 33.291606795 -9.787770223, 33.291041115 -9.784227279, 33.29065407 -9.78288751, 33.290356344 -9.780952289, 33.290445662 -9.778838432, 33.291091016 -9.776150331, 33.290984011 -9.775551102, 33.290655862 -9.775108814, 33.290177708 -9.774848898, 33.283136968 -9.775165884, 33.2824236 -9.775008943, 33.279548876 -9.77047232, 33.277111547 -9.768375841, 33.276303659 -9.767911874, 33.27395162 -9.767375966, 33.269217771 -9.767018694, 33.267223004 -9.766810286, 33.264096877 -9.765917106, 33.260219396 -9.763786031, 33.258559166 -9.762880298, 33.255506013 -9.761784446, 33.250220595 -9.759180137, 33.249450122 -9.758912305, 33.24644622 -9.757196656, 33.244891079 -9.756069535, 33.242491962 -9.751729268, 33.242308064 -9.751136708, 33.241776804 -9.750298952, 33.241020779 -9.749685959, 33.240264755 -9.749440762, 33.234993018 -9.74982899, 33.232457082 -9.749713431, 33.231192464 -9.749338596, 33.230909074 -9.748928726, 33.229986912 -9.743269969, 33.228842659 -9.740511502, 33.229087856 -9.739694179, 33.23037514 -9.738018664, 33.233092741 -9.735464529, 33.233883887 -9.735193296, 33.235278337 -9.735209883, 33.236408692 -9.734326649, 33.236462864 -9.734112974, 33.235871659 -9.733408149, 33.234952152 -9.732644763, 33.23401223 -9.731715058, 33.232274715 -9.729007045, 33.23156026 -9.725176469, 33.231535314 -9.724500897, 33.230608533 -9.722827982, 33.230048211 -9.722029774, 33.227964036 -9.71654349, 33.227739272 -9.713621558, 33.227978998 -9.709214266, 33.228433997 -9.707001237, 33.228352265 -9.705264425, 33.227698406 -9.701177806, 33.226918142 -9.698314852, 33.225164703 -9.696069535, 33.224347379 -9.694537054, 33.223121394 -9.693351934, 33.220041279 -9.690800713, 33.217447781 -9.688216227, 33.216916757 -9.687309691, 33.216374736 -9.682425314, 33.216533122 -9.67955653, 33.218155346 -9.675161892, 33.218574732 -9.674427965, 33.220165279 -9.673522268, 33.227102561 -9.67126918, 33.227557351 -9.670432024, 33.229339256 -9.667579982, 33.231376362 -9.663529842, 33.231785024 -9.662957716, 33.23182589 -9.661956494, 33.229556148 -9.655595999, 33.22845443 -9.653905858, 33.228209233 -9.653231566, 33.228229666 -9.65088176, 33.22759624 -9.648552388, 33.226858405 -9.646950278, 33.226375598 -9.646278331, 33.225738493 -9.645830366, 33.22360983 -9.64528949, 33.22289663 -9.644424905, 33.220894188 -9.642912856, 33.21941757 -9.639246782, 33.218787578 -9.638227558, 33.218503516 -9.63595539, 33.218585249 -9.63450464, 33.219239107 -9.633626017, 33.220056431 -9.629948062, 33.220301628 -9.629416801, 33.221752377 -9.628068217, 33.222406236 -9.627210028, 33.222426669 -9.625984042, 33.222018007 -9.62477849, 33.221221117 -9.624022466, 33.219954265 -9.623552505, 33.219606903 -9.623164276, 33.219475281 -9.62129185, 33.217159137 -9.620575107, 33.216216752 -9.620090641, 33.214662096 -9.618056004, 33.213709914 -9.617453228, 33.210501919 -9.616513306, 33.210072824 -9.61620681, 33.209071603 -9.615062557, 33.207007861 -9.613816138, 33.20488282 -9.613346177, 33.204351559 -9.61310098, 33.203105141 -9.611159837, 33.201633959 -9.608013141, 33.200489706 -9.60674629, 33.198895925 -9.606010699, 33.1981399 -9.605765502, 33.196709584 -9.604948177, 33.194952522 -9.603380607, 33.19465883 -9.602061745, 33.193706928 -9.601764815, 33.192303328 -9.600759127, 33.190934666 -9.600288037, 33.188229853 -9.600166835, 33.184773149 -9.600246527, 33.180771775 -9.599819473, 33.178225813 -9.600534631, 33.171671899 -9.600953884, 33.170726869 -9.60145412, 33.169237957 -9.604054796, 33.168847025 -9.606010699, 33.168826592 -9.609136961, 33.168520096 -9.609647788, 33.167182297 -9.610649832, 33.166149857 -9.611302868, 33.164433478 -9.612753618, 33.163294958 -9.613905044, 33.162010792 -9.614353009, 33.15915875 -9.614756176, 33.157547527 -9.615655116, 33.15644414 -9.616697204, 33.15625997 -9.618155228, 33.156006328 -9.618307413, 33.155651229 -9.618244003, 33.15465001 -9.616138162, 33.154502997 -9.614919525, 33.154666462 -9.613611807, 33.153195279 -9.611078105, 33.152480121 -9.610689876, 33.149022843 -9.609831686, 33.146579464 -9.609911875, 33.145508352 -9.610567276, 33.144404965 -9.610710309, 33.140440946 -9.609484324, 33.138724566 -9.608054007, 33.135945666 -9.606378494, 33.13259464 -9.60535684, 33.13147082 -9.604539516, 33.130714796 -9.603844791, 33.128262825 -9.602986602, 33.12730247 -9.601597151, 33.127159438 -9.600207702, 33.127363769 -9.598491322, 33.12425794 -9.596917973, 33.123801284 -9.597178524, 33.122235064 -9.598532188, 33.120028291 -9.599921638, 33.11816888 -9.601862782, 33.117233044 -9.604049122, 33.115864027 -9.608667, 33.113975283 -9.611996019, 33.11256076 -9.612530645, 33.112218258 -9.613128886, 33.112336202 -9.614145273, 33.112121202 -9.615284445, 33.111593512 -9.616308975, 33.110551424 -9.617800591, 33.11045226 -9.618637147, 33.111182537 -9.620408413, 33.111143984 -9.621866775, 33.110402589 -9.623356998, 33.110240892 -9.625382961, 33.109936522 -9.626571907, 33.110240892 -9.627970109, 33.111389181 -9.630561054, 33.112880796 -9.632461331, 33.114290679 -9.633421686, 33.117862525 -9.634991557, 33.118949423 -9.635710192, 33.11925592 -9.636180153, 33.119623715 -9.638346061, 33.119400532 -9.639536175, 33.119092455 -9.640144173, 33.118111667 -9.640879764, 33.117478241 -9.641124961, 33.116603107 -9.641098194, 33.115741429 -9.640552834, 33.115475798 -9.640205472, 33.115026271 -9.639939842, 33.113718553 -9.640021574, 33.112267804 -9.640736732, 33.111511779 -9.641267992, 33.111348315 -9.641983151, 33.111736543 -9.642657441, 33.111675244 -9.643760829, 33.111041818 -9.644619018, 33.109699611 -9.645370653, 33.10930142 -9.646953462, 33.110204062 -9.648266325, 33.111900008 -9.650370933, 33.11310556 -9.652639006, 33.113269025 -9.653272432, 33.113170455 -9.656771135, 33.112828039 -9.658721007, 33.112431268 -9.659770154, 33.111249118 -9.661726662, 33.110040597 -9.66675827, 33.109296394 -9.667968714, 33.108487795 -9.668569899, 33.104463971 -9.669565613, 33.10100559 -9.671688301, 33.100878742 -9.672573869, 33.101578539 -9.673956452, 33.10283763 -9.676129905, 33.102976345 -9.67784774, 33.102701393 -9.679592824, 33.101153235 -9.683811244, 33.099902076 -9.684408214, 33.095118887 -9.683303449, 33.092250461 -9.680918047, 33.088024361 -9.678860855, 33.084573332 -9.675809126, 33.084454433 -9.675219588, 33.087060788 -9.667586551, 33.087751136 -9.665682108, 33.08756363 -9.664640097, 33.086935697 -9.663863541, 33.078915992 -9.656542611, 33.075761713 -9.650649705, 33.073643833 -9.648697787, 33.072348087 -9.646618302, 33.071785508 -9.644937848, 33.069792738 -9.643877777, 33.067217722 -9.640552149, 33.066560936 -9.63901965, 33.067301123 -9.634338751, 33.067828768 -9.633408665, 33.067677852 -9.631236081, 33.061640809 -9.627654026, 33.05485479 -9.626691663, 33.051723276 -9.627099863, 33.048400687 -9.627275274, 33.045224611 -9.629689162, 33.043567462 -9.63470767, 33.044003424 -9.636628625, 33.044332872 -9.638008343, 33.043778135 -9.639367715, 33.042102622 -9.641656221, 33.040774471 -9.64290264, 33.039294828 -9.643783632, 33.037534946 -9.643902661, 33.029760225 -9.642280191, 33.027410438 -9.64105656, 33.027615562 -9.639980707, 33.027537916 -9.639612912, 33.025249411 -9.638959052, 33.024680563 -9.638663724, 33.024227756 -9.638223462, 33.023144802 -9.636547948, 33.021959683 -9.633237789, 33.021551022 -9.630479321, 33.021591888 -9.62788432, 33.021714486 -9.625697979, 33.021371628 -9.622567898, 33.02114236 -9.621284432, 33.020488501 -9.620364943, 33.019473949 -9.61952514, 33.016405095 -9.618502189, 33.015400662 -9.617851673, 33.014992 -9.61729998, 33.014828536 -9.616625688, 33.014869402 -9.615787931, 33.01585019 -9.614091985, 33.015952355 -9.613213362, 33.015625426 -9.61200781, 33.014930701 -9.610393596, 33.012253966 -9.607349066, 33.010893684 -9.605313424, 33.009189003 -9.601832132, 33.008443052 -9.600152678, 33.008085616 -9.598787602, 33.006633017 -9.594986279, 33.005899276 -9.591278442, 33.006532702 -9.587763951, 33.006450969 -9.586435799, 33.005776677 -9.585414146, 33.004119168 -9.584444429, 33.003202108 -9.583840798, 33.00275258 -9.583227804, 33.002711714 -9.582512646, 33.002895612 -9.582063119, 33.003467738 -9.581429693, 33.003765384 -9.580820003, 33.003733369 -9.580326306, 33.002956911 -9.579039022, 33.00030061 -9.576525752, 32.999203856 -9.574958909, 32.99891116 -9.573787718, 32.999503719 -9.571560512, 33.000974902 -9.569190274, 33.004093949 -9.565992104, 33.004544562 -9.565277337, 33.00475702 -9.564531069, 33.004623117 -9.563566507, 33.003155112 -9.561395049, 33.002923308 -9.559869644, 33.003155112 -9.558718316, 33.005340911 -9.556188192, 33.007159998 -9.554570399, 33.009655607 -9.55297353, 33.012244952 -9.552086194, 33.014867684 -9.551629359, 33.015424827 -9.550914824, 33.015578955 -9.547702362, 33.016979315 -9.545764756, 33.019276819 -9.543986059, 33.019947024 -9.543076787, 33.020318165 -9.541901774, 33.021096087 -9.540564795, 33.022215097 -9.539705327, 33.023073287 -9.539235366, 33.023522815 -9.538704106, 33.024237973 -9.537232923, 33.024973564 -9.536619931, 33.025750021 -9.535393946, 33.026873841 -9.532594612, 33.027875062 -9.531041697, 33.029060182 -9.530142642, 33.029571009 -9.528998389, 33.030122702 -9.526546418, 33.030531364 -9.525545197, 33.032401774 -9.523226882, 33.032414985 -9.521007442, 33.032243242 -9.517436084, 33.033018285 -9.514534079, 33.032881771 -9.513397938, 33.03239737 -9.512393906, 33.030480462 -9.51063685, 33.02977534 -9.509035262, 33.029707908 -9.507060258, 33.030539592 -9.505926478, 33.030887073 -9.5049399, 33.031479121 -9.504457084, 33.0318406 -9.503548845, 33.031067188 -9.502610594, 33.031085493 -9.501696615, 33.030001167 -9.499882756, 33.02991293 -9.49922897, 33.028736669 -9.499603198, 33.027155938 -9.500828238, 33.026467787 -9.50107234, 33.025974264 -9.501040644, 33.025184808 -9.500729438, 33.024676137 -9.500286989, 33.023571018 -9.497864793, 33.022450844 -9.496837903, 33.020946211 -9.495989993, 33.018270815 -9.495272201, 33.015854909 -9.494802426, 33.01455154 -9.494740505, 33.012915854 -9.494284249, 33.012074916 -9.494307644, 33.010649343 -9.494821938, 33.008853703 -9.494987638, 33.008633719 -9.495351315, 33.007717035 -9.495582263, 33.006560889 -9.495856327, 33.006320326 -9.496111767, 33.006230373 -9.496990223, 33.004697828 -9.497842542, 33.000077668 -9.498478403, 32.998276187 -9.49668926, 32.997091651 -9.496491838, 32.994777982 -9.497670713, 32.993702958 -9.497582597, 32.992486948 -9.497190478, 32.991323807 -9.496419457, 32.990391621 -9.495406013, 32.989231763 -9.493579854, 32.987978898 -9.492062087, 32.985483201 -9.489791808, 32.984397377 -9.488644289, 32.983595348 -9.487287008, 32.982788825 -9.483038938, 32.982409923 -9.482668848, 32.981041192 -9.482696933, 32.976370914 -9.483733401, 32.974877905 -9.484325669, 32.973100395 -9.48532116, 32.97154073 -9.48590273, 32.970793725 -9.485831017, 32.96878488 -9.485078839, 32.966348454 -9.485127303, 32.964978239 -9.485620757, 32.963760544 -9.486447962, 32.963081878 -9.487393628, 32.951030836 -9.492943253, 32.947064038 -9.482648732, 32.949843839 -9.478905835, 32.95036108 -9.478086077, 32.952663723 -9.467370142, 32.944592218 -9.458927429, 32.946016543 -9.455011367, 32.948524024 -9.434855073, 32.947279502 -9.431612271, 32.943091678 -9.421205059, 32.945343598 -9.418877405, 32.948789986 -9.415420538, 32.950583228 -9.412528936, 32.953781175 -9.410705807, 32.954588134 -9.409226383, 32.955081275 -9.407657296, 32.958861484 -9.402285714, 32.95964063 -9.400681977, 32.928083 -9.401844, 32.9278 -9.401599, 32.9132 -9.379861, 32.905052 -9.390176, 32.897883 -9.388986, 32.897092 -9.386095, 32.892828 -9.366852, 32.865219 -9.379788, 32.813285 -9.34933, 32.813301 -9.341255, 32.812849 -9.337976, 32.812332 -9.336668, 32.81116 -9.335467, 32.809504 -9.333883, 32.808293 -9.33235, 32.806954 -9.331389, 32.805677 -9.329417, 32.804783 -9.328436, 32.804451 -9.327674, 32.803817 -9.326805, 32.803625 -9.325875, 32.802654 -9.32471, 32.802005 -9.324148, 32.8011 -9.323183, 32.8004 -9.322626, 32.779351 -9.322124, 32.765485 -9.32317, 32.759671 -9.300925, 32.75567 -9.285155, 32.731829885 -9.279916939, 32.718261 -9.276955, 32.647841999 -9.275526, 32.616189001 -9.25855, 32.584736001 -9.251307, 32.575206 -9.249172, 32.563505001 -9.252131, 32.545554 -9.257777, 32.53749 -9.24689, 32.486329 -9.175184, 32.493087 -9.151064, 32.462241 -9.132315, 32.448589 -9.130134, 32.437443001 -9.119441, 32.359713001 -9.128747, 32.255215001 -9.132554, 32.250439001 -9.130007, 32.247262 -9.12794, 32.192997001 -9.0958, 32.172762 -9.06559, 32.159851001 -9.057621, 32.1391 -9.064405, 32.069601 -9.048366, 32.043335 -9.055705, 32.01549 -9.06216, 32.013891 -9.071541, 31.998761 -9.075954, 31.98826 -9.075248, 31.987125 -9.074567, 31.983443 -9.071138, 31.982309 -9.069852, 31.981905 -9.069145, 31.9813 -9.06849, 31.975727 -9.064279, 31.974214 -9.064001, 31.972776 -9.063522, 31.970331 -9.061681, 31.969599 -9.061328, 31.967799 -9.060925, 31.96447 -9.057672, 31.962503 -9.055301, 31.960486 -9.051998, 31.959401 -9.050081, 31.95582 -9.042302, 31.954862 -9.0392, 31.953730411 -9.03678609, 31.952643 -9.034157, 31.952013 -9.033476, 31.9505 -9.032618, 31.947927 -9.031786, 31.945784 -9.030576, 31.944649 -9.029643, 31.943601 -9.028319, 31.94355 -9.028078, 31.94232 -9.026651, 31.941933 -9.026452999, 31.941619 -9.025859, 31.94078 -9.02438, 31.940024001 -9.023959, 31.938923 -9.022488, 31.938347001 -9.021173, 31.937796 -9.020614, 31.937433 -9.019953, 31.93685 -9.019293999, 31.936369 -9.018570999, 31.936326 -9.017736999, 31.937186 -9.015182999, 31.9371 -9.014151, 31.936773 -9.013841, 31.936988 -9.012853, 31.93685 -9.011606, 31.937461 -9.010263999, 31.93716 -9.009185, 31.937091 -9.006991999, 31.937134 -9.005814, 31.937306 -9.004954, 31.936892 -9.003479999, 31.936748001 -9.000066999, 31.936094 -8.998838999, 31.935646 -8.996731999, 31.935207097 -8.99508272, 31.934176 -8.993962999, 31.933866 -8.993147, 31.933092 -8.992303999, 31.933023001 -8.991727, 31.932454 -8.991199, 31.931244 -8.988500999, 31.930689 -8.986432999, 31.930033 -8.985108999, 31.929302 -8.982032, 31.929378 -8.979863999, 31.929479 -8.979157999, 31.930361 -8.977971999, 31.930538 -8.976636, 31.931319 -8.975451, 31.93485 -8.972525999, 31.935758 -8.971391, 31.936035 -8.970785, 31.935783 -8.969801999, 31.935102 -8.96839, 31.935102 -8.967759, 31.935304 -8.967079, 31.936136 -8.96665, 31.936262 -8.965465, 31.935858 -8.964859, 31.935808 -8.964354999, 31.936413 -8.963662, 31.936716 -8.962905, 31.937246 -8.962804, 31.937674 -8.96293, 31.938758 -8.962149, 31.939086 -8.962123, 31.939465 -8.961871, 31.939616 -8.960786999, 31.940171 -8.959829, 31.940095 -8.959122, 31.939843 -8.958795, 31.940145 -8.958214999, 31.939767 -8.957432999, 31.940221 -8.955516, 31.940271 -8.955036999, 31.940524 -8.954608999, 31.94123 -8.954054, 31.94244 -8.952363999, 31.944306 -8.950019, 31.944558 -8.94838, 31.945239 -8.948002, 31.945391 -8.947346, 31.946576 -8.945858, 31.946853 -8.944193999, 31.947458 -8.943159999, 31.947963 -8.941444999, 31.94819 -8.941042, 31.948719 -8.940915999, 31.949148 -8.940436, 31.949274 -8.939529, 31.949072 -8.939099999, 31.949072 -8.938545, 31.949602 -8.937713, 31.949778 -8.936477, 31.949577 -8.936049, 31.92121 -8.924865, 31.875191 -8.907528, 31.860615 -8.902207, 31.855143 -8.900745, 31.846849 -8.899105, 31.793351 -8.890308, 31.792689 -8.890356, 31.791851 -8.889725, 31.790024 -8.889773, 31.789186 -8.890029, 31.78803 -8.889773, 31.786839006 -8.889400044, 31.786030897 -8.88984621, 31.785864521 -8.890926399, 31.7848425 -8.891818725, 31.784438446 -8.891959619, 31.783868015 -8.892523194, 31.781443688 -8.892593641, 31.78025529 -8.892969355, 31.779637325 -8.89280498, 31.778852984 -8.892030066, 31.778472697 -8.892217925, 31.777949802 -8.893039802, 31.777331836 -8.893063285, 31.776785174 -8.892875427, 31.775501706 -8.893603374, 31.773933023 -8.893955606, 31.773219985 -8.894448732, 31.772197964 -8.893908643, 31.771389855 -8.894284357, 31.770795657 -8.894448731, 31.770367834 -8.893861677, 31.769987547 -8.893673822, 31.768537704 -8.894049535, 31.767111629 -8.894636588, 31.766564967 -8.894472214, 31.765923232 -8.894871409, 31.765091355 -8.894683553, 31.764877443 -8.894965336, 31.764805288 -8.895414793, 31.76502005 -8.89557587, 31.764639765 -8.896068993, 31.764283245 -8.896233367, 31.764378317 -8.896703005, 31.764283245 -8.896937826, 31.763665279 -8.896914343, 31.762928473 -8.896890861, 31.762548186 -8.897290055, 31.762072828 -8.898135403, 31.761407327 -8.897712728, 31.760480377 -8.897900585, 31.760195161 -8.897642283, 31.759957483 -8.897947548, 31.759648499 -8.898534594, 31.759434588 -8.898675486, 31.759220677 -8.898628521, 31.759101837 -8.899074676, 31.758079817 -8.899873056, 31.75803228 -8.900389656, 31.75826996 -8.901258478, 31.758222424 -8.90172811, 31.756820116 -8.903301376, 31.756368526 -8.903512711, 31.756653741 -8.904592859, 31.75677258 -8.905109452, 31.757247938 -8.905391227, 31.757176636 -8.905743448, 31.756938956 -8.905954781, 31.755940704 -8.905978262, 31.755013754 -8.907974174, 31.754467092 -8.908749054, 31.753706519 -8.908467278, 31.753349999 -8.908138543, 31.752874641 -8.908232466, 31.752755802 -8.909735261, 31.75242305 -8.909946592, 31.751686245 -8.909782224, 31.751472334 -8.910017034, 31.751424797 -8.910392733, 31.7508306 -8.910956277, 31.75047408 -8.910768429, 31.749832346 -8.912177289, 31.749024238 -8.912318176, 31.748525111 -8.912646909, 31.748620183 -8.913257413, 31.74819236 -8.914501897, 31.747075267 -8.914830629, 31.746837588 -8.914760187, 31.745459048 -8.916192512, 31.744936154 -8.916309916, 31.74372399 -8.917366546, 31.742987183 -8.917530911, 31.74120459 -8.919503277, 31.740099379 -8.919649192, 31.739255619 -8.919409356, 31.73742549 -8.920137251, 31.737021435 -8.920888624, 31.736648414 -8.921896588, 31.736786205 -8.922707335, 31.736487 -8.923412, 31.735314 -8.924793, 31.735074 -8.925208, 31.734619 -8.9252, 31.734077 -8.924801, 31.733582 -8.924665, 31.733351 -8.924434, 31.733255 -8.923524, 31.732345 -8.923245, 31.731770372 -8.923176093, 31.731619528 -8.92306785, 31.731436 -8.922527, 31.730232 -8.922263, 31.729458 -8.921466, 31.727782 -8.921274, 31.727184 -8.920747, 31.726617 -8.920811, 31.726011 -8.92129, 31.725213 -8.921386, 31.72428 -8.920843, 31.722612 -8.920755, 31.720944 -8.920348, 31.720402 -8.920588, 31.720114 -8.920732, 31.719365 -8.920173, 31.717506 -8.919774, 31.717338 -8.919335, 31.716995 -8.919303, 31.716358 -8.919766, 31.71465 -8.919989, 31.71402 -8.920436, 31.713725 -8.921035, 31.711299 -8.921258, 31.71118 -8.921442, 31.711315 -8.92192, 31.710398 -8.922224, 31.709073 -8.922694, 31.708874 -8.923085, 31.708164 -8.923005, 31.707813 -8.922918, 31.707111 -8.923684, 31.705786 -8.923979, 31.705179 -8.923835, 31.704733 -8.923875, 31.70435 -8.92366, 31.703887 -8.923732, 31.703528 -8.923508, 31.703041 -8.923732, 31.702475 -8.923787, 31.702403 -8.924115, 31.701541 -8.924051, 31.70123 -8.923843, 31.700683 -8.924051, 31.700483 -8.923771, 31.700459 -8.923101, 31.700348 -8.922686, 31.700355 -8.922168, 31.700052 -8.921785, 31.698337 -8.921059, 31.698105 -8.920779, 31.697826 -8.920803, 31.697722 -8.920955, 31.697339 -8.920931, 31.697252 -8.921154, 31.696071 -8.921091, 31.695576 -8.920899, 31.695057 -8.920285, 31.695129 -8.919056, 31.694297 -8.918007, 31.693547 -8.917105, 31.692582 -8.916874, 31.691832 -8.917113, 31.69093 -8.916858, 31.68955 -8.917049, 31.689063 -8.917504, 31.688042 -8.917424, 31.687683 -8.917113, 31.687491 -8.91657, 31.687044 -8.916164, 31.685165 -8.916483, 31.684199 -8.916203, 31.683593 -8.916395, 31.682795 -8.916196, 31.682013 -8.916658, 31.681973 -8.917145, 31.681351 -8.917496, 31.680417 -8.917225, 31.679252 -8.916682, 31.678718 -8.916674, 31.678287 -8.915605, 31.678454 -8.914624, 31.678231 -8.914344, 31.67788 -8.914703, 31.677281 -8.914161, 31.677297 -8.9131, 31.676795 -8.912765, 31.676946 -8.91144, 31.676683 -8.911057, 31.676595 -8.910522, 31.675757 -8.909812, 31.675287 -8.909573, 31.674806 -8.9086, 31.674518 -8.907937, 31.674766 -8.907163, 31.674622 -8.906365, 31.674694 -8.905871, 31.673904 -8.905456, 31.67379967 -8.905026217, 31.674191 -8.904762, 31.673896 -8.904403, 31.673273006 -8.904328489, 31.672882 -8.903828, 31.671861 -8.903565, 31.670877 -8.902153, 31.669847 -8.902208, 31.669504 -8.902049, 31.669034 -8.902153, 31.668651 -8.901937, 31.668387 -8.902488, 31.668028 -8.902488, 31.667574 -8.901746, 31.667765 -8.901155, 31.667238 -8.900294, 31.667382 -8.899799, 31.666903 -8.899934, 31.666456 -8.898434, 31.665531 -8.898012, 31.665331 -8.897525, 31.665882 -8.897046, 31.665571 -8.896256, 31.665148 -8.896208, 31.6652 -8.894724, 31.664762 -8.89423, 31.664052 -8.89395, 31.663397 -8.894477, 31.662791 -8.89419, 31.662599 -8.893559, 31.662671 -8.892674, 31.661355 -8.891285, 31.661666 -8.889817, 31.661171 -8.888429, 31.659875 -8.887455, 31.659365 -8.8872, 31.658934 -8.887208, 31.657673 -8.885728, 31.65725 -8.885249, 31.656915 -8.884699, 31.655551 -8.883646, 31.654099 -8.883095, 31.653915 -8.882927, 31.653955 -8.882361, 31.653333 -8.881866, 31.652758 -8.881244, 31.652327 -8.881196, 31.651897 -8.880614, 31.651689 -8.880231, 31.650850245 -8.880551563, 31.649734 -8.880486, 31.649343 -8.880893, 31.648442 -8.880462, 31.647806 -8.880434, 31.647702 -8.880123, 31.647135 -8.880131, 31.646074 -8.879732, 31.645819 -8.879883, 31.645508 -8.880067, 31.64522 -8.880003, 31.645069 -8.879708, 31.64475 -8.879692, 31.644295 -8.879955, 31.643473 -8.879293, 31.643409 -8.878902, 31.643513 -8.878631, 31.642978 -8.878383, 31.642811 -8.878104, 31.642539 -8.878104, 31.642244 -8.878495, 31.64179 -8.878407, 31.641367 -8.878072, 31.640991 -8.877889, 31.64064 -8.877625, 31.640337 -8.87757, 31.640353 -8.876652, 31.639643 -8.875862, 31.639053 -8.875703, 31.638534 -8.87524, 31.638032 -8.874945, 31.637317 -8.874801, 31.636686 -8.874897, 31.636184 -8.875152, 31.635107 -8.874362, 31.634333 -8.874298, 31.633934 -8.873851, 31.633287 -8.873333, 31.632992 -8.873133, 31.632369 -8.873245, 31.631899 -8.873069, 31.631987 -8.872806, 31.63229 -8.872543, 31.632106 -8.872288, 31.631755 -8.872232, 31.631683 -8.871538, 31.631269 -8.870915, 31.630558 -8.870421, 31.629481 -8.870205, 31.628867 -8.869894, 31.628237 -8.869686, 31.627869 -8.869407, 31.626485 -8.869655, 31.626077 -8.869974, 31.62532 -8.869814, 31.623804 -8.870317, 31.623604 -8.870237, 31.623676 -8.869575, 31.623516 -8.869271, 31.623253 -8.86924, 31.623078 -8.869407, 31.622854 -8.869351, 31.622742 -8.868178, 31.622966 -8.867628, 31.622551 -8.867397, 31.621976 -8.867397, 31.621522 -8.866974, 31.620652 -8.866966, 31.61983 -8.867213, 31.61975 -8.867779, 31.619607 -8.867931, 31.618266 -8.867795, 31.618043 -8.86766, 31.617779 -8.866694, 31.618298 -8.866591, 31.61833 -8.866216, 31.618011 -8.865849, 31.617413 -8.865801, 31.61703 -8.865458, 31.617133 -8.864827, 31.617373 -8.864708, 31.617205 -8.864325, 31.616678 -8.864452, 31.615442 -8.863726, 31.612229 -8.863303, 31.61179 -8.862992, 31.611248 -8.861995, 31.610027 -8.861293, 31.609891 -8.860886, 31.608663 -8.860231, 31.60832 -8.859928, 31.607545 -8.85992, 31.607418 -8.859641, 31.607565 -8.859336, 31.607308 -8.858528, 31.606709 -8.858137, 31.606219 -8.858394, 31.606073 -8.858797, 31.605559 -8.858174, 31.604672 -8.858234, 31.604152 -8.857697, 31.603675 -8.857464, 31.602941 -8.856742, 31.601938 -8.85596, 31.601412 -8.854699, 31.601082 -8.853843, 31.600274 -8.853281, 31.599773 -8.852852, 31.599247 -8.852926, 31.599002 -8.852632, 31.598659 -8.851397, 31.598794 -8.851018, 31.598721 -8.850565, 31.598733 -8.850247, 31.598452 -8.850002, 31.598415 -8.849623, 31.597485 -8.849048, 31.597028 -8.848418, 31.596269 -8.8481, 31.596208 -8.847794, 31.596648 -8.847305, 31.596526 -8.846779, 31.595792 -8.846155, 31.595694 -8.845286, 31.594471 -8.844369, 31.593945 -8.844259, 31.593407 -8.843721, 31.592783 -8.843782, 31.592746 -8.843317, 31.592282 -8.843072, 31.591548 -8.843146, 31.590777405 -8.843977348, 31.5903235 -8.8440515, 31.589969 -8.84421, 31.589652 -8.844381, 31.589517 -8.844589, 31.588856 -8.844614, 31.588636 -8.843868, 31.587425 -8.843109, 31.585969 -8.842901, 31.585137 -8.842913, 31.584662 -8.843187, 31.583927 -8.842816, 31.583572 -8.842877, 31.583449 -8.843085, 31.582887 -8.843134, 31.581409 -8.842335, 31.581186 -8.842079, 31.58113 -8.841361, 31.580803 -8.840843, 31.580914 -8.840532, 31.580364 -8.839159, 31.58042 -8.838505, 31.578872 -8.836179, 31.57825 -8.835541, 31.578313 -8.835357, 31.578609 -8.835245, 31.578146 -8.834464, 31.577842 -8.834033, 31.576885 -8.833426, 31.576374 -8.832676, 31.576534 -8.831886, 31.576335 -8.831392, 31.576454 -8.830945, 31.577707 -8.830562, 31.577914 -8.829325, 31.577611 -8.828551, 31.577797 -8.827805, 31.577502 -8.827693, 31.577422 -8.827199, 31.576553 -8.826959, 31.576145 -8.8266, 31.576249 -8.826265, 31.575739 -8.826066, 31.575523 -8.825763, 31.575467 -8.825308, 31.575036 -8.825172, 31.574941 -8.824725, 31.575164 -8.824183, 31.574973 -8.8238, 31.574151 -8.823161, 31.57289 -8.823233, 31.572515 -8.822874, 31.5723 -8.82238, 31.571917 -8.822316, 31.571797 -8.821438, 31.571661 -8.821095, 31.571949 -8.820608, 31.57155 -8.819802, 31.571199 -8.819651, 31.571111 -8.818869, 31.571262 -8.818103, 31.5708 -8.817153, 31.570249 -8.815901, 31.569986 -8.815893, 31.569539 -8.815454, 31.569188 -8.814209, 31.568797 -8.813659, 31.567664 -8.813507, 31.567098 -8.812868999, 31.566874 -8.812821, 31.566635 -8.812294, 31.566483 -8.812086999, 31.567872 -8.811096999, 31.56827 -8.810116, 31.569036 -8.809238, 31.569427 -8.808177, 31.569427 -8.80765, 31.569906 -8.807611, 31.570034 -8.807410999, 31.569938 -8.806813, 31.570903 -8.805704, 31.572092 -8.804842, 31.572316 -8.804210999, 31.572715 -8.803972, 31.572507 -8.803557, 31.572635 -8.802939, 31.572651 -8.802379999, 31.57297 -8.802133, 31.572896556 -8.801654242, 31.572419001 -8.800689, 31.571885 -8.800178, 31.57139 -8.799253, 31.571518 -8.798382999, 31.571565 -8.797801, 31.571542 -8.797394, 31.571733 -8.797113999, 31.57143 -8.79579, 31.57123 -8.794864, 31.57139 -8.794218, 31.57151 -8.792933, 31.571374 -8.792430999, 31.571573 -8.791792, 31.571605 -8.79125, 31.572108 -8.790227999, 31.572563 -8.788561, 31.572395 -8.787650999, 31.56839 -8.775124, 31.567472 -8.771478, 31.567624 -8.769236, 31.567377 -8.768398, 31.567449 -8.767792, 31.568055 -8.766299999, 31.567935 -8.764987, 31.567847 -8.764062, 31.568549 -8.762225999, 31.568589 -8.760702999, 31.56914 -8.759625, 31.569802 -8.758708, 31.570329 -8.757164, 31.571095 -8.756222, 31.571661 -8.755193, 31.571813 -8.754531, 31.572228 -8.754395, 31.572707 -8.753429999, 31.573121001 -8.751431, 31.573552 -8.751232, 31.574087 -8.749994999, 31.574741 -8.748789999, 31.575651 -8.746716, 31.577305 -8.743372, 31.57764 -8.742135999, 31.579217504 -8.740200033, 31.579635 -8.73979, 31.580018 -8.738992, 31.581590625 -8.737076543, 31.574160387 -8.723305455, 31.573141939 -8.722793696, 31.571902228 -8.716327717, 31.571888545 -8.712699208, 31.57053596 -8.703119338, 31.569301428 -8.703264715, 31.568615896 -8.703772009, 31.567519045 -8.704388987, 31.567121436 -8.704992256, 31.567224807 -8.705598605, 31.565089976 -8.704440435, 31.564260243 -8.703921855, 31.563914521 -8.703481059, 31.563153934 -8.702746401, 31.562473793 -8.702262391, 31.562116873 -8.701662766, 31.561835557 -8.701436675, 31.560647161 -8.699016747, 31.559244853 -8.698194439, 31.557961385 -8.697019709, 31.557295883 -8.69556304, 31.55596488 -8.69403588, 31.555299377 -8.692720167, 31.554491269 -8.691122511, 31.553588088 -8.689830284, 31.553207801 -8.688913976, 31.552613602 -8.688350091, 31.551876797 -8.68762174, 31.551353902 -8.687480769, 31.549927828 -8.687809701, 31.548026393 -8.687950673, 31.546837997 -8.687997663, 31.546172495 -8.68820912, 31.544841491 -8.688138634, 31.543486719 -8.68776271, 31.541941804 -8.686846397, 31.541347606 -8.686611442, 31.541323837 -8.686212024, 31.540587033 -8.685648135, 31.539921531 -8.684708321, 31.539398635 -8.682593728, 31.53884382 -8.680930511, 31.538154551 -8.679708735, 31.537489048 -8.678862888, 31.536776011 -8.679121342, 31.535468774 -8.67952077, 31.534106369 -8.680324092, 31.531539433 -8.68039458, 31.529923214 -8.680559049, 31.526144114 -8.680653031, 31.523268195 -8.680441572, 31.521295458 -8.680089136, 31.520035758 -8.680253605, 31.518989968 -8.680512058, 31.516327961 -8.680042144, 31.515686227 -8.679760196, 31.514925652 -8.679595726, 31.514212616 -8.679337272, 31.512810308 -8.67924329, 31.510124534 -8.679713204, 31.509340192 -8.67990117, 31.508270634 -8.679454752, 31.507438758 -8.679877675, 31.506464272 -8.680794006, 31.506202825 -8.680840997, 31.505656163 -8.680465066, 31.504467766 -8.680840997, 31.504158784 -8.681099449, 31.50399893 -8.681601639, 31.503146557 -8.682643427, 31.502862433 -8.68404037, 31.501725937 -8.684703326, 31.499096216 -8.685657575, 31.498010193 -8.685755531, 31.496691384 -8.685612181, 31.496462026 -8.685483167, 31.496074985 -8.685526173, 31.495171886 -8.685053122, 31.49477051 -8.684537066, 31.494225784 -8.684680415, 31.494068101 -8.684852433, 31.49359505 -8.684766424, 31.493523375 -8.684623075, 31.492677617 -8.684508396, 31.492534268 -8.684895438, 31.491573832 -8.684752089, 31.491315804 -8.685010117, 31.48998266 -8.68531115, 31.48933759 -8.684508396, 31.488792865 -8.68407835, 31.488592176 -8.682888555, 31.488262474 -8.682530181, 31.488147795 -8.682100136, 31.487488391 -8.681842107, 31.486871991 -8.6814694, 31.485768205 -8.681426397, 31.485725201 -8.680896006, 31.485538847 -8.680723988, 31.485381163 -8.679978574, 31.484811693 -8.679783691, 31.484716621 -8.67778655, 31.485049371 -8.677363625, 31.484811693 -8.674896551, 31.484347139 -8.674133603, 31.483847252 -8.673991659, 31.483149878 -8.673041256, 31.48307582 -8.672720341, 31.482940048 -8.672677141, 31.482828962 -8.672306854, 31.48260679 -8.672331538, 31.482347589 -8.67178228, 31.482205646 -8.671813138, 31.481860045 -8.672504341, 31.481644044 -8.672319197, 31.481600844 -8.671850166, 31.481131813 -8.671726737, 31.480889984 -8.670972693, 31.480747377 -8.669304456, 31.480295786 -8.668552572, 31.479844197 -8.66669635, 31.479036087 -8.665779985, 31.478275513 -8.664534662, 31.478014065 -8.66441718, 31.477752618 -8.663947244, 31.477895226 -8.663359827, 31.477586243 -8.662654924, 31.47727726 -8.662443453, 31.477277261 -8.662161491, 31.477134653 -8.662067504, 31.476968277 -8.661433089, 31.476659294 -8.661409591, 31.476421614 -8.661621063, 31.476207703 -8.661480083, 31.475922488 -8.660093766, 31.475304521 -8.659388856, 31.475565969 -8.659059898, 31.476326542 -8.658754437, 31.476231472 -8.65849597, 31.475114379 -8.65720363, 31.474257986 -8.657462088, 31.47383091 -8.657438602, 31.473712071 -8.656921665, 31.473569463 -8.656663195, 31.472880194 -8.65654571, 31.472642514 -8.656193252, 31.473450624 -8.655558828, 31.473712071 -8.655464839, 31.473308017 -8.655323855, 31.472903961 -8.654783418, 31.47257121 -8.654618937, 31.472523675 -8.654360467, 31.47166803 -8.653937515, 31.471382814 -8.653420573, 31.470788616 -8.653655547, 31.470241954 -8.652668657, 31.47005181 -8.65255117, 31.470194419 -8.652034227, 31.470123115 -8.651399794, 31.469410077 -8.651611273, 31.46902979 -8.651446789, 31.468697039 -8.650553884, 31.468673271 -8.649872454, 31.467857945 -8.649402503, 31.46674807 -8.649214521, 31.466035031 -8.648838559, 31.466011263 -8.648368606, 31.466557926 -8.647992644, 31.466367782 -8.647710671, 31.46558344 -8.647640178, 31.465155618 -8.647264213, 31.464989243 -8.645948338, 31.464513885 -8.645713359, 31.463824614 -8.645431383, 31.463800846 -8.645125912, 31.463087809 -8.645172908, 31.46261245 -8.644444473, 31.462469842 -8.643716037, 31.46192318 -8.64345756, 31.461756805 -8.643293074, 31.460520873 -8.643598547, 31.460188122 -8.642964101, 31.460306961 -8.64249414, 31.46054464 -8.642137039, 31.459997977 -8.641953684, 31.45998463 -8.641580611, 31.460069281 -8.640849274, 31.459926675 -8.640661288, 31.459522619 -8.640426306, 31.459807836 -8.639909346, 31.459736531 -8.639509877, 31.459166101 -8.639251397, 31.458571903 -8.639039912, 31.458310455 -8.639274895, 31.457716258 -8.638992916, 31.457312203 -8.639251396, 31.457217132 -8.639556872, 31.456004967 -8.639603871, 31.455695984 -8.6392044, 31.454103533 -8.639627369, 31.454055997 -8.639086907, 31.454364979 -8.638781431, 31.454008461 -8.638193973, 31.453580638 -8.638029485, 31.45322412 -8.637418529, 31.452558617 -8.638170477, 31.452344707 -8.638593445, 31.452249635 -8.639016414, 31.451607901 -8.639039912, 31.451370221 -8.6392044, 31.450776023 -8.639110407, 31.45070472 -8.638828429, 31.449991681 -8.638710936, 31.449872842 -8.638922421, 31.449635163 -8.638922421, 31.449273214 -8.638496802, 31.448874589 -8.638781431, 31.448755749 -8.6392044, 31.447187066 -8.639415884, 31.446236349 -8.639274895, 31.445499544 -8.639133905, 31.445238097 -8.639415885, 31.444667666 -8.639321891, 31.443574341 -8.638687438, 31.44314652 -8.638781431, 31.44326536 -8.639368887, 31.442742465 -8.639462881, 31.442338409 -8.639157403, 31.441482765 -8.6392044, 31.4402706 -8.638945919, 31.439985386 -8.639251396, 31.439533795 -8.638546448, 31.439533795 -8.638240971, 31.439296115 -8.638264468, 31.438345398 -8.639133905, 31.438012647 -8.639674363, 31.437822503 -8.639956343, 31.43603991 -8.639932845, 31.434494995 -8.639415885, 31.434376155 -8.639180902, 31.433472974 -8.638922421, 31.432664864 -8.638546449, 31.431880523 -8.638381959, 31.431619076 -8.638334964, 31.4314527 -8.637958991, 31.430834734 -8.63753602, 31.430430679 -8.637888496, 31.430216768 -8.638522951, 31.43007416 -8.638757933, 31.428885765 -8.639110407, 31.428339102 -8.63934539, 31.428505478 -8.639956343, 31.426556508 -8.639486379, 31.425986077 -8.639321891, 31.42458377 -8.639204398, 31.424251019 -8.638922421, 31.423228998 -8.639251397, 31.421993066 -8.638640442, 31.421636547 -8.638311465, 31.420471918 -8.638029485, 31.419949025 -8.638264468, 31.419212218 -8.639180902, 31.418736861 -8.639321891, 31.417904982 -8.638781431, 31.417358321 -8.639016414, 31.41666905 -8.639063411, 31.416526443 -8.638734435, 31.41609862 -8.638710937, 31.416003549 -8.639157403, 31.413864435 -8.639697863, 31.413008791 -8.639533376, 31.412913718 -8.639086909, 31.411535179 -8.638287967, 31.410917212 -8.638287966, 31.410513158 -8.638452456, 31.409015779 -8.637747505, 31.408231437 -8.637653512, 31.408492885 -8.63666658, 31.408706795 -8.636102618, 31.408160133 -8.636126116, 31.407803615 -8.636854568, 31.407518399 -8.637042555, 31.40728072 -8.63753602, 31.407066809 -8.636901565, 31.407328256 -8.636032123, 31.407043041 -8.635750142, 31.406638986 -8.635444662, 31.406330003 -8.634974691, 31.405165375 -8.633987751, 31.405379286 -8.633940756, 31.40464248 -8.633729268, 31.404571177 -8.633447284, 31.403525389 -8.63337679, 31.40269351 -8.632953813, 31.401837866 -8.633047808, 31.401410043 -8.632178358, 31.401172364 -8.631872875, 31.401291203 -8.631661385, 31.400673236 -8.631402901, 31.400578165 -8.63121491, 31.399579913 -8.631261908, 31.399199625 -8.630580443, 31.398296444 -8.630744935, 31.397630942 -8.631120915, 31.397440799 -8.631473396, 31.39732196 -8.631520393, 31.397155584 -8.63123841, 31.396418778 -8.630815432, 31.395372989 -8.629804982, 31.395515597 -8.629475998, 31.39501647 -8.629405503, 31.395016471 -8.629006022, 31.395230382 -8.628559542, 31.394279665 -8.628042565, 31.394897631 -8.627173104, 31.394683719 -8.625951152, 31.393946915 -8.625387176, 31.393566628 -8.625504671, 31.392758517 -8.625058188, 31.392211856 -8.624047724, 31.391166067 -8.623906729, 31.391142299 -8.622919762, 31.391688961 -8.622896262, 31.391427514 -8.621321808, 31.390999691 -8.621039814, 31.391047227 -8.620593327, 31.391213602 -8.620499329, 31.391094764 -8.619911842, 31.39078578 -8.618924866, 31.390643173 -8.618783868, 31.390072741 -8.619089362, 31.389930135 -8.619300857, 31.389573616 -8.619183359, 31.389478544 -8.61866637, 31.389835063 -8.618501875, 31.39009651 -8.617890885, 31.389644919 -8.617655889, 31.389145793 -8.616762904, 31.389335938 -8.61629291, 31.389692456 -8.616692404, 31.390048974 -8.616198912, 31.389668688 -8.615681918, 31.389502313 -8.61558792, 31.389193329 -8.615869916, 31.388694202 -8.615987414, 31.38883681 -8.614765428, 31.388408987 -8.613660938, 31.387886093 -8.613096941, 31.387648414 -8.612485944, 31.386959144 -8.612603442, 31.386531322 -8.612227445, 31.386650162 -8.611757446, 31.388242612 -8.611498946, 31.388029988 -8.611213415, 31.387672182 -8.611052447, 31.387719718 -8.610605946, 31.387339432 -8.610041946, 31.387529574 -8.608913941, 31.388052468 -8.60886694, 31.387862325 -8.608302936, 31.388171308 -8.607903433, 31.388123772 -8.607691932, 31.387505805 -8.607809433, 31.387196823 -8.608185436, 31.386792769 -8.608161936, 31.386412482 -8.607480427, 31.386792768 -8.606869424, 31.386317411 -8.606305416, 31.385533069 -8.606352417, 31.384938871 -8.605694407, 31.384415976 -8.605694408, 31.384297137 -8.604824895, 31.383702939 -8.60458989, 31.383061205 -8.603978878, 31.382847293 -8.60397888, 31.382490774 -8.603602873, 31.381920345 -8.604237385, 31.381444985 -8.605036398, 31.381088466 -8.604895396, 31.380874555 -8.603320867, 31.380209054 -8.60353237, 31.38001891 -8.602639353, 31.379496015 -8.601628829, 31.379591087 -8.601417323, 31.379139497 -8.601041313, 31.378854282 -8.601370322, 31.378806746 -8.601746331, 31.377879797 -8.601887335, 31.377404438 -8.60129982, 31.376738937 -8.601393822, 31.376976615 -8.600547798, 31.376738936 -8.600007284, 31.376477488 -8.599866281, 31.376762704 -8.599231761, 31.376263578 -8.598667743, 31.376002131 -8.598409235, 31.376525025 -8.597257693, 31.376881544 -8.596905181, 31.376834008 -8.595965145, 31.37612097 -8.595330619, 31.375907059 -8.595001605, 31.374956341 -8.594578587, 31.374718663 -8.59417907, 31.374789966 -8.594038063, 31.375360396 -8.593920558, 31.375479236 -8.593615043, 31.375241556 -8.593168523, 31.375455467 -8.592604496, 31.375788219 -8.592674999, 31.376738936 -8.590653895, 31.376834008 -8.589807849, 31.376406186 -8.589690343, 31.376453721 -8.588820793, 31.376667632 -8.588750288, 31.376311114 -8.588491772, 31.375146486 -8.588585779, 31.374836669 -8.587955362, 31.374885038 -8.587716227, 31.374552287 -8.587481211, 31.374195769 -8.587998243, 31.373554034 -8.587763229, 31.373482731 -8.587575216, 31.373197514 -8.587598718, 31.373126212 -8.587880736, 31.372888532 -8.587692725, 31.372032887 -8.58778673, 31.371937816 -8.588209756, 31.371914047 -8.588421268, 31.372032886 -8.588679784, 31.371914048 -8.588844294, 31.371462457 -8.588374265, 31.371248546 -8.588773789, 31.370060149 -8.588656282, 31.36982247 -8.588891297, 31.370036382 -8.589361324, 31.370012614 -8.589525832, 31.369727398 -8.589643339, 31.369109432 -8.589314321, 31.368610306 -8.589549334, 31.367374374 -8.589690343, 31.366233513 -8.590442384, 31.36559178 -8.591335431, 31.365306564 -8.591217926, 31.365449171 -8.590089865, 31.365306564 -8.589690342, 31.364759902 -8.589737345, 31.364403383 -8.589361324, 31.364403383 -8.589196815, 31.363642809 -8.589008802, 31.363666578 -8.589525832, 31.363809186 -8.589619839, 31.363452667 -8.590301376, 31.362715861 -8.59091241, 31.362478181 -8.591264928, 31.362597021 -8.59168795, 31.362359342 -8.592322482, 31.361693839 -8.592792506, 31.361503696 -8.59309802, 31.360053853 -8.59333303, 31.359269511 -8.59417907, 31.359221976 -8.594884098, 31.360053853 -8.596670173, 31.360648051 -8.59714019, 31.361432393 -8.597727712, 31.361836447 -8.598785248, 31.361384856 -8.600054286, 31.361289785 -8.600712304, 31.361741375 -8.602451348, 31.361955286 -8.603367866, 31.361788912 -8.603814376, 31.361503695 -8.604237384, 31.361741375 -8.604542891, 31.361646304 -8.605506406, 31.361551233 -8.605858911, 31.362597021 -8.606187916, 31.362858468 -8.606493419, 31.362746406 -8.607252128, 31.362953539 -8.607621429, 31.362644557 -8.607926934, 31.361337321 -8.607832933, 31.360957034 -8.607574431, 31.360457907 -8.607715431, 31.359245743 -8.60870244, 31.358960528 -8.609242942, 31.358390097 -8.60874944, 31.358104883 -8.608420437, 31.357368077 -8.607785933, 31.357368077 -8.607315929, 31.356631271 -8.606751922, 31.356113972 -8.607544707, 31.355656787 -8.607904495, 31.355472875 -8.60832692, 31.355086356 -8.608725939, 31.3552765 -8.609101941, 31.35572809 -8.609642444, 31.355704322 -8.610065445, 31.355276499 -8.610558944, 31.355015053 -8.611874946, 31.354492158 -8.612344944, 31.353493906 -8.612109946, 31.353422602 -8.612579944, 31.353042315 -8.612838443, 31.352638261 -8.612720943, 31.351901454 -8.613049942, 31.351735079 -8.613449439, 31.35194899 -8.614201433, 31.350855666 -8.615094425, 31.349786109 -8.615188424, 31.348526409 -8.615869916, 31.348217425 -8.616786402, 31.347884675 -8.616856901, 31.347623228 -8.616339911, 31.347290477 -8.61558792, 31.346672511 -8.615587919, 31.346387296 -8.615799415, 31.345103828 -8.615399922, 31.344414558 -8.615376422, 31.34391543 -8.614906425, 31.343297467 -8.614459932, 31.342727035 -8.613684437, 31.342584427 -8.613190941, 31.341419799 -8.612274444, 31.341229656 -8.612062945, 31.340516618 -8.611921945, 31.340207635 -8.611592946, 31.340183866 -8.611287447, 31.338971702 -8.611592944, 31.338163593 -8.611334447, 31.337593164 -8.611733946, 31.336761286 -8.613120441, 31.334812316 -8.614389432, 31.334574637 -8.614483432, 31.334146814 -8.614083933, 31.33350508 -8.612673943, 31.332221612 -8.612227445, 31.331413503 -8.611451946, 31.33098568 -8.611381445, 31.330724233 -8.611710444, 31.32984482 -8.612274445, 31.329464533 -8.612720943, 31.329619098 -8.613655174, 31.329797284 -8.613942936, 31.330391481 -8.614130934, 31.330724233 -8.614765428, 31.330439017 -8.615611418, 31.329203085 -8.61636341, 31.32765817 -8.616739404, 31.325637898 -8.616786402, 31.325186307 -8.616527908, 31.324924858 -8.616198912, 31.324544572 -8.615658419, 31.324710948 -8.613989934, 31.32513877 -8.612180445, 31.325590361 -8.611381445, 31.32594688 -8.610981947, 31.32606572 -8.610347445, 31.325614129 -8.608866939, 31.325328914 -8.608373437, 31.322999657 -8.607950433, 31.322025173 -8.607268928, 31.321288367 -8.607433429, 31.320646632 -8.607856433, 31.320480257 -8.608608438, 31.320052434 -8.610464946, 31.319458236 -8.610276947, 31.319220558 -8.610041946, 31.318887806 -8.609477944, 31.316582317 -8.608608438, 31.315560296 -8.60752743, 31.314752187 -8.607245427, 31.313373647 -8.607127927, 31.312256555 -8.606775423, 31.311638589 -8.607480429, 31.310236281 -8.608185436, 31.309451939 -8.609501444, 31.308833974 -8.610018446, 31.308596293 -8.610723447, 31.308548758 -8.611827946, 31.308073401 -8.612203945, 31.306029359 -8.611851446, 31.305197481 -8.611639946, 31.30417546 -8.612556444, 31.30372387 -8.61330844, 31.303082135 -8.61448343, 31.301988812 -8.615141424, 31.301988812 -8.615423421, 31.301228238 -8.616504407, 31.300467664 -8.617209397, 31.300776647 -8.618572372, 31.301252005 -8.618924865, 31.301252005 -8.619629849, 31.300253752 -8.620240835, 31.299540715 -8.620405331, 31.299207965 -8.620710824, 31.298780141 -8.622214782, 31.298019567 -8.622778765, 31.297686817 -8.623178253, 31.29592799 -8.623671738, 31.295286256 -8.623718735, 31.294335539 -8.624940692, 31.294573219 -8.626421135, 31.294739593 -8.627079108, 31.295096112 -8.628630039, 31.294810899 -8.629311507, 31.292957 -8.629781484, 31.292125122 -8.629687487, 31.291198173 -8.628959024, 31.289914705 -8.628559542, 31.288512398 -8.628630039, 31.287490377 -8.629194013, 31.286943714 -8.629898977, 31.285755318 -8.630697938, 31.282784327 -8.630744935, 31.28128695 -8.630580444, 31.280074784 -8.63100342, 31.279147835 -8.631520394, 31.278815084 -8.63196687, 31.277579152 -8.63159089, 31.275939165 -8.631073917, 31.275273663 -8.631261908, 31.274299179 -8.632154858, 31.273182086 -8.631990368, 31.272920639 -8.6314029, 31.273277158 -8.630650939, 31.273657445 -8.630368955, 31.273633676 -8.628959024, 31.2734673 -8.628348052, 31.27232644 -8.627784078, 31.269878344 -8.627431593, 31.268404733 -8.626891116, 31.267905606 -8.626162646, 31.267549088 -8.625857157, 31.267216337 -8.625152185, 31.266931122 -8.623671737, 31.266574603 -8.623201752, 31.265861565 -8.622990259, 31.264435489 -8.623530742, 31.263722452 -8.623436744, 31.263247093 -8.623060757, 31.263318397 -8.622214782, 31.263769988 -8.620757822, 31.263532308 -8.619747347, 31.26305695 -8.619277357, 31.260846533 -8.618783868, 31.260466246 -8.618055382, 31.260323639 -8.616997901, 31.259325385 -8.616269411, 31.258921331 -8.616057915, 31.258873795 -8.615799415, 31.258279596 -8.615564421, 31.257471487 -8.614718429, 31.257685399 -8.61314394, 31.256401931 -8.610370946, 31.256306859 -8.609853944, 31.255974108 -8.609477942, 31.255665125 -8.608396936, 31.255308606 -8.607174926, 31.254904551 -8.604871896, 31.25480948 -8.604119882, 31.25469064 -8.602756854, 31.254096441 -8.602239843, 31.253953834 -8.601017813, 31.25376369 -8.600453798, 31.252337615 -8.597962719, 31.251458202 -8.597022685, 31.250626324 -8.596670173, 31.250269806 -8.59636466, 31.249057642 -8.595965145, 31.248368371 -8.595025107, 31.2470136 -8.594414079, 31.246704617 -8.59417907, 31.245563756 -8.593356532, 31.244660576 -8.592557494, 31.244684344 -8.591899462, 31.244422896 -8.591546943, 31.244280289 -8.591546944, 31.243947538 -8.592134473, 31.243329572 -8.592275479, 31.242830445 -8.592674997, 31.242616534 -8.59248699, 31.242616534 -8.591899462, 31.243329572 -8.591969965, 31.243234501 -8.590653896, 31.242046103 -8.591147422, 31.241665818 -8.591382434, 31.241095386 -8.591335432, 31.240691331 -8.592228477, 31.240049598 -8.592298981, 31.239978294 -8.592557493, 31.241000315 -8.59333303, 31.241689586 -8.593756049, 31.242283783 -8.593732549, 31.243163196 -8.593944059, 31.24347218 -8.594367077, 31.24380493 -8.59464909, 31.243068124 -8.595095609, 31.242973052 -8.595424622, 31.242498783 -8.595378208, 31.241594513 -8.595260116, 31.239654988 -8.595961091, 31.239039528 -8.596504958, 31.23889692 -8.596833972, 31.238469097 -8.597162984, 31.238183883 -8.597727004, 31.237898667 -8.597868009, 31.236567664 -8.598009013, 31.235664483 -8.598103017, 31.235426803 -8.597115982, 31.234998981 -8.596551961, 31.234571158 -8.594483876, 31.233715512 -8.593261819, 31.231814078 -8.592556786, 31.231005969 -8.592556786, 31.230530611 -8.592650791, 31.229199606 -8.592509785, 31.228629177 -8.592133766, 31.228343961 -8.591616739, 31.228296425 -8.590723693, 31.227535852 -8.589454621, 31.22734571 -8.588890589, 31.22687035 -8.588561569, 31.225444275 -8.588561569, 31.224873845 -8.588796584, 31.224160807 -8.589548628, 31.223352697 -8.589454621, 31.223019946 -8.588937592, 31.222782267 -8.58724549, 31.222259373 -8.58677546, 31.222021693 -8.586728456, 31.221403728 -8.587151484, 31.221118511 -8.587527506, 31.219930116 -8.58771552, 31.21850404 -8.587010474, 31.217220573 -8.586822462, 31.216507534 -8.586305429, 31.215604354 -8.585318362, 31.214606101 -8.585083348, 31.213845527 -8.584472304, 31.211658878 -8.583485234, 31.211135983 -8.583626245, 31.209852516 -8.585036344, 31.209614837 -8.585130349, 31.209311779 -8.585017978, 31.208236297 -8.585083348, 31.207713403 -8.584895334, 31.2070479 -8.58527136, 31.206382398 -8.586493442, 31.205954576 -8.586869464, 31.203007353 -8.588044538, 31.202199243 -8.588467564, 31.20120099 -8.589501625, 31.200868239 -8.589877645, 31.198348839 -8.591945756, 31.197303052 -8.592697793, 31.195734368 -8.593872849, 31.194831187 -8.595141903, 31.192739609 -8.595658926, 31.191075854 -8.595564921, 31.190838175 -8.59528291, 31.190030066 -8.594953897, 31.189602243 -8.594671884, 31.189317029 -8.593872848, 31.189317028 -8.592556786, 31.189174421 -8.592274772, 31.18884167 -8.592462781, 31.187748345 -8.592697793, 31.186512413 -8.592932804, 31.183897942 -8.592744795, 31.182757081 -8.593120814, 31.182614473 -8.593355825, 31.182757081 -8.593872849, 31.183565191 -8.594295867, 31.183470118 -8.595000898, 31.182614472 -8.595705927, 31.182471865 -8.595846933, 31.182471865 -8.596175947, 31.182947223 -8.596222948, 31.183612725 -8.595893935, 31.184135621 -8.596269949, 31.184135621 -8.598103018, 31.183666013 -8.598784306, 31.182495 -8.599807, 31.18234 -8.600195, 31.182595 -8.600642, 31.18402 -8.602068, 31.184382 -8.602785, 31.184438 -8.603735999, 31.183934 -8.605163, 31.182955 -8.606786, 31.179709 -8.610424, 31.177387 -8.612662, 31.170643 -8.617587, 31.166194 -8.620274, 31.160234 -8.62324, 31.150821 -8.627213, 31.146008 -8.628808, 31.141027 -8.630095, 31.136075 -8.631074, 31.125946 -8.631998, 31.120853 -8.632306, 31.115676 -8.632417, 31.11078 -8.632278, 31.10384 -8.631634, 31.092088 -8.629759, 31.087135 -8.628528, 31.080532 -8.626289, 31.074431 -8.623883, 31.06517 -8.619658, 31.056355 -8.614481, 31.050661 -8.610802, 31.046548 -8.60792, 31.041036 -8.603778, 31.033033 -8.597399, 31.029087 -8.594041, 31.016313108 -8.581656674, 31.005739 -8.569305, 31.000389 -8.562967, 30.995769 -8.558157, 30.987102 -8.547517, 30.977837 -8.534905, 30.896617938 -8.431191956, 30.866609 -8.394137, 30.849035 -8.371811, 30.8372 -8.354656, 30.828363 -8.338939, 30.811415 -8.302892, 30.804389 -8.28884, 30.79463 -8.26659, 30.779920535 -8.223843146, 30.774245999 -8.224360444, 30.617928489 -8.233685819, 30.545371 -8.254981, 30.532569 -8.258131, 30.44728 -8.269770999, 30.439927 -8.268267, 30.428103 -8.271968, 30.365674 -8.28145, 30.351825 -8.282126, 30.292413 -8.290266999, 30.292397 -8.291183999, 30.282483 -8.29101, 30.263053 -8.294338, 30.252673 -8.294382999, 30.214278 -8.300584999, 30.142873 -8.308247, 30.123191 -8.312480999, 29.999884 -8.316618, 29.992297 -8.317670999, 29.969794 -8.322486, 29.936475 -8.328434, 29.926833 -8.330692, 29.91232 -8.33144, 29.860623 -8.341185999, 29.831855 -8.344276, 29.817366 -8.346397, 29.80033 -8.347875999, 29.773404 -8.350924, 29.73844 -8.355730999, 29.714409 -8.37368, 29.708762 -8.380504, 29.70372 -8.38607, 29.701938 -8.38874, 29.697702 -8.391327999, 29.691349 -8.391093, 29.685231 -8.389916, 29.680054 -8.391562999, 29.673936 -8.395328, 29.669783 -8.397339999, 29.662174 -8.39839, 29.651155 -8.400225999, 29.637228 -8.401211, 29.635345 -8.39321, 29.634627001 -8.389207, 29.632528 -8.384485, 29.630429 -8.381599, 29.622034 -8.38055, 29.613901 -8.38055, 29.604718 -8.378975, 29.597897 -8.37609, 29.535315 -8.384128999, 29.521918 -8.385678, 29.515417 -8.386619, 29.487568 -8.389885, 29.463654 -8.393995999, 29.447081 -8.395905, 29.399002 -8.403202999, 29.380819 -8.405365999, 29.345854 -8.410813, 29.30719 -8.415861, 29.254732 -8.423671, 29.205936 -8.43003, 29.156462 -8.437309999, 29.0023 -8.459408, 28.999646 -8.470664999, 28.998469 -8.478665, 28.997293 -8.485489, 28.994939 -8.49396, 28.987645 -8.513491, 28.97182 -8.552808, 28.959756 -8.574064, 28.959606083 -8.590765923, 28.959394 -8.60139, 28.960331 -8.621747, 28.959182 -8.635534, 28.956884 -8.658514, 28.948841 -8.691259999, 28.940798 -8.715962, 28.927011 -8.742963, 28.912899 -8.764334, 28.900751 -8.784059, 28.89654 -8.794926, 28.860335 -8.841457, 28.859697 -8.844912999, 28.857864 -8.845861999, 28.847469 -8.860273, 28.815977 -8.899145, 28.770851 -8.953164, 28.760675 -8.96734, 28.74753 -8.98386, 28.729761 -9.000451, 28.695614 -9.034297999, 28.66296 -9.060536, 28.647177 -9.071578, 28.616663 -9.087207, 28.582794 -9.110467999, 28.568567 -9.117805, 28.540142 -9.134543, 28.504635 -9.157361, 28.482864 -9.171009, 28.446268 -9.199120999, 28.417686 -9.222054999, 28.393963 -9.245148999, 28.383547 -9.259426, 28.386419 -9.269765999, 28.392164 -9.273788, 28.402505 -9.281831, 28.412271 -9.28815, 28.425484 -9.295043999, 28.438123 -9.301938, 28.454209 -9.309406, 28.472592 -9.315151, 28.485805 -9.320896, 28.498444 -9.32779, 28.511083 -9.338705, 28.522669 -9.357281, 28.527126 -9.361121999, 28.532393 -9.372767, 28.533937 -9.383087, 28.531349 -9.395768, 28.522068 -9.409697, 28.521135812 -9.412832739, 28.520805522 -9.41867291, 28.520091683 -9.422099333, 28.517521865 -9.425525757, 28.515094815 -9.42838111, 28.513524371 -9.431664767, 28.511811159 -9.43694717, 28.511953927 -9.441801271, 28.512810533 -9.447369209, 28.514238209 -9.449225189, 28.516950795 -9.448796886, 28.521376592 -9.447369209, 28.526944531 -9.449225189, 28.531084793 -9.450795633, 28.536224429 -9.453365451, 28.538080408 -9.456506339, 28.538080408 -9.460361066, 28.537081035 -9.463359187, 28.533940146 -9.467642217, 28.532940773 -9.471639712, 28.533511843 -9.476065509, 28.536367197 -9.478635327, 28.539508085 -9.478920862, 28.544647721 -9.477350418, 28.54835968 -9.475066135, 28.552499942 -9.473923994, 28.557925113 -9.474495065, 28.564635194 -9.476922115, 28.570774203 -9.482347286, 28.573344021 -9.488629063, 28.574486162 -9.494625305, 28.573772324 -9.501763688, 28.571630809 -9.511043585, 28.570488667 -9.517753666, 28.571202506 -9.521893927, 28.571059738 -9.527176331, 28.570060364 -9.535599623, 28.569774829 -9.543166309, 28.571059738 -9.549590854, 28.574057859 -9.555016025, 28.579625798 -9.560726732, 28.584908201 -9.561868873, 28.590333372 -9.56015566, 28.599042199 -9.554159419, 28.603325229 -9.55044746, 28.606751653 -9.546592732, 28.610035309 -9.543309076, 28.613747268 -9.544308451, 28.616459854 -9.5467355, 28.618030298 -9.550732995, 28.617887531 -9.555301561, 28.616602622 -9.55958459, 28.613747268 -9.562582709, 28.610463612 -9.56386762, 28.607037188 -9.564581459, 28.602183088 -9.564724225, 28.597614523 -9.564438691, 28.593902564 -9.564724225, 28.587478019 -9.56815065, 28.583766061 -9.571148771, 28.581767313 -9.573147518, 28.580625171 -9.575574568, 28.58133901 -9.579143759, 28.583337757 -9.579857598, 28.586050342 -9.580000366, 28.589191231 -9.579000991, 28.592474887 -9.579572063, 28.596044079 -9.582570184, 28.599470502 -9.585140001, 28.605323976 -9.586710446, 28.610320845 -9.589565799, 28.611891289 -9.593563294, 28.612462359 -9.600701677, 28.611177451 -9.607554524, 28.608464865 -9.615835049, 28.606894421 -9.623401734, 28.609321471 -9.627256461, 28.612605127 -9.631253956, 28.615174945 -9.638535107, 28.621171187 -9.654382317, 28.623027166 -9.660235791, 28.623598237 -9.666232033, 28.623741005 -9.674227022, 28.624312075 -9.68036603, 28.625454217 -9.686076737, 28.627024661 -9.689503161, 28.629166176 -9.692501282, 28.630165549 -9.697355383, 28.630451085 -9.700639039, 28.629166176 -9.703494392, 28.627738499 -9.705207604, 28.623169934 -9.707634654, 28.620171813 -9.71034724, 28.618030298 -9.713059824, 28.617601995 -9.716486249, 28.619457975 -9.720769279, 28.621885025 -9.724766772, 28.624883146 -9.730334712, 28.628166802 -9.733761136, 28.631593226 -9.737044792, 28.634336595 -9.743353687, 28.635529864 -9.746444961, 28.640526732 -9.749157547, 28.645380833 -9.750727991, 28.649235559 -9.751441827, 28.654517962 -9.7520129, 28.659086528 -9.751584597, 28.663369558 -9.750299688, 28.666510446 -9.75015692, 28.670222405 -9.75315504, 28.673648829 -9.758437445, 28.67664695 -9.764861989, 28.676932485 -9.768573948, 28.676361415 -9.771286534, 28.673363294 -9.773142513, 28.670936244 -9.774427422, 28.669794102 -9.776568937, 28.670650708 -9.779995361, 28.673363294 -9.782279642, 28.678360162 -9.783279017, 28.681929354 -9.784992229, 28.68521301 -9.787847583, 28.686783454 -9.790702936, 28.689067737 -9.794272127, 28.692208625 -9.796270875, 28.695492281 -9.799126228, 28.696063352 -9.803837561, 28.695920584 -9.808691661, 28.693636302 -9.812118085, 28.689067737 -9.81483067, 28.685355777 -9.81483067, 28.682357658 -9.813545761, 28.681072748 -9.810404873, 28.678931233 -9.809119964, 28.676504182 -9.809691035, 28.675076506 -9.813117458, 28.675504809 -9.816972184, 28.673934365 -9.832391093, 28.672078385 -9.838815637, 28.669080264 -9.844098041, 28.668080891 -9.848952141, 28.666795982 -9.852806867, 28.663655093 -9.856661595, 28.659372063 -9.861515695, 28.657944387 -9.866369796, 28.658087154 -9.871081129, 28.659800366 -9.878219512, 28.658800993 -9.88378745, 28.655089033 -9.891211368, 28.651091539 -9.898206984, 28.643667621 -9.90762965, 28.638956288 -9.911912679, 28.635672632 -9.917480618, 28.632960046 -9.922477486, 28.631104066 -9.931043546, 28.627677643 -9.942322191, 28.62253012 -9.955014543, 28.622101818 -9.960011411, 28.622958423 -9.963295067, 28.625099938 -9.970147914, 28.627384221 -9.973859873, 28.630525109 -9.978142903, 28.630382342 -9.982568701, 28.624100565 -9.989136013, 28.621673514 -9.993561811, 28.621245211 -9.997844841, 28.623815029 -10.0015568, 28.628098059 -10.004554921, 28.635236442 -10.007553042, 28.640376078 -10.013406516, 28.643516966 -10.019402757, 28.643516966 -10.027254979, 28.642356 -10.032521, 28.642652609 -10.038327404, 28.643937518 -10.043324272, 28.643937518 -10.047178998, 28.642081539 -10.049891583, 28.636941903 -10.053746311, 28.632658873 -10.055887826, 28.62980352 -10.058743179, 28.629232449 -10.063168976, 28.63037459 -10.069879057, 28.632944408 -10.077731277, 28.631945035 -10.08729671, 28.631088429 -10.097861518, 28.629517984 -10.109425699, 28.627519237 -10.116278546, 28.626091561 -10.122417556, 28.625806025 -10.128128262, 28.626948167 -10.135837716, 28.624378349 -10.149971714, 28.625806025 -10.156110724, 28.627233702 -10.16424848, 28.625234955 -10.166532763, 28.621665763 -10.167532135, 28.618524875 -10.166675531, 28.614241845 -10.164105713, 28.611100956 -10.164105713, 28.609816047 -10.16610446, 28.610547126 -10.169221775, 28.61210033 -10.173813913, 28.611957562 -10.177240336, 28.609816047 -10.181095063, 28.598109099 -10.189090053, 28.593683302 -10.194229689, 28.590542413 -10.198655486, 28.584831707 -10.20822092, 28.581262515 -10.212932252, 28.577265021 -10.219642333, 28.574980738 -10.224353665, 28.575123506 -10.228636695, 28.57854993 -10.233776331, 28.58340403 -10.237631057, 28.589685807 -10.242056855, 28.593826069 -10.245626047, 28.59625312 -10.248338632, 28.59868017 -10.254334874, 28.603105967 -10.257904065, 28.606675159 -10.261473257, 28.608959441 -10.267326731, 28.610387118 -10.273751276, 28.61024435 -10.279890285, 28.611386492 -10.284316083, 28.612814168 -10.286457598, 28.618096572 -10.286029295, 28.622379601 -10.286457598, 28.626377096 -10.287456971, 28.630231823 -10.291454466, 28.632944408 -10.296451334, 28.635228691 -10.304446322, 28.636370832 -10.313868988, 28.63223057 -10.336569046, 28.62794754 -10.348275994, 28.62309344 -10.356270982, 28.619381481 -10.359697407, 28.618524875 -10.362552761, 28.619524248 -10.366407487, 28.62309344 -10.372689264, 28.624378349 -10.376972294, 28.624378349 -10.382397465, 28.622236834 -10.389535848, 28.624092813 -10.395817625, 28.62794754 -10.403669847, 28.631373964 -10.409095018, 28.638084044 -10.414377421, 28.641510468 -10.418945986, 28.643509215 -10.42479946, 28.64379475 -10.432794448, 28.64565073 -10.439932832, 28.646792871 -10.448070589, 28.644794124 -10.451639781, 28.638226813 -10.457921557, 28.634800388 -10.46206182, 28.63223057 -10.466630385, 28.632087802 -10.472626627, 28.634372085 -10.480478848, 28.639940024 -10.488331069, 28.640511094 -10.495897754, 28.640225559 -10.502179532, 28.638369579 -10.508175774, 28.631659499 -10.514457551, 28.62980352 -10.516884601, 28.630802893 -10.520882095, 28.634514853 -10.524736823, 28.639940024 -10.528734317, 28.645127249 -10.532113152, 28.650481036 -10.532113152, 28.654942525 -10.531667003, 28.657619419 -10.533302882, 28.659404015 -10.537615655, 28.659404015 -10.542374577, 28.66118861 -10.548918095, 28.665352667 -10.553379584, 28.667732128 -10.556948776, 28.671896185 -10.561410265, 28.672975 -10.567492667, 28.672044901 -10.572837627, 28.667619104 -10.574550838, 28.666191427 -10.577691727, 28.666476963 -10.581118151, 28.667048033 -10.585258413, 28.665049286 -10.594681078, 28.663478842 -10.597250897, 28.660623488 -10.600391785, 28.65933858 -10.603960977, 28.658910277 -10.608815077, 28.657625368 -10.613811944, 28.658053671 -10.620950328, 28.658624741 -10.625947197, 28.660909024 -10.6263755, 28.664763751 -10.625661661, 28.667333569 -10.625661661, 28.671616598 -10.628088711, 28.673472578 -10.630230226, 28.678754981 -10.631657903, 28.683323546 -10.634084952, 28.690319162 -10.643079316, 28.691604071 -10.647647881, 28.692032374 -10.65564287, 28.693745586 -10.659783132, 28.696743707 -10.662495718, 28.696743707 -10.668063655, 28.695458798 -10.672061151, 28.693888353 -10.676201413, 28.690604697 -10.678771231, 28.682895243 -10.680912746, 28.671902134 -10.682054887, 28.665763124 -10.68248319, 28.663193306 -10.683910867, 28.661622862 -10.686908988, 28.662622236 -10.691334785, 28.66419268 -10.695475047, 28.664478215 -10.69775933, 28.664478215 -10.701614057, 28.663478842 -10.704897712, 28.663621609 -10.710322883, 28.664478215 -10.714177611, 28.666191427 -10.71788957, 28.666762498 -10.721744297, 28.665620357 -10.723457509, 28.662622236 -10.724171347, 28.659766883 -10.723029206, 28.656483226 -10.722029832, 28.65319957 -10.71903171, 28.650201449 -10.718175105, 28.647631631 -10.71903171, 28.642491996 -10.718175105, 28.637780663 -10.715890823, 28.632069956 -10.715319751, 28.628500765 -10.716176358, 28.622361755 -10.718317872, 28.617364887 -10.71903171, 28.611796949 -10.721744297, 28.607942222 -10.725313488, 28.606657313 -10.729310983, 28.606371778 -10.732166336, 28.607799454 -10.738162578, 28.607799454 -10.741446234, 28.606371778 -10.751154435, 28.60622901 -10.758578353, 28.605372404 -10.762718615, 28.603516424 -10.770142534, 28.594807597 -10.78013627, 28.589239658 -10.785133138, 28.584100023 -10.785989743, 28.581530205 -10.78855956, 28.580959135 -10.793841965, 28.581672972 -10.799267136, 28.58181574 -10.804121237, 28.581672972 -10.809831942, 28.575391195 -10.815257114, 28.571393701 -10.818112466, 28.569537721 -10.820253982, 28.566825136 -10.820111215, 28.563827015 -10.819540144, 28.560543359 -10.820825053, 28.557830773 -10.82525085, 28.552976673 -10.83809994, 28.546266593 -10.853804382, 28.544410613 -10.864226422, 28.543268472 -10.876361673, 28.544410613 -10.886212641, 28.545695522 -10.892779954, 28.546694896 -10.900632174, 28.546552128 -10.90705672, 28.54583829 -10.912624658, 28.544267845 -10.916907688, 28.542697401 -10.924474374, 28.541840795 -10.939750513, 28.541194719 -10.943010173, 28.53995345 -10.947312225, 28.537383632 -10.951166952, 28.533528905 -10.954593375, 28.526961593 -10.958305334, 28.519109371 -10.961588991, 28.515660018 -10.962523037, 28.5122098 -10.964759731, 28.510306231 -10.968447895, 28.510068285 -10.974158602, 28.5122098 -10.991290721, 28.512685692 -10.998191158, 28.512090827 -11.002474186, 28.511733908 -11.009136679, 28.511971854 -11.015085331, 28.511971854 -11.019249388, 28.509592393 -11.026030852, 28.506023201 -11.032574369, 28.501978117 -11.037928157, 28.499003791 -11.042568105, 28.49662433 -11.048159839, 28.496386384 -11.053037734, 28.496505357 -11.058867414, 28.494720761 -11.064221201, 28.492817193 -11.073263153, 28.493531031 -11.079687697, 28.49269822 -11.083018943, 28.490318759 -11.08563635, 28.486987513 -11.088253757, 28.483656268 -11.090276299, 28.480681941 -11.09384549, 28.478421453 -11.0977716, 28.477469669 -11.101459766, 28.477469669 -11.105980741, 28.477826588 -11.109549932, 28.480325022 -11.113951936, 28.484727025 -11.119067777, 28.493531031 -11.128466647, 28.496505357 -11.134891193, 28.49817098 -11.142267521, 28.499003791 -11.148335147, 28.498527899 -11.154402773, 28.498289953 -11.166062132, 28.497576115 -11.171653864, 28.498527899 -11.175936895, 28.49817098 -11.178554302, 28.496862276 -11.181885548, 28.491746435 -11.187120362, 28.487225459 -11.192355176, 28.481514753 -11.198065882, 28.480919888 -11.200802263, 28.480919888 -11.203538642, 28.481633726 -11.206750915, 28.482942429 -11.21043908, 28.482228592 -11.213889298, 28.482109618 -11.216863624, 28.483537295 -11.219956924, 28.485559837 -11.223288169, 28.486392648 -11.227571199, 28.486987513 -11.232092174, 28.489129028 -11.234709581, 28.488891082 -11.238754666, 28.487701351 -11.241966938, 28.485083944 -11.250889916, 28.483061402 -11.253745269, 28.479135292 -11.257790354, 28.475209181 -11.265523602, 28.472472801 -11.273732742, 28.471758963 -11.27837269, 28.471758963 -11.282893667, 28.470450259 -11.285867993, 28.467000041 -11.287890535, 28.461765226 -11.28931821, 28.458315008 -11.291221781, 28.455816574 -11.293244323, 28.45331814 -11.297884272, 28.452128409 -11.300858598, 28.452366355 -11.305141628, 28.453556086 -11.308353899, 28.45331814 -11.311447198, 28.451652517 -11.315373309, 28.450224841 -11.319418393, 28.450105868 -11.321321961, 28.451295598 -11.325248073, 28.451652517 -11.328222399, 28.451652517 -11.33095878, 28.453437113 -11.333457213, 28.458196035 -11.338454081, 28.459861658 -11.341071489, 28.460932415 -11.344283761, 28.460932415 -11.347020141, 28.459861658 -11.349875495, 28.456292466 -11.354277497, 28.455578628 -11.356894905, 28.456530412 -11.360345122, 28.456768358 -11.36296253, 28.455935547 -11.367126587, 28.455816574 -11.370338858, 28.453080194 -11.37271832, 28.448440245 -11.375335726, 28.446179757 -11.37700135, 28.436661913 -11.37973773, 28.431784018 -11.381522326, 28.428690718 -11.384139733, 28.427263042 -11.386519194, 28.425835365 -11.389612493, 28.4252405 -11.3922299, 28.425954338 -11.395799092, 28.427619961 -11.400082122, 28.430475314 -11.406149747, 28.431784018 -11.411979427, 28.432021964 -11.416262457, 28.430951206 -11.419593702, 28.427500988 -11.422568028, 28.425478446 -11.426613112, 28.42250412 -11.430658196, 28.421552335 -11.434822252, 28.422266174 -11.4425555, 28.422884834 -11.445000397, 28.422591838 -11.447445693, 28.420458689 -11.451302524, 28.418317174 -11.45401511, 28.414034144 -11.458155373, 28.409180044 -11.462438403, 28.396045419 -11.472574907, 28.394474975 -11.476286865, 28.395902652 -11.480998199, 28.395331581 -11.490135329, 28.397187561 -11.498415853, 28.397901399 -11.502413348, 28.397330328 -11.505268701, 28.395331581 -11.509980034, 28.391619622 -11.514263064, 28.389049804 -11.516690113, 28.390191945 -11.520402073, 28.391762389 -11.523828497, 28.390905784 -11.526826618, 28.387336592 -11.534107769, 28.386194451 -11.539818475, 28.384481239 -11.545386414, 28.384909542 -11.557664433, 28.385766148 -11.560805321, 28.3837674 -11.565373886, 28.3837674 -11.569799684, 28.384909542 -11.571941198, 28.385480612 -11.576366996, 28.385195077 -11.583077076, 28.385480612 -11.587931176, 28.388193198 -11.593784651, 28.392761763 -11.598210448, 28.400185681 -11.606776508, 28.40147059 -11.612201679, 28.404183176 -11.617484082, 28.408751741 -11.621338809, 28.417460568 -11.624051395, 28.422314669 -11.62861996, 28.425741093 -11.633759595, 28.431451799 -11.637614322, 28.433450546 -11.641040746, 28.434878223 -11.646037614, 28.434164385 -11.651605552, 28.432736708 -11.658601166, 28.430309658 -11.662884198, 28.42588386 -11.665168481, 28.423599578 -11.66702446, 28.420744225 -11.671164723, 28.419602083 -11.675876055, 28.420315922 -11.680159085, 28.421886366 -11.684584883, 28.426740466 -11.686583629, 28.430452425 -11.689153448, 28.435163758 -11.691152194, 28.436591435 -11.695577992, 28.436448667 -11.700860396, 28.434592688 -11.706571101, 28.431737334 -11.710711363, 28.428025375 -11.714566091, 28.422029133 -11.717992515, 28.417888871 -11.721276171, 28.417888871 -11.723560454, 28.419887619 -11.725559201, 28.423314042 -11.725559201, 28.426597699 -11.72684411, 28.430452425 -11.73112714, 28.434878223 -11.73783722, 28.439589556 -11.743690694, 28.446870707 -11.75368443, 28.449583292 -11.761536652, 28.450868201 -11.767532893, 28.454294625 -11.773671902, 28.453580786 -11.778240468, 28.449470268 -11.782933955, 28.446942091 -11.78635443, 28.443967765 -11.787990309, 28.442034452 -11.788733891, 28.440398572 -11.792303082, 28.440696005 -11.795723557, 28.440249856 -11.80122606, 28.438019111 -11.805092685, 28.436234516 -11.809851607, 28.434896069 -11.81580026, 28.436829381 -11.8198156, 28.44010114 -11.823384791, 28.444265197 -11.82546682, 28.446198509 -11.827846281, 28.447834388 -11.832605203, 28.449916416 -11.835579529, 28.451106147 -11.838553856, 28.45259331 -11.8407846, 28.456311218 -11.840635883, 28.460475275 -11.836471825, 28.463152168 -11.834538515, 28.464341899 -11.830523175, 28.467018792 -11.828441146, 28.470290551 -11.827994997, 28.474752041 -11.827994997, 28.478618665 -11.82948216, 28.480998126 -11.831415473, 28.481890424 -11.834389799, 28.481592991 -11.838702572, 28.483972452 -11.841230749, 28.486798062 -11.841974331, 28.491110835 -11.843610209, 28.49334158 -11.845840953, 28.494828743 -11.853425487, 28.492597998 -11.857440827, 28.492003133 -11.862943331, 28.492449282 -11.8690407, 28.4917057 -11.873353473, 28.495721041 -11.874543203, 28.4989928 -11.875286783, 28.502264559 -11.876327799, 28.506131183 -11.875732934, 28.510592672 -11.876030366, 28.514608013 -11.877963678, 28.516095176 -11.879450842, 28.521342879 -11.882408645, 28.526196979 -11.885977837, 28.529052333 -11.889975331, 28.534191968 -11.892687917, 28.538474998 -11.893972825, 28.543614634 -11.894972199, 28.547612128 -11.896828178, 28.550895785 -11.898826926, 28.555749885 -11.899540764, 28.560603985 -11.899969066, 28.565315318 -11.901682279, 28.570026651 -11.904965934, 28.572310934 -11.90896343, 28.576736731 -11.91081941, 28.582447438 -11.909820036, 28.588300912 -11.907964056, 28.592155638 -11.905394237, 28.598722951 -11.90653638, 28.604148122 -11.906679147, 28.610287131 -11.905679774, 28.613713555 -11.904537632, 28.617282747 -11.904537632, 28.620280868 -11.905394237, 28.623992827 -11.907678521, 28.626990948 -11.918386096, 28.625848806 -11.921098681, 28.626419877 -11.924953408, 28.626705412 -11.928950902, 28.628418624 -11.933805003, 28.631559513 -11.939515709, 28.636984684 -11.943513204, 28.644836905 -11.947939001, 28.652118056 -11.951793727, 28.659256439 -11.955077384, 28.661969024 -11.957932737, 28.663539469 -11.962929606, 28.670106781 -11.965356656, 28.67624579 -11.966498797, 28.68295587 -11.968354777, 28.685811224 -11.972780574, 28.691950233 -11.978919584, 28.697232636 -11.983630916, 28.704085484 -11.985486896, 28.714364756 -11.989341623, 28.720932068 -11.99005546, 28.726500007 -11.986343502, 28.729498128 -11.985201361, 28.734066693 -11.983916452, 28.738635258 -11.981632168, 28.740634005 -11.977777442, 28.743489358 -11.977206372, 28.747629621 -11.977063604, 28.752626489 -11.978491281, 28.75562461 -11.981489401, 28.756052914 -11.986057967, 28.757337821 -11.98948439, 28.760764245 -11.990340995, 28.76476174 -11.991625905, 28.76476174 -11.995195096, 28.763619598 -12.000334733, 28.763191296 -12.004046692, 28.762477457 -12.007330348, 28.761986784 -12.011069346, 28.763128925 -12.0139247, 28.766555349 -12.017493891, 28.770267308 -12.019920941, 28.773550964 -12.021776921, 28.776120782 -12.023918436, 28.77626355 -12.027059324, 28.775264176 -12.02977191, 28.773836499 -12.034911546, 28.773979267 -12.040479484, 28.774978641 -12.045190817, 28.778405064 -12.04804617, 28.782402559 -12.049473847, 28.782259791 -12.053043038, 28.783830236 -12.055612856, 28.787256659 -12.057754371, 28.793252901 -12.059610351, 28.799249143 -12.062037401, 28.804103243 -12.064607219, 28.808671808 -12.068461946, 28.813668677 -12.07431542, 28.814525283 -12.078312913, 28.815096353 -12.082453176, 28.818665545 -12.085594064, 28.824661786 -12.088021115, 28.829801422 -12.090733701, 28.834369987 -12.096158871, 28.840223461 -12.107580284, 28.84821845 -12.121571515, 28.855785136 -12.136133816, 28.860068166 -12.140559614, 28.862923519 -12.146127552, 28.869348064 -12.150553351, 28.875772609 -12.153979774, 28.885623577 -12.157120663, 28.895189011 -12.159262178, 28.903041232 -12.162688602, 28.908894706 -12.166257793, 28.915890321 -12.171254661, 28.92145826 -12.176965367, 28.927311734 -12.182676074, 28.938590379 -12.195382396, 28.946585368 -12.203234616, 28.951296701 -12.209516394, 28.955436963 -12.220509504, 28.958863387 -12.225506371, 28.968857123 -12.242924027, 28.9751389 -12.25434544, 28.98184898 -12.261912125, 28.986417546 -12.268907741, 28.99041504 -12.273761841, 28.994269767 -12.277331033, 29.001265382 -12.281328527, 29.005120109 -12.284183881, 29.007547159 -12.288181375, 29.008974836 -12.29274994, 29.008832068 -12.300316626, 29.008403765 -12.306883938, 29.008689301 -12.311880806, 29.010830816 -12.320589634, 29.017969199 -12.336865147, 29.020681784 -12.341290945, 29.033959176 -12.349571469, 29.035815156 -12.353568964, 29.034101944 -12.358994135, 29.032674268 -12.366703588, 29.03010445 -12.370843851, 29.032674268 -12.372128759, 29.034815782 -12.377268395, 29.037242833 -12.380266516, 29.041097559 -12.38369294, 29.043810145 -12.38426401, 29.048807014 -12.383121869, 29.05451772 -12.385263384, 29.060656729 -12.38554892, 29.065368062 -12.385977223, 29.072506445 -12.387833202, 29.077646081 -12.38797597, 29.081500807 -12.38554892, 29.08564107 -12.382550799, 29.088353655 -12.378696072, 29.090637938 -12.37698286, 29.093064988 -12.375983485, 29.098347391 -12.378553303, 29.100774442 -12.379267142, 29.105628542 -12.374984113, 29.110482642 -12.376411788, 29.11490844 -12.380409284, 29.116621652 -12.384977849, 29.118049328 -12.390260251, 29.120476379 -12.393972211, 29.124616641 -12.396256494, 29.127900297 -12.394257747, 29.130612883 -12.390974091, 29.132754397 -12.386833828, 29.136466357 -12.385263384, 29.139464477 -12.38426401, 29.144746881 -12.383121869, 29.146745628 -12.383121869, 29.149600981 -12.380409284, 29.154026779 -12.377982234, 29.163592212 -12.377268395, 29.178297281 -12.371985992, 29.187577179 -12.373128133, 29.196286006 -12.371985992, 29.199855198 -12.372271527, 29.209277863 -12.37455581, 29.214417499 -12.375412416, 29.219557135 -12.375983485, 29.223126326 -12.375697951, 29.228551498 -12.375697951, 29.230978548 -12.376411788, 29.235547113 -12.37940991, 29.23997291 -12.378696072, 29.245398081 -12.376554557, 29.249681111 -12.376411788, 29.25339307 -12.377268395, 29.256819494 -12.376411788, 29.259103777 -12.374984113, 29.261816362 -12.374127507, 29.262101898 -12.372271527, 29.259674847 -12.37141492, 29.258675474 -12.366846355, 29.260674221 -12.36413377, 29.264528948 -12.36170672, 29.269097513 -12.360564579, 29.273808846 -12.361992255, 29.276664199 -12.364419306, 29.281946603 -12.370701083, 29.282945976 -12.373984739, 29.286943471 -12.378553303, 29.288942218 -12.38183696, 29.292654177 -12.384121242, 29.29736551 -12.385691687, 29.299364257 -12.388404273, 29.302076843 -12.391545161, 29.304789428 -12.393829444, 29.305503266 -12.396827564, 29.303932822 -12.399682918, 29.299649792 -12.402681038, 29.298364883 -12.40567916, 29.299935328 -12.409819422, 29.30164854 -12.411818168, 29.307930317 -12.413816916, 29.318923427 -12.417814411, 29.321493244 -12.421240835, 29.323777527 -12.421954673, 29.326775648 -12.419670388, 29.330059304 -12.41909932, 29.331344213 -12.421669138, 29.331486981 -12.4258094, 29.331201445 -12.429093056, 29.335627243 -12.430806268, 29.341195182 -12.432233944, 29.343479464 -12.430806268, 29.347762494 -12.424524491, 29.349475706 -12.420812532, 29.352473827 -12.417100572, 29.354900877 -12.414959058, 29.35961221 -12.412103704, 29.36389524 -12.411818168, 29.367749966 -12.412103704, 29.377172632 -12.413531381, 29.382597803 -12.414673522, 29.386880833 -12.417671643, 29.388022974 -12.421383601, 29.388594045 -12.424238955, 29.390307257 -12.427237076, 29.399016084 -12.431520106, 29.402728043 -12.431805641, 29.407724911 -12.434375459, 29.41514883 -12.438515721, 29.432852019 -12.445083034, 29.443131291 -12.447652851, 29.451840118 -12.449223296, 29.457122522 -12.450365437, 29.464260905 -12.452364185, 29.468401167 -12.455362305, 29.472398661 -12.458645962, 29.474825712 -12.460216406, 29.48039365 -12.459788103, 29.484391145 -12.456361678, 29.492100599 -12.450650973, 29.496383628 -12.445225802, 29.499524517 -12.442620292, 29.503986006 -12.441579276, 29.509637226 -12.442025427, 29.513355134 -12.440389547, 29.518262772 -12.436374207, 29.521088382 -12.431317852, 29.524211425 -12.427451227, 29.529267779 -12.423138455, 29.530011361 -12.417338519, 29.529862645 -12.412728313, 29.530308794 -12.406482227, 29.528821631 -12.401723305, 29.528078049 -12.396072086, 29.525103723 -12.392205462, 29.519006354 -12.392205462, 29.514693581 -12.393395192, 29.511570538 -12.396518235, 29.506960333 -12.398154114, 29.497591205 -12.400979724, 29.49417073 -12.400087426, 29.487775928 -12.395625937, 29.483165722 -12.390123432, 29.481083694 -12.386108093, 29.480191396 -12.375549233, 29.476622205 -12.365882673, 29.472755581 -12.358446858, 29.46755051 -12.349077729, 29.463535169 -12.34104705, 29.461155708 -12.335544546, 29.459817261 -12.327811298, 29.458330098 -12.320375483, 29.45907368 -12.314426829, 29.45907368 -12.307437162, 29.462345439 -12.300744929, 29.468294091 -12.291673233, 29.470673552 -12.284088702, 29.474242744 -12.27814005, 29.477365786 -12.271447816, 29.478109368 -12.264755582, 29.478109368 -12.25791463, 29.479150382 -12.253453141, 29.481975992 -12.249289085, 29.485545183 -12.246314759, 29.498037354 -12.237986644, 29.505175737 -12.23129441, 29.520868154 -12.229623345, 29.525293952 -12.231051021, 29.529005911 -12.231622093, 29.5321468 -12.229766113, 29.545852495 -12.214489973, 29.549421687 -12.206209448, 29.551277666 -12.20249749, 29.553704716 -12.201069813, 29.558130514 -12.202069187, 29.56141417 -12.20249749, 29.565839967 -12.197786157, 29.564746871 -12.195631806, 29.562516126 -12.194144643, 29.559244367 -12.19384721, 29.559244367 -12.1910216, 29.560434098 -12.188344707, 29.562813559 -12.185519096, 29.567275048 -12.184626799, 29.570249375 -12.182842203, 29.573818566 -12.181503756, 29.5805108 -12.182693487, 29.5805108 -12.185667813, 29.580956949 -12.188047274, 29.580259501 -12.192218218, 29.577832451 -12.195359107, 29.577689683 -12.198071691, 29.579831198 -12.20007044, 29.583257622 -12.200498742, 29.585113602 -12.196786783, 29.587255117 -12.194502501, 29.595250105 -12.19578741, 29.598105459 -12.194645269, 29.600818044 -12.196501248, 29.599533135 -12.199213834, 29.60110358 -12.20249749, 29.605386609 -12.204353469, 29.608241963 -12.206923287, 29.610954548 -12.213633367, 29.613809901 -12.218201933, 29.617807396 -12.221771124, 29.622375961 -12.222056659, 29.622518729 -12.22020068, 29.62123382 -12.216917024, 29.624803011 -12.214489973, 29.626658991 -12.21406167, 29.62851497 -12.21591765, 29.629514344 -12.218773003, 29.63222693 -12.219201306, 29.635367818 -12.219058538, 29.637509333 -12.220486215, 29.637652101 -12.223769871, 29.636652727 -12.226054154, 29.636652727 -12.227910132, 29.639936383 -12.228766739, 29.643077272 -12.229195042, 29.645504322 -12.233049768, 29.64807414 -12.234049143, 29.651500564 -12.232478699, 29.654498685 -12.231479325, 29.658638947 -12.232907002, 29.663635815 -12.234191909, 29.667490542 -12.232050396, 29.678483651 -12.232478699, 29.682481146 -12.231193789, 29.687486846 -12.228888961, 29.692311251 -12.22707981, 29.693818877 -12.222707693, 29.695628029 -12.220446253, 29.699849383 -12.218486339, 29.704673788 -12.218938627, 29.70934743 -12.219993965, 29.714624123 -12.220144728, 29.719297765 -12.219089389, 29.721709967 -12.217280237, 29.719750053 -12.214868035, 29.717639376 -12.211400494, 29.717187088 -12.208837528, 29.714430258 -12.208015072, 29.715032173 -12.207637126, 29.721742253 -12.205638378, 29.725882515 -12.205638378, 29.727738494 -12.203925166, 29.727881262 -12.200498742, 29.729737242 -12.199642137, 29.733449201 -12.202925793, 29.736019019 -12.204496237, 29.737589463 -12.203211327, 29.736590089 -12.201069813, 29.733591968 -12.198357228, 29.732449827 -12.194216966, 29.732449827 -12.19021947, 29.735590716 -12.185650906, 29.738588836 -12.180082967, 29.742586331 -12.171659675, 29.746155522 -12.166662807, 29.751866229 -12.16280808, 29.75971845 -12.15795398, 29.766714066 -12.154099253, 29.771568166 -12.149816223, 29.774709055 -12.148959616, 29.781133599 -12.151672202, 29.78841475 -12.154099253, 29.796266971 -12.15481309, 29.807402848 -12.153813719, 29.809116061 -12.156240768, 29.809642443 -12.162082991, 29.810171 -12.188645, 29.80962 -12.219716, 29.81002 -12.239724, 29.809784001 -12.321862, 29.809988387 -12.451122885, 29.809572 -12.510977, 29.810049 -12.546627, 29.809162 -12.619569999, 29.810074 -12.653600999, 29.809477 -12.670635, 29.80909 -12.698248, 29.809704 -12.78772325, 29.809443 -12.80981225, 29.808638 -12.816499, 29.809929 -12.834187, 29.808945 -12.8671, 29.80936 -12.934950999, 29.809811 -12.957485, 29.809336 -12.980727, 29.809608 -12.994292999, 29.809547 -13.003035, 29.809959 -13.082384, 29.808666 -13.123350999, 29.809847 -13.147249, 29.809221 -13.174631999, 29.810116 -13.242926, 29.811333 -13.244972, 29.809790001 -13.261792, 29.809828 -13.416344, 29.808961999 -13.455143, 29.804216 -13.453017, 29.784908 -13.439357, 29.776873 -13.436979999, 29.764656 -13.437212, 29.739063 -13.450114, 29.722231 -13.454570999, 29.712383 -13.455676, 29.701382763 -13.451178206, 29.693098 -13.442928999, 29.679701 -13.430759999, 29.673796 -13.429259999, 29.667698 -13.429834, 29.65447 -13.438359, 29.646462 -13.437358, 29.623751 -13.41731, 29.610662 -13.40881225, 29.608177 -13.401729, 29.608026 -13.393911999, 29.614147 -13.3823, 29.612162 -13.376817999, 29.604989853 -13.369831572, 29.60462 -13.363387, 29.609024 -13.360316, 29.627058 -13.357454, 29.646044 -13.355262999, 29.65229 -13.350317, 29.658184 -13.339397999, 29.662745 -13.320224999, 29.663258 -13.310326, 29.654085 -13.297617, 29.653675 -13.288654, 29.660341 -13.281171, 29.675444 -13.27284, 29.680759 -13.268371, 29.682329 -13.264661, 29.681278 -13.258930999, 29.676245 -13.253736, 29.673786 -13.248032, 29.677788 -13.236457, 29.674989668 -13.229999594, 29.670315 -13.226477, 29.665167 -13.227492, 29.655205 -13.234347, 29.643097 -13.239633, 29.635088 -13.2384, 29.619955 -13.23293, 29.608335 -13.226934, 29.603317 -13.222427, 29.589062 -13.213718, 29.580605 -13.213413999, 29.57641 -13.215101, 29.567192 -13.224239, 29.560448 -13.227582, 29.537392 -13.225243, 29.528047 -13.227712, 29.51605 -13.238969, 29.503275 -13.246329, 29.497828001 -13.256316999, 29.495188 -13.265794999, 29.490826 -13.271163, 29.475859 -13.274422, 29.47159701 -13.283400565, 29.465557 -13.288636, 29.451517 -13.304066, 29.446943 -13.310587, 29.441837 -13.313898, 29.425695 -13.317404999, 29.409294 -13.319536, 29.405809 -13.321666999, 29.399958 -13.322691, 29.390402 -13.326769, 29.385252 -13.32778, 29.373466 -13.32545825, 29.365265 -13.326521, 29.358341 -13.333311999, 29.354778 -13.343954, 29.348749 -13.348199, 29.342878 -13.348301, 29.335531 -13.344749, 29.329077 -13.338652999, 29.32291 -13.335311, 29.316036 -13.331981, 29.311491 -13.340339, 29.309523 -13.3613, 29.306595 -13.368251, 29.299204 -13.375277999, 29.291056 -13.379329, 29.281212 -13.380648999, 29.260897 -13.387437, 29.248072 -13.392945999, 29.233518 -13.406764, 29.22139 -13.4118, 29.211376 -13.4168, 29.19064 -13.43992, 29.182705 -13.443042, 29.179623 -13.441484, 29.176367 -13.43004, 29.170002 -13.415659999, 29.160353 -13.401334, 29.142847 -13.381161, 29.133093 -13.374194, 29.121506 -13.369788, 29.109985 -13.369289999, 29.10157 -13.371729999, 29.087341 -13.377484999, 29.082483 -13.381935, 29.072021 -13.388317, 29.053829 -13.395976, 29.039388 -13.403340999, 29.029203 -13.412248, 29.020134 -13.417685, 29.012156 -13.418275, 29.003656 -13.415882999, 28.998867 -13.410671999, 28.991031 -13.391941, 28.999134 -13.384911249, 29.000888649 -13.378383139, 28.999142 -13.371571999, 28.992743 -13.368226, 28.982013603 -13.375988898, 28.975962 -13.376087, 28.973818 -13.374281999, 28.969227 -13.366767, 28.967827 -13.353451, 28.968353 -13.342864, 28.964449 -13.334189, 28.950047 -13.315791, 28.945625 -13.304362999, 28.945137 -13.289192, 28.941561 -13.272001, 28.929525 -13.240456, 28.92226 -13.21320275, 28.914377 -13.191020999, 28.91066 -13.17912, 28.903566 -13.161982, 28.896927 -13.157949, 28.885515 -13.163421, 28.87541 -13.162661, 28.873633 -13.154638, 28.869575 -13.150563, 28.863478 -13.150889, 28.856998 -13.156511, 28.853197 -13.153811, 28.846952 -13.145168999, 28.849661 -13.124197, 28.846539 -13.105617, 28.842421 -13.097861, 28.834097 -13.091092, 28.830692 -13.083785, 28.833946 -13.081893999, 28.8459 -13.081016999, 28.848333 -13.072007999, 28.846367 -13.066519, 28.840433 -13.062471999, 28.834705 -13.056580999, 28.833639 -13.048779, 28.835327 -13.037251, 28.833748 -13.026696, 28.827154 -13.010928999, 28.818695 -12.995651, 28.795815 -12.973467, 28.790976 -12.964340999, 28.793152 -12.953957999, 28.790207 -12.945952, 28.781685 -12.941024, 28.774155 -12.93953, 28.770206 -12.941891999, 28.764604 -12.943588, 28.755842 -12.938433, 28.751642 -12.925158, 28.740192 -12.913142, 28.735092 -12.90218, 28.733194 -12.886107, 28.726242 -12.876554, 28.709089 -12.859564, 28.697933 -12.850993, 28.688066623 -12.848020354, 28.677856 -12.841637, 28.667072 -12.826849, 28.658772 -12.820764, 28.652645 -12.818786, 28.634338 -12.817451, 28.626413 -12.820329, 28.604719 -12.842505, 28.599932001 -12.851315, 28.592131 -12.877423, 28.58849 -12.884607999, 28.582025 -12.891144, 28.579935 -12.89292, 28.572529 -12.893099999, 28.569403 -12.886773, 28.56739 -12.877508999, 28.563349372 -12.874422864, 28.554676 -12.867338999, 28.544029 -12.856295, 28.542954 -12.851007, 28.538517 -12.821399, 28.528591 -12.800842, 28.512873 -12.784511, 28.503136 -12.776141, 28.47982 -12.753245999, 28.465471 -12.734130999, 28.456772 -12.716543, 28.45405 -12.706922, 28.456035 -12.698612, 28.463882 -12.690679, 28.477375 -12.684044, 28.50008 -12.682565, 28.508934 -12.679216, 28.513535 -12.673627999, 28.517339715 -12.660125935, 28.523245 -12.634151, 28.522444 -12.627723, 28.516209 -12.618152, 28.48983 -12.593231, 28.473244 -12.580589, 28.45105 -12.568717, 28.445347 -12.563277, 28.442909 -12.556871, 28.449537 -12.530092, 28.44898 -12.524118999, 28.441603 -12.516172999, 28.417364 -12.508238, 28.403673 -12.500841, 28.386795 -12.483597, 28.345964 -12.445064, 28.337862 -12.435286, 28.32671 -12.424858, 28.314921 -12.419041, 28.305818419 -12.418021638, 28.280535 -12.420666, 28.265207 -12.412825, 28.259123 -12.412908, 28.242399 -12.422106999, 28.23515 -12.422665999, 28.228562 -12.420224999, 28.220455 -12.409753, 28.213386 -12.406397999, 28.188969 -12.401205, 28.181225 -12.382906, 28.174202 -12.38277, 28.165367 -12.387028999, 28.15312 -12.398463, 28.147146 -12.406593999, 28.14444 -12.413991, 28.146597 -12.41764325, 28.145802 -12.428004999, 28.139034 -12.429475, 28.129286 -12.435585, 28.124369 -12.435419, 28.117504 -12.429989, 28.111874 -12.41189, 28.094488 -12.372782, 28.086576 -12.358851999, 28.075728998 -12.352782, 28.060711 -12.349757, 28.04645 -12.350862, 28.030769 -12.350834, 28.012501 -12.349688, 27.997639 -12.340675, 27.989422 -12.338709, 27.976162 -12.344628, 27.961994 -12.352859, 27.955221 -12.353865, 27.950026 -12.350249, 27.94849 -12.340146999, 27.952515 -12.325833, 27.953297 -12.314092, 27.938607767 -12.286814979, 27.933165 -12.276862, 27.925059 -12.247502999, 27.921478001 -12.242027, 27.917715 -12.240463, 27.909311 -12.241948, 27.889894 -12.241728999, 27.879839 -12.242083, 27.865595 -12.244098, 27.851761 -12.241507999, 27.82683 -12.230768, 27.818397 -12.22995, 27.813536 -12.23392, 27.819866 -12.253627, 27.817367 -12.259638, 27.808998 -12.263879999, 27.784042 -12.269931, 27.775436 -12.273944, 27.76483 -12.286493, 27.758079 -12.289334, 27.725712 -12.282814999, 27.711657 -12.28137, 27.695335 -12.285932, 27.679626 -12.283124, 27.672606 -12.282975, 27.656277 -12.287074, 27.647358 -12.284646, 27.631338 -12.275398, 27.627527 -12.269690999, 27.620041838 -12.235739035, 27.619371 -12.232747, 27.613033078 -12.22400184, 27.601658 -12.218456, 27.575659 -12.215299, 27.564602 -12.209902, 27.546886 -12.194917, 27.526298 -12.173981999, 27.514883 -12.157314, 27.508339 -12.137142, 27.507458 -12.101035, 27.497251 -12.066871, 27.491339 -12.060954, 27.482655 -12.057829, 27.473942 -12.052173, 27.471552 -12.047598, 27.467432 -12.034531, 27.46442 -12.016159, 27.465637 -11.999813, 27.46846 -11.980689, 27.472197 -11.959714, 27.468449 -11.938129999, 27.463192 -11.927835, 27.449953 -11.913945, 27.434664 -11.904678, 27.406758 -11.895315, 27.396971 -11.876324999, 27.383612 -11.872325999, 27.368992 -11.859827, 27.35116 -11.852653, 27.331356 -11.835604999, 27.318449 -11.829987999, 27.302429 -11.817039749, 27.290676 -11.809799, 27.27099 -11.803328999, 27.254776995 -11.799902754, 27.25075329 -11.79936626, 27.249322639 -11.797041453, 27.242258802 -11.794180152, 27.230537973 -11.787031746, 27.229653284 -11.785078988, 27.230148911 -11.783724273, 27.23081516 -11.782724901, 27.232718729 -11.780678564, 27.232909086 -11.778822585, 27.232480783 -11.77668107, 27.232480783 -11.77606241, 27.23143382 -11.775448509, 27.23024409 -11.773306994, 27.230315473 -11.770570614, 27.231267258 -11.769785391, 27.229910965 -11.767025217, 27.230077527 -11.765740307, 27.228173959 -11.760695851, 27.227626683 -11.759672683, 27.222906907 -11.755433802, 27.221811685 -11.753923151, 27.220806665 -11.75212971, 27.220064205 -11.750037323, 27.219369953 -11.745871809, 27.223538235 -11.74028181, 27.223881675 -11.73930981, 27.224366216 -11.736834244, 27.224789175 -11.73597801, 27.227231193 -11.725095855, 27.233773853 -11.717237858, 27.233631085 -11.71224099, 27.231061267 -11.704531536, 27.229490823 -11.695251638, 27.230632964 -11.692396285, 27.235344297 -11.68654281, 27.236200903 -11.682688084, 27.23391662 -11.675835236, 27.229919126 -11.665270429, 27.222566985 -11.628378027, 27.211253503 -11.580886769, 27.209297 -11.572985, 27.205749 -11.568418999, 27.200148 -11.568244, 27.193231 -11.576365, 27.184902 -11.583348, 27.176767 -11.586649, 27.166132 -11.596415, 27.157066 -11.599954, 27.148197 -11.599810999, 27.135796 -11.59648, 27.119448 -11.595258, 27.099699 -11.603958999, 27.089214 -11.605669, 27.078005 -11.604856, 27.04438 -11.602871, 27.03833 -11.604768, 27.028358 -11.611302, 27.024679 -11.617087, 27.025486 -11.628122, 27.02478 -11.651823, 27.029532 -11.660521, 27.038029 -11.670103, 27.039194 -11.670093, 27.044897 -11.68039, 27.048574 -11.698529, 27.047733 -11.70797, 27.043602 -11.715369, 27.032001 -11.722839, 27.023787 -11.742698999, 27.014522 -11.750607, 27.013111 -11.753139, 27.008182 -11.767365, 27.00569 -11.780392, 27.006468 -11.79227475, 27.005495 -11.798783, 26.999676 -11.810249, 26.998703 -11.816757, 27.008366 -11.833881999, 27.009567 -11.839268, 27.007517001 -11.846878, 27.001499 -11.854085, 26.995895 -11.854297, 26.98616 -11.862207, 26.980221 -11.876524, 26.971146 -11.880057, 26.968163 -11.885836, 26.963182 -11.902903999, 26.953525 -11.919323999, 26.937075 -11.934195, 26.923122 -11.941449999, 26.908293 -11.954925, 26.903248 -11.965321, 26.896789 -11.97481, 26.890532 -11.980386, 26.88356 -11.984588, 26.878654 -11.98486, 26.856182 -11.980685, 26.840573905 -11.987704893, 26.827785 -11.993352, 26.816032 -11.985862, 26.798105 -11.966921, 26.790369 -11.963995, 26.774708 -11.963436999, 26.764456 -11.966973, 26.762287395 -11.969568982, 26.7547 -11.973724999, 26.742439 -11.988319, 26.730364 -11.997161, 26.72415 -12.002759, 26.718187918 -12.008812099, 26.707691 -12.008997999, 26.703176 -12.003466, 26.691526 -11.992186, 26.66296 -11.985515, 26.635853 -11.985728999, 26.629976 -11.981635, 26.624821 -11.979835, 26.610315 -11.977648, 26.60162 -11.971504, 26.597879 -11.971304, 26.583696 -11.980384999, 26.570158 -11.982328, 26.559149 -11.979192, 26.543859 -11.966426, 26.532825 -11.959838, 26.521589 -11.957391999, 26.509382 -11.950122, 26.486557 -11.929127, 26.468016792 -11.920007966, 26.444397 -11.915170999, 26.428272 -11.914597, 26.408688 -11.920026999, 26.392406 -11.930033, 26.373777 -11.938903999, 26.364935 -11.943796, 26.350534 -11.955857, 26.334707 -11.964707, 26.330044 -11.966119, 26.322098 -11.965942, 26.312265 -11.963248, 26.30171 -11.957798, 26.297708 -11.953454, 26.287386 -11.947542, 26.280363 -11.945518, 26.251375 -11.943408, 26.212015 -11.927559, 26.200809 -11.928781, 26.191765 -11.938959, 26.182888 -11.939475, 26.170242001 -11.935182999, 26.151339 -11.938290999, 26.137097 -11.939988, 26.06912 -11.942924, 26.035934 -11.941737, 26.010919 -11.939349, 25.989665999 -11.940619, 25.981468 -11.937444, 25.978405 -11.932858999, 25.980013 -11.92802, 25.988363 -11.917623, 25.990889 -11.909787, 25.989927 -11.90519075, 25.987082 -11.898076, 25.975334 -11.88641, 25.959633 -11.877523999, 25.93372 -11.88042475, 25.91897 -11.874523, 25.906283 -11.861248999, 25.89826403 -11.847259465, 25.894232 -11.835778, 25.890137 -11.813026, 25.887293 -11.805679, 25.880493367 -11.80042357, 25.872074 -11.798166999, 25.862755 -11.802126, 25.84951 -11.815075, 25.835777 -11.823886, 25.823656 -11.828087, 25.818981 -11.82765, 25.797958 -11.826834, 25.784395 -11.823678999, 25.740923 -11.816985, 25.718731 -11.815708, 25.713579 -11.812971, 25.70771 -11.806558, 25.698063 -11.791419, 25.687773 -11.788015, 25.677467 -11.78162, 25.672527 -11.773821, 25.655064 -11.733181999, 25.650373 -11.728831, 25.645704 -11.72862175, 25.635004 -11.737639, 25.629404 -11.738123999, 25.622389 -11.735852999, 25.609305001 -11.733839, 25.600901 -11.733873, 25.593674 -11.736434, 25.591829 -11.74173325, 25.584181 -11.754876, 25.577438 -11.761575, 25.562723 -11.760484999, 25.532436 -11.776709249, 25.517965 -11.778605, 25.505621 -11.786474, 25.497292804 -11.785032556, 25.488314 -11.779408999, 25.483848 -11.772295, 25.484043 -11.762402, 25.489859 -11.75663, 25.495411 -11.743727, 25.49651 -11.72647, 25.494352 -11.712446, 25.487055 -11.697291, 25.477446 -11.687667, 25.469554951 -11.683499153, 25.462715 -11.68128, 25.436796 -11.679074, 25.427448 -11.676118, 25.417624 -11.670171999, 25.401707 -11.658035, 25.382763 -11.647749, 25.365013 -11.643899, 25.355183 -11.63611, 25.341164 -11.631325999, 25.336714 -11.626969, 25.330134 -11.613188999, 25.329594 -11.591797, 25.326071 -11.584907999, 25.314385 -11.579194, 25.307364 -11.573006, 25.305008 -11.565881999, 25.309858 -11.550914, 25.310772 -11.54493, 25.310267 -11.5332, 25.306276 -11.526082, 25.296002 -11.523124, 25.28945 -11.516704, 25.294559 -11.510016, 25.311581 -11.507433, 25.323692 -11.501873999, 25.326715 -11.499103999, 25.326229 -11.493355, 25.308926 -11.480298, 25.304226 -11.469731, 25.305538 -11.443503, 25.298025 -11.427884999, 25.302418 -11.415909999, 25.299828 -11.408327, 25.291641 -11.400762, 25.284128 -11.385141999, 25.278252 -11.370209, 25.280087 -11.360772, 25.288233 -11.355916, 25.293123 -11.354752, 25.300587 -11.355188, 25.307337 -11.352176998, 25.311289 -11.348483, 25.315218 -11.33835, 25.312151 -11.327318, 25.299296 -11.316777, 25.295542 -11.309197999, 25.298313 -11.301599, 25.306694 -11.298351998, 25.321373 -11.296236, 25.32975 -11.291839, 25.335314 -11.283079, 25.334835 -11.279169999, 25.326881 -11.270685, 25.320328 -11.262425, 25.319839 -11.255986, 25.323553 -11.251373999, 25.330736 -11.2387, 25.330715 -11.232259, 25.332323 -11.225813, 25.337662 -11.219585, 25.351129 -11.20574, 25.351795001 -11.195847, 25.34503 -11.193567999, 25.335257 -11.197281, 25.329897 -11.197298, 25.315899 -11.191822, 25.303782 -11.191401, 25.29377 -11.194192, 25.273291 -11.201845, 25.268412 -11.20646, 25.258869 -11.2104, 25.258867 -11.209479, 25.238399 -11.22219, 25.225832 -11.227517, 25.215116 -11.228927999, 25.190662 -11.234056999, 25.179011 -11.234317, 25.147093 -11.237391, 25.137306 -11.237875999, 25.126131 -11.242734999, 25.10704 -11.249911999, 25.086771 -11.252491, 25.070463 -11.254829, 25.052973 -11.250038, 25.01498 -11.24851, 25 -11.249950999, 24.98562 -11.25041, 24.978866 -11.252724, 24.965361 -11.258731, 24.959768 -11.259431, 24.946009 -11.255087, 24.930397 -11.256265, 24.915033 -11.266413, 24.905951001 -11.269879, 24.899189 -11.269199999, 24.886595 -11.263931, 24.873541 -11.262112, 24.867487 -11.266492, 24.860991 -11.284674, 24.853081 -11.292967, 24.841425 -11.292984, 24.827677 -11.295073999, 24.818588 -11.296698, 24.809273 -11.302231, 24.798086 -11.30431625, 24.773371 -11.299517, 24.754965 -11.305749, 24.743074 -11.303923, 24.738182 -11.305998999, 24.732826 -11.311985, 24.736103 -11.323022999, 24.732615 -11.328775999, 24.721191 -11.329478999, 24.714899 -11.330635999, 24.711166 -11.329029, 24.711165 -11.328109, 24.699049 -11.333641999, 24.687172 -11.346994, 24.67692 -11.351144, 24.665968 -11.358054, 24.660379 -11.365879999, 24.644781 -11.393036, 24.634296 -11.403854, 24.627072 -11.408460999, 24.620775 -11.409843999, 24.605155999 -11.414455, 24.598629 -11.4186, 24.593039 -11.428954998, 24.593516 -11.442986, 24.591887 -11.448508, 24.588158 -11.453341, 24.583494 -11.456333, 24.576031 -11.455877, 24.5639 -11.450822999, 24.550604 -11.446458, 24.539642 -11.448072999, 24.528686 -11.458657999, 24.522858 -11.462111, 24.512829 -11.463264, 24.500933 -11.459587, 24.489504 -11.459129, 24.471544 -11.460743, 24.462448 -11.463964, 24.448923 -11.474777, 24.445423 -11.475698, 24.440992 -11.473166999, 24.437027 -11.467647, 24.435625 -11.446253999, 24.426764 -11.441423, 24.409738 -11.427391, 24.397844 -11.423019, 24.382688 -11.409216, 24.373362 -11.405303, 24.364033 -11.405071, 24.344911 -11.410126999, 24.319027 -11.407587, 24.30224 -11.401829999, 24.295013 -11.396075, 24.288721 -11.389171, 24.288025 -11.3825, 24.290125 -11.377669999, 24.295723 -11.374452999, 24.305283 -11.371925999, 24.33816 -11.371709999, 24.349585 -11.366423, 24.357514 -11.356534, 24.366144 -11.339513999, 24.368942 -11.327323, 24.376173 -11.309612, 24.389694 -11.292132999, 24.39319 -11.285923, 24.398087 -11.267291999, 24.400886 -11.194604999, 24.397858 -11.190925, 24.390869 -11.184713, 24.386675 -11.175741, 24.387375 -11.169071, 24.389242 -11.145148999, 24.39134 -11.129508999, 24.39134 -11.113407, 24.389011 -11.103517, 24.382957 -11.092474, 24.378765 -11.087183, 24.353847 -11.073606, 24.320316 -11.052664, 24.301222 -11.047595, 24.283058 -11.042526, 24.267223 -11.042288, 24.262566 -11.044354, 24.253948 -11.045269, 24.238348 -11.040428999, 24.216926 -11.036503, 24.196438 -11.029816999, 24.186892 -11.029118, 24.178738 -11.032561, 24.168249 -11.044282, 24.164183919 -11.044953979, 24.162659 -11.044735999, 24.141476 -11.036435, 24.133333 -11.029066, 24.13101 -11.023773, 24.135914 -11.009288, 24.142681 -10.994803, 24.145958 -10.977097, 24.144337 -10.969045, 24.123867 -10.952002, 24.121548 -10.944868999, 24.12435 -10.936592, 24.127846 -10.931765999, 24.130417 -10.921878, 24.129955 -10.918656999, 24.124843 -10.910372, 24.117401 -10.904613, 24.107391 -10.904831999, 24.094589 -10.905507, 24.074354 -10.892832, 24.058533 -10.88936, 24.039215 -10.889104, 24.026649 -10.887705998, 24.009895 -10.885152, 23.999653 -10.886285999, 23.986591 -10.903745999, 23.986573999 -10.913406, 23.990988 -10.920543, 24.000984 -10.928379, 24.011684 -10.935064, 24.015635 -10.938979999, 24.020277 -10.947729999, 24.015137 -10.960601, 24.021185 -10.96452, 24.0256 -10.969357, 24.025585 -10.979018, 24.020201 -11.00109, 24.016453 -11.017875, 24.01387 -11.030983, 24.011513 -11.049609999, 24.013588 -11.065023, 24.019154 -11.082514, 24.018665 -11.095624, 24.013067 -11.101367999, 24.007698 -11.109869, 24.005587 -11.121366, 24.00651 -11.125968999, 24.010931001 -11.128965, 24.026764 -11.133819999, 24.031651 -11.138195, 24.035127 -11.149700999, 24.037432 -11.169257, 24.034739 -11.262873999, 24.03705 -11.275527999, 24.04007 -11.282203, 24.056589 -11.305685999, 24.060308 -11.313743, 24.067499 -11.341814, 24.073309 -11.356085, 24.081438 -11.384388, 24.082119 -11.397731, 24.078251534 -11.411185531, 24.070899999 -11.418418, 24.064706937 -11.420736131, 24.063428351 -11.421243985, 24.062595978 -11.421859151, 24.062277003 -11.421999652, 24.060955535 -11.422124962, 24.059842919 -11.421749028, 24.058555627 -11.421965476, 24.057484023 -11.422265463, 24.057123278 -11.422379383, 24.056747343 -11.42256925, 24.05628407 -11.422690764, 24.055365119 -11.423404661, 24.054491734 -11.423522377, 24.054229718 -11.423784392, 24.053720877 -11.423829961, 24.053451267 -11.424031218, 24.052251314 -11.423962866, 24.05127768 -11.4233477, 24.050996679 -11.423366687, 24.050541 -11.423970462, 24.048444879 -11.424122354, 24.047886672 -11.424445127, 24.047415804 -11.424228679, 24.046576596 -11.424126152, 24.046341162 -11.424323612, 24.046132309 -11.424240071, 24.044991594 -11.423385673, 24.044471361 -11.423564147, 24.04448655 -11.424448924, 24.044068845 -11.424817264, 24.043586585 -11.425757102, 24.042846107 -11.426789972, 24.042675228 -11.427583612, 24.041560334 -11.428874703, 24.041032506 -11.428965838, 24.04078568 -11.429478477, 24.040478097 -11.429618978, 24.040113554 -11.430344266, 24.039483199 -11.43048097, 24.039278144 -11.431115122, 24.03925536 -11.431963823, 24.038769303 -11.432244826, 24.038397165 -11.432924546, 24.037854148 -11.43296252, 24.037508592 -11.433535915, 24.037489605 -11.434014377, 24.036861528 -11.434918139, 24.03697165 -11.435673807, 24.036151429 -11.435654821, 24.035699548 -11.435829498, 24.035274248 -11.435871268, 24.035137544 -11.436433271, 24.035346397 -11.436839584, 24.035316018 -11.437128182, 24.034970462 -11.437295263, 24.034244414 -11.438609137, 24.034054548 -11.439201519, 24.032584984 -11.439896428, 24.03218171 -11.440502102, 24.031638692 -11.440661589, 24.03141465 -11.440616022, 24.030753916 -11.441052714, 24.029694464 -11.44099955, 24.029280555 -11.440764117, 24.028760322 -11.441557757, 24.028490712 -11.442002043, 24.028183129 -11.442100774, 24.027829978 -11.442100774, 24.027905924 -11.442639994, 24.027662896 -11.443091874, 24.027784411 -11.443862732, 24.027157852 -11.443775392, 24.027002162 -11.444105759, 24.026656606 -11.443904502, 24.026030047 -11.444603208, 24.026008782 -11.445763291, 24.025313873 -11.445733861, 24.024980658 -11.445392103, 24.024348404 -11.445750949, 24.024089237 -11.44637466, 24.024262964 -11.446981282, 24.024396819 -11.447243297, 24.023793045 -11.448925035, 24.024527827 -11.449392106, 24.023784501 -11.45026644, 24.022995608 -11.450619591, 24.02280764 -11.451640596, 24.023166487 -11.45237253, 24.022770616 -11.45301048, 24.021884891 -11.452680112, 24.021491868 -11.453366478, 24.021742491 -11.455090937, 24.022238042 -11.455324473, 24.022938648 -11.455745976, 24.024430995 -11.457634193, 24.023958229 -11.458622447, 24.023952533 -11.459206285, 24.024356947 -11.459155021, 24.024562003 -11.458810414, 24.025241386 -11.459084665, 24.025503401 -11.458891001, 24.025693267 -11.4591758, 24.025776808 -11.459369464, 24.025252778 -11.459840332, 24.025799592 -11.460394741, 24.025993256 -11.461442801, 24.025738835 -11.461769371, 24.025119872 -11.461999109, 24.023957891 -11.462944642, 24.024345218 -11.463347159, 24.024956587 -11.463396524, 24.025070506 -11.4644218, 24.025267967 -11.464699006, 24.025340116 -11.465333158, 24.025867944 -11.465652132, 24.025579348 -11.466236921, 24.024323194 -11.467226123, 24.023711825 -11.467324853, 24.023472593 -11.46808052, 24.023533351 -11.468384306, 24.02322197 -11.469288069, 24.02343462 -11.470328535, 24.023795366 -11.470814592, 24.023487024 -11.471528489, 24.022792113 -11.471942396, 24.022249096 -11.471904423, 24.022093406 -11.472086694, 24.022370611 -11.472663887, 24.022025054 -11.473267661, 24.021303563 -11.473620813, 24.020470412 -11.473500985, 24.020052707 -11.473968056, 24.019840057 -11.475042698, 24.019798286 -11.475995827, 24.020215992 -11.476052786, 24.020352696 -11.475669257, 24.021077984 -11.475836338, 24.021264052 -11.475593311, 24.021389364 -11.475342687, 24.021738718 -11.475627487, 24.022239964 -11.476352775, 24.024277797 -11.477067857, 24.02526605 -11.477321329, 24.025086626 -11.477879536, 24.024596773 -11.478406414, 24.024932835 -11.479297834, 24.025129347 -11.479557003, 24.024813219 -11.480172169, 24.023713894 -11.480721831, 24.022648747 -11.481628916, 24.022369643 -11.481950739, 24.02174878 -11.482454833, 24.021509549 -11.483152591, 24.02197662 -11.483935788, 24.022475018 -11.4843459, 24.022608874 -11.48468481, 24.022742729 -11.484667722, 24.022833865 -11.485160426, 24.023104424 -11.485496489, 24.023104424 -11.485861031, 24.023602823 -11.486182855, 24.022890825 -11.487203859, 24.022392427 -11.487633906, 24.022423754 -11.488192111, 24.024523737 -11.489147612, 24.025352503 -11.489811195, 24.025793941 -11.490777614, 24.025642048 -11.491332022, 24.02586609 -11.491514293, 24.026443283 -11.49149151, 24.026702766 -11.491842763, 24.026592644 -11.493004742, 24.026490116 -11.493906607, 24.026311642 -11.494225582, 24.026676185 -11.494362285, 24.027010351 -11.494480003, 24.028168533 -11.49551667, 24.029262161 -11.495717929, 24.028897618 -11.496219176, 24.02865459 -11.496515367, 24.028988754 -11.496731814, 24.028893821 -11.498034295, 24.029231783 -11.498683637, 24.029341905 -11.499737395, 24.028578643 -11.500132316, 24.028449534 -11.50083482, 24.027969329 -11.501159682, 24.027416568 -11.500987185, 24.027089998 -11.500831495, 24.026824186 -11.501249201, 24.026858362 -11.501442864, 24.028483979 -11.503047177, 24.02875169 -11.503294952, 24.029537735 -11.503628167, 24.030265872 -11.504201563, 24.031427852 -11.504304091, 24.032348323 -11.504729391, 24.03267869 -11.505162284, 24.032986273 -11.50704196, 24.032655906 -11.508190649, 24.031569872 -11.509914633, 24.031171153 -11.510920924, 24.031653413 -11.513301844, 24.032105294 -11.514038524, 24.031630629 -11.514801786, 24.032179026 -11.515647323, 24.032866341 -11.516159961, 24.033504291 -11.517868757, 24.033527076 -11.518305449, 24.034347296 -11.519042128, 24.036066217 -11.519708558, 24.036552275 -11.519769316, 24.036942133 -11.520189553, 24.036876313 -11.522452757, 24.037487935 -11.522893246, 24.038257525 -11.52322741, 24.038844844 -11.523207158, 24.039184072 -11.524326101, 24.038935981 -11.525247585, 24.038460049 -11.525764022, 24.038371672 -11.526493824, 24.037801847 -11.526639936, 24.03770081 -11.527491426, 24.03702213 -11.527422185, 24.036122721 -11.527799049, 24.036087961 -11.52794504, 24.036814438 -11.528330872, 24.03747072 -11.529528433, 24.037688433 -11.530065121, 24.037941588 -11.530384096, 24.03768337 -11.530611935, 24.037901083 -11.53122457, 24.037652992 -11.531467599, 24.037622613 -11.531887836, 24.037148131 -11.532389065, 24.036223524 -11.53274709, 24.035729015 -11.532500469, 24.035318905 -11.532611858, 24.03498474 -11.532966275, 24.03421515 -11.533264997, 24.033911364 -11.53341689, 24.033197467 -11.533776371, 24.031845621 -11.533624478, 24.031789927 -11.533821938, 24.031793055 -11.534191355, 24.031754819 -11.534500715, 24.03107603 -11.534672539, 24.030959579 -11.53498645, 24.030048222 -11.535087712, 24.029450777 -11.535892744, 24.02958748 -11.536282602, 24.029992529 -11.536520567, 24.030255809 -11.53755344, 24.030504667 -11.538053644, 24.030645667 -11.538148354, 24.030564658 -11.538755925, 24.030602631 -11.539149581, 24.030302642 -11.539191351, 24.030097587 -11.539392608, 24.029273568 -11.539043256, 24.029205544 -11.539707715, 24.028893836 -11.539859679, 24.028893836 -11.540121695, 24.028504094 -11.540475905, 24.028612835 -11.540717874, 24.028229305 -11.541090012, 24.027978682 -11.540622942, 24.027447057 -11.541173553, 24.027268582 -11.541226715, 24.02748503 -11.541431771, 24.027397691 -11.541807706, 24.027671098 -11.542050734, 24.02758376 -11.542248195, 24.027238204 -11.542479831, 24.027325542 -11.542962092, 24.027235672 -11.544610973, 24.026182548 -11.544995769, 24.026289902 -11.54554908, 24.02428844 -11.546292936, 24.024476142 -11.547332251, 24.025001159 -11.547959367, 24.024549138 -11.548524509, 24.024455286 -11.548964219, 24.024514378 -11.549144969, 24.023773997 -11.549527326, 24.023784425 -11.550125191, 24.023986031 -11.550455409, 24.023728809 -11.55083429, 24.023794853 -11.550938569, 24.023212199 -11.551223376, 24.022792615 -11.552198028, 24.023101976 -11.553435472, 24.023333713 -11.553862936, 24.02313326 -11.55445393, 24.023265347 -11.555020513, 24.022740476 -11.555083081, 24.022570153 -11.554700725, 24.022314344 -11.554754041, 24.02234074 -11.55540287, 24.022083518 -11.555479342, 24.021754027 -11.555300855, 24.021593059 -11.555493245, 24.021676482 -11.556292718, 24.020925382 -11.556595173, 24.020489791 -11.55671232, 24.020476647 -11.556993946, 24.020545635 -11.5571607, 24.019877307 -11.557585999, 24.01995916 -11.558066234, 24.019705801 -11.558016798, 24.019211509 -11.558844179, 24.018293064 -11.561405262, 24.018429477 -11.561635022, 24.017989278 -11.56309971, 24.017421446 -11.563645678, 24.016814311 -11.563761543, 24.016605753 -11.564252814, 24.016304502 -11.564438198, 24.01623635 -11.565581591, 24.016445624 -11.566398436, 24.016175593 -11.566661717, 24.014980702 -11.566783233, 24.01436638 -11.567255788, 24.013920827 -11.567303044, 24.013205243 -11.56787011, 24.013063476 -11.56846418, 24.013475275 -11.569254023, 24.01360084 -11.56968945, 24.013668348 -11.57012825, 24.013445571 -11.57071557, 24.013121533 -11.570877589, 24.013229546 -11.571491911, 24.012871754 -11.571971217, 24.012929557 -11.572671612, 24.012181485 -11.572967804, 24.011554927 -11.573799417, 24.011558724 -11.574505718, 24.010818247 -11.574444962, 24.010563826 -11.575124683, 24.010897449 -11.575521258, 24.011480107 -11.575635914, 24.011669114 -11.575764576, 24.011498792 -11.576164312, 24.011581368 -11.576390316, 24.011606683 -11.576613092, 24.011920595 -11.57680549, 24.011935784 -11.577372556, 24.012467409 -11.577635838, 24.012280075 -11.578177588, 24.012006668 -11.578714277, 24.0119611 -11.579033252, 24.01230009 -11.579269002, 24.012881089 -11.57966106, 24.012493762 -11.580067373, 24.012395032 -11.580355971, 24.012223338 -11.580517045, 24.012410221 -11.580591405, 24.012718722 -11.580620953, 24.012525747 -11.580892449, 24.012221431 -11.580927824, 24.012049287 -11.581140474, 24.01223662 -11.581894875, 24.011846762 -11.582051831, 24.011360705 -11.582082209, 24.011132865 -11.582436625, 24.010484789 -11.582608771, 24.010246824 -11.582421437, 24.010186066 -11.58270497, 24.009634189 -11.583145459, 24.009477233 -11.583140395, 24.009411413 -11.583292289, 24.009943038 -11.583596075, 24.009998732 -11.583803662, 24.009667605 -11.584246683, 24.009571407 -11.584606163, 24.008928394 -11.585335247, 24.008411958 -11.58599345, 24.00772844 -11.585765612, 24.007500601 -11.585856746, 24.007227193 -11.586276983, 24.007166436 -11.586631401, 24.006513297 -11.587061763, 24.006067745 -11.587400992, 24.004827286 -11.587309856, 24.004569068 -11.587507317, 24.004315913 -11.587380738, 24.004103263 -11.587628831, 24.004533626 -11.587892112, 24.004336166 -11.588054131, 24.003804541 -11.588064256, 24.00349759 -11.588408618, 24.003432705 -11.589126984, 24.002978512 -11.588839638, 24.002881185 -11.588515214, 24.001858287 -11.588978146, 24.001898791 -11.590233793, 24.001174769 -11.590593272, 24.000744406 -11.590659094, 24.000348421 -11.591083665, 24.000858229 -11.591542493, 24.001557539 -11.591671524, 24.001542349 -11.591990499, 23.999908349 -11.593705124, 24.0001143 -11.594114419, 23.999908349 -11.594223913, 24.000144935 -11.594547364, 24.000453784 -11.594446102, 24.000798074 -11.594238515, 24.001719558 -11.594927095, 24.001901829 -11.595078989, 24.001344792 -11.595738565, 24.001157554 -11.596284005, 24.000980346 -11.596623233, 24.001263879 -11.597572563, 24.001582854 -11.598326964, 24.001775253 -11.598509235, 24.001299321 -11.599982596, 24.000696813 -11.599972471, 24.000468973 -11.600524348, 24.000160124 -11.600721809, 24.000408216 -11.601491399, 24.000286702 -11.601939483, 24.000509478 -11.60241035, 24.000433532 -11.602754642, 23.999790518 -11.603154626, 24.000144935 -11.604445716, 23.999729761 -11.604906457, 23.999005739 -11.604617861, 23.999324714 -11.604228003, 23.998069066 -11.604483689, 23.998656385 -11.604868484, 23.998843719 -11.605572253, 23.998641196 -11.605795031, 23.997907047 -11.605764652, 23.997841227 -11.606007681, 23.997826037 -11.606443107, 23.997036244 -11.608667863, 23.99666866 -11.608967665, 23.995915326 -11.609095196, 23.99527358 -11.609850864, 23.994984983 -11.610185027, 23.994749549 -11.610374894, 23.994039449 -11.610241988, 23.993686298 -11.610595139, 23.993595163 -11.610473624, 23.993564784 -11.61015465, 23.993227582 -11.610317934, 23.992699754 -11.610826775, 23.992551659 -11.611115371, 23.992027628 -11.610902721, 23.991701091 -11.611226284, 23.99118074 -11.611210515, 23.991009946 -11.61099006, 23.990766917 -11.611138156, 23.990644622 -11.611585011, 23.990375371 -11.611988333, 23.991084205 -11.613007703, 23.991036949 -11.613365496, 23.988984708 -11.613669282, 23.988424392 -11.613871805, 23.988343382 -11.614081079, 23.989808305 -11.614229598, 23.989646286 -11.614702153, 23.989079219 -11.615059945, 23.988998209 -11.615431239, 23.989455043 -11.615637437, 23.989364375 -11.616973792, 23.989068722 -11.6170684, 23.988957706 -11.617809518, 23.988858693 -11.618124555, 23.988572909 -11.618588111, 23.987681804 -11.618129056, 23.987547584 -11.618007594, 23.986592622 -11.618350551, 23.986317664 -11.618273682, 23.98543379 -11.61900666, 23.985244442 -11.61968395, 23.984659136 -11.620096912, 23.983915478 -11.620517694, 23.983909798 -11.620770305, 23.984178143 -11.621003207, 23.984036376 -11.62177786, 23.984481928 -11.621990511, 23.98515532 -11.622187972, 23.98585201 -11.622591704, 23.98563027 -11.622843009, 23.986197305 -11.623489187, 23.98619843 -11.624723457, 23.985965528 -11.625027242, 23.985874392 -11.626232259, 23.985368082 -11.626460099, 23.985170622 -11.62718159, 23.985251631 -11.628214461, 23.985059395 -11.628458951, 23.98464406 -11.628432175, 23.984314348 -11.628683647, 23.983894721 -11.628468881, 23.983822572 -11.62874229, 23.983890924 -11.629756174, 23.983142852 -11.630219448, 23.982303644 -11.629866296, 23.982170737 -11.630086541, 23.982725147 -11.631445983, 23.982922805 -11.631754504, 23.983481574 -11.633014277, 23.983223355 -11.633431982, 23.982486675 -11.633116803, 23.982110741 -11.633375022, 23.981731007 -11.633956012, 23.981871508 -11.634398399, 23.98178417 -11.634599658, 23.981465195 -11.634876863, 23.981765183 -11.635302163, 23.982585405 -11.635997073, 23.982895084 -11.636306359, 23.982404716 -11.637269176, 23.982184471 -11.638977969, 23.98198701 -11.639289351, 23.982328769 -11.639838064, 23.982139852 -11.64003046, 23.981375325 -11.639873506, 23.981451271 -11.64102789, 23.980955088 -11.641270919, 23.981279126 -11.641640525, 23.981410767 -11.642556945, 23.980929773 -11.642815163, 23.979922217 -11.642491126, 23.9791425 -11.642718965, 23.978828588 -11.642840479, 23.97870201 -11.643761962, 23.979345024 -11.645088494, 23.979949711 -11.645238281, 23.97985116 -11.64558124, 23.979192838 -11.645766517, 23.978150133 -11.646090987, 23.976681753 -11.64713835, 23.976398302 -11.647688393, 23.976242215 -11.648679691, 23.975236992 -11.648762474, 23.974226234 -11.649283268, 23.974286991 -11.649632622, 23.975046455 -11.649911093, 23.975301797 -11.650369311, 23.973388171 -11.652787306, 23.972209498 -11.652889799, 23.971815293 -11.652609914, 23.972112138 -11.651985063, 23.971751393 -11.650731947, 23.971375458 -11.650564864, 23.971010915 -11.650671189, 23.970931171 -11.651666088, 23.971092847 -11.65201565, 23.970316005 -11.652421755, 23.970093538 -11.652932176, 23.96981858 -11.65285235, 23.969662866 -11.65227366, 23.969283134 -11.652042022, 23.968596052 -11.65276661, 23.967165747 -11.653213496, 23.965249049 -11.653304633, 23.965132281 -11.653523928, 23.965521845 -11.653795484, 23.96555948 -11.654560597, 23.965528152 -11.654816915, 23.965972439 -11.655144434, 23.966186038 -11.655315314, 23.965451256 -11.655719729, 23.965144433 -11.656165915, 23.964103966 -11.656329198, 23.962261843 -11.657406162, 23.962053236 -11.657817852, 23.962466899 -11.659551648, 23.962727883 -11.660175932, 23.962332961 -11.660575918, 23.961963356 -11.660378457, 23.961946801 -11.659999777, 23.961239332 -11.659846832, 23.960696186 -11.660112125, 23.960555492 -11.660647285, 23.960688199 -11.660766387, 23.960598755 -11.661239787, 23.960838728 -11.661342322, 23.960921627 -11.661844083, 23.961484473 -11.662086237, 23.961848494 -11.662029954, 23.961961037 -11.662237312, 23.962278857 -11.662475507, 23.962526949 -11.662323613, 23.962985285 -11.662451651, 23.963298755 -11.662913781, 23.963250339 -11.663531795, 23.963042435 -11.663745394, 23.963212365 -11.66396279, 23.963065035 -11.664491282, 23.963436407 -11.664729849, 23.963565516 -11.664513402, 23.963538935 -11.664342523, 23.963622476 -11.664175441, 23.963819938 -11.664228604, 23.96364526 -11.664877946, 23.963538935 -11.665079203, 23.964150304 -11.665018447, 23.964378143 -11.664817188, 23.965023688 -11.66509819, 23.964883187 -11.665227298, 23.964526239 -11.665124771, 23.964305994 -11.665819681, 23.964997107 -11.665496909, 23.96544671 -11.665781708, 23.965127735 -11.666358901, 23.966136556 -11.667548728, 23.966658055 -11.667837324, 23.96676928 -11.667764167, 23.966855019 -11.66792382, 23.967766873 -11.66717406, 23.968045343 -11.667325952, 23.967533971 -11.667771505, 23.967797252 -11.668039849, 23.968283309 -11.668262625, 23.968313688 -11.66869805, 23.968197237 -11.668844881, 23.967990575 -11.66873985, 23.96782763 -11.669047404, 23.968009902 -11.669118287, 23.968106101 -11.669113225, 23.968195358 -11.669264344, 23.968065641 -11.669290953, 23.968122184 -11.669427324, 23.968355011 -11.669497172, 23.968587839 -11.669901294, 23.968875691 -11.670039771, 23.968490896 -11.670335963, 23.968551584 -11.670517453, 23.969037711 -11.670690379, 23.969336544 -11.671087881, 23.969827553 -11.671095427, 23.969842742 -11.671500474, 23.970511071 -11.671500474, 23.970410876 -11.671979277, 23.970181375 -11.672044135, 23.970445251 -11.672254876, 23.970890803 -11.672259938, 23.970743154 -11.672917238, 23.971351545 -11.673100412, 23.971478123 -11.673475082, 23.971250283 -11.673662417, 23.971316103 -11.673773805, 23.971660394 -11.673809245, 23.971984432 -11.674128221, 23.971961838 -11.674428952, 23.971800522 -11.674364093, 23.971837602 -11.674497827, 23.972035063 -11.67479655, 23.97190241 -11.675229445, 23.972272829 -11.675771035, 23.972722631 -11.67553323, 23.973214116 -11.675576457, 23.973199149 -11.675952307, 23.972580865 -11.676110423, 23.972967985 -11.676230038, 23.97317831 -11.676237, 23.973115996 -11.676740595, 23.97270238 -11.677031907, 23.972677063 -11.677477459, 23.97289984 -11.677588847, 23.972975786 -11.677117979, 23.973435302 -11.677091497, 23.973628925 -11.677492648, 23.974408643 -11.677649605, 23.974356633 -11.677891426, 23.973836512 -11.677776182, 23.973836512 -11.678277428, 23.974180803 -11.678373627, 23.974251686 -11.678900189, 23.974170677 -11.679274858, 23.974651671 -11.679811546, 23.974811158 -11.680122927, 23.975395946 -11.680779863, 23.975426324 -11.681254528, 23.975065579 -11.681429205, 23.975198485 -11.682032029, 23.974765768 -11.682737466, 23.974528506 -11.68270864, 23.974429528 -11.682197214, 23.974093464 -11.682063358, 23.973837145 -11.682695612, 23.972975153 -11.683159835, 23.972447325 -11.683721837, 23.972918193 -11.684618006, 23.973221979 -11.685453416, 23.972732125 -11.685806568, 23.972808071 -11.68641414, 23.973381467 -11.687621687, 23.973370075 -11.689032393, 23.973677658 -11.689704519, 23.974786477 -11.690334873, 23.974490285 -11.69111902, 23.974364973 -11.691384834, 23.975135829 -11.692227838, 23.975549737 -11.692599977, 23.975511005 -11.6929911, 23.97645274 -11.693310075, 23.977284354 -11.692960722, 23.977576748 -11.693412604, 23.978617214 -11.693336657, 23.978560254 -11.693629051, 23.978123562 -11.693807525, 23.978290644 -11.693963214, 23.978822269 -11.693936634, 23.978586835 -11.69421004, 23.978814675 -11.694574583, 23.979072892 -11.694396109, 23.979069095 -11.693875877, 23.97938807 -11.69387208, 23.979524774 -11.694202447, 23.979703248 -11.694194852, 23.979691856 -11.6945518, 23.980143737 -11.694445475, 23.980439928 -11.694627747, 23.980436131 -11.694779639, 23.980090575 -11.694996087, 23.980200697 -11.695432778, 23.980455118 -11.695406197, 23.98060701 -11.695174561, 23.980723477 -11.695445595, 23.980939925 -11.695187377, 23.98137282 -11.695483568, 23.981399401 -11.69576457, 23.982200636 -11.696455682, 23.982975289 -11.696683521, 23.983524382 -11.697634751, 23.984921796 -11.698837236, 23.98533697 -11.699459997, 23.985443295 -11.699768845, 23.985382538 -11.700042253, 23.985510803 -11.700342662, 23.98522727 -11.700651512, 23.985308279 -11.700848973, 23.985819652 -11.700879351, 23.985855094 -11.701137569, 23.985455109 -11.701390723, 23.985252585 -11.702347649, 23.984786781 -11.702757759, 23.984189335 -11.703927335, 23.984553261 -11.704920978, 23.984766131 -11.705055007, 23.984715898 -11.70593654, 23.985010538 -11.706681103, 23.985622191 -11.707040295, 23.985829778 -11.707683307, 23.986214575 -11.708032662, 23.986751262 -11.708746558, 23.986624412 -11.709479958, 23.9870753 -11.709602221, 23.987687934 -11.70938957, 23.988179055 -11.709521211, 23.988609418 -11.710004736, 23.988725919 -11.710983849, 23.988473628 -11.711027212, 23.988544584 -11.711303154, 23.989090412 -11.711204691, 23.989247368 -11.711083176, 23.989495461 -11.711442657, 23.989520775 -11.71184264, 23.989677732 -11.711959092, 23.989510649 -11.712718557, 23.989844813 -11.713164109, 23.989713173 -11.713594471, 23.990037211 -11.714070402, 23.990508079 -11.714019771, 23.990706404 -11.713656558, 23.991140966 -11.713609662, 23.991302985 -11.713791933, 23.990903 -11.714348874, 23.991495382 -11.714758984, 23.992027007 -11.714809614, 23.992254847 -11.715290609, 23.992062449 -11.71561971, 23.991596644 -11.715736162, 23.99126248 -11.716581699, 23.991358679 -11.717376604, 23.991586518 -11.717968987, 23.990857433 -11.7181867, 23.990751107 -11.718556305, 23.991166281 -11.719877774, 23.991287795 -11.720652428, 23.991859925 -11.721938454, 23.991773853 -11.722971325, 23.99219409 -11.723832051, 23.992482686 -11.724434559, 23.992983932 -11.726631944, 23.991895367 -11.72661169, 23.991920682 -11.727340777, 23.992371298 -11.729092608, 23.99219409 -11.72994827, 23.993394043 -11.731477326, 23.993363665 -11.731902626, 23.992371298 -11.732682342, 23.992118144 -11.732657027, 23.992072575 -11.734003811, 23.992219405 -11.739421322, 23.992811787 -11.743071814, 23.994228231 -11.747473425, 23.995011196 -11.749319675, 23.995481602 -11.749875669, 23.994864366 -11.750099392, 23.994739909 -11.750532454, 23.995441559 -11.750772784, 23.996150393 -11.750838603, 23.996848087 -11.751919575, 23.996969601 -11.752415759, 23.997445145 -11.753340104, 23.997163299 -11.753645578, 23.99773543 -11.753898733, 23.998013899 -11.753736713, 23.998525272 -11.753999995, 23.999011329 -11.754886036, 24.000839107 -11.754739207, 24.001446678 -11.754663261, 24.001456805 -11.754916414, 24.000347939 -11.755190693, 24.00069734 -11.755544238, 24.001558066 -11.755341716, 24.001750465 -11.755483482, 24.001573256 -11.755756888, 24.000773287 -11.756465722, 24.000575826 -11.756992284, 24.000654953 -11.757438925, 24.001497309 -11.757270755, 24.001684644 -11.757569477, 24.001492246 -11.758015029, 23.999963191 -11.758313753, 23.99984674 -11.75855678, 24.000165715 -11.759270677, 24.000150527 -11.759918754, 24.001521612 -11.760407343, 24.00234215 -11.761327756, 24.002473474 -11.761789568, 24.002858269 -11.761845262, 24.003025352 -11.76266042, 24.002574736 -11.763222423, 24.002321581 -11.763693291, 24.002549421 -11.764650217, 24.002291203 -11.765080579, 24.001987417 -11.765191967, 24.001622874 -11.765176779, 24.001784893 -11.765493221, 24.001724136 -11.76576663, 24.00235196 -11.767072908, 24.002090253 -11.767404425, 24.002517003 -11.767784645, 24.002408991 -11.768128936, 24.002226719 -11.768189694, 24.002435994 -11.76875676, 24.002982808 -11.769141556, 24.003853661 -11.76960061, 24.003864175 -11.76986032, 24.003589666 -11.770239733, 24.003675105 -11.770903314, 24.003114051 -11.770621363, 24.002738116 -11.770880532, 24.002780836 -11.771230834, 24.00226535 -11.771142547, 24.002305222 -11.771304882, 24.002541605 -11.771740625, 24.002453317 -11.772577934, 24.002361548 -11.772799366, 24.001927942 -11.772965973, 24.002368668 -11.773618163, 24.002320253 -11.774623504, 24.002234813 -11.775086302, 24.002736059 -11.775850514, 24.002739857 -11.776372645, 24.002982885 -11.776596687, 24.003153765 -11.777701708, 24.003643619 -11.777762464, 24.003928418 -11.777606775, 24.004073666 -11.777025785, 24.005059071 -11.777689367, 24.005195775 -11.777658039, 24.005503358 -11.778432692, 24.005805245 -11.778304533, 24.006064413 -11.778455476, 24.006346363 -11.778202004, 24.006671034 -11.778495348, 24.006286555 -11.778811475, 24.006688122 -11.778845651, 24.006853305 -11.778979507, 24.007027033 -11.779113361, 24.007052665 -11.779475057, 24.007516887 -11.780056048, 24.007317528 -11.780229774, 24.007132409 -11.780357935, 24.007098233 -11.780858231, 24.007162787 -11.781032908, 24.007098233 -11.781249355, 24.007307085 -11.781443019, 24.007607075 -11.782829042, 24.008020982 -11.783732804, 24.00988226 -11.784485307, 24.010449327 -11.784701332, 24.011536205 -11.785140134, 24.012069518 -11.785848967, 24.012042514 -11.78621351, 24.013133062 -11.786630225, 24.013419676 -11.786524046, 24.013730213 -11.786780576, 24.013635702 -11.787219379, 24.013007878 -11.787334141, 24.012893115 -11.787887706, 24.013114541 -11.788660673, 24.01312341 -11.789348011, 24.01217408 -11.789142957, 24.011646252 -11.789036632, 24.011384237 -11.788637913, 24.008900789 -11.789112578, 24.008353974 -11.789739135, 24.008259041 -11.791026428, 24.008464097 -11.791394767, 24.008581814 -11.791947841, 24.00896914 -11.792023787, 24.009010911 -11.792475669, 24.008798261 -11.792794644, 24.009090656 -11.793212349, 24.009143198 -11.793691796, 24.009224208 -11.793970829, 24.008810159 -11.795212975, 24.009521243 -11.796257098, 24.01043035 -11.79687817, 24.010607371 -11.797300221, 24.010085309 -11.798587372, 24.010130314 -11.799091432, 24.011714501 -11.801044661, 24.012172877 -11.801980042, 24.012916267 -11.802557222, 24.012826816 -11.803323451, 24.013187503 -11.803986648, 24.013140962 -11.804188322, 24.012225672 -11.80452186, 24.012590237 -11.80532468, 24.012065952 -11.805603404, 24.011897758 -11.805930448, 24.01210333 -11.806734041, 24.011682844 -11.807612389, 24.012155863 -11.808283861, 24.012473794 -11.809114782, 24.0126798 -11.809361992, 24.013050612 -11.809320789, 24.013184516 -11.809712203, 24.012844605 -11.810124217, 24.012156875 -11.810773672, 24.012211408 -11.811171723, 24.01258373 -11.811654362, 24.012618204 -11.812219739, 24.013266319 -11.812274898, 24.013748958 -11.813771079, 24.014541156 -11.814965569, 24.014461146 -11.8152216, 24.01500382 -11.815315524, 24.015389255 -11.816069699, 24.015955309 -11.81660486, 24.0161001 -11.817321923, 24.016045333 -11.81811794, 24.01652539 -11.819446097, 24.017631027 -11.820702984, 24.017862845 -11.823218463, 24.018129449 -11.823599325, 24.018986388 -11.824065882, 24.020526098 -11.825430356, 24.0215643 -11.826919949, 24.022715349 -11.828341834, 24.023031324 -11.829244618, 24.023031324 -11.830124832, 24.021383743 -11.834796741, 24.02095492 -11.835812372, 24.020526098 -11.836421752, 24.018688321 -11.837970591, 24.018066011 -11.839084965, 24.017583227 -11.840726843, 24.017142738 -11.841460992, 24.014403603 -11.843045741, 24.012879611 -11.843944441, 24.009330381 -11.846096256, 24.007699114 -11.846505836, 24.006915022 -11.846617849, 24.005346838 -11.847529956, 24.003106574 -11.847657971, 24.002524869 -11.847841668, 23.999327 -11.864119, 23.994398 -11.878834, 23.989923 -11.902289, 23.988497 -11.920459, 23.986118 -11.945528, 23.988588 -12.008562, 23.988567 -12.022593, 23.988999 -12.045596, 23.987105 -12.062616, 23.98305 -12.111376, 23.985788 -12.154165, 24.00305 -12.182026, 24.010042 -12.198368, 24.014225 -12.215628, 24.020760999 -12.224606, 24.029879 -12.227611, 24.040396 -12.234066, 24.053472 -12.251796, 24.068656999 -12.265388, 24.064197 -12.275964, 24.066294 -12.284018, 24.072360999 -12.295985, 24.073288 -12.303577, 24.068599999 -12.312772, 24.055479 -12.324026999, 24.053368999 -12.327476, 24.055707999 -12.330236, 24.064591 -12.33531, 24.074173 -12.343373, 24.076736 -12.351885, 24.078125 -12.366379, 24.075969999 -12.40387, 24.072682 -12.415366, 24.069865999 -12.419043, 24.065651 -12.420647, 24.05394 -12.426151, 24.026287 -12.449576, 24.01972 -12.458305, 24.01243 -12.480608, 24.008211 -12.484052, 24.001185 -12.48542, 23.995794 -12.489551, 23.994616 -12.495302, 23.993431 -12.503579, 23.991318 -12.506797001, 23.971402999 -12.514585, 23.970219 -12.523554, 23.967394 -12.532519, 23.958717 -12.539635, 23.955663999 -12.54584, 23.955654 -12.551821999, 23.960074 -12.56839, 23.962166 -12.579663, 23.961899 -12.598292, 23.96024 -12.60933, 23.955067 -12.622663, 23.932522 -12.655515, 23.930401 -12.661030999, 23.927801 -12.674136999, 23.931517001 -12.692542, 23.933136 -12.704046, 23.930069 -12.715540999, 23.916905 -12.738058, 23.913128 -12.753459999, 23.913334 -12.769101, 23.909071 -12.792552, 23.909268 -12.812103, 23.903603 -12.833712, 23.904987 -12.845445, 23.912943 -12.853507, 23.920672 -12.856511, 23.925823 -12.861350999, 23.930955999 -12.87493, 23.943834 -12.885072, 23.959290999 -12.893606999, 23.971251 -12.894318, 23.977341 -12.898236, 23.994196 -12.915512, 24.010817 -12.934857999, 24.017376 -12.939006999, 24.025339 -12.946609, 24.029314 -12.954431999, 24.029771999 -12.962252999, 24.032331 -12.979045, 24.036776 -12.98572, 24.040287 -12.990556, 23.50122 -12.995071, 23.093503 -12.998481, 22.7635865 -13.0012425, 22.43367 -13.004004, 22.2167845 -13.0043605, 21.999899 -13.004717)))"},"geometry":{"type":"GeometryCollection","geometries":[{"type":"MultiLineString","coordinates":[[[31.449273214,-8.638496802],[31.449373716,-8.638428957]],[[31.375788219,-8.592674999],[31.375788219,-8.592769004]],[[24.012049287,-11.581140474],[24.011932834,-11.581145536]]]},{"type":"Polygon","coordinates":[[[21.999899,-13.004717],[22.000752,-14.085768],[21.999678,-15.330224],[22.001999,-15.999999],[21.999407,-16.046069999],[21.999371,-16.052258],[21.999884999,-16.084595],[21.999664,-16.197874],[22.003162999,-16.207985],[22.012125,-16.218127999],[22.022047,-16.225985],[22.031725,-16.236132],[22.046158001,-16.244927999],[22.05723,-16.26013],[22.065039999,-16.264759],[22.075003,-16.267107],[22.075413,-16.278575999],[22.073217,-16.288656],[22.06938,-16.295055],[22.077619999,-16.307944999],[22.086599,-16.316935999],[22.09577,-16.334192],[22.108548999,-16.343203],[22.110409,-16.351010999],[22.116289,-16.362053],[22.120964,-16.376528],[22.127697,-16.406381999],[22.130037,-16.413277],[22.133274,-16.430496],[22.132952,-16.446093],[22.128887,-16.450658999],[22.130040999,-16.457087],[22.135922,-16.469275],[22.139662,-16.481453],[22.137253,-16.487173],[22.12602,-16.497437],[22.131233,-16.501137],[22.139795,-16.501181],[22.147654,-16.499386],[22.15431,-16.500107],[22.16802,-16.516235],[22.178636999,-16.534182],[22.190468,-16.546624999],[22.214201,-16.558666],[22.221531,-16.568794],[22.225772999,-16.576847],[22.251461,-16.579257999],[22.263328,-16.586422],[22.267817,-16.593096],[22.269892,-16.608475],[22.283151,-16.624134],[22.29409,-16.626474],[22.312387,-16.633433999],[22.31571,-16.635971],[22.339368999,-16.672089],[22.353606999,-16.683619],[22.356438,-16.691427],[22.355211,-16.699224999],[22.36282,-16.703383],[22.377088,-16.708025],[22.384451,-16.713330999],[22.394895,-16.722775],[22.418146,-16.74787],[22.434996,-16.766285],[22.450903,-16.782166999],[22.467051,-16.799664],[22.481787,-16.810721999],[22.496778,-16.817883],[22.498191999,-16.823624],[22.496958,-16.836471999],[22.515965,-16.85718],[22.527374,-16.868227],[22.544029,-16.879519],[22.553555999,-16.883676998],[22.575682,-16.900487999],[22.583057,-16.907163999],[22.616825,-16.946028],[22.621088,-16.959351],[22.63752,-16.970170999],[22.64633,-16.977995],[22.656798999,-16.989719],[22.693005,-17.021463],[22.694187,-17.025829],[22.688686,-17.033391999],[22.692734,-17.039366],[22.707994,-17.044445],[22.720163,-17.046760999],[22.722067,-17.049748999],[22.724428,-17.064671],[22.736353,-17.070429],[22.734911,-17.076624],[22.737053,-17.081219],[22.749450999,-17.089958],[22.789992,-17.121233],[22.793089,-17.126976],[22.800241,-17.13479],[22.809299,-17.149718999],[22.8081,-17.154307999],[22.802836,-17.163485],[22.803785,-17.168764],[22.807123001,-17.173354999],[22.824550999,-17.180264],[22.830518999,-17.183944999],[22.863947,-17.195915],[22.889979999,-17.202595],[22.902876001,-17.208573998],[22.912663,-17.22304],[22.921738,-17.230162],[22.929858999,-17.235676],[22.947537,-17.246703999],[22.970714,-17.258419],[22.973341,-17.263240999],[22.984094999,-17.266916],[22.994608,-17.277246],[22.997955,-17.284365],[23.009188,-17.288498],[23.010861,-17.291944999],[23.011579,-17.299976],[23.010624,-17.305716],[23.026588999,-17.318436],[23.040035,-17.338081],[23.047926,-17.343132],[23.060121,-17.344738],[23.072811,-17.384907],[23.084785,-17.410156],[23.092682,-17.418417],[23.104647,-17.424379],[23.121632,-17.426439],[23.125937,-17.426435],[23.128811,-17.428732],[23.128342,-17.441127999],[23.129541,-17.445719],[23.136007,-17.453062],[23.147261,-17.460401999],[23.141763999,-17.467979],[23.14679,-17.471651],[23.171442,-17.475307],[23.183651,-17.479887],[23.187244,-17.482865999],[23.197079,-17.502144],[23.207859,-17.510167999],[23.216972,-17.523016],[23.225595,-17.527138],[23.227287,-17.539074],[23.231363,-17.543202999],[23.240709,-17.54985],[23.246695,-17.550529],[23.261774,-17.547987],[23.274216,-17.545444],[23.284509,-17.5452],[23.303678,-17.553663],[23.313271,-17.561915999],[23.316141,-17.561222],[23.326181,-17.554548],[23.337673,-17.554527],[23.347029,-17.562549999],[23.357589999,-17.574924999],[23.364306,-17.579275],[23.382019,-17.577863999],[23.391607,-17.582436],[23.404567999,-17.594115999],[23.420175,-17.609695],[23.424010999,-17.612442],[23.426213999,-17.629196],[23.429892,-17.6362766],[23.521046,-17.619205999],[23.8511819995,-17.554021999500002],[24.215244,-17.48214],[24.23699,-17.478089],[24.250826811,-17.476348611],[24.252825558,-17.479775035],[24.25775972,-17.48506237],[24.260820547,-17.487770024],[24.265817415,-17.489911537],[24.271385354,-17.490768144],[24.275435,-17.486819],[24.27828,-17.485048999],[24.282832,-17.48391],[24.288142,-17.483656],[24.293326,-17.484164],[24.296991,-17.483847],[24.307610999,-17.484288999],[24.317092,-17.487576],[24.323415,-17.489916],[24.328994,-17.49137],[24.335124,-17.490231],[24.339866,-17.489031],[24.346947,-17.485491],[24.353901,-17.481444],[24.363383,-17.477652],[24.380702999,-17.471836],[24.389933,-17.468422],[24.397141,-17.470066],[24.409023,-17.471836],[24.419898,-17.475375999],[24.431148,-17.478282999],[24.445688,-17.478788999],[24.459723,-17.480433],[24.482732,-17.489283],[24.492088,-17.497880999],[24.497398,-17.503569],[24.500567594,-17.507250744],[24.513006447,-17.513039827],[24.518717155,-17.514181968],[24.525379646,-17.513610897],[24.530995174,-17.510850722],[24.536515523,-17.507709834],[24.542987656,-17.507519477],[24.546985152,-17.509898938],[24.549745326,-17.514181968],[24.551268181,-17.526650344],[24.551744074,-17.532646585],[24.55679419,-17.538198594],[24.563451022,-17.538928363],[24.568971371,-17.538262113],[24.575919397,-17.535882653],[24.587816703,-17.533312835],[24.599523651,-17.534645331],[24.607899353,-17.534359797],[24.613134168,-17.532551407],[24.617702733,-17.52931534],[24.621129157,-17.515990359],[24.625507365,-17.511897684],[24.631122893,-17.51161215],[24.63616735,-17.513610897],[24.639498596,-17.517893926],[24.6445767,-17.520575049],[24.647493585,-17.518274639],[24.64777912,-17.513230184],[24.64901644,-17.511136258],[24.65196697,-17.510089293],[24.659105354,-17.51161215],[24.661389637,-17.510470009],[24.668242485,-17.509613403],[24.671193016,-17.508185725],[24.674714617,-17.505044838],[24.678616934,-17.501047341],[24.683090321,-17.499714845],[24.687658886,-17.50000038],[24.694035842,-17.50066663],[24.708978857,-17.496669135],[24.728680794,-17.500571451],[24.734486679,-17.50428341],[24.74650277,-17.514718279],[24.758186111,-17.516466249],[24.763040211,-17.518274639],[24.765895564,-17.516846964],[24.770940021,-17.512659113],[24.774271267,-17.510184474],[24.779506081,-17.507709834],[24.784550538,-17.5109459],[24.786834821,-17.515800002],[24.787881784,-17.524461239],[24.790040025,-17.533880136],[24.802465598,-17.536642491],[24.816340137,-17.526650344],[24.828903692,-17.519987852],[24.832425294,-17.52008303],[24.836613145,-17.524366061],[24.842894922,-17.525793738],[24.848891164,-17.528268375],[24.855077763,-17.529410519],[24.861264361,-17.529600875],[24.876397732,-17.527031058],[24.88075919,-17.527015257],[24.883322155,-17.530030511],[24.890257237,-17.537267118],[24.898096895,-17.548574315],[24.907745704,-17.554604823],[24.913625448,-17.554755584],[24.921465105,-17.55158957],[24.929558003,-17.550687935],[24.93880281,-17.547518978],[24.94332569,-17.548122028],[24.946642468,-17.550986518],[24.946642468,-17.555509399],[24.94198292,-17.559725001],[24.940913487,-17.561389142],[24.940762725,-17.56470592],[24.944682553,-17.568625749],[24.949657721,-17.566062784],[24.95870348,-17.565912021],[24.967870606,-17.559760508],[24.974533558,-17.553700247],[24.979508725,-17.553851008],[24.98659457,-17.559881516],[24.993882411,-17.585873868],[24.995713158,-17.588852326],[25.003027699,-17.595159974],[25.010716594,-17.598325991],[25.019913115,-17.595310738],[25.033180229,-17.586415742],[25.043281325,-17.587923366],[25.04750268,-17.590184808],[25.050668696,-17.594556924],[25.051120984,-17.599079804],[25.05097022,-17.602848869],[25.048407256,-17.609934715],[25.044939715,-17.616417508],[25.042458902,-17.619541354],[25.042646297,-17.626740182],[25.04664379,-17.63111839],[25.050641284,-17.631308747],[25.054638779,-17.628643751],[25.056161633,-17.624265541],[25.056161633,-17.614842877],[25.062062697,-17.614557342],[25.065679478,-17.615509126],[25.066726441,-17.617507873],[25.065869835,-17.624455899],[25.066415182,-17.630869438],[25.071104649,-17.635591776],[25.075292501,-17.635877312],[25.081954991,-17.64025552],[25.084239274,-17.646632476],[25.084334451,-17.654722642],[25.085577,-17.659530999],[25.08994998,-17.663288702],[25.09423301,-17.664240486],[25.101181036,-17.663098346],[25.102751836,-17.663847154],[25.105464066,-17.665858521],[25.106701386,-17.672901725],[25.108700133,-17.679659393],[25.104892995,-17.686797777],[25.100800323,-17.696696335],[25.094804081,-17.702216685],[25.09366194,-17.704691324],[25.093281226,-17.707070785],[25.096136578,-17.70983096],[25.100229253,-17.709926139],[25.110698879,-17.701835971],[25.121358866,-17.692794018],[25.127450286,-17.691747057],[25.133732063,-17.694697588],[25.13573081,-17.697552941],[25.135825989,-17.700884187],[25.133351348,-17.706975605],[25.134369017,-17.711095228],[25.136872951,-17.712305599],[25.139347591,-17.710782745],[25.14182223,-17.706119],[25.144772762,-17.704310611],[25.14972204,-17.704025075],[25.152672572,-17.706880427],[25.157431494,-17.714209167],[25.16066756,-17.722775228],[25.161048275,-17.728866648],[25.15952542,-17.732388249],[25.155623104,-17.737623065],[25.155813461,-17.740859132],[25.160286848,-17.744666268],[25.166568625,-17.744380734],[25.169614335,-17.74647466],[25.182279512,-17.76182394],[25.185705936,-17.764536526],[25.193843693,-17.768391253],[25.200411005,-17.768248485],[25.212403488,-17.767391879],[25.217114821,-17.767534647],[25.224110437,-17.768391253],[25.229963911,-17.770675536],[25.237245061,-17.774387495],[25.246953261,-17.782239715],[25.263263697,-17.791818501],[25.271080997,-17.797515856],[25.275506794,-17.799942906],[25.280075359,-17.803083794],[25.284507838,-17.811265321],[25.286642672,-17.815647349],[25.29163954,-17.818788237],[25.298777923,-17.82107252],[25.309057194,-17.82349957],[25.31362576,-17.825070012],[25.32033584,-17.828210903],[25.332613858,-17.835777589],[25.340037777,-17.837490801],[25.347033392,-17.838347407],[25.352744099,-17.838204639],[25.357312664,-17.837205265],[25.361452926,-17.836063124],[25.364736582,-17.836205892],[25.367591935,-17.837348033],[25.370447288,-17.839204013],[25.373445409,-17.842773204],[25.375729692,-17.846770698],[25.377157368,-17.850482656],[25.380155489,-17.852338637],[25.385866196,-17.852338637],[25.400000194,-17.851482031],[25.405568133,-17.85033989],[25.41184991,-17.848341143],[25.417703384,-17.848341143],[25.423842393,-17.850197122],[25.428696494,-17.851482031],[25.43383613,-17.851339262],[25.443258795,-17.848626678],[25.446685219,-17.846913466],[25.448398431,-17.845200254],[25.452538693,-17.843201507],[25.455108511,-17.843058739],[25.458106632,-17.844486416],[25.462817965,-17.847056234],[25.4679576,-17.848912213],[25.471384024,-17.849340516],[25.481948831,-17.849626052],[25.48751677,-17.850910959],[25.492941941,-17.85276694],[25.498652647,-17.856050596],[25.504363354,-17.860048089],[25.511216202,-17.863331747],[25.515499231,-17.864331121],[25.523065917,-17.86318898],[25.527206179,-17.860761929],[25.530632603,-17.858192111],[25.533487957,-17.855193991],[25.534772865,-17.851910334],[25.539198663,-17.845485788],[25.545765975,-17.84048892],[25.550049005,-17.838632942],[25.555616944,-17.837919104],[25.560328277,-17.838061871],[25.566467286,-17.838632942],[25.579316376,-17.839204013],[25.584456011,-17.840060619],[25.589167344,-17.840346154],[25.594164212,-17.839775083],[25.605442857,-17.839775083],[25.610868028,-17.839632316],[25.615579361,-17.840631689],[25.619719623,-17.841059992],[25.624002653,-17.840203386],[25.639225458,-17.834647951],[25.64517411,-17.833309506],[25.650527898,-17.83033518],[25.656030401,-17.825278825],[25.660789323,-17.820073754],[25.667332841,-17.814868684],[25.672984061,-17.811596924],[25.678486564,-17.809812329],[25.684809982,-17.808896236],[25.688521941,-17.809324539],[25.695374789,-17.811608822],[25.699657819,-17.814464174],[25.700657192,-17.817176761],[25.700371657,-17.820032114],[25.699086748,-17.825457285],[25.699515051,-17.830739688],[25.703655313,-17.835308253],[25.70936602,-17.839020212],[25.714505655,-17.840447889],[25.719788059,-17.840305121],[25.726212603,-17.840447889],[25.731495007,-17.841304495],[25.737348481,-17.84401708],[25.749340964,-17.847586272],[25.758192559,-17.847729038],[25.766330316,-17.849870554],[25.773325931,-17.853011443],[25.787317162,-17.865717765],[25.793027869,-17.872998916],[25.794455545,-17.877139178],[25.797924003,-17.880224566],[25.802878837,-17.882564349],[25.806876332,-17.885134167],[25.8118732,-17.888846126],[25.817441138,-17.892129782],[25.828577016,-17.896270045],[25.836000934,-17.898268792],[25.842425479,-17.898554326],[25.846422974,-17.899410932],[25.849563862,-17.903979497],[25.857416083,-17.922110991],[25.857987154,-17.927964465],[25.849849397,-17.928963838],[25.847422347,-17.929820444],[25.848564488,-17.931248121],[25.855417336,-17.931105354],[25.860271437,-17.930248747],[25.859700366,-17.931819192],[25.848992791,-17.936102222],[25.846851276,-17.937244361],[25.846422974,-17.940242484],[25.846565741,-17.943954442],[25.85213368,-17.946095958],[25.857558851,-17.948523007],[25.861699113,-17.950664523],[25.861270587,-17.952073421],[25.8583347,-17.957280386],[25.857049791,-17.960706808],[25.857192558,-17.963562163],[25.857906397,-17.966988586],[25.863617103,-17.968844567],[25.862903265,-17.971271617],[25.859476841,-17.97227099],[25.856907023,-17.97412697],[25.858620235,-17.975411879],[25.862189426,-17.975269109],[25.865901386,-17.974698041],[25.870041648,-17.974698041],[25.874324677,-17.974269738],[25.879749849,-17.974698041],[25.881320293,-17.976696788],[25.882747969,-17.980265977],[25.891456797,-17.980408747],[25.895882594,-17.980123212],[25.902449907,-17.983835171],[25.906304633,-17.983977939],[25.910444896,-17.983835171],[25.910302128,-17.985976686],[25.911444269,-17.993543372],[25.919010955,-17.996113188],[25.923436753,-17.995399351],[25.935000933,-17.992972301],[25.939712266,-17.991544623],[25.94128271,-17.993115069],[25.944138063,-17.995256582],[25.949991537,-17.996398725],[25.953989032,-17.996398725],[25.957558223,-17.995399351],[25.96141295,-17.996255957],[25.963126162,-17.997540866],[25.963982768,-18.001966663],[25.970121778,-18.002252199],[25.972691595,-18.001252826],[25.975261413,-17.999396846],[25.979544443,-17.998968543],[25.983827473,-17.997969169],[25.987824967,-17.997398098],[25.990680321,-17.995113816],[25.991108624,-17.992258463],[25.989680947,-17.990830786],[25.988681573,-17.988118201],[25.988681573,-17.985976686],[25.99010925,-17.983121333],[25.991822462,-17.98197919],[25.995534421,-17.980265977],[25.99924638,-17.977981697],[26.002958339,-17.976554019],[26.017235105,-17.976554019],[26.021375368,-17.976839556],[26.028228215,-17.97841],[26.031940175,-17.979837674],[26.03465276,-17.979694909],[26.03707981,-17.977838929],[26.040220699,-17.974983576],[26.042076678,-17.972413757],[26.044075426,-17.972128223],[26.046502476,-17.973555899],[26.048643991,-17.978267232],[26.051356576,-17.980979818],[26.059166456,-17.98085274],[26.06334906,-17.981122584],[26.066775484,-17.98083705],[26.077483058,-17.979266606],[26.079624573,-17.980265977],[26.0834793,-17.983121333],[26.086762956,-17.983121333],[26.090903218,-17.98197919],[26.091617057,-17.979980444],[26.090760451,-17.977981697],[26.090760451,-17.975697413],[26.091331521,-17.973555899],[26.093044733,-17.971271617],[26.094757945,-17.967987961],[26.095471783,-17.963990466],[26.095186248,-17.960849578],[26.097756066,-17.958422527],[26.101325257,-17.955995477],[26.103181237,-17.953853962],[26.105751055,-17.949999235],[26.105893823,-17.948286023],[26.104751681,-17.94657281],[26.102324631,-17.94657281],[26.097845188,-17.947412708],[26.093473036,-17.947572185],[26.091617057,-17.946287276],[26.091188754,-17.944431297],[26.089761077,-17.942004245],[26.089332774,-17.939148893],[26.088761703,-17.936579074],[26.087048491,-17.933580955],[26.093330268,-17.933152652],[26.095471783,-17.932153278],[26.098898207,-17.92958346],[26.101039722,-17.927441944],[26.103324005,-17.925585966],[26.105322752,-17.926299804],[26.107464267,-17.928013016],[26.112889438,-17.924872125],[26.117172468,-17.92287338],[26.12131273,-17.921874006],[26.12616683,-17.919018653],[26.128593881,-17.919161421],[26.134161819,-17.922302309],[26.136731637,-17.92158847],[26.138159314,-17.919589724],[26.138302081,-17.917448208],[26.141585738,-17.916020532],[26.14329895,-17.916306068],[26.147010909,-17.919161421],[26.149866262,-17.920018027],[26.15300715,-17.918447583],[26.156861877,-17.915877765],[26.161287675,-17.91245134],[26.164571331,-17.909595988],[26.169996502,-17.908739382],[26.176992117,-17.907026169],[26.183273894,-17.902600372],[26.185700945,-17.900173322],[26.189698439,-17.898174575],[26.193410398,-17.895747523],[26.197550661,-17.893463242],[26.203118599,-17.891178958],[26.205831185,-17.888894677],[26.209971447,-17.887181465],[26.214968315,-17.885753787],[26.218537507,-17.884468877],[26.220393486,-17.88489718],[26.226104193,-17.890036818],[26.225961425,-17.892178333],[26.224676516,-17.894890919],[26.224390981,-17.897460736],[26.22624696,-17.899316716],[26.229530616,-17.901172694],[26.231957667,-17.90274314],[26.234670252,-17.905027422],[26.237097302,-17.907454472],[26.238667747,-17.910452594],[26.241951403,-17.91430732],[26.245948897,-17.91801928],[26.251088533,-17.917448208],[26.26350932,-17.917305441],[26.270076632,-17.917590977],[26.275930106,-17.918304815],[26.281355277,-17.918304815],[26.287779822,-17.918875885],[26.290492407,-17.9210174],[26.295489276,-17.924301057],[26.301199982,-17.929297925],[26.304198103,-17.932153278],[26.306767921,-17.935008631],[26.3086239,-17.936436308],[26.310765415,-17.936150771],[26.313763536,-17.934580328],[26.317618263,-17.933723722],[26.321187454,-17.933580955],[26.325470484,-17.934294793],[26.329325211,-17.934152025],[26.334750382,-17.933152652],[26.347313936,-17.929155157],[26.350312057,-17.929012387],[26.354166784,-17.930868369],[26.357307672,-17.933295419],[26.361305167,-17.93386649],[26.36844355,-17.934294793],[26.379864963,-17.937007377],[26.384147993,-17.937721217],[26.389858699,-17.937721217],[26.399138597,-17.93629354],[26.403707162,-17.936008005],[26.412415989,-17.938435055],[26.416984554,-17.942004245],[26.421124817,-17.946858347],[26.425836149,-17.950713072],[26.430833018,-17.953140124],[26.437543098,-17.955138871],[26.440969521,-17.954996104],[26.443682107,-17.953711195],[26.446680228,-17.95399673],[26.448821743,-17.954853334],[26.451819864,-17.957994224],[26.453961378,-17.961991718],[26.456531196,-17.96556091],[26.459243782,-17.964561537],[26.463241276,-17.963990466],[26.465811094,-17.963990466],[26.467809842,-17.96498984],[26.47337778,-17.970272241],[26.475090992,-17.973698667],[26.478660184,-17.975554647],[26.481658305,-17.979694909],[26.485370264,-17.982264727],[26.489510526,-17.9832641],[26.496791677,-17.983977939],[26.502787918,-17.986833292],[26.509069695,-17.990402483],[26.515208705,-17.990830786],[26.531198683,-17.987404362],[26.535481713,-17.986690524],[26.549901246,-17.986690524],[26.558039003,-17.986976058],[26.562322033,-17.987689898],[26.564463548,-17.989117574],[26.56860381,-17.992258463],[26.570031486,-17.995256582],[26.571200136,-17.999678213],[26.571459163,-18.003822643],[26.571459163,-18.008105673],[26.572458537,-18.010532723],[26.574028981,-18.013245309],[26.57345791,-18.0168145],[26.58016799,-18.019812619],[26.584022717,-18.022667975],[26.588591282,-18.024952257],[26.592303241,-18.0265227],[26.601868675,-18.034089387],[26.601868675,-18.037515811],[26.601012069,-18.040228395],[26.598870554,-18.043940356],[26.597014574,-18.046367406],[26.597728412,-18.049079992],[26.601807154,-18.050761128],[26.605009563,-18.051935344],[26.61557437,-18.054933466],[26.620856773,-18.055361769],[26.626281945,-18.056646678],[26.631278813,-18.057074981],[26.633991398,-18.055361769],[26.639273802,-18.054219627],[26.643842367,-18.053934092],[26.646840488,-18.054219627],[26.651409053,-18.055932839],[26.654121638,-18.058502657],[26.659546809,-18.06192908],[26.664543678,-18.063927828],[26.669397778,-18.065355505],[26.674537414,-18.067211485],[26.677535535,-18.069067464],[26.682817938,-18.072922191],[26.687386503,-18.075349241],[26.691383998,-18.076776918],[26.694810422,-18.07663415],[26.696809169,-18.075349241],[26.697237472,-18.072922191],[26.695238724,-18.070209603],[26.694810422,-18.066640414],[26.695381492,-18.063356758],[26.698950684,-18.060929708],[26.701520502,-18.058074354],[26.711085935,-18.050650434],[26.716796641,-18.048223386],[26.72236458,-18.044511427],[26.726933145,-18.039371791],[26.729788498,-18.035231527],[26.732358316,-18.030948499],[26.734642599,-18.028806984],[26.741638214,-18.025523328],[26.744065264,-18.02295351],[26.749062132,-18.021097529],[26.756057748,-18.020098157],[26.761197384,-18.019955389],[26.770048979,-18.018242177],[26.773475402,-18.018099409],[26.77604522,-18.018956015],[26.782469765,-18.022096904],[26.785896189,-18.023239045],[26.792177966,-18.024381184],[26.79617546,-18.024523954],[26.800030187,-18.024238419],[26.80288554,-18.022667975],[26.803742146,-18.019955389],[26.805312591,-18.012959774],[26.807596873,-18.011246562],[26.816591236,-18.012103168],[26.822016407,-18.012103168],[26.827584346,-18.011817632],[26.830296931,-18.011103793],[26.830582467,-18.007249067],[26.828869255,-18.004964785],[26.825871134,-18.002966037],[26.825157295,-18.000681753],[26.828298184,-17.994828281],[26.831153537,-17.991972927],[26.833866123,-17.990830786],[26.837435314,-17.990402483],[26.839291294,-17.991687392],[26.845573071,-17.992829533],[26.848142889,-17.992686766],[26.853531496,-17.992126532],[26.860420908,-17.992829533],[26.865846079,-17.993971675],[26.869843573,-17.991972927],[26.871507789,-17.988009187],[26.873412765,-17.984834545],[26.876553653,-17.983692403],[26.879980077,-17.983835171],[26.881978824,-17.985691149],[26.885548016,-17.987975433],[26.88954551,-17.988832039],[26.894542378,-17.989545877],[26.897254964,-17.988832039],[26.901537994,-17.987261595],[26.907819771,-17.983977939],[26.910389589,-17.981693656],[26.916243063,-17.979266606],[26.928235546,-17.974983576],[26.932090273,-17.973127596],[26.936230535,-17.973555899],[26.939085888,-17.973698667],[26.944511059,-17.972842061],[26.948508554,-17.971557151],[26.954076493,-17.970557779],[26.957074614,-17.969415635],[26.962998351,-17.966418135],[26.965069603,-17.965275373],[26.968210491,-17.964704304],[26.970066471,-17.96484707],[26.977775924,-17.967702425],[26.98291556,-17.968987334],[26.986199216,-17.969130102],[26.98962564,-17.967845193],[26.993623135,-17.964418767],[26.996192953,-17.961277881],[26.999333841,-17.960135739],[27.005044547,-17.958565295],[27.008899274,-17.956852083],[27.013039536,-17.956281012],[27.017322566,-17.954710568],[27.019749616,-17.954282265],[27.026887999,-17.95642378],[27.038976524,-17.963361315],[27.045002,-17.956528],[27.045851001,-17.952143],[27.053284,-17.942323999],[27.057281,-17.939016],[27.068377,-17.922222],[27.086757,-17.899514998],[27.091436,-17.894814],[27.096871,-17.891472],[27.140131,-17.856925999],[27.149515,-17.848664999],[27.149763,-17.839701],[27.147961,-17.825731],[27.143761,-17.811818999],[27.147097,-17.801636],[27.188393,-17.757477],[27.20445,-17.738949],[27.218151,-17.722084],[27.232035,-17.703146],[27.259132001,-17.667582],[27.267263,-17.657968998],[27.307108,-17.606928],[27.310982,-17.599484999],[27.32221,-17.589563],[27.362419,-17.561929999],[27.368007,-17.556048999],[27.378859,-17.550037],[27.443111,-17.500884999],[27.46957,-17.479545997],[27.492767,-17.461731],[27.496958,-17.457488997],[27.499594,-17.457650999],[27.501412,-17.454158999],[27.543648,-17.424366],[27.55971,-17.408563999],[27.57007,-17.394284997],[27.571028,-17.394259999],[27.589388,-17.375409998],[27.608356,-17.352866999],[27.617289,-17.339085],[27.626793,-17.278897999],[27.6276,-17.257063],[27.631106,-17.245949],[27.639975,-17.23033],[27.650124,-17.217660998],[27.694408,-17.154715],[27.719213,-17.120756],[27.734335,-17.098994999],[27.743746,-17.086113],[27.744121,-17.082659],[27.748554,-17.079094],[27.786562,-17.024334],[27.80147,-17.003952],[27.814506,-16.984999],[27.821808,-16.973778],[27.829584,-16.962542999],[27.879719,-16.939801998],[27.888912,-16.936102],[27.919746,-16.922382],[27.945129,-16.909958],[28.015245,-16.878807],[28.043459,-16.865828],[28.058477,-16.858049],[28.085545,-16.846703999],[28.098927,-16.840117],[28.13586,-16.824343],[28.157915,-16.805787999],[28.157886,-16.804870998],[28.16583,-16.799814],[28.193945,-16.777174],[28.269707,-16.717747],[28.30641,-16.703552],[28.318659,-16.699275999],[28.340258,-16.689667],[28.360504,-16.68239],[28.41503,-16.660278],[28.426105,-16.656721],[28.449106,-16.646593],[28.461353,-16.642537998],[28.495415,-16.628615999],[28.561194,-16.60243],[28.58,-16.595403998],[28.602524,-16.585729998],[28.618067,-16.58087],[28.642252,-16.571138],[28.688515419,-16.563337548],[28.736199329,-16.547201903],[28.753902519,-16.531640228],[28.760755366,-16.523502471],[28.764324558,-16.519790512],[28.767465446,-16.517363462],[28.771034638,-16.515221947],[28.77331892,-16.513365965],[28.776745344,-16.511795523],[28.781028374,-16.510796149],[28.784597566,-16.50951124],[28.79045104,-16.505370978],[28.793734696,-16.503514999],[28.797303887,-16.501944554],[28.801729685,-16.499089201],[28.802871826,-16.49609108],[28.805584412,-16.493235727],[28.809010836,-16.489952071],[28.813436633,-16.487239485],[28.816291986,-16.4845269],[28.818576269,-16.479530032],[28.820575016,-16.474533164],[28.821717157,-16.470392902],[28.822288228,-16.467537546],[28.821717157,-16.462397913],[28.821717157,-16.457972113],[28.820717784,-16.4558306],[28.816720289,-16.450690964],[28.816291986,-16.446407934],[28.817719663,-16.438984016],[28.819147339,-16.434558219],[28.82214546,-16.42899028],[28.828570005,-16.421280826],[28.835708388,-16.414999049],[28.839134812,-16.411001554],[28.840848024,-16.405433616],[28.841133559,-16.402007192],[28.842846771,-16.398009698],[28.844274448,-16.393298365],[28.843988912,-16.3887298],[28.845131054,-16.381163114],[28.848557477,-16.377879458],[28.85084176,-16.374024731],[28.850270689,-16.370598306],[28.848271942,-16.366029741],[28.84413168,-16.361603944],[28.840562488,-16.357320915],[28.839991418,-16.352466814],[28.840848024,-16.347327178],[28.843846145,-16.334620857],[28.843275074,-16.33076613],[28.841133559,-16.328481845],[28.836136691,-16.3264831],[28.831139823,-16.32405605],[28.830425985,-16.319773019],[28.83071152,-16.316489363],[28.830854288,-16.311349728],[28.830140449,-16.305924557],[28.829712146,-16.29964278],[28.83071152,-16.293361003],[28.831996429,-16.287079226],[28.835422853,-16.281796822],[28.845844892,-16.268376662],[28.85084176,-16.260238905],[28.854696487,-16.255527573],[28.856695234,-16.25081624],[28.857980143,-16.245105533],[28.857694608,-16.239823129],[28.854696487,-16.237681613],[28.849985154,-16.236539474],[28.843417842,-16.234683494],[28.841133559,-16.231114302],[28.837849903,-16.21969289],[28.836564994,-16.213982182],[28.836705806,-16.208631333],[28.838992044,-16.202132468],[28.840276953,-16.195850691],[28.840134185,-16.188426772],[28.83917831,-16.181684871],[28.83861095,-16.173981457],[28.83918202,-16.168556286],[28.840752465,-16.163131115],[28.841894606,-16.15742041],[28.843607818,-16.153137378],[28.847034242,-16.149568188],[28.850460666,-16.145285158],[28.855314766,-16.140859361],[28.857599049,-16.132436069],[28.863738058,-16.125440454],[28.867307249,-16.119301444],[28.869591532,-16.110307082],[28.870162603,-16.103882537],[28.865308502,-16.092889427],[28.864737432,-16.084466135],[28.863738058,-16.078898196],[28.86116824,-16.073758561],[28.855029231,-16.069332763],[28.852173877,-16.066191875],[28.849746827,-16.058054118],[28.848033615,-16.05120127],[28.848461918,-16.044062886],[28.850032363,-16.040065393],[28.853601554,-16.036638969],[28.859740563,-16.031927634],[28.871875815,-16.025360324],[28.876158844,-16.021791132],[28.881012945,-16.014224446],[28.883582763,-16.005372851],[28.884867672,-15.996378489],[28.885438742,-15.985099844],[28.887016325,-15.981859018],[28.889015072,-15.980431341],[28.892441496,-15.977004917],[28.893726405,-15.973792643],[28.899365728,-15.970508987],[28.90072202,-15.967939171],[28.903363222,-15.963941676],[28.908997786,-15.956674802],[28.913452137,-15.950335918],[28.915507991,-15.946909494],[28.916934478,-15.942550321],[28.918933225,-15.940551575],[28.922216881,-15.939266666],[28.924929467,-15.938695595],[28.929498032,-15.939552201],[28.938607307,-15.939596388],[28.944345869,-15.939266666],[28.952055322,-15.941122645],[28.961192453,-15.941836484],[28.965047179,-15.942550321],[28.972042795,-15.943406927],[28.977896269,-15.943406927],[28.983464208,-15.941550948],[28.990317055,-15.939694969],[28.994029015,-15.940266039],[28.997740974,-15.941693714],[29.006164266,-15.943835231],[29.009733457,-15.944977372],[29.016443537,-15.944549069],[29.023724688,-15.939837736],[29.028007718,-15.933698727],[29.033290121,-15.924133294],[29.036573777,-15.916709374],[29.038144222,-15.912711881],[29.040571272,-15.908714386],[29.042284484,-15.903431982],[29.044997069,-15.899720024],[29.047852422,-15.897292974],[29.0541342,-15.894294853],[29.057703391,-15.89201057],[29.0638424,-15.886014328],[29.070409713,-15.880589157],[29.074692743,-15.876591663],[29.079689611,-15.875735057],[29.084972014,-15.875877825],[29.091682094,-15.873022471],[29.097107265,-15.869881583],[29.099534316,-15.866026856],[29.104388416,-15.864884715],[29.107672072,-15.862600431],[29.110384658,-15.857889099],[29.111526799,-15.85360607],[29.114953223,-15.848323666],[29.128801686,-15.839043768],[29.134922849,-15.832512147],[29.146058727,-15.822090107],[29.159621655,-15.811382534],[29.181465107,-15.796534697],[29.206144194,-15.779078424],[29.208876497,-15.777118294],[29.214158901,-15.772121426],[29.219298537,-15.769551607],[29.226151384,-15.767267327],[29.232861464,-15.766696255],[29.244282877,-15.764983042],[29.254133846,-15.762841529],[29.270837662,-15.758130197],[29.283115681,-15.751991187],[29.297535214,-15.746994319],[29.303674224,-15.74142638],[29.310955375,-15.736715046],[29.321662949,-15.732003715],[29.332043306,-15.728036049],[29.344505775,-15.722866585],[29.34964541,-15.719297393],[29.357925935,-15.715870967],[29.36677753,-15.713015615],[29.37777064,-15.712587312],[29.388763749,-15.711873475],[29.406466939,-15.704735092],[29.41803112,-15.697168404],[29.424598432,-15.689744487],[29.432450653,-15.686032528],[29.439446269,-15.684176549],[29.446870187,-15.684319316],[29.457006691,-15.685033155],[29.462003559,-15.685889761],[29.473853275,-15.688887881],[29.499551454,-15.687602971],[29.507831978,-15.686032528],[29.518254017,-15.682606103],[29.52482133,-15.678751377],[29.531245874,-15.672612367],[29.53881256,-15.666330589],[29.543381126,-15.661762024],[29.55837173,-15.651054451],[29.563654133,-15.648341866],[29.567651628,-15.647199723],[29.576503223,-15.646200351],[29.588067403,-15.652053825],[29.597490069,-15.65662239],[29.612766209,-15.659906046],[29.61876245,-15.6627614],[29.62547253,-15.66504568],[29.63403859,-15.666758893],[29.640605902,-15.664189076],[29.646173841,-15.664046308],[29.655453739,-15.661333721],[29.66573301,-15.657621763],[29.676009543,-15.650540752],[29.681722988,-15.646343117],[29.694714846,-15.641346249],[29.700425552,-15.638776433],[29.709134379,-15.636920453],[29.716129995,-15.636349381],[29.729445592,-15.636258678],[29.736974073,-15.636349381],[29.747967183,-15.634921706],[29.754677263,-15.632922959],[29.758103687,-15.629353767],[29.76281502,-15.626783948],[29.777377321,-15.62492797],[29.784801239,-15.622786455],[29.793224531,-15.62064494],[29.800933985,-15.617932354],[29.80735853,-15.614648698],[29.820207619,-15.610080133],[29.824918952,-15.609509062],[29.833342244,-15.60965183],[29.843478748,-15.610508434],[29.851188201,-15.61136504],[29.864465594,-15.613363789],[29.869890765,-15.61393486],[29.874744865,-15.61393486],[29.881026642,-15.614791466],[29.884595834,-15.616219142],[29.889164399,-15.618931728],[29.890877611,-15.620930473],[29.894304035,-15.622500919],[29.898444297,-15.623214758],[29.908438033,-15.621073243],[29.912863831,-15.621358776],[29.917289628,-15.623357525],[29.923000334,-15.624071364],[29.928996576,-15.626070111],[29.934707283,-15.627069484],[29.94471113,-15.629700206],[29.947664994,-15.631624134],[29.951411099,-15.635635544],[29.953980917,-15.637777059],[29.958263947,-15.640489645],[29.96169037,-15.641774552],[29.968685986,-15.643487765],[29.972255177,-15.643630533],[29.984247661,-15.643344998],[29.987531317,-15.643059462],[29.9946697,-15.641203483],[29.998667194,-15.639633039],[30.00323576,-15.639204736],[30.008375395,-15.638205362],[30.018654667,-15.638062594],[30.022509394,-15.63834813],[30.026649656,-15.638205362],[30.039927048,-15.636063847],[30.047208199,-15.634636168],[30.05263337,-15.633922332],[30.058772379,-15.632351888],[30.063912015,-15.629924838],[30.067481207,-15.62792609],[30.076755932,-15.626965436],[30.082186276,-15.627497787],[30.089319161,-15.626798556],[30.098604557,-15.627783323],[30.104172495,-15.627783323],[30.110882575,-15.628497161],[30.114594535,-15.627783323],[30.122161221,-15.625641808],[30.12587318,-15.624071364],[30.130013442,-15.622643686],[30.139007805,-15.621644313],[30.151428591,-15.619074495],[30.163135539,-15.619360031],[30.168703478,-15.620787707],[30.173129275,-15.622643686],[30.177983376,-15.625213505],[30.180838729,-15.631066979],[30.181838103,-15.633636797],[30.184265153,-15.637777059],[30.185978365,-15.641774552],[30.188548183,-15.647199723],[30.191118001,-15.651911057],[30.194544424,-15.654052572],[30.204538161,-15.658050066],[30.206108605,-15.660619885],[30.208678423,-15.665473983],[30.21067717,-15.667044429],[30.2149602,-15.667615499],[30.217958321,-15.667187196],[30.220956442,-15.664902914],[30.223526259,-15.662190328],[30.227238219,-15.658906673],[30.231092945,-15.656051319],[30.235233208,-15.653481501],[30.239516237,-15.64991231],[30.24608355,-15.642773927],[30.252363946,-15.632635846],[30.256395291,-15.629105305],[30.259932013,-15.628211626],[30.262787366,-15.629210999],[30.265642719,-15.630638676],[30.267927002,-15.63763429],[30.27049682,-15.640632412],[30.27292387,-15.642916695],[30.276921364,-15.645200977],[30.284345283,-15.647628027],[30.288057242,-15.64748526],[30.291769201,-15.646485886],[30.297194372,-15.646057583],[30.305332129,-15.646200351],[30.309615159,-15.646485886],[30.313469885,-15.647056957],[30.319037824,-15.648341866],[30.323320854,-15.648484633],[30.331744146,-15.649055704],[30.335456105,-15.649769542],[30.344593235,-15.653481501],[30.35287376,-15.655337481],[30.358298931,-15.653767037],[30.362153658,-15.651768288],[30.365865617,-15.649341239],[30.37543105,-15.64677142],[30.3778581,-15.646485886],[30.38642416,-15.644344371],[30.392420402,-15.642345624],[30.400094636,-15.638160393],[30.403841815,-15.635350009],[30.4065544,-15.631923585],[30.410551895,-15.628354393],[30.414750224,-15.625336842],[30.419822697,-15.622760419],[30.421846197,-15.622323522],[30.417485672,-15.620373984],[30.414805575,-15.619897523],[30.411093616,-15.619802344],[30.410141832,-15.617898776],[30.409094869,-15.613710924],[30.40966594,-15.610760393],[30.410427367,-15.608571288],[30.409570761,-15.606572541],[30.407952728,-15.605335222],[30.407096122,-15.603431653],[30.407096122,-15.600766656],[30.407667192,-15.598196839],[30.407667192,-15.596673984],[30.405478088,-15.596007734],[30.403003449,-15.594960771],[30.402432378,-15.591248812],[30.401385415,-15.587917567],[30.399767382,-15.585252571],[30.395901992,-15.584279568],[30.390992725,-15.582097671],[30.387566301,-15.58038446],[30.379000242,-15.572817774],[30.376715959,-15.569819653],[30.376573191,-15.566107693],[30.375716585,-15.561539128],[30.369434808,-15.555685654],[30.368149899,-15.551545392],[30.368007132,-15.545834686],[30.366579455,-15.540266747],[30.368292667,-15.536554788],[30.372575697,-15.531843454],[30.374717212,-15.527132122],[30.378286403,-15.523134627],[30.380142383,-15.518566062],[30.380703,-15.513389],[30.38214113,-15.509143397],[30.383568807,-15.505859741],[30.386566928,-15.500862873],[30.389707816,-15.491582975],[30.392134866,-15.486443339],[30.394561917,-15.485301198],[30.397131734,-15.486871641],[30.398987714,-15.486300571],[30.401557532,-15.484872895],[30.402699673,-15.482017542],[30.402128603,-15.479447724],[30.39741727,-15.473737017],[30.39499022,-15.468882917],[30.392134866,-15.467169705],[30.387994604,-15.465742028],[30.386995231,-15.463029443],[30.384710948,-15.460459625],[30.381712827,-15.458603645],[30.379856848,-15.449466515],[30.377001494,-15.448038838],[30.377001494,-15.445611788],[30.376287656,-15.440900455],[30.378143636,-15.43875894],[30.379143009,-15.435903587],[30.378143636,-15.432905466],[30.376430424,-15.429907346],[30.375859353,-15.426338154],[30.376430424,-15.42291173],[30.375573818,-15.414916741],[30.376715959,-15.412775225],[30.379000242,-15.41134755],[30.380285151,-15.408063893],[30.379999615,-15.403638096],[30.378429171,-15.396642481],[30.377715333,-15.391645613],[30.378714706,-15.386648744],[30.378429171,-15.381509109],[30.378714706,-15.377939917],[30.380713454,-15.374799029],[30.384425413,-15.372514746],[30.385995857,-15.369516625],[30.386852463,-15.366090201],[30.385710322,-15.363663151],[30.383140504,-15.361093333],[30.380570686,-15.361664404],[30.3778581,-15.364234222],[30.374146141,-15.363377616],[30.372004626,-15.360807798],[30.369434808,-15.355953697],[30.370005879,-15.350528526],[30.367578829,-15.348815314],[30.364723476,-15.345103355],[30.362724728,-15.341676931],[30.361868122,-15.337393902],[30.362581961,-15.334253013],[30.360583213,-15.332539801],[30.357442325,-15.331968731],[30.354872507,-15.329827216],[30.352588224,-15.326258024],[30.353302063,-15.322688833],[30.351160548,-15.320975621],[30.348305195,-15.318120267],[30.345735377,-15.317691964],[30.341595115,-15.317406428],[30.337026549,-15.315835985],[30.333457358,-15.313837238],[30.33331459,-15.310553581],[30.333600126,-15.307555461],[30.330744772,-15.30512841],[30.327461116,-15.297418956],[30.327461116,-15.294420836],[30.325605137,-15.291422715],[30.322178713,-15.288424594],[30.31746738,-15.285569241],[30.314469259,-15.282000048],[30.312470512,-15.279287464],[30.309044088,-15.276574877],[30.306331502,-15.275575505],[30.301049099,-15.275289969],[30.297479908,-15.274433363],[30.292625807,-15.271578009],[30.290198757,-15.270435869],[30.288913848,-15.268151586],[30.286486798,-15.265010698],[30.284916353,-15.262583648],[30.285059121,-15.259585527],[30.283203142,-15.256016335],[30.281061627,-15.253446517],[30.280205021,-15.249877326],[30.277920738,-15.244166619],[30.277349667,-15.2415968],[30.275208153,-15.239598054],[30.271638961,-15.237884842],[30.270211284,-15.235172257],[30.271924496,-15.231603064],[30.271781729,-15.228462177],[30.270068517,-15.223322541],[30.270068517,-15.218896744],[30.268212537,-15.215755855],[30.264500578,-15.214328178],[30.263215669,-15.210758987],[30.262073528,-15.205904886],[30.262501831,-15.201336321],[30.263643972,-15.197481594],[30.261074154,-15.189343838],[30.260360316,-15.18434697],[30.258076033,-15.179635637],[30.256648357,-15.176066445],[30.255934518,-15.171355113],[30.252936398,-15.169213598],[30.251365953,-15.163931194],[30.251651489,-15.160790306],[30.249652741,-15.154936832],[30.246511853,-15.151795943],[30.245226944,-15.146941843],[30.244655873,-15.142373278],[30.241229449,-15.136091501],[30.239230702,-15.131951238],[30.239516237,-15.128382046],[30.236089814,-15.126097764],[30.232948925,-15.123385178],[30.229379734,-15.117388937],[30.226238845,-15.114248048],[30.226238845,-15.110821625],[30.227380986,-15.107680736],[30.228237592,-15.101827262],[30.228951431,-15.092832899],[30.227095451,-15.089406476],[30.223383492,-15.087836031],[30.21924323,-15.085123446],[30.216102341,-15.083838537],[30.214531897,-15.07998381],[30.215388503,-15.076557386],[30.216816179,-15.073130962],[30.2198143,-15.0689907],[30.222955189,-15.065992579],[30.22595331,-15.062423388],[30.227238219,-15.056855449],[30.228665895,-15.052429652],[30.230379107,-15.046290642],[30.232806157,-15.041722076],[30.233805531,-15.036867977],[30.23023634,-15.031585573],[30.229094198,-15.028159149],[30.228094825,-15.022876746],[30.228523128,-15.018022645],[30.228523128,-15.015738363],[30.225148735,-15.014366028],[30.222526886,-15.01345408],[30.219957068,-15.011598101],[30.217530018,-15.009599353],[30.216387876,-15.006315696],[30.21732,-14.997233],[30.241575,-14.989388999],[30.298792,-14.975682],[30.305699,-14.972815],[30.321815,-14.970335999],[30.337295,-14.963941],[30.346983,-14.964106],[30.36455,-14.959811],[30.393833,-14.947905998],[30.451496,-14.921082],[30.455109,-14.917238],[30.505358,-14.894874],[30.516575,-14.888398],[30.551485,-14.878175],[30.58597,-14.864955],[30.594088,-14.860033999],[30.607613,-14.856577],[30.627611,-14.847482],[30.665365,-14.836142999],[30.669438,-14.832762],[30.73859,-14.807899],[30.798508,-14.783794],[30.944304,-14.749491],[31.023743,-14.728386],[31.02869,-14.729148],[31.041721,-14.726353],[31.047905,-14.723457],[31.059265,-14.721785],[31.071392,-14.716218],[31.078457,-14.717469],[31.170769,-14.686632],[31.182602,-14.684731],[31.188574,-14.679991998],[31.266794,-14.658801],[31.325232,-14.649956],[31.427273,-14.627357],[31.465158,-14.620124999],[31.472473,-14.620221],[31.490524,-14.611957],[31.528337,-14.590851999],[31.534969,-14.5891],[31.547596,-14.580301999],[31.599894,-14.551792],[31.605812,-14.550259],[31.638889,-14.529078],[31.683306,-14.506427],[31.736547,-14.494214],[31.748814,-14.494363],[31.750969,-14.491861999],[31.810825,-14.478337],[31.826464,-14.472779],[31.931851,-14.418866],[31.947725,-14.412845],[31.975655,-14.404432],[32.031689,-14.392425],[32.056259,-14.388791],[32.097503999,-14.370173001],[32.159283,-14.349471],[32.16399,-14.349981],[32.182709,-14.341908],[32.20541,-14.335943998],[32.242333,-14.323003],[32.315109,-14.307895999],[32.321266,-14.30543],[32.334476,-14.304645],[32.358105,-14.299597],[32.395878,-14.294456],[32.451157,-14.282818],[32.527165,-14.248383999],[32.535667,-14.246395999],[32.610687,-14.214458],[32.654896,-14.19946],[32.678078,-14.189785],[32.690124,-14.186904],[32.759388,-14.162228],[32.794144,-14.148736],[32.843048,-14.133058],[32.914177,-14.107439],[32.921722,-14.106351],[32.934254,-14.101165],[32.947941,-14.097827],[33.07008,-14.052802999],[33.084499,-14.045786],[33.205571493,-14.004780227],[33.207269491,-14.001986438],[33.205831863,-14.001657708],[33.204833345,-14.001023813],[33.203144505,-13.999182882],[33.200002139,-13.993785003],[33.199371448,-13.99306053],[33.198857663,-13.992102378],[33.195148058,-13.986921547],[33.193745923,-13.985302771],[33.192114389,-13.97961684],[33.191376768,-13.975600019],[33.191419788,-13.969211395],[33.19113471,-13.968070216],[33.189214509,-13.964436756],[33.188289765,-13.962962477],[33.186769221,-13.961594985],[33.185871972,-13.960845031],[33.185620331,-13.960276074],[33.184386695,-13.959290248],[33.183807058,-13.959044478],[33.180817479,-13.956301346],[33.179559042,-13.955482333],[33.176634725,-13.95463563],[33.173273201,-13.954712263],[33.16827925,-13.954020205],[33.166998843,-13.95338427],[33.165600921,-13.952151524],[33.164990763,-13.951509878],[33.163743646,-13.951592536],[33.16328744,-13.951780474],[33.162508227,-13.951407445],[33.161953109,-13.949947756],[33.161191564,-13.949145219],[33.159261794,-13.947654921],[33.158084199,-13.945852785],[33.157351328,-13.944405413],[33.155491802,-13.94168042],[33.153991346,-13.940177815],[33.153447928,-13.940020488],[33.150689421,-13.939971617],[33.149516683,-13.939877476],[33.146115171,-13.940228384],[33.143743974,-13.942629696],[33.142298406,-13.944865622],[33.141601354,-13.946186309],[33.139922374,-13.947473579],[33.136368407,-13.952999368],[33.136464482,-13.954784265],[33.135866315,-13.957261475],[33.134731628,-13.958833267],[33.133386395,-13.960077519],[33.132748753,-13.961076642],[33.128140597,-13.961209671],[33.116784979,-13.960155608],[33.114479371,-13.959466009],[33.111565672,-13.957845443],[33.110034123,-13.957601867],[33.106732364,-13.957906488],[33.105599269,-13.95855946],[33.103736115,-13.960188377],[33.102042906,-13.962689444],[33.101044835,-13.963415574],[33.097296722,-13.964719571],[33.086586975,-13.970159698],[33.079786603,-13.97532976],[33.075890612,-13.979993507],[33.074554449,-13.981169247],[33.07185155,-13.983095761],[33.069375247,-13.985787617],[33.067098174,-13.989728299],[33.063679043,-13.992984145],[33.062265158,-13.996983464],[33.062044565,-13.998782275],[33.062987828,-14.001355951],[33.063219574,-14.010151326],[33.064741637,-14.020925506],[33.064211744,-14.021819028],[33.058479881,-14.026758084],[33.051200364,-14.034241247],[33.0505779,-14.035900957],[33.043626011,-14.041600937],[33.043402962,-14.041970809],[33.04184642,-14.048204019],[33.039476319,-14.050724511],[33.038845728,-14.051883948],[33.038440545,-14.052891989],[33.037833117,-14.053275693],[33.037050332,-14.053365622],[33.035050477,-14.05440651],[33.033971851,-14.054888198],[33.033018043,-14.055122611],[33.032259685,-14.054916726],[33.031980598,-14.053472536],[33.031119354,-14.051288877],[33.030880618,-14.050075152],[33.030698282,-14.04960487],[33.030768998,-14.047234773],[33.030685904,-14.046546155],[33.030930723,-14.046042912],[33.031987336,-14.04464643],[33.02954963,-14.04108795],[33.027175161,-14.038774248],[33.025680545,-14.038139907],[33.020984465,-14.033881555],[33.019634742,-14.032443742],[33.018715662,-14.031217661],[33.013883868,-14.027180982],[33.010132185,-14.025477955],[33.009630868,-14.025055501],[33.007866559,-14.024609834],[33.006613938,-14.023728154],[33.005012187,-14.023037478],[33.002500038,-14.023339343],[33.002233112,-14.023142005],[32.999962199,-14.018514479],[32.997814449,-14.011520713],[32.996866391,-14.01058748],[32.993173184,-14.008158975],[32.992867005,-14.006837445],[32.995350741,-14.000683216],[32.997057282,-13.996935473],[32.996775555,-13.994152042],[32.996920726,-13.992353814],[32.996128998,-13.990527264],[32.994681262,-13.988234057],[32.994865929,-13.987442338],[32.997105044,-13.985223016],[32.998187458,-13.984538431],[33.000835933,-13.976576793],[33.000811878,-13.971485878],[33.000206407,-13.969521955],[33.001075538,-13.967766319],[33.00424148,-13.962402062],[33.004544697,-13.960084203],[33.004022609,-13.955808911],[33.002716201,-13.95306061],[33.000385354,-13.950148935],[32.996937779,-13.949831599],[32.993238395,-13.946979596],[32.983733413,-13.943531759],[32.982038488,-13.9425724],[32.979383757,-13.941958155],[32.977153824,-13.941136444],[32.975521641,-13.940774291],[32.972995273,-13.940716095],[32.970144915,-13.94032993],[32.967041886,-13.941298142],[32.961706191,-13.940815561],[32.959829872,-13.940622944],[32.958216735,-13.941038629],[32.954467606,-13.94320311],[32.951121754,-13.946596444],[32.950462114,-13.946682087],[32.949362051,-13.946286773],[32.948794384,-13.945541718],[32.945272785,-13.932083048],[32.945380469,-13.928635722],[32.945928616,-13.924400884],[32.94736089,-13.918843028],[32.948614274,-13.917433835],[32.951066938,-13.915071333],[32.95324155,-13.911139251],[32.953523894,-13.909762742],[32.953600926,-13.905205202],[32.953128785,-13.904113983],[32.951683104,-13.90286205],[32.949973371,-13.900377794],[32.945675824,-13.897158131],[32.943955549,-13.89415238],[32.943623615,-13.893316366],[32.943536973,-13.891766926],[32.944349869,-13.889155584],[32.944728338,-13.888160119],[32.944554725,-13.886963875],[32.944596191,-13.886041509],[32.943045245,-13.882669627],[32.942687027,-13.882347899],[32.941754815,-13.879980803],[32.941589387,-13.879781332],[32.939823029,-13.879265058],[32.937373516,-13.87902244],[32.935689628,-13.878682709],[32.933265989,-13.876721391],[32.931597363,-13.874703015],[32.93151166,-13.873203595],[32.928696858,-13.874481041],[32.926967238,-13.874960377],[32.925198383,-13.875301232],[32.924235006,-13.876038232],[32.923919081,-13.876393152],[32.923395796,-13.87343419],[32.923360246,-13.87190697],[32.922417107,-13.87058659],[32.918494159,-13.869111633],[32.918906803,-13.868310317],[32.919378494,-13.867910804],[32.91868693,-13.866865072],[32.917148481,-13.86578539],[32.916163136,-13.865099063],[32.91359859,-13.864175785],[32.91295756,-13.863978852],[32.911105334,-13.864269856],[32.910381554,-13.864085815],[32.909775292,-13.86299922],[32.908829553,-13.858600389],[32.907814057,-13.856574682],[32.903390312,-13.849681144],[32.901710463,-13.846152449],[32.901027884,-13.843415509],[32.90096252,-13.84104081],[32.902118251,-13.838447457],[32.902733618,-13.83716773],[32.896511307,-13.824239246],[32.896061988,-13.823883029],[32.895025647,-13.824153982],[32.894291484,-13.824224124],[32.893409731,-13.823802133],[32.892489132,-13.823868488],[32.892056332,-13.822115226],[32.892631915,-13.820838092],[32.891387757,-13.818732958],[32.890316437,-13.815986738],[32.889955397,-13.81558234],[32.887732745,-13.813964122],[32.886558099,-13.813598283],[32.884548053,-13.813603279],[32.882553979,-13.813939984],[32.881536389,-13.814490228],[32.879776991,-13.814699395],[32.879445301,-13.813591801],[32.877806779,-13.810111037],[32.87650991,-13.808804],[32.875481916,-13.807143331],[32.874036596,-13.806131197],[32.872316907,-13.803409862],[32.870360463,-13.80313849],[32.867343169,-13.803639932],[32.86588999,-13.803511152],[32.86417872,-13.803549643],[32.862901512,-13.80307995],[32.86265575,-13.799744547],[32.862200227,-13.7983729],[32.861490566,-13.797864927],[32.856383407,-13.796346008],[32.855339508,-13.796342019],[32.852713208,-13.797766129],[32.851007681,-13.798754199],[32.849910685,-13.798847342],[32.849226757,-13.798648997],[32.847482678,-13.796740884],[32.845702128,-13.794360969],[32.84484527,-13.792113133],[32.844104809,-13.791812933],[32.842908935,-13.791349167],[32.838927874,-13.789080659],[32.838040044,-13.788782127],[32.835571297,-13.788089481],[32.833845282,-13.787666249],[32.833325725,-13.787188925],[32.832208128,-13.785645009],[32.830999926,-13.785302721],[32.829803195,-13.785589018],[32.827294418,-13.785410421],[32.823180423,-13.786830495],[32.821113456,-13.787769071],[32.820218137,-13.788437397],[32.818743755,-13.788844663],[32.818292381,-13.788747041],[32.816760591,-13.78780366],[32.815469461,-13.786353421],[32.814348462,-13.784750354],[32.813884815,-13.785778489],[32.811729151,-13.792652767],[32.811171704,-13.793716225],[32.810732733,-13.794224205],[32.809987379,-13.795888008],[32.809970875,-13.800721792],[32.809474424,-13.801383299],[32.805422978,-13.801712898],[32.80479985,-13.801630931],[32.803269422,-13.800854898],[32.802408867,-13.800255325],[32.801231005,-13.797840192],[32.801476881,-13.797591713],[32.80222679,-13.795944221],[32.800394086,-13.793807687],[32.799517348,-13.792157186],[32.799060432,-13.791640612],[32.797733311,-13.792535184],[32.79599446,-13.791671577],[32.795146921,-13.790548095],[32.794322296,-13.788395033],[32.794185651,-13.786432123],[32.793053491,-13.786146726],[32.789440441,-13.787685615],[32.788391773,-13.787640865],[32.784847222,-13.786818612],[32.781606475,-13.785609186],[32.78094488,-13.784943296],[32.780073966,-13.783532955],[32.77939077,-13.782477243],[32.779038971,-13.780943626],[32.77805359,-13.780275199],[32.776731153,-13.7797794],[32.776438433,-13.779777078],[32.775573717,-13.780470295],[32.77447191,-13.781840893],[32.773275886,-13.781893833],[32.771979298,-13.781699925],[32.771093955,-13.78114261],[32.770996764,-13.780722823],[32.773231468,-13.775661942],[32.773994097,-13.7733864],[32.774872297,-13.772140228],[32.776692904,-13.770053578],[32.778357486,-13.768736972],[32.778975213,-13.76765604],[32.779017442,-13.766816341],[32.778625875,-13.766064706],[32.778367337,-13.763331066],[32.778991057,-13.762304011],[32.779948313,-13.761847563],[32.781287027,-13.760525022],[32.78176849,-13.759674234],[32.781688479,-13.758296779],[32.780617035,-13.756799529],[32.779642734,-13.754062399],[32.780422449,-13.75157947],[32.78049521,-13.748688961],[32.783116985,-13.748623538],[32.785798458,-13.750031526],[32.786954724,-13.750058089],[32.788143837,-13.749391139],[32.789357843,-13.749451459],[32.792152238,-13.750202317],[32.794515138,-13.751448426],[32.795222049,-13.751385956],[32.795872534,-13.751132477],[32.796095855,-13.749665265],[32.797665553,-13.746018088],[32.800380484,-13.741087987],[32.801870139,-13.739601916],[32.802430733,-13.73785429],[32.803099199,-13.73693449],[32.803423734,-13.736197173],[32.804974489,-13.733795208],[32.806838342,-13.732153583],[32.807070663,-13.7316007],[32.808332857,-13.730264707],[32.809553857,-13.729679712],[32.811625624,-13.729172069],[32.816275433,-13.727352781],[32.819340942,-13.726340336],[32.823576929,-13.726179986],[32.827819582,-13.726572914],[32.828904411,-13.726259216],[32.831177417,-13.726030703],[32.83336523,-13.726993215],[32.834914053,-13.7272839],[32.836722986,-13.728387184],[32.836830342,-13.729606626],[32.837814521,-13.727807597],[32.838693145,-13.727004243],[32.842330809,-13.725719953],[32.846377351,-13.723592088],[32.845784682,-13.722858728],[32.845262522,-13.721020704],[32.844326041,-13.719566324],[32.842925012,-13.71650725],[32.841076495,-13.714829657],[32.840085328,-13.712859444],[32.838829168,-13.711144686],[32.838217723,-13.710556431],[32.838336592,-13.708622584],[32.838049492,-13.70788859],[32.836976882,-13.706964806],[32.835095371,-13.703788008],[32.834032274,-13.703263306],[32.832261963,-13.702477741],[32.83089725,-13.700785431],[32.829495221,-13.69854319],[32.825882231,-13.695380485],[32.823941565,-13.693879228],[32.819725097,-13.689809262],[32.818449068,-13.688353895],[32.816856326,-13.687026006],[32.812666549,-13.684672044],[32.811062546,-13.68428076],[32.809177378,-13.683994651],[32.806283362,-13.682786878],[32.801759666,-13.680513051],[32.797813595,-13.679064944],[32.795494367,-13.678675759],[32.794012374,-13.677347112],[32.796723208,-13.671247903],[32.798193545,-13.670183324],[32.801309748,-13.664295673],[32.802266122,-13.663601639],[32.803300151,-13.662587076],[32.803545193,-13.661731725],[32.802467862,-13.65995902],[32.800447551,-13.658823234],[32.796794942,-13.654395551],[32.795027901,-13.652549934],[32.786150111,-13.648577063],[32.783362382,-13.646349948],[32.782213568,-13.645716803],[32.781272457,-13.645397107],[32.777560138,-13.645167602],[32.774577393,-13.644301549],[32.773033605,-13.64361075],[32.772511287,-13.643008228],[32.771533536,-13.642810754],[32.769816598,-13.641563245],[32.766422236,-13.640258424],[32.765239945,-13.639624582],[32.761261958,-13.636122748],[32.75969029,-13.636014497],[32.758262001,-13.63607914],[32.756136883,-13.638084857],[32.755191064,-13.639350589],[32.753734289,-13.642752141],[32.752597224,-13.645189941],[32.75185921,-13.647473424],[32.752043984,-13.648243294],[32.752894486,-13.649544872],[32.752986323,-13.650255141],[32.752642855,-13.651782272],[32.752406729,-13.651832298],[32.75035634,-13.650928902],[32.74846769,-13.649311827],[32.747084765,-13.649203731],[32.746574152,-13.648379716],[32.74520956,-13.648332228],[32.743646227,-13.648506892],[32.741481743,-13.648432539],[32.740652324,-13.64887913],[32.740183456,-13.649885166],[32.739909941,-13.651152385],[32.739544727,-13.651457275],[32.739136248,-13.651447726],[32.735992848,-13.648790025],[32.735092846,-13.647659073],[32.733671597,-13.646952192],[32.731459162,-13.646492125],[32.727718118,-13.646429267],[32.726320978,-13.647100905],[32.724129511,-13.646365125],[32.72093002,-13.645626534],[32.72000972,-13.645068534],[32.718768338,-13.644777413],[32.717910792,-13.643075797],[32.714430398,-13.642252147],[32.714777533,-13.640717795],[32.713136272,-13.638248375],[32.709586091,-13.638097147],[32.708682746,-13.637724741],[32.705275141,-13.638142063],[32.699693707,-13.637878447],[32.699490799,-13.6375988],[32.699410489,-13.637054572],[32.698527156,-13.635426947],[32.695991925,-13.63362087],[32.69459047,-13.632011878],[32.692886921,-13.630712262],[32.691190479,-13.628555799],[32.690972858,-13.627338409],[32.688189121,-13.625666277],[32.686536315,-13.624821749],[32.686150879,-13.623605271],[32.6845375,-13.622665051],[32.682622618,-13.622332777],[32.681214805,-13.622415945],[32.679001088,-13.623084726],[32.677843857,-13.623086424],[32.677276289,-13.622895094],[32.676509779,-13.622390122],[32.67584973,-13.622534503],[32.673463382,-13.62264778],[32.673210017,-13.622731527],[32.672520549,-13.620837776],[32.674035323,-13.617642638],[32.673427374,-13.616762601],[32.673385112,-13.615545369],[32.674435115,-13.614305208],[32.675403656,-13.613483388],[32.678171785,-13.613323798],[32.678560621,-13.613177749],[32.679080673,-13.612324349],[32.679447682,-13.610816686],[32.67998759,-13.610541511],[32.680754068,-13.60792],[32.680554704,-13.607147654],[32.680201551,-13.606634798],[32.680344268,-13.605287497],[32.681045191,-13.604612117],[32.682825637,-13.604408743],[32.684820591,-13.602635753],[32.685746831,-13.602195702],[32.687335885,-13.600819035],[32.68805588,-13.599801441],[32.688477745,-13.599608456],[32.688482954,-13.599051306],[32.687340943,-13.597925034],[32.685561362,-13.595148784],[32.685115397,-13.594562381],[32.684507611,-13.592924884],[32.683009334,-13.590798068],[32.680678637,-13.587962329],[32.681517997,-13.585449797],[32.681669441,-13.584547838],[32.682101157,-13.583907159],[32.689794963,-13.58385725],[32.692360264,-13.5820729],[32.693974303,-13.577600744],[32.690703603,-13.576399244],[32.68721449,-13.574310865],[32.686579099,-13.573725133],[32.686401438,-13.572582398],[32.686604077,-13.572173563],[32.688308776,-13.571167914],[32.690276045,-13.570797575],[32.692468729,-13.570187893],[32.69405444,-13.569953733],[32.696026413,-13.568774073],[32.699378974,-13.568835024],[32.701218157,-13.569305978],[32.703020004,-13.569418545],[32.710471978,-13.572347517],[32.716486368,-13.577499548],[32.722625837,-13.581184021],[32.723437859,-13.581437818],[32.726024608,-13.580688164],[32.727751262,-13.580498537],[32.728057303,-13.580533897],[32.728711922,-13.581107613],[32.730441223,-13.581721687],[32.732593976,-13.58185506],[32.736487678,-13.583168812],[32.738661207,-13.583254504],[32.741312875,-13.584133465],[32.742688495,-13.585139791],[32.745998756,-13.582668412],[32.748032261,-13.581845462],[32.75013034,-13.579994087],[32.750583889,-13.579469176],[32.752062487,-13.57925182],[32.753455607,-13.578656228],[32.753666091,-13.578022715],[32.753723945,-13.576929152],[32.754520319,-13.575041619],[32.754782224,-13.574774524],[32.757387081,-13.574261235],[32.761298159,-13.572187375],[32.76234862,-13.570935722],[32.763006572,-13.56921798],[32.762890716,-13.565445073],[32.762438632,-13.5646894],[32.761223136,-13.563786441],[32.760045885,-13.562642974],[32.762715014,-13.559778158],[32.763940236,-13.558598282],[32.765828629,-13.557217455],[32.767242426,-13.555263537],[32.767534309,-13.555484904],[32.76869262,-13.555765517],[32.769733934,-13.556434386],[32.772895677,-13.557844558],[32.773785945,-13.557863473],[32.775816868,-13.557135164],[32.77948791,-13.55733229],[32.780085243,-13.557103998],[32.780705534,-13.557147654],[32.782479431,-13.558156848],[32.78252405,-13.553681515],[32.785542194,-13.552966386],[32.787282623,-13.552342778],[32.788902164,-13.552342691],[32.791427145,-13.551886332],[32.796906982,-13.549320504],[32.798283627,-13.548490313],[32.798273323,-13.547793979],[32.80124836,-13.546681768],[32.801616353,-13.545905412],[32.801744404,-13.544970207],[32.802289168,-13.543550797],[32.805136141,-13.541569777],[32.806370505,-13.541247927],[32.812230849,-13.540359133],[32.813082603,-13.540610679],[32.814222931,-13.540679641],[32.815465509,-13.540359953],[32.81737251,-13.540786695],[32.819188998,-13.540773343],[32.82069738,-13.541415679],[32.821971369,-13.541607217],[32.823446399,-13.541238173],[32.824354495,-13.540827809],[32.825080267,-13.539834703],[32.825546079,-13.537202845],[32.82635159,-13.535318109],[32.828569796,-13.533525353],[32.829891982,-13.531690948],[32.833296641,-13.528566537],[32.833213573,-13.528398661],[32.832682578,-13.528087532],[32.832644914,-13.527662341],[32.834380418,-13.525958433],[32.835642595,-13.52230474],[32.838774839,-13.520705371],[32.84137988,-13.518884799],[32.842253171,-13.517711997],[32.842754661,-13.516670493],[32.843565577,-13.516510077],[32.845090063,-13.517321555],[32.845477749,-13.517381745],[32.847228792,-13.516862785],[32.849829943,-13.51572756],[32.849786094,-13.514900212],[32.849146473,-13.514311022],[32.847803914,-13.512380613],[32.847164353,-13.510749845],[32.844355469,-13.505603476],[32.84292775,-13.503583036],[32.842177976,-13.501998184],[32.840868316,-13.499967908],[32.839479862,-13.498638282],[32.841798753,-13.497784122],[32.843211666,-13.496340939],[32.844439593,-13.494829836],[32.844679117,-13.494152135],[32.844747936,-13.490293711],[32.845601964,-13.488362315],[32.846444781,-13.487842034],[32.846426193,-13.486663653],[32.846140579,-13.485304649],[32.845795402,-13.481569972],[32.844974306,-13.48086281],[32.84498163,-13.479383827],[32.842966374,-13.476781908],[32.842420375,-13.475181382],[32.842264505,-13.473743543],[32.84238433,-13.473368881],[32.843482111,-13.47221022],[32.844931712,-13.469750117],[32.84550325,-13.466711194],[32.845040712,-13.465388228],[32.845062235,-13.462725482],[32.845568861,-13.462380755],[32.850211074,-13.462335386],[32.853586648,-13.459927527],[32.855074136,-13.459524049],[32.855641442,-13.459561131],[32.856083172,-13.459866071],[32.857411442,-13.463714203],[32.857668886,-13.464009591],[32.860368169,-13.464842898],[32.86487259,-13.465885572],[32.866362443,-13.465960824],[32.867476016,-13.465186991],[32.868658039,-13.464887077],[32.870654916,-13.46536279],[32.872483905,-13.46527657],[32.875898997,-13.463527479],[32.880293867,-13.461654961],[32.88353657,-13.457587719],[32.888132897,-13.453144651],[32.888147939,-13.452823631],[32.887343004,-13.451807475],[32.88711888,-13.451235556],[32.887261319,-13.450336353],[32.888195793,-13.448972101],[32.889319473,-13.44824509],[32.891136232,-13.447293877],[32.893315835,-13.446391807],[32.894111666,-13.445454059],[32.895132078,-13.445268409],[32.895967236,-13.441789589],[32.896357099,-13.441290998],[32.89840693,-13.439922653],[32.900377454,-13.439364903],[32.900574868,-13.439128816],[32.900783549,-13.438320713],[32.901926342,-13.436287],[32.901674444,-13.434939479],[32.901919937,-13.434356632],[32.903249876,-13.432954086],[32.90317419,-13.432202168],[32.902619621,-13.42981586],[32.902567283,-13.426879998],[32.902939253,-13.426379353],[32.904829143,-13.425091486],[32.907205932,-13.422382255],[32.90894524,-13.421311407],[32.910476696,-13.420933191],[32.914158291,-13.420406524],[32.91442203,-13.420044048],[32.914433407,-13.419114844],[32.914753058,-13.418659554],[32.916546112,-13.418208937],[32.917380974,-13.417436374],[32.918387618,-13.41513589],[32.918330163,-13.413566594],[32.917927784,-13.412366194],[32.917569302,-13.409799777],[32.917100509,-13.408765961],[32.917865507,-13.405406135],[32.91939558,-13.402121304],[32.919934484,-13.401483419],[32.91999023,-13.400034827],[32.920195938,-13.39970353],[32.920867496,-13.399120337],[32.92161417,-13.397688334],[32.923248839,-13.397301091],[32.923544097,-13.396656906],[32.923022694,-13.395764921],[32.922929838,-13.395181237],[32.923853762,-13.394377222],[32.924301894,-13.39252297],[32.924210443,-13.392299685],[32.922764511,-13.391927604],[32.922597673,-13.391659082],[32.922733917,-13.390608777],[32.922862571,-13.390363544],[32.924040083,-13.389322344],[32.924121337,-13.388540473],[32.923593753,-13.38750431],[32.922782337,-13.386884874],[32.922750314,-13.38664197],[32.923526136,-13.385367315],[32.924688832,-13.384173547],[32.925390657,-13.383074622],[32.925348334,-13.381569241],[32.926061051,-13.380701198],[32.926376013,-13.379387247],[32.927562954,-13.377563425],[32.927399511,-13.376498891],[32.926070123,-13.375123352],[32.926244114,-13.372595286],[32.926930477,-13.371147308],[32.927329728,-13.36794264],[32.926052566,-13.366456987],[32.92593592,-13.363542606],[32.92632492,-13.362759627],[32.926512831,-13.361788011],[32.926716295,-13.358074429],[32.928239708,-13.354564976],[32.928596014,-13.352627642],[32.929831111,-13.351228318],[32.930190078,-13.349180019],[32.931231435,-13.347361057],[32.933887263,-13.345053033],[32.934183819,-13.344569238],[32.934278434,-13.343799959],[32.934123926,-13.343206866],[32.933811423,-13.342723777],[32.932435321,-13.341399614],[32.931751363,-13.339701336],[32.931532882,-13.338737695],[32.933165118,-13.335708454],[32.935541008,-13.33037017],[32.93564902,-13.32836389],[32.9354978,-13.32804812],[32.934078839,-13.326872162],[32.933968938,-13.326539399],[32.934115693,-13.322073559],[32.933595773,-13.320603845],[32.932254388,-13.318294024],[32.932378583,-13.317717519],[32.933451632,-13.316127082],[32.934252847,-13.314224202],[32.934440973,-13.313325859],[32.934950237,-13.31299112],[32.937376035,-13.312328887],[32.937614698,-13.312043121],[32.938007519,-13.311016959],[32.938356886,-13.310858936],[32.939861752,-13.310686416],[32.94028902,-13.310262576],[32.942118254,-13.310426469],[32.943134539,-13.309751574],[32.944170824,-13.309585208],[32.944719604,-13.309294928],[32.945203171,-13.308746713],[32.945205819,-13.30836356],[32.944818585,-13.307684293],[32.944011514,-13.307203332],[32.943855763,-13.306664559],[32.943918102,-13.306055842],[32.943739595,-13.305625256],[32.940460738,-13.302799224],[32.939560143,-13.301100347],[32.939096911,-13.299692679],[32.939057812,-13.298977029],[32.937869114,-13.29647099],[32.938310298,-13.296141201],[32.938805432,-13.295836369],[32.939206543,-13.294045183],[32.939857729,-13.292977067],[32.94065937,-13.292321259],[32.943329268,-13.287160117],[32.94505277,-13.285214973],[32.945826014,-13.283466238],[32.945787354,-13.283141476],[32.945516582,-13.283111618],[32.944870606,-13.282039586],[32.944131066,-13.281373692],[32.942918846,-13.281179328],[32.942686488,-13.280752293],[32.94271432,-13.280483219],[32.943325818,-13.279636175],[32.94384187,-13.27698902],[32.94413729,-13.276046128],[32.944953037,-13.275157716],[32.946171384,-13.274873477],[32.947232835,-13.274909847],[32.948087275,-13.274125077],[32.948223282,-13.27343197],[32.948485795,-13.273045134],[32.948755573,-13.270887785],[32.950530187,-13.270546909],[32.950740984,-13.269992465],[32.950763809,-13.268946992],[32.951490781,-13.268398377],[32.953323593,-13.267741939],[32.953859653,-13.267102448],[32.955195428,-13.266572399],[32.956626625,-13.266664462],[32.957253091,-13.266742281],[32.95906133,-13.266501692],[32.960370238,-13.266661318],[32.961386964,-13.26639212],[32.963553651,-13.26519178],[32.965070626,-13.264766695],[32.96659243,-13.264122352],[32.968465149,-13.262741359],[32.968965541,-13.262159383],[32.969284815,-13.262254592],[32.969808295,-13.262560279],[32.970037566,-13.262254592],[32.970464004,-13.261210743],[32.970839305,-13.260684314],[32.970892925,-13.2598016],[32.969992718,-13.257023001],[32.971911205,-13.254395785],[32.973290846,-13.252979262],[32.975207163,-13.251406441],[32.975429551,-13.251007555],[32.976040251,-13.248188474],[32.976549465,-13.247428507],[32.978192403,-13.246189192],[32.979873132,-13.246275075],[32.980475734,-13.245900658],[32.980699571,-13.245563897],[32.980748352,-13.244722757],[32.980184752,-13.242977961],[32.979778063,-13.242165064],[32.979682568,-13.241445341],[32.979864079,-13.240982237],[32.980650945,-13.240703995],[32.981031039,-13.24027097],[32.981230564,-13.23967601],[32.98102985,-13.238691209],[32.980152995,-13.237963555],[32.980119489,-13.237631425],[32.980915134,-13.235894202],[32.980328868,-13.233911943],[32.980539798,-13.232425945],[32.981579159,-13.23173481],[32.982005244,-13.231768085],[32.982257518,-13.232252444],[32.983501966,-13.233167531],[32.987228143,-13.23270819],[32.988275974,-13.23276129],[32.9906387,-13.230856854],[32.991110251,-13.230168556],[32.99178846,-13.229669113],[32.991900706,-13.227334715],[32.991323122,-13.226625878],[32.99109432,-13.225546956],[32.991322927,-13.225050741],[32.995195095,-13.223172603],[33.000314291,-13.221496628],[33.001268991,-13.221027896],[33.002896613,-13.220735069],[33.00692844,-13.220733189],[33.009487609,-13.219469075],[33.012315721,-13.218865274],[33.013173218,-13.218271321],[33.013869922,-13.217515308],[33.014831336,-13.215874038],[33.01670825,-13.214340079],[33.018078632,-13.212997962],[33.018451398,-13.211979835],[33.018491572,-13.21070349],[33.018225889,-13.209875088],[33.017464257,-13.208874715],[33.015474826,-13.207712469],[33.012673969,-13.207030598],[33.011006762,-13.206613378],[33.009233528,-13.205149505],[33.008610533,-13.20440515],[33.007292104,-13.201604583],[33.005589653,-13.199769446],[33.005437716,-13.199444213],[33.005587775,-13.198395042],[33.005402108,-13.194545502],[33.005637807,-13.192859883],[33.005556341,-13.192552914],[33.004498679,-13.191040983],[33.004545205,-13.189104059],[33.004793474,-13.188059551],[33.003188261,-13.185624916],[33.0028846,-13.183722215],[33.002839317,-13.180257374],[33.002573154,-13.177988029],[33.002330417,-13.177473705],[32.999301289,-13.176258501],[32.998864663,-13.175617748],[32.998485453,-13.175365132],[32.996600607,-13.175028812],[32.995381771,-13.173335525],[32.994478986,-13.17032553],[32.994248742,-13.170147587],[32.991850951,-13.170213792],[32.990981707,-13.170033245],[32.990444398,-13.169681198],[32.98955907,-13.16873224],[32.988338942,-13.167743891],[32.987387404,-13.166661239],[32.986936459,-13.166492932],[32.984855352,-13.166272471],[32.984038158,-13.165739457],[32.98181412,-13.163009555],[32.981405639,-13.161290365],[32.98110528,-13.160828882],[32.980368104,-13.160206179],[32.979744963,-13.158362786],[32.979598211,-13.154111018],[32.980368494,-13.152908717],[32.980876942,-13.152452109],[32.982501889,-13.151667101],[32.982862424,-13.150799974],[32.983365171,-13.148227903],[32.984701743,-13.146821928],[32.985021444,-13.146027183],[32.983194859,-13.144835321],[32.982768699,-13.14423076],[32.981755554,-13.144172825],[32.981169459,-13.142828019],[32.980468227,-13.142358608],[32.980278139,-13.141790813],[32.980479655,-13.140215476],[32.98097249,-13.139093756],[32.981352952,-13.136296408],[32.980976863,-13.134825648],[32.980210462,-13.133358775],[32.978259092,-13.131250285],[32.978086388,-13.127484691],[32.978330948,-13.125769177],[32.977585632,-13.124487321],[32.977541166,-13.123806527],[32.978325731,-13.122085021],[32.978199728,-13.12086368],[32.977060231,-13.119197557],[32.976762714,-13.116018024],[32.975601426,-13.114818457],[32.975544706,-13.114132428],[32.977221863,-13.112208689],[32.977641255,-13.110781994],[32.978151377,-13.109804397],[32.978262556,-13.108369634],[32.978450673,-13.107975459],[32.981644204,-13.106518603],[32.981606981,-13.103945376],[32.981111702,-13.103882744],[32.980977163,-13.10304537],[32.981050327,-13.101297917],[32.981024254,-13.100201907],[32.981409297,-13.099361237],[32.981311124,-13.098410973],[32.981834372,-13.097416266],[32.982035391,-13.096469247],[32.9815718,-13.095633548],[32.981399399,-13.094585515],[32.980299858,-13.09375345],[32.980812333,-13.093025954],[32.981515668,-13.091350496],[32.98150884,-13.090454413],[32.981758256,-13.089863585],[32.981561325,-13.089387428],[32.981106238,-13.088841347],[32.981161158,-13.087575411],[32.980870876,-13.086388016],[32.980928643,-13.084695067],[32.981246258,-13.083322679],[32.981045294,-13.081848156],[32.981153383,-13.081562963],[32.982131254,-13.081099696],[32.98331648,-13.081508644],[32.983761696,-13.081388428],[32.984061311,-13.08088498],[32.985055475,-13.078081561],[32.985531127,-13.077489121],[32.987356362,-13.077073295],[32.989362461,-13.074756713],[32.990604984,-13.0736593],[32.990796835,-13.072733438],[32.990945004,-13.069592415],[32.992111977,-13.067704645],[32.992917099,-13.065039657],[32.993346323,-13.064206738],[32.994686605,-13.063400139],[32.996595613,-13.062974558],[32.996488476,-13.062344073],[32.99610135,-13.061911488],[32.996209799,-13.06138945],[32.996500959,-13.060796878],[32.996054754,-13.060111405],[32.995731202,-13.059089165],[32.995804814,-13.058342216],[32.99639907,-13.057018159],[32.996793649,-13.055444034],[32.996957917,-13.053733704],[32.997776265,-13.051254331],[32.998215283,-13.050591846],[32.999083747,-13.049878406],[32.999213826,-13.049276891],[32.997807845,-13.047295024],[32.996769698,-13.045012277],[32.996171234,-13.043471825],[32.994168478,-13.042580126],[32.993864542,-13.042277051],[32.992573304,-13.040132944],[32.991658454,-13.039931045],[32.990883043,-13.038685002],[32.989137881,-13.037929531],[32.988276391,-13.037401744],[32.986610462,-13.037076956],[32.985311798,-13.036193624],[32.985135738,-13.03512911],[32.985142712,-13.033493749],[32.986256104,-13.032686004],[32.987209932,-13.03107003],[32.987498734,-13.027120162],[32.987990282,-13.026331476],[32.989150563,-13.025256496],[32.989543523,-13.024917221],[32.991198228,-13.025024254],[32.992357147,-13.02464856],[32.993474678,-13.024643972],[32.994641612,-13.024139743],[32.995472895,-13.022935418],[32.995749347,-13.021140907],[32.995377792,-13.019501424],[32.996017826,-13.0175147],[32.997672592,-13.015494881],[32.997708862,-13.01279656],[32.997070154,-13.011232123],[32.997005439,-13.01076426],[32.99799911,-13.008648629],[32.998707544,-13.007593272],[32.998894864,-13.005850874],[32.999861754,-13.004759574],[33.001759374,-13.003542591],[33.005647377,-12.999724432],[33.00631724,-12.998627099],[33.006629118,-12.998366906],[33.009350466,-12.997611179],[33.009541678,-12.997350229],[33.009885457,-12.996047555],[33.010252911,-12.995416894],[33.011120013,-12.994796943],[33.011501956,-12.993832922],[33.013319875,-12.991871238],[33.014991643,-12.99043906],[33.015252258,-12.989943981],[33.015183918,-12.986077711],[33.014959692,-12.984897607],[33.014179929,-12.982783383],[33.012614318,-12.979831654],[33.010043359,-12.976667032],[33.009996245,-12.975496161],[33.011598299,-12.974190945],[33.013364547,-12.97303542],[33.014720317,-12.971420178],[33.015096646,-12.97003908],[33.015313199,-12.966617451],[33.014862914,-12.964881509],[33.015563071,-12.961220258],[33.015801766,-12.960593847],[33.017149208,-12.959451326],[33.017814036,-12.958341408],[33.01792706,-12.95700269],[33.017313363,-12.955281027],[33.017055362,-12.953511272],[33.017157146,-12.953004372],[33.017751184,-12.952382396],[33.018022312,-12.951250768],[33.017089888,-12.950135109],[33.017307603,-12.94971055],[33.017818758,-12.949238514],[33.018977609,-12.947747998],[33.019699239,-12.944482143],[33.020234449,-12.942813379],[33.02055397,-12.940970693],[33.020487379,-12.938278315],[33.019059402,-12.935615508],[33.019045353,-12.934139336],[33.019248119,-12.932910663],[33.019234542,-12.931839509],[33.019537292,-12.930852643],[33.020239975,-12.930221905],[33.02184843,-12.929798572],[33.023421331,-12.928305899],[33.024195839,-12.927313645],[33.025211675,-12.925379553],[33.026601435,-12.923009059],[33.028280725,-12.916149436],[33.028331724,-12.913857226],[33.028555788,-12.911866799],[33.028944274,-12.910239443],[33.026879485,-12.908748768],[33.024294793,-12.907902702],[33.023853212,-12.907591892],[33.022432432,-12.905856976],[33.022302499,-12.90547305],[33.022139749,-12.895561552],[33.022359023,-12.894282251],[33.022634422,-12.893590445],[33.022642183,-12.893081374],[33.021954775,-12.893289671],[33.021274929,-12.893252208],[33.018964425,-12.89213667],[33.015013942,-12.891786819],[33.01423169,-12.891315262],[33.013310957,-12.889877869],[33.012835539,-12.889669639],[33.007359095,-12.889460083],[33.005400927,-12.889093593],[33.004259661,-12.889119586],[33.003236377,-12.889352938],[33.002936551,-12.889063147],[33.002435581,-12.887872747],[32.995959554,-12.886827546],[32.993767106,-12.886758768],[32.992428727,-12.886361389],[32.991390393,-12.885879738],[32.988750317,-12.884020796],[32.987029729,-12.88367285],[32.986116448,-12.883717402],[32.984619431,-12.884002026],[32.978820368,-12.883899584],[32.976748913,-12.882959092],[32.975494479,-12.882172371],[32.973461281,-12.880978788],[32.973106772,-12.880416858],[32.97249956,-12.878315739],[32.971367717,-12.876224657],[32.969930628,-12.875541402],[32.969412911,-12.874231861],[32.969965766,-12.87265429],[32.969912858,-12.872544711],[32.968737849,-12.872239222],[32.96818619,-12.871595698],[32.967665295,-12.870766997],[32.966667378,-12.869649502],[32.966170986,-12.869332394],[32.965766514,-12.868854452],[32.964901619,-12.868447592],[32.962783902,-12.865559694],[32.9607595,-12.863096387],[32.958999728,-12.862184954],[32.957860236,-12.861296063],[32.956257858,-12.860415196],[32.955885297,-12.860025238],[32.955766625,-12.857662417],[32.953759413,-12.855395317],[32.953471569,-12.854738168],[32.953261414,-12.853720102],[32.951604467,-12.852382509],[32.949264622,-12.849529591],[32.948447314,-12.848956997],[32.948222215,-12.848511149],[32.948367498,-12.847774406],[32.949341658,-12.846735962],[32.949982888,-12.845559921],[32.950001832,-12.843862638],[32.950253141,-12.842759219],[32.953532168,-12.838193995],[32.954925899,-12.834939757],[32.955519285,-12.832249611],[32.955699387,-12.827519926],[32.955262979,-12.824822944],[32.955931205,-12.822183582],[32.955660815,-12.821749889],[32.95380111,-12.821069021],[32.952287986,-12.819391385],[32.951050065,-12.816551304],[32.949982656,-12.814643895],[32.949580337,-12.813477545],[32.949710621,-12.811550354],[32.950793504,-12.809673818],[32.950165384,-12.808237773],[32.949626887,-12.8074287],[32.948991851,-12.805582455],[32.947529236,-12.802558814],[32.946570801,-12.799372179],[32.946673229,-12.796902367],[32.946850405,-12.79487376],[32.946574829,-12.79192877],[32.946460127,-12.78782256],[32.945391993,-12.786967687],[32.945176204,-12.785100727],[32.943550018,-12.783536337],[32.942581601,-12.781859752],[32.941268871,-12.778042413],[32.940101002,-12.775630786],[32.938696931,-12.77384791],[32.938462882,-12.77307187],[32.939222389,-12.772124809],[32.939849317,-12.770845731],[32.943224951,-12.769096484],[32.947423288,-12.767614244],[32.94922752,-12.765791095],[32.951973019,-12.762011505],[32.953865875,-12.75915164],[32.95477237,-12.758586146],[32.955786162,-12.758192776],[32.957242439,-12.756677656],[32.959654517,-12.75487891],[32.960305474,-12.754211817],[32.960896019,-12.752998277],[32.962446697,-12.751618129],[32.963207304,-12.749531223],[32.963725825,-12.748792494],[32.964969994,-12.747913445],[32.967519827,-12.746473261],[32.969162828,-12.743182468],[32.970681096,-12.74066648],[32.971845122,-12.739808572],[32.973164327,-12.739008399],[32.974203471,-12.738089279],[32.975733533,-12.735937462],[32.976389786,-12.73537423],[32.977387505,-12.735113956],[32.978826095,-12.735250827],[32.981150924,-12.734910213],[32.984761952,-12.732728105],[32.987473146,-12.731665317],[32.990943474,-12.730624219],[32.993351014,-12.729431294],[32.99480794,-12.728124957],[32.996424507,-12.725605492],[32.998274542,-12.721037437],[32.998469748,-12.719410722],[32.999724321,-12.715201434],[33.001232256,-12.712051907],[33.003081176,-12.709323537],[33.004853923,-12.707495391],[33.005822211,-12.706738149],[33.008621012,-12.705210208],[33.009574503,-12.704092024],[33.00986055,-12.702357193],[33.009856467,-12.700274663],[33.009509434,-12.696652509],[33.009661261,-12.693485834],[33.010810807,-12.690275781],[33.012132745,-12.687373843],[33.01210661,-12.686636245],[33.011432529,-12.684393463],[33.011309134,-12.683364233],[33.011389421,-12.682615237],[33.012010265,-12.680982208],[33.012964567,-12.67710032],[33.014398313,-12.675316769],[33.015345326,-12.673753589],[33.01678572,-12.670119759],[33.018002996,-12.665944216],[33.019982151,-12.661900922],[33.020625207,-12.659301401],[33.021401229,-12.656743175],[33.020707715,-12.65552611],[33.019635163,-12.653990132],[33.019954644,-12.653659382],[33.021971523,-12.655357603],[33.023254822,-12.656116532],[33.023862883,-12.656300886],[33.026929554,-12.65591668],[33.02734456,-12.653817687],[33.028184814,-12.652779511],[33.031975399,-12.645925586],[33.033510429,-12.64281505],[33.034781009,-12.63980155],[33.035695682,-12.638271448],[33.036863942,-12.636961149],[33.038331797,-12.635646893],[33.039894177,-12.63496185],[33.042545601,-12.63293493],[33.042803897,-12.632583361],[33.043475181,-12.628783336],[33.044349939,-12.625861716],[33.045720236,-12.623506421],[33.047350271,-12.622574175],[33.051059657,-12.619389684],[33.052009922,-12.61878839],[33.052771565,-12.618039474],[33.053324622,-12.617813913],[33.054632959,-12.617699916],[33.056496985,-12.614464551],[33.056985044,-12.614015479],[33.057916233,-12.613542872],[33.058560112,-12.61288844],[33.060824841,-12.611756278],[33.062091514,-12.611701673],[33.062733151,-12.611534695],[33.064806134,-12.610347549],[33.067454558,-12.609559456],[33.068242877,-12.608717963],[33.069282217,-12.60822659],[33.070418136,-12.608147752],[33.071724117,-12.60874781],[33.07316581,-12.607167981],[33.073813332,-12.606362086],[33.076595537,-12.600708093],[33.077323379,-12.599562357],[33.077674396,-12.599245953],[33.079690857,-12.598853716],[33.082410786,-12.599172987],[33.083664574,-12.599132794],[33.084298297,-12.59889773],[33.08622562,-12.596695772],[33.087032633,-12.596084252],[33.088144654,-12.595717223],[33.089493844,-12.595631455],[33.090436628,-12.596164224],[33.091150161,-12.596875738],[33.092187398,-12.598416891],[33.092740527,-12.599779494],[33.094216869,-12.605139383],[33.095889241,-12.607867381],[33.096785748,-12.608225546],[33.099799561,-12.608527173],[33.100873533,-12.608875458],[33.102299792,-12.609699455],[33.106482473,-12.612649688],[33.114421418,-12.616689609],[33.115261218,-12.616742211],[33.115572567,-12.61662162],[33.122361697,-12.609214111],[33.125405887,-12.606649288],[33.127852903,-12.605451276],[33.129674808,-12.604919899],[33.132471159,-12.603641258],[33.135172514,-12.603487528],[33.135961059,-12.60326493],[33.13877773,-12.601276189],[33.14014293,-12.600845024],[33.14215873,-12.60048898],[33.144583522,-12.599683695],[33.149237965,-12.598780673],[33.151216135,-12.598797649],[33.152602222,-12.599282251],[33.154832513,-12.600525033],[33.157324382,-12.601127672],[33.160181734,-12.599640533],[33.160567211,-12.599585805],[33.160851128,-12.599761173],[33.161420609,-12.601158716],[33.163167339,-12.603242626],[33.164432967,-12.604538451],[33.164983324,-12.604905091],[33.166291483,-12.605359989],[33.168121596,-12.606302348],[33.170018618,-12.606873727],[33.172963926,-12.607459981],[33.175549248,-12.60828114],[33.176127672,-12.608597726],[33.17703644,-12.609836802],[33.178481515,-12.611158049],[33.180019355,-12.613043238],[33.180696411,-12.614186231],[33.180965465,-12.615079466],[33.180940964,-12.616477524],[33.180300826,-12.619321278],[33.17950928,-12.621770639],[33.17763824,-12.625592548],[33.175629416,-12.634796917],[33.175503895,-12.639186539],[33.175694641,-12.640694608],[33.176186874,-12.641652167],[33.177874792,-12.64231247],[33.180005273,-12.642581105],[33.180769145,-12.642563732],[33.18158763,-12.642345153],[33.185689305,-12.640307814],[33.18798644,-12.638355112],[33.190798014,-12.634808842],[33.193515575,-12.630255963],[33.195178013,-12.627862173],[33.195743545,-12.625961116],[33.196681623,-12.624254474],[33.197777108,-12.622562167],[33.198437402,-12.618365537],[33.198828266,-12.616775965],[33.199428376,-12.615350241],[33.201761198,-12.611281675],[33.202393217,-12.610432541],[33.204125029,-12.60901173],[33.209319792,-12.606236224],[33.212387618,-12.604945986],[33.218522992,-12.599881291],[33.221444392,-12.598136075],[33.224259619,-12.597288774],[33.227252654,-12.595845423],[33.228882624,-12.595605397],[33.23468785,-12.595517393],[33.235307693,-12.595347007],[33.235882821,-12.594684709],[33.23707679,-12.59145652],[33.238192435,-12.586908052],[33.239270285,-12.585092596],[33.239962487,-12.584290909],[33.243855122,-12.581588197],[33.24706131,-12.576820156],[33.248723235,-12.574966647],[33.250182797,-12.574187747],[33.250486658,-12.573874551],[33.251227988,-12.572096919],[33.253865659,-12.56872019],[33.256955258,-12.565426924],[33.258857262,-12.562348301],[33.260002925,-12.561322751],[33.261376488,-12.560479749],[33.263595581,-12.560418805],[33.264173931,-12.560251941],[33.264586799,-12.559613308],[33.26529893,-12.557187468],[33.265299309,-12.55552917],[33.264979513,-12.55326271],[33.264722408,-12.546243204],[33.26518414,-12.544937483],[33.265686055,-12.544216879],[33.266569521,-12.543591593],[33.272886252,-12.540683608],[33.275032166,-12.539853332],[33.276315184,-12.539636778],[33.277767451,-12.5396837],[33.281358069,-12.540762838],[33.284638008,-12.541029299],[33.287069044,-12.53910194],[33.287839388,-12.538300072],[33.28899319,-12.537634988],[33.290782585,-12.536056248],[33.291956813,-12.535659653],[33.2950108,-12.535429432],[33.300944254,-12.533930058],[33.3029084,-12.5333398],[33.304264007,-12.532337067],[33.305840677,-12.532060112],[33.307970222,-12.532536179],[33.309059833,-12.532943408],[33.310912928,-12.532660432],[33.312968825,-12.53182339],[33.313866434,-12.531092218],[33.316206407,-12.528481724],[33.31717262,-12.527928336],[33.318267851,-12.527924079],[33.320013943,-12.529187274],[33.32246543,-12.529931556],[33.324168401,-12.530692108],[33.32641162,-12.533308942],[33.328241404,-12.535062605],[33.329484677,-12.535736866],[33.330156103,-12.53656471],[33.330875644,-12.53814237],[33.331252753,-12.542012458],[33.331297228,-12.544586227],[33.331610424,-12.546199424],[33.331999109,-12.546746801],[33.334286904,-12.547034114],[33.338017005,-12.546703908],[33.343901202,-12.548256036],[33.345054214,-12.548122312],[33.347605404,-12.548426301],[33.351696519,-12.549810547],[33.353188554,-12.55072868],[33.354038608,-12.551859356],[33.355631079,-12.552595172],[33.357046453,-12.553649818],[33.357169543,-12.555534782],[33.358010618,-12.558180455],[33.358594538,-12.558755004],[33.362737483,-12.560030296],[33.363528885,-12.56059649],[33.364464522,-12.56045432],[33.365048384,-12.560516616],[33.365590204,-12.561169306],[33.366055341,-12.561172527],[33.366824399,-12.560686115],[33.36884367,-12.558303349],[33.370015333,-12.55711854],[33.37249308,-12.556020002],[33.375175581,-12.554419442],[33.376948358,-12.552809843],[33.379421175,-12.551384292],[33.383250526,-12.54715776],[33.384361058,-12.546240806],[33.384612481,-12.544185054],[33.387574998,-12.539041568],[33.389261437,-12.537895751],[33.393579281,-12.535537454],[33.394270629,-12.534904691],[33.39760029,-12.530233171],[33.400255515,-12.52731776],[33.401240373,-12.526684856],[33.40578341,-12.525370583],[33.407953777,-12.525120415],[33.410122789,-12.524294381],[33.410769297,-12.523703815],[33.41095263,-12.521951201],[33.411469861,-12.521054769],[33.412021441,-12.52043091],[33.412971407,-12.519756638],[33.413890744,-12.519599238],[33.414195515,-12.519372476],[33.414319256,-12.518571678],[33.415173043,-12.517471147],[33.415823087,-12.515795035],[33.415642262,-12.513680897],[33.414326479,-12.50892276],[33.413334475,-12.508039191],[33.410606201,-12.506557733],[33.408659737,-12.505733952],[33.408115888,-12.505357966],[33.409299294,-12.504754966],[33.412929062,-12.504479064],[33.415637895,-12.503199694],[33.417979438,-12.501705751],[33.4193671,-12.500738403],[33.421550661,-12.498165109],[33.422305384,-12.497066416],[33.424056481,-12.495482906],[33.424628066,-12.494613148],[33.425235874,-12.492424533],[33.426155671,-12.491286557],[33.426642578,-12.491044497],[33.428084938,-12.490823831],[33.42984206,-12.488017403],[33.430102303,-12.486594138],[33.430870171,-12.486584702],[33.431583003,-12.485993962],[33.433293918,-12.485265998],[33.436240092,-12.483288063],[33.43683385,-12.482721665],[33.43723636,-12.48180761],[33.437266834,-12.480814817],[33.435817858,-12.479351007],[33.435589684,-12.478725556],[33.435567106,-12.477740971],[33.436922124,-12.477704992],[33.462445832,-12.482934362],[33.466127643,-12.463135067],[33.467065202,-12.463941951],[33.472748081,-12.462555862],[33.474232065,-12.462374181],[33.47497858,-12.462123377],[33.476924849,-12.459182008],[33.478045084,-12.458063447],[33.480902239,-12.456297586],[33.480806383,-12.454840267],[33.479711336,-12.452408743],[33.479067027,-12.449890204],[33.478234535,-12.448535834],[33.47755775,-12.44763456],[33.477154016,-12.447423316],[33.475960299,-12.447477505],[33.475626283,-12.447365205],[33.475425374,-12.446482048],[33.475392878,-12.443926033],[33.47475407,-12.441016773],[33.47453226,-12.439004258],[33.473311121,-12.436695235],[33.472252715,-12.43389243],[33.471783638,-12.432182544],[33.470275615,-12.430436457],[33.469966579,-12.429755619],[33.469837619,-12.427879636],[33.470105292,-12.424943928],[33.47050727,-12.423644925],[33.47113553,-12.42267651],[33.472226514,-12.422346119],[33.473948726,-12.422065824],[33.47391561,-12.418167537],[33.474392465,-12.416971177],[33.474780208,-12.416553072],[33.477680604,-12.415655568],[33.478812572,-12.415718608],[33.479589415,-12.415925727],[33.481374296,-12.418003977],[33.482017578,-12.418057952],[33.482308125,-12.417947858],[33.48341758,-12.416720871],[33.485878036,-12.415434812],[33.488214587,-12.414638272],[33.489113331,-12.413726308],[33.490426684,-12.411991676],[33.492433979,-12.41073164],[33.493423026,-12.410719846],[33.495556619,-12.411831889],[33.496351911,-12.411250483],[33.498540823,-12.410502145],[33.499301877,-12.410437942],[33.50056819,-12.41154875],[33.501384406,-12.411814579],[33.502822666,-12.41180031],[33.503303306,-12.411089781],[33.505021204,-12.407137472],[33.505104421,-12.40620456],[33.504141001,-12.40382054],[33.504631883,-12.403656085],[33.505223643,-12.402885302],[33.505859961,-12.40241849],[33.506573459,-12.40217518],[33.50757366,-12.40153123],[33.506827002,-12.399400318],[33.507058313,-12.39896439],[33.509238508,-12.39777153],[33.509918706,-12.397158497],[33.511537539,-12.394584885],[33.511709438,-12.393390865],[33.511204926,-12.391971296],[33.511689217,-12.390883528],[33.516736174,-12.389677332],[33.517932211,-12.389643562],[33.52047836,-12.389808428],[33.52671723,-12.387734762],[33.527430526,-12.387576762],[33.528748547,-12.386200498],[33.531468419,-12.384387565],[33.531674208,-12.383809724],[33.53165232,-12.382108196],[33.53398775,-12.379911524],[33.534893186,-12.378669908],[33.537251994,-12.378255498],[33.537749291,-12.378285985],[33.53842437,-12.37865486],[33.538902731,-12.378511346],[33.544407735,-12.37521088],[33.548411504,-12.373069924],[33.548834744,-12.372251455],[33.549310557,-12.361612995],[33.549276607,-12.361005803],[33.548720415,-12.359697977],[33.548357931,-12.358243452],[33.547708685,-12.357610179],[33.547034099,-12.357354994],[33.546472146,-12.357496101],[33.543679615,-12.357472658],[33.542880054,-12.357069374],[33.542078871,-12.355559397],[33.540136769,-12.353517252],[33.540232148,-12.350570907],[33.540125907,-12.343086664],[33.539041069,-12.341845226],[33.53866011,-12.340011322],[33.538060376,-12.339334027],[33.534664801,-12.337620526],[33.531130515,-12.338060817],[33.529888936,-12.33802897],[33.527803535,-12.337378028],[33.525760663,-12.33935147],[33.524392958,-12.340139744],[33.52359164,-12.341542493],[33.522570383,-12.341855686],[33.521548573,-12.341874936],[33.518665692,-12.341052874],[33.517945912,-12.341253039],[33.515322582,-12.342488382],[33.512969431,-12.34289764],[33.512407236,-12.343487964],[33.512032588,-12.34366635],[33.511458417,-12.343625701],[33.510589486,-12.342852369],[33.509470034,-12.341397028],[33.508509642,-12.340689982],[33.506505986,-12.339735556],[33.50635267,-12.338971388],[33.505899958,-12.338733373],[33.503997309,-12.339677758],[33.50109573,-12.33907493],[33.498455881,-12.338194526],[33.496072584,-12.337191576],[33.493219565,-12.335390465],[33.485549662,-12.335441959],[33.475689785,-12.325220035],[33.457197666,-12.32829553],[33.455694464,-12.329033128],[33.438816894,-12.335202923],[33.423069681,-12.34358641],[33.412608857,-12.343669315],[33.397425015,-12.341638149],[33.392840055,-12.343625408],[33.386445361,-12.345125278],[33.381772085,-12.347501881],[33.374265724,-12.347295276],[33.37185118,-12.347128741],[33.36972508,-12.346360467],[33.369506735,-12.346011816],[33.369154471,-12.34447994],[33.368134286,-12.343423729],[33.36782804,-12.3417257],[33.367438346,-12.341223999],[33.367460382,-12.340332234],[33.367948409,-12.339625839],[33.368175268,-12.338750528],[33.367930777,-12.331122361],[33.367553702,-12.325996387],[33.363274685,-12.316470838],[33.350509576,-12.299713368],[33.345121884,-12.295998989],[33.335814686,-12.28425522],[33.332465989,-12.272557836],[33.330105534,-12.268482903],[33.330188733,-12.267096565],[33.330382481,-12.266068938],[33.329779426,-12.265039105],[33.329638251,-12.264308296],[33.329759814,-12.263511127],[33.330717613,-12.261576706],[33.330186485,-12.260317357],[33.32969309,-12.260199042],[33.329141246,-12.26026387],[33.326962113,-12.26138485],[33.325724611,-12.260714901],[33.323790229,-12.257413735],[33.31174854,-12.248644488],[33.3114839,-12.24786652],[33.311179631,-12.236590115],[33.31301039,-12.217120814],[33.31428222,-12.216477775],[33.314541415,-12.215833062],[33.315502572,-12.214846063],[33.316327821,-12.213075437],[33.317427245,-12.212434124],[33.317538538,-12.211251681],[33.318357062,-12.210676424],[33.31872566,-12.209405469],[33.318034978,-12.208853779],[33.315797058,-12.207124347],[33.314182616,-12.204879797],[33.31416031,-12.203691188],[33.311273346,-12.196517094],[33.311706787,-12.18955552],[33.30904381,-12.183351862],[33.308065934,-12.18078706],[33.308081629,-12.180428708],[33.309136494,-12.178405803],[33.310213169,-12.176978772],[33.31058913,-12.174483583],[33.310813061,-12.173992898],[33.313221746,-12.171307055],[33.313427219,-12.170902073],[33.313445428,-12.170207003],[33.312899393,-12.169220151],[33.312638427,-12.168385407],[33.312566199,-12.166821824],[33.312227305,-12.166535867],[33.310343006,-12.165991419],[33.308220171,-12.16574538],[33.307424687,-12.165786466],[33.306333622,-12.166152634],[33.305167096,-12.167015918],[33.304085278,-12.167197982],[33.3025481,-12.167158171],[33.300994692,-12.166315487],[33.299020888,-12.165620198],[33.29779849,-12.165531211],[33.296027458,-12.165672093],[33.294823193,-12.165974022],[33.293688437,-12.166062964],[33.291606341,-12.166940696],[33.290464348,-12.168381124],[33.289521439,-12.168371695],[33.288443703,-12.168802707],[33.284886599,-12.168940041],[33.283306314,-12.169446401],[33.282702395,-12.16898576],[33.282575985,-12.16796304],[33.282602552,-12.166773305],[33.282299303,-12.164982634],[33.280895428,-12.163753097],[33.28000671,-12.162119659],[33.276109248,-12.159628331],[33.272977033,-12.158273793],[33.27041187,-12.152607539],[33.263220997,-12.148295094],[33.259253411,-12.1425674],[33.25714585,-12.13992887],[33.256616136,-12.133710374],[33.258173145,-12.127804435],[33.263316145,-12.118284638],[33.26461407,-12.110893741],[33.269695312,-12.103923352],[33.269959416,-12.102660573],[33.268686595,-12.095916129],[33.274407511,-12.084149439],[33.274543078,-12.082646908],[33.273737209,-12.065854207],[33.274347259,-12.064611513],[33.283079012,-12.056084617],[33.283810123,-12.053988911],[33.285830721,-12.044980215],[33.286795663,-12.041257601],[33.290362978,-12.031233851],[33.291488785,-12.028697395],[33.293324438,-12.02571785],[33.298650544,-12.021350263],[33.300924764,-12.018872583],[33.302832758,-12.015978943],[33.30498011,-12.011588023],[33.306435808,-12.008168826],[33.308062786,-12.003679843],[33.30914747,-11.999118469],[33.310533784,-11.994340096],[33.310782327,-11.992387252],[33.310604796,-11.987931218],[33.309892904,-11.985584215],[33.308190372,-11.98265854],[33.307540784,-11.981167355],[33.307407338,-11.979074926],[33.308218688,-11.977596347],[33.308687459,-11.97623191],[33.313080876,-11.967238289],[33.313780641,-11.965005208],[33.314650803,-11.963798426],[33.313893127,-11.962595459],[33.313535927,-11.96160452],[33.313035152,-11.957445502],[33.312976788,-11.956325528],[33.312298417,-11.955540296],[33.312052393,-11.95495365],[33.311746113,-11.951389599],[33.311830739,-11.950661953],[33.312753047,-11.949023734],[33.314426582,-11.947015931],[33.316599582,-11.944880442],[33.317759305,-11.943397511],[33.318766236,-11.941758171],[33.320166526,-11.93849142],[33.321134452,-11.935046742],[33.323047285,-11.923100683],[33.324665269,-11.912933153],[33.325162357,-11.909542306],[33.325091344,-11.907838007],[33.324825047,-11.906222473],[33.323759885,-11.902443288],[33.323291491,-11.901276306],[33.321593979,-11.891265467],[33.320501141,-11.887532733],[33.319623382,-11.885637727],[33.317581773,-11.883170043],[33.314972486,-11.881203403],[33.310817834,-11.878625244],[33.309162794,-11.877412211],[33.306912147,-11.875145632],[33.305882466,-11.873689876],[33.305136835,-11.871595008],[33.304923797,-11.870174758],[33.305127396,-11.865173906],[33.305882466,-11.861804161],[33.309468596,-11.853975034],[33.312229376,-11.849692869],[33.316677121,-11.844320347],[33.3225901,-11.837914953],[33.325916901,-11.833911581],[33.328923433,-11.828270832],[33.330332066,-11.824549232],[33.331770069,-11.821957277],[33.332586712,-11.820164212],[33.332686602,-11.8184946],[33.332107378,-11.814660744],[33.332002465,-11.811369969],[33.332152172,-11.810294557],[33.333350048,-11.807516727],[33.33464425,-11.802969528],[33.335080597,-11.800181188],[33.33501787,-11.795873621],[33.333313537,-11.789246038],[33.332369489,-11.787036977],[33.330842233,-11.785249569],[33.326740442,-11.782007856],[33.325643176,-11.78142811],[33.323845329,-11.780834006],[33.323212569,-11.78045106],[33.322822776,-11.779982066],[33.322956034,-11.779021437],[33.323714684,-11.778093774],[33.324181321,-11.776895231],[33.324527655,-11.776188316],[33.324501094,-11.773483682],[33.325061004,-11.771347507],[33.325039477,-11.766768086],[33.32426349,-11.764946426],[33.324751432,-11.763249079],[33.325725177,-11.76050954],[33.326383421,-11.756641981],[33.326262266,-11.756292217],[33.325461422,-11.755253322],[33.32316158,-11.753359213],[33.321616208,-11.751626801],[33.320956725,-11.751020951],[33.319953149,-11.749683667],[33.318709366,-11.746708788],[33.31798968,-11.743423713],[33.316909317,-11.739907593],[33.314633876,-11.730828738],[33.314136494,-11.725104889],[33.314163604,-11.72324252],[33.314782825,-11.719541932],[33.314861882,-11.718573489],[33.316456189,-11.716570722],[33.316844884,-11.715230055],[33.316887707,-11.711455103],[33.316030708,-11.707134147],[33.314110844,-11.702663352],[33.313949437,-11.701983135],[33.313942216,-11.700285837],[33.314395532,-11.696837397],[33.316178734,-11.690941334],[33.316222314,-11.689551488],[33.31405814,-11.683875884],[33.313537469,-11.682711747],[33.312427598,-11.678951318],[33.3121509,-11.676777261],[33.312128774,-11.671676634],[33.313521946,-11.666028128],[33.31577167,-11.658807421],[33.316192606,-11.655278033],[33.315971423,-11.651853069],[33.316069691,-11.648288343],[33.316678302,-11.645159372],[33.317795402,-11.642067109],[33.3203534,-11.636012102],[33.320596247,-11.633939801],[33.320266531,-11.629358731],[33.318196728,-11.618189733],[33.315494375,-11.607207019],[33.312369709,-11.595900434],[33.311369372,-11.593827738],[33.310318926,-11.593157549],[33.306929027,-11.593271048],[33.304227927,-11.593458807],[33.301296245,-11.593323752],[33.298842197,-11.592556244],[33.296542968,-11.59140663],[33.294601141,-11.589049755],[33.293092917,-11.585661645],[33.29226515,-11.583052705],[33.290955856,-11.580286612],[33.28997405,-11.578859266],[33.289986894,-11.578201847],[33.28806945,-11.578222753],[33.28751504,-11.578371392],[33.285140407,-11.577988077],[33.28153272,-11.57685649],[33.280646599,-11.576952369],[33.280249884,-11.577328863],[33.280426627,-11.578204274],[33.279988555,-11.579141143],[33.278165949,-11.580225403],[33.277454116,-11.581095618],[33.276666797,-11.582371186],[33.275224626,-11.583146879],[33.274486992,-11.583114891],[33.272594735,-11.580314027],[33.269421295,-11.577432836],[33.266386432,-11.576826979],[33.265595871,-11.576934574],[33.264017277,-11.577443401],[33.26246819,-11.577620791],[33.257250597,-11.579848141],[33.254690375,-11.580598373],[33.252983064,-11.581374656],[33.252413409,-11.58143597],[33.250564868,-11.58215529],[33.249452137,-11.583030613],[33.249141829,-11.58343309],[33.245140212,-11.585983013],[33.243415086,-11.586636438],[33.23928209,-11.590212873],[33.237935335,-11.590554364],[33.236577004,-11.590333276],[33.23488155,-11.589500815],[33.23446103,-11.589159821],[33.233220282,-11.585197674],[33.232878586,-11.584811795],[33.230798197,-11.583603239],[33.228884847,-11.581248619],[33.227621359,-11.578978323],[33.226676431,-11.574775244],[33.226430093,-11.572902304],[33.226510833,-11.571194588],[33.22687121,-11.569287576],[33.228094312,-11.565952957],[33.23056035,-11.560790853],[33.232960127,-11.556734722],[33.237096112,-11.551196704],[33.241963409,-11.546073597],[33.250665746,-11.537868836],[33.254938405,-11.529204753],[33.255140434,-11.528175095],[33.255141718,-11.525034154],[33.254359562,-11.520156656],[33.249093851,-11.507794937],[33.246078826,-11.501585026],[33.242357069,-11.495697097],[33.239828755,-11.489028911],[33.238114788,-11.485376842],[33.238038476,-11.484778994],[33.23984006,-11.482636851],[33.241258032,-11.481760973],[33.241588992,-11.481001494],[33.241632479,-11.480226824],[33.240888244,-11.479436805],[33.23894409,-11.477926968],[33.23709086,-11.477444341],[33.235355878,-11.478271371],[33.234047051,-11.478028764],[33.233344753,-11.475739357],[33.233334017,-11.474890013],[33.234616942,-11.471502371],[33.238087967,-11.466611533],[33.238223946,-11.465439567],[33.238664348,-11.464504152],[33.23911621,-11.464056013],[33.245729519,-11.45968089],[33.247043631,-11.458163328],[33.247471574,-11.457235875],[33.247675031,-11.455138166],[33.247257878,-11.453887409],[33.246653104,-11.453350551],[33.243275632,-11.451640451],[33.239901528,-11.447336958],[33.237822592,-11.444633601],[33.235616374,-11.443832376],[33.234972564,-11.443035815],[33.232829725,-11.433882723],[33.233314439,-11.431717992],[33.232419558,-11.420916443],[33.232543679,-11.419926161],[33.233433614,-11.418286641],[33.237715921,-11.41238277],[33.238963417,-11.411462918],[33.240595139,-11.411213615],[33.245876934,-11.411305438],[33.246607325,-11.411653677],[33.251315264,-11.419513068],[33.252145682,-11.420041438],[33.256056598,-11.421392877],[33.256919849,-11.422130293],[33.257985075,-11.423563521],[33.260911942,-11.424740377],[33.264680124,-11.425420487],[33.266812363,-11.426725566],[33.267418948,-11.427488393],[33.26771305,-11.430190455],[33.268172585,-11.430916519],[33.277759338,-11.439105132],[33.278440796,-11.439466766],[33.279607235,-11.439451735],[33.28215224,-11.439024373],[33.283044744,-11.439139082],[33.287135605,-11.440346767],[33.289279809,-11.439935939],[33.290157447,-11.43993547],[33.292380005,-11.440414584],[33.296090707,-11.438681528],[33.297966321,-11.436976626],[33.298683691,-11.436657808],[33.29903894,-11.4362662],[33.299198271,-11.435786093],[33.299034248,-11.434294348],[33.298200202,-11.432696282],[33.297334524,-11.431997252],[33.295812569,-11.431640365],[33.295066577,-11.431308535],[33.293156828,-11.429881119],[33.292534889,-11.427974915],[33.291895923,-11.425885057],[33.291516811,-11.422439825],[33.291914781,-11.418907671],[33.292623231,-11.416736117],[33.29188029,-11.409594949],[33.291883979,-11.408558135],[33.292994141,-11.403889445],[33.293341429,-11.397589762],[33.293004751,-11.396615351],[33.28923319,-11.388279656],[33.289166315,-11.387690538],[33.289899474,-11.385099302],[33.290332936,-11.381945552],[33.290087836,-11.377829028],[33.290170295,-11.376392862],[33.290025791,-11.373042211],[33.291810116,-11.369637358],[33.293001134,-11.368590084],[33.294335896,-11.367994575],[33.294746592,-11.36797404],[33.297724137,-11.368918641],[33.301401514,-11.370841592],[33.303350515,-11.370908799],[33.30430692,-11.370639971],[33.306943499,-11.368272221],[33.308561634,-11.367083175],[33.31540144,-11.364166748],[33.317193957,-11.363642646],[33.317896683,-11.363619222],[33.317706545,-11.363261305],[33.3161459,-11.361207826],[33.313045146,-11.35460589],[33.312182685,-11.349944491],[33.311669315,-11.348465986],[33.310971132,-11.345159884],[33.309266744,-11.342202874],[33.308281074,-11.338855703],[33.308301609,-11.33764415],[33.309656905,-11.333639865],[33.310600053,-11.331557385],[33.311220793,-11.330977637],[33.313558516,-11.330066811],[33.315694135,-11.328608841],[33.317275314,-11.328588306],[33.32008971,-11.329144001],[33.32177118,-11.328970295],[33.323538426,-11.327623171],[33.323805378,-11.327212475],[33.324955327,-11.323659956],[33.325319129,-11.32170028],[33.32649008,-11.320366481],[33.327920812,-11.315434529],[33.328735049,-11.314341124],[33.330646568,-11.312185334],[33.331375505,-11.311933308],[33.333112545,-11.311879025],[33.334176989,-11.311593736],[33.334747084,-11.311167683],[33.335847527,-11.309185583],[33.337813643,-11.304601721],[33.338132841,-11.302703729],[33.337936681,-11.300849729],[33.339115993,-11.297776931],[33.340808319,-11.29473817],[33.341585947,-11.29362301],[33.342133364,-11.292475414],[33.343399678,-11.291145711],[33.345858331,-11.289055392],[33.346239773,-11.287603869],[33.347828934,-11.283863114],[33.34743019,-11.280890623],[33.347223136,-11.278950287],[33.348165942,-11.276092115],[33.348865956,-11.275308984],[33.351971812,-11.273453809],[33.353271648,-11.27194142],[33.354573921,-11.269611442],[33.354824057,-11.267902179],[33.355567517,-11.265963625],[33.356130323,-11.261773846],[33.354935229,-11.258195511],[33.354869782,-11.25573583],[33.35562019,-11.254610218],[33.357351992,-11.253299934],[33.359037478,-11.252660916],[33.360703791,-11.252183999],[33.363547027,-11.250866961],[33.365711793,-11.249387234],[33.367583695,-11.248255189],[33.367977674,-11.247801411],[33.369187171,-11.24515031],[33.371173642,-11.242952498],[33.372483234,-11.241320103],[33.379055558,-11.237721792],[33.380848807,-11.235372424],[33.381258753,-11.233767384],[33.38153661,-11.228010863],[33.381820944,-11.224985048],[33.381773482,-11.22159884],[33.381643156,-11.219715826],[33.383760208,-11.216710977],[33.384989464,-11.215322374],[33.386469124,-11.213205321],[33.39241053,-11.209380968],[33.39297761,-11.208888437],[33.393503202,-11.207696432],[33.39366255,-11.206922456],[33.392088439,-11.203141669],[33.391679481,-11.200520781],[33.39194866,-11.199175777],[33.390959709,-11.195325927],[33.390452721,-11.193679017],[33.390480445,-11.192037451],[33.392632353,-11.187994819],[33.39571289,-11.186161975],[33.397437444,-11.184716959],[33.398034541,-11.183669519],[33.398433488,-11.182120424],[33.399013262,-11.18171866],[33.399344292,-11.180913784],[33.398555581,-11.179256381],[33.398757899,-11.178512955],[33.398842352,-11.175802415],[33.399664864,-11.173501615],[33.400338624,-11.172113058],[33.400395779,-11.171099922],[33.401251923,-11.169550814],[33.401649366,-11.168063295],[33.404075595,-11.16299472],[33.405484568,-11.162672602],[33.406690702,-11.162034854],[33.407229897,-11.160802583],[33.407496192,-11.158875252],[33.407229897,-11.157524566],[33.406729088,-11.156682297],[33.404169338,-11.154242943],[33.402835539,-11.152707524],[33.401103669,-11.150887767],[33.400405751,-11.15039147],[33.399371799,-11.150050266],[33.398420227,-11.149033593],[33.39794905,-11.148103372],[33.397561317,-11.147731149],[33.395564497,-11.146641622],[33.393482376,-11.14580412],[33.393121785,-11.145540463],[33.392381216,-11.145470671],[33.389733006,-11.144563378],[33.38847269,-11.144852173],[33.384977352,-11.144224213],[33.384568602,-11.144027003],[33.382754446,-11.142200577],[33.381297257,-11.140386988],[33.380539312,-11.139824384],[33.379268088,-11.13749073],[33.377845317,-11.135844937],[33.376483263,-11.132557563],[33.37596173,-11.13049905],[33.375517615,-11.129628169],[33.375626505,-11.12836485],[33.376294884,-11.127242378],[33.376841933,-11.124773241],[33.376182888,-11.122072239],[33.374978241,-11.118520421],[33.374460606,-11.116517333],[33.374273525,-11.115079142],[33.372893067,-11.113761253],[33.371348094,-11.112702461],[33.370332517,-11.111530226],[33.369535972,-11.111008652],[33.36864672,-11.109385765],[33.368509945,-11.106020293],[33.367226097,-11.103610154],[33.365942833,-11.102642591],[33.364077277,-11.101416328],[33.362639379,-11.099393507],[33.361564523,-11.098349334],[33.360305856,-11.096599083],[33.359479349,-11.093930494],[33.35844524,-11.092560639],[33.357270133,-11.091457149],[33.355513737,-11.090743311],[33.353277307,-11.088409645],[33.35156055,-11.087953176],[33.350139823,-11.087445387],[33.349134708,-11.087225886],[33.347806156,-11.085792374],[33.344359677,-11.083231823],[33.343198786,-11.081711159],[33.34280444,-11.080900858],[33.341869893,-11.079609778],[33.341329693,-11.07837272],[33.33727431,-11.075851901],[33.334895365,-11.074175362],[33.332232176,-11.071398731],[33.330118912,-11.070369649],[33.329162348,-11.06995849],[33.329044468,-11.069285039],[33.329404015,-11.066746282],[33.329576481,-11.065392862],[33.33065371,-11.063247106],[33.331334363,-11.062220725],[33.330685042,-11.0597304],[33.329861489,-11.058394836],[33.329302129,-11.056537816],[33.329253511,-11.052162192],[33.328788938,-11.051065585],[33.326963183,-11.048741126],[33.326016082,-11.047931413],[33.322296371,-11.046794306],[33.320461958,-11.045502401],[33.320060159,-11.044856256],[33.319680085,-11.043481675],[33.318954866,-11.041763839],[33.318148617,-11.040163495],[33.317076206,-11.037155212],[33.317216517,-11.035962566],[33.317804239,-11.034319201],[33.317702951,-11.032965998],[33.317609767,-11.032192161],[33.31777993,-11.030885551],[33.317146995,-11.027640297],[33.315519191,-11.025760399],[33.314533538,-11.024011697],[33.313487007,-11.02252172],[33.309356291,-11.013858121],[33.308538674,-11.009627996],[33.308157582,-11.00860944],[33.307132096,-11.007542381],[33.306551519,-11.006131973],[33.305809587,-11.001583979],[33.302271301,-11.001236545],[33.300941979,-11.001183841],[33.297896273,-11.000331919],[33.297684002,-11.000162104],[33.297599094,-10.999758788],[33.298039448,-10.997336303],[33.29883734,-10.99530464],[33.298954801,-10.99280974],[33.299673782,-10.991785766],[33.300217868,-10.990125452],[33.29950963,-10.988535506],[33.298545785,-10.987680114],[33.29774714,-10.98730355],[33.293677904,-10.986561892],[33.292468548,-10.986079381],[33.29135607,-10.984940271],[33.289529952,-10.981790754],[33.291711595,-10.981563736],[33.292363618,-10.981641657],[33.293241772,-10.982137139],[33.295644329,-10.98290101],[33.302110501,-10.985709337],[33.303909168,-10.985965126],[33.307132039,-10.985836381],[33.307524289,-10.985131455],[33.308669456,-10.981688797],[33.308554939,-10.980653376],[33.308254333,-10.979484351],[33.308624127,-10.97812685],[33.310709285,-10.973839633],[33.311234153,-10.97101966],[33.311582474,-10.968280801],[33.311310497,-10.965589659],[33.310494566,-10.963604705],[33.309802694,-10.960460267],[33.30994584,-10.958866577],[33.310451622,-10.957764354],[33.310780857,-10.956977052],[33.310986033,-10.955626709],[33.310623397,-10.953775356],[33.310671112,-10.952711304],[33.31028939,-10.950907666],[33.310427764,-10.949519153],[33.310623397,-10.947348107],[33.31225526,-10.944666508],[33.312150286,-10.943783776],[33.311153037,-10.941569786],[33.310174396,-10.94070614],[33.308642736,-10.940357818],[33.307674115,-10.939985639],[33.305744817,-10.939927889],[33.30509749,-10.939226966],[33.304085449,-10.93680303],[33.302358155,-10.935299998],[33.300430458,-10.933901939],[33.300120309,-10.932919005],[33.300291715,-10.930135885],[33.299743358,-10.927916057],[33.296132901,-10.923464752],[33.295280389,-10.922692],[33.294175302,-10.921241574],[33.29293208,-10.920274623],[33.28961682,-10.918534112],[33.286948763,-10.916269162],[33.284939266,-10.914960159],[33.283849609,-10.913820972],[33.283198646,-10.908740626],[33.281904502,-10.90633489],[33.28034785,-10.904318318],[33.27964028,-10.901339452],[33.278748743,-10.900532823],[33.278225142,-10.900490369],[33.276838306,-10.900992742],[33.274850037,-10.900610656],[33.274722363,-10.901720298],[33.274830763,-10.902800442],[33.274361814,-10.904091896],[33.273034997,-10.905038242],[33.271863485,-10.905472015],[33.270246162,-10.905404419],[33.26950961,-10.905266373],[33.269155826,-10.905047026],[33.268172305,-10.90364604],[33.266739477,-10.902839411],[33.265186363,-10.903023379],[33.263371448,-10.901912495],[33.262812947,-10.901778238],[33.261468086,-10.901933723],[33.259854829,-10.902995076],[33.258889889,-10.9041818],[33.258227419,-10.905775823],[33.2568795,-10.906883169],[33.255903055,-10.907986977],[33.255379453,-10.908340762],[33.252053878,-10.909126162],[33.250652891,-10.909232299],[33.250299107,-10.909140315],[33.250325469,-10.908132484],[33.250463605,-10.907165534],[33.249908528,-10.906607217],[33.249434457,-10.905821815],[33.248910856,-10.903897227],[33.249542052,-10.901800359],[33.25002157,-10.900728405],[33.250049197,-10.900258744],[33.249809469,-10.899446617],[33.24793188,-10.898011899],[33.24651292,-10.897136874],[33.245592356,-10.896934746],[33.24501215,-10.896623415],[33.244800036,-10.896308059],[33.2446619,-10.894678056],[33.245435461,-10.892578392],[33.245684105,-10.89133517],[33.245766987,-10.889622286],[33.246236649,-10.888710589],[33.246844446,-10.888047538],[33.249330891,-10.886389908],[33.25040835,-10.884538887],[33.254745815,-10.881417017],[33.258693708,-10.877494283],[33.260144224,-10.874161632],[33.261072435,-10.872797344],[33.263503626,-10.870172763],[33.264470576,-10.868487505],[33.26502312,-10.866829876],[33.266321596,-10.866083943],[33.266929394,-10.866001061],[33.268338379,-10.86669174],[33.270065052,-10.866972729],[33.270716016,-10.866703852],[33.271708893,-10.865780044],[33.27289277,-10.865289649],[33.275134661,-10.865061738],[33.276956776,-10.865090595],[33.280853484,-10.865393264],[33.28236968,-10.865670801],[33.283699082,-10.866360215],[33.285245242,-10.867588314],[33.286695759,-10.868501077],[33.288238259,-10.869152042],[33.287779938,-10.869938178],[33.285974038,-10.871380885],[33.28550657,-10.871906169],[33.285577799,-10.875283129],[33.286278293,-10.877434139],[33.286940149,-10.87803069],[33.289937173,-10.87806411],[33.291025538,-10.878158296],[33.291959604,-10.876084976],[33.292482259,-10.875368037],[33.295115104,-10.874057606],[33.295873777,-10.872962541],[33.297144197,-10.872586783],[33.300956886,-10.872053564],[33.312232843,-10.868512494],[33.313460319,-10.867725192],[33.31496335,-10.866316994],[33.31557172,-10.864638609],[33.316560858,-10.86252184],[33.318772461,-10.860256557],[33.318897714,-10.858615748],[33.31938441,-10.856948098],[33.31919832,-10.854231906],[33.319522546,-10.851678542],[33.320037871,-10.851037964],[33.321673312,-10.849942898],[33.324160471,-10.84877626],[33.324704426,-10.848153575],[33.325499601,-10.845648523],[33.325900409,-10.841593917],[33.325628432,-10.838571749],[33.32617167,-10.836415615],[33.327155798,-10.8346585],[33.328640936,-10.833366609],[33.331514589,-10.829417572],[33.332523052,-10.827152289],[33.334355319,-10.825216241],[33.335071048,-10.823555749],[33.336058039,-10.822267437],[33.336705774,-10.82202051],[33.337374981,-10.822253123],[33.33872413,-10.823960137],[33.340038209,-10.824903109],[33.342131717,-10.826828422],[33.347038399,-10.827656879],[33.349224952,-10.828268827],[33.350561219,-10.829167067],[33.352261076,-10.829417572],[33.354447629,-10.829045393],[33.358869046,-10.829245798],[33.360452239,-10.828145363],[33.361819282,-10.8275191],[33.364703671,-10.827744554],[33.366425,-10.827358062],[33.3679903,-10.826270152],[33.369718786,-10.826005332],[33.372244595,-10.824065707],[33.374155592,-10.821898836],[33.38371845,-10.814759437],[33.387297097,-10.811230891],[33.387931929,-10.810880181],[33.389495657,-10.810391958],[33.39392787,-10.80766074],[33.395260914,-10.807071248],[33.395951606,-10.807081714],[33.399186149,-10.808053087],[33.400834453,-10.808835306],[33.402575073,-10.809450891],[33.403523216,-10.810342428],[33.405086944,-10.812861374],[33.405844043,-10.813392051],[33.410980995,-10.81342743],[33.41364004,-10.813257612],[33.418295846,-10.813717532],[33.419271097,-10.814048181],[33.421066862,-10.81570581],[33.422531102,-10.816479372],[33.425469182,-10.81634969],[33.42891649,-10.816076417],[33.431036337,-10.816286008],[33.431974066,-10.816949033],[33.434101358,-10.820070902],[33.435378654,-10.821120568],[33.436189695,-10.821345567],[33.440787348,-10.820779074],[33.441947472,-10.821093107],[33.443356457,-10.82175616],[33.443978485,-10.821854579],[33.445815275,-10.821700905],[33.447390023,-10.821977177],[33.448119843,-10.822250793],[33.448747501,-10.822264969],[33.450254712,-10.82120952],[33.453385117,-10.820291919],[33.454880003,-10.819689417],[33.456589868,-10.819573614],[33.458302753,-10.819822257],[33.458772414,-10.81971175],[33.464246474,-10.816374672],[33.465455425,-10.814821742],[33.466422376,-10.814269197],[33.466912218,-10.813682154],[33.466974919,-10.812583942],[33.465468218,-10.807288385],[33.464828561,-10.806292371],[33.465559777,-10.805669648],[33.465928824,-10.805524457],[33.468087946,-10.803622921],[33.468162336,-10.803338724],[33.467874842,-10.802379002],[33.468051055,-10.80146621],[33.468825939,-10.8002346],[33.469070304,-10.800050833],[33.471085379,-10.799855601],[33.471504342,-10.799605064],[33.472241629,-10.798586166],[33.474052218,-10.79746434],[33.474696894,-10.79608137],[33.475380212,-10.795299164],[33.476169394,-10.794672075],[33.476496476,-10.794122767],[33.476757757,-10.793151877],[33.477898399,-10.794045383],[33.47832791,-10.794667511],[33.478895466,-10.79492358],[33.480078032,-10.794117171],[33.480840345,-10.794021974],[33.481453048,-10.793498209],[33.482031723,-10.793300181],[33.483127967,-10.793578568],[33.485501733,-10.793555022],[33.488246354,-10.792071602],[33.491323272,-10.791886175],[33.493510139,-10.791977417],[33.496962034,-10.791400531],[33.497697857,-10.790832476],[33.499214579,-10.788919504],[33.500052491,-10.786691261],[33.500106599,-10.785326252],[33.500631177,-10.784070023],[33.50185626,-10.782734747],[33.503058491,-10.782166092],[33.504266709,-10.777657823],[33.505070883,-10.776832827],[33.507481616,-10.77597313],[33.513038524,-10.775753729],[33.514469874,-10.776115482],[33.516051845,-10.775388107],[33.518733991,-10.771029619],[33.520253874,-10.769643842],[33.522176078,-10.767252263],[33.524144059,-10.765390394],[33.524995612,-10.765693538],[33.52701336,-10.765703532],[33.528645538,-10.76527155],[33.530907068,-10.764995222],[33.531282227,-10.764584239],[33.531554068,-10.763548752],[33.531452078,-10.762578178],[33.531148699,-10.761799026],[33.531211304,-10.760152907],[33.531676409,-10.758991286],[33.532071372,-10.758695923],[33.532785128,-10.758537869],[33.53327407,-10.757813937],[33.534131546,-10.755814334],[33.534503735,-10.753945713],[33.534759814,-10.753170995],[33.536224306,-10.751239655],[33.535686553,-10.750765584],[33.533698284,-10.749980182],[33.532573249,-10.749208931],[33.531745393,-10.748013139],[33.531081541,-10.74586199],[33.531109803,-10.745268481],[33.532151781,-10.743918392],[33.534501529,-10.74173889],[33.535203049,-10.740435497],[33.535775482,-10.739171828],[33.535530888,-10.736861849],[33.535641193,-10.736384697],[33.536252608,-10.735404256],[33.536309214,-10.73416601],[33.536606866,-10.732912603],[33.536907038,-10.732387301],[33.537393456,-10.732126509],[33.537694921,-10.732239559],[33.539719697,-10.735708511],[33.540568781,-10.736557594],[33.541339537,-10.736786657],[33.542877534,-10.736316528],[33.545250263,-10.735155804],[33.546213612,-10.734952744],[33.548106758,-10.735104825],[33.549742147,-10.734727447],[33.550201939,-10.73437995],[33.5507053,-10.733427023],[33.550890053,-10.732012086],[33.550965096,-10.730161026],[33.551140196,-10.729460625],[33.553916788,-10.725608416],[33.556595809,-10.723233303],[33.557368767,-10.721831251],[33.558388985,-10.716299021],[33.55911977,-10.714076806],[33.561321032,-10.711950588],[33.564572896,-10.707798207],[33.567814061,-10.704071459],[33.568445252,-10.702696028],[33.576198545,-10.693548461],[33.579526468,-10.6905133],[33.581002314,-10.687486565],[33.58136301,-10.68521579],[33.582201459,-10.683925146],[33.583452049,-10.682788665],[33.585110592,-10.682304774],[33.586542549,-10.68130617],[33.587588254,-10.680166259],[33.588076369,-10.678506417],[33.588901842,-10.676955528],[33.592153706,-10.673053291],[33.593939737,-10.670288583],[33.595588371,-10.667386985],[33.596931444,-10.6636479],[33.596831387,-10.660871309],[33.597431731,-10.659670619],[33.597856975,-10.659195348],[33.60048348,-10.65759443],[33.603009929,-10.655368154],[33.604810961,-10.654892882],[33.60636185,-10.655092996],[33.607362423,-10.655468211],[33.608813255,-10.656518814],[33.611039531,-10.659395463],[33.61183999,-10.660646179],[33.612640905,-10.662671892],[33.613253255,-10.663453815],[33.613743135,-10.663764701],[33.614741653,-10.664023114],[33.616912024,-10.663660525],[33.61873695,-10.661401339],[33.620175636,-10.658564436],[33.621538961,-10.657580884],[33.628363046,-10.650834346],[33.629536582,-10.649748695],[33.630488179,-10.648589268],[33.631063509,-10.647538665],[33.634790646,-10.642810956],[33.636341535,-10.641785368],[33.637342108,-10.641385139],[33.638148579,-10.641315009],[33.640770474,-10.639781396],[33.641101339,-10.639186873],[33.641406355,-10.636550294],[33.641401185,-10.634761557],[33.641904723,-10.633805794],[33.646446872,-10.629173045],[33.646808756,-10.628464788],[33.64672087,-10.628144262],[33.6458331,-10.627037833],[33.645522214,-10.626076915],[33.645908466,-10.624710904],[33.649834269,-10.622299199],[33.651435186,-10.620423123],[33.651935473,-10.620147964],[33.65331319,-10.620556345],[33.654924142,-10.621432476],[33.655828535,-10.621677416],[33.656900619,-10.621677416],[33.660706351,-10.620306903],[33.661735134,-10.62017249],[33.664662769,-10.619134884],[33.666263686,-10.61835944],[33.667639475,-10.617233795],[33.668514977,-10.616008091],[33.66933415,-10.614381031],[33.670247964,-10.613552003],[33.672386479,-10.61314691],[33.673394501,-10.61145117],[33.673667703,-10.610188788],[33.674082217,-10.60935034],[33.674996032,-10.608351739],[33.675862742,-10.608238689],[33.677030918,-10.608813355],[33.677596164,-10.609265553],[33.678820884,-10.60947935],[33.679565105,-10.609331499],[33.680196673,-10.608678891],[33.681077138,-10.608135061],[33.681632963,-10.607984328],[33.682472978,-10.608378719],[33.68285361,-10.608711129],[33.68371179,-10.60824585],[33.684101205,-10.607466185],[33.685420112,-10.605600874],[33.685347764,-10.604306413],[33.685257549,-10.603448311],[33.686545312,-10.598072812],[33.68669969,-10.595629535],[33.686455965,-10.594891162],[33.688821617,-10.594895991],[33.692795061,-10.59393078],[33.693834743,-10.594079274],[33.694825058,-10.593670287],[33.695150244,-10.593345102],[33.696447381,-10.590500684],[33.696402813,-10.588781185],[33.696991017,-10.588045931],[33.698265459,-10.587666048],[33.700557004,-10.587114608],[33.701614168,-10.58637013],[33.704735477,-10.580749833],[33.705293811,-10.58001228],[33.706108424,-10.579470818],[33.706347408,-10.578582109],[33.705989156,-10.575385902],[33.706346959,-10.574223043],[33.708288087,-10.571568346],[33.708876119,-10.568491495],[33.709030481,-10.567245886],[33.708759125,-10.566942749],[33.708255241,-10.566768816],[33.70768872,-10.567007351],[33.706853847,-10.567633507],[33.705707594,-10.567842225],[33.704915748,-10.567842225],[33.703842339,-10.567484422],[33.702258795,-10.56633982],[33.701778335,-10.566386924],[33.700711564,-10.567156435],[33.700384062,-10.56878922],[33.700145042,-10.569034901],[33.697908774,-10.569780324],[33.695419316,-10.570522641],[33.694390379,-10.571330803],[33.692593646,-10.571875291],[33.690786814,-10.571871413],[33.689315541,-10.572404212],[33.68526938,-10.574837353],[33.683471428,-10.576250593],[33.68171223,-10.576250593],[33.67914588,-10.57577001],[33.678014933,-10.575057917],[33.677355934,-10.574290949],[33.677329145,-10.573090001],[33.677761027,-10.570951286],[33.677686947,-10.568170211],[33.678372736,-10.56682845],[33.678670905,-10.565784858],[33.678342919,-10.564443097],[33.677418595,-10.562564632],[33.677537863,-10.560477448],[33.677925483,-10.559612758],[33.679625046,-10.557585209],[33.681555713,-10.553791356],[33.681282511,-10.552971749],[33.679147976,-10.552426884],[33.676996061,-10.552425344],[33.675611208,-10.551973147],[33.674848126,-10.551210065],[33.673397327,-10.550352775],[33.673152387,-10.549928841],[33.673105283,-10.549175179],[33.673303862,-10.548431418],[33.673180649,-10.546998982],[33.67294513,-10.546593888],[33.671266349,-10.545444555],[33.670738786,-10.544577844],[33.670625737,-10.544125647],[33.671002568,-10.542995155],[33.67113922,-10.541855631],[33.671596076,-10.540960269],[33.672364205,-10.537927633],[33.673310656,-10.537389797],[33.673751116,-10.536922092],[33.674959291,-10.531694943],[33.675182327,-10.529825668],[33.675081761,-10.529377433],[33.674614938,-10.528908541],[33.673632684,-10.528458771],[33.672076535,-10.527041083],[33.671539552,-10.52675846],[33.671246495,-10.526754526],[33.670829059,-10.526993061],[33.670560707,-10.527529765],[33.670173087,-10.529527499],[33.668085903,-10.532181203],[33.667177736,-10.533117479],[33.665774646,-10.53391804],[33.664954434,-10.533447206],[33.664323517,-10.532587949],[33.662305736,-10.531607156],[33.660523892,-10.529070526],[33.659314167,-10.528331251],[33.659124862,-10.527964318],[33.658812845,-10.52574075],[33.658484859,-10.525382948],[33.657918338,-10.52517423],[33.655085303,-10.52595833],[33.653177449,-10.525889836],[33.65249166,-10.525621484],[33.651446936,-10.52467647],[33.649961631,-10.522607243],[33.647565023,-10.519782763],[33.644183641,-10.513351452],[33.644072199,-10.512422767],[33.645007617,-10.509490537],[33.644347018,-10.50698413],[33.638985157,-10.503531939],[33.638421653,-10.503066662],[33.637570283,-10.50187104],[33.636789025,-10.500709543],[33.636117885,-10.500109801],[33.63324769,-10.496082961],[33.632262478,-10.495315532],[33.631484163,-10.495204767],[33.6302347,-10.495483218],[33.628731775,-10.496225757],[33.625511731,-10.496861197],[33.623206207,-10.496761227],[33.621948977,-10.496497069],[33.621770482,-10.496261456],[33.62207182,-10.49493067],[33.623027085,-10.493908896],[33.624005235,-10.493509068],[33.625690225,-10.493244895],[33.627408441,-10.492186483],[33.631088618,-10.488861066],[33.63238092,-10.487625883],[33.633758899,-10.485983732],[33.634228162,-10.48167609],[33.634772749,-10.480100547],[33.637236863,-10.475056949],[33.638237265,-10.471472972],[33.638079299,-10.469841868],[33.637748612,-10.469215941],[33.635413902,-10.466302908],[33.63474967,-10.465228527],[33.63434851,-10.463543655],[33.633626422,-10.46238029],[33.633143449,-10.460790992],[33.633257686,-10.460226949],[33.633628955,-10.459334476],[33.632879277,-10.458734733],[33.630930115,-10.457970776],[33.62914374,-10.457792281],[33.628551138,-10.457592367],[33.627134555,-10.456442465],[33.62565136,-10.454678017],[33.624323175,-10.452556743],[33.623973106,-10.451494989],[33.622973536,-10.450666774],[33.622209579,-10.450424021],[33.621595557,-10.450559677],[33.619316537,-10.45178772],[33.618052795,-10.452944366],[33.616383512,-10.452922946],[33.615553155,-10.452551678],[33.614205877,-10.451416451],[33.613213447,-10.451088021],[33.611826186,-10.451716322],[33.610498186,-10.453322775],[33.609545024,-10.45380114],[33.608745368,-10.453594086],[33.607874314,-10.453001483],[33.606503475,-10.451937656],[33.605104076,-10.451437871],[33.604871268,-10.450786765],[33.60465427,-10.449995633],[33.604068948,-10.449543167],[33.602912162,-10.449560107],[33.602512334,-10.449403031],[33.601748376,-10.448360622],[33.600914449,-10.448178558],[33.599914879,-10.448335632],[33.59886533,-10.447864407],[33.597051824,-10.445936665],[33.594631436,-10.443594814],[33.593796081,-10.442816578],[33.59181836,-10.441824147],[33.590520347,-10.44106019],[33.588671142,-10.44104591],[33.58858417,-10.440637415],[33.58940654,-10.439132447],[33.589120949,-10.43735464],[33.588328432,-10.436640661],[33.58772155,-10.436583543],[33.586629163,-10.43735464],[33.585579614,-10.437233264],[33.584965592,-10.437076189],[33.583569669,-10.437548482],[33.58237028,-10.438090038],[33.581256473,-10.43804006],[33.579471526,-10.437747329],[33.577429547,-10.438368489],[33.575359008,-10.439396619],[33.574595051,-10.439425178],[33.573595481,-10.438903974],[33.572995739,-10.437525995],[33.572104514,-10.433276128],[33.57127505,-10.430454035],[33.571353588,-10.430211283],[33.572638749,-10.429183154],[33.572653029,-10.426584271],[33.572460255,-10.424485174],[33.572567352,-10.424192442],[33.573416986,-10.423171453],[33.57330275,-10.421215151],[33.572906834,-10.419797149],[33.569769983,-10.413996826],[33.566335745,-10.410337685],[33.564864949,-10.409702244],[33.563986755,-10.409695104],[33.56348697,-10.409438072],[33.563078413,-10.409005944],[33.56178947,-10.408245718],[33.563171504,-10.407266426],[33.564007233,-10.405374579],[33.564743142,-10.404038735],[33.564975845,-10.403114651],[33.565622798,-10.402209771],[33.565993971,-10.400998608],[33.565884136,-10.399875859],[33.565650314,-10.399288002],[33.564566747,-10.399067919],[33.561783493,-10.397492554],[33.561005797,-10.397110686],[33.561952257,-10.393036153],[33.562410545,-10.392468748],[33.563260821,-10.392026894],[33.56333281,-10.391371417],[33.563087119,-10.390366482],[33.562553534,-10.389383406],[33.562730527,-10.387962313],[33.563243708,-10.387655139],[33.56590188,-10.386698954],[33.565883623,-10.385796269],[33.565450412,-10.385027138],[33.563720269,-10.383411931],[33.563278993,-10.382930539],[33.563118529,-10.382288683],[33.563532664,-10.379322449],[33.563232793,-10.378972599],[33.560039449,-10.377575238],[33.557371137,-10.377027371],[33.55537244,-10.377291159],[33.554794136,-10.377230285],[33.553840443,-10.376672273],[33.553293495,-10.375206361],[33.552888947,-10.37338293],[33.551979774,-10.372721715],[33.551330054,-10.372621758],[33.550554177,-10.372729126],[33.549498244,-10.372654408],[33.549356179,-10.370823743],[33.549528349,-10.370048172],[33.550262449,-10.368496087],[33.551838692,-10.366822974],[33.554045236,-10.363395361],[33.556275181,-10.360362751],[33.557144335,-10.358499828],[33.555215526,-10.353547817],[33.555222666,-10.351898526],[33.555656951,-10.351279009],[33.557935785,-10.348985492],[33.558135699,-10.347821707],[33.557351665,-10.346820764],[33.556298807,-10.343977897],[33.554665762,-10.338943382],[33.554465848,-10.338836285],[33.552907041,-10.339559405],[33.550674993,-10.340208728],[33.549893777,-10.340107271],[33.546606579,-10.338615857],[33.545044145,-10.338169448],[33.544209928,-10.338437401],[33.54278703,-10.339268206],[33.541889128,-10.339437038],[33.541525502,-10.339371094],[33.540789036,-10.337386986],[33.540908984,-10.336448704],[33.541545561,-10.334954056],[33.541836977,-10.332310533],[33.542093038,-10.33157836],[33.542456999,-10.331260245],[33.543757595,-10.329094045],[33.544685768,-10.326773614],[33.544785513,-10.325323953],[33.543484668,-10.320674111],[33.54344849,-10.318602879],[33.543541917,-10.316899592],[33.543443032,-10.316436784],[33.54094573,-10.312294892],[33.539922642,-10.311147679],[33.538607648,-10.308074071],[33.538413464,-10.3040798],[33.538936887,-10.303118132],[33.54070742,-10.300676714],[33.542239303,-10.300447284],[33.543943776,-10.300104868],[33.54481884,-10.299693968],[33.545556822,-10.298810637],[33.545788414,-10.298305823],[33.545756736,-10.296882894],[33.545306929,-10.295554894],[33.54522679,-10.294775614],[33.545664435,-10.292401582],[33.546216119,-10.291556079],[33.545926731,-10.289272124],[33.546217041,-10.286009438],[33.546425797,-10.285149792],[33.548092874,-10.282853212],[33.548192423,-10.280283977],[33.548563227,-10.275684949],[33.548935369,-10.274339015],[33.549679666,-10.273514131],[33.550161058,-10.272671695],[33.550363327,-10.271925767],[33.550576668,-10.270335965],[33.551123843,-10.269141486],[33.551306053,-10.268250035],[33.55133997,-10.266967952],[33.551926163,-10.264728725],[33.553589181,-10.261959242],[33.553931963,-10.260235733],[33.553818844,-10.256708579],[33.554488458,-10.255635674],[33.555648869,-10.255095417],[33.558479512,-10.253071355],[33.559643728,-10.251952795],[33.559852279,-10.251367595],[33.560715296,-10.250071535],[33.562394509,-10.248921905],[33.562812851,-10.248342662],[33.562845031,-10.24766688],[33.562362329,-10.246540575],[33.561879627,-10.245896973],[33.561654366,-10.244963749],[33.561590006,-10.243837445],[33.561949579,-10.240846565],[33.562362329,-10.239911469],[33.563882625,-10.238345496],[33.564067876,-10.237884121],[33.564205752,-10.23596295],[33.563970139,-10.23529895],[33.561416263,-10.23232238],[33.560721142,-10.231930797],[33.558620853,-10.231771165],[33.557792751,-10.232059518],[33.555948726,-10.233066615],[33.554806411,-10.233101231],[33.552192696,-10.231673872],[33.551195824,-10.231319375],[33.550015061,-10.231224065],[33.547923103,-10.231716711],[33.546168123,-10.232828228],[33.545103276,-10.234151171],[33.543294935,-10.234725466],[33.542956127,-10.233638361],[33.542069575,-10.232354711],[33.539800648,-10.226416149],[33.539600432,-10.224573585],[33.539468527,-10.220410949],[33.537055876,-10.214810969],[33.535092888,-10.211496416],[33.533947908,-10.210376081],[33.530040608,-10.208503664],[33.528431602,-10.208374943],[33.527104401,-10.208619337],[33.524023612,-10.209856847],[33.521770315,-10.21017703],[33.520901451,-10.21001613],[33.518528599,-10.206991627],[33.516443781,-10.203664486],[33.515558363,-10.202639491],[33.513749698,-10.199671202],[33.513596562,-10.199010526],[33.514014904,-10.196822277],[33.513886184,-10.193572084],[33.512824239,-10.189839189],[33.512852468,-10.188520997],[33.512410588,-10.185352228],[33.511845318,-10.184396389],[33.511414588,-10.184531933],[33.509498893,-10.185794002],[33.508705183,-10.185527052],[33.507643239,-10.184851269],[33.505149351,-10.184958243],[33.504436367,-10.184795143],[33.503787324,-10.184267255],[33.503138021,-10.182759561],[33.502108467,-10.181480697],[33.498206523,-10.178075546],[33.497925881,-10.177771995],[33.497290143,-10.177663175],[33.494821646,-10.178276004],[33.494148545,-10.178125599],[33.49091157,-10.175804643],[33.489937916,-10.175564093],[33.486437431,-10.175743788],[33.483609031,-10.175714016],[33.482388353,-10.175565152],[33.479381316,-10.174671973],[33.477561067,-10.174767989],[33.476490048,-10.175105904],[33.475897917,-10.175148334],[33.470290169,-10.173639697],[33.469139529,-10.173272659],[33.464345157,-10.172276581],[33.461893963,-10.171461184],[33.461131072,-10.170859544],[33.460344857,-10.169818128],[33.459274681,-10.169327483],[33.457537223,-10.169621389],[33.456912819,-10.169787292],[33.456571368,-10.168061339],[33.455315065,-10.165689971],[33.452087437,-10.162557404],[33.451162088,-10.162211379],[33.447183846,-10.161947897],[33.445553002,-10.161367015],[33.444035698,-10.160619586],[33.4424147,-10.160372569],[33.440056148,-10.160283287],[33.439143159,-10.160394856],[33.438940255,-10.159633409],[33.438401882,-10.158510845],[33.438419064,-10.157416917],[33.43903762,-10.156010847],[33.439077712,-10.154241089],[33.438762707,-10.152694699],[33.438018148,-10.151302948],[33.436529032,-10.149659191],[33.435291919,-10.147328152],[33.435148735,-10.145942128],[33.435211736,-10.145157478],[33.435652744,-10.143903184],[33.435660197,-10.14326184],[33.43524338,-10.14213048],[33.434004406,-10.140312122],[33.43295057,-10.139241103],[33.431427089,-10.138238813],[33.430262574,-10.136618101],[33.429587059,-10.136369953],[33.427953414,-10.136094232],[33.427174503,-10.135549684],[33.426788494,-10.134364085],[33.425871723,-10.133302561],[33.424755055,-10.132613259],[33.423364097,-10.132633008],[33.422322055,-10.132245964],[33.421214513,-10.132037555],[33.418564748,-10.130846649],[33.41475385,-10.127720523],[33.414307261,-10.127065525],[33.414081651,-10.123655928],[33.413354536,-10.122808037],[33.411989724,-10.121652033],[33.41116311,-10.120266317],[33.410823862,-10.119384184],[33.41046659,-10.118937594],[33.409960456,-10.118818504],[33.408293188,-10.119146003],[33.40693914,-10.118831615],[33.404900196,-10.116844217],[33.404167092,-10.115441011],[33.404095246,-10.114471699],[33.405702028,-10.112250865],[33.405547388,-10.111844222],[33.404510734,-10.112170682],[33.403112749,-10.111821934],[33.399722652,-10.1100401],[33.398706398,-10.109737849],[33.397612115,-10.109937007],[33.394782794,-10.110778931],[33.394347514,-10.11049829],[33.394359593,-10.107028539],[33.394180957,-10.106373541],[33.393704595,-10.10568877],[33.390965512,-10.103842866],[33.388047794,-10.102562643],[33.385691475,-10.101066656],[33.384140546,-10.100802998],[33.380902361,-10.101520601],[33.379462938,-10.102002324],[33.37649601,-10.104200137],[33.37460247,-10.104616955],[33.370702255,-10.104646728],[33.367446261,-10.104078223],[33.366349459,-10.104131726],[33.364701579,-10.104452741],[33.361256014,-10.104645351],[33.360728421,-10.104527637],[33.359716151,-10.103753548],[33.358838383,-10.1026432],[33.357441281,-10.100012028],[33.356977068,-10.100091514],[33.356709115,-10.101490828],[33.356484434,-10.10353667],[33.355875481,-10.104527637],[33.354237986,-10.105658998],[33.352625331,-10.107941018],[33.35146913,-10.109797394],[33.350872755,-10.110249149],[33.350305745,-10.110329332],[33.350093832,-10.110220512],[33.349996467,-10.108828761],[33.349385046,-10.108040809],[33.347493606,-10.106875727],[33.347420052,-10.106641495],[33.349355273,-10.103158096],[33.349950726,-10.100925148],[33.349801863,-10.09958538],[33.349597805,-10.09871994],[33.35021868,-10.096518798],[33.350397315,-10.094702667],[33.350129362,-10.093333125],[33.349838566,-10.092698227],[33.347158088,-10.090135454],[33.345649315,-10.088888845],[33.343728244,-10.086664055],[33.343118644,-10.084357177],[33.34282438,-10.083848903],[33.342166298,-10.083308527],[33.341108252,-10.08300202],[33.339232576,-10.081781342],[33.338624428,-10.081355683],[33.338049811,-10.081243328],[33.33471125,-10.081537591],[33.334122722,-10.081328932],[33.332512295,-10.079964616],[33.330035741,-10.076732775],[33.329164891,-10.075616302],[33.327601828,-10.07530369],[33.324053539,-10.07525104],[33.324006781,-10.075080394],[33.325927117,-10.072557164],[33.32664166,-10.070592169],[33.326414414,-10.069778109],[33.325633206,-10.068381126],[33.325532108,-10.067921591],[33.325182862,-10.067489629],[33.322931144,-10.06602831],[33.322361321,-10.065421724],[33.321304915,-10.063000147],[33.319758532,-10.062183547],[33.318521374,-10.062057306],[33.316734388,-10.062068008],[33.31594584,-10.061972991],[33.315298285,-10.061705037],[33.315097319,-10.061414753],[33.315008002,-10.059807032],[33.314561412,-10.058310956],[33.313891528,-10.056948858],[33.314118112,-10.056760553],[33.315432262,-10.0572838],[33.316593395,-10.057172153],[33.317106973,-10.057015847],[33.318826342,-10.055676078],[33.319920487,-10.054369803],[33.320185303,-10.052662255],[33.31991244,-10.050714763],[33.320032134,-10.05023885],[33.321997128,-10.048340844],[33.322510706,-10.04767096],[33.322744488,-10.046735463],[33.322818818,-10.045901331],[33.323406638,-10.04552419],[33.324609677,-10.044299209],[33.325815469,-10.042401203],[33.327713475,-10.03909644],[33.328294041,-10.037220764],[33.329210691,-10.032399852],[33.328947232,-10.031363198],[33.328620771,-10.030567093],[33.328249382,-10.026480285],[33.328606654,-10.024939551],[33.329846429,-10.022617502],[33.330571648,-10.020551808],[33.330750284,-10.017425681],[33.330303694,-10.015929606],[33.329485604,-10.014581999],[33.32945124,-10.014112355],[33.329879434,-10.012669502],[33.330098433,-10.008883265],[33.330884261,-10.006997814],[33.331490396,-10.006131074],[33.333489037,-10.00497147],[33.334211353,-10.003648393],[33.334323001,-10.003134815],[33.334256012,-10.002107659],[33.334383995,-10.001757416],[33.335560743,-10.000955291],[33.337972327,-9.999794157],[33.340681637,-9.998930752],[33.341591078,-9.998156411],[33.341756936,-9.997755141],[33.341344966,-9.996939227],[33.339793392,-9.994847276],[33.339392123,-9.993953784],[33.339285972,-9.993164541],[33.339440275,-9.992691123],[33.340965098,-9.990732928],[33.342024449,-9.989042248],[33.34288049,-9.986639983],[33.343806085,-9.984869047],[33.344742379,-9.981771249],[33.346933891,-9.977851724],[33.348482068,-9.973430487],[33.351446251,-9.969516486],[33.351970576,-9.967606445],[33.352703561,-9.966172576],[33.354218541,-9.964004788],[33.354317505,-9.9631887],[33.353805714,-9.961774665],[33.352917663,-9.959929874],[33.351797953,-9.958145089],[33.351960437,-9.957417187],[33.352606464,-9.956225308],[33.35230653,-9.953059653],[33.352583735,-9.951701031],[33.352443899,-9.950469476],[33.352687912,-9.949203911],[33.353111479,-9.948629961],[33.353091491,-9.948252671],[33.353461035,-9.947258453],[33.352977908,-9.946698582],[33.352431592,-9.946447253],[33.352427301,-9.945299676],[33.35258147,-9.944575825],[33.35304345,-9.944047955],[33.353156883,-9.943425348],[33.353144527,-9.941962903],[33.354275007,-9.940567614],[33.354556685,-9.940317712],[33.3545644,-9.939877559],[33.355000007,-9.939228594],[33.354504065,-9.93862219],[33.354538516,-9.937346846],[33.355162655,-9.936350259],[33.355253906,-9.935057724],[33.356351892,-9.933267769],[33.357473405,-9.932314474],[33.358117486,-9.930783303],[33.358396356,-9.928860848],[33.360033851,-9.926836308],[33.361868016,-9.925216361],[33.364634099,-9.924189111],[33.367060194,-9.923680408],[33.368470233,-9.923025431],[33.371081158,-9.921431054],[33.37678972,-9.918578094],[33.380646572,-9.915926268],[33.38047754,-9.913853391],[33.379859579,-9.912948244],[33.379462582,-9.911594903],[33.379171342,-9.91021363],[33.378495569,-9.90948105],[33.376628224,-9.907838494],[33.375121622,-9.905125252],[33.37495054,-9.903818045],[33.375320394,-9.901530756],[33.374961233,-9.899254466],[33.375199366,-9.896688025],[33.37513865,-9.895778003],[33.374321493,-9.892989638],[33.373943949,-9.891412616],[33.373281219,-9.89007177],[33.37206798,-9.888382844],[33.371509146,-9.88791879],[33.369819654,-9.887233164],[33.369543989,-9.886393595],[33.369444818,-9.884529413],[33.369000141,-9.883351655],[33.369118523,-9.8827685],[33.369693012,-9.881989856],[33.370136265,-9.880953283],[33.370279004,-9.880022334],[33.370212351,-9.879083001],[33.369687944,-9.877095008],[33.36952881,-9.875759164],[33.370353925,-9.872208804],[33.370798254,-9.871203816],[33.370872708,-9.87053516],[33.36954699,-9.868716624],[33.36905119,-9.865838951],[33.367632058,-9.863688763],[33.365688571,-9.861953062],[33.364631711,-9.86147432],[33.364395655,-9.861081882],[33.364291909,-9.859683931],[33.363945603,-9.859080314],[33.362696383,-9.858000796],[33.360103565,-9.852249352],[33.359542284,-9.850349273],[33.359361365,-9.849081223],[33.359300888,-9.846810243],[33.35916545,-9.846453602],[33.356751336,-9.844875099],[33.354745629,-9.842313697],[33.353256997,-9.839634159],[33.351949015,-9.837423175],[33.351500411,-9.834036903],[33.350747008,-9.833127339],[33.348460817,-9.832363269],[33.341199078,-9.830970321],[33.339740219,-9.830493958],[33.337729798,-9.82956982],[33.336563442,-9.829505617],[33.334827734,-9.830077142],[33.329880972,-9.828697729],[33.32713416,-9.827693685],[33.326870502,-9.827554102],[33.326136396,-9.825677478],[33.325568443,-9.82474784],[33.323338473,-9.823229435],[33.320629163,-9.822663755],[33.319438257,-9.822633983],[33.313960092,-9.821056033],[33.312977595,-9.820936942],[33.311363733,-9.821512334],[33.30963025,-9.821180618],[33.308541471,-9.820817852],[33.307019325,-9.820693745],[33.305954624,-9.820720496],[33.304879437,-9.819388765],[33.304005347,-9.814546299],[33.302140354,-9.812243332],[33.29878568,-9.809179854],[33.297961603,-9.807603862],[33.298069896,-9.805991496],[33.298299684,-9.8047704],[33.297796671,-9.801432077],[33.297227869,-9.799530415],[33.296840825,-9.798815872],[33.293566401,-9.796203093],[33.29298144,-9.795475458],[33.292321338,-9.793397252],[33.292023612,-9.791938393],[33.291606795,-9.787770223],[33.291041115,-9.784227279],[33.29065407,-9.78288751],[33.290356344,-9.780952289],[33.290445662,-9.778838432],[33.291091016,-9.776150331],[33.290984011,-9.775551102],[33.290655862,-9.775108814],[33.290177708,-9.774848898],[33.283136968,-9.775165884],[33.2824236,-9.775008943],[33.279548876,-9.77047232],[33.277111547,-9.768375841],[33.276303659,-9.767911874],[33.27395162,-9.767375966],[33.269217771,-9.767018694],[33.267223004,-9.766810286],[33.264096877,-9.765917106],[33.260219396,-9.763786031],[33.258559166,-9.762880298],[33.255506013,-9.761784446],[33.250220595,-9.759180137],[33.249450122,-9.758912305],[33.24644622,-9.757196656],[33.244891079,-9.756069535],[33.242491962,-9.751729268],[33.242308064,-9.751136708],[33.241776804,-9.750298952],[33.241020779,-9.749685959],[33.240264755,-9.749440762],[33.234993018,-9.74982899],[33.232457082,-9.749713431],[33.231192464,-9.749338596],[33.230909074,-9.748928726],[33.229986912,-9.743269969],[33.228842659,-9.740511502],[33.229087856,-9.739694179],[33.23037514,-9.738018664],[33.233092741,-9.735464529],[33.233883887,-9.735193296],[33.235278337,-9.735209883],[33.236408692,-9.734326649],[33.236462864,-9.734112974],[33.235871659,-9.733408149],[33.234952152,-9.732644763],[33.23401223,-9.731715058],[33.232274715,-9.729007045],[33.23156026,-9.725176469],[33.231535314,-9.724500897],[33.230608533,-9.722827982],[33.230048211,-9.722029774],[33.227964036,-9.71654349],[33.227739272,-9.713621558],[33.227978998,-9.709214266],[33.228433997,-9.707001237],[33.228352265,-9.705264425],[33.227698406,-9.701177806],[33.226918142,-9.698314852],[33.225164703,-9.696069535],[33.224347379,-9.694537054],[33.223121394,-9.693351934],[33.220041279,-9.690800713],[33.217447781,-9.688216227],[33.216916757,-9.687309691],[33.216374736,-9.682425314],[33.216533122,-9.67955653],[33.218155346,-9.675161892],[33.218574732,-9.674427965],[33.220165279,-9.673522268],[33.227102561,-9.67126918],[33.227557351,-9.670432024],[33.229339256,-9.667579982],[33.231376362,-9.663529842],[33.231785024,-9.662957716],[33.23182589,-9.661956494],[33.229556148,-9.655595999],[33.22845443,-9.653905858],[33.228209233,-9.653231566],[33.228229666,-9.65088176],[33.22759624,-9.648552388],[33.226858405,-9.646950278],[33.226375598,-9.646278331],[33.225738493,-9.645830366],[33.22360983,-9.64528949],[33.22289663,-9.644424905],[33.220894188,-9.642912856],[33.21941757,-9.639246782],[33.218787578,-9.638227558],[33.218503516,-9.63595539],[33.218585249,-9.63450464],[33.219239107,-9.633626017],[33.220056431,-9.629948062],[33.220301628,-9.629416801],[33.221752377,-9.628068217],[33.222406236,-9.627210028],[33.222426669,-9.625984042],[33.222018007,-9.62477849],[33.221221117,-9.624022466],[33.219954265,-9.623552505],[33.219606903,-9.623164276],[33.219475281,-9.62129185],[33.217159137,-9.620575107],[33.216216752,-9.620090641],[33.214662096,-9.618056004],[33.213709914,-9.617453228],[33.210501919,-9.616513306],[33.210072824,-9.61620681],[33.209071603,-9.615062557],[33.207007861,-9.613816138],[33.20488282,-9.613346177],[33.204351559,-9.61310098],[33.203105141,-9.611159837],[33.201633959,-9.608013141],[33.200489706,-9.60674629],[33.198895925,-9.606010699],[33.1981399,-9.605765502],[33.196709584,-9.604948177],[33.194952522,-9.603380607],[33.19465883,-9.602061745],[33.193706928,-9.601764815],[33.192303328,-9.600759127],[33.190934666,-9.600288037],[33.188229853,-9.600166835],[33.184773149,-9.600246527],[33.180771775,-9.599819473],[33.178225813,-9.600534631],[33.171671899,-9.600953884],[33.170726869,-9.60145412],[33.169237957,-9.604054796],[33.168847025,-9.606010699],[33.168826592,-9.609136961],[33.168520096,-9.609647788],[33.167182297,-9.610649832],[33.166149857,-9.611302868],[33.164433478,-9.612753618],[33.163294958,-9.613905044],[33.162010792,-9.614353009],[33.15915875,-9.614756176],[33.157547527,-9.615655116],[33.15644414,-9.616697204],[33.15625997,-9.618155228],[33.156006328,-9.618307413],[33.155651229,-9.618244003],[33.15465001,-9.616138162],[33.154502997,-9.614919525],[33.154666462,-9.613611807],[33.153195279,-9.611078105],[33.152480121,-9.610689876],[33.149022843,-9.609831686],[33.146579464,-9.609911875],[33.145508352,-9.610567276],[33.144404965,-9.610710309],[33.140440946,-9.609484324],[33.138724566,-9.608054007],[33.135945666,-9.606378494],[33.13259464,-9.60535684],[33.13147082,-9.604539516],[33.130714796,-9.603844791],[33.128262825,-9.602986602],[33.12730247,-9.601597151],[33.127159438,-9.600207702],[33.127363769,-9.598491322],[33.12425794,-9.596917973],[33.123801284,-9.597178524],[33.122235064,-9.598532188],[33.120028291,-9.599921638],[33.11816888,-9.601862782],[33.117233044,-9.604049122],[33.115864027,-9.608667],[33.113975283,-9.611996019],[33.11256076,-9.612530645],[33.112218258,-9.613128886],[33.112336202,-9.614145273],[33.112121202,-9.615284445],[33.111593512,-9.616308975],[33.110551424,-9.617800591],[33.11045226,-9.618637147],[33.111182537,-9.620408413],[33.111143984,-9.621866775],[33.110402589,-9.623356998],[33.110240892,-9.625382961],[33.109936522,-9.626571907],[33.110240892,-9.627970109],[33.111389181,-9.630561054],[33.112880796,-9.632461331],[33.114290679,-9.633421686],[33.117862525,-9.634991557],[33.118949423,-9.635710192],[33.11925592,-9.636180153],[33.119623715,-9.638346061],[33.119400532,-9.639536175],[33.119092455,-9.640144173],[33.118111667,-9.640879764],[33.117478241,-9.641124961],[33.116603107,-9.641098194],[33.115741429,-9.640552834],[33.115475798,-9.640205472],[33.115026271,-9.639939842],[33.113718553,-9.640021574],[33.112267804,-9.640736732],[33.111511779,-9.641267992],[33.111348315,-9.641983151],[33.111736543,-9.642657441],[33.111675244,-9.643760829],[33.111041818,-9.644619018],[33.109699611,-9.645370653],[33.10930142,-9.646953462],[33.110204062,-9.648266325],[33.111900008,-9.650370933],[33.11310556,-9.652639006],[33.113269025,-9.653272432],[33.113170455,-9.656771135],[33.112828039,-9.658721007],[33.112431268,-9.659770154],[33.111249118,-9.661726662],[33.110040597,-9.66675827],[33.109296394,-9.667968714],[33.108487795,-9.668569899],[33.104463971,-9.669565613],[33.10100559,-9.671688301],[33.100878742,-9.672573869],[33.101578539,-9.673956452],[33.10283763,-9.676129905],[33.102976345,-9.67784774],[33.102701393,-9.679592824],[33.101153235,-9.683811244],[33.099902076,-9.684408214],[33.095118887,-9.683303449],[33.092250461,-9.680918047],[33.088024361,-9.678860855],[33.084573332,-9.675809126],[33.084454433,-9.675219588],[33.087060788,-9.667586551],[33.087751136,-9.665682108],[33.08756363,-9.664640097],[33.086935697,-9.663863541],[33.078915992,-9.656542611],[33.075761713,-9.650649705],[33.073643833,-9.648697787],[33.072348087,-9.646618302],[33.071785508,-9.644937848],[33.069792738,-9.643877777],[33.067217722,-9.640552149],[33.066560936,-9.63901965],[33.067301123,-9.634338751],[33.067828768,-9.633408665],[33.067677852,-9.631236081],[33.061640809,-9.627654026],[33.05485479,-9.626691663],[33.051723276,-9.627099863],[33.048400687,-9.627275274],[33.045224611,-9.629689162],[33.043567462,-9.63470767],[33.044003424,-9.636628625],[33.044332872,-9.638008343],[33.043778135,-9.639367715],[33.042102622,-9.641656221],[33.040774471,-9.64290264],[33.039294828,-9.643783632],[33.037534946,-9.643902661],[33.029760225,-9.642280191],[33.027410438,-9.64105656],[33.027615562,-9.639980707],[33.027537916,-9.639612912],[33.025249411,-9.638959052],[33.024680563,-9.638663724],[33.024227756,-9.638223462],[33.023144802,-9.636547948],[33.021959683,-9.633237789],[33.021551022,-9.630479321],[33.021591888,-9.62788432],[33.021714486,-9.625697979],[33.021371628,-9.622567898],[33.02114236,-9.621284432],[33.020488501,-9.620364943],[33.019473949,-9.61952514],[33.016405095,-9.618502189],[33.015400662,-9.617851673],[33.014992,-9.61729998],[33.014828536,-9.616625688],[33.014869402,-9.615787931],[33.01585019,-9.614091985],[33.015952355,-9.613213362],[33.015625426,-9.61200781],[33.014930701,-9.610393596],[33.012253966,-9.607349066],[33.010893684,-9.605313424],[33.009189003,-9.601832132],[33.008443052,-9.600152678],[33.008085616,-9.598787602],[33.006633017,-9.594986279],[33.005899276,-9.591278442],[33.006532702,-9.587763951],[33.006450969,-9.586435799],[33.005776677,-9.585414146],[33.004119168,-9.584444429],[33.003202108,-9.583840798],[33.00275258,-9.583227804],[33.002711714,-9.582512646],[33.002895612,-9.582063119],[33.003467738,-9.581429693],[33.003765384,-9.580820003],[33.003733369,-9.580326306],[33.002956911,-9.579039022],[33.00030061,-9.576525752],[32.999203856,-9.574958909],[32.99891116,-9.573787718],[32.999503719,-9.571560512],[33.000974902,-9.569190274],[33.004093949,-9.565992104],[33.004544562,-9.565277337],[33.00475702,-9.564531069],[33.004623117,-9.563566507],[33.003155112,-9.561395049],[33.002923308,-9.559869644],[33.003155112,-9.558718316],[33.005340911,-9.556188192],[33.007159998,-9.554570399],[33.009655607,-9.55297353],[33.012244952,-9.552086194],[33.014867684,-9.551629359],[33.015424827,-9.550914824],[33.015578955,-9.547702362],[33.016979315,-9.545764756],[33.019276819,-9.543986059],[33.019947024,-9.543076787],[33.020318165,-9.541901774],[33.021096087,-9.540564795],[33.022215097,-9.539705327],[33.023073287,-9.539235366],[33.023522815,-9.538704106],[33.024237973,-9.537232923],[33.024973564,-9.536619931],[33.025750021,-9.535393946],[33.026873841,-9.532594612],[33.027875062,-9.531041697],[33.029060182,-9.530142642],[33.029571009,-9.528998389],[33.030122702,-9.526546418],[33.030531364,-9.525545197],[33.032401774,-9.523226882],[33.032414985,-9.521007442],[33.032243242,-9.517436084],[33.033018285,-9.514534079],[33.032881771,-9.513397938],[33.03239737,-9.512393906],[33.030480462,-9.51063685],[33.02977534,-9.509035262],[33.029707908,-9.507060258],[33.030539592,-9.505926478],[33.030887073,-9.5049399],[33.031479121,-9.504457084],[33.0318406,-9.503548845],[33.031067188,-9.502610594],[33.031085493,-9.501696615],[33.030001167,-9.499882756],[33.02991293,-9.49922897],[33.028736669,-9.499603198],[33.027155938,-9.500828238],[33.026467787,-9.50107234],[33.025974264,-9.501040644],[33.025184808,-9.500729438],[33.024676137,-9.500286989],[33.023571018,-9.497864793],[33.022450844,-9.496837903],[33.020946211,-9.495989993],[33.018270815,-9.495272201],[33.015854909,-9.494802426],[33.01455154,-9.494740505],[33.012915854,-9.494284249],[33.012074916,-9.494307644],[33.010649343,-9.494821938],[33.008853703,-9.494987638],[33.008633719,-9.495351315],[33.007717035,-9.495582263],[33.006560889,-9.495856327],[33.006320326,-9.496111767],[33.006230373,-9.496990223],[33.004697828,-9.497842542],[33.000077668,-9.498478403],[32.998276187,-9.49668926],[32.997091651,-9.496491838],[32.994777982,-9.497670713],[32.993702958,-9.497582597],[32.992486948,-9.497190478],[32.991323807,-9.496419457],[32.990391621,-9.495406013],[32.989231763,-9.493579854],[32.987978898,-9.492062087],[32.985483201,-9.489791808],[32.984397377,-9.488644289],[32.983595348,-9.487287008],[32.982788825,-9.483038938],[32.982409923,-9.482668848],[32.981041192,-9.482696933],[32.976370914,-9.483733401],[32.974877905,-9.484325669],[32.973100395,-9.48532116],[32.97154073,-9.48590273],[32.970793725,-9.485831017],[32.96878488,-9.485078839],[32.966348454,-9.485127303],[32.964978239,-9.485620757],[32.963760544,-9.486447962],[32.963081878,-9.487393628],[32.951030836,-9.492943253],[32.947064038,-9.482648732],[32.949843839,-9.478905835],[32.95036108,-9.478086077],[32.952663723,-9.467370142],[32.944592218,-9.458927429],[32.946016543,-9.455011367],[32.948524024,-9.434855073],[32.947279502,-9.431612271],[32.943091678,-9.421205059],[32.945343598,-9.418877405],[32.948789986,-9.415420538],[32.950583228,-9.412528936],[32.953781175,-9.410705807],[32.954588134,-9.409226383],[32.955081275,-9.407657296],[32.958861484,-9.402285714],[32.95964063,-9.400681977],[32.928083,-9.401844],[32.9278,-9.401599],[32.9132,-9.379861],[32.905052,-9.390176],[32.897883,-9.388986],[32.897092,-9.386095],[32.892828,-9.366852],[32.865219,-9.379788],[32.813285,-9.34933],[32.813301,-9.341255],[32.812849,-9.337976],[32.812332,-9.336668],[32.81116,-9.335467],[32.809504,-9.333883],[32.808293,-9.33235],[32.806954,-9.331389],[32.805677,-9.329417],[32.804783,-9.328436],[32.804451,-9.327674],[32.803817,-9.326805],[32.803625,-9.325875],[32.802654,-9.32471],[32.802005,-9.324148],[32.8011,-9.323183],[32.8004,-9.322626],[32.779351,-9.322124],[32.765485,-9.32317],[32.759671,-9.300925],[32.75567,-9.285155],[32.731829885,-9.279916939],[32.718261,-9.276955],[32.647841999,-9.275526],[32.616189001,-9.25855],[32.584736001,-9.251307],[32.575206,-9.249172],[32.563505001,-9.252131],[32.545554,-9.257777],[32.53749,-9.24689],[32.486329,-9.175184],[32.493087,-9.151064],[32.462241,-9.132315],[32.448589,-9.130134],[32.437443001,-9.119441],[32.359713001,-9.128747],[32.255215001,-9.132554],[32.250439001,-9.130007],[32.247262,-9.12794],[32.192997001,-9.0958],[32.172762,-9.06559],[32.159851001,-9.057621],[32.1391,-9.064405],[32.069601,-9.048366],[32.043335,-9.055705],[32.01549,-9.06216],[32.013891,-9.071541],[31.998761,-9.075954],[31.98826,-9.075248],[31.987125,-9.074567],[31.983443,-9.071138],[31.982309,-9.069852],[31.981905,-9.069145],[31.9813,-9.06849],[31.975727,-9.064279],[31.974214,-9.064001],[31.972776,-9.063522],[31.970331,-9.061681],[31.969599,-9.061328],[31.967799,-9.060925],[31.96447,-9.057672],[31.962503,-9.055301],[31.960486,-9.051998],[31.959401,-9.050081],[31.95582,-9.042302],[31.954862,-9.0392],[31.953730411,-9.03678609],[31.952643,-9.034157],[31.952013,-9.033476],[31.9505,-9.032618],[31.947927,-9.031786],[31.945784,-9.030576],[31.944649,-9.029643],[31.943601,-9.028319],[31.94355,-9.028078],[31.94232,-9.026651],[31.941933,-9.026452999],[31.941619,-9.025859],[31.94078,-9.02438],[31.940024001,-9.023959],[31.938923,-9.022488],[31.938347001,-9.021173],[31.937796,-9.020614],[31.937433,-9.019953],[31.93685,-9.019293999],[31.936369,-9.018570999],[31.936326,-9.017736999],[31.937186,-9.015182999],[31.9371,-9.014151],[31.936773,-9.013841],[31.936988,-9.012853],[31.93685,-9.011606],[31.937461,-9.010263999],[31.93716,-9.009185],[31.937091,-9.006991999],[31.937134,-9.005814],[31.937306,-9.004954],[31.936892,-9.003479999],[31.936748001,-9.000066999],[31.936094,-8.998838999],[31.935646,-8.996731999],[31.935207097,-8.99508272],[31.934176,-8.993962999],[31.933866,-8.993147],[31.933092,-8.992303999],[31.933023001,-8.991727],[31.932454,-8.991199],[31.931244,-8.988500999],[31.930689,-8.986432999],[31.930033,-8.985108999],[31.929302,-8.982032],[31.929378,-8.979863999],[31.929479,-8.979157999],[31.930361,-8.977971999],[31.930538,-8.976636],[31.931319,-8.975451],[31.93485,-8.972525999],[31.935758,-8.971391],[31.936035,-8.970785],[31.935783,-8.969801999],[31.935102,-8.96839],[31.935102,-8.967759],[31.935304,-8.967079],[31.936136,-8.96665],[31.936262,-8.965465],[31.935858,-8.964859],[31.935808,-8.964354999],[31.936413,-8.963662],[31.936716,-8.962905],[31.937246,-8.962804],[31.937674,-8.96293],[31.938758,-8.962149],[31.939086,-8.962123],[31.939465,-8.961871],[31.939616,-8.960786999],[31.940171,-8.959829],[31.940095,-8.959122],[31.939843,-8.958795],[31.940145,-8.958214999],[31.939767,-8.957432999],[31.940221,-8.955516],[31.940271,-8.955036999],[31.940524,-8.954608999],[31.94123,-8.954054],[31.94244,-8.952363999],[31.944306,-8.950019],[31.944558,-8.94838],[31.945239,-8.948002],[31.945391,-8.947346],[31.946576,-8.945858],[31.946853,-8.944193999],[31.947458,-8.943159999],[31.947963,-8.941444999],[31.94819,-8.941042],[31.948719,-8.940915999],[31.949148,-8.940436],[31.949274,-8.939529],[31.949072,-8.939099999],[31.949072,-8.938545],[31.949602,-8.937713],[31.949778,-8.936477],[31.949577,-8.936049],[31.92121,-8.924865],[31.875191,-8.907528],[31.860615,-8.902207],[31.855143,-8.900745],[31.846849,-8.899105],[31.793351,-8.890308],[31.792689,-8.890356],[31.791851,-8.889725],[31.790024,-8.889773],[31.789186,-8.890029],[31.78803,-8.889773],[31.786839006,-8.889400044],[31.786030897,-8.88984621],[31.785864521,-8.890926399],[31.7848425,-8.891818725],[31.784438446,-8.891959619],[31.783868015,-8.892523194],[31.781443688,-8.892593641],[31.78025529,-8.892969355],[31.779637325,-8.89280498],[31.778852984,-8.892030066],[31.778472697,-8.892217925],[31.777949802,-8.893039802],[31.777331836,-8.893063285],[31.776785174,-8.892875427],[31.775501706,-8.893603374],[31.773933023,-8.893955606],[31.773219985,-8.894448732],[31.772197964,-8.893908643],[31.771389855,-8.894284357],[31.770795657,-8.894448731],[31.770367834,-8.893861677],[31.769987547,-8.893673822],[31.768537704,-8.894049535],[31.767111629,-8.894636588],[31.766564967,-8.894472214],[31.765923232,-8.894871409],[31.765091355,-8.894683553],[31.764877443,-8.894965336],[31.764805288,-8.895414793],[31.76502005,-8.89557587],[31.764639765,-8.896068993],[31.764283245,-8.896233367],[31.764378317,-8.896703005],[31.764283245,-8.896937826],[31.763665279,-8.896914343],[31.762928473,-8.896890861],[31.762548186,-8.897290055],[31.762072828,-8.898135403],[31.761407327,-8.897712728],[31.760480377,-8.897900585],[31.760195161,-8.897642283],[31.759957483,-8.897947548],[31.759648499,-8.898534594],[31.759434588,-8.898675486],[31.759220677,-8.898628521],[31.759101837,-8.899074676],[31.758079817,-8.899873056],[31.75803228,-8.900389656],[31.75826996,-8.901258478],[31.758222424,-8.90172811],[31.756820116,-8.903301376],[31.756368526,-8.903512711],[31.756653741,-8.904592859],[31.75677258,-8.905109452],[31.757247938,-8.905391227],[31.757176636,-8.905743448],[31.756938956,-8.905954781],[31.755940704,-8.905978262],[31.755013754,-8.907974174],[31.754467092,-8.908749054],[31.753706519,-8.908467278],[31.753349999,-8.908138543],[31.752874641,-8.908232466],[31.752755802,-8.909735261],[31.75242305,-8.909946592],[31.751686245,-8.909782224],[31.751472334,-8.910017034],[31.751424797,-8.910392733],[31.7508306,-8.910956277],[31.75047408,-8.910768429],[31.749832346,-8.912177289],[31.749024238,-8.912318176],[31.748525111,-8.912646909],[31.748620183,-8.913257413],[31.74819236,-8.914501897],[31.747075267,-8.914830629],[31.746837588,-8.914760187],[31.745459048,-8.916192512],[31.744936154,-8.916309916],[31.74372399,-8.917366546],[31.742987183,-8.917530911],[31.74120459,-8.919503277],[31.740099379,-8.919649192],[31.739255619,-8.919409356],[31.73742549,-8.920137251],[31.737021435,-8.920888624],[31.736648414,-8.921896588],[31.736786205,-8.922707335],[31.736487,-8.923412],[31.735314,-8.924793],[31.735074,-8.925208],[31.734619,-8.9252],[31.734077,-8.924801],[31.733582,-8.924665],[31.733351,-8.924434],[31.733255,-8.923524],[31.732345,-8.923245],[31.731770372,-8.923176093],[31.731619528,-8.92306785],[31.731436,-8.922527],[31.730232,-8.922263],[31.729458,-8.921466],[31.727782,-8.921274],[31.727184,-8.920747],[31.726617,-8.920811],[31.726011,-8.92129],[31.725213,-8.921386],[31.72428,-8.920843],[31.722612,-8.920755],[31.720944,-8.920348],[31.720402,-8.920588],[31.720114,-8.920732],[31.719365,-8.920173],[31.717506,-8.919774],[31.717338,-8.919335],[31.716995,-8.919303],[31.716358,-8.919766],[31.71465,-8.919989],[31.71402,-8.920436],[31.713725,-8.921035],[31.711299,-8.921258],[31.71118,-8.921442],[31.711315,-8.92192],[31.710398,-8.922224],[31.709073,-8.922694],[31.708874,-8.923085],[31.708164,-8.923005],[31.707813,-8.922918],[31.707111,-8.923684],[31.705786,-8.923979],[31.705179,-8.923835],[31.704733,-8.923875],[31.70435,-8.92366],[31.703887,-8.923732],[31.703528,-8.923508],[31.703041,-8.923732],[31.702475,-8.923787],[31.702403,-8.924115],[31.701541,-8.924051],[31.70123,-8.923843],[31.700683,-8.924051],[31.700483,-8.923771],[31.700459,-8.923101],[31.700348,-8.922686],[31.700355,-8.922168],[31.700052,-8.921785],[31.698337,-8.921059],[31.698105,-8.920779],[31.697826,-8.920803],[31.697722,-8.920955],[31.697339,-8.920931],[31.697252,-8.921154],[31.696071,-8.921091],[31.695576,-8.920899],[31.695057,-8.920285],[31.695129,-8.919056],[31.694297,-8.918007],[31.693547,-8.917105],[31.692582,-8.916874],[31.691832,-8.917113],[31.69093,-8.916858],[31.68955,-8.917049],[31.689063,-8.917504],[31.688042,-8.917424],[31.687683,-8.917113],[31.687491,-8.91657],[31.687044,-8.916164],[31.685165,-8.916483],[31.684199,-8.916203],[31.683593,-8.916395],[31.682795,-8.916196],[31.682013,-8.916658],[31.681973,-8.917145],[31.681351,-8.917496],[31.680417,-8.917225],[31.679252,-8.916682],[31.678718,-8.916674],[31.678287,-8.915605],[31.678454,-8.914624],[31.678231,-8.914344],[31.67788,-8.914703],[31.677281,-8.914161],[31.677297,-8.9131],[31.676795,-8.912765],[31.676946,-8.91144],[31.676683,-8.911057],[31.676595,-8.910522],[31.675757,-8.909812],[31.675287,-8.909573],[31.674806,-8.9086],[31.674518,-8.907937],[31.674766,-8.907163],[31.674622,-8.906365],[31.674694,-8.905871],[31.673904,-8.905456],[31.67379967,-8.905026217],[31.674191,-8.904762],[31.673896,-8.904403],[31.673273006,-8.904328489],[31.672882,-8.903828],[31.671861,-8.903565],[31.670877,-8.902153],[31.669847,-8.902208],[31.669504,-8.902049],[31.669034,-8.902153],[31.668651,-8.901937],[31.668387,-8.902488],[31.668028,-8.902488],[31.667574,-8.901746],[31.667765,-8.901155],[31.667238,-8.900294],[31.667382,-8.899799],[31.666903,-8.899934],[31.666456,-8.898434],[31.665531,-8.898012],[31.665331,-8.897525],[31.665882,-8.897046],[31.665571,-8.896256],[31.665148,-8.896208],[31.6652,-8.894724],[31.664762,-8.89423],[31.664052,-8.89395],[31.663397,-8.894477],[31.662791,-8.89419],[31.662599,-8.893559],[31.662671,-8.892674],[31.661355,-8.891285],[31.661666,-8.889817],[31.661171,-8.888429],[31.659875,-8.887455],[31.659365,-8.8872],[31.658934,-8.887208],[31.657673,-8.885728],[31.65725,-8.885249],[31.656915,-8.884699],[31.655551,-8.883646],[31.654099,-8.883095],[31.653915,-8.882927],[31.653955,-8.882361],[31.653333,-8.881866],[31.652758,-8.881244],[31.652327,-8.881196],[31.651897,-8.880614],[31.651689,-8.880231],[31.650850245,-8.880551563],[31.649734,-8.880486],[31.649343,-8.880893],[31.648442,-8.880462],[31.647806,-8.880434],[31.647702,-8.880123],[31.647135,-8.880131],[31.646074,-8.879732],[31.645819,-8.879883],[31.645508,-8.880067],[31.64522,-8.880003],[31.645069,-8.879708],[31.64475,-8.879692],[31.644295,-8.879955],[31.643473,-8.879293],[31.643409,-8.878902],[31.643513,-8.878631],[31.642978,-8.878383],[31.642811,-8.878104],[31.642539,-8.878104],[31.642244,-8.878495],[31.64179,-8.878407],[31.641367,-8.878072],[31.640991,-8.877889],[31.64064,-8.877625],[31.640337,-8.87757],[31.640353,-8.876652],[31.639643,-8.875862],[31.639053,-8.875703],[31.638534,-8.87524],[31.638032,-8.874945],[31.637317,-8.874801],[31.636686,-8.874897],[31.636184,-8.875152],[31.635107,-8.874362],[31.634333,-8.874298],[31.633934,-8.873851],[31.633287,-8.873333],[31.632992,-8.873133],[31.632369,-8.873245],[31.631899,-8.873069],[31.631987,-8.872806],[31.63229,-8.872543],[31.632106,-8.872288],[31.631755,-8.872232],[31.631683,-8.871538],[31.631269,-8.870915],[31.630558,-8.870421],[31.629481,-8.870205],[31.628867,-8.869894],[31.628237,-8.869686],[31.627869,-8.869407],[31.626485,-8.869655],[31.626077,-8.869974],[31.62532,-8.869814],[31.623804,-8.870317],[31.623604,-8.870237],[31.623676,-8.869575],[31.623516,-8.869271],[31.623253,-8.86924],[31.623078,-8.869407],[31.622854,-8.869351],[31.622742,-8.868178],[31.622966,-8.867628],[31.622551,-8.867397],[31.621976,-8.867397],[31.621522,-8.866974],[31.620652,-8.866966],[31.61983,-8.867213],[31.61975,-8.867779],[31.619607,-8.867931],[31.618266,-8.867795],[31.618043,-8.86766],[31.617779,-8.866694],[31.618298,-8.866591],[31.61833,-8.866216],[31.618011,-8.865849],[31.617413,-8.865801],[31.61703,-8.865458],[31.617133,-8.864827],[31.617373,-8.864708],[31.617205,-8.864325],[31.616678,-8.864452],[31.615442,-8.863726],[31.612229,-8.863303],[31.61179,-8.862992],[31.611248,-8.861995],[31.610027,-8.861293],[31.609891,-8.860886],[31.608663,-8.860231],[31.60832,-8.859928],[31.607545,-8.85992],[31.607418,-8.859641],[31.607565,-8.859336],[31.607308,-8.858528],[31.606709,-8.858137],[31.606219,-8.858394],[31.606073,-8.858797],[31.605559,-8.858174],[31.604672,-8.858234],[31.604152,-8.857697],[31.603675,-8.857464],[31.602941,-8.856742],[31.601938,-8.85596],[31.601412,-8.854699],[31.601082,-8.853843],[31.600274,-8.853281],[31.599773,-8.852852],[31.599247,-8.852926],[31.599002,-8.852632],[31.598659,-8.851397],[31.598794,-8.851018],[31.598721,-8.850565],[31.598733,-8.850247],[31.598452,-8.850002],[31.598415,-8.849623],[31.597485,-8.849048],[31.597028,-8.848418],[31.596269,-8.8481],[31.596208,-8.847794],[31.596648,-8.847305],[31.596526,-8.846779],[31.595792,-8.846155],[31.595694,-8.845286],[31.594471,-8.844369],[31.593945,-8.844259],[31.593407,-8.843721],[31.592783,-8.843782],[31.592746,-8.843317],[31.592282,-8.843072],[31.591548,-8.843146],[31.590777405,-8.843977348],[31.5903235,-8.8440515],[31.589969,-8.84421],[31.589652,-8.844381],[31.589517,-8.844589],[31.588856,-8.844614],[31.588636,-8.843868],[31.587425,-8.843109],[31.585969,-8.842901],[31.585137,-8.842913],[31.584662,-8.843187],[31.583927,-8.842816],[31.583572,-8.842877],[31.583449,-8.843085],[31.582887,-8.843134],[31.581409,-8.842335],[31.581186,-8.842079],[31.58113,-8.841361],[31.580803,-8.840843],[31.580914,-8.840532],[31.580364,-8.839159],[31.58042,-8.838505],[31.578872,-8.836179],[31.57825,-8.835541],[31.578313,-8.835357],[31.578609,-8.835245],[31.578146,-8.834464],[31.577842,-8.834033],[31.576885,-8.833426],[31.576374,-8.832676],[31.576534,-8.831886],[31.576335,-8.831392],[31.576454,-8.830945],[31.577707,-8.830562],[31.577914,-8.829325],[31.577611,-8.828551],[31.577797,-8.827805],[31.577502,-8.827693],[31.577422,-8.827199],[31.576553,-8.826959],[31.576145,-8.8266],[31.576249,-8.826265],[31.575739,-8.826066],[31.575523,-8.825763],[31.575467,-8.825308],[31.575036,-8.825172],[31.574941,-8.824725],[31.575164,-8.824183],[31.574973,-8.8238],[31.574151,-8.823161],[31.57289,-8.823233],[31.572515,-8.822874],[31.5723,-8.82238],[31.571917,-8.822316],[31.571797,-8.821438],[31.571661,-8.821095],[31.571949,-8.820608],[31.57155,-8.819802],[31.571199,-8.819651],[31.571111,-8.818869],[31.571262,-8.818103],[31.5708,-8.817153],[31.570249,-8.815901],[31.569986,-8.815893],[31.569539,-8.815454],[31.569188,-8.814209],[31.568797,-8.813659],[31.567664,-8.813507],[31.567098,-8.812868999],[31.566874,-8.812821],[31.566635,-8.812294],[31.566483,-8.812086999],[31.567872,-8.811096999],[31.56827,-8.810116],[31.569036,-8.809238],[31.569427,-8.808177],[31.569427,-8.80765],[31.569906,-8.807611],[31.570034,-8.807410999],[31.569938,-8.806813],[31.570903,-8.805704],[31.572092,-8.804842],[31.572316,-8.804210999],[31.572715,-8.803972],[31.572507,-8.803557],[31.572635,-8.802939],[31.572651,-8.802379999],[31.57297,-8.802133],[31.572896556,-8.801654242],[31.572419001,-8.800689],[31.571885,-8.800178],[31.57139,-8.799253],[31.571518,-8.798382999],[31.571565,-8.797801],[31.571542,-8.797394],[31.571733,-8.797113999],[31.57143,-8.79579],[31.57123,-8.794864],[31.57139,-8.794218],[31.57151,-8.792933],[31.571374,-8.792430999],[31.571573,-8.791792],[31.571605,-8.79125],[31.572108,-8.790227999],[31.572563,-8.788561],[31.572395,-8.787650999],[31.56839,-8.775124],[31.567472,-8.771478],[31.567624,-8.769236],[31.567377,-8.768398],[31.567449,-8.767792],[31.568055,-8.766299999],[31.567935,-8.764987],[31.567847,-8.764062],[31.568549,-8.762225999],[31.568589,-8.760702999],[31.56914,-8.759625],[31.569802,-8.758708],[31.570329,-8.757164],[31.571095,-8.756222],[31.571661,-8.755193],[31.571813,-8.754531],[31.572228,-8.754395],[31.572707,-8.753429999],[31.573121001,-8.751431],[31.573552,-8.751232],[31.574087,-8.749994999],[31.574741,-8.748789999],[31.575651,-8.746716],[31.577305,-8.743372],[31.57764,-8.742135999],[31.579217504,-8.740200033],[31.579635,-8.73979],[31.580018,-8.738992],[31.581590625,-8.737076543],[31.574160387,-8.723305455],[31.573141939,-8.722793696],[31.571902228,-8.716327717],[31.571888545,-8.712699208],[31.57053596,-8.703119338],[31.569301428,-8.703264715],[31.568615896,-8.703772009],[31.567519045,-8.704388987],[31.567121436,-8.704992256],[31.567224807,-8.705598605],[31.565089976,-8.704440435],[31.564260243,-8.703921855],[31.563914521,-8.703481059],[31.563153934,-8.702746401],[31.562473793,-8.702262391],[31.562116873,-8.701662766],[31.561835557,-8.701436675],[31.560647161,-8.699016747],[31.559244853,-8.698194439],[31.557961385,-8.697019709],[31.557295883,-8.69556304],[31.55596488,-8.69403588],[31.555299377,-8.692720167],[31.554491269,-8.691122511],[31.553588088,-8.689830284],[31.553207801,-8.688913976],[31.552613602,-8.688350091],[31.551876797,-8.68762174],[31.551353902,-8.687480769],[31.549927828,-8.687809701],[31.548026393,-8.687950673],[31.546837997,-8.687997663],[31.546172495,-8.68820912],[31.544841491,-8.688138634],[31.543486719,-8.68776271],[31.541941804,-8.686846397],[31.541347606,-8.686611442],[31.541323837,-8.686212024],[31.540587033,-8.685648135],[31.539921531,-8.684708321],[31.539398635,-8.682593728],[31.53884382,-8.680930511],[31.538154551,-8.679708735],[31.537489048,-8.678862888],[31.536776011,-8.679121342],[31.535468774,-8.67952077],[31.534106369,-8.680324092],[31.531539433,-8.68039458],[31.529923214,-8.680559049],[31.526144114,-8.680653031],[31.523268195,-8.680441572],[31.521295458,-8.680089136],[31.520035758,-8.680253605],[31.518989968,-8.680512058],[31.516327961,-8.680042144],[31.515686227,-8.679760196],[31.514925652,-8.679595726],[31.514212616,-8.679337272],[31.512810308,-8.67924329],[31.510124534,-8.679713204],[31.509340192,-8.67990117],[31.508270634,-8.679454752],[31.507438758,-8.679877675],[31.506464272,-8.680794006],[31.506202825,-8.680840997],[31.505656163,-8.680465066],[31.504467766,-8.680840997],[31.504158784,-8.681099449],[31.50399893,-8.681601639],[31.503146557,-8.682643427],[31.502862433,-8.68404037],[31.501725937,-8.684703326],[31.499096216,-8.685657575],[31.498010193,-8.685755531],[31.496691384,-8.685612181],[31.496462026,-8.685483167],[31.496074985,-8.685526173],[31.495171886,-8.685053122],[31.49477051,-8.684537066],[31.494225784,-8.684680415],[31.494068101,-8.684852433],[31.49359505,-8.684766424],[31.493523375,-8.684623075],[31.492677617,-8.684508396],[31.492534268,-8.684895438],[31.491573832,-8.684752089],[31.491315804,-8.685010117],[31.48998266,-8.68531115],[31.48933759,-8.684508396],[31.488792865,-8.68407835],[31.488592176,-8.682888555],[31.488262474,-8.682530181],[31.488147795,-8.682100136],[31.487488391,-8.681842107],[31.486871991,-8.6814694],[31.485768205,-8.681426397],[31.485725201,-8.680896006],[31.485538847,-8.680723988],[31.485381163,-8.679978574],[31.484811693,-8.679783691],[31.484716621,-8.67778655],[31.485049371,-8.677363625],[31.484811693,-8.674896551],[31.484347139,-8.674133603],[31.483847252,-8.673991659],[31.483149878,-8.673041256],[31.48307582,-8.672720341],[31.482940048,-8.672677141],[31.482828962,-8.672306854],[31.48260679,-8.672331538],[31.482347589,-8.67178228],[31.482205646,-8.671813138],[31.481860045,-8.672504341],[31.481644044,-8.672319197],[31.481600844,-8.671850166],[31.481131813,-8.671726737],[31.480889984,-8.670972693],[31.480747377,-8.669304456],[31.480295786,-8.668552572],[31.479844197,-8.66669635],[31.479036087,-8.665779985],[31.478275513,-8.664534662],[31.478014065,-8.66441718],[31.477752618,-8.663947244],[31.477895226,-8.663359827],[31.477586243,-8.662654924],[31.47727726,-8.662443453],[31.477277261,-8.662161491],[31.477134653,-8.662067504],[31.476968277,-8.661433089],[31.476659294,-8.661409591],[31.476421614,-8.661621063],[31.476207703,-8.661480083],[31.475922488,-8.660093766],[31.475304521,-8.659388856],[31.475565969,-8.659059898],[31.476326542,-8.658754437],[31.476231472,-8.65849597],[31.475114379,-8.65720363],[31.474257986,-8.657462088],[31.47383091,-8.657438602],[31.473712071,-8.656921665],[31.473569463,-8.656663195],[31.472880194,-8.65654571],[31.472642514,-8.656193252],[31.473450624,-8.655558828],[31.473712071,-8.655464839],[31.473308017,-8.655323855],[31.472903961,-8.654783418],[31.47257121,-8.654618937],[31.472523675,-8.654360467],[31.47166803,-8.653937515],[31.471382814,-8.653420573],[31.470788616,-8.653655547],[31.470241954,-8.652668657],[31.47005181,-8.65255117],[31.470194419,-8.652034227],[31.470123115,-8.651399794],[31.469410077,-8.651611273],[31.46902979,-8.651446789],[31.468697039,-8.650553884],[31.468673271,-8.649872454],[31.467857945,-8.649402503],[31.46674807,-8.649214521],[31.466035031,-8.648838559],[31.466011263,-8.648368606],[31.466557926,-8.647992644],[31.466367782,-8.647710671],[31.46558344,-8.647640178],[31.465155618,-8.647264213],[31.464989243,-8.645948338],[31.464513885,-8.645713359],[31.463824614,-8.645431383],[31.463800846,-8.645125912],[31.463087809,-8.645172908],[31.46261245,-8.644444473],[31.462469842,-8.643716037],[31.46192318,-8.64345756],[31.461756805,-8.643293074],[31.460520873,-8.643598547],[31.460188122,-8.642964101],[31.460306961,-8.64249414],[31.46054464,-8.642137039],[31.459997977,-8.641953684],[31.45998463,-8.641580611],[31.460069281,-8.640849274],[31.459926675,-8.640661288],[31.459522619,-8.640426306],[31.459807836,-8.639909346],[31.459736531,-8.639509877],[31.459166101,-8.639251397],[31.458571903,-8.639039912],[31.458310455,-8.639274895],[31.457716258,-8.638992916],[31.457312203,-8.639251396],[31.457217132,-8.639556872],[31.456004967,-8.639603871],[31.455695984,-8.6392044],[31.454103533,-8.639627369],[31.454055997,-8.639086907],[31.454364979,-8.638781431],[31.454008461,-8.638193973],[31.453580638,-8.638029485],[31.45322412,-8.637418529],[31.452558617,-8.638170477],[31.452344707,-8.638593445],[31.452249635,-8.639016414],[31.451607901,-8.639039912],[31.451370221,-8.6392044],[31.450776023,-8.639110407],[31.45070472,-8.638828429],[31.449991681,-8.638710936],[31.449872842,-8.638922421],[31.449635163,-8.638922421],[31.449273214,-8.638496802],[31.448874589,-8.638781431],[31.448755749,-8.6392044],[31.447187066,-8.639415884],[31.446236349,-8.639274895],[31.445499544,-8.639133905],[31.445238097,-8.639415885],[31.444667666,-8.639321891],[31.443574341,-8.638687438],[31.44314652,-8.638781431],[31.44326536,-8.639368887],[31.442742465,-8.639462881],[31.442338409,-8.639157403],[31.441482765,-8.6392044],[31.4402706,-8.638945919],[31.439985386,-8.639251396],[31.439533795,-8.638546448],[31.439533795,-8.638240971],[31.439296115,-8.638264468],[31.438345398,-8.639133905],[31.438012647,-8.639674363],[31.437822503,-8.639956343],[31.43603991,-8.639932845],[31.434494995,-8.639415885],[31.434376155,-8.639180902],[31.433472974,-8.638922421],[31.432664864,-8.638546449],[31.431880523,-8.638381959],[31.431619076,-8.638334964],[31.4314527,-8.637958991],[31.430834734,-8.63753602],[31.430430679,-8.637888496],[31.430216768,-8.638522951],[31.43007416,-8.638757933],[31.428885765,-8.639110407],[31.428339102,-8.63934539],[31.428505478,-8.639956343],[31.426556508,-8.639486379],[31.425986077,-8.639321891],[31.42458377,-8.639204398],[31.424251019,-8.638922421],[31.423228998,-8.639251397],[31.421993066,-8.638640442],[31.421636547,-8.638311465],[31.420471918,-8.638029485],[31.419949025,-8.638264468],[31.419212218,-8.639180902],[31.418736861,-8.639321891],[31.417904982,-8.638781431],[31.417358321,-8.639016414],[31.41666905,-8.639063411],[31.416526443,-8.638734435],[31.41609862,-8.638710937],[31.416003549,-8.639157403],[31.413864435,-8.639697863],[31.413008791,-8.639533376],[31.412913718,-8.639086909],[31.411535179,-8.638287967],[31.410917212,-8.638287966],[31.410513158,-8.638452456],[31.409015779,-8.637747505],[31.408231437,-8.637653512],[31.408492885,-8.63666658],[31.408706795,-8.636102618],[31.408160133,-8.636126116],[31.407803615,-8.636854568],[31.407518399,-8.637042555],[31.40728072,-8.63753602],[31.407066809,-8.636901565],[31.407328256,-8.636032123],[31.407043041,-8.635750142],[31.406638986,-8.635444662],[31.406330003,-8.634974691],[31.405165375,-8.633987751],[31.405379286,-8.633940756],[31.40464248,-8.633729268],[31.404571177,-8.633447284],[31.403525389,-8.63337679],[31.40269351,-8.632953813],[31.401837866,-8.633047808],[31.401410043,-8.632178358],[31.401172364,-8.631872875],[31.401291203,-8.631661385],[31.400673236,-8.631402901],[31.400578165,-8.63121491],[31.399579913,-8.631261908],[31.399199625,-8.630580443],[31.398296444,-8.630744935],[31.397630942,-8.631120915],[31.397440799,-8.631473396],[31.39732196,-8.631520393],[31.397155584,-8.63123841],[31.396418778,-8.630815432],[31.395372989,-8.629804982],[31.395515597,-8.629475998],[31.39501647,-8.629405503],[31.395016471,-8.629006022],[31.395230382,-8.628559542],[31.394279665,-8.628042565],[31.394897631,-8.627173104],[31.394683719,-8.625951152],[31.393946915,-8.625387176],[31.393566628,-8.625504671],[31.392758517,-8.625058188],[31.392211856,-8.624047724],[31.391166067,-8.623906729],[31.391142299,-8.622919762],[31.391688961,-8.622896262],[31.391427514,-8.621321808],[31.390999691,-8.621039814],[31.391047227,-8.620593327],[31.391213602,-8.620499329],[31.391094764,-8.619911842],[31.39078578,-8.618924866],[31.390643173,-8.618783868],[31.390072741,-8.619089362],[31.389930135,-8.619300857],[31.389573616,-8.619183359],[31.389478544,-8.61866637],[31.389835063,-8.618501875],[31.39009651,-8.617890885],[31.389644919,-8.617655889],[31.389145793,-8.616762904],[31.389335938,-8.61629291],[31.389692456,-8.616692404],[31.390048974,-8.616198912],[31.389668688,-8.615681918],[31.389502313,-8.61558792],[31.389193329,-8.615869916],[31.388694202,-8.615987414],[31.38883681,-8.614765428],[31.388408987,-8.613660938],[31.387886093,-8.613096941],[31.387648414,-8.612485944],[31.386959144,-8.612603442],[31.386531322,-8.612227445],[31.386650162,-8.611757446],[31.388242612,-8.611498946],[31.388029988,-8.611213415],[31.387672182,-8.611052447],[31.387719718,-8.610605946],[31.387339432,-8.610041946],[31.387529574,-8.608913941],[31.388052468,-8.60886694],[31.387862325,-8.608302936],[31.388171308,-8.607903433],[31.388123772,-8.607691932],[31.387505805,-8.607809433],[31.387196823,-8.608185436],[31.386792769,-8.608161936],[31.386412482,-8.607480427],[31.386792768,-8.606869424],[31.386317411,-8.606305416],[31.385533069,-8.606352417],[31.384938871,-8.605694407],[31.384415976,-8.605694408],[31.384297137,-8.604824895],[31.383702939,-8.60458989],[31.383061205,-8.603978878],[31.382847293,-8.60397888],[31.382490774,-8.603602873],[31.381920345,-8.604237385],[31.381444985,-8.605036398],[31.381088466,-8.604895396],[31.380874555,-8.603320867],[31.380209054,-8.60353237],[31.38001891,-8.602639353],[31.379496015,-8.601628829],[31.379591087,-8.601417323],[31.379139497,-8.601041313],[31.378854282,-8.601370322],[31.378806746,-8.601746331],[31.377879797,-8.601887335],[31.377404438,-8.60129982],[31.376738937,-8.601393822],[31.376976615,-8.600547798],[31.376738936,-8.600007284],[31.376477488,-8.599866281],[31.376762704,-8.599231761],[31.376263578,-8.598667743],[31.376002131,-8.598409235],[31.376525025,-8.597257693],[31.376881544,-8.596905181],[31.376834008,-8.595965145],[31.37612097,-8.595330619],[31.375907059,-8.595001605],[31.374956341,-8.594578587],[31.374718663,-8.59417907],[31.374789966,-8.594038063],[31.375360396,-8.593920558],[31.375479236,-8.593615043],[31.375241556,-8.593168523],[31.375455467,-8.592604496],[31.375788219,-8.592674999],[31.376738936,-8.590653895],[31.376834008,-8.589807849],[31.376406186,-8.589690343],[31.376453721,-8.588820793],[31.376667632,-8.588750288],[31.376311114,-8.588491772],[31.375146486,-8.588585779],[31.374836669,-8.587955362],[31.374885038,-8.587716227],[31.374552287,-8.587481211],[31.374195769,-8.587998243],[31.373554034,-8.587763229],[31.373482731,-8.587575216],[31.373197514,-8.587598718],[31.373126212,-8.587880736],[31.372888532,-8.587692725],[31.372032887,-8.58778673],[31.371937816,-8.588209756],[31.371914047,-8.588421268],[31.372032886,-8.588679784],[31.371914048,-8.588844294],[31.371462457,-8.588374265],[31.371248546,-8.588773789],[31.370060149,-8.588656282],[31.36982247,-8.588891297],[31.370036382,-8.589361324],[31.370012614,-8.589525832],[31.369727398,-8.589643339],[31.369109432,-8.589314321],[31.368610306,-8.589549334],[31.367374374,-8.589690343],[31.366233513,-8.590442384],[31.36559178,-8.591335431],[31.365306564,-8.591217926],[31.365449171,-8.590089865],[31.365306564,-8.589690342],[31.364759902,-8.589737345],[31.364403383,-8.589361324],[31.364403383,-8.589196815],[31.363642809,-8.589008802],[31.363666578,-8.589525832],[31.363809186,-8.589619839],[31.363452667,-8.590301376],[31.362715861,-8.59091241],[31.362478181,-8.591264928],[31.362597021,-8.59168795],[31.362359342,-8.592322482],[31.361693839,-8.592792506],[31.361503696,-8.59309802],[31.360053853,-8.59333303],[31.359269511,-8.59417907],[31.359221976,-8.594884098],[31.360053853,-8.596670173],[31.360648051,-8.59714019],[31.361432393,-8.597727712],[31.361836447,-8.598785248],[31.361384856,-8.600054286],[31.361289785,-8.600712304],[31.361741375,-8.602451348],[31.361955286,-8.603367866],[31.361788912,-8.603814376],[31.361503695,-8.604237384],[31.361741375,-8.604542891],[31.361646304,-8.605506406],[31.361551233,-8.605858911],[31.362597021,-8.606187916],[31.362858468,-8.606493419],[31.362746406,-8.607252128],[31.362953539,-8.607621429],[31.362644557,-8.607926934],[31.361337321,-8.607832933],[31.360957034,-8.607574431],[31.360457907,-8.607715431],[31.359245743,-8.60870244],[31.358960528,-8.609242942],[31.358390097,-8.60874944],[31.358104883,-8.608420437],[31.357368077,-8.607785933],[31.357368077,-8.607315929],[31.356631271,-8.606751922],[31.356113972,-8.607544707],[31.355656787,-8.607904495],[31.355472875,-8.60832692],[31.355086356,-8.608725939],[31.3552765,-8.609101941],[31.35572809,-8.609642444],[31.355704322,-8.610065445],[31.355276499,-8.610558944],[31.355015053,-8.611874946],[31.354492158,-8.612344944],[31.353493906,-8.612109946],[31.353422602,-8.612579944],[31.353042315,-8.612838443],[31.352638261,-8.612720943],[31.351901454,-8.613049942],[31.351735079,-8.613449439],[31.35194899,-8.614201433],[31.350855666,-8.615094425],[31.349786109,-8.615188424],[31.348526409,-8.615869916],[31.348217425,-8.616786402],[31.347884675,-8.616856901],[31.347623228,-8.616339911],[31.347290477,-8.61558792],[31.346672511,-8.615587919],[31.346387296,-8.615799415],[31.345103828,-8.615399922],[31.344414558,-8.615376422],[31.34391543,-8.614906425],[31.343297467,-8.614459932],[31.342727035,-8.613684437],[31.342584427,-8.613190941],[31.341419799,-8.612274444],[31.341229656,-8.612062945],[31.340516618,-8.611921945],[31.340207635,-8.611592946],[31.340183866,-8.611287447],[31.338971702,-8.611592944],[31.338163593,-8.611334447],[31.337593164,-8.611733946],[31.336761286,-8.613120441],[31.334812316,-8.614389432],[31.334574637,-8.614483432],[31.334146814,-8.614083933],[31.33350508,-8.612673943],[31.332221612,-8.612227445],[31.331413503,-8.611451946],[31.33098568,-8.611381445],[31.330724233,-8.611710444],[31.32984482,-8.612274445],[31.329464533,-8.612720943],[31.329619098,-8.613655174],[31.329797284,-8.613942936],[31.330391481,-8.614130934],[31.330724233,-8.614765428],[31.330439017,-8.615611418],[31.329203085,-8.61636341],[31.32765817,-8.616739404],[31.325637898,-8.616786402],[31.325186307,-8.616527908],[31.324924858,-8.616198912],[31.324544572,-8.615658419],[31.324710948,-8.613989934],[31.32513877,-8.612180445],[31.325590361,-8.611381445],[31.32594688,-8.610981947],[31.32606572,-8.610347445],[31.325614129,-8.608866939],[31.325328914,-8.608373437],[31.322999657,-8.607950433],[31.322025173,-8.607268928],[31.321288367,-8.607433429],[31.320646632,-8.607856433],[31.320480257,-8.608608438],[31.320052434,-8.610464946],[31.319458236,-8.610276947],[31.319220558,-8.610041946],[31.318887806,-8.609477944],[31.316582317,-8.608608438],[31.315560296,-8.60752743],[31.314752187,-8.607245427],[31.313373647,-8.607127927],[31.312256555,-8.606775423],[31.311638589,-8.607480429],[31.310236281,-8.608185436],[31.309451939,-8.609501444],[31.308833974,-8.610018446],[31.308596293,-8.610723447],[31.308548758,-8.611827946],[31.308073401,-8.612203945],[31.306029359,-8.611851446],[31.305197481,-8.611639946],[31.30417546,-8.612556444],[31.30372387,-8.61330844],[31.303082135,-8.61448343],[31.301988812,-8.615141424],[31.301988812,-8.615423421],[31.301228238,-8.616504407],[31.300467664,-8.617209397],[31.300776647,-8.618572372],[31.301252005,-8.618924865],[31.301252005,-8.619629849],[31.300253752,-8.620240835],[31.299540715,-8.620405331],[31.299207965,-8.620710824],[31.298780141,-8.622214782],[31.298019567,-8.622778765],[31.297686817,-8.623178253],[31.29592799,-8.623671738],[31.295286256,-8.623718735],[31.294335539,-8.624940692],[31.294573219,-8.626421135],[31.294739593,-8.627079108],[31.295096112,-8.628630039],[31.294810899,-8.629311507],[31.292957,-8.629781484],[31.292125122,-8.629687487],[31.291198173,-8.628959024],[31.289914705,-8.628559542],[31.288512398,-8.628630039],[31.287490377,-8.629194013],[31.286943714,-8.629898977],[31.285755318,-8.630697938],[31.282784327,-8.630744935],[31.28128695,-8.630580444],[31.280074784,-8.63100342],[31.279147835,-8.631520394],[31.278815084,-8.63196687],[31.277579152,-8.63159089],[31.275939165,-8.631073917],[31.275273663,-8.631261908],[31.274299179,-8.632154858],[31.273182086,-8.631990368],[31.272920639,-8.6314029],[31.273277158,-8.630650939],[31.273657445,-8.630368955],[31.273633676,-8.628959024],[31.2734673,-8.628348052],[31.27232644,-8.627784078],[31.269878344,-8.627431593],[31.268404733,-8.626891116],[31.267905606,-8.626162646],[31.267549088,-8.625857157],[31.267216337,-8.625152185],[31.266931122,-8.623671737],[31.266574603,-8.623201752],[31.265861565,-8.622990259],[31.264435489,-8.623530742],[31.263722452,-8.623436744],[31.263247093,-8.623060757],[31.263318397,-8.622214782],[31.263769988,-8.620757822],[31.263532308,-8.619747347],[31.26305695,-8.619277357],[31.260846533,-8.618783868],[31.260466246,-8.618055382],[31.260323639,-8.616997901],[31.259325385,-8.616269411],[31.258921331,-8.616057915],[31.258873795,-8.615799415],[31.258279596,-8.615564421],[31.257471487,-8.614718429],[31.257685399,-8.61314394],[31.256401931,-8.610370946],[31.256306859,-8.609853944],[31.255974108,-8.609477942],[31.255665125,-8.608396936],[31.255308606,-8.607174926],[31.254904551,-8.604871896],[31.25480948,-8.604119882],[31.25469064,-8.602756854],[31.254096441,-8.602239843],[31.253953834,-8.601017813],[31.25376369,-8.600453798],[31.252337615,-8.597962719],[31.251458202,-8.597022685],[31.250626324,-8.596670173],[31.250269806,-8.59636466],[31.249057642,-8.595965145],[31.248368371,-8.595025107],[31.2470136,-8.594414079],[31.246704617,-8.59417907],[31.245563756,-8.593356532],[31.244660576,-8.592557494],[31.244684344,-8.591899462],[31.244422896,-8.591546943],[31.244280289,-8.591546944],[31.243947538,-8.592134473],[31.243329572,-8.592275479],[31.242830445,-8.592674997],[31.242616534,-8.59248699],[31.242616534,-8.591899462],[31.243329572,-8.591969965],[31.243234501,-8.590653896],[31.242046103,-8.591147422],[31.241665818,-8.591382434],[31.241095386,-8.591335432],[31.240691331,-8.592228477],[31.240049598,-8.592298981],[31.239978294,-8.592557493],[31.241000315,-8.59333303],[31.241689586,-8.593756049],[31.242283783,-8.593732549],[31.243163196,-8.593944059],[31.24347218,-8.594367077],[31.24380493,-8.59464909],[31.243068124,-8.595095609],[31.242973052,-8.595424622],[31.242498783,-8.595378208],[31.241594513,-8.595260116],[31.239654988,-8.595961091],[31.239039528,-8.596504958],[31.23889692,-8.596833972],[31.238469097,-8.597162984],[31.238183883,-8.597727004],[31.237898667,-8.597868009],[31.236567664,-8.598009013],[31.235664483,-8.598103017],[31.235426803,-8.597115982],[31.234998981,-8.596551961],[31.234571158,-8.594483876],[31.233715512,-8.593261819],[31.231814078,-8.592556786],[31.231005969,-8.592556786],[31.230530611,-8.592650791],[31.229199606,-8.592509785],[31.228629177,-8.592133766],[31.228343961,-8.591616739],[31.228296425,-8.590723693],[31.227535852,-8.589454621],[31.22734571,-8.588890589],[31.22687035,-8.588561569],[31.225444275,-8.588561569],[31.224873845,-8.588796584],[31.224160807,-8.589548628],[31.223352697,-8.589454621],[31.223019946,-8.588937592],[31.222782267,-8.58724549],[31.222259373,-8.58677546],[31.222021693,-8.586728456],[31.221403728,-8.587151484],[31.221118511,-8.587527506],[31.219930116,-8.58771552],[31.21850404,-8.587010474],[31.217220573,-8.586822462],[31.216507534,-8.586305429],[31.215604354,-8.585318362],[31.214606101,-8.585083348],[31.213845527,-8.584472304],[31.211658878,-8.583485234],[31.211135983,-8.583626245],[31.209852516,-8.585036344],[31.209614837,-8.585130349],[31.209311779,-8.585017978],[31.208236297,-8.585083348],[31.207713403,-8.584895334],[31.2070479,-8.58527136],[31.206382398,-8.586493442],[31.205954576,-8.586869464],[31.203007353,-8.588044538],[31.202199243,-8.588467564],[31.20120099,-8.589501625],[31.200868239,-8.589877645],[31.198348839,-8.591945756],[31.197303052,-8.592697793],[31.195734368,-8.593872849],[31.194831187,-8.595141903],[31.192739609,-8.595658926],[31.191075854,-8.595564921],[31.190838175,-8.59528291],[31.190030066,-8.594953897],[31.189602243,-8.594671884],[31.189317029,-8.593872848],[31.189317028,-8.592556786],[31.189174421,-8.592274772],[31.18884167,-8.592462781],[31.187748345,-8.592697793],[31.186512413,-8.592932804],[31.183897942,-8.592744795],[31.182757081,-8.593120814],[31.182614473,-8.593355825],[31.182757081,-8.593872849],[31.183565191,-8.594295867],[31.183470118,-8.595000898],[31.182614472,-8.595705927],[31.182471865,-8.595846933],[31.182471865,-8.596175947],[31.182947223,-8.596222948],[31.183612725,-8.595893935],[31.184135621,-8.596269949],[31.184135621,-8.598103018],[31.183666013,-8.598784306],[31.182495,-8.599807],[31.18234,-8.600195],[31.182595,-8.600642],[31.18402,-8.602068],[31.184382,-8.602785],[31.184438,-8.603735999],[31.183934,-8.605163],[31.182955,-8.606786],[31.179709,-8.610424],[31.177387,-8.612662],[31.170643,-8.617587],[31.166194,-8.620274],[31.160234,-8.62324],[31.150821,-8.627213],[31.146008,-8.628808],[31.141027,-8.630095],[31.136075,-8.631074],[31.125946,-8.631998],[31.120853,-8.632306],[31.115676,-8.632417],[31.11078,-8.632278],[31.10384,-8.631634],[31.092088,-8.629759],[31.087135,-8.628528],[31.080532,-8.626289],[31.074431,-8.623883],[31.06517,-8.619658],[31.056355,-8.614481],[31.050661,-8.610802],[31.046548,-8.60792],[31.041036,-8.603778],[31.033033,-8.597399],[31.029087,-8.594041],[31.016313108,-8.581656674],[31.005739,-8.569305],[31.000389,-8.562967],[30.995769,-8.558157],[30.987102,-8.547517],[30.977837,-8.534905],[30.896617938,-8.431191956],[30.866609,-8.394137],[30.849035,-8.371811],[30.8372,-8.354656],[30.828363,-8.338939],[30.811415,-8.302892],[30.804389,-8.28884],[30.79463,-8.26659],[30.779920535,-8.223843146],[30.774245999,-8.224360444],[30.617928489,-8.233685819],[30.545371,-8.254981],[30.532569,-8.258131],[30.44728,-8.269770999],[30.439927,-8.268267],[30.428103,-8.271968],[30.365674,-8.28145],[30.351825,-8.282126],[30.292413,-8.290266999],[30.292397,-8.291183999],[30.282483,-8.29101],[30.263053,-8.294338],[30.252673,-8.294382999],[30.214278,-8.300584999],[30.142873,-8.308247],[30.123191,-8.312480999],[29.999884,-8.316618],[29.992297,-8.317670999],[29.969794,-8.322486],[29.936475,-8.328434],[29.926833,-8.330692],[29.91232,-8.33144],[29.860623,-8.341185999],[29.831855,-8.344276],[29.817366,-8.346397],[29.80033,-8.347875999],[29.773404,-8.350924],[29.73844,-8.355730999],[29.714409,-8.37368],[29.708762,-8.380504],[29.70372,-8.38607],[29.701938,-8.38874],[29.697702,-8.391327999],[29.691349,-8.391093],[29.685231,-8.389916],[29.680054,-8.391562999],[29.673936,-8.395328],[29.669783,-8.397339999],[29.662174,-8.39839],[29.651155,-8.400225999],[29.637228,-8.401211],[29.635345,-8.39321],[29.634627001,-8.389207],[29.632528,-8.384485],[29.630429,-8.381599],[29.622034,-8.38055],[29.613901,-8.38055],[29.604718,-8.378975],[29.597897,-8.37609],[29.535315,-8.384128999],[29.521918,-8.385678],[29.515417,-8.386619],[29.487568,-8.389885],[29.463654,-8.393995999],[29.447081,-8.395905],[29.399002,-8.403202999],[29.380819,-8.405365999],[29.345854,-8.410813],[29.30719,-8.415861],[29.254732,-8.423671],[29.205936,-8.43003],[29.156462,-8.437309999],[29.0023,-8.459408],[28.999646,-8.470664999],[28.998469,-8.478665],[28.997293,-8.485489],[28.994939,-8.49396],[28.987645,-8.513491],[28.97182,-8.552808],[28.959756,-8.574064],[28.959606083,-8.590765923],[28.959394,-8.60139],[28.960331,-8.621747],[28.959182,-8.635534],[28.956884,-8.658514],[28.948841,-8.691259999],[28.940798,-8.715962],[28.927011,-8.742963],[28.912899,-8.764334],[28.900751,-8.784059],[28.89654,-8.794926],[28.860335,-8.841457],[28.859697,-8.844912999],[28.857864,-8.845861999],[28.847469,-8.860273],[28.815977,-8.899145],[28.770851,-8.953164],[28.760675,-8.96734],[28.74753,-8.98386],[28.729761,-9.000451],[28.695614,-9.034297999],[28.66296,-9.060536],[28.647177,-9.071578],[28.616663,-9.087207],[28.582794,-9.110467999],[28.568567,-9.117805],[28.540142,-9.134543],[28.504635,-9.157361],[28.482864,-9.171009],[28.446268,-9.199120999],[28.417686,-9.222054999],[28.393963,-9.245148999],[28.383547,-9.259426],[28.386419,-9.269765999],[28.392164,-9.273788],[28.402505,-9.281831],[28.412271,-9.28815],[28.425484,-9.295043999],[28.438123,-9.301938],[28.454209,-9.309406],[28.472592,-9.315151],[28.485805,-9.320896],[28.498444,-9.32779],[28.511083,-9.338705],[28.522669,-9.357281],[28.527126,-9.361121999],[28.532393,-9.372767],[28.533937,-9.383087],[28.531349,-9.395768],[28.522068,-9.409697],[28.521135812,-9.412832739],[28.520805522,-9.41867291],[28.520091683,-9.422099333],[28.517521865,-9.425525757],[28.515094815,-9.42838111],[28.513524371,-9.431664767],[28.511811159,-9.43694717],[28.511953927,-9.441801271],[28.512810533,-9.447369209],[28.514238209,-9.449225189],[28.516950795,-9.448796886],[28.521376592,-9.447369209],[28.526944531,-9.449225189],[28.531084793,-9.450795633],[28.536224429,-9.453365451],[28.538080408,-9.456506339],[28.538080408,-9.460361066],[28.537081035,-9.463359187],[28.533940146,-9.467642217],[28.532940773,-9.471639712],[28.533511843,-9.476065509],[28.536367197,-9.478635327],[28.539508085,-9.478920862],[28.544647721,-9.477350418],[28.54835968,-9.475066135],[28.552499942,-9.473923994],[28.557925113,-9.474495065],[28.564635194,-9.476922115],[28.570774203,-9.482347286],[28.573344021,-9.488629063],[28.574486162,-9.494625305],[28.573772324,-9.501763688],[28.571630809,-9.511043585],[28.570488667,-9.517753666],[28.571202506,-9.521893927],[28.571059738,-9.527176331],[28.570060364,-9.535599623],[28.569774829,-9.543166309],[28.571059738,-9.549590854],[28.574057859,-9.555016025],[28.579625798,-9.560726732],[28.584908201,-9.561868873],[28.590333372,-9.56015566],[28.599042199,-9.554159419],[28.603325229,-9.55044746],[28.606751653,-9.546592732],[28.610035309,-9.543309076],[28.613747268,-9.544308451],[28.616459854,-9.5467355],[28.618030298,-9.550732995],[28.617887531,-9.555301561],[28.616602622,-9.55958459],[28.613747268,-9.562582709],[28.610463612,-9.56386762],[28.607037188,-9.564581459],[28.602183088,-9.564724225],[28.597614523,-9.564438691],[28.593902564,-9.564724225],[28.587478019,-9.56815065],[28.583766061,-9.571148771],[28.581767313,-9.573147518],[28.580625171,-9.575574568],[28.58133901,-9.579143759],[28.583337757,-9.579857598],[28.586050342,-9.580000366],[28.589191231,-9.579000991],[28.592474887,-9.579572063],[28.596044079,-9.582570184],[28.599470502,-9.585140001],[28.605323976,-9.586710446],[28.610320845,-9.589565799],[28.611891289,-9.593563294],[28.612462359,-9.600701677],[28.611177451,-9.607554524],[28.608464865,-9.615835049],[28.606894421,-9.623401734],[28.609321471,-9.627256461],[28.612605127,-9.631253956],[28.615174945,-9.638535107],[28.621171187,-9.654382317],[28.623027166,-9.660235791],[28.623598237,-9.666232033],[28.623741005,-9.674227022],[28.624312075,-9.68036603],[28.625454217,-9.686076737],[28.627024661,-9.689503161],[28.629166176,-9.692501282],[28.630165549,-9.697355383],[28.630451085,-9.700639039],[28.629166176,-9.703494392],[28.627738499,-9.705207604],[28.623169934,-9.707634654],[28.620171813,-9.71034724],[28.618030298,-9.713059824],[28.617601995,-9.716486249],[28.619457975,-9.720769279],[28.621885025,-9.724766772],[28.624883146,-9.730334712],[28.628166802,-9.733761136],[28.631593226,-9.737044792],[28.634336595,-9.743353687],[28.635529864,-9.746444961],[28.640526732,-9.749157547],[28.645380833,-9.750727991],[28.649235559,-9.751441827],[28.654517962,-9.7520129],[28.659086528,-9.751584597],[28.663369558,-9.750299688],[28.666510446,-9.75015692],[28.670222405,-9.75315504],[28.673648829,-9.758437445],[28.67664695,-9.764861989],[28.676932485,-9.768573948],[28.676361415,-9.771286534],[28.673363294,-9.773142513],[28.670936244,-9.774427422],[28.669794102,-9.776568937],[28.670650708,-9.779995361],[28.673363294,-9.782279642],[28.678360162,-9.783279017],[28.681929354,-9.784992229],[28.68521301,-9.787847583],[28.686783454,-9.790702936],[28.689067737,-9.794272127],[28.692208625,-9.796270875],[28.695492281,-9.799126228],[28.696063352,-9.803837561],[28.695920584,-9.808691661],[28.693636302,-9.812118085],[28.689067737,-9.81483067],[28.685355777,-9.81483067],[28.682357658,-9.813545761],[28.681072748,-9.810404873],[28.678931233,-9.809119964],[28.676504182,-9.809691035],[28.675076506,-9.813117458],[28.675504809,-9.816972184],[28.673934365,-9.832391093],[28.672078385,-9.838815637],[28.669080264,-9.844098041],[28.668080891,-9.848952141],[28.666795982,-9.852806867],[28.663655093,-9.856661595],[28.659372063,-9.861515695],[28.657944387,-9.866369796],[28.658087154,-9.871081129],[28.659800366,-9.878219512],[28.658800993,-9.88378745],[28.655089033,-9.891211368],[28.651091539,-9.898206984],[28.643667621,-9.90762965],[28.638956288,-9.911912679],[28.635672632,-9.917480618],[28.632960046,-9.922477486],[28.631104066,-9.931043546],[28.627677643,-9.942322191],[28.62253012,-9.955014543],[28.622101818,-9.960011411],[28.622958423,-9.963295067],[28.625099938,-9.970147914],[28.627384221,-9.973859873],[28.630525109,-9.978142903],[28.630382342,-9.982568701],[28.624100565,-9.989136013],[28.621673514,-9.993561811],[28.621245211,-9.997844841],[28.623815029,-10.0015568],[28.628098059,-10.004554921],[28.635236442,-10.007553042],[28.640376078,-10.013406516],[28.643516966,-10.019402757],[28.643516966,-10.027254979],[28.642356,-10.032521],[28.642652609,-10.038327404],[28.643937518,-10.043324272],[28.643937518,-10.047178998],[28.642081539,-10.049891583],[28.636941903,-10.053746311],[28.632658873,-10.055887826],[28.62980352,-10.058743179],[28.629232449,-10.063168976],[28.63037459,-10.069879057],[28.632944408,-10.077731277],[28.631945035,-10.08729671],[28.631088429,-10.097861518],[28.629517984,-10.109425699],[28.627519237,-10.116278546],[28.626091561,-10.122417556],[28.625806025,-10.128128262],[28.626948167,-10.135837716],[28.624378349,-10.149971714],[28.625806025,-10.156110724],[28.627233702,-10.16424848],[28.625234955,-10.166532763],[28.621665763,-10.167532135],[28.618524875,-10.166675531],[28.614241845,-10.164105713],[28.611100956,-10.164105713],[28.609816047,-10.16610446],[28.610547126,-10.169221775],[28.61210033,-10.173813913],[28.611957562,-10.177240336],[28.609816047,-10.181095063],[28.598109099,-10.189090053],[28.593683302,-10.194229689],[28.590542413,-10.198655486],[28.584831707,-10.20822092],[28.581262515,-10.212932252],[28.577265021,-10.219642333],[28.574980738,-10.224353665],[28.575123506,-10.228636695],[28.57854993,-10.233776331],[28.58340403,-10.237631057],[28.589685807,-10.242056855],[28.593826069,-10.245626047],[28.59625312,-10.248338632],[28.59868017,-10.254334874],[28.603105967,-10.257904065],[28.606675159,-10.261473257],[28.608959441,-10.267326731],[28.610387118,-10.273751276],[28.61024435,-10.279890285],[28.611386492,-10.284316083],[28.612814168,-10.286457598],[28.618096572,-10.286029295],[28.622379601,-10.286457598],[28.626377096,-10.287456971],[28.630231823,-10.291454466],[28.632944408,-10.296451334],[28.635228691,-10.304446322],[28.636370832,-10.313868988],[28.63223057,-10.336569046],[28.62794754,-10.348275994],[28.62309344,-10.356270982],[28.619381481,-10.359697407],[28.618524875,-10.362552761],[28.619524248,-10.366407487],[28.62309344,-10.372689264],[28.624378349,-10.376972294],[28.624378349,-10.382397465],[28.622236834,-10.389535848],[28.624092813,-10.395817625],[28.62794754,-10.403669847],[28.631373964,-10.409095018],[28.638084044,-10.414377421],[28.641510468,-10.418945986],[28.643509215,-10.42479946],[28.64379475,-10.432794448],[28.64565073,-10.439932832],[28.646792871,-10.448070589],[28.644794124,-10.451639781],[28.638226813,-10.457921557],[28.634800388,-10.46206182],[28.63223057,-10.466630385],[28.632087802,-10.472626627],[28.634372085,-10.480478848],[28.639940024,-10.488331069],[28.640511094,-10.495897754],[28.640225559,-10.502179532],[28.638369579,-10.508175774],[28.631659499,-10.514457551],[28.62980352,-10.516884601],[28.630802893,-10.520882095],[28.634514853,-10.524736823],[28.639940024,-10.528734317],[28.645127249,-10.532113152],[28.650481036,-10.532113152],[28.654942525,-10.531667003],[28.657619419,-10.533302882],[28.659404015,-10.537615655],[28.659404015,-10.542374577],[28.66118861,-10.548918095],[28.665352667,-10.553379584],[28.667732128,-10.556948776],[28.671896185,-10.561410265],[28.672975,-10.567492667],[28.672044901,-10.572837627],[28.667619104,-10.574550838],[28.666191427,-10.577691727],[28.666476963,-10.581118151],[28.667048033,-10.585258413],[28.665049286,-10.594681078],[28.663478842,-10.597250897],[28.660623488,-10.600391785],[28.65933858,-10.603960977],[28.658910277,-10.608815077],[28.657625368,-10.613811944],[28.658053671,-10.620950328],[28.658624741,-10.625947197],[28.660909024,-10.6263755],[28.664763751,-10.625661661],[28.667333569,-10.625661661],[28.671616598,-10.628088711],[28.673472578,-10.630230226],[28.678754981,-10.631657903],[28.683323546,-10.634084952],[28.690319162,-10.643079316],[28.691604071,-10.647647881],[28.692032374,-10.65564287],[28.693745586,-10.659783132],[28.696743707,-10.662495718],[28.696743707,-10.668063655],[28.695458798,-10.672061151],[28.693888353,-10.676201413],[28.690604697,-10.678771231],[28.682895243,-10.680912746],[28.671902134,-10.682054887],[28.665763124,-10.68248319],[28.663193306,-10.683910867],[28.661622862,-10.686908988],[28.662622236,-10.691334785],[28.66419268,-10.695475047],[28.664478215,-10.69775933],[28.664478215,-10.701614057],[28.663478842,-10.704897712],[28.663621609,-10.710322883],[28.664478215,-10.714177611],[28.666191427,-10.71788957],[28.666762498,-10.721744297],[28.665620357,-10.723457509],[28.662622236,-10.724171347],[28.659766883,-10.723029206],[28.656483226,-10.722029832],[28.65319957,-10.71903171],[28.650201449,-10.718175105],[28.647631631,-10.71903171],[28.642491996,-10.718175105],[28.637780663,-10.715890823],[28.632069956,-10.715319751],[28.628500765,-10.716176358],[28.622361755,-10.718317872],[28.617364887,-10.71903171],[28.611796949,-10.721744297],[28.607942222,-10.725313488],[28.606657313,-10.729310983],[28.606371778,-10.732166336],[28.607799454,-10.738162578],[28.607799454,-10.741446234],[28.606371778,-10.751154435],[28.60622901,-10.758578353],[28.605372404,-10.762718615],[28.603516424,-10.770142534],[28.594807597,-10.78013627],[28.589239658,-10.785133138],[28.584100023,-10.785989743],[28.581530205,-10.78855956],[28.580959135,-10.793841965],[28.581672972,-10.799267136],[28.58181574,-10.804121237],[28.581672972,-10.809831942],[28.575391195,-10.815257114],[28.571393701,-10.818112466],[28.569537721,-10.820253982],[28.566825136,-10.820111215],[28.563827015,-10.819540144],[28.560543359,-10.820825053],[28.557830773,-10.82525085],[28.552976673,-10.83809994],[28.546266593,-10.853804382],[28.544410613,-10.864226422],[28.543268472,-10.876361673],[28.544410613,-10.886212641],[28.545695522,-10.892779954],[28.546694896,-10.900632174],[28.546552128,-10.90705672],[28.54583829,-10.912624658],[28.544267845,-10.916907688],[28.542697401,-10.924474374],[28.541840795,-10.939750513],[28.541194719,-10.943010173],[28.53995345,-10.947312225],[28.537383632,-10.951166952],[28.533528905,-10.954593375],[28.526961593,-10.958305334],[28.519109371,-10.961588991],[28.515660018,-10.962523037],[28.5122098,-10.964759731],[28.510306231,-10.968447895],[28.510068285,-10.974158602],[28.5122098,-10.991290721],[28.512685692,-10.998191158],[28.512090827,-11.002474186],[28.511733908,-11.009136679],[28.511971854,-11.015085331],[28.511971854,-11.019249388],[28.509592393,-11.026030852],[28.506023201,-11.032574369],[28.501978117,-11.037928157],[28.499003791,-11.042568105],[28.49662433,-11.048159839],[28.496386384,-11.053037734],[28.496505357,-11.058867414],[28.494720761,-11.064221201],[28.492817193,-11.073263153],[28.493531031,-11.079687697],[28.49269822,-11.083018943],[28.490318759,-11.08563635],[28.486987513,-11.088253757],[28.483656268,-11.090276299],[28.480681941,-11.09384549],[28.478421453,-11.0977716],[28.477469669,-11.101459766],[28.477469669,-11.105980741],[28.477826588,-11.109549932],[28.480325022,-11.113951936],[28.484727025,-11.119067777],[28.493531031,-11.128466647],[28.496505357,-11.134891193],[28.49817098,-11.142267521],[28.499003791,-11.148335147],[28.498527899,-11.154402773],[28.498289953,-11.166062132],[28.497576115,-11.171653864],[28.498527899,-11.175936895],[28.49817098,-11.178554302],[28.496862276,-11.181885548],[28.491746435,-11.187120362],[28.487225459,-11.192355176],[28.481514753,-11.198065882],[28.480919888,-11.200802263],[28.480919888,-11.203538642],[28.481633726,-11.206750915],[28.482942429,-11.21043908],[28.482228592,-11.213889298],[28.482109618,-11.216863624],[28.483537295,-11.219956924],[28.485559837,-11.223288169],[28.486392648,-11.227571199],[28.486987513,-11.232092174],[28.489129028,-11.234709581],[28.488891082,-11.238754666],[28.487701351,-11.241966938],[28.485083944,-11.250889916],[28.483061402,-11.253745269],[28.479135292,-11.257790354],[28.475209181,-11.265523602],[28.472472801,-11.273732742],[28.471758963,-11.27837269],[28.471758963,-11.282893667],[28.470450259,-11.285867993],[28.467000041,-11.287890535],[28.461765226,-11.28931821],[28.458315008,-11.291221781],[28.455816574,-11.293244323],[28.45331814,-11.297884272],[28.452128409,-11.300858598],[28.452366355,-11.305141628],[28.453556086,-11.308353899],[28.45331814,-11.311447198],[28.451652517,-11.315373309],[28.450224841,-11.319418393],[28.450105868,-11.321321961],[28.451295598,-11.325248073],[28.451652517,-11.328222399],[28.451652517,-11.33095878],[28.453437113,-11.333457213],[28.458196035,-11.338454081],[28.459861658,-11.341071489],[28.460932415,-11.344283761],[28.460932415,-11.347020141],[28.459861658,-11.349875495],[28.456292466,-11.354277497],[28.455578628,-11.356894905],[28.456530412,-11.360345122],[28.456768358,-11.36296253],[28.455935547,-11.367126587],[28.455816574,-11.370338858],[28.453080194,-11.37271832],[28.448440245,-11.375335726],[28.446179757,-11.37700135],[28.436661913,-11.37973773],[28.431784018,-11.381522326],[28.428690718,-11.384139733],[28.427263042,-11.386519194],[28.425835365,-11.389612493],[28.4252405,-11.3922299],[28.425954338,-11.395799092],[28.427619961,-11.400082122],[28.430475314,-11.406149747],[28.431784018,-11.411979427],[28.432021964,-11.416262457],[28.430951206,-11.419593702],[28.427500988,-11.422568028],[28.425478446,-11.426613112],[28.42250412,-11.430658196],[28.421552335,-11.434822252],[28.422266174,-11.4425555],[28.422884834,-11.445000397],[28.422591838,-11.447445693],[28.420458689,-11.451302524],[28.418317174,-11.45401511],[28.414034144,-11.458155373],[28.409180044,-11.462438403],[28.396045419,-11.472574907],[28.394474975,-11.476286865],[28.395902652,-11.480998199],[28.395331581,-11.490135329],[28.397187561,-11.498415853],[28.397901399,-11.502413348],[28.397330328,-11.505268701],[28.395331581,-11.509980034],[28.391619622,-11.514263064],[28.389049804,-11.516690113],[28.390191945,-11.520402073],[28.391762389,-11.523828497],[28.390905784,-11.526826618],[28.387336592,-11.534107769],[28.386194451,-11.539818475],[28.384481239,-11.545386414],[28.384909542,-11.557664433],[28.385766148,-11.560805321],[28.3837674,-11.565373886],[28.3837674,-11.569799684],[28.384909542,-11.571941198],[28.385480612,-11.576366996],[28.385195077,-11.583077076],[28.385480612,-11.587931176],[28.388193198,-11.593784651],[28.392761763,-11.598210448],[28.400185681,-11.606776508],[28.40147059,-11.612201679],[28.404183176,-11.617484082],[28.408751741,-11.621338809],[28.417460568,-11.624051395],[28.422314669,-11.62861996],[28.425741093,-11.633759595],[28.431451799,-11.637614322],[28.433450546,-11.641040746],[28.434878223,-11.646037614],[28.434164385,-11.651605552],[28.432736708,-11.658601166],[28.430309658,-11.662884198],[28.42588386,-11.665168481],[28.423599578,-11.66702446],[28.420744225,-11.671164723],[28.419602083,-11.675876055],[28.420315922,-11.680159085],[28.421886366,-11.684584883],[28.426740466,-11.686583629],[28.430452425,-11.689153448],[28.435163758,-11.691152194],[28.436591435,-11.695577992],[28.436448667,-11.700860396],[28.434592688,-11.706571101],[28.431737334,-11.710711363],[28.428025375,-11.714566091],[28.422029133,-11.717992515],[28.417888871,-11.721276171],[28.417888871,-11.723560454],[28.419887619,-11.725559201],[28.423314042,-11.725559201],[28.426597699,-11.72684411],[28.430452425,-11.73112714],[28.434878223,-11.73783722],[28.439589556,-11.743690694],[28.446870707,-11.75368443],[28.449583292,-11.761536652],[28.450868201,-11.767532893],[28.454294625,-11.773671902],[28.453580786,-11.778240468],[28.449470268,-11.782933955],[28.446942091,-11.78635443],[28.443967765,-11.787990309],[28.442034452,-11.788733891],[28.440398572,-11.792303082],[28.440696005,-11.795723557],[28.440249856,-11.80122606],[28.438019111,-11.805092685],[28.436234516,-11.809851607],[28.434896069,-11.81580026],[28.436829381,-11.8198156],[28.44010114,-11.823384791],[28.444265197,-11.82546682],[28.446198509,-11.827846281],[28.447834388,-11.832605203],[28.449916416,-11.835579529],[28.451106147,-11.838553856],[28.45259331,-11.8407846],[28.456311218,-11.840635883],[28.460475275,-11.836471825],[28.463152168,-11.834538515],[28.464341899,-11.830523175],[28.467018792,-11.828441146],[28.470290551,-11.827994997],[28.474752041,-11.827994997],[28.478618665,-11.82948216],[28.480998126,-11.831415473],[28.481890424,-11.834389799],[28.481592991,-11.838702572],[28.483972452,-11.841230749],[28.486798062,-11.841974331],[28.491110835,-11.843610209],[28.49334158,-11.845840953],[28.494828743,-11.853425487],[28.492597998,-11.857440827],[28.492003133,-11.862943331],[28.492449282,-11.8690407],[28.4917057,-11.873353473],[28.495721041,-11.874543203],[28.4989928,-11.875286783],[28.502264559,-11.876327799],[28.506131183,-11.875732934],[28.510592672,-11.876030366],[28.514608013,-11.877963678],[28.516095176,-11.879450842],[28.521342879,-11.882408645],[28.526196979,-11.885977837],[28.529052333,-11.889975331],[28.534191968,-11.892687917],[28.538474998,-11.893972825],[28.543614634,-11.894972199],[28.547612128,-11.896828178],[28.550895785,-11.898826926],[28.555749885,-11.899540764],[28.560603985,-11.899969066],[28.565315318,-11.901682279],[28.570026651,-11.904965934],[28.572310934,-11.90896343],[28.576736731,-11.91081941],[28.582447438,-11.909820036],[28.588300912,-11.907964056],[28.592155638,-11.905394237],[28.598722951,-11.90653638],[28.604148122,-11.906679147],[28.610287131,-11.905679774],[28.613713555,-11.904537632],[28.617282747,-11.904537632],[28.620280868,-11.905394237],[28.623992827,-11.907678521],[28.626990948,-11.918386096],[28.625848806,-11.921098681],[28.626419877,-11.924953408],[28.626705412,-11.928950902],[28.628418624,-11.933805003],[28.631559513,-11.939515709],[28.636984684,-11.943513204],[28.644836905,-11.947939001],[28.652118056,-11.951793727],[28.659256439,-11.955077384],[28.661969024,-11.957932737],[28.663539469,-11.962929606],[28.670106781,-11.965356656],[28.67624579,-11.966498797],[28.68295587,-11.968354777],[28.685811224,-11.972780574],[28.691950233,-11.978919584],[28.697232636,-11.983630916],[28.704085484,-11.985486896],[28.714364756,-11.989341623],[28.720932068,-11.99005546],[28.726500007,-11.986343502],[28.729498128,-11.985201361],[28.734066693,-11.983916452],[28.738635258,-11.981632168],[28.740634005,-11.977777442],[28.743489358,-11.977206372],[28.747629621,-11.977063604],[28.752626489,-11.978491281],[28.75562461,-11.981489401],[28.756052914,-11.986057967],[28.757337821,-11.98948439],[28.760764245,-11.990340995],[28.76476174,-11.991625905],[28.76476174,-11.995195096],[28.763619598,-12.000334733],[28.763191296,-12.004046692],[28.762477457,-12.007330348],[28.761986784,-12.011069346],[28.763128925,-12.0139247],[28.766555349,-12.017493891],[28.770267308,-12.019920941],[28.773550964,-12.021776921],[28.776120782,-12.023918436],[28.77626355,-12.027059324],[28.775264176,-12.02977191],[28.773836499,-12.034911546],[28.773979267,-12.040479484],[28.774978641,-12.045190817],[28.778405064,-12.04804617],[28.782402559,-12.049473847],[28.782259791,-12.053043038],[28.783830236,-12.055612856],[28.787256659,-12.057754371],[28.793252901,-12.059610351],[28.799249143,-12.062037401],[28.804103243,-12.064607219],[28.808671808,-12.068461946],[28.813668677,-12.07431542],[28.814525283,-12.078312913],[28.815096353,-12.082453176],[28.818665545,-12.085594064],[28.824661786,-12.088021115],[28.829801422,-12.090733701],[28.834369987,-12.096158871],[28.840223461,-12.107580284],[28.84821845,-12.121571515],[28.855785136,-12.136133816],[28.860068166,-12.140559614],[28.862923519,-12.146127552],[28.869348064,-12.150553351],[28.875772609,-12.153979774],[28.885623577,-12.157120663],[28.895189011,-12.159262178],[28.903041232,-12.162688602],[28.908894706,-12.166257793],[28.915890321,-12.171254661],[28.92145826,-12.176965367],[28.927311734,-12.182676074],[28.938590379,-12.195382396],[28.946585368,-12.203234616],[28.951296701,-12.209516394],[28.955436963,-12.220509504],[28.958863387,-12.225506371],[28.968857123,-12.242924027],[28.9751389,-12.25434544],[28.98184898,-12.261912125],[28.986417546,-12.268907741],[28.99041504,-12.273761841],[28.994269767,-12.277331033],[29.001265382,-12.281328527],[29.005120109,-12.284183881],[29.007547159,-12.288181375],[29.008974836,-12.29274994],[29.008832068,-12.300316626],[29.008403765,-12.306883938],[29.008689301,-12.311880806],[29.010830816,-12.320589634],[29.017969199,-12.336865147],[29.020681784,-12.341290945],[29.033959176,-12.349571469],[29.035815156,-12.353568964],[29.034101944,-12.358994135],[29.032674268,-12.366703588],[29.03010445,-12.370843851],[29.032674268,-12.372128759],[29.034815782,-12.377268395],[29.037242833,-12.380266516],[29.041097559,-12.38369294],[29.043810145,-12.38426401],[29.048807014,-12.383121869],[29.05451772,-12.385263384],[29.060656729,-12.38554892],[29.065368062,-12.385977223],[29.072506445,-12.387833202],[29.077646081,-12.38797597],[29.081500807,-12.38554892],[29.08564107,-12.382550799],[29.088353655,-12.378696072],[29.090637938,-12.37698286],[29.093064988,-12.375983485],[29.098347391,-12.378553303],[29.100774442,-12.379267142],[29.105628542,-12.374984113],[29.110482642,-12.376411788],[29.11490844,-12.380409284],[29.116621652,-12.384977849],[29.118049328,-12.390260251],[29.120476379,-12.393972211],[29.124616641,-12.396256494],[29.127900297,-12.394257747],[29.130612883,-12.390974091],[29.132754397,-12.386833828],[29.136466357,-12.385263384],[29.139464477,-12.38426401],[29.144746881,-12.383121869],[29.146745628,-12.383121869],[29.149600981,-12.380409284],[29.154026779,-12.377982234],[29.163592212,-12.377268395],[29.178297281,-12.371985992],[29.187577179,-12.373128133],[29.196286006,-12.371985992],[29.199855198,-12.372271527],[29.209277863,-12.37455581],[29.214417499,-12.375412416],[29.219557135,-12.375983485],[29.223126326,-12.375697951],[29.228551498,-12.375697951],[29.230978548,-12.376411788],[29.235547113,-12.37940991],[29.23997291,-12.378696072],[29.245398081,-12.376554557],[29.249681111,-12.376411788],[29.25339307,-12.377268395],[29.256819494,-12.376411788],[29.259103777,-12.374984113],[29.261816362,-12.374127507],[29.262101898,-12.372271527],[29.259674847,-12.37141492],[29.258675474,-12.366846355],[29.260674221,-12.36413377],[29.264528948,-12.36170672],[29.269097513,-12.360564579],[29.273808846,-12.361992255],[29.276664199,-12.364419306],[29.281946603,-12.370701083],[29.282945976,-12.373984739],[29.286943471,-12.378553303],[29.288942218,-12.38183696],[29.292654177,-12.384121242],[29.29736551,-12.385691687],[29.299364257,-12.388404273],[29.302076843,-12.391545161],[29.304789428,-12.393829444],[29.305503266,-12.396827564],[29.303932822,-12.399682918],[29.299649792,-12.402681038],[29.298364883,-12.40567916],[29.299935328,-12.409819422],[29.30164854,-12.411818168],[29.307930317,-12.413816916],[29.318923427,-12.417814411],[29.321493244,-12.421240835],[29.323777527,-12.421954673],[29.326775648,-12.419670388],[29.330059304,-12.41909932],[29.331344213,-12.421669138],[29.331486981,-12.4258094],[29.331201445,-12.429093056],[29.335627243,-12.430806268],[29.341195182,-12.432233944],[29.343479464,-12.430806268],[29.347762494,-12.424524491],[29.349475706,-12.420812532],[29.352473827,-12.417100572],[29.354900877,-12.414959058],[29.35961221,-12.412103704],[29.36389524,-12.411818168],[29.367749966,-12.412103704],[29.377172632,-12.413531381],[29.382597803,-12.414673522],[29.386880833,-12.417671643],[29.388022974,-12.421383601],[29.388594045,-12.424238955],[29.390307257,-12.427237076],[29.399016084,-12.431520106],[29.402728043,-12.431805641],[29.407724911,-12.434375459],[29.41514883,-12.438515721],[29.432852019,-12.445083034],[29.443131291,-12.447652851],[29.451840118,-12.449223296],[29.457122522,-12.450365437],[29.464260905,-12.452364185],[29.468401167,-12.455362305],[29.472398661,-12.458645962],[29.474825712,-12.460216406],[29.48039365,-12.459788103],[29.484391145,-12.456361678],[29.492100599,-12.450650973],[29.496383628,-12.445225802],[29.499524517,-12.442620292],[29.503986006,-12.441579276],[29.509637226,-12.442025427],[29.513355134,-12.440389547],[29.518262772,-12.436374207],[29.521088382,-12.431317852],[29.524211425,-12.427451227],[29.529267779,-12.423138455],[29.530011361,-12.417338519],[29.529862645,-12.412728313],[29.530308794,-12.406482227],[29.528821631,-12.401723305],[29.528078049,-12.396072086],[29.525103723,-12.392205462],[29.519006354,-12.392205462],[29.514693581,-12.393395192],[29.511570538,-12.396518235],[29.506960333,-12.398154114],[29.497591205,-12.400979724],[29.49417073,-12.400087426],[29.487775928,-12.395625937],[29.483165722,-12.390123432],[29.481083694,-12.386108093],[29.480191396,-12.375549233],[29.476622205,-12.365882673],[29.472755581,-12.358446858],[29.46755051,-12.349077729],[29.463535169,-12.34104705],[29.461155708,-12.335544546],[29.459817261,-12.327811298],[29.458330098,-12.320375483],[29.45907368,-12.314426829],[29.45907368,-12.307437162],[29.462345439,-12.300744929],[29.468294091,-12.291673233],[29.470673552,-12.284088702],[29.474242744,-12.27814005],[29.477365786,-12.271447816],[29.478109368,-12.264755582],[29.478109368,-12.25791463],[29.479150382,-12.253453141],[29.481975992,-12.249289085],[29.485545183,-12.246314759],[29.498037354,-12.237986644],[29.505175737,-12.23129441],[29.520868154,-12.229623345],[29.525293952,-12.231051021],[29.529005911,-12.231622093],[29.5321468,-12.229766113],[29.545852495,-12.214489973],[29.549421687,-12.206209448],[29.551277666,-12.20249749],[29.553704716,-12.201069813],[29.558130514,-12.202069187],[29.56141417,-12.20249749],[29.565839967,-12.197786157],[29.564746871,-12.195631806],[29.562516126,-12.194144643],[29.559244367,-12.19384721],[29.559244367,-12.1910216],[29.560434098,-12.188344707],[29.562813559,-12.185519096],[29.567275048,-12.184626799],[29.570249375,-12.182842203],[29.573818566,-12.181503756],[29.5805108,-12.182693487],[29.5805108,-12.185667813],[29.580956949,-12.188047274],[29.580259501,-12.192218218],[29.577832451,-12.195359107],[29.577689683,-12.198071691],[29.579831198,-12.20007044],[29.583257622,-12.200498742],[29.585113602,-12.196786783],[29.587255117,-12.194502501],[29.595250105,-12.19578741],[29.598105459,-12.194645269],[29.600818044,-12.196501248],[29.599533135,-12.199213834],[29.60110358,-12.20249749],[29.605386609,-12.204353469],[29.608241963,-12.206923287],[29.610954548,-12.213633367],[29.613809901,-12.218201933],[29.617807396,-12.221771124],[29.622375961,-12.222056659],[29.622518729,-12.22020068],[29.62123382,-12.216917024],[29.624803011,-12.214489973],[29.626658991,-12.21406167],[29.62851497,-12.21591765],[29.629514344,-12.218773003],[29.63222693,-12.219201306],[29.635367818,-12.219058538],[29.637509333,-12.220486215],[29.637652101,-12.223769871],[29.636652727,-12.226054154],[29.636652727,-12.227910132],[29.639936383,-12.228766739],[29.643077272,-12.229195042],[29.645504322,-12.233049768],[29.64807414,-12.234049143],[29.651500564,-12.232478699],[29.654498685,-12.231479325],[29.658638947,-12.232907002],[29.663635815,-12.234191909],[29.667490542,-12.232050396],[29.678483651,-12.232478699],[29.682481146,-12.231193789],[29.687486846,-12.228888961],[29.692311251,-12.22707981],[29.693818877,-12.222707693],[29.695628029,-12.220446253],[29.699849383,-12.218486339],[29.704673788,-12.218938627],[29.70934743,-12.219993965],[29.714624123,-12.220144728],[29.719297765,-12.219089389],[29.721709967,-12.217280237],[29.719750053,-12.214868035],[29.717639376,-12.211400494],[29.717187088,-12.208837528],[29.714430258,-12.208015072],[29.715032173,-12.207637126],[29.721742253,-12.205638378],[29.725882515,-12.205638378],[29.727738494,-12.203925166],[29.727881262,-12.200498742],[29.729737242,-12.199642137],[29.733449201,-12.202925793],[29.736019019,-12.204496237],[29.737589463,-12.203211327],[29.736590089,-12.201069813],[29.733591968,-12.198357228],[29.732449827,-12.194216966],[29.732449827,-12.19021947],[29.735590716,-12.185650906],[29.738588836,-12.180082967],[29.742586331,-12.171659675],[29.746155522,-12.166662807],[29.751866229,-12.16280808],[29.75971845,-12.15795398],[29.766714066,-12.154099253],[29.771568166,-12.149816223],[29.774709055,-12.148959616],[29.781133599,-12.151672202],[29.78841475,-12.154099253],[29.796266971,-12.15481309],[29.807402848,-12.153813719],[29.809116061,-12.156240768],[29.809642443,-12.162082991],[29.810171,-12.188645],[29.80962,-12.219716],[29.81002,-12.239724],[29.809784001,-12.321862],[29.809988387,-12.451122885],[29.809572,-12.510977],[29.810049,-12.546627],[29.809162,-12.619569999],[29.810074,-12.653600999],[29.809477,-12.670635],[29.80909,-12.698248],[29.809704,-12.78772325],[29.809443,-12.80981225],[29.808638,-12.816499],[29.809929,-12.834187],[29.808945,-12.8671],[29.80936,-12.934950999],[29.809811,-12.957485],[29.809336,-12.980727],[29.809608,-12.994292999],[29.809547,-13.003035],[29.809959,-13.082384],[29.808666,-13.123350999],[29.809847,-13.147249],[29.809221,-13.174631999],[29.810116,-13.242926],[29.811333,-13.244972],[29.809790001,-13.261792],[29.809828,-13.416344],[29.808961999,-13.455143],[29.804216,-13.453017],[29.784908,-13.439357],[29.776873,-13.436979999],[29.764656,-13.437212],[29.739063,-13.450114],[29.722231,-13.454570999],[29.712383,-13.455676],[29.701382763,-13.451178206],[29.693098,-13.442928999],[29.679701,-13.430759999],[29.673796,-13.429259999],[29.667698,-13.429834],[29.65447,-13.438359],[29.646462,-13.437358],[29.623751,-13.41731],[29.610662,-13.40881225],[29.608177,-13.401729],[29.608026,-13.393911999],[29.614147,-13.3823],[29.612162,-13.376817999],[29.604989853,-13.369831572],[29.60462,-13.363387],[29.609024,-13.360316],[29.627058,-13.357454],[29.646044,-13.355262999],[29.65229,-13.350317],[29.658184,-13.339397999],[29.662745,-13.320224999],[29.663258,-13.310326],[29.654085,-13.297617],[29.653675,-13.288654],[29.660341,-13.281171],[29.675444,-13.27284],[29.680759,-13.268371],[29.682329,-13.264661],[29.681278,-13.258930999],[29.676245,-13.253736],[29.673786,-13.248032],[29.677788,-13.236457],[29.674989668,-13.229999594],[29.670315,-13.226477],[29.665167,-13.227492],[29.655205,-13.234347],[29.643097,-13.239633],[29.635088,-13.2384],[29.619955,-13.23293],[29.608335,-13.226934],[29.603317,-13.222427],[29.589062,-13.213718],[29.580605,-13.213413999],[29.57641,-13.215101],[29.567192,-13.224239],[29.560448,-13.227582],[29.537392,-13.225243],[29.528047,-13.227712],[29.51605,-13.238969],[29.503275,-13.246329],[29.497828001,-13.256316999],[29.495188,-13.265794999],[29.490826,-13.271163],[29.475859,-13.274422],[29.47159701,-13.283400565],[29.465557,-13.288636],[29.451517,-13.304066],[29.446943,-13.310587],[29.441837,-13.313898],[29.425695,-13.317404999],[29.409294,-13.319536],[29.405809,-13.321666999],[29.399958,-13.322691],[29.390402,-13.326769],[29.385252,-13.32778],[29.373466,-13.32545825],[29.365265,-13.326521],[29.358341,-13.333311999],[29.354778,-13.343954],[29.348749,-13.348199],[29.342878,-13.348301],[29.335531,-13.344749],[29.329077,-13.338652999],[29.32291,-13.335311],[29.316036,-13.331981],[29.311491,-13.340339],[29.309523,-13.3613],[29.306595,-13.368251],[29.299204,-13.375277999],[29.291056,-13.379329],[29.281212,-13.380648999],[29.260897,-13.387437],[29.248072,-13.392945999],[29.233518,-13.406764],[29.22139,-13.4118],[29.211376,-13.4168],[29.19064,-13.43992],[29.182705,-13.443042],[29.179623,-13.441484],[29.176367,-13.43004],[29.170002,-13.415659999],[29.160353,-13.401334],[29.142847,-13.381161],[29.133093,-13.374194],[29.121506,-13.369788],[29.109985,-13.369289999],[29.10157,-13.371729999],[29.087341,-13.377484999],[29.082483,-13.381935],[29.072021,-13.388317],[29.053829,-13.395976],[29.039388,-13.403340999],[29.029203,-13.412248],[29.020134,-13.417685],[29.012156,-13.418275],[29.003656,-13.415882999],[28.998867,-13.410671999],[28.991031,-13.391941],[28.999134,-13.384911249],[29.000888649,-13.378383139],[28.999142,-13.371571999],[28.992743,-13.368226],[28.982013603,-13.375988898],[28.975962,-13.376087],[28.973818,-13.374281999],[28.969227,-13.366767],[28.967827,-13.353451],[28.968353,-13.342864],[28.964449,-13.334189],[28.950047,-13.315791],[28.945625,-13.304362999],[28.945137,-13.289192],[28.941561,-13.272001],[28.929525,-13.240456],[28.92226,-13.21320275],[28.914377,-13.191020999],[28.91066,-13.17912],[28.903566,-13.161982],[28.896927,-13.157949],[28.885515,-13.163421],[28.87541,-13.162661],[28.873633,-13.154638],[28.869575,-13.150563],[28.863478,-13.150889],[28.856998,-13.156511],[28.853197,-13.153811],[28.846952,-13.145168999],[28.849661,-13.124197],[28.846539,-13.105617],[28.842421,-13.097861],[28.834097,-13.091092],[28.830692,-13.083785],[28.833946,-13.081893999],[28.8459,-13.081016999],[28.848333,-13.072007999],[28.846367,-13.066519],[28.840433,-13.062471999],[28.834705,-13.056580999],[28.833639,-13.048779],[28.835327,-13.037251],[28.833748,-13.026696],[28.827154,-13.010928999],[28.818695,-12.995651],[28.795815,-12.973467],[28.790976,-12.964340999],[28.793152,-12.953957999],[28.790207,-12.945952],[28.781685,-12.941024],[28.774155,-12.93953],[28.770206,-12.941891999],[28.764604,-12.943588],[28.755842,-12.938433],[28.751642,-12.925158],[28.740192,-12.913142],[28.735092,-12.90218],[28.733194,-12.886107],[28.726242,-12.876554],[28.709089,-12.859564],[28.697933,-12.850993],[28.688066623,-12.848020354],[28.677856,-12.841637],[28.667072,-12.826849],[28.658772,-12.820764],[28.652645,-12.818786],[28.634338,-12.817451],[28.626413,-12.820329],[28.604719,-12.842505],[28.599932001,-12.851315],[28.592131,-12.877423],[28.58849,-12.884607999],[28.582025,-12.891144],[28.579935,-12.89292],[28.572529,-12.893099999],[28.569403,-12.886773],[28.56739,-12.877508999],[28.563349372,-12.874422864],[28.554676,-12.867338999],[28.544029,-12.856295],[28.542954,-12.851007],[28.538517,-12.821399],[28.528591,-12.800842],[28.512873,-12.784511],[28.503136,-12.776141],[28.47982,-12.753245999],[28.465471,-12.734130999],[28.456772,-12.716543],[28.45405,-12.706922],[28.456035,-12.698612],[28.463882,-12.690679],[28.477375,-12.684044],[28.50008,-12.682565],[28.508934,-12.679216],[28.513535,-12.673627999],[28.517339715,-12.660125935],[28.523245,-12.634151],[28.522444,-12.627723],[28.516209,-12.618152],[28.48983,-12.593231],[28.473244,-12.580589],[28.45105,-12.568717],[28.445347,-12.563277],[28.442909,-12.556871],[28.449537,-12.530092],[28.44898,-12.524118999],[28.441603,-12.516172999],[28.417364,-12.508238],[28.403673,-12.500841],[28.386795,-12.483597],[28.345964,-12.445064],[28.337862,-12.435286],[28.32671,-12.424858],[28.314921,-12.419041],[28.305818419,-12.418021638],[28.280535,-12.420666],[28.265207,-12.412825],[28.259123,-12.412908],[28.242399,-12.422106999],[28.23515,-12.422665999],[28.228562,-12.420224999],[28.220455,-12.409753],[28.213386,-12.406397999],[28.188969,-12.401205],[28.181225,-12.382906],[28.174202,-12.38277],[28.165367,-12.387028999],[28.15312,-12.398463],[28.147146,-12.406593999],[28.14444,-12.413991],[28.146597,-12.41764325],[28.145802,-12.428004999],[28.139034,-12.429475],[28.129286,-12.435585],[28.124369,-12.435419],[28.117504,-12.429989],[28.111874,-12.41189],[28.094488,-12.372782],[28.086576,-12.358851999],[28.075728998,-12.352782],[28.060711,-12.349757],[28.04645,-12.350862],[28.030769,-12.350834],[28.012501,-12.349688],[27.997639,-12.340675],[27.989422,-12.338709],[27.976162,-12.344628],[27.961994,-12.352859],[27.955221,-12.353865],[27.950026,-12.350249],[27.94849,-12.340146999],[27.952515,-12.325833],[27.953297,-12.314092],[27.938607767,-12.286814979],[27.933165,-12.276862],[27.925059,-12.247502999],[27.921478001,-12.242027],[27.917715,-12.240463],[27.909311,-12.241948],[27.889894,-12.241728999],[27.879839,-12.242083],[27.865595,-12.244098],[27.851761,-12.241507999],[27.82683,-12.230768],[27.818397,-12.22995],[27.813536,-12.23392],[27.819866,-12.253627],[27.817367,-12.259638],[27.808998,-12.263879999],[27.784042,-12.269931],[27.775436,-12.273944],[27.76483,-12.286493],[27.758079,-12.289334],[27.725712,-12.282814999],[27.711657,-12.28137],[27.695335,-12.285932],[27.679626,-12.283124],[27.672606,-12.282975],[27.656277,-12.287074],[27.647358,-12.284646],[27.631338,-12.275398],[27.627527,-12.269690999],[27.620041838,-12.235739035],[27.619371,-12.232747],[27.613033078,-12.22400184],[27.601658,-12.218456],[27.575659,-12.215299],[27.564602,-12.209902],[27.546886,-12.194917],[27.526298,-12.173981999],[27.514883,-12.157314],[27.508339,-12.137142],[27.507458,-12.101035],[27.497251,-12.066871],[27.491339,-12.060954],[27.482655,-12.057829],[27.473942,-12.052173],[27.471552,-12.047598],[27.467432,-12.034531],[27.46442,-12.016159],[27.465637,-11.999813],[27.46846,-11.980689],[27.472197,-11.959714],[27.468449,-11.938129999],[27.463192,-11.927835],[27.449953,-11.913945],[27.434664,-11.904678],[27.406758,-11.895315],[27.396971,-11.876324999],[27.383612,-11.872325999],[27.368992,-11.859827],[27.35116,-11.852653],[27.331356,-11.835604999],[27.318449,-11.829987999],[27.302429,-11.817039749],[27.290676,-11.809799],[27.27099,-11.803328999],[27.254776995,-11.799902754],[27.25075329,-11.79936626],[27.249322639,-11.797041453],[27.242258802,-11.794180152],[27.230537973,-11.787031746],[27.229653284,-11.785078988],[27.230148911,-11.783724273],[27.23081516,-11.782724901],[27.232718729,-11.780678564],[27.232909086,-11.778822585],[27.232480783,-11.77668107],[27.232480783,-11.77606241],[27.23143382,-11.775448509],[27.23024409,-11.773306994],[27.230315473,-11.770570614],[27.231267258,-11.769785391],[27.229910965,-11.767025217],[27.230077527,-11.765740307],[27.228173959,-11.760695851],[27.227626683,-11.759672683],[27.222906907,-11.755433802],[27.221811685,-11.753923151],[27.220806665,-11.75212971],[27.220064205,-11.750037323],[27.219369953,-11.745871809],[27.223538235,-11.74028181],[27.223881675,-11.73930981],[27.224366216,-11.736834244],[27.224789175,-11.73597801],[27.227231193,-11.725095855],[27.233773853,-11.717237858],[27.233631085,-11.71224099],[27.231061267,-11.704531536],[27.229490823,-11.695251638],[27.230632964,-11.692396285],[27.235344297,-11.68654281],[27.236200903,-11.682688084],[27.23391662,-11.675835236],[27.229919126,-11.665270429],[27.222566985,-11.628378027],[27.211253503,-11.580886769],[27.209297,-11.572985],[27.205749,-11.568418999],[27.200148,-11.568244],[27.193231,-11.576365],[27.184902,-11.583348],[27.176767,-11.586649],[27.166132,-11.596415],[27.157066,-11.599954],[27.148197,-11.599810999],[27.135796,-11.59648],[27.119448,-11.595258],[27.099699,-11.603958999],[27.089214,-11.605669],[27.078005,-11.604856],[27.04438,-11.602871],[27.03833,-11.604768],[27.028358,-11.611302],[27.024679,-11.617087],[27.025486,-11.628122],[27.02478,-11.651823],[27.029532,-11.660521],[27.038029,-11.670103],[27.039194,-11.670093],[27.044897,-11.68039],[27.048574,-11.698529],[27.047733,-11.70797],[27.043602,-11.715369],[27.032001,-11.722839],[27.023787,-11.742698999],[27.014522,-11.750607],[27.013111,-11.753139],[27.008182,-11.767365],[27.00569,-11.780392],[27.006468,-11.79227475],[27.005495,-11.798783],[26.999676,-11.810249],[26.998703,-11.816757],[27.008366,-11.833881999],[27.009567,-11.839268],[27.007517001,-11.846878],[27.001499,-11.854085],[26.995895,-11.854297],[26.98616,-11.862207],[26.980221,-11.876524],[26.971146,-11.880057],[26.968163,-11.885836],[26.963182,-11.902903999],[26.953525,-11.919323999],[26.937075,-11.934195],[26.923122,-11.941449999],[26.908293,-11.954925],[26.903248,-11.965321],[26.896789,-11.97481],[26.890532,-11.980386],[26.88356,-11.984588],[26.878654,-11.98486],[26.856182,-11.980685],[26.840573905,-11.987704893],[26.827785,-11.993352],[26.816032,-11.985862],[26.798105,-11.966921],[26.790369,-11.963995],[26.774708,-11.963436999],[26.764456,-11.966973],[26.762287395,-11.969568982],[26.7547,-11.973724999],[26.742439,-11.988319],[26.730364,-11.997161],[26.72415,-12.002759],[26.718187918,-12.008812099],[26.707691,-12.008997999],[26.703176,-12.003466],[26.691526,-11.992186],[26.66296,-11.985515],[26.635853,-11.985728999],[26.629976,-11.981635],[26.624821,-11.979835],[26.610315,-11.977648],[26.60162,-11.971504],[26.597879,-11.971304],[26.583696,-11.980384999],[26.570158,-11.982328],[26.559149,-11.979192],[26.543859,-11.966426],[26.532825,-11.959838],[26.521589,-11.957391999],[26.509382,-11.950122],[26.486557,-11.929127],[26.468016792,-11.920007966],[26.444397,-11.915170999],[26.428272,-11.914597],[26.408688,-11.920026999],[26.392406,-11.930033],[26.373777,-11.938903999],[26.364935,-11.943796],[26.350534,-11.955857],[26.334707,-11.964707],[26.330044,-11.966119],[26.322098,-11.965942],[26.312265,-11.963248],[26.30171,-11.957798],[26.297708,-11.953454],[26.287386,-11.947542],[26.280363,-11.945518],[26.251375,-11.943408],[26.212015,-11.927559],[26.200809,-11.928781],[26.191765,-11.938959],[26.182888,-11.939475],[26.170242001,-11.935182999],[26.151339,-11.938290999],[26.137097,-11.939988],[26.06912,-11.942924],[26.035934,-11.941737],[26.010919,-11.939349],[25.989665999,-11.940619],[25.981468,-11.937444],[25.978405,-11.932858999],[25.980013,-11.92802],[25.988363,-11.917623],[25.990889,-11.909787],[25.989927,-11.90519075],[25.987082,-11.898076],[25.975334,-11.88641],[25.959633,-11.877523999],[25.93372,-11.88042475],[25.91897,-11.874523],[25.906283,-11.861248999],[25.89826403,-11.847259465],[25.894232,-11.835778],[25.890137,-11.813026],[25.887293,-11.805679],[25.880493367,-11.80042357],[25.872074,-11.798166999],[25.862755,-11.802126],[25.84951,-11.815075],[25.835777,-11.823886],[25.823656,-11.828087],[25.818981,-11.82765],[25.797958,-11.826834],[25.784395,-11.823678999],[25.740923,-11.816985],[25.718731,-11.815708],[25.713579,-11.812971],[25.70771,-11.806558],[25.698063,-11.791419],[25.687773,-11.788015],[25.677467,-11.78162],[25.672527,-11.773821],[25.655064,-11.733181999],[25.650373,-11.728831],[25.645704,-11.72862175],[25.635004,-11.737639],[25.629404,-11.738123999],[25.622389,-11.735852999],[25.609305001,-11.733839],[25.600901,-11.733873],[25.593674,-11.736434],[25.591829,-11.74173325],[25.584181,-11.754876],[25.577438,-11.761575],[25.562723,-11.760484999],[25.532436,-11.776709249],[25.517965,-11.778605],[25.505621,-11.786474],[25.497292804,-11.785032556],[25.488314,-11.779408999],[25.483848,-11.772295],[25.484043,-11.762402],[25.489859,-11.75663],[25.495411,-11.743727],[25.49651,-11.72647],[25.494352,-11.712446],[25.487055,-11.697291],[25.477446,-11.687667],[25.469554951,-11.683499153],[25.462715,-11.68128],[25.436796,-11.679074],[25.427448,-11.676118],[25.417624,-11.670171999],[25.401707,-11.658035],[25.382763,-11.647749],[25.365013,-11.643899],[25.355183,-11.63611],[25.341164,-11.631325999],[25.336714,-11.626969],[25.330134,-11.613188999],[25.329594,-11.591797],[25.326071,-11.584907999],[25.314385,-11.579194],[25.307364,-11.573006],[25.305008,-11.565881999],[25.309858,-11.550914],[25.310772,-11.54493],[25.310267,-11.5332],[25.306276,-11.526082],[25.296002,-11.523124],[25.28945,-11.516704],[25.294559,-11.510016],[25.311581,-11.507433],[25.323692,-11.501873999],[25.326715,-11.499103999],[25.326229,-11.493355],[25.308926,-11.480298],[25.304226,-11.469731],[25.305538,-11.443503],[25.298025,-11.427884999],[25.302418,-11.415909999],[25.299828,-11.408327],[25.291641,-11.400762],[25.284128,-11.385141999],[25.278252,-11.370209],[25.280087,-11.360772],[25.288233,-11.355916],[25.293123,-11.354752],[25.300587,-11.355188],[25.307337,-11.352176998],[25.311289,-11.348483],[25.315218,-11.33835],[25.312151,-11.327318],[25.299296,-11.316777],[25.295542,-11.309197999],[25.298313,-11.301599],[25.306694,-11.298351998],[25.321373,-11.296236],[25.32975,-11.291839],[25.335314,-11.283079],[25.334835,-11.279169999],[25.326881,-11.270685],[25.320328,-11.262425],[25.319839,-11.255986],[25.323553,-11.251373999],[25.330736,-11.2387],[25.330715,-11.232259],[25.332323,-11.225813],[25.337662,-11.219585],[25.351129,-11.20574],[25.351795001,-11.195847],[25.34503,-11.193567999],[25.335257,-11.197281],[25.329897,-11.197298],[25.315899,-11.191822],[25.303782,-11.191401],[25.29377,-11.194192],[25.273291,-11.201845],[25.268412,-11.20646],[25.258869,-11.2104],[25.258867,-11.209479],[25.238399,-11.22219],[25.225832,-11.227517],[25.215116,-11.228927999],[25.190662,-11.234056999],[25.179011,-11.234317],[25.147093,-11.237391],[25.137306,-11.237875999],[25.126131,-11.242734999],[25.10704,-11.249911999],[25.086771,-11.252491],[25.070463,-11.254829],[25.052973,-11.250038],[25.01498,-11.24851],[25.0,-11.249950999],[24.98562,-11.25041],[24.978866,-11.252724],[24.965361,-11.258731],[24.959768,-11.259431],[24.946009,-11.255087],[24.930397,-11.256265],[24.915033,-11.266413],[24.905951001,-11.269879],[24.899189,-11.269199999],[24.886595,-11.263931],[24.873541,-11.262112],[24.867487,-11.266492],[24.860991,-11.284674],[24.853081,-11.292967],[24.841425,-11.292984],[24.827677,-11.295073999],[24.818588,-11.296698],[24.809273,-11.302231],[24.798086,-11.30431625],[24.773371,-11.299517],[24.754965,-11.305749],[24.743074,-11.303923],[24.738182,-11.305998999],[24.732826,-11.311985],[24.736103,-11.323022999],[24.732615,-11.328775999],[24.721191,-11.329478999],[24.714899,-11.330635999],[24.711166,-11.329029],[24.711165,-11.328109],[24.699049,-11.333641999],[24.687172,-11.346994],[24.67692,-11.351144],[24.665968,-11.358054],[24.660379,-11.365879999],[24.644781,-11.393036],[24.634296,-11.403854],[24.627072,-11.408460999],[24.620775,-11.409843999],[24.605155999,-11.414455],[24.598629,-11.4186],[24.593039,-11.428954998],[24.593516,-11.442986],[24.591887,-11.448508],[24.588158,-11.453341],[24.583494,-11.456333],[24.576031,-11.455877],[24.5639,-11.450822999],[24.550604,-11.446458],[24.539642,-11.448072999],[24.528686,-11.458657999],[24.522858,-11.462111],[24.512829,-11.463264],[24.500933,-11.459587],[24.489504,-11.459129],[24.471544,-11.460743],[24.462448,-11.463964],[24.448923,-11.474777],[24.445423,-11.475698],[24.440992,-11.473166999],[24.437027,-11.467647],[24.435625,-11.446253999],[24.426764,-11.441423],[24.409738,-11.427391],[24.397844,-11.423019],[24.382688,-11.409216],[24.373362,-11.405303],[24.364033,-11.405071],[24.344911,-11.410126999],[24.319027,-11.407587],[24.30224,-11.401829999],[24.295013,-11.396075],[24.288721,-11.389171],[24.288025,-11.3825],[24.290125,-11.377669999],[24.295723,-11.374452999],[24.305283,-11.371925999],[24.33816,-11.371709999],[24.349585,-11.366423],[24.357514,-11.356534],[24.366144,-11.339513999],[24.368942,-11.327323],[24.376173,-11.309612],[24.389694,-11.292132999],[24.39319,-11.285923],[24.398087,-11.267291999],[24.400886,-11.194604999],[24.397858,-11.190925],[24.390869,-11.184713],[24.386675,-11.175741],[24.387375,-11.169071],[24.389242,-11.145148999],[24.39134,-11.129508999],[24.39134,-11.113407],[24.389011,-11.103517],[24.382957,-11.092474],[24.378765,-11.087183],[24.353847,-11.073606],[24.320316,-11.052664],[24.301222,-11.047595],[24.283058,-11.042526],[24.267223,-11.042288],[24.262566,-11.044354],[24.253948,-11.045269],[24.238348,-11.040428999],[24.216926,-11.036503],[24.196438,-11.029816999],[24.186892,-11.029118],[24.178738,-11.032561],[24.168249,-11.044282],[24.164183919,-11.044953979],[24.162659,-11.044735999],[24.141476,-11.036435],[24.133333,-11.029066],[24.13101,-11.023773],[24.135914,-11.009288],[24.142681,-10.994803],[24.145958,-10.977097],[24.144337,-10.969045],[24.123867,-10.952002],[24.121548,-10.944868999],[24.12435,-10.936592],[24.127846,-10.931765999],[24.130417,-10.921878],[24.129955,-10.918656999],[24.124843,-10.910372],[24.117401,-10.904613],[24.107391,-10.904831999],[24.094589,-10.905507],[24.074354,-10.892832],[24.058533,-10.88936],[24.039215,-10.889104],[24.026649,-10.887705998],[24.009895,-10.885152],[23.999653,-10.886285999],[23.986591,-10.903745999],[23.986573999,-10.913406],[23.990988,-10.920543],[24.000984,-10.928379],[24.011684,-10.935064],[24.015635,-10.938979999],[24.020277,-10.947729999],[24.015137,-10.960601],[24.021185,-10.96452],[24.0256,-10.969357],[24.025585,-10.979018],[24.020201,-11.00109],[24.016453,-11.017875],[24.01387,-11.030983],[24.011513,-11.049609999],[24.013588,-11.065023],[24.019154,-11.082514],[24.018665,-11.095624],[24.013067,-11.101367999],[24.007698,-11.109869],[24.005587,-11.121366],[24.00651,-11.125968999],[24.010931001,-11.128965],[24.026764,-11.133819999],[24.031651,-11.138195],[24.035127,-11.149700999],[24.037432,-11.169257],[24.034739,-11.262873999],[24.03705,-11.275527999],[24.04007,-11.282203],[24.056589,-11.305685999],[24.060308,-11.313743],[24.067499,-11.341814],[24.073309,-11.356085],[24.081438,-11.384388],[24.082119,-11.397731],[24.078251534,-11.411185531],[24.070899999,-11.418418],[24.064706937,-11.420736131],[24.063428351,-11.421243985],[24.062595978,-11.421859151],[24.062277003,-11.421999652],[24.060955535,-11.422124962],[24.059842919,-11.421749028],[24.058555627,-11.421965476],[24.057484023,-11.422265463],[24.057123278,-11.422379383],[24.056747343,-11.42256925],[24.05628407,-11.422690764],[24.055365119,-11.423404661],[24.054491734,-11.423522377],[24.054229718,-11.423784392],[24.053720877,-11.423829961],[24.053451267,-11.424031218],[24.052251314,-11.423962866],[24.05127768,-11.4233477],[24.050996679,-11.423366687],[24.050541,-11.423970462],[24.048444879,-11.424122354],[24.047886672,-11.424445127],[24.047415804,-11.424228679],[24.046576596,-11.424126152],[24.046341162,-11.424323612],[24.046132309,-11.424240071],[24.044991594,-11.423385673],[24.044471361,-11.423564147],[24.04448655,-11.424448924],[24.044068845,-11.424817264],[24.043586585,-11.425757102],[24.042846107,-11.426789972],[24.042675228,-11.427583612],[24.041560334,-11.428874703],[24.041032506,-11.428965838],[24.04078568,-11.429478477],[24.040478097,-11.429618978],[24.040113554,-11.430344266],[24.039483199,-11.43048097],[24.039278144,-11.431115122],[24.03925536,-11.431963823],[24.038769303,-11.432244826],[24.038397165,-11.432924546],[24.037854148,-11.43296252],[24.037508592,-11.433535915],[24.037489605,-11.434014377],[24.036861528,-11.434918139],[24.03697165,-11.435673807],[24.036151429,-11.435654821],[24.035699548,-11.435829498],[24.035274248,-11.435871268],[24.035137544,-11.436433271],[24.035346397,-11.436839584],[24.035316018,-11.437128182],[24.034970462,-11.437295263],[24.034244414,-11.438609137],[24.034054548,-11.439201519],[24.032584984,-11.439896428],[24.03218171,-11.440502102],[24.031638692,-11.440661589],[24.03141465,-11.440616022],[24.030753916,-11.441052714],[24.029694464,-11.44099955],[24.029280555,-11.440764117],[24.028760322,-11.441557757],[24.028490712,-11.442002043],[24.028183129,-11.442100774],[24.027829978,-11.442100774],[24.027905924,-11.442639994],[24.027662896,-11.443091874],[24.027784411,-11.443862732],[24.027157852,-11.443775392],[24.027002162,-11.444105759],[24.026656606,-11.443904502],[24.026030047,-11.444603208],[24.026008782,-11.445763291],[24.025313873,-11.445733861],[24.024980658,-11.445392103],[24.024348404,-11.445750949],[24.024089237,-11.44637466],[24.024262964,-11.446981282],[24.024396819,-11.447243297],[24.023793045,-11.448925035],[24.024527827,-11.449392106],[24.023784501,-11.45026644],[24.022995608,-11.450619591],[24.02280764,-11.451640596],[24.023166487,-11.45237253],[24.022770616,-11.45301048],[24.021884891,-11.452680112],[24.021491868,-11.453366478],[24.021742491,-11.455090937],[24.022238042,-11.455324473],[24.022938648,-11.455745976],[24.024430995,-11.457634193],[24.023958229,-11.458622447],[24.023952533,-11.459206285],[24.024356947,-11.459155021],[24.024562003,-11.458810414],[24.025241386,-11.459084665],[24.025503401,-11.458891001],[24.025693267,-11.4591758],[24.025776808,-11.459369464],[24.025252778,-11.459840332],[24.025799592,-11.460394741],[24.025993256,-11.461442801],[24.025738835,-11.461769371],[24.025119872,-11.461999109],[24.023957891,-11.462944642],[24.024345218,-11.463347159],[24.024956587,-11.463396524],[24.025070506,-11.4644218],[24.025267967,-11.464699006],[24.025340116,-11.465333158],[24.025867944,-11.465652132],[24.025579348,-11.466236921],[24.024323194,-11.467226123],[24.023711825,-11.467324853],[24.023472593,-11.46808052],[24.023533351,-11.468384306],[24.02322197,-11.469288069],[24.02343462,-11.470328535],[24.023795366,-11.470814592],[24.023487024,-11.471528489],[24.022792113,-11.471942396],[24.022249096,-11.471904423],[24.022093406,-11.472086694],[24.022370611,-11.472663887],[24.022025054,-11.473267661],[24.021303563,-11.473620813],[24.020470412,-11.473500985],[24.020052707,-11.473968056],[24.019840057,-11.475042698],[24.019798286,-11.475995827],[24.020215992,-11.476052786],[24.020352696,-11.475669257],[24.021077984,-11.475836338],[24.021264052,-11.475593311],[24.021389364,-11.475342687],[24.021738718,-11.475627487],[24.022239964,-11.476352775],[24.024277797,-11.477067857],[24.02526605,-11.477321329],[24.025086626,-11.477879536],[24.024596773,-11.478406414],[24.024932835,-11.479297834],[24.025129347,-11.479557003],[24.024813219,-11.480172169],[24.023713894,-11.480721831],[24.022648747,-11.481628916],[24.022369643,-11.481950739],[24.02174878,-11.482454833],[24.021509549,-11.483152591],[24.02197662,-11.483935788],[24.022475018,-11.4843459],[24.022608874,-11.48468481],[24.022742729,-11.484667722],[24.022833865,-11.485160426],[24.023104424,-11.485496489],[24.023104424,-11.485861031],[24.023602823,-11.486182855],[24.022890825,-11.487203859],[24.022392427,-11.487633906],[24.022423754,-11.488192111],[24.024523737,-11.489147612],[24.025352503,-11.489811195],[24.025793941,-11.490777614],[24.025642048,-11.491332022],[24.02586609,-11.491514293],[24.026443283,-11.49149151],[24.026702766,-11.491842763],[24.026592644,-11.493004742],[24.026490116,-11.493906607],[24.026311642,-11.494225582],[24.026676185,-11.494362285],[24.027010351,-11.494480003],[24.028168533,-11.49551667],[24.029262161,-11.495717929],[24.028897618,-11.496219176],[24.02865459,-11.496515367],[24.028988754,-11.496731814],[24.028893821,-11.498034295],[24.029231783,-11.498683637],[24.029341905,-11.499737395],[24.028578643,-11.500132316],[24.028449534,-11.50083482],[24.027969329,-11.501159682],[24.027416568,-11.500987185],[24.027089998,-11.500831495],[24.026824186,-11.501249201],[24.026858362,-11.501442864],[24.028483979,-11.503047177],[24.02875169,-11.503294952],[24.029537735,-11.503628167],[24.030265872,-11.504201563],[24.031427852,-11.504304091],[24.032348323,-11.504729391],[24.03267869,-11.505162284],[24.032986273,-11.50704196],[24.032655906,-11.508190649],[24.031569872,-11.509914633],[24.031171153,-11.510920924],[24.031653413,-11.513301844],[24.032105294,-11.514038524],[24.031630629,-11.514801786],[24.032179026,-11.515647323],[24.032866341,-11.516159961],[24.033504291,-11.517868757],[24.033527076,-11.518305449],[24.034347296,-11.519042128],[24.036066217,-11.519708558],[24.036552275,-11.519769316],[24.036942133,-11.520189553],[24.036876313,-11.522452757],[24.037487935,-11.522893246],[24.038257525,-11.52322741],[24.038844844,-11.523207158],[24.039184072,-11.524326101],[24.038935981,-11.525247585],[24.038460049,-11.525764022],[24.038371672,-11.526493824],[24.037801847,-11.526639936],[24.03770081,-11.527491426],[24.03702213,-11.527422185],[24.036122721,-11.527799049],[24.036087961,-11.52794504],[24.036814438,-11.528330872],[24.03747072,-11.529528433],[24.037688433,-11.530065121],[24.037941588,-11.530384096],[24.03768337,-11.530611935],[24.037901083,-11.53122457],[24.037652992,-11.531467599],[24.037622613,-11.531887836],[24.037148131,-11.532389065],[24.036223524,-11.53274709],[24.035729015,-11.532500469],[24.035318905,-11.532611858],[24.03498474,-11.532966275],[24.03421515,-11.533264997],[24.033911364,-11.53341689],[24.033197467,-11.533776371],[24.031845621,-11.533624478],[24.031789927,-11.533821938],[24.031793055,-11.534191355],[24.031754819,-11.534500715],[24.03107603,-11.534672539],[24.030959579,-11.53498645],[24.030048222,-11.535087712],[24.029450777,-11.535892744],[24.02958748,-11.536282602],[24.029992529,-11.536520567],[24.030255809,-11.53755344],[24.030504667,-11.538053644],[24.030645667,-11.538148354],[24.030564658,-11.538755925],[24.030602631,-11.539149581],[24.030302642,-11.539191351],[24.030097587,-11.539392608],[24.029273568,-11.539043256],[24.029205544,-11.539707715],[24.028893836,-11.539859679],[24.028893836,-11.540121695],[24.028504094,-11.540475905],[24.028612835,-11.540717874],[24.028229305,-11.541090012],[24.027978682,-11.540622942],[24.027447057,-11.541173553],[24.027268582,-11.541226715],[24.02748503,-11.541431771],[24.027397691,-11.541807706],[24.027671098,-11.542050734],[24.02758376,-11.542248195],[24.027238204,-11.542479831],[24.027325542,-11.542962092],[24.027235672,-11.544610973],[24.026182548,-11.544995769],[24.026289902,-11.54554908],[24.02428844,-11.546292936],[24.024476142,-11.547332251],[24.025001159,-11.547959367],[24.024549138,-11.548524509],[24.024455286,-11.548964219],[24.024514378,-11.549144969],[24.023773997,-11.549527326],[24.023784425,-11.550125191],[24.023986031,-11.550455409],[24.023728809,-11.55083429],[24.023794853,-11.550938569],[24.023212199,-11.551223376],[24.022792615,-11.552198028],[24.023101976,-11.553435472],[24.023333713,-11.553862936],[24.02313326,-11.55445393],[24.023265347,-11.555020513],[24.022740476,-11.555083081],[24.022570153,-11.554700725],[24.022314344,-11.554754041],[24.02234074,-11.55540287],[24.022083518,-11.555479342],[24.021754027,-11.555300855],[24.021593059,-11.555493245],[24.021676482,-11.556292718],[24.020925382,-11.556595173],[24.020489791,-11.55671232],[24.020476647,-11.556993946],[24.020545635,-11.5571607],[24.019877307,-11.557585999],[24.01995916,-11.558066234],[24.019705801,-11.558016798],[24.019211509,-11.558844179],[24.018293064,-11.561405262],[24.018429477,-11.561635022],[24.017989278,-11.56309971],[24.017421446,-11.563645678],[24.016814311,-11.563761543],[24.016605753,-11.564252814],[24.016304502,-11.564438198],[24.01623635,-11.565581591],[24.016445624,-11.566398436],[24.016175593,-11.566661717],[24.014980702,-11.566783233],[24.01436638,-11.567255788],[24.013920827,-11.567303044],[24.013205243,-11.56787011],[24.013063476,-11.56846418],[24.013475275,-11.569254023],[24.01360084,-11.56968945],[24.013668348,-11.57012825],[24.013445571,-11.57071557],[24.013121533,-11.570877589],[24.013229546,-11.571491911],[24.012871754,-11.571971217],[24.012929557,-11.572671612],[24.012181485,-11.572967804],[24.011554927,-11.573799417],[24.011558724,-11.574505718],[24.010818247,-11.574444962],[24.010563826,-11.575124683],[24.010897449,-11.575521258],[24.011480107,-11.575635914],[24.011669114,-11.575764576],[24.011498792,-11.576164312],[24.011581368,-11.576390316],[24.011606683,-11.576613092],[24.011920595,-11.57680549],[24.011935784,-11.577372556],[24.012467409,-11.577635838],[24.012280075,-11.578177588],[24.012006668,-11.578714277],[24.0119611,-11.579033252],[24.01230009,-11.579269002],[24.012881089,-11.57966106],[24.012493762,-11.580067373],[24.012395032,-11.580355971],[24.012223338,-11.580517045],[24.012410221,-11.580591405],[24.012718722,-11.580620953],[24.012525747,-11.580892449],[24.012221431,-11.580927824],[24.012049287,-11.581140474],[24.01223662,-11.581894875],[24.011846762,-11.582051831],[24.011360705,-11.582082209],[24.011132865,-11.582436625],[24.010484789,-11.582608771],[24.010246824,-11.582421437],[24.010186066,-11.58270497],[24.009634189,-11.583145459],[24.009477233,-11.583140395],[24.009411413,-11.583292289],[24.009943038,-11.583596075],[24.009998732,-11.583803662],[24.009667605,-11.584246683],[24.009571407,-11.584606163],[24.008928394,-11.585335247],[24.008411958,-11.58599345],[24.00772844,-11.585765612],[24.007500601,-11.585856746],[24.007227193,-11.586276983],[24.007166436,-11.586631401],[24.006513297,-11.587061763],[24.006067745,-11.587400992],[24.004827286,-11.587309856],[24.004569068,-11.587507317],[24.004315913,-11.587380738],[24.004103263,-11.587628831],[24.004533626,-11.587892112],[24.004336166,-11.588054131],[24.003804541,-11.588064256],[24.00349759,-11.588408618],[24.003432705,-11.589126984],[24.002978512,-11.588839638],[24.002881185,-11.588515214],[24.001858287,-11.588978146],[24.001898791,-11.590233793],[24.001174769,-11.590593272],[24.000744406,-11.590659094],[24.000348421,-11.591083665],[24.000858229,-11.591542493],[24.001557539,-11.591671524],[24.001542349,-11.591990499],[23.999908349,-11.593705124],[24.0001143,-11.594114419],[23.999908349,-11.594223913],[24.000144935,-11.594547364],[24.000453784,-11.594446102],[24.000798074,-11.594238515],[24.001719558,-11.594927095],[24.001901829,-11.595078989],[24.001344792,-11.595738565],[24.001157554,-11.596284005],[24.000980346,-11.596623233],[24.001263879,-11.597572563],[24.001582854,-11.598326964],[24.001775253,-11.598509235],[24.001299321,-11.599982596],[24.000696813,-11.599972471],[24.000468973,-11.600524348],[24.000160124,-11.600721809],[24.000408216,-11.601491399],[24.000286702,-11.601939483],[24.000509478,-11.60241035],[24.000433532,-11.602754642],[23.999790518,-11.603154626],[24.000144935,-11.604445716],[23.999729761,-11.604906457],[23.999005739,-11.604617861],[23.999324714,-11.604228003],[23.998069066,-11.604483689],[23.998656385,-11.604868484],[23.998843719,-11.605572253],[23.998641196,-11.605795031],[23.997907047,-11.605764652],[23.997841227,-11.606007681],[23.997826037,-11.606443107],[23.997036244,-11.608667863],[23.99666866,-11.608967665],[23.995915326,-11.609095196],[23.99527358,-11.609850864],[23.994984983,-11.610185027],[23.994749549,-11.610374894],[23.994039449,-11.610241988],[23.993686298,-11.610595139],[23.993595163,-11.610473624],[23.993564784,-11.61015465],[23.993227582,-11.610317934],[23.992699754,-11.610826775],[23.992551659,-11.611115371],[23.992027628,-11.610902721],[23.991701091,-11.611226284],[23.99118074,-11.611210515],[23.991009946,-11.61099006],[23.990766917,-11.611138156],[23.990644622,-11.611585011],[23.990375371,-11.611988333],[23.991084205,-11.613007703],[23.991036949,-11.613365496],[23.988984708,-11.613669282],[23.988424392,-11.613871805],[23.988343382,-11.614081079],[23.989808305,-11.614229598],[23.989646286,-11.614702153],[23.989079219,-11.615059945],[23.988998209,-11.615431239],[23.989455043,-11.615637437],[23.989364375,-11.616973792],[23.989068722,-11.6170684],[23.988957706,-11.617809518],[23.988858693,-11.618124555],[23.988572909,-11.618588111],[23.987681804,-11.618129056],[23.987547584,-11.618007594],[23.986592622,-11.618350551],[23.986317664,-11.618273682],[23.98543379,-11.61900666],[23.985244442,-11.61968395],[23.984659136,-11.620096912],[23.983915478,-11.620517694],[23.983909798,-11.620770305],[23.984178143,-11.621003207],[23.984036376,-11.62177786],[23.984481928,-11.621990511],[23.98515532,-11.622187972],[23.98585201,-11.622591704],[23.98563027,-11.622843009],[23.986197305,-11.623489187],[23.98619843,-11.624723457],[23.985965528,-11.625027242],[23.985874392,-11.626232259],[23.985368082,-11.626460099],[23.985170622,-11.62718159],[23.985251631,-11.628214461],[23.985059395,-11.628458951],[23.98464406,-11.628432175],[23.984314348,-11.628683647],[23.983894721,-11.628468881],[23.983822572,-11.62874229],[23.983890924,-11.629756174],[23.983142852,-11.630219448],[23.982303644,-11.629866296],[23.982170737,-11.630086541],[23.982725147,-11.631445983],[23.982922805,-11.631754504],[23.983481574,-11.633014277],[23.983223355,-11.633431982],[23.982486675,-11.633116803],[23.982110741,-11.633375022],[23.981731007,-11.633956012],[23.981871508,-11.634398399],[23.98178417,-11.634599658],[23.981465195,-11.634876863],[23.981765183,-11.635302163],[23.982585405,-11.635997073],[23.982895084,-11.636306359],[23.982404716,-11.637269176],[23.982184471,-11.638977969],[23.98198701,-11.639289351],[23.982328769,-11.639838064],[23.982139852,-11.64003046],[23.981375325,-11.639873506],[23.981451271,-11.64102789],[23.980955088,-11.641270919],[23.981279126,-11.641640525],[23.981410767,-11.642556945],[23.980929773,-11.642815163],[23.979922217,-11.642491126],[23.9791425,-11.642718965],[23.978828588,-11.642840479],[23.97870201,-11.643761962],[23.979345024,-11.645088494],[23.979949711,-11.645238281],[23.97985116,-11.64558124],[23.979192838,-11.645766517],[23.978150133,-11.646090987],[23.976681753,-11.64713835],[23.976398302,-11.647688393],[23.976242215,-11.648679691],[23.975236992,-11.648762474],[23.974226234,-11.649283268],[23.974286991,-11.649632622],[23.975046455,-11.649911093],[23.975301797,-11.650369311],[23.973388171,-11.652787306],[23.972209498,-11.652889799],[23.971815293,-11.652609914],[23.972112138,-11.651985063],[23.971751393,-11.650731947],[23.971375458,-11.650564864],[23.971010915,-11.650671189],[23.970931171,-11.651666088],[23.971092847,-11.65201565],[23.970316005,-11.652421755],[23.970093538,-11.652932176],[23.96981858,-11.65285235],[23.969662866,-11.65227366],[23.969283134,-11.652042022],[23.968596052,-11.65276661],[23.967165747,-11.653213496],[23.965249049,-11.653304633],[23.965132281,-11.653523928],[23.965521845,-11.653795484],[23.96555948,-11.654560597],[23.965528152,-11.654816915],[23.965972439,-11.655144434],[23.966186038,-11.655315314],[23.965451256,-11.655719729],[23.965144433,-11.656165915],[23.964103966,-11.656329198],[23.962261843,-11.657406162],[23.962053236,-11.657817852],[23.962466899,-11.659551648],[23.962727883,-11.660175932],[23.962332961,-11.660575918],[23.961963356,-11.660378457],[23.961946801,-11.659999777],[23.961239332,-11.659846832],[23.960696186,-11.660112125],[23.960555492,-11.660647285],[23.960688199,-11.660766387],[23.960598755,-11.661239787],[23.960838728,-11.661342322],[23.960921627,-11.661844083],[23.961484473,-11.662086237],[23.961848494,-11.662029954],[23.961961037,-11.662237312],[23.962278857,-11.662475507],[23.962526949,-11.662323613],[23.962985285,-11.662451651],[23.963298755,-11.662913781],[23.963250339,-11.663531795],[23.963042435,-11.663745394],[23.963212365,-11.66396279],[23.963065035,-11.664491282],[23.963436407,-11.664729849],[23.963565516,-11.664513402],[23.963538935,-11.664342523],[23.963622476,-11.664175441],[23.963819938,-11.664228604],[23.96364526,-11.664877946],[23.963538935,-11.665079203],[23.964150304,-11.665018447],[23.964378143,-11.664817188],[23.965023688,-11.66509819],[23.964883187,-11.665227298],[23.964526239,-11.665124771],[23.964305994,-11.665819681],[23.964997107,-11.665496909],[23.96544671,-11.665781708],[23.965127735,-11.666358901],[23.966136556,-11.667548728],[23.966658055,-11.667837324],[23.96676928,-11.667764167],[23.966855019,-11.66792382],[23.967766873,-11.66717406],[23.968045343,-11.667325952],[23.967533971,-11.667771505],[23.967797252,-11.668039849],[23.968283309,-11.668262625],[23.968313688,-11.66869805],[23.968197237,-11.668844881],[23.967990575,-11.66873985],[23.96782763,-11.669047404],[23.968009902,-11.669118287],[23.968106101,-11.669113225],[23.968195358,-11.669264344],[23.968065641,-11.669290953],[23.968122184,-11.669427324],[23.968355011,-11.669497172],[23.968587839,-11.669901294],[23.968875691,-11.670039771],[23.968490896,-11.670335963],[23.968551584,-11.670517453],[23.969037711,-11.670690379],[23.969336544,-11.671087881],[23.969827553,-11.671095427],[23.969842742,-11.671500474],[23.970511071,-11.671500474],[23.970410876,-11.671979277],[23.970181375,-11.672044135],[23.970445251,-11.672254876],[23.970890803,-11.672259938],[23.970743154,-11.672917238],[23.971351545,-11.673100412],[23.971478123,-11.673475082],[23.971250283,-11.673662417],[23.971316103,-11.673773805],[23.971660394,-11.673809245],[23.971984432,-11.674128221],[23.971961838,-11.674428952],[23.971800522,-11.674364093],[23.971837602,-11.674497827],[23.972035063,-11.67479655],[23.97190241,-11.675229445],[23.972272829,-11.675771035],[23.972722631,-11.67553323],[23.973214116,-11.675576457],[23.973199149,-11.675952307],[23.972580865,-11.676110423],[23.972967985,-11.676230038],[23.97317831,-11.676237],[23.973115996,-11.676740595],[23.97270238,-11.677031907],[23.972677063,-11.677477459],[23.97289984,-11.677588847],[23.972975786,-11.677117979],[23.973435302,-11.677091497],[23.973628925,-11.677492648],[23.974408643,-11.677649605],[23.974356633,-11.677891426],[23.973836512,-11.677776182],[23.973836512,-11.678277428],[23.974180803,-11.678373627],[23.974251686,-11.678900189],[23.974170677,-11.679274858],[23.974651671,-11.679811546],[23.974811158,-11.680122927],[23.975395946,-11.680779863],[23.975426324,-11.681254528],[23.975065579,-11.681429205],[23.975198485,-11.682032029],[23.974765768,-11.682737466],[23.974528506,-11.68270864],[23.974429528,-11.682197214],[23.974093464,-11.682063358],[23.973837145,-11.682695612],[23.972975153,-11.683159835],[23.972447325,-11.683721837],[23.972918193,-11.684618006],[23.973221979,-11.685453416],[23.972732125,-11.685806568],[23.972808071,-11.68641414],[23.973381467,-11.687621687],[23.973370075,-11.689032393],[23.973677658,-11.689704519],[23.974786477,-11.690334873],[23.974490285,-11.69111902],[23.974364973,-11.691384834],[23.975135829,-11.692227838],[23.975549737,-11.692599977],[23.975511005,-11.6929911],[23.97645274,-11.693310075],[23.977284354,-11.692960722],[23.977576748,-11.693412604],[23.978617214,-11.693336657],[23.978560254,-11.693629051],[23.978123562,-11.693807525],[23.978290644,-11.693963214],[23.978822269,-11.693936634],[23.978586835,-11.69421004],[23.978814675,-11.694574583],[23.979072892,-11.694396109],[23.979069095,-11.693875877],[23.97938807,-11.69387208],[23.979524774,-11.694202447],[23.979703248,-11.694194852],[23.979691856,-11.6945518],[23.980143737,-11.694445475],[23.980439928,-11.694627747],[23.980436131,-11.694779639],[23.980090575,-11.694996087],[23.980200697,-11.695432778],[23.980455118,-11.695406197],[23.98060701,-11.695174561],[23.980723477,-11.695445595],[23.980939925,-11.695187377],[23.98137282,-11.695483568],[23.981399401,-11.69576457],[23.982200636,-11.696455682],[23.982975289,-11.696683521],[23.983524382,-11.697634751],[23.984921796,-11.698837236],[23.98533697,-11.699459997],[23.985443295,-11.699768845],[23.985382538,-11.700042253],[23.985510803,-11.700342662],[23.98522727,-11.700651512],[23.985308279,-11.700848973],[23.985819652,-11.700879351],[23.985855094,-11.701137569],[23.985455109,-11.701390723],[23.985252585,-11.702347649],[23.984786781,-11.702757759],[23.984189335,-11.703927335],[23.984553261,-11.704920978],[23.984766131,-11.705055007],[23.984715898,-11.70593654],[23.985010538,-11.706681103],[23.985622191,-11.707040295],[23.985829778,-11.707683307],[23.986214575,-11.708032662],[23.986751262,-11.708746558],[23.986624412,-11.709479958],[23.9870753,-11.709602221],[23.987687934,-11.70938957],[23.988179055,-11.709521211],[23.988609418,-11.710004736],[23.988725919,-11.710983849],[23.988473628,-11.711027212],[23.988544584,-11.711303154],[23.989090412,-11.711204691],[23.989247368,-11.711083176],[23.989495461,-11.711442657],[23.989520775,-11.71184264],[23.989677732,-11.711959092],[23.989510649,-11.712718557],[23.989844813,-11.713164109],[23.989713173,-11.713594471],[23.990037211,-11.714070402],[23.990508079,-11.714019771],[23.990706404,-11.713656558],[23.991140966,-11.713609662],[23.991302985,-11.713791933],[23.990903,-11.714348874],[23.991495382,-11.714758984],[23.992027007,-11.714809614],[23.992254847,-11.715290609],[23.992062449,-11.71561971],[23.991596644,-11.715736162],[23.99126248,-11.716581699],[23.991358679,-11.717376604],[23.991586518,-11.717968987],[23.990857433,-11.7181867],[23.990751107,-11.718556305],[23.991166281,-11.719877774],[23.991287795,-11.720652428],[23.991859925,-11.721938454],[23.991773853,-11.722971325],[23.99219409,-11.723832051],[23.992482686,-11.724434559],[23.992983932,-11.726631944],[23.991895367,-11.72661169],[23.991920682,-11.727340777],[23.992371298,-11.729092608],[23.99219409,-11.72994827],[23.993394043,-11.731477326],[23.993363665,-11.731902626],[23.992371298,-11.732682342],[23.992118144,-11.732657027],[23.992072575,-11.734003811],[23.992219405,-11.739421322],[23.992811787,-11.743071814],[23.994228231,-11.747473425],[23.995011196,-11.749319675],[23.995481602,-11.749875669],[23.994864366,-11.750099392],[23.994739909,-11.750532454],[23.995441559,-11.750772784],[23.996150393,-11.750838603],[23.996848087,-11.751919575],[23.996969601,-11.752415759],[23.997445145,-11.753340104],[23.997163299,-11.753645578],[23.99773543,-11.753898733],[23.998013899,-11.753736713],[23.998525272,-11.753999995],[23.999011329,-11.754886036],[24.000839107,-11.754739207],[24.001446678,-11.754663261],[24.001456805,-11.754916414],[24.000347939,-11.755190693],[24.00069734,-11.755544238],[24.001558066,-11.755341716],[24.001750465,-11.755483482],[24.001573256,-11.755756888],[24.000773287,-11.756465722],[24.000575826,-11.756992284],[24.000654953,-11.757438925],[24.001497309,-11.757270755],[24.001684644,-11.757569477],[24.001492246,-11.758015029],[23.999963191,-11.758313753],[23.99984674,-11.75855678],[24.000165715,-11.759270677],[24.000150527,-11.759918754],[24.001521612,-11.760407343],[24.00234215,-11.761327756],[24.002473474,-11.761789568],[24.002858269,-11.761845262],[24.003025352,-11.76266042],[24.002574736,-11.763222423],[24.002321581,-11.763693291],[24.002549421,-11.764650217],[24.002291203,-11.765080579],[24.001987417,-11.765191967],[24.001622874,-11.765176779],[24.001784893,-11.765493221],[24.001724136,-11.76576663],[24.00235196,-11.767072908],[24.002090253,-11.767404425],[24.002517003,-11.767784645],[24.002408991,-11.768128936],[24.002226719,-11.768189694],[24.002435994,-11.76875676],[24.002982808,-11.769141556],[24.003853661,-11.76960061],[24.003864175,-11.76986032],[24.003589666,-11.770239733],[24.003675105,-11.770903314],[24.003114051,-11.770621363],[24.002738116,-11.770880532],[24.002780836,-11.771230834],[24.00226535,-11.771142547],[24.002305222,-11.771304882],[24.002541605,-11.771740625],[24.002453317,-11.772577934],[24.002361548,-11.772799366],[24.001927942,-11.772965973],[24.002368668,-11.773618163],[24.002320253,-11.774623504],[24.002234813,-11.775086302],[24.002736059,-11.775850514],[24.002739857,-11.776372645],[24.002982885,-11.776596687],[24.003153765,-11.777701708],[24.003643619,-11.777762464],[24.003928418,-11.777606775],[24.004073666,-11.777025785],[24.005059071,-11.777689367],[24.005195775,-11.777658039],[24.005503358,-11.778432692],[24.005805245,-11.778304533],[24.006064413,-11.778455476],[24.006346363,-11.778202004],[24.006671034,-11.778495348],[24.006286555,-11.778811475],[24.006688122,-11.778845651],[24.006853305,-11.778979507],[24.007027033,-11.779113361],[24.007052665,-11.779475057],[24.007516887,-11.780056048],[24.007317528,-11.780229774],[24.007132409,-11.780357935],[24.007098233,-11.780858231],[24.007162787,-11.781032908],[24.007098233,-11.781249355],[24.007307085,-11.781443019],[24.007607075,-11.782829042],[24.008020982,-11.783732804],[24.00988226,-11.784485307],[24.010449327,-11.784701332],[24.011536205,-11.785140134],[24.012069518,-11.785848967],[24.012042514,-11.78621351],[24.013133062,-11.786630225],[24.013419676,-11.786524046],[24.013730213,-11.786780576],[24.013635702,-11.787219379],[24.013007878,-11.787334141],[24.012893115,-11.787887706],[24.013114541,-11.788660673],[24.01312341,-11.789348011],[24.01217408,-11.789142957],[24.011646252,-11.789036632],[24.011384237,-11.788637913],[24.008900789,-11.789112578],[24.008353974,-11.789739135],[24.008259041,-11.791026428],[24.008464097,-11.791394767],[24.008581814,-11.791947841],[24.00896914,-11.792023787],[24.009010911,-11.792475669],[24.008798261,-11.792794644],[24.009090656,-11.793212349],[24.009143198,-11.793691796],[24.009224208,-11.793970829],[24.008810159,-11.795212975],[24.009521243,-11.796257098],[24.01043035,-11.79687817],[24.010607371,-11.797300221],[24.010085309,-11.798587372],[24.010130314,-11.799091432],[24.011714501,-11.801044661],[24.012172877,-11.801980042],[24.012916267,-11.802557222],[24.012826816,-11.803323451],[24.013187503,-11.803986648],[24.013140962,-11.804188322],[24.012225672,-11.80452186],[24.012590237,-11.80532468],[24.012065952,-11.805603404],[24.011897758,-11.805930448],[24.01210333,-11.806734041],[24.011682844,-11.807612389],[24.012155863,-11.808283861],[24.012473794,-11.809114782],[24.0126798,-11.809361992],[24.013050612,-11.809320789],[24.013184516,-11.809712203],[24.012844605,-11.810124217],[24.012156875,-11.810773672],[24.012211408,-11.811171723],[24.01258373,-11.811654362],[24.012618204,-11.812219739],[24.013266319,-11.812274898],[24.013748958,-11.813771079],[24.014541156,-11.814965569],[24.014461146,-11.8152216],[24.01500382,-11.815315524],[24.015389255,-11.816069699],[24.015955309,-11.81660486],[24.0161001,-11.817321923],[24.016045333,-11.81811794],[24.01652539,-11.819446097],[24.017631027,-11.820702984],[24.017862845,-11.823218463],[24.018129449,-11.823599325],[24.018986388,-11.824065882],[24.020526098,-11.825430356],[24.0215643,-11.826919949],[24.022715349,-11.828341834],[24.023031324,-11.829244618],[24.023031324,-11.830124832],[24.021383743,-11.834796741],[24.02095492,-11.835812372],[24.020526098,-11.836421752],[24.018688321,-11.837970591],[24.018066011,-11.839084965],[24.017583227,-11.840726843],[24.017142738,-11.841460992],[24.014403603,-11.843045741],[24.012879611,-11.843944441],[24.009330381,-11.846096256],[24.007699114,-11.846505836],[24.006915022,-11.846617849],[24.005346838,-11.847529956],[24.003106574,-11.847657971],[24.002524869,-11.847841668],[23.999327,-11.864119],[23.994398,-11.878834],[23.989923,-11.902289],[23.988497,-11.920459],[23.986118,-11.945528],[23.988588,-12.008562],[23.988567,-12.022593],[23.988999,-12.045596],[23.987105,-12.062616],[23.98305,-12.111376],[23.985788,-12.154165],[24.00305,-12.182026],[24.010042,-12.198368],[24.014225,-12.215628],[24.020760999,-12.224606],[24.029879,-12.227611],[24.040396,-12.234066],[24.053472,-12.251796],[24.068656999,-12.265388],[24.064197,-12.275964],[24.066294,-12.284018],[24.072360999,-12.295985],[24.073288,-12.303577],[24.068599999,-12.312772],[24.055479,-12.324026999],[24.053368999,-12.327476],[24.055707999,-12.330236],[24.064591,-12.33531],[24.074173,-12.343373],[24.076736,-12.351885],[24.078125,-12.366379],[24.075969999,-12.40387],[24.072682,-12.415366],[24.069865999,-12.419043],[24.065651,-12.420647],[24.05394,-12.426151],[24.026287,-12.449576],[24.01972,-12.458305],[24.01243,-12.480608],[24.008211,-12.484052],[24.001185,-12.48542],[23.995794,-12.489551],[23.994616,-12.495302],[23.993431,-12.503579],[23.991318,-12.506797001],[23.971402999,-12.514585],[23.970219,-12.523554],[23.967394,-12.532519],[23.958717,-12.539635],[23.955663999,-12.54584],[23.955654,-12.551821999],[23.960074,-12.56839],[23.962166,-12.579663],[23.961899,-12.598292],[23.96024,-12.60933],[23.955067,-12.622663],[23.932522,-12.655515],[23.930401,-12.661030999],[23.927801,-12.674136999],[23.931517001,-12.692542],[23.933136,-12.704046],[23.930069,-12.715540999],[23.916905,-12.738058],[23.913128,-12.753459999],[23.913334,-12.769101],[23.909071,-12.792552],[23.909268,-12.812103],[23.903603,-12.833712],[23.904987,-12.845445],[23.912943,-12.853507],[23.920672,-12.856511],[23.925823,-12.861350999],[23.930955999,-12.87493],[23.943834,-12.885072],[23.959290999,-12.893606999],[23.971251,-12.894318],[23.977341,-12.898236],[23.994196,-12.915512],[24.010817,-12.934857999],[24.017376,-12.939006999],[24.025339,-12.946609],[24.029314,-12.954431999],[24.029771999,-12.962252999],[24.032331,-12.979045],[24.036776,-12.98572],[24.040287,-12.990556],[23.50122,-12.995071],[23.093503,-12.998481],[22.7635865,-13.0012425],[22.43367,-13.004004],[22.2167845,-13.0043605],[21.999899,-13.004717]]]}]}}
]
}
