region,version,abbr,layer,zone,feature,year,month,value
emea,240802,ssa,025,1,daylength,,1,767.84267107435517
emea,240802,ssa,025,1,daylength,,2,750.11570649804275
emea,240802,ssa,025,1,daylength,,3,726.04045407255182
emea,240802,ssa,025,1,daylength,,4,700.05996807022768
emea,240802,ssa,025,1,daylength,,5,678.198071633531
emea,240802,ssa,025,1,daylength,,6,667.16301696189635
emea,240802,ssa,025,1,daylength,,7,671.54169560613536
emea,240802,ssa,025,1,daylength,,8,689.883401904253
emea,240802,ssa,025,1,daylength,,9,714.82041276994607
emea,240802,ssa,025,1,daylength,,10,740.75471475948245
emea,240802,ssa,025,1,daylength,,11,762.37392430462955
emea,240802,ssa,025,1,daylength,,12,772.80380020006714
emea,240802,ssa,025,1,elevation,,,1108.9100309919941
emea,240802,ssa,025,1,max_temperature,2014,1,27.829489745130232
emea,240802,ssa,025,1,max_temperature,2014,2,27.175397216018517
emea,240802,ssa,025,1,max_temperature,2014,3,27.744059270438555
emea,240802,ssa,025,1,max_temperature,2014,4,26.891623499270455
emea,240802,ssa,025,1,max_temperature,2014,5,27.084238435707942
emea,240802,ssa,025,1,max_temperature,2014,6,24.942112233458854
emea,240802,ssa,025,1,max_temperature,2014,7,25.301114895252553
emea,240802,ssa,025,1,max_temperature,2014,8,28.311706397091935
emea,240802,ssa,025,1,max_temperature,2014,9,31.79230308646892
emea,240802,ssa,025,1,max_temperature,2014,10,33.96255621829814
emea,240802,ssa,025,1,max_temperature,2014,11,31.962646867165319
emea,240802,ssa,025,1,max_temperature,2014,12,27.986130393714472
emea,240802,ssa,025,1,max_temperature,2015,1,27.275175050110693
emea,240802,ssa,025,1,max_temperature,2015,2,28.489761413287706
emea,240802,ssa,025,1,max_temperature,2015,3,29.117364840176556
emea,240802,ssa,025,1,max_temperature,2015,4,26.082214146727232
emea,240802,ssa,025,1,max_temperature,2015,5,26.857467408699826
emea,240802,ssa,025,1,max_temperature,2015,6,25.223115622561906
emea,240802,ssa,025,1,max_temperature,2015,7,26.715920592263362
emea,240802,ssa,025,1,max_temperature,2015,8,29.454999392067151
emea,240802,ssa,025,1,max_temperature,2015,9,32.699799530636767
emea,240802,ssa,025,1,max_temperature,2015,10,33.854904541440021
emea,240802,ssa,025,1,max_temperature,2015,11,31.209363999094379
emea,240802,ssa,025,1,max_temperature,2015,12,29.198455147987882
emea,240802,ssa,025,1,max_temperature,2016,1,28.170916255374376
emea,240802,ssa,025,1,max_temperature,2016,2,28.957498394274527
emea,240802,ssa,025,1,max_temperature,2016,3,28.072163152772223
emea,240802,ssa,025,1,max_temperature,2016,4,27.638788565863393
emea,240802,ssa,025,1,max_temperature,2016,5,25.38131029918264
emea,240802,ssa,025,1,max_temperature,2016,6,24.886295017930767
emea,240802,ssa,025,1,max_temperature,2016,7,23.960803490010143
emea,240802,ssa,025,1,max_temperature,2016,8,27.905229146642196
emea,240802,ssa,025,1,max_temperature,2016,9,32.650782012016755
emea,240802,ssa,025,1,max_temperature,2016,10,35.4711956328536
emea,240802,ssa,025,1,max_temperature,2016,11,32.008036367736942
emea,240802,ssa,025,1,max_temperature,2016,12,28.067555528984784
emea,240802,ssa,025,1,max_temperature,2017,1,26.640457138214355
emea,240802,ssa,025,1,max_temperature,2017,2,26.755748148827923
emea,240802,ssa,025,1,max_temperature,2017,3,26.716913201590561
emea,240802,ssa,025,1,max_temperature,2017,4,27.036676613948671
emea,240802,ssa,025,1,max_temperature,2017,5,26.952052253775275
emea,240802,ssa,025,1,max_temperature,2017,6,25.162281430654382
emea,240802,ssa,025,1,max_temperature,2017,7,25.537106219129708
emea,240802,ssa,025,1,max_temperature,2017,8,27.426339864359868
emea,240802,ssa,025,1,max_temperature,2017,9,32.077991119940961
emea,240802,ssa,025,1,max_temperature,2017,10,33.293715843761674
emea,240802,ssa,025,1,max_temperature,2017,11,29.119635606997857
emea,240802,ssa,025,1,max_temperature,2017,12,27.979610266239913
emea,240802,ssa,025,1,max_temperature,2018,1,28.730427931762591
emea,240802,ssa,025,1,max_temperature,2018,2,27.154942153795222
emea,240802,ssa,025,1,max_temperature,2018,3,27.674622054332072
emea,240802,ssa,025,1,max_temperature,2018,4,27.087080350404719
emea,240802,ssa,025,1,max_temperature,2018,5,26.753361809543613
emea,240802,ssa,025,1,max_temperature,2018,6,25.018694917461538
emea,240802,ssa,025,1,max_temperature,2018,7,23.766703539016856
emea,240802,ssa,025,1,max_temperature,2018,8,29.902175365924602
emea,240802,ssa,025,1,max_temperature,2018,9,33.006812038670773
emea,240802,ssa,025,1,max_temperature,2018,10,32.79024827930624
emea,240802,ssa,025,1,max_temperature,2018,11,32.451864540826314
emea,240802,ssa,025,1,max_temperature,2018,12,29.557770851526637
emea,240802,ssa,025,1,max_temperature,2019,1,27.902150290821076
emea,240802,ssa,025,1,max_temperature,2019,2,28.9725667615103
emea,240802,ssa,025,1,max_temperature,2019,3,30.648748804183239
emea,240802,ssa,025,1,max_temperature,2019,4,28.377071260431624
emea,240802,ssa,025,1,max_temperature,2019,5,27.572919457383694
emea,240802,ssa,025,1,max_temperature,2019,6,24.4681905600035
emea,240802,ssa,025,1,max_temperature,2019,7,26.163217624298355
emea,240802,ssa,025,1,max_temperature,2019,8,28.467142060210456
emea,240802,ssa,025,1,max_temperature,2019,9,31.950560706420337
emea,240802,ssa,025,1,max_temperature,2019,10,34.533866057776628
emea,240802,ssa,025,1,max_temperature,2019,11,31.884032593120796
emea,240802,ssa,025,1,max_temperature,2019,12,30.15499534364552
emea,240802,ssa,025,1,max_temperature,2020,1,28.252688158925583
emea,240802,ssa,025,1,max_temperature,2020,2,27.521331415236112
emea,240802,ssa,025,1,max_temperature,2020,3,27.92901154936397
emea,240802,ssa,025,1,max_temperature,2020,4,28.5151977743466
emea,240802,ssa,025,1,max_temperature,2020,5,27.029436430169735
emea,240802,ssa,025,1,max_temperature,2020,6,24.560050751314336
emea,240802,ssa,025,1,max_temperature,2020,7,23.809103451819258
emea,240802,ssa,025,1,max_temperature,2020,8,28.571137841249712
emea,240802,ssa,025,1,max_temperature,2020,9,31.991447398460416
emea,240802,ssa,025,1,max_temperature,2020,10,34.097701203237243
emea,240802,ssa,025,1,max_temperature,2020,11,30.544558582747044
emea,240802,ssa,025,1,max_temperature,2020,12,26.760723079180494
emea,240802,ssa,025,1,max_temperature,2021,1,26.519438565352473
emea,240802,ssa,025,1,max_temperature,2021,2,27.358871048486584
emea,240802,ssa,025,1,max_temperature,2021,3,27.955725930810875
emea,240802,ssa,025,1,max_temperature,2021,4,27.982950390759083
emea,240802,ssa,025,1,max_temperature,2021,5,25.96991994695761
emea,240802,ssa,025,1,max_temperature,2021,6,24.522047600286985
emea,240802,ssa,025,1,max_temperature,2021,7,23.936917952929591
emea,240802,ssa,025,1,max_temperature,2021,8,28.207537193615849
emea,240802,ssa,025,1,max_temperature,2021,9,32.18167390103401
emea,240802,ssa,025,1,max_temperature,2021,10,33.089862103833021
emea,240802,ssa,025,1,max_temperature,2021,11,32.124683794636155
emea,240802,ssa,025,1,max_temperature,2021,12,31.413072285822626
emea,240802,ssa,025,1,max_temperature,2022,1,26.915893754103678
emea,240802,ssa,025,1,max_temperature,2022,2,28.094327800300317
emea,240802,ssa,025,1,max_temperature,2022,3,27.548240671957419
emea,240802,ssa,025,1,max_temperature,2022,4,27.500868689529522
emea,240802,ssa,025,1,max_temperature,2022,5,26.495121098853161
emea,240802,ssa,025,1,max_temperature,2022,6,23.520799934090533
emea,240802,ssa,025,1,max_temperature,2022,7,24.845027213279415
emea,240802,ssa,025,1,max_temperature,2022,8,28.452940366916298
emea,240802,ssa,025,1,max_temperature,2022,9,31.841880948681617
emea,240802,ssa,025,1,max_temperature,2022,10,33.615238846787612
emea,240802,ssa,025,1,max_temperature,2022,11,29.155236308241339
emea,240802,ssa,025,1,max_temperature,2022,12,28.084722460333271
emea,240802,ssa,025,1,max_temperature,2023,1,26.202334349127458
emea,240802,ssa,025,1,max_temperature,2023,2,28.553254426607879
emea,240802,ssa,025,1,max_temperature,2023,3,28.580943186707845
emea,240802,ssa,025,1,max_temperature,2023,4,28.8616139795869
emea,240802,ssa,025,1,max_temperature,2023,5,28.676032561277143
emea,240802,ssa,025,1,max_temperature,2023,6,28.070881101225016
emea,240802,ssa,025,1,max_temperature,2023,7,25.158443540081375
emea,240802,ssa,025,1,max_temperature,2023,8,25.866747301786717
emea,240802,ssa,025,1,max_temperature,2023,9,32.592183367837009
emea,240802,ssa,025,1,max_temperature,2023,10,34.267671462523978
emea,240802,ssa,025,1,max_temperature,2023,11,31.410794314241407
emea,240802,ssa,025,1,max_temperature,2023,12,30.908387228748673
emea,240802,ssa,025,1,temp_range,2014,1,8.6865244339177252
emea,240802,ssa,025,1,temp_range,2014,2,8.028267741849417
emea,240802,ssa,025,1,temp_range,2014,3,9.1802249405292766
emea,240802,ssa,025,1,temp_range,2014,4,9.4104841341223455
emea,240802,ssa,025,1,temp_range,2014,5,12.495561862845083
emea,240802,ssa,025,1,temp_range,2014,6,12.89490999360067
emea,240802,ssa,025,1,temp_range,2014,7,13.97595996446468
emea,240802,ssa,025,1,temp_range,2014,8,14.119290300128993
emea,240802,ssa,025,1,temp_range,2014,9,13.643722940605979
emea,240802,ssa,025,1,temp_range,2014,10,13.235843405218128
emea,240802,ssa,025,1,temp_range,2014,11,11.31562712430318
emea,240802,ssa,025,1,temp_range,2014,12,8.434176557241079
emea,240802,ssa,025,1,temp_range,2015,1,8.40503749787538
emea,240802,ssa,025,1,temp_range,2015,2,9.8664790277833969
emea,240802,ssa,025,1,temp_range,2015,3,10.874651100959625
emea,240802,ssa,025,1,temp_range,2015,4,8.7556904851861237
emea,240802,ssa,025,1,temp_range,2015,5,13.371552935774506
emea,240802,ssa,025,1,temp_range,2015,6,13.498389255892405
emea,240802,ssa,025,1,temp_range,2015,7,14.629230549881996
emea,240802,ssa,025,1,temp_range,2015,8,14.752139354527456
emea,240802,ssa,025,1,temp_range,2015,9,13.954208049496639
emea,240802,ssa,025,1,temp_range,2015,10,12.901596172974402
emea,240802,ssa,025,1,temp_range,2015,11,11.332550673657384
emea,240802,ssa,025,1,temp_range,2015,12,9.4356692990910478
emea,240802,ssa,025,1,temp_range,2016,1,8.2917314365032482
emea,240802,ssa,025,1,temp_range,2016,2,9.1178668160140255
emea,240802,ssa,025,1,temp_range,2016,3,8.2668325216704766
emea,240802,ssa,025,1,temp_range,2016,4,10.777259664518382
emea,240802,ssa,025,1,temp_range,2016,5,11.907183515685412
emea,240802,ssa,025,1,temp_range,2016,6,13.611957860881304
emea,240802,ssa,025,1,temp_range,2016,7,13.032834561322815
emea,240802,ssa,025,1,temp_range,2016,8,13.767929115351819
emea,240802,ssa,025,1,temp_range,2016,9,14.326707579204996
emea,240802,ssa,025,1,temp_range,2016,10,13.796333447387411
emea,240802,ssa,025,1,temp_range,2016,11,10.983208356049092
emea,240802,ssa,025,1,temp_range,2016,12,8.7850499068041259
emea,240802,ssa,025,1,temp_range,2017,1,7.3478409322987233
emea,240802,ssa,025,1,temp_range,2017,2,7.59893958408524
emea,240802,ssa,025,1,temp_range,2017,3,8.3622306527423031
emea,240802,ssa,025,1,temp_range,2017,4,9.7895544642841212
emea,240802,ssa,025,1,temp_range,2017,5,11.687716675831435
emea,240802,ssa,025,1,temp_range,2017,6,12.357005767399205
emea,240802,ssa,025,1,temp_range,2017,7,13.397873930612548
emea,240802,ssa,025,1,temp_range,2017,8,13.740625686979911
emea,240802,ssa,025,1,temp_range,2017,9,14.59299461910939
emea,240802,ssa,025,1,temp_range,2017,10,12.366008256145109
emea,240802,ssa,025,1,temp_range,2017,11,10.084697874230114
emea,240802,ssa,025,1,temp_range,2017,12,8.62522948933043
emea,240802,ssa,025,1,temp_range,2018,1,10.318072472469993
emea,240802,ssa,025,1,temp_range,2018,2,7.8888025123640571
emea,240802,ssa,025,1,temp_range,2018,3,8.8961069235314714
emea,240802,ssa,025,1,temp_range,2018,4,9.9265461123637131
emea,240802,ssa,025,1,temp_range,2018,5,11.104974558358411
emea,240802,ssa,025,1,temp_range,2018,6,12.969753166339995
emea,240802,ssa,025,1,temp_range,2018,7,11.181815826508206
emea,240802,ssa,025,1,temp_range,2018,8,14.711435606903617
emea,240802,ssa,025,1,temp_range,2018,9,14.218937475528005
emea,240802,ssa,025,1,temp_range,2018,10,13.473166765721519
emea,240802,ssa,025,1,temp_range,2018,11,12.118013300307993
emea,240802,ssa,025,1,temp_range,2018,12,9.8997265057226844
emea,240802,ssa,025,1,temp_range,2019,1,8.5583791089684684
emea,240802,ssa,025,1,temp_range,2019,2,9.9851685494740661
emea,240802,ssa,025,1,temp_range,2019,3,11.687015568515228
emea,240802,ssa,025,1,temp_range,2019,4,10.329235631858461
emea,240802,ssa,025,1,temp_range,2019,5,12.014032308510687
emea,240802,ssa,025,1,temp_range,2019,6,13.307699902734244
emea,240802,ssa,025,1,temp_range,2019,7,15.300598243456921
emea,240802,ssa,025,1,temp_range,2019,8,13.943777476865094
emea,240802,ssa,025,1,temp_range,2019,9,14.397711452440877
emea,240802,ssa,025,1,temp_range,2019,10,13.978896152844193
emea,240802,ssa,025,1,temp_range,2019,11,10.85685783251653
emea,240802,ssa,025,1,temp_range,2019,12,10.134084059071967
emea,240802,ssa,025,1,temp_range,2020,1,8.5572796370178832
emea,240802,ssa,025,1,temp_range,2020,2,7.9467194264278742
emea,240802,ssa,025,1,temp_range,2020,3,8.8829537096536431
emea,240802,ssa,025,1,temp_range,2020,4,11.426165140345621
emea,240802,ssa,025,1,temp_range,2020,5,12.831827954127853
emea,240802,ssa,025,1,temp_range,2020,6,12.395495295177412
emea,240802,ssa,025,1,temp_range,2020,7,12.742420326029315
emea,240802,ssa,025,1,temp_range,2020,8,14.842884984230036
emea,240802,ssa,025,1,temp_range,2020,9,13.588799307842585
emea,240802,ssa,025,1,temp_range,2020,10,13.320568564073245
emea,240802,ssa,025,1,temp_range,2020,11,10.550073174274946
emea,240802,ssa,025,1,temp_range,2020,12,7.5697814884104249
emea,240802,ssa,025,1,temp_range,2021,1,7.4232074797357708
emea,240802,ssa,025,1,temp_range,2021,2,8.3235385716216115
emea,240802,ssa,025,1,temp_range,2021,3,9.7407517282868046
emea,240802,ssa,025,1,temp_range,2021,4,11.46529974398393
emea,240802,ssa,025,1,temp_range,2021,5,13.069730813332532
emea,240802,ssa,025,1,temp_range,2021,6,13.465027858833643
emea,240802,ssa,025,1,temp_range,2021,7,13.17653032217433
emea,240802,ssa,025,1,temp_range,2021,8,14.362857374647538
emea,240802,ssa,025,1,temp_range,2021,9,13.842808264235995
emea,240802,ssa,025,1,temp_range,2021,10,12.751102779054396
emea,240802,ssa,025,1,temp_range,2021,11,11.693437546929756
emea,240802,ssa,025,1,temp_range,2021,12,10.793228704779784
emea,240802,ssa,025,1,temp_range,2022,1,7.9409962833341918
emea,240802,ssa,025,1,temp_range,2022,2,9.596703504045502
emea,240802,ssa,025,1,temp_range,2022,3,8.7946198289797355
emea,240802,ssa,025,1,temp_range,2022,4,9.9079456330582527
emea,240802,ssa,025,1,temp_range,2022,5,12.720256482643293
emea,240802,ssa,025,1,temp_range,2022,6,12.287401412752221
emea,240802,ssa,025,1,temp_range,2022,7,12.355284470449826
emea,240802,ssa,025,1,temp_range,2022,8,15.009972426863371
emea,240802,ssa,025,1,temp_range,2022,9,13.439428321229407
emea,240802,ssa,025,1,temp_range,2022,10,13.121476537535518
emea,240802,ssa,025,1,temp_range,2022,11,10.02434902919247
emea,240802,ssa,025,1,temp_range,2022,12,9.4634907977537921
emea,240802,ssa,025,1,temp_range,2023,1,7.5096745748113092
emea,240802,ssa,025,1,temp_range,2023,2,9.48948224534448
emea,240802,ssa,025,1,temp_range,2023,3,10.138556306094603
emea,240802,ssa,025,1,temp_range,2023,4,12.121354750108319
emea,240802,ssa,025,1,temp_range,2023,5,14.539803143950234
emea,240802,ssa,025,1,temp_range,2023,6,14.742292451080683
emea,240802,ssa,025,1,temp_range,2023,7,13.668619224552954
emea,240802,ssa,025,1,temp_range,2023,8,12.552240098962578
emea,240802,ssa,025,1,temp_range,2023,9,15.444380323528552
emea,240802,ssa,025,1,temp_range,2023,10,12.440798527684793
emea,240802,ssa,025,1,temp_range,2023,11,10.547618995605758
emea,240802,ssa,025,1,temp_range,2023,12,10.150655900549534
emea,240802,ssa,025,1,total_precipitation,2014,1,239.76127317005685
emea,240802,ssa,025,1,total_precipitation,2014,2,240.63591083004042
emea,240802,ssa,025,1,total_precipitation,2014,3,151.07911875892927
emea,240802,ssa,025,1,total_precipitation,2014,4,59.282340412111282
emea,240802,ssa,025,1,total_precipitation,2014,5,1.6065378686235476
emea,240802,ssa,025,1,total_precipitation,2014,6,0.54642448109933639
emea,240802,ssa,025,1,total_precipitation,2014,7,0.3856595515859027
emea,240802,ssa,025,1,total_precipitation,2014,8,0.14404965702263439
emea,240802,ssa,025,1,total_precipitation,2014,9,1.3974306231394706
emea,240802,ssa,025,1,total_precipitation,2014,10,5.7744712062882684
emea,240802,ssa,025,1,total_precipitation,2014,11,65.751639512798192
emea,240802,ssa,025,1,total_precipitation,2014,12,240.72235533895517
emea,240802,ssa,025,1,total_precipitation,2015,1,270.27875190931923
emea,240802,ssa,025,1,total_precipitation,2015,2,158.63740078071532
emea,240802,ssa,025,1,total_precipitation,2015,3,108.06220277792352
emea,240802,ssa,025,1,total_precipitation,2015,4,123.98433742514109
emea,240802,ssa,025,1,total_precipitation,2015,5,0.31032716966838336
emea,240802,ssa,025,1,total_precipitation,2015,6,0.14397220557040669
emea,240802,ssa,025,1,total_precipitation,2015,7,0.0848988855479007
emea,240802,ssa,025,1,total_precipitation,2015,8,0.0
emea,240802,ssa,025,1,total_precipitation,2015,9,1.1088767616741535
emea,240802,ssa,025,1,total_precipitation,2015,10,5.7968247917087012
emea,240802,ssa,025,1,total_precipitation,2015,11,103.59318619881709
emea,240802,ssa,025,1,total_precipitation,2015,12,173.76122831638546
emea,240802,ssa,025,1,total_precipitation,2016,1,262.82625332636
emea,240802,ssa,025,1,total_precipitation,2016,2,206.80474200427656
emea,240802,ssa,025,1,total_precipitation,2016,3,243.76379405368434
emea,240802,ssa,025,1,total_precipitation,2016,4,26.237164060865837
emea,240802,ssa,025,1,total_precipitation,2016,5,0.65887289969089124
emea,240802,ssa,025,1,total_precipitation,2016,6,0.40891234917728525
emea,240802,ssa,025,1,total_precipitation,2016,7,0.65934077654091539
emea,240802,ssa,025,1,total_precipitation,2016,8,0.18338313522815497
emea,240802,ssa,025,1,total_precipitation,2016,9,0.0064966027631925272
emea,240802,ssa,025,1,total_precipitation,2016,10,2.4415270145905481
emea,240802,ssa,025,1,total_precipitation,2016,11,112.17120032746334
emea,240802,ssa,025,1,total_precipitation,2016,12,226.77856684356615
emea,240802,ssa,025,1,total_precipitation,2017,1,331.24095863589559
emea,240802,ssa,025,1,total_precipitation,2017,2,273.81295318814426
emea,240802,ssa,025,1,total_precipitation,2017,3,195.9656147051744
emea,240802,ssa,025,1,total_precipitation,2017,4,44.756453838386271
emea,240802,ssa,025,1,total_precipitation,2017,5,3.5052942868899351
emea,240802,ssa,025,1,total_precipitation,2017,6,0.57278175021494349
emea,240802,ssa,025,1,total_precipitation,2017,7,0.77288245728514937
emea,240802,ssa,025,1,total_precipitation,2017,8,0.15463992476855992
emea,240802,ssa,025,1,total_precipitation,2017,9,0.16866591617331039
emea,240802,ssa,025,1,total_precipitation,2017,10,41.04785159080631
emea,240802,ssa,025,1,total_precipitation,2017,11,137.8545619395403
emea,240802,ssa,025,1,total_precipitation,2017,12,234.68548092952949
emea,240802,ssa,025,1,total_precipitation,2018,1,134.55977143589681
emea,240802,ssa,025,1,total_precipitation,2018,2,324.241033336384
emea,240802,ssa,025,1,total_precipitation,2018,3,221.75299654016635
emea,240802,ssa,025,1,total_precipitation,2018,4,59.06348619684352
emea,240802,ssa,025,1,total_precipitation,2018,5,7.8622104901851912
emea,240802,ssa,025,1,total_precipitation,2018,6,0.16106286686812155
emea,240802,ssa,025,1,total_precipitation,2018,7,2.7937203351057036
emea,240802,ssa,025,1,total_precipitation,2018,8,0.030954183111504108
emea,240802,ssa,025,1,total_precipitation,2018,9,0.60750823759448735
emea,240802,ssa,025,1,total_precipitation,2018,10,3.6710689590852894
emea,240802,ssa,025,1,total_precipitation,2018,11,65.743305754099353
emea,240802,ssa,025,1,total_precipitation,2018,12,170.56805327624406
emea,240802,ssa,025,1,total_precipitation,2019,1,253.92145547927279
emea,240802,ssa,025,1,total_precipitation,2019,2,155.1510006539703
emea,240802,ssa,025,1,total_precipitation,2019,3,55.795587445839523
emea,240802,ssa,025,1,total_precipitation,2019,4,74.820458555417986
emea,240802,ssa,025,1,total_precipitation,2019,5,0.73317751251998686
emea,240802,ssa,025,1,total_precipitation,2019,6,0.26550702322781206
emea,240802,ssa,025,1,total_precipitation,2019,7,0.042379375330412472
emea,240802,ssa,025,1,total_precipitation,2019,8,0.22270144986050866
emea,240802,ssa,025,1,total_precipitation,2019,9,0.24500045866319908
emea,240802,ssa,025,1,total_precipitation,2019,10,10.554413107362151
emea,240802,ssa,025,1,total_precipitation,2019,11,118.50920142721962
emea,240802,ssa,025,1,total_precipitation,2019,12,131.51596925799103
emea,240802,ssa,025,1,total_precipitation,2020,1,250.56895659712504
emea,240802,ssa,025,1,total_precipitation,2020,2,267.75462498787738
emea,240802,ssa,025,1,total_precipitation,2020,3,175.13806536699403
emea,240802,ssa,025,1,total_precipitation,2020,4,15.663146539466581
emea,240802,ssa,025,1,total_precipitation,2020,5,0.41242262844582456
emea,240802,ssa,025,1,total_precipitation,2020,6,0.78775124200556945
emea,240802,ssa,025,1,total_precipitation,2020,7,0.30890652117437867
emea,240802,ssa,025,1,total_precipitation,2020,8,0.36701184209752569
emea,240802,ssa,025,1,total_precipitation,2020,9,0.53133202266751312
emea,240802,ssa,025,1,total_precipitation,2020,10,14.252539021810193
emea,240802,ssa,025,1,total_precipitation,2020,11,143.39422983393104
emea,240802,ssa,025,1,total_precipitation,2020,12,324.8676887294929
emea,240802,ssa,025,1,total_precipitation,2021,1,336.27255634028461
emea,240802,ssa,025,1,total_precipitation,2021,2,245.41895032150961
emea,240802,ssa,025,1,total_precipitation,2021,3,133.30489767778604
emea,240802,ssa,025,1,total_precipitation,2021,4,7.6558518401519393
emea,240802,ssa,025,1,total_precipitation,2021,5,15.059678983647629
emea,240802,ssa,025,1,total_precipitation,2021,6,0.53934210228884183
emea,240802,ssa,025,1,total_precipitation,2021,7,0.56512375568060236
emea,240802,ssa,025,1,total_precipitation,2021,8,0.20636836737253361
emea,240802,ssa,025,1,total_precipitation,2021,9,0.26937641101578436
emea,240802,ssa,025,1,total_precipitation,2021,10,13.550393805380736
emea,240802,ssa,025,1,total_precipitation,2021,11,77.716969643504981
emea,240802,ssa,025,1,total_precipitation,2021,12,160.73439471667407
emea,240802,ssa,025,1,total_precipitation,2022,1,315.65916973278968
emea,240802,ssa,025,1,total_precipitation,2022,2,184.02015516874442
emea,240802,ssa,025,1,total_precipitation,2022,3,192.41243880024302
emea,240802,ssa,025,1,total_precipitation,2022,4,83.2444545608748
emea,240802,ssa,025,1,total_precipitation,2022,5,0.55124952892413148
emea,240802,ssa,025,1,total_precipitation,2022,6,2.5371078013931481
emea,240802,ssa,025,1,total_precipitation,2022,7,0.74991486614322866
emea,240802,ssa,025,1,total_precipitation,2022,8,0.048780679909341984
emea,240802,ssa,025,1,total_precipitation,2022,9,0.44657050806287657
emea,240802,ssa,025,1,total_precipitation,2022,10,3.5468880736761719
emea,240802,ssa,025,1,total_precipitation,2022,11,181.12037258867326
emea,240802,ssa,025,1,total_precipitation,2022,12,211.26795124720928
emea,240802,ssa,025,1,total_precipitation,2023,1,396.72005305635685
emea,240802,ssa,025,1,total_precipitation,2023,2,156.75380724066497
emea,240802,ssa,025,1,total_precipitation,2023,3,100.99023196930172
emea,240802,ssa,025,1,total_precipitation,2023,4,26.149668996821973
emea,240802,ssa,025,1,total_precipitation,2023,5,0.005669960427653109
emea,240802,ssa,025,1,total_precipitation,2023,6,0.051709764660259339
emea,240802,ssa,025,1,total_precipitation,2023,7,0.15182176419789073
emea,240802,ssa,025,1,total_precipitation,2023,8,0.40999344900488666
emea,240802,ssa,025,1,total_precipitation,2023,9,0.1593268502846712
emea,240802,ssa,025,1,total_precipitation,2023,10,13.32208781549275
emea,240802,ssa,025,1,total_precipitation,2023,11,22.848833565819959
emea,240802,ssa,025,1,total_precipitation,2023,12,169.59356359536383
emea,240802,ssa,025,2,daylength,,1,753.4817556560688
emea,240802,ssa,025,2,daylength,,2,741.08763484577435
emea,240802,ssa,025,2,daylength,,3,724.23113188913771
emea,240802,ssa,025,2,daylength,,4,706.03471890773346
emea,240802,ssa,025,2,daylength,,5,690.739342973862
emea,240802,ssa,025,2,daylength,,6,683.03058821384934
emea,240802,ssa,025,2,daylength,,7,686.08821773743443
emea,240802,ssa,025,2,daylength,,8,698.91173777557719
emea,240802,ssa,025,2,daylength,,9,716.371862675867
emea,240802,ssa,025,2,daylength,,10,734.535664716142
emea,240802,ssa,025,2,daylength,,11,749.66046553756689
emea,240802,ssa,025,2,daylength,,12,756.94624658083421
emea,240802,ssa,025,2,elevation,,,1311.5680122194583
emea,240802,ssa,025,2,max_temperature,2014,1,25.690571827628691
emea,240802,ssa,025,2,max_temperature,2014,2,25.487376495824197
emea,240802,ssa,025,2,max_temperature,2014,3,26.339488429023717
emea,240802,ssa,025,2,max_temperature,2014,4,25.732291272559159
emea,240802,ssa,025,2,max_temperature,2014,5,26.244883078410428
emea,240802,ssa,025,2,max_temperature,2014,6,25.090779756856943
emea,240802,ssa,025,2,max_temperature,2014,7,25.322982113938441
emea,240802,ssa,025,2,max_temperature,2014,8,27.337426686038931
emea,240802,ssa,025,2,max_temperature,2014,9,30.146439239148791
emea,240802,ssa,025,2,max_temperature,2014,10,31.134735933630385
emea,240802,ssa,025,2,max_temperature,2014,11,31.186153094410017
emea,240802,ssa,025,2,max_temperature,2014,12,27.13089092636659
emea,240802,ssa,025,2,max_temperature,2015,1,25.338301422032011
emea,240802,ssa,025,2,max_temperature,2015,2,26.802512754071945
emea,240802,ssa,025,2,max_temperature,2015,3,27.041359525989233
emea,240802,ssa,025,2,max_temperature,2015,4,25.2732100485795
emea,240802,ssa,025,2,max_temperature,2015,5,26.343806787460469
emea,240802,ssa,025,2,max_temperature,2015,6,25.686567433443184
emea,240802,ssa,025,2,max_temperature,2015,7,26.532965364649261
emea,240802,ssa,025,2,max_temperature,2015,8,27.941128865658804
emea,240802,ssa,025,2,max_temperature,2015,9,30.591297924258285
emea,240802,ssa,025,2,max_temperature,2015,10,31.605067939663027
emea,240802,ssa,025,2,max_temperature,2015,11,28.772827697574172
emea,240802,ssa,025,2,max_temperature,2015,12,26.641400486970277
emea,240802,ssa,025,2,max_temperature,2016,1,25.877861843974475
emea,240802,ssa,025,2,max_temperature,2016,2,26.980920796639154
emea,240802,ssa,025,2,max_temperature,2016,3,27.750439352480722
emea,240802,ssa,025,2,max_temperature,2016,4,26.065319325657061
emea,240802,ssa,025,2,max_temperature,2016,5,25.20563319144712
emea,240802,ssa,025,2,max_temperature,2016,6,25.040138638860064
emea,240802,ssa,025,2,max_temperature,2016,7,24.497677648569596
emea,240802,ssa,025,2,max_temperature,2016,8,27.207034079802881
emea,240802,ssa,025,2,max_temperature,2016,9,30.430290244152935
emea,240802,ssa,025,2,max_temperature,2016,10,32.484697021289783
emea,240802,ssa,025,2,max_temperature,2016,11,30.601759200007169
emea,240802,ssa,025,2,max_temperature,2016,12,27.153170865691994
emea,240802,ssa,025,2,max_temperature,2017,1,26.362715661832041
emea,240802,ssa,025,2,max_temperature,2017,2,26.020633629545273
emea,240802,ssa,025,2,max_temperature,2017,3,25.752580349814409
emea,240802,ssa,025,2,max_temperature,2017,4,25.528355795387874
emea,240802,ssa,025,2,max_temperature,2017,5,25.996006110587352
emea,240802,ssa,025,2,max_temperature,2017,6,25.574206149755373
emea,240802,ssa,025,2,max_temperature,2017,7,25.787208559439886
emea,240802,ssa,025,2,max_temperature,2017,8,27.059727791878171
emea,240802,ssa,025,2,max_temperature,2017,9,30.116866389765345
emea,240802,ssa,025,2,max_temperature,2017,10,31.274930502423146
emea,240802,ssa,025,2,max_temperature,2017,11,28.529601861866574
emea,240802,ssa,025,2,max_temperature,2017,12,26.452354836384096
emea,240802,ssa,025,2,max_temperature,2018,1,24.978143359514576
emea,240802,ssa,025,2,max_temperature,2018,2,27.143213040500957
emea,240802,ssa,025,2,max_temperature,2018,3,25.965652221349512
emea,240802,ssa,025,2,max_temperature,2018,4,25.560963481673447
emea,240802,ssa,025,2,max_temperature,2018,5,26.231005854063035
emea,240802,ssa,025,2,max_temperature,2018,6,25.27635697407478
emea,240802,ssa,025,2,max_temperature,2018,7,24.095033855865321
emea,240802,ssa,025,2,max_temperature,2018,8,28.134016689724511
emea,240802,ssa,025,2,max_temperature,2018,9,30.685575069597004
emea,240802,ssa,025,2,max_temperature,2018,10,30.552440291519915
emea,240802,ssa,025,2,max_temperature,2018,11,29.883030969298147
emea,240802,ssa,025,2,max_temperature,2018,12,26.048234084379175
emea,240802,ssa,025,2,max_temperature,2019,1,26.293327396799196
emea,240802,ssa,025,2,max_temperature,2019,2,27.304841688536975
emea,240802,ssa,025,2,max_temperature,2019,3,27.289371638383248
emea,240802,ssa,025,2,max_temperature,2019,4,26.687127449783596
emea,240802,ssa,025,2,max_temperature,2019,5,26.446990643086213
emea,240802,ssa,025,2,max_temperature,2019,6,24.667801511550202
emea,240802,ssa,025,2,max_temperature,2019,7,26.000013251379297
emea,240802,ssa,025,2,max_temperature,2019,8,27.848722396652775
emea,240802,ssa,025,2,max_temperature,2019,9,30.276073093311659
emea,240802,ssa,025,2,max_temperature,2019,10,31.224457705764245
emea,240802,ssa,025,2,max_temperature,2019,11,30.570790624032917
emea,240802,ssa,025,2,max_temperature,2019,12,26.03757699541935
emea,240802,ssa,025,2,max_temperature,2020,1,25.870196501208181
emea,240802,ssa,025,2,max_temperature,2020,2,26.52129844972098
emea,240802,ssa,025,2,max_temperature,2020,3,26.1981637604637
emea,240802,ssa,025,2,max_temperature,2020,4,26.355816847705611
emea,240802,ssa,025,2,max_temperature,2020,5,26.257642331408206
emea,240802,ssa,025,2,max_temperature,2020,6,25.216795387022398
emea,240802,ssa,025,2,max_temperature,2020,7,23.94104784588388
emea,240802,ssa,025,2,max_temperature,2020,8,27.660637268662029
emea,240802,ssa,025,2,max_temperature,2020,9,29.784755351710768
emea,240802,ssa,025,2,max_temperature,2020,10,31.030180585441528
emea,240802,ssa,025,2,max_temperature,2020,11,29.645143650651356
emea,240802,ssa,025,2,max_temperature,2020,12,25.614911227623768
emea,240802,ssa,025,2,max_temperature,2021,1,25.044672688977403
emea,240802,ssa,025,2,max_temperature,2021,2,26.196286924688593
emea,240802,ssa,025,2,max_temperature,2021,3,26.115036771425551
emea,240802,ssa,025,2,max_temperature,2021,4,25.733678265272694
emea,240802,ssa,025,2,max_temperature,2021,5,25.720958476655081
emea,240802,ssa,025,2,max_temperature,2021,6,25.081652867661191
emea,240802,ssa,025,2,max_temperature,2021,7,24.29371044662232
emea,240802,ssa,025,2,max_temperature,2021,8,27.4618871778645
emea,240802,ssa,025,2,max_temperature,2021,9,29.824909512235859
emea,240802,ssa,025,2,max_temperature,2021,10,30.987907390775614
emea,240802,ssa,025,2,max_temperature,2021,11,30.91924291127475
emea,240802,ssa,025,2,max_temperature,2021,12,30.638473496002103
emea,240802,ssa,025,2,max_temperature,2022,1,25.817698541114382
emea,240802,ssa,025,2,max_temperature,2022,2,24.843715246634055
emea,240802,ssa,025,2,max_temperature,2022,3,26.43182087683703
emea,240802,ssa,025,2,max_temperature,2022,4,26.608975934424812
emea,240802,ssa,025,2,max_temperature,2022,5,26.482220750892054
emea,240802,ssa,025,2,max_temperature,2022,6,23.87903517585303
emea,240802,ssa,025,2,max_temperature,2022,7,24.757526172390754
emea,240802,ssa,025,2,max_temperature,2022,8,27.053289526232231
emea,240802,ssa,025,2,max_temperature,2022,9,29.66164215808725
emea,240802,ssa,025,2,max_temperature,2022,10,31.562440053659412
emea,240802,ssa,025,2,max_temperature,2022,11,28.372439775597861
emea,240802,ssa,025,2,max_temperature,2022,12,25.723308039143735
emea,240802,ssa,025,2,max_temperature,2023,1,25.529624304355629
emea,240802,ssa,025,2,max_temperature,2023,2,26.664604427503441
emea,240802,ssa,025,2,max_temperature,2023,3,26.185339114027112
emea,240802,ssa,025,2,max_temperature,2023,4,25.970461794207278
emea,240802,ssa,025,2,max_temperature,2023,5,26.520060079589385
emea,240802,ssa,025,2,max_temperature,2023,6,27.193476298530339
emea,240802,ssa,025,2,max_temperature,2023,7,25.1320889250361
emea,240802,ssa,025,2,max_temperature,2023,8,25.094647389942494
emea,240802,ssa,025,2,max_temperature,2023,9,30.314214609198878
emea,240802,ssa,025,2,max_temperature,2023,10,32.171679259108011
emea,240802,ssa,025,2,max_temperature,2023,11,30.884173643840111
emea,240802,ssa,025,2,max_temperature,2023,12,27.767463495060234
emea,240802,ssa,025,2,temp_range,2014,1,7.6901046256276135
emea,240802,ssa,025,2,temp_range,2014,2,7.563969603479217
emea,240802,ssa,025,2,temp_range,2014,3,8.568143257964703
emea,240802,ssa,025,2,temp_range,2014,4,8.4528967589771415
emea,240802,ssa,025,2,temp_range,2014,5,10.747515480182038
emea,240802,ssa,025,2,temp_range,2014,6,11.919857989569767
emea,240802,ssa,025,2,temp_range,2014,7,12.474968504343485
emea,240802,ssa,025,2,temp_range,2014,8,12.250674193388239
emea,240802,ssa,025,2,temp_range,2014,9,12.69713225612804
emea,240802,ssa,025,2,temp_range,2014,10,12.123616081625345
emea,240802,ssa,025,2,temp_range,2014,11,11.438512205234176
emea,240802,ssa,025,2,temp_range,2014,12,8.673862994102798
emea,240802,ssa,025,2,temp_range,2015,1,7.2517162732078839
emea,240802,ssa,025,2,temp_range,2015,2,8.6909854393503068
emea,240802,ssa,025,2,temp_range,2015,3,9.2797974256967812
emea,240802,ssa,025,2,temp_range,2015,4,8.08801419385543
emea,240802,ssa,025,2,temp_range,2015,5,11.114897948241261
emea,240802,ssa,025,2,temp_range,2015,6,12.349622372300765
emea,240802,ssa,025,2,temp_range,2015,7,13.397216533024487
emea,240802,ssa,025,2,temp_range,2015,8,13.275121037786233
emea,240802,ssa,025,2,temp_range,2015,9,12.7789653702048
emea,240802,ssa,025,2,temp_range,2015,10,11.817910127931285
emea,240802,ssa,025,2,temp_range,2015,11,9.9436317458413654
emea,240802,ssa,025,2,temp_range,2015,12,8.15630908911076
emea,240802,ssa,025,2,temp_range,2016,1,7.1977336620833006
emea,240802,ssa,025,2,temp_range,2016,2,8.4006993239471441
emea,240802,ssa,025,2,temp_range,2016,3,8.6260732164959819
emea,240802,ssa,025,2,temp_range,2016,4,8.2450867317405372
emea,240802,ssa,025,2,temp_range,2016,5,10.906670190311072
emea,240802,ssa,025,2,temp_range,2016,6,12.350436651585074
emea,240802,ssa,025,2,temp_range,2016,7,12.421377080122157
emea,240802,ssa,025,2,temp_range,2016,8,12.421494588048626
emea,240802,ssa,025,2,temp_range,2016,9,13.186788099713466
emea,240802,ssa,025,2,temp_range,2016,10,12.992382766895073
emea,240802,ssa,025,2,temp_range,2016,11,11.11221943188197
emea,240802,ssa,025,2,temp_range,2016,12,8.7171525523310471
emea,240802,ssa,025,2,temp_range,2017,1,8.0074373337126143
emea,240802,ssa,025,2,temp_range,2017,2,7.8697113398442013
emea,240802,ssa,025,2,temp_range,2017,3,7.9726695139223818
emea,240802,ssa,025,2,temp_range,2017,4,8.1622290239390161
emea,240802,ssa,025,2,temp_range,2017,5,9.6848389746259524
emea,240802,ssa,025,2,temp_range,2017,6,11.871814027884023
emea,240802,ssa,025,2,temp_range,2017,7,12.628754380376343
emea,240802,ssa,025,2,temp_range,2017,8,12.245037822277984
emea,240802,ssa,025,2,temp_range,2017,9,13.180678385694279
emea,240802,ssa,025,2,temp_range,2017,10,11.712854196149364
emea,240802,ssa,025,2,temp_range,2017,11,9.6846696325968029
emea,240802,ssa,025,2,temp_range,2017,12,8.1797977825944983
emea,240802,ssa,025,2,temp_range,2018,1,7.5198923374805773
emea,240802,ssa,025,2,temp_range,2018,2,8.7758181365570085
emea,240802,ssa,025,2,temp_range,2018,3,8.237179855599301
emea,240802,ssa,025,2,temp_range,2018,4,8.731378010119343
emea,240802,ssa,025,2,temp_range,2018,5,9.7327416171186982
emea,240802,ssa,025,2,temp_range,2018,6,11.742906887840702
emea,240802,ssa,025,2,temp_range,2018,7,11.411663362698153
emea,240802,ssa,025,2,temp_range,2018,8,13.565359540748158
emea,240802,ssa,025,2,temp_range,2018,9,12.766350137034188
emea,240802,ssa,025,2,temp_range,2018,10,11.722367910705421
emea,240802,ssa,025,2,temp_range,2018,11,10.459378484838624
emea,240802,ssa,025,2,temp_range,2018,12,7.8837137954866678
emea,240802,ssa,025,2,temp_range,2019,1,7.8708221898298234
emea,240802,ssa,025,2,temp_range,2019,2,8.9657662796734989
emea,240802,ssa,025,2,temp_range,2019,3,9.1579276315271319
emea,240802,ssa,025,2,temp_range,2019,4,8.617305273414896
emea,240802,ssa,025,2,temp_range,2019,5,9.8577694049735527
emea,240802,ssa,025,2,temp_range,2019,6,12.123598014592721
emea,240802,ssa,025,2,temp_range,2019,7,12.821195730300527
emea,240802,ssa,025,2,temp_range,2019,8,12.699055352875824
emea,240802,ssa,025,2,temp_range,2019,9,12.427802852130348
emea,240802,ssa,025,2,temp_range,2019,10,11.939338174685588
emea,240802,ssa,025,2,temp_range,2019,11,10.582155702033136
emea,240802,ssa,025,2,temp_range,2019,12,7.6782633403964695
emea,240802,ssa,025,2,temp_range,2020,1,7.3736504322052205
emea,240802,ssa,025,2,temp_range,2020,2,7.8875056500449094
emea,240802,ssa,025,2,temp_range,2020,3,7.9186522278541061
emea,240802,ssa,025,2,temp_range,2020,4,9.12249830342158
emea,240802,ssa,025,2,temp_range,2020,5,10.807848865555112
emea,240802,ssa,025,2,temp_range,2020,6,11.427326035398087
emea,240802,ssa,025,2,temp_range,2020,7,11.699861956700312
emea,240802,ssa,025,2,temp_range,2020,8,13.057688430909856
emea,240802,ssa,025,2,temp_range,2020,9,12.838737452921972
emea,240802,ssa,025,2,temp_range,2020,10,11.668552053005168
emea,240802,ssa,025,2,temp_range,2020,11,10.572574966047949
emea,240802,ssa,025,2,temp_range,2020,12,7.484812139356702
emea,240802,ssa,025,2,temp_range,2021,1,7.112719280277255
emea,240802,ssa,025,2,temp_range,2021,2,8.1857749027198139
emea,240802,ssa,025,2,temp_range,2021,3,8.2735507968942166
emea,240802,ssa,025,2,temp_range,2021,4,8.6127592846196936
emea,240802,ssa,025,2,temp_range,2021,5,11.777226761375045
emea,240802,ssa,025,2,temp_range,2021,6,12.229089624265178
emea,240802,ssa,025,2,temp_range,2021,7,12.627302104981098
emea,240802,ssa,025,2,temp_range,2021,8,12.813466630288831
emea,240802,ssa,025,2,temp_range,2021,9,12.638714570407076
emea,240802,ssa,025,2,temp_range,2021,10,11.86626314043148
emea,240802,ssa,025,2,temp_range,2021,11,11.458861613271011
emea,240802,ssa,025,2,temp_range,2021,12,10.654928327679745
emea,240802,ssa,025,2,temp_range,2022,1,7.4212954396499189
emea,240802,ssa,025,2,temp_range,2022,2,7.17969982597314
emea,240802,ssa,025,2,temp_range,2022,3,8.3278691766966144
emea,240802,ssa,025,2,temp_range,2022,4,8.8995215453837186
emea,240802,ssa,025,2,temp_range,2022,5,11.397133905791723
emea,240802,ssa,025,2,temp_range,2022,6,11.43277072564619
emea,240802,ssa,025,2,temp_range,2022,7,11.667999779183546
emea,240802,ssa,025,2,temp_range,2022,8,12.696685398347974
emea,240802,ssa,025,2,temp_range,2022,9,12.77245346913203
emea,240802,ssa,025,2,temp_range,2022,10,13.06818511036373
emea,240802,ssa,025,2,temp_range,2022,11,9.7318582673759355
emea,240802,ssa,025,2,temp_range,2022,12,7.8686761394045313
emea,240802,ssa,025,2,temp_range,2023,1,7.828503609613751
emea,240802,ssa,025,2,temp_range,2023,2,8.5830533916429346
emea,240802,ssa,025,2,temp_range,2023,3,8.22968144565839
emea,240802,ssa,025,2,temp_range,2023,4,8.5625593337702313
emea,240802,ssa,025,2,temp_range,2023,5,11.331832738787551
emea,240802,ssa,025,2,temp_range,2023,6,12.761810922168189
emea,240802,ssa,025,2,temp_range,2023,7,12.418612641106952
emea,240802,ssa,025,2,temp_range,2023,8,11.55236369302142
emea,240802,ssa,025,2,temp_range,2023,9,12.888035804961358
emea,240802,ssa,025,2,temp_range,2023,10,12.006705688973726
emea,240802,ssa,025,2,temp_range,2023,11,10.461921092515409
emea,240802,ssa,025,2,temp_range,2023,12,8.8443437724412384
emea,240802,ssa,025,2,total_precipitation,2014,1,248.73175269400204
emea,240802,ssa,025,2,total_precipitation,2014,2,256.62071801115928
emea,240802,ssa,025,2,total_precipitation,2014,3,234.43480028684274
emea,240802,ssa,025,2,total_precipitation,2014,4,112.29275938754952
emea,240802,ssa,025,2,total_precipitation,2014,5,3.371684230788631
emea,240802,ssa,025,2,total_precipitation,2014,6,1.5224193565916835
emea,240802,ssa,025,2,total_precipitation,2014,7,1.4671820420754216
emea,240802,ssa,025,2,total_precipitation,2014,8,1.0180426361615673
emea,240802,ssa,025,2,total_precipitation,2014,9,3.1509290047554686
emea,240802,ssa,025,2,total_precipitation,2014,10,43.366013632142575
emea,240802,ssa,025,2,total_precipitation,2014,11,85.182767662929692
emea,240802,ssa,025,2,total_precipitation,2014,12,230.55943311361264
emea,240802,ssa,025,2,total_precipitation,2015,1,275.69339892313462
emea,240802,ssa,025,2,total_precipitation,2015,2,203.24861907783026
emea,240802,ssa,025,2,total_precipitation,2015,3,157.92451678616956
emea,240802,ssa,025,2,total_precipitation,2015,4,142.84973783387255
emea,240802,ssa,025,2,total_precipitation,2015,5,8.0997814259960137
emea,240802,ssa,025,2,total_precipitation,2015,6,0.37224261997324959
emea,240802,ssa,025,2,total_precipitation,2015,7,0.28198130495239582
emea,240802,ssa,025,2,total_precipitation,2015,8,0.21188477852530241
emea,240802,ssa,025,2,total_precipitation,2015,9,1.8013688739402767
emea,240802,ssa,025,2,total_precipitation,2015,10,29.672331553217624
emea,240802,ssa,025,2,total_precipitation,2015,11,157.89123353219526
emea,240802,ssa,025,2,total_precipitation,2015,12,259.97498920771352
emea,240802,ssa,025,2,total_precipitation,2016,1,331.08494149615763
emea,240802,ssa,025,2,total_precipitation,2016,2,229.51435576119206
emea,240802,ssa,025,2,total_precipitation,2016,3,210.35800393259785
emea,240802,ssa,025,2,total_precipitation,2016,4,87.632088245112044
emea,240802,ssa,025,2,total_precipitation,2016,5,7.8787839040238765
emea,240802,ssa,025,2,total_precipitation,2016,6,0.76853318576966956
emea,240802,ssa,025,2,total_precipitation,2016,7,0.683822048174278
emea,240802,ssa,025,2,total_precipitation,2016,8,0.47926040982476081
emea,240802,ssa,025,2,total_precipitation,2016,9,0.22736000225989983
emea,240802,ssa,025,2,total_precipitation,2016,10,5.4319691559221326
emea,240802,ssa,025,2,total_precipitation,2016,11,88.524185820088363
emea,240802,ssa,025,2,total_precipitation,2016,12,242.54857074507083
emea,240802,ssa,025,2,total_precipitation,2017,1,225.47461619184506
emea,240802,ssa,025,2,total_precipitation,2017,2,236.27689784711256
emea,240802,ssa,025,2,total_precipitation,2017,3,223.19816395788479
emea,240802,ssa,025,2,total_precipitation,2017,4,87.903503683205841
emea,240802,ssa,025,2,total_precipitation,2017,5,11.104211794559816
emea,240802,ssa,025,2,total_precipitation,2017,6,0.7219807977076016
emea,240802,ssa,025,2,total_precipitation,2017,7,0.58627979076725012
emea,240802,ssa,025,2,total_precipitation,2017,8,1.0641255490051265
emea,240802,ssa,025,2,total_precipitation,2017,9,0.70613336669229909
emea,240802,ssa,025,2,total_precipitation,2017,10,50.246175471155482
emea,240802,ssa,025,2,total_precipitation,2017,11,174.23240372367155
emea,240802,ssa,025,2,total_precipitation,2017,12,256.2819843124775
emea,240802,ssa,025,2,total_precipitation,2018,1,278.26539944800743
emea,240802,ssa,025,2,total_precipitation,2018,2,187.6853523758403
emea,240802,ssa,025,2,total_precipitation,2018,3,257.34882315078909
emea,240802,ssa,025,2,total_precipitation,2018,4,145.82089551301547
emea,240802,ssa,025,2,total_precipitation,2018,5,13.917667167684911
emea,240802,ssa,025,2,total_precipitation,2018,6,0.35299041894029415
emea,240802,ssa,025,2,total_precipitation,2018,7,2.628718528534165
emea,240802,ssa,025,2,total_precipitation,2018,8,0.10819878787057746
emea,240802,ssa,025,2,total_precipitation,2018,9,2.9544077984726158
emea,240802,ssa,025,2,total_precipitation,2018,10,21.768418825361188
emea,240802,ssa,025,2,total_precipitation,2018,11,113.17935672249888
emea,240802,ssa,025,2,total_precipitation,2018,12,301.89890827953758
emea,240802,ssa,025,2,total_precipitation,2019,1,241.11073156915307
emea,240802,ssa,025,2,total_precipitation,2019,2,224.34825076371277
emea,240802,ssa,025,2,total_precipitation,2019,3,179.08356190466139
emea,240802,ssa,025,2,total_precipitation,2019,4,108.81061979861219
emea,240802,ssa,025,2,total_precipitation,2019,5,14.882839061443065
emea,240802,ssa,025,2,total_precipitation,2019,6,0.65706884407515531
emea,240802,ssa,025,2,total_precipitation,2019,7,0.32986211265684062
emea,240802,ssa,025,2,total_precipitation,2019,8,0.48608003003514
emea,240802,ssa,025,2,total_precipitation,2019,9,3.3242114291829665
emea,240802,ssa,025,2,total_precipitation,2019,10,35.725441555244629
emea,240802,ssa,025,2,total_precipitation,2019,11,183.86552446258804
emea,240802,ssa,025,2,total_precipitation,2019,12,344.41655189154915
emea,240802,ssa,025,2,total_precipitation,2020,1,334.01905449453147
emea,240802,ssa,025,2,total_precipitation,2020,2,310.67852877241853
emea,240802,ssa,025,2,total_precipitation,2020,3,310.432115494962
emea,240802,ssa,025,2,total_precipitation,2020,4,76.080781205912047
emea,240802,ssa,025,2,total_precipitation,2020,5,4.3222298418742895
emea,240802,ssa,025,2,total_precipitation,2020,6,1.0010357362823044
emea,240802,ssa,025,2,total_precipitation,2020,7,1.6583461276841831
emea,240802,ssa,025,2,total_precipitation,2020,8,0.78573106507896284
emea,240802,ssa,025,2,total_precipitation,2020,9,1.133644992436956
emea,240802,ssa,025,2,total_precipitation,2020,10,23.250777232909336
emea,240802,ssa,025,2,total_precipitation,2020,11,119.22388095038727
emea,240802,ssa,025,2,total_precipitation,2020,12,315.41138608851855
emea,240802,ssa,025,2,total_precipitation,2021,1,310.39432201745797
emea,240802,ssa,025,2,total_precipitation,2021,2,246.43540690191892
emea,240802,ssa,025,2,total_precipitation,2021,3,250.917735000141
emea,240802,ssa,025,2,total_precipitation,2021,4,71.551113276636613
emea,240802,ssa,025,2,total_precipitation,2021,5,9.5412657857202
emea,240802,ssa,025,2,total_precipitation,2021,6,0.90285282261376665
emea,240802,ssa,025,2,total_precipitation,2021,7,1.1769543433762948
emea,240802,ssa,025,2,total_precipitation,2021,8,0.57364937302899932
emea,240802,ssa,025,2,total_precipitation,2021,9,1.0569500602654927
emea,240802,ssa,025,2,total_precipitation,2021,10,21.376313062682
emea,240802,ssa,025,2,total_precipitation,2021,11,101.50316699767335
emea,240802,ssa,025,2,total_precipitation,2021,12,126.62582902284095
emea,240802,ssa,025,2,total_precipitation,2022,1,309.95054458547247
emea,240802,ssa,025,2,total_precipitation,2022,2,338.47923721555856
emea,240802,ssa,025,2,total_precipitation,2022,3,230.5167868992344
emea,240802,ssa,025,2,total_precipitation,2022,4,100.89260331706127
emea,240802,ssa,025,2,total_precipitation,2022,5,1.7277677637968338
emea,240802,ssa,025,2,total_precipitation,2022,6,2.35070506574381
emea,240802,ssa,025,2,total_precipitation,2022,7,0.69457459735855309
emea,240802,ssa,025,2,total_precipitation,2022,8,0.3602794429338303
emea,240802,ssa,025,2,total_precipitation,2022,9,0.847747623906713
emea,240802,ssa,025,2,total_precipitation,2022,10,4.0379107021401666
emea,240802,ssa,025,2,total_precipitation,2022,11,162.23687844341006
emea,240802,ssa,025,2,total_precipitation,2022,12,324.76046230091322
emea,240802,ssa,025,2,total_precipitation,2023,1,278.92852531959369
emea,240802,ssa,025,2,total_precipitation,2023,2,174.58892219152114
emea,240802,ssa,025,2,total_precipitation,2023,3,246.08544905022089
emea,240802,ssa,025,2,total_precipitation,2023,4,138.89705858722664
emea,240802,ssa,025,2,total_precipitation,2023,5,2.2678234626418714
emea,240802,ssa,025,2,total_precipitation,2023,6,0.63863702708444237
emea,240802,ssa,025,2,total_precipitation,2023,7,0.55639110148678128
emea,240802,ssa,025,2,total_precipitation,2023,8,0.7967079506991297
emea,240802,ssa,025,2,total_precipitation,2023,9,0.36489543356678666
emea,240802,ssa,025,2,total_precipitation,2023,10,17.76718195781919
emea,240802,ssa,025,2,total_precipitation,2023,11,38.294449393789087
emea,240802,ssa,025,2,total_precipitation,2023,12,178.05472518585208
emea,240802,ssa,025,3,daylength,,1,761.30846376071054
emea,240802,ssa,025,3,daylength,,2,746.009293674795
emea,240802,ssa,025,3,daylength,,3,725.21765521144357
emea,240802,ssa,025,3,daylength,,4,702.77725085035513
emea,240802,ssa,025,3,daylength,,5,683.90360346674925
emea,240802,ssa,025,3,daylength,,6,674.38362140749
emea,240802,ssa,025,3,daylength,,7,678.16044776869524
emea,240802,ssa,025,3,daylength,,8,693.98993455381458
emea,240802,ssa,025,3,daylength,,9,715.52594132223237
emea,240802,ssa,025,3,daylength,,10,737.92630415539259
emea,240802,ssa,025,3,daylength,,11,756.58999060632573
emea,240802,ssa,025,3,daylength,,12,765.58776039159659
emea,240802,ssa,025,3,elevation,,,883.65089121650806
emea,240802,ssa,025,3,max_temperature,2014,1,27.620434889776547
emea,240802,ssa,025,3,max_temperature,2014,2,26.9563606565672
emea,240802,ssa,025,3,max_temperature,2014,3,27.701793725064785
emea,240802,ssa,025,3,max_temperature,2014,4,26.920021670027992
emea,240802,ssa,025,3,max_temperature,2014,5,26.805600026636544
emea,240802,ssa,025,3,max_temperature,2014,6,25.035109619759996
emea,240802,ssa,025,3,max_temperature,2014,7,24.950971459614834
emea,240802,ssa,025,3,max_temperature,2014,8,26.858953402708028
emea,240802,ssa,025,3,max_temperature,2014,9,30.170242641984476
emea,240802,ssa,025,3,max_temperature,2014,10,32.398429423552429
emea,240802,ssa,025,3,max_temperature,2014,11,33.655043049554564
emea,240802,ssa,025,3,max_temperature,2014,12,31.074330050745679
emea,240802,ssa,025,3,max_temperature,2015,1,26.799492801385131
emea,240802,ssa,025,3,max_temperature,2015,2,27.980751959084781
emea,240802,ssa,025,3,max_temperature,2015,3,28.207068435101512
emea,240802,ssa,025,3,max_temperature,2015,4,26.884977610979263
emea,240802,ssa,025,3,max_temperature,2015,5,27.097334780470806
emea,240802,ssa,025,3,max_temperature,2015,6,25.491186392043868
emea,240802,ssa,025,3,max_temperature,2015,7,26.216806695747241
emea,240802,ssa,025,3,max_temperature,2015,8,28.405569915443738
emea,240802,ssa,025,3,max_temperature,2015,9,31.056543876380548
emea,240802,ssa,025,3,max_temperature,2015,10,33.007219827661757
emea,240802,ssa,025,3,max_temperature,2015,11,33.179312281833987
emea,240802,ssa,025,3,max_temperature,2015,12,30.108897368151428
emea,240802,ssa,025,3,max_temperature,2016,1,28.88013029032718
emea,240802,ssa,025,3,max_temperature,2016,2,29.083944497208222
emea,240802,ssa,025,3,max_temperature,2016,3,29.169977957614257
emea,240802,ssa,025,3,max_temperature,2016,4,27.642916803330088
emea,240802,ssa,025,3,max_temperature,2016,5,25.623823205182244
emea,240802,ssa,025,3,max_temperature,2016,6,25.183998127589707
emea,240802,ssa,025,3,max_temperature,2016,7,24.139492164593136
emea,240802,ssa,025,3,max_temperature,2016,8,26.993113822807057
emea,240802,ssa,025,3,max_temperature,2016,9,30.714665920122691
emea,240802,ssa,025,3,max_temperature,2016,10,33.509456553819746
emea,240802,ssa,025,3,max_temperature,2016,11,33.344822278615574
emea,240802,ssa,025,3,max_temperature,2016,12,29.610333453682589
emea,240802,ssa,025,3,max_temperature,2017,1,27.965407062388973
emea,240802,ssa,025,3,max_temperature,2017,2,27.699122013325127
emea,240802,ssa,025,3,max_temperature,2017,3,26.593146300430359
emea,240802,ssa,025,3,max_temperature,2017,4,26.212205125484552
emea,240802,ssa,025,3,max_temperature,2017,5,26.594665403289575
emea,240802,ssa,025,3,max_temperature,2017,6,25.295800675429685
emea,240802,ssa,025,3,max_temperature,2017,7,25.504965769037412
emea,240802,ssa,025,3,max_temperature,2017,8,26.687956888682432
emea,240802,ssa,025,3,max_temperature,2017,9,30.486876581637052
emea,240802,ssa,025,3,max_temperature,2017,10,33.04892065288292
emea,240802,ssa,025,3,max_temperature,2017,11,30.984703111616085
emea,240802,ssa,025,3,max_temperature,2017,12,28.16388726468411
emea,240802,ssa,025,3,max_temperature,2018,1,27.804361769860034
emea,240802,ssa,025,3,max_temperature,2018,2,28.4995623126824
emea,240802,ssa,025,3,max_temperature,2018,3,27.854162275166818
emea,240802,ssa,025,3,max_temperature,2018,4,26.721634331547186
emea,240802,ssa,025,3,max_temperature,2018,5,26.694156017837926
emea,240802,ssa,025,3,max_temperature,2018,6,25.252053438911197
emea,240802,ssa,025,3,max_temperature,2018,7,23.993268973324213
emea,240802,ssa,025,3,max_temperature,2018,8,28.199661254891431
emea,240802,ssa,025,3,max_temperature,2018,9,31.158425208677716
emea,240802,ssa,025,3,max_temperature,2018,10,31.083085456157626
emea,240802,ssa,025,3,max_temperature,2018,11,31.861022024248232
emea,240802,ssa,025,3,max_temperature,2018,12,27.761527864553258
emea,240802,ssa,025,3,max_temperature,2019,1,27.550284953550765
emea,240802,ssa,025,3,max_temperature,2019,2,28.047221796393071
emea,240802,ssa,025,3,max_temperature,2019,3,28.438288399758083
emea,240802,ssa,025,3,max_temperature,2019,4,27.490332422710878
emea,240802,ssa,025,3,max_temperature,2019,5,26.548907203728735
emea,240802,ssa,025,3,max_temperature,2019,6,24.307103711891784
emea,240802,ssa,025,3,max_temperature,2019,7,25.548263987276695
emea,240802,ssa,025,3,max_temperature,2019,8,27.720132476043343
emea,240802,ssa,025,3,max_temperature,2019,9,30.293153548627988
emea,240802,ssa,025,3,max_temperature,2019,10,32.859337341216616
emea,240802,ssa,025,3,max_temperature,2019,11,32.974386638824491
emea,240802,ssa,025,3,max_temperature,2019,12,28.8704480400882
emea,240802,ssa,025,3,max_temperature,2020,1,27.597055520290411
emea,240802,ssa,025,3,max_temperature,2020,2,27.820458177761065
emea,240802,ssa,025,3,max_temperature,2020,3,27.850698926706023
emea,240802,ssa,025,3,max_temperature,2020,4,28.033739689860973
emea,240802,ssa,025,3,max_temperature,2020,5,26.777690000812736
emea,240802,ssa,025,3,max_temperature,2020,6,24.986471506837475
emea,240802,ssa,025,3,max_temperature,2020,7,23.62475931833983
emea,240802,ssa,025,3,max_temperature,2020,8,27.489674364097649
emea,240802,ssa,025,3,max_temperature,2020,9,29.921038154869798
emea,240802,ssa,025,3,max_temperature,2020,10,32.196971192050654
emea,240802,ssa,025,3,max_temperature,2020,11,33.494075576830774
emea,240802,ssa,025,3,max_temperature,2020,12,28.664854990278609
emea,240802,ssa,025,3,max_temperature,2021,1,27.185728746266214
emea,240802,ssa,025,3,max_temperature,2021,2,27.71351524746505
emea,240802,ssa,025,3,max_temperature,2021,3,26.473615443836156
emea,240802,ssa,025,3,max_temperature,2021,4,26.236058122145778
emea,240802,ssa,025,3,max_temperature,2021,5,25.260634538833944
emea,240802,ssa,025,3,max_temperature,2021,6,24.358684885302825
emea,240802,ssa,025,3,max_temperature,2021,7,23.929026430592277
emea,240802,ssa,025,3,max_temperature,2021,8,26.971080177645213
emea,240802,ssa,025,3,max_temperature,2021,9,29.444617113343089
emea,240802,ssa,025,3,max_temperature,2021,10,32.0732032445708
emea,240802,ssa,025,3,max_temperature,2021,11,34.184775269680991
emea,240802,ssa,025,3,max_temperature,2021,12,33.586650529165958
emea,240802,ssa,025,3,max_temperature,2022,1,27.167741445989915
emea,240802,ssa,025,3,max_temperature,2022,2,26.4511694467993
emea,240802,ssa,025,3,max_temperature,2022,3,27.682445678484349
emea,240802,ssa,025,3,max_temperature,2022,4,27.149833993676321
emea,240802,ssa,025,3,max_temperature,2022,5,26.66178245253716
emea,240802,ssa,025,3,max_temperature,2022,6,23.314705872582078
emea,240802,ssa,025,3,max_temperature,2022,7,24.283409062285205
emea,240802,ssa,025,3,max_temperature,2022,8,26.928126115002904
emea,240802,ssa,025,3,max_temperature,2022,9,29.644541784922563
emea,240802,ssa,025,3,max_temperature,2022,10,32.546954817385689
emea,240802,ssa,025,3,max_temperature,2022,11,32.076743936914589
emea,240802,ssa,025,3,max_temperature,2022,12,28.069627745584146
emea,240802,ssa,025,3,max_temperature,2023,1,26.964001866942723
emea,240802,ssa,025,3,max_temperature,2023,2,27.772517932450608
emea,240802,ssa,025,3,max_temperature,2023,3,27.346085882530236
emea,240802,ssa,025,3,max_temperature,2023,4,26.725464877128612
emea,240802,ssa,025,3,max_temperature,2023,5,26.798915022517662
emea,240802,ssa,025,3,max_temperature,2023,6,27.283238221823208
emea,240802,ssa,025,3,max_temperature,2023,7,24.7442293730182
emea,240802,ssa,025,3,max_temperature,2023,8,24.703220745916028
emea,240802,ssa,025,3,max_temperature,2023,9,30.534318632848432
emea,240802,ssa,025,3,max_temperature,2023,10,33.544057405017753
emea,240802,ssa,025,3,max_temperature,2023,11,31.422513126932582
emea,240802,ssa,025,3,max_temperature,2023,12,32.05820375916997
emea,240802,ssa,025,3,temp_range,2014,1,7.2252404789115579
emea,240802,ssa,025,3,temp_range,2014,2,6.90408832437722
emea,240802,ssa,025,3,temp_range,2014,3,8.15812615755083
emea,240802,ssa,025,3,temp_range,2014,4,8.2134745908788
emea,240802,ssa,025,3,temp_range,2014,5,10.614283133199889
emea,240802,ssa,025,3,temp_range,2014,6,11.240291747685319
emea,240802,ssa,025,3,temp_range,2014,7,11.185936976917729
emea,240802,ssa,025,3,temp_range,2014,8,11.584270179817574
emea,240802,ssa,025,3,temp_range,2014,9,12.197723675111973
emea,240802,ssa,025,3,temp_range,2014,10,12.354643063611956
emea,240802,ssa,025,3,temp_range,2014,11,11.31127058920425
emea,240802,ssa,025,3,temp_range,2014,12,9.1813440837598215
emea,240802,ssa,025,3,temp_range,2015,1,6.6239973678547255
emea,240802,ssa,025,3,temp_range,2015,2,7.6576170448301095
emea,240802,ssa,025,3,temp_range,2015,3,8.6526196692420765
emea,240802,ssa,025,3,temp_range,2015,4,8.12233508711141
emea,240802,ssa,025,3,temp_range,2015,5,11.012238439925694
emea,240802,ssa,025,3,temp_range,2015,6,11.535036251461817
emea,240802,ssa,025,3,temp_range,2015,7,12.197617376344139
emea,240802,ssa,025,3,temp_range,2015,8,12.78627654412764
emea,240802,ssa,025,3,temp_range,2015,9,12.604588203801299
emea,240802,ssa,025,3,temp_range,2015,10,11.61810424727425
emea,240802,ssa,025,3,temp_range,2015,11,11.17160679152969
emea,240802,ssa,025,3,temp_range,2015,12,8.7367448515115438
emea,240802,ssa,025,3,temp_range,2016,1,7.7367510271040629
emea,240802,ssa,025,3,temp_range,2016,2,8.1304297996645865
emea,240802,ssa,025,3,temp_range,2016,3,8.0605937680389435
emea,240802,ssa,025,3,temp_range,2016,4,8.2113398260306276
emea,240802,ssa,025,3,temp_range,2016,5,10.429927698454064
emea,240802,ssa,025,3,temp_range,2016,6,11.703086272554625
emea,240802,ssa,025,3,temp_range,2016,7,10.873873160068515
emea,240802,ssa,025,3,temp_range,2016,8,12.012127505665422
emea,240802,ssa,025,3,temp_range,2016,9,12.452770667902465
emea,240802,ssa,025,3,temp_range,2016,10,12.33416585256245
emea,240802,ssa,025,3,temp_range,2016,11,11.060392725897742
emea,240802,ssa,025,3,temp_range,2016,12,8.5652398319585874
emea,240802,ssa,025,3,temp_range,2017,1,7.2604181593751269
emea,240802,ssa,025,3,temp_range,2017,2,7.3344314621457665
emea,240802,ssa,025,3,temp_range,2017,3,7.1587461978538611
emea,240802,ssa,025,3,temp_range,2017,4,7.6788489310747776
emea,240802,ssa,025,3,temp_range,2017,5,9.347019791943568
emea,240802,ssa,025,3,temp_range,2017,6,10.688416270629567
emea,240802,ssa,025,3,temp_range,2017,7,11.649523987134813
emea,240802,ssa,025,3,temp_range,2017,8,11.273234552138508
emea,240802,ssa,025,3,temp_range,2017,9,12.59665573841496
emea,240802,ssa,025,3,temp_range,2017,10,11.660862368640633
emea,240802,ssa,025,3,temp_range,2017,11,9.7359698725408741
emea,240802,ssa,025,3,temp_range,2017,12,7.6660852199986849
emea,240802,ssa,025,3,temp_range,2018,1,7.9574228802235734
emea,240802,ssa,025,3,temp_range,2018,2,8.0551859388641827
emea,240802,ssa,025,3,temp_range,2018,3,8.15281777224929
emea,240802,ssa,025,3,temp_range,2018,4,8.29042493063723
emea,240802,ssa,025,3,temp_range,2018,5,9.044460197109693
emea,240802,ssa,025,3,temp_range,2018,6,10.648422152082999
emea,240802,ssa,025,3,temp_range,2018,7,9.9953655877986378
emea,240802,ssa,025,3,temp_range,2018,8,12.671246981347018
emea,240802,ssa,025,3,temp_range,2018,9,12.118701506424884
emea,240802,ssa,025,3,temp_range,2018,10,11.530923058416857
emea,240802,ssa,025,3,temp_range,2018,11,10.583309267726749
emea,240802,ssa,025,3,temp_range,2018,12,7.2356877405451865
emea,240802,ssa,025,3,temp_range,2019,1,6.9226611768788384
emea,240802,ssa,025,3,temp_range,2019,2,7.647388643639168
emea,240802,ssa,025,3,temp_range,2019,3,8.46699901574876
emea,240802,ssa,025,3,temp_range,2019,4,8.2387751912602827
emea,240802,ssa,025,3,temp_range,2019,5,9.678229852384904
emea,240802,ssa,025,3,temp_range,2019,6,10.773859826328252
emea,240802,ssa,025,3,temp_range,2019,7,12.448640597896484
emea,240802,ssa,025,3,temp_range,2019,8,12.05787076280426
emea,240802,ssa,025,3,temp_range,2019,9,12.24189577518101
emea,240802,ssa,025,3,temp_range,2019,10,11.641982099464922
emea,240802,ssa,025,3,temp_range,2019,11,10.292637079047882
emea,240802,ssa,025,3,temp_range,2019,12,7.9729144461698258
emea,240802,ssa,025,3,temp_range,2020,1,6.90779533616688
emea,240802,ssa,025,3,temp_range,2020,2,7.2254565319251274
emea,240802,ssa,025,3,temp_range,2020,3,8.0443100406992549
emea,240802,ssa,025,3,temp_range,2020,4,9.7306386569792522
emea,240802,ssa,025,3,temp_range,2020,5,10.629874458202194
emea,240802,ssa,025,3,temp_range,2020,6,10.333463201981031
emea,240802,ssa,025,3,temp_range,2020,7,10.273648491307293
emea,240802,ssa,025,3,temp_range,2020,8,12.259760651873993
emea,240802,ssa,025,3,temp_range,2020,9,11.988632838594764
emea,240802,ssa,025,3,temp_range,2020,10,11.097542765309809
emea,240802,ssa,025,3,temp_range,2020,11,11.044887367257248
emea,240802,ssa,025,3,temp_range,2020,12,7.7423087231287155
emea,240802,ssa,025,3,temp_range,2021,1,6.9146025565374867
emea,240802,ssa,025,3,temp_range,2021,2,7.352836669403346
emea,240802,ssa,025,3,temp_range,2021,3,6.8547437972028771
emea,240802,ssa,025,3,temp_range,2021,4,8.2402689324694016
emea,240802,ssa,025,3,temp_range,2021,5,11.0127410463446
emea,240802,ssa,025,3,temp_range,2021,6,10.768158916699328
emea,240802,ssa,025,3,temp_range,2021,7,10.775591258030882
emea,240802,ssa,025,3,temp_range,2021,8,11.975955747986822
emea,240802,ssa,025,3,temp_range,2021,9,11.691718538853241
emea,240802,ssa,025,3,temp_range,2021,10,11.57307746533732
emea,240802,ssa,025,3,temp_range,2021,11,11.714742976376971
emea,240802,ssa,025,3,temp_range,2021,12,10.67034609758934
emea,240802,ssa,025,3,temp_range,2022,1,6.8541205014777287
emea,240802,ssa,025,3,temp_range,2022,2,6.5692328466592649
emea,240802,ssa,025,3,temp_range,2022,3,7.7548363055956084
emea,240802,ssa,025,3,temp_range,2022,4,7.7731611656318105
emea,240802,ssa,025,3,temp_range,2022,5,10.685152936953411
emea,240802,ssa,025,3,temp_range,2022,6,9.5573067685670523
emea,240802,ssa,025,3,temp_range,2022,7,10.219410700602424
emea,240802,ssa,025,3,temp_range,2022,8,11.743548343444505
emea,240802,ssa,025,3,temp_range,2022,9,12.002064712384517
emea,240802,ssa,025,3,temp_range,2022,10,12.609919198556746
emea,240802,ssa,025,3,temp_range,2022,11,10.537619318675382
emea,240802,ssa,025,3,temp_range,2022,12,7.8108758136953753
emea,240802,ssa,025,3,temp_range,2023,1,7.0308724478730467
emea,240802,ssa,025,3,temp_range,2023,2,7.52387294907856
emea,240802,ssa,025,3,temp_range,2023,3,7.415517110300156
emea,240802,ssa,025,3,temp_range,2023,4,8.2853961905404958
emea,240802,ssa,025,3,temp_range,2023,5,10.947147034854618
emea,240802,ssa,025,3,temp_range,2023,6,12.02332164759048
emea,240802,ssa,025,3,temp_range,2023,7,10.885700359006337
emea,240802,ssa,025,3,temp_range,2023,8,10.037392898908834
emea,240802,ssa,025,3,temp_range,2023,9,11.989795811239118
emea,240802,ssa,025,3,temp_range,2023,10,11.754556162094097
emea,240802,ssa,025,3,temp_range,2023,11,9.6963461871999534
emea,240802,ssa,025,3,temp_range,2023,12,9.4835493652615543
emea,240802,ssa,025,3,total_precipitation,2014,1,281.47987247663252
emea,240802,ssa,025,3,total_precipitation,2014,2,298.12677578508334
emea,240802,ssa,025,3,total_precipitation,2014,3,139.4843615653827
emea,240802,ssa,025,3,total_precipitation,2014,4,73.847273240932
emea,240802,ssa,025,3,total_precipitation,2014,5,7.9659497228005733
emea,240802,ssa,025,3,total_precipitation,2014,6,4.781644595148407
emea,240802,ssa,025,3,total_precipitation,2014,7,5.4346694411638055
emea,240802,ssa,025,3,total_precipitation,2014,8,4.313018186572819
emea,240802,ssa,025,3,total_precipitation,2014,9,3.907377361158467
emea,240802,ssa,025,3,total_precipitation,2014,10,27.428454354435189
emea,240802,ssa,025,3,total_precipitation,2014,11,27.628203335088443
emea,240802,ssa,025,3,total_precipitation,2014,12,172.69935900334343
emea,240802,ssa,025,3,total_precipitation,2015,1,315.95324258570145
emea,240802,ssa,025,3,total_precipitation,2015,2,208.51924761551305
emea,240802,ssa,025,3,total_precipitation,2015,3,113.98442927662282
emea,240802,ssa,025,3,total_precipitation,2015,4,86.396242854698443
emea,240802,ssa,025,3,total_precipitation,2015,5,7.5847054832027965
emea,240802,ssa,025,3,total_precipitation,2015,6,2.00300085759946
emea,240802,ssa,025,3,total_precipitation,2015,7,2.1422378185825863
emea,240802,ssa,025,3,total_precipitation,2015,8,0.99690726699068932
emea,240802,ssa,025,3,total_precipitation,2015,9,1.3861511762073349
emea,240802,ssa,025,3,total_precipitation,2015,10,8.3772149486696748
emea,240802,ssa,025,3,total_precipitation,2015,11,69.788509589637783
emea,240802,ssa,025,3,total_precipitation,2015,12,166.85924705387748
emea,240802,ssa,025,3,total_precipitation,2016,1,268.1111354002079
emea,240802,ssa,025,3,total_precipitation,2016,2,189.8682279058151
emea,240802,ssa,025,3,total_precipitation,2016,3,190.91735241976534
emea,240802,ssa,025,3,total_precipitation,2016,4,74.019717851674486
emea,240802,ssa,025,3,total_precipitation,2016,5,6.75635675927542
emea,240802,ssa,025,3,total_precipitation,2016,6,3.6006032029304151
emea,240802,ssa,025,3,total_precipitation,2016,7,4.6274511681311452
emea,240802,ssa,025,3,total_precipitation,2016,8,3.1598425718714651
emea,240802,ssa,025,3,total_precipitation,2016,9,1.1545354933801377
emea,240802,ssa,025,3,total_precipitation,2016,10,4.3360206296627126
emea,240802,ssa,025,3,total_precipitation,2016,11,49.408253913856775
emea,240802,ssa,025,3,total_precipitation,2016,12,179.45781171204328
emea,240802,ssa,025,3,total_precipitation,2017,1,263.52813562323621
emea,240802,ssa,025,3,total_precipitation,2017,2,256.86303543344326
emea,240802,ssa,025,3,total_precipitation,2017,3,219.7335303931421
emea,240802,ssa,025,3,total_precipitation,2017,4,74.516918314101986
emea,240802,ssa,025,3,total_precipitation,2017,5,17.986634211555284
emea,240802,ssa,025,3,total_precipitation,2017,6,4.1570347857203132
emea,240802,ssa,025,3,total_precipitation,2017,7,2.1100922104040052
emea,240802,ssa,025,3,total_precipitation,2017,8,5.0993567266145021
emea,240802,ssa,025,3,total_precipitation,2017,9,1.8744491676331592
emea,240802,ssa,025,3,total_precipitation,2017,10,16.421418846670818
emea,240802,ssa,025,3,total_precipitation,2017,11,118.82705422122605
emea,240802,ssa,025,3,total_precipitation,2017,12,248.55342339758167
emea,240802,ssa,025,3,total_precipitation,2018,1,200.06138488413291
emea,240802,ssa,025,3,total_precipitation,2018,2,215.45107643688402
emea,240802,ssa,025,3,total_precipitation,2018,3,210.82640042674416
emea,240802,ssa,025,3,total_precipitation,2018,4,98.011503922097049
emea,240802,ssa,025,3,total_precipitation,2018,5,21.836871832777213
emea,240802,ssa,025,3,total_precipitation,2018,6,1.4543766955511757
emea,240802,ssa,025,3,total_precipitation,2018,7,9.8753723432708114
emea,240802,ssa,025,3,total_precipitation,2018,8,1.1491012840907473
emea,240802,ssa,025,3,total_precipitation,2018,9,3.5897324375984141
emea,240802,ssa,025,3,total_precipitation,2018,10,14.273502837904672
emea,240802,ssa,025,3,total_precipitation,2018,11,76.802819641208757
emea,240802,ssa,025,3,total_precipitation,2018,12,298.1466739597671
emea,240802,ssa,025,3,total_precipitation,2019,1,275.462356109338
emea,240802,ssa,025,3,total_precipitation,2019,2,210.63302504832228
emea,240802,ssa,025,3,total_precipitation,2019,3,201.20209274394622
emea,240802,ssa,025,3,total_precipitation,2019,4,70.437805564633109
emea,240802,ssa,025,3,total_precipitation,2019,5,19.369282147634067
emea,240802,ssa,025,3,total_precipitation,2019,6,4.8669575352179208
emea,240802,ssa,025,3,total_precipitation,2019,7,1.7709148749655412
emea,240802,ssa,025,3,total_precipitation,2019,8,2.1271709416161997
emea,240802,ssa,025,3,total_precipitation,2019,9,3.2976551785655346
emea,240802,ssa,025,3,total_precipitation,2019,10,23.704064729017468
emea,240802,ssa,025,3,total_precipitation,2019,11,122.44922588909324
emea,240802,ssa,025,3,total_precipitation,2019,12,278.38881550269809
emea,240802,ssa,025,3,total_precipitation,2020,1,366.70353348727008
emea,240802,ssa,025,3,total_precipitation,2020,2,271.170812630763
emea,240802,ssa,025,3,total_precipitation,2020,3,152.27292356667004
emea,240802,ssa,025,3,total_precipitation,2020,4,28.904618894710858
emea,240802,ssa,025,3,total_precipitation,2020,5,4.6655977482579374
emea,240802,ssa,025,3,total_precipitation,2020,6,4.0546849486879353
emea,240802,ssa,025,3,total_precipitation,2020,7,5.8659117629797777
emea,240802,ssa,025,3,total_precipitation,2020,8,2.5102489190019952
emea,240802,ssa,025,3,total_precipitation,2020,9,1.3025611573781219
emea,240802,ssa,025,3,total_precipitation,2020,10,19.271299046241097
emea,240802,ssa,025,3,total_precipitation,2020,11,26.476113981681678
emea,240802,ssa,025,3,total_precipitation,2020,12,235.68951596698759
emea,240802,ssa,025,3,total_precipitation,2021,1,335.77064941023548
emea,240802,ssa,025,3,total_precipitation,2021,2,252.18036634195019
emea,240802,ssa,025,3,total_precipitation,2021,3,268.48976960052619
emea,240802,ssa,025,3,total_precipitation,2021,4,54.872396666744329
emea,240802,ssa,025,3,total_precipitation,2021,5,10.960655563928896
emea,240802,ssa,025,3,total_precipitation,2021,6,6.2879585714440367
emea,240802,ssa,025,3,total_precipitation,2021,7,6.3212522837490894
emea,240802,ssa,025,3,total_precipitation,2021,8,2.2437347642667049
emea,240802,ssa,025,3,total_precipitation,2021,9,3.2478808375483936
emea,240802,ssa,025,3,total_precipitation,2021,10,7.79455485887992
emea,240802,ssa,025,3,total_precipitation,2021,11,31.494513249874188
emea,240802,ssa,025,3,total_precipitation,2021,12,65.98487690903724
emea,240802,ssa,025,3,total_precipitation,2022,1,339.42193609240564
emea,240802,ssa,025,3,total_precipitation,2022,2,314.33508621744159
emea,240802,ssa,025,3,total_precipitation,2022,3,167.21718033960934
emea,240802,ssa,025,3,total_precipitation,2022,4,90.110367032923008
emea,240802,ssa,025,3,total_precipitation,2022,5,2.8640131244253269
emea,240802,ssa,025,3,total_precipitation,2022,6,11.011770020636902
emea,240802,ssa,025,3,total_precipitation,2022,7,4.6396304687554988
emea,240802,ssa,025,3,total_precipitation,2022,8,4.0026880230817738
emea,240802,ssa,025,3,total_precipitation,2022,9,1.8870513713433752
emea,240802,ssa,025,3,total_precipitation,2022,10,1.0849576835900336
emea,240802,ssa,025,3,total_precipitation,2022,11,59.204995130643923
emea,240802,ssa,025,3,total_precipitation,2022,12,301.86045250367852
emea,240802,ssa,025,3,total_precipitation,2023,1,348.02504051287417
emea,240802,ssa,025,3,total_precipitation,2023,2,228.13118413944554
emea,240802,ssa,025,3,total_precipitation,2023,3,233.41393887359078
emea,240802,ssa,025,3,total_precipitation,2023,4,97.422917939826633
emea,240802,ssa,025,3,total_precipitation,2023,5,2.7814727706210505
emea,240802,ssa,025,3,total_precipitation,2023,6,2.1621109758260246
emea,240802,ssa,025,3,total_precipitation,2023,7,2.9864276899733966
emea,240802,ssa,025,3,total_precipitation,2023,8,3.7397402557528636
emea,240802,ssa,025,3,total_precipitation,2023,9,1.0562882970184404
emea,240802,ssa,025,3,total_precipitation,2023,10,18.706185224462544
emea,240802,ssa,025,3,total_precipitation,2023,11,34.429057384893056
emea,240802,ssa,025,3,total_precipitation,2023,12,176.3514363520874
emea,240802,ssa,025,4,daylength,,1,757.89369187612635
emea,240802,ssa,025,4,daylength,,2,743.86279843507316
emea,240802,ssa,025,4,daylength,,3,724.78750250182748
emea,240802,ssa,025,4,daylength,,4,704.19774110125923
emea,240802,ssa,025,4,daylength,,5,686.88557606557572
emea,240802,ssa,025,4,daylength,,6,678.15679041299
emea,240802,ssa,025,4,daylength,,7,681.61936889291542
emea,240802,ssa,025,4,daylength,,8,696.1364925560847
emea,240802,ssa,025,4,daylength,,9,715.89478659157351
emea,240802,ssa,025,4,daylength,,10,736.44772844758313
emea,240802,ssa,025,4,daylength,,11,753.56706564822935
emea,240802,ssa,025,4,daylength,,12,761.81697447405861
emea,240802,ssa,025,4,elevation,,,798.208823903265
emea,240802,ssa,025,4,max_temperature,2014,1,26.263549398124951
emea,240802,ssa,025,4,max_temperature,2014,2,25.993305217388603
emea,240802,ssa,025,4,max_temperature,2014,3,26.284754654334481
emea,240802,ssa,025,4,max_temperature,2014,4,25.315431846104097
emea,240802,ssa,025,4,max_temperature,2014,5,24.654415225821751
emea,240802,ssa,025,4,max_temperature,2014,6,22.933045433488303
emea,240802,ssa,025,4,max_temperature,2014,7,22.491794670297235
emea,240802,ssa,025,4,max_temperature,2014,8,23.807602954446125
emea,240802,ssa,025,4,max_temperature,2014,9,26.109524142278218
emea,240802,ssa,025,4,max_temperature,2014,10,28.132575813542537
emea,240802,ssa,025,4,max_temperature,2014,11,29.242445173185068
emea,240802,ssa,025,4,max_temperature,2014,12,28.228010365389359
emea,240802,ssa,025,4,max_temperature,2015,1,26.175426903610052
emea,240802,ssa,025,4,max_temperature,2015,2,27.008390612615955
emea,240802,ssa,025,4,max_temperature,2015,3,26.471345965653995
emea,240802,ssa,025,4,max_temperature,2015,4,25.667738378781223
emea,240802,ssa,025,4,max_temperature,2015,5,24.821571457836715
emea,240802,ssa,025,4,max_temperature,2015,6,23.134080507614307
emea,240802,ssa,025,4,max_temperature,2015,7,23.128581634553104
emea,240802,ssa,025,4,max_temperature,2015,8,24.819449767478918
emea,240802,ssa,025,4,max_temperature,2015,9,26.985853296790065
emea,240802,ssa,025,4,max_temperature,2015,10,28.921995222450615
emea,240802,ssa,025,4,max_temperature,2015,11,29.042565733676796
emea,240802,ssa,025,4,max_temperature,2015,12,27.668427788758873
emea,240802,ssa,025,4,max_temperature,2016,1,26.825619966361522
emea,240802,ssa,025,4,max_temperature,2016,2,27.330619782196855
emea,240802,ssa,025,4,max_temperature,2016,3,27.7040629978454
emea,240802,ssa,025,4,max_temperature,2016,4,25.924627894979608
emea,240802,ssa,025,4,max_temperature,2016,5,23.303833065583227
emea,240802,ssa,025,4,max_temperature,2016,6,22.672964588185096
emea,240802,ssa,025,4,max_temperature,2016,7,21.524171913041766
emea,240802,ssa,025,4,max_temperature,2016,8,23.87351538551307
emea,240802,ssa,025,4,max_temperature,2016,9,26.629379223604548
emea,240802,ssa,025,4,max_temperature,2016,10,28.937230540556051
emea,240802,ssa,025,4,max_temperature,2016,11,29.483024672233505
emea,240802,ssa,025,4,max_temperature,2016,12,27.713942959741274
emea,240802,ssa,025,4,max_temperature,2017,1,26.632727887920765
emea,240802,ssa,025,4,max_temperature,2017,2,26.334738629320942
emea,240802,ssa,025,4,max_temperature,2017,3,25.648691070314147
emea,240802,ssa,025,4,max_temperature,2017,4,25.048391007735475
emea,240802,ssa,025,4,max_temperature,2017,5,24.795805630825949
emea,240802,ssa,025,4,max_temperature,2017,6,23.195272280252563
emea,240802,ssa,025,4,max_temperature,2017,7,22.853143376103734
emea,240802,ssa,025,4,max_temperature,2017,8,23.49354232705857
emea,240802,ssa,025,4,max_temperature,2017,9,26.744263066114375
emea,240802,ssa,025,4,max_temperature,2017,10,29.106175323411577
emea,240802,ssa,025,4,max_temperature,2017,11,28.036980025393323
emea,240802,ssa,025,4,max_temperature,2017,12,26.534945244383433
emea,240802,ssa,025,4,max_temperature,2018,1,25.777690872466707
emea,240802,ssa,025,4,max_temperature,2018,2,26.965773170205551
emea,240802,ssa,025,4,max_temperature,2018,3,26.354657207915871
emea,240802,ssa,025,4,max_temperature,2018,4,25.070680636375883
emea,240802,ssa,025,4,max_temperature,2018,5,24.831870714441017
emea,240802,ssa,025,4,max_temperature,2018,6,22.903535286779256
emea,240802,ssa,025,4,max_temperature,2018,7,21.833674140110411
emea,240802,ssa,025,4,max_temperature,2018,8,24.636162602303997
emea,240802,ssa,025,4,max_temperature,2018,9,27.032455571659867
emea,240802,ssa,025,4,max_temperature,2018,10,27.195206995809
emea,240802,ssa,025,4,max_temperature,2018,11,28.126167167134138
emea,240802,ssa,025,4,max_temperature,2018,12,26.011391623600545
emea,240802,ssa,025,4,max_temperature,2019,1,26.566397724990907
emea,240802,ssa,025,4,max_temperature,2019,2,26.500144035727573
emea,240802,ssa,025,4,max_temperature,2019,3,26.815882824233128
emea,240802,ssa,025,4,max_temperature,2019,4,26.15161731180515
emea,240802,ssa,025,4,max_temperature,2019,5,24.66879181686333
emea,240802,ssa,025,4,max_temperature,2019,6,22.263452575524557
emea,240802,ssa,025,4,max_temperature,2019,7,22.805631168851257
emea,240802,ssa,025,4,max_temperature,2019,8,24.414623310404043
emea,240802,ssa,025,4,max_temperature,2019,9,26.602013230289277
emea,240802,ssa,025,4,max_temperature,2019,10,28.207262156286074
emea,240802,ssa,025,4,max_temperature,2019,11,29.215222232900082
emea,240802,ssa,025,4,max_temperature,2019,12,26.927132996630103
emea,240802,ssa,025,4,max_temperature,2020,1,26.5841158075649
emea,240802,ssa,025,4,max_temperature,2020,2,26.478853583365822
emea,240802,ssa,025,4,max_temperature,2020,3,26.422423575321243
emea,240802,ssa,025,4,max_temperature,2020,4,26.319967648586371
emea,240802,ssa,025,4,max_temperature,2020,5,24.651882872367693
emea,240802,ssa,025,4,max_temperature,2020,6,22.954923475421097
emea,240802,ssa,025,4,max_temperature,2020,7,21.479545216177705
emea,240802,ssa,025,4,max_temperature,2020,8,24.183789667184556
emea,240802,ssa,025,4,max_temperature,2020,9,26.601607571696945
emea,240802,ssa,025,4,max_temperature,2020,10,28.71321430028614
emea,240802,ssa,025,4,max_temperature,2020,11,29.842415668616667
emea,240802,ssa,025,4,max_temperature,2020,12,27.12865748515657
emea,240802,ssa,025,4,max_temperature,2021,1,26.277228260488453
emea,240802,ssa,025,4,max_temperature,2021,2,26.678687507728092
emea,240802,ssa,025,4,max_temperature,2021,3,25.544549111155
emea,240802,ssa,025,4,max_temperature,2021,4,24.848002872711746
emea,240802,ssa,025,4,max_temperature,2021,5,23.506352904941977
emea,240802,ssa,025,4,max_temperature,2021,6,22.169500020519976
emea,240802,ssa,025,4,max_temperature,2021,7,21.872063148304267
emea,240802,ssa,025,4,max_temperature,2021,8,23.752829572928107
emea,240802,ssa,025,4,max_temperature,2021,9,25.912818249962804
emea,240802,ssa,025,4,max_temperature,2021,10,28.249975792868227
emea,240802,ssa,025,4,max_temperature,2021,11,30.638946888408341
emea,240802,ssa,025,4,max_temperature,2021,12,29.768559169370508
emea,240802,ssa,025,4,max_temperature,2022,1,25.914818544442781
emea,240802,ssa,025,4,max_temperature,2022,2,25.215074324334804
emea,240802,ssa,025,4,max_temperature,2022,3,26.206998780004763
emea,240802,ssa,025,4,max_temperature,2022,4,25.82542415042807
emea,240802,ssa,025,4,max_temperature,2022,5,24.509941407771237
emea,240802,ssa,025,4,max_temperature,2022,6,21.431183312327043
emea,240802,ssa,025,4,max_temperature,2022,7,21.771725692685795
emea,240802,ssa,025,4,max_temperature,2022,8,23.6742755080544
emea,240802,ssa,025,4,max_temperature,2022,9,25.778211560461706
emea,240802,ssa,025,4,max_temperature,2022,10,28.495255616383794
emea,240802,ssa,025,4,max_temperature,2022,11,29.191303634220738
emea,240802,ssa,025,4,max_temperature,2022,12,25.959670584980795
emea,240802,ssa,025,4,max_temperature,2023,1,25.880452678825932
emea,240802,ssa,025,4,max_temperature,2023,2,26.602420105730836
emea,240802,ssa,025,4,max_temperature,2023,3,26.060035936691172
emea,240802,ssa,025,4,max_temperature,2023,4,25.181765608737443
emea,240802,ssa,025,4,max_temperature,2023,5,24.729408249195046
emea,240802,ssa,025,4,max_temperature,2023,6,24.822243241737553
emea,240802,ssa,025,4,max_temperature,2023,7,22.407273846748449
emea,240802,ssa,025,4,max_temperature,2023,8,22.714355367687215
emea,240802,ssa,025,4,max_temperature,2023,9,26.831182997280564
emea,240802,ssa,025,4,max_temperature,2023,10,29.6733665742727
emea,240802,ssa,025,4,max_temperature,2023,11,29.021419461290705
emea,240802,ssa,025,4,max_temperature,2023,12,28.183729189040577
emea,240802,ssa,025,4,temp_range,2014,1,4.6218068472102436
emea,240802,ssa,025,4,temp_range,2014,2,4.5160539022154174
emea,240802,ssa,025,4,temp_range,2014,3,5.092063300137414
emea,240802,ssa,025,4,temp_range,2014,4,4.8921827181086357
emea,240802,ssa,025,4,temp_range,2014,5,5.7442035039916108
emea,240802,ssa,025,4,temp_range,2014,6,6.1832089847804657
emea,240802,ssa,025,4,temp_range,2014,7,6.0639179195866584
emea,240802,ssa,025,4,temp_range,2014,8,6.2494891996069208
emea,240802,ssa,025,4,temp_range,2014,9,6.6484379239329456
emea,240802,ssa,025,4,temp_range,2014,10,6.7277612407547158
emea,240802,ssa,025,4,temp_range,2014,11,6.3361045551222244
emea,240802,ssa,025,4,temp_range,2014,12,5.7320513287214228
emea,240802,ssa,025,4,temp_range,2015,1,4.561658191275928
emea,240802,ssa,025,4,temp_range,2015,2,5.1447881628268313
emea,240802,ssa,025,4,temp_range,2015,3,5.1340154570857468
emea,240802,ssa,025,4,temp_range,2015,4,5.0551303251909951
emea,240802,ssa,025,4,temp_range,2015,5,5.8988751533847212
emea,240802,ssa,025,4,temp_range,2015,6,6.1772781692257706
emea,240802,ssa,025,4,temp_range,2015,7,6.4025190671718155
emea,240802,ssa,025,4,temp_range,2015,8,6.7956028608676391
emea,240802,ssa,025,4,temp_range,2015,9,6.77240056605902
emea,240802,ssa,025,4,temp_range,2015,10,6.5585496446719862
emea,240802,ssa,025,4,temp_range,2015,11,6.2305383284780742
emea,240802,ssa,025,4,temp_range,2015,12,5.3834629577807824
emea,240802,ssa,025,4,temp_range,2016,1,4.6647903584032973
emea,240802,ssa,025,4,temp_range,2016,2,5.0008953367359883
emea,240802,ssa,025,4,temp_range,2016,3,5.2681796847317859
emea,240802,ssa,025,4,temp_range,2016,4,4.6841551131528032
emea,240802,ssa,025,4,temp_range,2016,5,5.5858693950180989
emea,240802,ssa,025,4,temp_range,2016,6,6.1924281400721579
emea,240802,ssa,025,4,temp_range,2016,7,5.8514353426131409
emea,240802,ssa,025,4,temp_range,2016,8,6.3782879474375243
emea,240802,ssa,025,4,temp_range,2016,9,6.6614666080232441
emea,240802,ssa,025,4,temp_range,2016,10,6.7479041793144683
emea,240802,ssa,025,4,temp_range,2016,11,6.4329164314793417
emea,240802,ssa,025,4,temp_range,2016,12,5.513170431250126
emea,240802,ssa,025,4,temp_range,2017,1,4.8016330958095059
emea,240802,ssa,025,4,temp_range,2017,2,4.7947177940825592
emea,240802,ssa,025,4,temp_range,2017,3,4.6262434022560077
emea,240802,ssa,025,4,temp_range,2017,4,4.572420697032201
emea,240802,ssa,025,4,temp_range,2017,5,5.2156399344824331
emea,240802,ssa,025,4,temp_range,2017,6,5.7704739708828576
emea,240802,ssa,025,4,temp_range,2017,7,6.3452725099611769
emea,240802,ssa,025,4,temp_range,2017,8,5.97985515477814
emea,240802,ssa,025,4,temp_range,2017,9,6.8726767983836741
emea,240802,ssa,025,4,temp_range,2017,10,6.6453046773513345
emea,240802,ssa,025,4,temp_range,2017,11,5.98481113251933
emea,240802,ssa,025,4,temp_range,2017,12,4.9746608579804912
emea,240802,ssa,025,4,temp_range,2018,1,4.5011306001076337
emea,240802,ssa,025,4,temp_range,2018,2,5.018366641727666
emea,240802,ssa,025,4,temp_range,2018,3,5.0637470380901828
emea,240802,ssa,025,4,temp_range,2018,4,4.7776836895815329
emea,240802,ssa,025,4,temp_range,2018,5,5.1883317437812027
emea,240802,ssa,025,4,temp_range,2018,6,5.7702533873899231
emea,240802,ssa,025,4,temp_range,2018,7,5.6806918539301465
emea,240802,ssa,025,4,temp_range,2018,8,6.7665226036351349
emea,240802,ssa,025,4,temp_range,2018,9,6.510948261229375
emea,240802,ssa,025,4,temp_range,2018,10,6.34659112286721
emea,240802,ssa,025,4,temp_range,2018,11,5.9497338170533061
emea,240802,ssa,025,4,temp_range,2018,12,4.5704752785020375
emea,240802,ssa,025,4,temp_range,2019,1,4.5175101929176806
emea,240802,ssa,025,4,temp_range,2019,2,4.7462642217098958
emea,240802,ssa,025,4,temp_range,2019,3,5.210222406577838
emea,240802,ssa,025,4,temp_range,2019,4,5.0538168534953
emea,240802,ssa,025,4,temp_range,2019,5,5.2239564926529161
emea,240802,ssa,025,4,temp_range,2019,6,5.9466630104781446
emea,240802,ssa,025,4,temp_range,2019,7,6.5969218187841321
emea,240802,ssa,025,4,temp_range,2019,8,6.4770508806119569
emea,240802,ssa,025,4,temp_range,2019,9,6.6957164740026869
emea,240802,ssa,025,4,temp_range,2019,10,6.3116326462748864
emea,240802,ssa,025,4,temp_range,2019,11,5.9409199222235314
emea,240802,ssa,025,4,temp_range,2019,12,5.0484632544486434
emea,240802,ssa,025,4,temp_range,2020,1,4.4975018129385846
emea,240802,ssa,025,4,temp_range,2020,2,4.7265727874536259
emea,240802,ssa,025,4,temp_range,2020,3,4.9467786644600134
emea,240802,ssa,025,4,temp_range,2020,4,5.4713632665221805
emea,240802,ssa,025,4,temp_range,2020,5,5.7066649590321621
emea,240802,ssa,025,4,temp_range,2020,6,5.7456832254779888
emea,240802,ssa,025,4,temp_range,2020,7,5.7062018307892695
emea,240802,ssa,025,4,temp_range,2020,8,6.7945603202810032
emea,240802,ssa,025,4,temp_range,2020,9,6.8103920754870284
emea,240802,ssa,025,4,temp_range,2020,10,6.4676000280284285
emea,240802,ssa,025,4,temp_range,2020,11,6.6130707153321291
emea,240802,ssa,025,4,temp_range,2020,12,5.2482281560830266
emea,240802,ssa,025,4,temp_range,2021,1,4.7442737170329705
emea,240802,ssa,025,4,temp_range,2021,2,4.9508514958163632
emea,240802,ssa,025,4,temp_range,2021,3,4.4888905913333925
emea,240802,ssa,025,4,temp_range,2021,4,4.6273954007401956
emea,240802,ssa,025,4,temp_range,2021,5,5.93654735132338
emea,240802,ssa,025,4,temp_range,2021,6,5.7748170845029785
emea,240802,ssa,025,4,temp_range,2021,7,6.0312333690349744
emea,240802,ssa,025,4,temp_range,2021,8,6.6242201291955194
emea,240802,ssa,025,4,temp_range,2021,9,6.4870562087571777
emea,240802,ssa,025,4,temp_range,2021,10,6.5195729853605231
emea,240802,ssa,025,4,temp_range,2021,11,6.71517477269995
emea,240802,ssa,025,4,temp_range,2021,12,6.0851997544630132
emea,240802,ssa,025,4,temp_range,2022,1,4.5008511409003784
emea,240802,ssa,025,4,temp_range,2022,2,4.0194280668810425
emea,240802,ssa,025,4,temp_range,2022,3,4.8192307776351564
emea,240802,ssa,025,4,temp_range,2022,4,4.7849624344278769
emea,240802,ssa,025,4,temp_range,2022,5,5.7078603969565531
emea,240802,ssa,025,4,temp_range,2022,6,5.25529011728786
emea,240802,ssa,025,4,temp_range,2022,7,5.6379889197191373
emea,240802,ssa,025,4,temp_range,2022,8,6.3028167263956654
emea,240802,ssa,025,4,temp_range,2022,9,6.57535157290857
emea,240802,ssa,025,4,temp_range,2022,10,7.1642610587509079
emea,240802,ssa,025,4,temp_range,2022,11,6.2605806525658361
emea,240802,ssa,025,4,temp_range,2022,12,4.6277614187940728
emea,240802,ssa,025,4,temp_range,2023,1,4.7506051571132968
emea,240802,ssa,025,4,temp_range,2023,2,4.8364267925437971
emea,240802,ssa,025,4,temp_range,2023,3,4.61821190357162
emea,240802,ssa,025,4,temp_range,2023,4,4.6596366742390867
emea,240802,ssa,025,4,temp_range,2023,5,5.6776644010627786
emea,240802,ssa,025,4,temp_range,2023,6,6.2907368952118814
emea,240802,ssa,025,4,temp_range,2023,7,5.8328541748496781
emea,240802,ssa,025,4,temp_range,2023,8,5.6989968852117467
emea,240802,ssa,025,4,temp_range,2023,9,6.5545085089488451
emea,240802,ssa,025,4,temp_range,2023,10,6.7051857589840456
emea,240802,ssa,025,4,temp_range,2023,11,6.134317258112219
emea,240802,ssa,025,4,temp_range,2023,12,5.3895647456927005
emea,240802,ssa,025,4,total_precipitation,2014,1,389.32943045507182
emea,240802,ssa,025,4,total_precipitation,2014,2,423.983822844658
emea,240802,ssa,025,4,total_precipitation,2014,3,278.50691830986517
emea,240802,ssa,025,4,total_precipitation,2014,4,214.68781663052121
emea,240802,ssa,025,4,total_precipitation,2014,5,24.945373282623052
emea,240802,ssa,025,4,total_precipitation,2014,6,24.313829244085092
emea,240802,ssa,025,4,total_precipitation,2014,7,20.394764490210626
emea,240802,ssa,025,4,total_precipitation,2014,8,17.164823270212281
emea,240802,ssa,025,4,total_precipitation,2014,9,13.527420624124815
emea,240802,ssa,025,4,total_precipitation,2014,10,61.3685732322039
emea,240802,ssa,025,4,total_precipitation,2014,11,68.491123957700836
emea,240802,ssa,025,4,total_precipitation,2014,12,215.12125490280766
emea,240802,ssa,025,4,total_precipitation,2015,1,408.96674068008485
emea,240802,ssa,025,4,total_precipitation,2015,2,279.99190056997475
emea,240802,ssa,025,4,total_precipitation,2015,3,212.24999470924823
emea,240802,ssa,025,4,total_precipitation,2015,4,171.97860388884237
emea,240802,ssa,025,4,total_precipitation,2015,5,29.145453371875334
emea,240802,ssa,025,4,total_precipitation,2015,6,10.580613881696877
emea,240802,ssa,025,4,total_precipitation,2015,7,12.233757761448999
emea,240802,ssa,025,4,total_precipitation,2015,8,5.141897482778802
emea,240802,ssa,025,4,total_precipitation,2015,9,4.5362132558115036
emea,240802,ssa,025,4,total_precipitation,2015,10,36.094367060379625
emea,240802,ssa,025,4,total_precipitation,2015,11,150.62967486865773
emea,240802,ssa,025,4,total_precipitation,2015,12,285.07359493707128
emea,240802,ssa,025,4,total_precipitation,2016,1,450.51700624122918
emea,240802,ssa,025,4,total_precipitation,2016,2,269.85653630536257
emea,240802,ssa,025,4,total_precipitation,2016,3,299.30687249757887
emea,240802,ssa,025,4,total_precipitation,2016,4,219.27938413799302
emea,240802,ssa,025,4,total_precipitation,2016,5,33.588416111669524
emea,240802,ssa,025,4,total_precipitation,2016,6,16.473975686581639
emea,240802,ssa,025,4,total_precipitation,2016,7,14.809418465041574
emea,240802,ssa,025,4,total_precipitation,2016,8,10.621509396517041
emea,240802,ssa,025,4,total_precipitation,2016,9,3.225646984122676
emea,240802,ssa,025,4,total_precipitation,2016,10,8.9055138956004214
emea,240802,ssa,025,4,total_precipitation,2016,11,50.207169582508527
emea,240802,ssa,025,4,total_precipitation,2016,12,241.3059526897087
emea,240802,ssa,025,4,total_precipitation,2017,1,326.31193023161848
emea,240802,ssa,025,4,total_precipitation,2017,2,326.40987286360985
emea,240802,ssa,025,4,total_precipitation,2017,3,393.70435613026973
emea,240802,ssa,025,4,total_precipitation,2017,4,189.1517299428329
emea,240802,ssa,025,4,total_precipitation,2017,5,54.501653504993428
emea,240802,ssa,025,4,total_precipitation,2017,6,19.007551442048268
emea,240802,ssa,025,4,total_precipitation,2017,7,11.227614143549289
emea,240802,ssa,025,4,total_precipitation,2017,8,20.344035637847625
emea,240802,ssa,025,4,total_precipitation,2017,9,6.3148971092797268
emea,240802,ssa,025,4,total_precipitation,2017,10,37.105771147965839
emea,240802,ssa,025,4,total_precipitation,2017,11,186.25313154973739
emea,240802,ssa,025,4,total_precipitation,2017,12,408.01105045605277
emea,240802,ssa,025,4,total_precipitation,2018,1,353.39346505287074
emea,240802,ssa,025,4,total_precipitation,2018,2,265.77248433876525
emea,240802,ssa,025,4,total_precipitation,2018,3,342.05977393494823
emea,240802,ssa,025,4,total_precipitation,2018,4,264.62102064656284
emea,240802,ssa,025,4,total_precipitation,2018,5,49.967138612811375
emea,240802,ssa,025,4,total_precipitation,2018,6,11.712767787122814
emea,240802,ssa,025,4,total_precipitation,2018,7,32.155085837397024
emea,240802,ssa,025,4,total_precipitation,2018,8,4.4030797207493464
emea,240802,ssa,025,4,total_precipitation,2018,9,9.014036943601738
emea,240802,ssa,025,4,total_precipitation,2018,10,43.608624901897073
emea,240802,ssa,025,4,total_precipitation,2018,11,128.98455997243923
emea,240802,ssa,025,4,total_precipitation,2018,12,446.8926486051995
emea,240802,ssa,025,4,total_precipitation,2019,1,377.45186854445012
emea,240802,ssa,025,4,total_precipitation,2019,2,301.3942018874377
emea,240802,ssa,025,4,total_precipitation,2019,3,287.06602054923894
emea,240802,ssa,025,4,total_precipitation,2019,4,182.37970439570361
emea,240802,ssa,025,4,total_precipitation,2019,5,67.374793998166354
emea,240802,ssa,025,4,total_precipitation,2019,6,24.284815977899548
emea,240802,ssa,025,4,total_precipitation,2019,7,9.9443165319844837
emea,240802,ssa,025,4,total_precipitation,2019,8,6.2033894917792765
emea,240802,ssa,025,4,total_precipitation,2019,9,13.928100873810635
emea,240802,ssa,025,4,total_precipitation,2019,10,56.371013376244662
emea,240802,ssa,025,4,total_precipitation,2019,11,197.49524542981163
emea,240802,ssa,025,4,total_precipitation,2019,12,449.72634749591316
emea,240802,ssa,025,4,total_precipitation,2020,1,472.78331771613148
emea,240802,ssa,025,4,total_precipitation,2020,2,400.50942529109182
emea,240802,ssa,025,4,total_precipitation,2020,3,325.40015627076934
emea,240802,ssa,025,4,total_precipitation,2020,4,83.0813019208768
emea,240802,ssa,025,4,total_precipitation,2020,5,19.52333484512927
emea,240802,ssa,025,4,total_precipitation,2020,6,17.871778908690189
emea,240802,ssa,025,4,total_precipitation,2020,7,22.131357209989758
emea,240802,ssa,025,4,total_precipitation,2020,8,9.1073862406134083
emea,240802,ssa,025,4,total_precipitation,2020,9,4.7544870438301245
emea,240802,ssa,025,4,total_precipitation,2020,10,40.6347718732737
emea,240802,ssa,025,4,total_precipitation,2020,11,57.495814842156591
emea,240802,ssa,025,4,total_precipitation,2020,12,332.08378667969373
emea,240802,ssa,025,4,total_precipitation,2021,1,427.90227546655944
emea,240802,ssa,025,4,total_precipitation,2021,2,353.45585786960248
emea,240802,ssa,025,4,total_precipitation,2021,3,427.79048207041842
emea,240802,ssa,025,4,total_precipitation,2021,4,174.95390521631194
emea,240802,ssa,025,4,total_precipitation,2021,5,32.815152784167047
emea,240802,ssa,025,4,total_precipitation,2021,6,22.356222039024054
emea,240802,ssa,025,4,total_precipitation,2021,7,20.373370209446932
emea,240802,ssa,025,4,total_precipitation,2021,8,7.2506881180233336
emea,240802,ssa,025,4,total_precipitation,2021,9,9.5424896401635664
emea,240802,ssa,025,4,total_precipitation,2021,10,18.798916739616232
emea,240802,ssa,025,4,total_precipitation,2021,11,50.657608848819748
emea,240802,ssa,025,4,total_precipitation,2021,12,94.071164119604362
emea,240802,ssa,025,4,total_precipitation,2022,1,453.12123001779821
emea,240802,ssa,025,4,total_precipitation,2022,2,471.73089255931609
emea,240802,ssa,025,4,total_precipitation,2022,3,288.19870084423889
emea,240802,ssa,025,4,total_precipitation,2022,4,205.29795705122979
emea,240802,ssa,025,4,total_precipitation,2022,5,18.0028351923404
emea,240802,ssa,025,4,total_precipitation,2022,6,34.807292067685069
emea,240802,ssa,025,4,total_precipitation,2022,7,17.686401673187859
emea,240802,ssa,025,4,total_precipitation,2022,8,13.026578275333293
emea,240802,ssa,025,4,total_precipitation,2022,9,6.0699731399158736
emea,240802,ssa,025,4,total_precipitation,2022,10,1.099314432575099
emea,240802,ssa,025,4,total_precipitation,2022,11,67.692591086677567
emea,240802,ssa,025,4,total_precipitation,2022,12,477.58787836863985
emea,240802,ssa,025,4,total_precipitation,2023,1,390.59930138438267
emea,240802,ssa,025,4,total_precipitation,2023,2,309.34723038797154
emea,240802,ssa,025,4,total_precipitation,2023,3,437.00740668970366
emea,240802,ssa,025,4,total_precipitation,2023,4,251.02702812893972
emea,240802,ssa,025,4,total_precipitation,2023,5,15.664904167846814
emea,240802,ssa,025,4,total_precipitation,2023,6,8.2017345013090477
emea,240802,ssa,025,4,total_precipitation,2023,7,17.487226819593516
emea,240802,ssa,025,4,total_precipitation,2023,8,8.5705726255211658
emea,240802,ssa,025,4,total_precipitation,2023,9,2.6398597335955856
emea,240802,ssa,025,4,total_precipitation,2023,10,10.839126890344616
emea,240802,ssa,025,4,total_precipitation,2023,11,62.172585379813242
emea,240802,ssa,025,4,total_precipitation,2023,12,266.51968283645965
emea,240802,ssa,025,5,daylength,,1,747.81164670188343
emea,240802,ssa,025,5,daylength,,2,737.51982876768341
emea,240802,ssa,025,5,daylength,,3,723.5156948640896
emea,240802,ssa,025,5,daylength,,4,708.39667539815366
emea,240802,ssa,025,5,daylength,,5,695.69278023128459
emea,240802,ssa,025,5,daylength,,6,689.29347824802835
emea,240802,ssa,025,5,daylength,,7,691.83138380737932
emea,240802,ssa,025,5,daylength,,8,702.47964912164048
emea,240802,ssa,025,5,daylength,,9,716.98533625390746
emea,240802,ssa,025,5,daylength,,10,732.07718402321848
emea,240802,ssa,025,5,daylength,,11,744.63918011698649
emea,240802,ssa,025,5,daylength,,12,750.68729589100485
emea,240802,ssa,025,5,elevation,,,1483.8360450903888
emea,240802,ssa,025,5,max_temperature,2014,1,24.615447913833741
emea,240802,ssa,025,5,max_temperature,2014,2,24.75081192175675
emea,240802,ssa,025,5,max_temperature,2014,3,24.278531008502746
emea,240802,ssa,025,5,max_temperature,2014,4,23.422313040907831
emea,240802,ssa,025,5,max_temperature,2014,5,22.979318915077815
emea,240802,ssa,025,5,max_temperature,2014,6,21.976992878398242
emea,240802,ssa,025,5,max_temperature,2014,7,21.851116358773304
emea,240802,ssa,025,5,max_temperature,2014,8,22.748115101679357
emea,240802,ssa,025,5,max_temperature,2014,9,24.543166093647645
emea,240802,ssa,025,5,max_temperature,2014,10,26.281816724102015
emea,240802,ssa,025,5,max_temperature,2014,11,27.074948656813149
emea,240802,ssa,025,5,max_temperature,2014,12,25.553175600836486
emea,240802,ssa,025,5,max_temperature,2015,1,24.599965486575613
emea,240802,ssa,025,5,max_temperature,2015,2,25.582064537844488
emea,240802,ssa,025,5,max_temperature,2015,3,24.40509977633533
emea,240802,ssa,025,5,max_temperature,2015,4,23.511205219578759
emea,240802,ssa,025,5,max_temperature,2015,5,23.153412277028309
emea,240802,ssa,025,5,max_temperature,2015,6,22.805125280559359
emea,240802,ssa,025,5,max_temperature,2015,7,22.663290725217966
emea,240802,ssa,025,5,max_temperature,2015,8,23.480470243363797
emea,240802,ssa,025,5,max_temperature,2015,9,25.68745732659842
emea,240802,ssa,025,5,max_temperature,2015,10,27.14595739793257
emea,240802,ssa,025,5,max_temperature,2015,11,26.228886212862633
emea,240802,ssa,025,5,max_temperature,2015,12,25.356150430149782
emea,240802,ssa,025,5,max_temperature,2016,1,24.68449680054707
emea,240802,ssa,025,5,max_temperature,2016,2,25.428786434011244
emea,240802,ssa,025,5,max_temperature,2016,3,26.227875163351314
emea,240802,ssa,025,5,max_temperature,2016,4,23.819744470958128
emea,240802,ssa,025,5,max_temperature,2016,5,22.215305175480403
emea,240802,ssa,025,5,max_temperature,2016,6,21.90024298417066
emea,240802,ssa,025,5,max_temperature,2016,7,21.494478858548995
emea,240802,ssa,025,5,max_temperature,2016,8,22.750725201762172
emea,240802,ssa,025,5,max_temperature,2016,9,25.175307085927724
emea,240802,ssa,025,5,max_temperature,2016,10,27.139869203666528
emea,240802,ssa,025,5,max_temperature,2016,11,27.569513199436535
emea,240802,ssa,025,5,max_temperature,2016,12,26.144125943260342
emea,240802,ssa,025,5,max_temperature,2017,1,25.447881420568372
emea,240802,ssa,025,5,max_temperature,2017,2,24.755696979130413
emea,240802,ssa,025,5,max_temperature,2017,3,24.186845586766729
emea,240802,ssa,025,5,max_temperature,2017,4,23.312832706259119
emea,240802,ssa,025,5,max_temperature,2017,5,22.931544261654231
emea,240802,ssa,025,5,max_temperature,2017,6,22.458169742882223
emea,240802,ssa,025,5,max_temperature,2017,7,22.461235939984761
emea,240802,ssa,025,5,max_temperature,2017,8,22.902899744757228
emea,240802,ssa,025,5,max_temperature,2017,9,25.40763919862556
emea,240802,ssa,025,5,max_temperature,2017,10,27.245760861653771
emea,240802,ssa,025,5,max_temperature,2017,11,26.103675677085651
emea,240802,ssa,025,5,max_temperature,2017,12,25.097423430004412
emea,240802,ssa,025,5,max_temperature,2018,1,23.737364245316151
emea,240802,ssa,025,5,max_temperature,2018,2,25.375830485587169
emea,240802,ssa,025,5,max_temperature,2018,3,24.343108974121371
emea,240802,ssa,025,5,max_temperature,2018,4,23.500911774165257
emea,240802,ssa,025,5,max_temperature,2018,5,23.291480007497452
emea,240802,ssa,025,5,max_temperature,2018,6,22.311210852749667
emea,240802,ssa,025,5,max_temperature,2018,7,20.857125750218906
emea,240802,ssa,025,5,max_temperature,2018,8,23.659001695076313
emea,240802,ssa,025,5,max_temperature,2018,9,25.630862177064344
emea,240802,ssa,025,5,max_temperature,2018,10,25.820576042910556
emea,240802,ssa,025,5,max_temperature,2018,11,26.705007120436992
emea,240802,ssa,025,5,max_temperature,2018,12,25.035835852180348
emea,240802,ssa,025,5,max_temperature,2019,1,25.219289127124576
emea,240802,ssa,025,5,max_temperature,2019,2,25.269947030928535
emea,240802,ssa,025,5,max_temperature,2019,3,25.744448285886929
emea,240802,ssa,025,5,max_temperature,2019,4,24.485039165080124
emea,240802,ssa,025,5,max_temperature,2019,5,23.217837322960762
emea,240802,ssa,025,5,max_temperature,2019,6,22.022691717863566
emea,240802,ssa,025,5,max_temperature,2019,7,22.59895541890258
emea,240802,ssa,025,5,max_temperature,2019,8,23.602733351598516
emea,240802,ssa,025,5,max_temperature,2019,9,25.468736246777741
emea,240802,ssa,025,5,max_temperature,2019,10,25.926552147150197
emea,240802,ssa,025,5,max_temperature,2019,11,26.802467534891939
emea,240802,ssa,025,5,max_temperature,2019,12,24.721308719418808
emea,240802,ssa,025,5,max_temperature,2020,1,24.963968459803858
emea,240802,ssa,025,5,max_temperature,2020,2,25.343802569693956
emea,240802,ssa,025,5,max_temperature,2020,3,24.626426880191289
emea,240802,ssa,025,5,max_temperature,2020,4,24.009654934014772
emea,240802,ssa,025,5,max_temperature,2020,5,23.422967435207333
emea,240802,ssa,025,5,max_temperature,2020,6,22.461827951421625
emea,240802,ssa,025,5,max_temperature,2020,7,21.175296810011236
emea,240802,ssa,025,5,max_temperature,2020,8,24.399033077490941
emea,240802,ssa,025,5,max_temperature,2020,9,25.498516477689762
emea,240802,ssa,025,5,max_temperature,2020,10,26.931901959016439
emea,240802,ssa,025,5,max_temperature,2020,11,27.145547289789768
emea,240802,ssa,025,5,max_temperature,2020,12,25.23247221065375
emea,240802,ssa,025,5,max_temperature,2021,1,24.208490301820241
emea,240802,ssa,025,5,max_temperature,2021,2,24.912091881740835
emea,240802,ssa,025,5,max_temperature,2021,3,24.750081109253792
emea,240802,ssa,025,5,max_temperature,2021,4,23.401862652018632
emea,240802,ssa,025,5,max_temperature,2021,5,23.019705502238541
emea,240802,ssa,025,5,max_temperature,2021,6,22.135853320756866
emea,240802,ssa,025,5,max_temperature,2021,7,21.630991101449204
emea,240802,ssa,025,5,max_temperature,2021,8,23.505061051002155
emea,240802,ssa,025,5,max_temperature,2021,9,25.004664080508608
emea,240802,ssa,025,5,max_temperature,2021,10,26.864682392468357
emea,240802,ssa,025,5,max_temperature,2021,11,28.486033613327944
emea,240802,ssa,025,5,max_temperature,2021,12,27.361585794669541
emea,240802,ssa,025,5,max_temperature,2022,1,24.693062861298586
emea,240802,ssa,025,5,max_temperature,2022,2,23.928064501997277
emea,240802,ssa,025,5,max_temperature,2022,3,24.891591735132419
emea,240802,ssa,025,5,max_temperature,2022,4,24.506673097815735
emea,240802,ssa,025,5,max_temperature,2022,5,23.344634288444237
emea,240802,ssa,025,5,max_temperature,2022,6,21.177011819548127
emea,240802,ssa,025,5,max_temperature,2022,7,20.883900637100869
emea,240802,ssa,025,5,max_temperature,2022,8,22.615803195098451
emea,240802,ssa,025,5,max_temperature,2022,9,24.699749866811892
emea,240802,ssa,025,5,max_temperature,2022,10,26.823799475528791
emea,240802,ssa,025,5,max_temperature,2022,11,26.817689100252529
emea,240802,ssa,025,5,max_temperature,2022,12,24.525035592750985
emea,240802,ssa,025,5,max_temperature,2023,1,24.188048493168758
emea,240802,ssa,025,5,max_temperature,2023,2,25.262758478769435
emea,240802,ssa,025,5,max_temperature,2023,3,24.577117581975667
emea,240802,ssa,025,5,max_temperature,2023,4,23.791661394724777
emea,240802,ssa,025,5,max_temperature,2023,5,23.447257140071279
emea,240802,ssa,025,5,max_temperature,2023,6,23.388607026664943
emea,240802,ssa,025,5,max_temperature,2023,7,21.852292416611931
emea,240802,ssa,025,5,max_temperature,2023,8,22.656675596941373
emea,240802,ssa,025,5,max_temperature,2023,9,25.884268625521365
emea,240802,ssa,025,5,max_temperature,2023,10,28.368061375672333
emea,240802,ssa,025,5,max_temperature,2023,11,27.252461471661167
emea,240802,ssa,025,5,max_temperature,2023,12,25.819951839152925
emea,240802,ssa,025,5,temp_range,2014,1,7.2378112102680952
emea,240802,ssa,025,5,temp_range,2014,2,7.24318370769846
emea,240802,ssa,025,5,temp_range,2014,3,6.926412558166815
emea,240802,ssa,025,5,temp_range,2014,4,6.680523827160572
emea,240802,ssa,025,5,temp_range,2014,5,8.4011032605922065
emea,240802,ssa,025,5,temp_range,2014,6,9.3780379105422842
emea,240802,ssa,025,5,temp_range,2014,7,9.6814021867536741
emea,240802,ssa,025,5,temp_range,2014,8,9.1059572866146574
emea,240802,ssa,025,5,temp_range,2014,9,9.7834199290402832
emea,240802,ssa,025,5,temp_range,2014,10,9.58469465082702
emea,240802,ssa,025,5,temp_range,2014,11,9.4788347874937227
emea,240802,ssa,025,5,temp_range,2014,12,8.0661999444116343
emea,240802,ssa,025,5,temp_range,2015,1,7.1773116600995959
emea,240802,ssa,025,5,temp_range,2015,2,8.0086944067535235
emea,240802,ssa,025,5,temp_range,2015,3,7.1287868278864686
emea,240802,ssa,025,5,temp_range,2015,4,6.6476760236210612
emea,240802,ssa,025,5,temp_range,2015,5,8.1823323359452775
emea,240802,ssa,025,5,temp_range,2015,6,9.7632643198347875
emea,240802,ssa,025,5,temp_range,2015,7,10.277936215023294
emea,240802,ssa,025,5,temp_range,2015,8,10.189791718113018
emea,240802,ssa,025,5,temp_range,2015,9,10.635705134645422
emea,240802,ssa,025,5,temp_range,2015,10,9.9488965212624958
emea,240802,ssa,025,5,temp_range,2015,11,8.6014786832123065
emea,240802,ssa,025,5,temp_range,2015,12,7.4980800094726945
emea,240802,ssa,025,5,temp_range,2016,1,6.4337747063625237
emea,240802,ssa,025,5,temp_range,2016,2,7.2548278218288669
emea,240802,ssa,025,5,temp_range,2016,3,7.8114111198741121
emea,240802,ssa,025,5,temp_range,2016,4,6.176415435494901
emea,240802,ssa,025,5,temp_range,2016,5,8.63698602387089
emea,240802,ssa,025,5,temp_range,2016,6,9.3748610645151622
emea,240802,ssa,025,5,temp_range,2016,7,9.864719039091014
emea,240802,ssa,025,5,temp_range,2016,8,9.4993332780933279
emea,240802,ssa,025,5,temp_range,2016,9,10.66055648129184
emea,240802,ssa,025,5,temp_range,2016,10,11.108863484676018
emea,240802,ssa,025,5,temp_range,2016,11,9.9874911679148628
emea,240802,ssa,025,5,temp_range,2016,12,8.1569730054431915
emea,240802,ssa,025,5,temp_range,2017,1,7.6829968414608132
emea,240802,ssa,025,5,temp_range,2017,2,7.1595266468823384
emea,240802,ssa,025,5,temp_range,2017,3,6.6958849716672173
emea,240802,ssa,025,5,temp_range,2017,4,6.270505019729673
emea,240802,ssa,025,5,temp_range,2017,5,7.0127899896531973
emea,240802,ssa,025,5,temp_range,2017,6,9.0192181441409751
emea,240802,ssa,025,5,temp_range,2017,7,10.037384810604028
emea,240802,ssa,025,5,temp_range,2017,8,9.1516532562085438
emea,240802,ssa,025,5,temp_range,2017,9,10.590463686159502
emea,240802,ssa,025,5,temp_range,2017,10,10.240354684992161
emea,240802,ssa,025,5,temp_range,2017,11,8.4937459756121321
emea,240802,ssa,025,5,temp_range,2017,12,7.4754136415771768
emea,240802,ssa,025,5,temp_range,2018,1,6.4955242039702874
emea,240802,ssa,025,5,temp_range,2018,2,7.96938240072234
emea,240802,ssa,025,5,temp_range,2018,3,7.1460627513753305
emea,240802,ssa,025,5,temp_range,2018,4,6.7456254380241134
emea,240802,ssa,025,5,temp_range,2018,5,7.8010792797938
emea,240802,ssa,025,5,temp_range,2018,6,9.4122406381450059
emea,240802,ssa,025,5,temp_range,2018,7,8.47805148205178
emea,240802,ssa,025,5,temp_range,2018,8,10.808849746730383
emea,240802,ssa,025,5,temp_range,2018,9,10.491889722174658
emea,240802,ssa,025,5,temp_range,2018,10,9.315992470385611
emea,240802,ssa,025,5,temp_range,2018,11,8.9341704893730878
emea,240802,ssa,025,5,temp_range,2018,12,7.3766130877827489
emea,240802,ssa,025,5,temp_range,2019,1,7.264977800435501
emea,240802,ssa,025,5,temp_range,2019,2,7.468186508051458
emea,240802,ssa,025,5,temp_range,2019,3,8.1596516280998763
emea,240802,ssa,025,5,temp_range,2019,4,6.7069995365679329
emea,240802,ssa,025,5,temp_range,2019,5,6.7268199897329435
emea,240802,ssa,025,5,temp_range,2019,6,9.5846592034049145
emea,240802,ssa,025,5,temp_range,2019,7,9.8358489532915279
emea,240802,ssa,025,5,temp_range,2019,8,9.98101955655211
emea,240802,ssa,025,5,temp_range,2019,9,10.183381685308172
emea,240802,ssa,025,5,temp_range,2019,10,8.5936347950035881
emea,240802,ssa,025,5,temp_range,2019,11,8.703390557211641
emea,240802,ssa,025,5,temp_range,2019,12,6.7851730715331779
emea,240802,ssa,025,5,temp_range,2020,1,6.8212276830386553
emea,240802,ssa,025,5,temp_range,2020,2,7.2126092986183856
emea,240802,ssa,025,5,temp_range,2020,3,6.7590952637133288
emea,240802,ssa,025,5,temp_range,2020,4,6.6283809191309331
emea,240802,ssa,025,5,temp_range,2020,5,8.3719227780763319
emea,240802,ssa,025,5,temp_range,2020,6,9.0298051775917259
emea,240802,ssa,025,5,temp_range,2020,7,9.1212900603614973
emea,240802,ssa,025,5,temp_range,2020,8,10.833873823256067
emea,240802,ssa,025,5,temp_range,2020,9,10.767639497603072
emea,240802,ssa,025,5,temp_range,2020,10,9.98580641812268
emea,240802,ssa,025,5,temp_range,2020,11,9.8385574211920215
emea,240802,ssa,025,5,temp_range,2020,12,7.79649149510564
emea,240802,ssa,025,5,temp_range,2021,1,6.7995351601918284
emea,240802,ssa,025,5,temp_range,2021,2,7.6433925083693239
emea,240802,ssa,025,5,temp_range,2021,3,7.5622974247708452
emea,240802,ssa,025,5,temp_range,2021,4,6.2505130088195964
emea,240802,ssa,025,5,temp_range,2021,5,9.0939772987600271
emea,240802,ssa,025,5,temp_range,2021,6,9.5984370870526039
emea,240802,ssa,025,5,temp_range,2021,7,10.148170573564641
emea,240802,ssa,025,5,temp_range,2021,8,10.224329408939154
emea,240802,ssa,025,5,temp_range,2021,9,10.199606570413547
emea,240802,ssa,025,5,temp_range,2021,10,10.418246843940274
emea,240802,ssa,025,5,temp_range,2021,11,10.799591684768197
emea,240802,ssa,025,5,temp_range,2021,12,9.221224322099399
emea,240802,ssa,025,5,temp_range,2022,1,7.0803876075245125
emea,240802,ssa,025,5,temp_range,2022,2,6.4572333475814947
emea,240802,ssa,025,5,temp_range,2022,3,7.1998059945097088
emea,240802,ssa,025,5,temp_range,2022,4,7.2955255509237169
emea,240802,ssa,025,5,temp_range,2022,5,8.8635080035969818
emea,240802,ssa,025,5,temp_range,2022,6,8.7426748657838136
emea,240802,ssa,025,5,temp_range,2022,7,8.8893247659585253
emea,240802,ssa,025,5,temp_range,2022,8,9.9784893364920322
emea,240802,ssa,025,5,temp_range,2022,9,10.326941761996286
emea,240802,ssa,025,5,temp_range,2022,10,11.874383070299663
emea,240802,ssa,025,5,temp_range,2022,11,9.6462647809600437
emea,240802,ssa,025,5,temp_range,2022,12,7.1952058495490441
emea,240802,ssa,025,5,temp_range,2023,1,7.2970462734375205
emea,240802,ssa,025,5,temp_range,2023,2,7.9334916105926343
emea,240802,ssa,025,5,temp_range,2023,3,7.1556277257153909
emea,240802,ssa,025,5,temp_range,2023,4,6.7432808771086741
emea,240802,ssa,025,5,temp_range,2023,5,8.1214204239605774
emea,240802,ssa,025,5,temp_range,2023,6,10.051246206675838
emea,240802,ssa,025,5,temp_range,2023,7,9.5569252817147365
emea,240802,ssa,025,5,temp_range,2023,8,9.5633387582342611
emea,240802,ssa,025,5,temp_range,2023,9,10.599573682764166
emea,240802,ssa,025,5,temp_range,2023,10,11.015189588668175
emea,240802,ssa,025,5,temp_range,2023,11,8.6510168716051137
emea,240802,ssa,025,5,temp_range,2023,12,7.5010515906240194
emea,240802,ssa,025,5,total_precipitation,2014,1,356.66848479062514
emea,240802,ssa,025,5,total_precipitation,2014,2,244.15706995522859
emea,240802,ssa,025,5,total_precipitation,2014,3,338.04328916127156
emea,240802,ssa,025,5,total_precipitation,2014,4,240.81890857193017
emea,240802,ssa,025,5,total_precipitation,2014,5,32.939464729168648
emea,240802,ssa,025,5,total_precipitation,2014,6,21.010465881844141
emea,240802,ssa,025,5,total_precipitation,2014,7,15.767728673099725
emea,240802,ssa,025,5,total_precipitation,2014,8,20.681261386681861
emea,240802,ssa,025,5,total_precipitation,2014,9,19.549326086382379
emea,240802,ssa,025,5,total_precipitation,2014,10,101.78982823686873
emea,240802,ssa,025,5,total_precipitation,2014,11,142.30039209537833
emea,240802,ssa,025,5,total_precipitation,2014,12,306.64341712104874
emea,240802,ssa,025,5,total_precipitation,2015,1,349.17147909782284
emea,240802,ssa,025,5,total_precipitation,2015,2,230.41905771645895
emea,240802,ssa,025,5,total_precipitation,2015,3,255.62313248824543
emea,240802,ssa,025,5,total_precipitation,2015,4,240.90642665895956
emea,240802,ssa,025,5,total_precipitation,2015,5,53.117621672201039
emea,240802,ssa,025,5,total_precipitation,2015,6,9.9311347817540678
emea,240802,ssa,025,5,total_precipitation,2015,7,10.997399206243855
emea,240802,ssa,025,5,total_precipitation,2015,8,6.6621577436899457
emea,240802,ssa,025,5,total_precipitation,2015,9,7.65611793639799
emea,240802,ssa,025,5,total_precipitation,2015,10,114.20982506898784
emea,240802,ssa,025,5,total_precipitation,2015,11,172.14084049934425
emea,240802,ssa,025,5,total_precipitation,2015,12,336.04131878582234
emea,240802,ssa,025,5,total_precipitation,2016,1,404.8267506909084
emea,240802,ssa,025,5,total_precipitation,2016,2,275.56521294343349
emea,240802,ssa,025,5,total_precipitation,2016,3,298.30396372142638
emea,240802,ssa,025,5,total_precipitation,2016,4,297.11658251481896
emea,240802,ssa,025,5,total_precipitation,2016,5,36.8193613403988
emea,240802,ssa,025,5,total_precipitation,2016,6,11.7596757627078
emea,240802,ssa,025,5,total_precipitation,2016,7,9.7732810499374949
emea,240802,ssa,025,5,total_precipitation,2016,8,11.441689830760552
emea,240802,ssa,025,5,total_precipitation,2016,9,4.9004699802229652
emea,240802,ssa,025,5,total_precipitation,2016,10,13.014547561411732
emea,240802,ssa,025,5,total_precipitation,2016,11,81.931938248687118
emea,240802,ssa,025,5,total_precipitation,2016,12,232.0285038471265
emea,240802,ssa,025,5,total_precipitation,2017,1,317.08463198905304
emea,240802,ssa,025,5,total_precipitation,2017,2,291.14484335550532
emea,240802,ssa,025,5,total_precipitation,2017,3,356.7471747121524
emea,240802,ssa,025,5,total_precipitation,2017,4,192.78942602867994
emea,240802,ssa,025,5,total_precipitation,2017,5,66.708419650041378
emea,240802,ssa,025,5,total_precipitation,2017,6,16.676562370218576
emea,240802,ssa,025,5,total_precipitation,2017,7,7.5718174247084562
emea,240802,ssa,025,5,total_precipitation,2017,8,22.903702703608765
emea,240802,ssa,025,5,total_precipitation,2017,9,6.6546674914056041
emea,240802,ssa,025,5,total_precipitation,2017,10,53.423088079986826
emea,240802,ssa,025,5,total_precipitation,2017,11,212.890108656864
emea,240802,ssa,025,5,total_precipitation,2017,12,357.06387070570247
emea,240802,ssa,025,5,total_precipitation,2018,1,347.04831569331031
emea,240802,ssa,025,5,total_precipitation,2018,2,179.808880634829
emea,240802,ssa,025,5,total_precipitation,2018,3,340.22277362043042
emea,240802,ssa,025,5,total_precipitation,2018,4,252.89898792084404
emea,240802,ssa,025,5,total_precipitation,2018,5,57.91371981231584
emea,240802,ssa,025,5,total_precipitation,2018,6,9.3103089370475374
emea,240802,ssa,025,5,total_precipitation,2018,7,22.456311452540689
emea,240802,ssa,025,5,total_precipitation,2018,8,4.3500289930198619
emea,240802,ssa,025,5,total_precipitation,2018,9,13.38517577261959
emea,240802,ssa,025,5,total_precipitation,2018,10,70.065918415546733
emea,240802,ssa,025,5,total_precipitation,2018,11,169.81359369206734
emea,240802,ssa,025,5,total_precipitation,2018,12,325.0042943877869
emea,240802,ssa,025,5,total_precipitation,2019,1,327.8664775020344
emea,240802,ssa,025,5,total_precipitation,2019,2,275.11332882492707
emea,240802,ssa,025,5,total_precipitation,2019,3,224.47691220063274
emea,240802,ssa,025,5,total_precipitation,2019,4,200.7355809648048
emea,240802,ssa,025,5,total_precipitation,2019,5,122.63634862611781
emea,240802,ssa,025,5,total_precipitation,2019,6,11.188150930197025
emea,240802,ssa,025,5,total_precipitation,2019,7,9.15459506057529
emea,240802,ssa,025,5,total_precipitation,2019,8,6.8342434989076963
emea,240802,ssa,025,5,total_precipitation,2019,9,22.620503481180258
emea,240802,ssa,025,5,total_precipitation,2019,10,88.940227569428856
emea,240802,ssa,025,5,total_precipitation,2019,11,194.36923995396461
emea,240802,ssa,025,5,total_precipitation,2019,12,431.40842338402535
emea,240802,ssa,025,5,total_precipitation,2020,1,362.97740063733249
emea,240802,ssa,025,5,total_precipitation,2020,2,371.47423180914222
emea,240802,ssa,025,5,total_precipitation,2020,3,446.80753056998583
emea,240802,ssa,025,5,total_precipitation,2020,4,187.46374061489283
emea,240802,ssa,025,5,total_precipitation,2020,5,23.995529726635247
emea,240802,ssa,025,5,total_precipitation,2020,6,12.706362007239136
emea,240802,ssa,025,5,total_precipitation,2020,7,18.665710227979659
emea,240802,ssa,025,5,total_precipitation,2020,8,8.0231954926848914
emea,240802,ssa,025,5,total_precipitation,2020,9,7.6222822836465554
emea,240802,ssa,025,5,total_precipitation,2020,10,60.684116763836187
emea,240802,ssa,025,5,total_precipitation,2020,11,152.25475765370817
emea,240802,ssa,025,5,total_precipitation,2020,12,365.73156542035167
emea,240802,ssa,025,5,total_precipitation,2021,1,413.97500926957207
emea,240802,ssa,025,5,total_precipitation,2021,2,267.36796311302442
emea,240802,ssa,025,5,total_precipitation,2021,3,270.40250541706678
emea,240802,ssa,025,5,total_precipitation,2021,4,222.52081329255208
emea,240802,ssa,025,5,total_precipitation,2021,5,30.905867799535507
emea,240802,ssa,025,5,total_precipitation,2021,6,15.891137064321953
emea,240802,ssa,025,5,total_precipitation,2021,7,13.307055713477112
emea,240802,ssa,025,5,total_precipitation,2021,8,9.7295955309625555
emea,240802,ssa,025,5,total_precipitation,2021,9,12.755031914105999
emea,240802,ssa,025,5,total_precipitation,2021,10,34.180415850992084
emea,240802,ssa,025,5,total_precipitation,2021,11,83.978529115619168
emea,240802,ssa,025,5,total_precipitation,2021,12,112.16981960098877
emea,240802,ssa,025,5,total_precipitation,2022,1,358.8342888783236
emea,240802,ssa,025,5,total_precipitation,2022,2,317.94983344006306
emea,240802,ssa,025,5,total_precipitation,2022,3,313.82066417774286
emea,240802,ssa,025,5,total_precipitation,2022,4,160.54315895258361
emea,240802,ssa,025,5,total_precipitation,2022,5,18.553782695481033
emea,240802,ssa,025,5,total_precipitation,2022,6,21.190130658583961
emea,240802,ssa,025,5,total_precipitation,2022,7,18.139693566445715
emea,240802,ssa,025,5,total_precipitation,2022,8,11.060288395714096
emea,240802,ssa,025,5,total_precipitation,2022,9,8.2412917456039025
emea,240802,ssa,025,5,total_precipitation,2022,10,4.0130194701223871
emea,240802,ssa,025,5,total_precipitation,2022,11,138.16804756619561
emea,240802,ssa,025,5,total_precipitation,2022,12,349.39787509329381
emea,240802,ssa,025,5,total_precipitation,2023,1,315.58434660892783
emea,240802,ssa,025,5,total_precipitation,2023,2,218.14664133094823
emea,240802,ssa,025,5,total_precipitation,2023,3,326.99304608911581
emea,240802,ssa,025,5,total_precipitation,2023,4,229.67117249327771
emea,240802,ssa,025,5,total_precipitation,2023,5,25.437878079939971
emea,240802,ssa,025,5,total_precipitation,2023,6,12.218927762053553
emea,240802,ssa,025,5,total_precipitation,2023,7,12.698738617175678
emea,240802,ssa,025,5,total_precipitation,2023,8,14.788107030893997
emea,240802,ssa,025,5,total_precipitation,2023,9,6.2443216482712245
emea,240802,ssa,025,5,total_precipitation,2023,10,16.38407101473004
emea,240802,ssa,025,5,total_precipitation,2023,11,124.67723589081423
emea,240802,ssa,025,5,total_precipitation,2023,12,297.133216330756
emea,240802,ssa,025,6,daylength,,1,743.58751704117094
emea,240802,ssa,025,6,daylength,,2,734.8601679176611
emea,240802,ssa,025,6,daylength,,3,722.98214828247387
emea,240802,ssa,025,6,daylength,,4,710.15783934768092
emea,240802,ssa,025,6,daylength,,5,699.38393240880555
emea,240802,ssa,025,6,daylength,,6,693.95812729690135
emea,240802,ssa,025,6,daylength,,7,696.10982165162909
emea,240802,ssa,025,6,daylength,,8,705.13938889075018
emea,240802,ssa,025,6,daylength,,9,717.44284418894381
emea,240802,ssa,025,6,daylength,,10,730.24407582276331
emea,240802,ssa,025,6,daylength,,11,740.8975537863239
emea,240802,ssa,025,6,daylength,,12,746.02557328193666
emea,240802,ssa,025,6,elevation,,,1051.9724708482672
emea,240802,ssa,025,6,max_temperature,2014,1,26.117735133659316
emea,240802,ssa,025,6,max_temperature,2014,2,26.397305542607249
emea,240802,ssa,025,6,max_temperature,2014,3,26.687738545906697
emea,240802,ssa,025,6,max_temperature,2014,4,26.509905922973033
emea,240802,ssa,025,6,max_temperature,2014,5,27.685493063887964
emea,240802,ssa,025,6,max_temperature,2014,6,27.067648116035318
emea,240802,ssa,025,6,max_temperature,2014,7,27.166821288122616
emea,240802,ssa,025,6,max_temperature,2014,8,28.10221185143898
emea,240802,ssa,025,6,max_temperature,2014,9,29.394213101524635
emea,240802,ssa,025,6,max_temperature,2014,10,29.327546276117754
emea,240802,ssa,025,6,max_temperature,2014,11,28.72337620456452
emea,240802,ssa,025,6,max_temperature,2014,12,26.614695199513765
emea,240802,ssa,025,6,max_temperature,2015,1,26.22882715922287
emea,240802,ssa,025,6,max_temperature,2015,2,27.272110438572565
emea,240802,ssa,025,6,max_temperature,2015,3,27.469633900997639
emea,240802,ssa,025,6,max_temperature,2015,4,26.227610184805574
emea,240802,ssa,025,6,max_temperature,2015,5,27.436491557836742
emea,240802,ssa,025,6,max_temperature,2015,6,27.298752095372571
emea,240802,ssa,025,6,max_temperature,2015,7,27.614888262275741
emea,240802,ssa,025,6,max_temperature,2015,8,28.535958118247752
emea,240802,ssa,025,6,max_temperature,2015,9,30.36901205770917
emea,240802,ssa,025,6,max_temperature,2015,10,29.570105106821718
emea,240802,ssa,025,6,max_temperature,2015,11,26.883695987877754
emea,240802,ssa,025,6,max_temperature,2015,12,26.258849634726261
emea,240802,ssa,025,6,max_temperature,2016,1,26.322299082181345
emea,240802,ssa,025,6,max_temperature,2016,2,27.272818094663542
emea,240802,ssa,025,6,max_temperature,2016,3,28.3308454896756
emea,240802,ssa,025,6,max_temperature,2016,4,27.025992272325752
emea,240802,ssa,025,6,max_temperature,2016,5,27.055374856485518
emea,240802,ssa,025,6,max_temperature,2016,6,26.816258333258
emea,240802,ssa,025,6,max_temperature,2016,7,26.502111236033162
emea,240802,ssa,025,6,max_temperature,2016,8,28.203235271753091
emea,240802,ssa,025,6,max_temperature,2016,9,29.756195807628558
emea,240802,ssa,025,6,max_temperature,2016,10,30.752767877344311
emea,240802,ssa,025,6,max_temperature,2016,11,28.514700856193834
emea,240802,ssa,025,6,max_temperature,2016,12,26.78452017827636
emea,240802,ssa,025,6,max_temperature,2017,1,26.958905927116376
emea,240802,ssa,025,6,max_temperature,2017,2,26.566853295980902
emea,240802,ssa,025,6,max_temperature,2017,3,26.824227536558162
emea,240802,ssa,025,6,max_temperature,2017,4,27.001144786630164
emea,240802,ssa,025,6,max_temperature,2017,5,27.546884690512158
emea,240802,ssa,025,6,max_temperature,2017,6,27.447799746864348
emea,240802,ssa,025,6,max_temperature,2017,7,27.332434614080423
emea,240802,ssa,025,6,max_temperature,2017,8,28.049057899512164
emea,240802,ssa,025,6,max_temperature,2017,9,29.736025373369863
emea,240802,ssa,025,6,max_temperature,2017,10,29.715715339791682
emea,240802,ssa,025,6,max_temperature,2017,11,26.918905242733238
emea,240802,ssa,025,6,max_temperature,2017,12,26.353277853680627
emea,240802,ssa,025,6,max_temperature,2018,1,25.276028594894523
emea,240802,ssa,025,6,max_temperature,2018,2,27.31227432049776
emea,240802,ssa,025,6,max_temperature,2018,3,26.111221261511407
emea,240802,ssa,025,6,max_temperature,2018,4,25.911885264347344
emea,240802,ssa,025,6,max_temperature,2018,5,27.033773776160473
emea,240802,ssa,025,6,max_temperature,2018,6,26.704051570534489
emea,240802,ssa,025,6,max_temperature,2018,7,26.006694523095526
emea,240802,ssa,025,6,max_temperature,2018,8,28.262486856302608
emea,240802,ssa,025,6,max_temperature,2018,9,30.155056905698853
emea,240802,ssa,025,6,max_temperature,2018,10,29.295652388715631
emea,240802,ssa,025,6,max_temperature,2018,11,28.3928093572371
emea,240802,ssa,025,6,max_temperature,2018,12,26.067788080688764
emea,240802,ssa,025,6,max_temperature,2019,1,26.768561044022004
emea,240802,ssa,025,6,max_temperature,2019,2,27.642248181190993
emea,240802,ssa,025,6,max_temperature,2019,3,27.768091792358071
emea,240802,ssa,025,6,max_temperature,2019,4,27.534728943001607
emea,240802,ssa,025,6,max_temperature,2019,5,27.664563347025862
emea,240802,ssa,025,6,max_temperature,2019,6,26.811324778158369
emea,240802,ssa,025,6,max_temperature,2019,7,27.279265096852068
emea,240802,ssa,025,6,max_temperature,2019,8,28.548021678945346
emea,240802,ssa,025,6,max_temperature,2019,9,29.978742165421661
emea,240802,ssa,025,6,max_temperature,2019,10,28.752669750452093
emea,240802,ssa,025,6,max_temperature,2019,11,28.502762454716468
emea,240802,ssa,025,6,max_temperature,2019,12,25.714019539331193
emea,240802,ssa,025,6,max_temperature,2020,1,26.395806147701315
emea,240802,ssa,025,6,max_temperature,2020,2,27.103114856590054
emea,240802,ssa,025,6,max_temperature,2020,3,26.619336082171831
emea,240802,ssa,025,6,max_temperature,2020,4,26.825943346987774
emea,240802,ssa,025,6,max_temperature,2020,5,27.314869590789925
emea,240802,ssa,025,6,max_temperature,2020,6,26.966267861212337
emea,240802,ssa,025,6,max_temperature,2020,7,26.117206763330479
emea,240802,ssa,025,6,max_temperature,2020,8,28.397309592669895
emea,240802,ssa,025,6,max_temperature,2020,9,29.423242365841524
emea,240802,ssa,025,6,max_temperature,2020,10,29.681119963875641
emea,240802,ssa,025,6,max_temperature,2020,11,27.748077411186411
emea,240802,ssa,025,6,max_temperature,2020,12,26.086387636461662
emea,240802,ssa,025,6,max_temperature,2021,1,25.665563007957079
emea,240802,ssa,025,6,max_temperature,2021,2,26.875478020431
emea,240802,ssa,025,6,max_temperature,2021,3,27.386399851297348
emea,240802,ssa,025,6,max_temperature,2021,4,26.574868449514156
emea,240802,ssa,025,6,max_temperature,2021,5,27.110478194836922
emea,240802,ssa,025,6,max_temperature,2021,6,26.74235739616017
emea,240802,ssa,025,6,max_temperature,2021,7,26.247289994207769
emea,240802,ssa,025,6,max_temperature,2021,8,28.053765790740872
emea,240802,ssa,025,6,max_temperature,2021,9,29.478303144753774
emea,240802,ssa,025,6,max_temperature,2021,10,29.825565504944414
emea,240802,ssa,025,6,max_temperature,2021,11,28.909075506288993
emea,240802,ssa,025,6,max_temperature,2021,12,28.328660159414071
emea,240802,ssa,025,6,max_temperature,2022,1,26.070437014945643
emea,240802,ssa,025,6,max_temperature,2022,2,25.9194168521222
emea,240802,ssa,025,6,max_temperature,2022,3,27.392114959150707
emea,240802,ssa,025,6,max_temperature,2022,4,27.777381741639449
emea,240802,ssa,025,6,max_temperature,2022,5,27.565737622973089
emea,240802,ssa,025,6,max_temperature,2022,6,25.9670839810886
emea,240802,ssa,025,6,max_temperature,2022,7,26.112565294776637
emea,240802,ssa,025,6,max_temperature,2022,8,27.785509516376287
emea,240802,ssa,025,6,max_temperature,2022,9,29.287601296366624
emea,240802,ssa,025,6,max_temperature,2022,10,30.6328362622124
emea,240802,ssa,025,6,max_temperature,2022,11,27.138037820914167
emea,240802,ssa,025,6,max_temperature,2022,12,25.755109055140718
emea,240802,ssa,025,6,max_temperature,2023,1,26.322813587779684
emea,240802,ssa,025,6,max_temperature,2023,2,27.250972174604907
emea,240802,ssa,025,6,max_temperature,2023,3,26.607575354091722
emea,240802,ssa,025,6,max_temperature,2023,4,26.656129374190773
emea,240802,ssa,025,6,max_temperature,2023,5,27.492579886106739
emea,240802,ssa,025,6,max_temperature,2023,6,28.18031901501789
emea,240802,ssa,025,6,max_temperature,2023,7,26.803976320030838
emea,240802,ssa,025,6,max_temperature,2023,8,27.041097546043375
emea,240802,ssa,025,6,max_temperature,2023,9,29.399225435836382
emea,240802,ssa,025,6,max_temperature,2023,10,30.736890710005049
emea,240802,ssa,025,6,max_temperature,2023,11,29.423386821033933
emea,240802,ssa,025,6,max_temperature,2023,12,26.3834009344664
emea,240802,ssa,025,6,temp_range,2014,1,5.6123133377434442
emea,240802,ssa,025,6,temp_range,2014,2,5.6414692898744914
emea,240802,ssa,025,6,temp_range,2014,3,6.0988533412079491
emea,240802,ssa,025,6,temp_range,2014,4,6.2459439921050715
emea,240802,ssa,025,6,temp_range,2014,5,7.3767349821467674
emea,240802,ssa,025,6,temp_range,2014,6,8.3233838200065957
emea,240802,ssa,025,6,temp_range,2014,7,8.798763666814601
emea,240802,ssa,025,6,temp_range,2014,8,8.1270957327881366
emea,240802,ssa,025,6,temp_range,2014,9,8.0341701109169037
emea,240802,ssa,025,6,temp_range,2014,10,7.2969045101399086
emea,240802,ssa,025,6,temp_range,2014,11,6.9085125302376493
emea,240802,ssa,025,6,temp_range,2014,12,5.7386879459680085
emea,240802,ssa,025,6,temp_range,2015,1,5.6059031770496448
emea,240802,ssa,025,6,temp_range,2015,2,6.3175870164442456
emea,240802,ssa,025,6,temp_range,2015,3,6.35484116502042
emea,240802,ssa,025,6,temp_range,2015,4,5.8777495710795575
emea,240802,ssa,025,6,temp_range,2015,5,7.0740963695566634
emea,240802,ssa,025,6,temp_range,2015,6,8.4715133716835886
emea,240802,ssa,025,6,temp_range,2015,7,9.15976226115879
emea,240802,ssa,025,6,temp_range,2015,8,8.9258101838145727
emea,240802,ssa,025,6,temp_range,2015,9,8.42066397149036
emea,240802,ssa,025,6,temp_range,2015,10,6.9698541208123164
emea,240802,ssa,025,6,temp_range,2015,11,6.0011796340060988
emea,240802,ssa,025,6,temp_range,2015,12,5.5442400878378093
emea,240802,ssa,025,6,temp_range,2016,1,5.1625867379061194
emea,240802,ssa,025,6,temp_range,2016,2,5.9338288262173
emea,240802,ssa,025,6,temp_range,2016,3,6.3035022483336727
emea,240802,ssa,025,6,temp_range,2016,4,5.9241235830676651
emea,240802,ssa,025,6,temp_range,2016,5,7.7291691367417776
emea,240802,ssa,025,6,temp_range,2016,6,8.4421035538510978
emea,240802,ssa,025,6,temp_range,2016,7,8.9076219194721755
emea,240802,ssa,025,6,temp_range,2016,8,8.5902531902662744
emea,240802,ssa,025,6,temp_range,2016,9,8.5307519126465348
emea,240802,ssa,025,6,temp_range,2016,10,8.0451285431264612
emea,240802,ssa,025,6,temp_range,2016,11,6.5848579025652434
emea,240802,ssa,025,6,temp_range,2016,12,5.8117526738421086
emea,240802,ssa,025,6,temp_range,2017,1,5.7917652830594379
emea,240802,ssa,025,6,temp_range,2017,2,5.7205661403850012
emea,240802,ssa,025,6,temp_range,2017,3,6.1281770778124232
emea,240802,ssa,025,6,temp_range,2017,4,6.2440761759743
emea,240802,ssa,025,6,temp_range,2017,5,6.957158810624601
emea,240802,ssa,025,6,temp_range,2017,6,8.18524123498526
emea,240802,ssa,025,6,temp_range,2017,7,8.8056717920322534
emea,240802,ssa,025,6,temp_range,2017,8,8.1282830135344373
emea,240802,ssa,025,6,temp_range,2017,9,8.5603588784078379
emea,240802,ssa,025,6,temp_range,2017,10,7.2158976732421651
emea,240802,ssa,025,6,temp_range,2017,11,5.9241287643285574
emea,240802,ssa,025,6,temp_range,2017,12,5.5871212908636858
emea,240802,ssa,025,6,temp_range,2018,1,4.9914525060140509
emea,240802,ssa,025,6,temp_range,2018,2,6.1375895541017407
emea,240802,ssa,025,6,temp_range,2018,3,5.6744199467329333
emea,240802,ssa,025,6,temp_range,2018,4,5.7308839888093566
emea,240802,ssa,025,6,temp_range,2018,5,6.823435165257175
emea,240802,ssa,025,6,temp_range,2018,6,8.3940197998482482
emea,240802,ssa,025,6,temp_range,2018,7,8.4305118358899627
emea,240802,ssa,025,6,temp_range,2018,8,9.1170639713272088
emea,240802,ssa,025,6,temp_range,2018,9,8.4425243063040476
emea,240802,ssa,025,6,temp_range,2018,10,7.0214345991426512
emea,240802,ssa,025,6,temp_range,2018,11,6.5461354925701487
emea,240802,ssa,025,6,temp_range,2018,12,5.4660826902620068
emea,240802,ssa,025,6,temp_range,2019,1,5.726024933147615
emea,240802,ssa,025,6,temp_range,2019,2,6.2341336401973129
emea,240802,ssa,025,6,temp_range,2019,3,6.3744217297691552
emea,240802,ssa,025,6,temp_range,2019,4,6.3749797080610406
emea,240802,ssa,025,6,temp_range,2019,5,6.6053069848507384
emea,240802,ssa,025,6,temp_range,2019,6,8.70630442708753
emea,240802,ssa,025,6,temp_range,2019,7,8.858232710315372
emea,240802,ssa,025,6,temp_range,2019,8,8.8713341755239945
emea,240802,ssa,025,6,temp_range,2019,9,8.17968881200575
emea,240802,ssa,025,6,temp_range,2019,10,6.9500650969800608
emea,240802,ssa,025,6,temp_range,2019,11,6.5126823782368835
emea,240802,ssa,025,6,temp_range,2019,12,5.1728385736453548
emea,240802,ssa,025,6,temp_range,2020,1,5.3091601140698312
emea,240802,ssa,025,6,temp_range,2020,2,5.8885477259531029
emea,240802,ssa,025,6,temp_range,2020,3,5.5845602407674662
emea,240802,ssa,025,6,temp_range,2020,4,5.961536264417802
emea,240802,ssa,025,6,temp_range,2020,5,6.9672302867446758
emea,240802,ssa,025,6,temp_range,2020,6,8.0490042601916585
emea,240802,ssa,025,6,temp_range,2020,7,8.5239022375268281
emea,240802,ssa,025,6,temp_range,2020,8,8.9122286781276436
emea,240802,ssa,025,6,temp_range,2020,9,8.36473101090089
emea,240802,ssa,025,6,temp_range,2020,10,7.4985212567110207
emea,240802,ssa,025,6,temp_range,2020,11,6.3878471905011036
emea,240802,ssa,025,6,temp_range,2020,12,5.5140667295835186
emea,240802,ssa,025,6,temp_range,2021,1,5.3226775683131953
emea,240802,ssa,025,6,temp_range,2021,2,5.9715411294565737
emea,240802,ssa,025,6,temp_range,2021,3,6.4793280694471118
emea,240802,ssa,025,6,temp_range,2021,4,6.14571673099746
emea,240802,ssa,025,6,temp_range,2021,5,7.8856580571034609
emea,240802,ssa,025,6,temp_range,2021,6,8.6766464077437782
emea,240802,ssa,025,6,temp_range,2021,7,9.6331966495709764
emea,240802,ssa,025,6,temp_range,2021,8,9.0982425646224065
emea,240802,ssa,025,6,temp_range,2021,9,8.5972414576755352
emea,240802,ssa,025,6,temp_range,2021,10,7.6690816690983095
emea,240802,ssa,025,6,temp_range,2021,11,7.0704244739635191
emea,240802,ssa,025,6,temp_range,2021,12,6.3937344724436223
emea,240802,ssa,025,6,temp_range,2022,1,5.2929385882218867
emea,240802,ssa,025,6,temp_range,2022,2,5.5735622422992108
emea,240802,ssa,025,6,temp_range,2022,3,6.2327197404263153
emea,240802,ssa,025,6,temp_range,2022,4,6.7324599575854158
emea,240802,ssa,025,6,temp_range,2022,5,7.708187426042743
emea,240802,ssa,025,6,temp_range,2022,6,8.4211838496566713
emea,240802,ssa,025,6,temp_range,2022,7,8.5057439189222173
emea,240802,ssa,025,6,temp_range,2022,8,9.1162571075190417
emea,240802,ssa,025,6,temp_range,2022,9,8.5002476172317927
emea,240802,ssa,025,6,temp_range,2022,10,8.6951975166828088
emea,240802,ssa,025,6,temp_range,2022,11,6.1518029486020156
emea,240802,ssa,025,6,temp_range,2022,12,5.4464227778101684
emea,240802,ssa,025,6,temp_range,2023,1,5.9372326235766719
emea,240802,ssa,025,6,temp_range,2023,2,6.1874036561973194
emea,240802,ssa,025,6,temp_range,2023,3,5.8672807003449838
emea,240802,ssa,025,6,temp_range,2023,4,6.1368101934239228
emea,240802,ssa,025,6,temp_range,2023,5,7.1207209544232963
emea,240802,ssa,025,6,temp_range,2023,6,9.0909075419989627
emea,240802,ssa,025,6,temp_range,2023,7,9.53361505880909
emea,240802,ssa,025,6,temp_range,2023,8,8.6441839292288662
emea,240802,ssa,025,6,temp_range,2023,9,8.1676212290497219
emea,240802,ssa,025,6,temp_range,2023,10,7.7617529289381739
emea,240802,ssa,025,6,temp_range,2023,11,6.6894694002179111
emea,240802,ssa,025,6,temp_range,2023,12,5.6159089220011253
emea,240802,ssa,025,6,total_precipitation,2014,1,189.76121908766498
emea,240802,ssa,025,6,total_precipitation,2014,2,178.42369982895741
emea,240802,ssa,025,6,total_precipitation,2014,3,260.22869263698374
emea,240802,ssa,025,6,total_precipitation,2014,4,191.2137497954738
emea,240802,ssa,025,6,total_precipitation,2014,5,12.481373495708667
emea,240802,ssa,025,6,total_precipitation,2014,6,0.752406166939636
emea,240802,ssa,025,6,total_precipitation,2014,7,0.12945190021250141
emea,240802,ssa,025,6,total_precipitation,2014,8,4.1768239495370381
emea,240802,ssa,025,6,total_precipitation,2014,9,19.619376621107691
emea,240802,ssa,025,6,total_precipitation,2014,10,85.509788876146686
emea,240802,ssa,025,6,total_precipitation,2014,11,150.5444991391756
emea,240802,ssa,025,6,total_precipitation,2014,12,226.73069954767865
emea,240802,ssa,025,6,total_precipitation,2015,1,188.88740120080394
emea,240802,ssa,025,6,total_precipitation,2015,2,172.30558698782545
emea,240802,ssa,025,6,total_precipitation,2015,3,187.4381502539519
emea,240802,ssa,025,6,total_precipitation,2015,4,219.10840271797815
emea,240802,ssa,025,6,total_precipitation,2015,5,39.683779706304428
emea,240802,ssa,025,6,total_precipitation,2015,6,1.0663728996703412
emea,240802,ssa,025,6,total_precipitation,2015,7,0.34734944967884473
emea,240802,ssa,025,6,total_precipitation,2015,8,0.068205976415811165
emea,240802,ssa,025,6,total_precipitation,2015,9,5.35599951748155
emea,240802,ssa,025,6,total_precipitation,2015,10,112.90369647201535
emea,240802,ssa,025,6,total_precipitation,2015,11,249.23925758997194
emea,240802,ssa,025,6,total_precipitation,2015,12,289.59272215447629
emea,240802,ssa,025,6,total_precipitation,2016,1,258.09952048546506
emea,240802,ssa,025,6,total_precipitation,2016,2,187.33739041368608
emea,240802,ssa,025,6,total_precipitation,2016,3,221.61442912392232
emea,240802,ssa,025,6,total_precipitation,2016,4,229.95783946649019
emea,240802,ssa,025,6,total_precipitation,2016,5,36.118132957622507
emea,240802,ssa,025,6,total_precipitation,2016,6,0.80877611677151151
emea,240802,ssa,025,6,total_precipitation,2016,7,0.073779756360508486
emea,240802,ssa,025,6,total_precipitation,2016,8,0.181530092550517
emea,240802,ssa,025,6,total_precipitation,2016,9,3.9454149198851525
emea,240802,ssa,025,6,total_precipitation,2016,10,35.572556885149865
emea,240802,ssa,025,6,total_precipitation,2016,11,138.11760672002239
emea,240802,ssa,025,6,total_precipitation,2016,12,266.94413854571656
emea,240802,ssa,025,6,total_precipitation,2017,1,185.8933233509569
emea,240802,ssa,025,6,total_precipitation,2017,2,205.25752854539462
emea,240802,ssa,025,6,total_precipitation,2017,3,255.54074140460219
emea,240802,ssa,025,6,total_precipitation,2017,4,137.7313621966909
emea,240802,ssa,025,6,total_precipitation,2017,5,32.62827528427168
emea,240802,ssa,025,6,total_precipitation,2017,6,1.4863280970476893
emea,240802,ssa,025,6,total_precipitation,2017,7,0.71717969224306444
emea,240802,ssa,025,6,total_precipitation,2017,8,4.2928764239258186
emea,240802,ssa,025,6,total_precipitation,2017,9,7.662352655001115
emea,240802,ssa,025,6,total_precipitation,2017,10,107.23534446525633
emea,240802,ssa,025,6,total_precipitation,2017,11,254.15516287269045
emea,240802,ssa,025,6,total_precipitation,2017,12,321.56154852881406
emea,240802,ssa,025,6,total_precipitation,2018,1,250.61577453161604
emea,240802,ssa,025,6,total_precipitation,2018,2,152.49295737721587
emea,240802,ssa,025,6,total_precipitation,2018,3,242.12333494906551
emea,240802,ssa,025,6,total_precipitation,2018,4,302.25808299305629
emea,240802,ssa,025,6,total_precipitation,2018,5,52.990100156325013
emea,240802,ssa,025,6,total_precipitation,2018,6,1.2864875735046013
emea,240802,ssa,025,6,total_precipitation,2018,7,1.1393797324537758
emea,240802,ssa,025,6,total_precipitation,2018,8,7.3806576279998239
emea,240802,ssa,025,6,total_precipitation,2018,9,5.32550748424886
emea,240802,ssa,025,6,total_precipitation,2018,10,71.319628941254223
emea,240802,ssa,025,6,total_precipitation,2018,11,167.1788014734222
emea,240802,ssa,025,6,total_precipitation,2018,12,244.24570621727597
emea,240802,ssa,025,6,total_precipitation,2019,1,222.17105753020894
emea,240802,ssa,025,6,total_precipitation,2019,2,196.07598281307003
emea,240802,ssa,025,6,total_precipitation,2019,3,158.42885197412096
emea,240802,ssa,025,6,total_precipitation,2019,4,179.75137911072991
emea,240802,ssa,025,6,total_precipitation,2019,5,80.511649288698223
emea,240802,ssa,025,6,total_precipitation,2019,6,0.49330406154972195
emea,240802,ssa,025,6,total_precipitation,2019,7,0.48404209292729661
emea,240802,ssa,025,6,total_precipitation,2019,8,1.0162429039085481
emea,240802,ssa,025,6,total_precipitation,2019,9,10.395786999526734
emea,240802,ssa,025,6,total_precipitation,2019,10,130.47673950159265
emea,240802,ssa,025,6,total_precipitation,2019,11,223.81792340025748
emea,240802,ssa,025,6,total_precipitation,2019,12,349.33400863706504
emea,240802,ssa,025,6,total_precipitation,2020,1,259.70558490490674
emea,240802,ssa,025,6,total_precipitation,2020,2,303.88628515721905
emea,240802,ssa,025,6,total_precipitation,2020,3,298.92179930344435
emea,240802,ssa,025,6,total_precipitation,2020,4,229.42192864398615
emea,240802,ssa,025,6,total_precipitation,2020,5,28.580195232100273
emea,240802,ssa,025,6,total_precipitation,2020,6,2.0844068168739085
emea,240802,ssa,025,6,total_precipitation,2020,7,1.7492897815070734
emea,240802,ssa,025,6,total_precipitation,2020,8,1.8168145579694794
emea,240802,ssa,025,6,total_precipitation,2020,9,8.72658951211271
emea,240802,ssa,025,6,total_precipitation,2020,10,56.1095664064447
emea,240802,ssa,025,6,total_precipitation,2020,11,203.03725835802226
emea,240802,ssa,025,6,total_precipitation,2020,12,306.03553388045634
emea,240802,ssa,025,6,total_precipitation,2021,1,258.89897226414178
emea,240802,ssa,025,6,total_precipitation,2021,2,179.99780838466978
emea,240802,ssa,025,6,total_precipitation,2021,3,197.84869128500839
emea,240802,ssa,025,6,total_precipitation,2021,4,210.47218557386111
emea,240802,ssa,025,6,total_precipitation,2021,5,47.551002443372873
emea,240802,ssa,025,6,total_precipitation,2021,6,1.5795189449141134
emea,240802,ssa,025,6,total_precipitation,2021,7,0.26062121646278058
emea,240802,ssa,025,6,total_precipitation,2021,8,0.75464426574292531
emea,240802,ssa,025,6,total_precipitation,2021,9,7.0189794048192766
emea,240802,ssa,025,6,total_precipitation,2021,10,48.04720546038542
emea,240802,ssa,025,6,total_precipitation,2021,11,136.11113795599857
emea,240802,ssa,025,6,total_precipitation,2021,12,203.54289039242033
emea,240802,ssa,025,6,total_precipitation,2022,1,258.11025196324249
emea,240802,ssa,025,6,total_precipitation,2022,2,214.57366660982336
emea,240802,ssa,025,6,total_precipitation,2022,3,244.38897370954567
emea,240802,ssa,025,6,total_precipitation,2022,4,197.14338677683827
emea,240802,ssa,025,6,total_precipitation,2022,5,22.431781995951738
emea,240802,ssa,025,6,total_precipitation,2022,6,2.334998210566738
emea,240802,ssa,025,6,total_precipitation,2022,7,0.54277128912580963
emea,240802,ssa,025,6,total_precipitation,2022,8,2.0578006906953732
emea,240802,ssa,025,6,total_precipitation,2022,9,5.8032483222199716
emea,240802,ssa,025,6,total_precipitation,2022,10,16.138417796468246
emea,240802,ssa,025,6,total_precipitation,2022,11,221.88693622492443
emea,240802,ssa,025,6,total_precipitation,2022,12,328.82601782416191
emea,240802,ssa,025,6,total_precipitation,2023,1,204.93031898214542
emea,240802,ssa,025,6,total_precipitation,2023,2,148.75861184177796
emea,240802,ssa,025,6,total_precipitation,2023,3,252.62831261959926
emea,240802,ssa,025,6,total_precipitation,2023,4,230.32645209511384
emea,240802,ssa,025,6,total_precipitation,2023,5,28.726117716067378
emea,240802,ssa,025,6,total_precipitation,2023,6,1.0391982014310628
emea,240802,ssa,025,6,total_precipitation,2023,7,0.1397355029106393
emea,240802,ssa,025,6,total_precipitation,2023,8,0.0043141331771181513
emea,240802,ssa,025,6,total_precipitation,2023,9,7.3177529508613191
emea,240802,ssa,025,6,total_precipitation,2023,10,24.427556061303989
emea,240802,ssa,025,6,total_precipitation,2023,11,36.4050724547569
emea,240802,ssa,025,6,total_precipitation,2023,12,140.88809888075255
emea,240802,ssa,025,7,daylength,,1,736.70877100143537
emea,240802,ssa,025,7,daylength,,2,730.52789880285229
emea,240802,ssa,025,7,daylength,,3,722.112916831857
emea,240802,ssa,025,7,daylength,,4,713.02685008172421
emea,240802,ssa,025,7,daylength,,5,705.3953912269692
emea,240802,ssa,025,7,daylength,,6,701.55348832898494
emea,240802,ssa,025,7,daylength,,7,703.07692479213563
emea,240802,ssa,025,7,daylength,,8,709.47178685988956
emea,240802,ssa,025,7,daylength,,9,718.18819802982534
emea,240802,ssa,025,7,daylength,,10,727.25788391391643
emea,240802,ssa,025,7,daylength,,11,734.80394965341122
emea,240802,ssa,025,7,daylength,,12,738.43497212451041
emea,240802,ssa,025,7,elevation,,,1205.0223208853577
emea,240802,ssa,025,7,max_temperature,2014,1,27.555000112212284
emea,240802,ssa,025,7,max_temperature,2014,2,28.135555188919149
emea,240802,ssa,025,7,max_temperature,2014,3,28.703132407364365
emea,240802,ssa,025,7,max_temperature,2014,4,27.970284140541111
emea,240802,ssa,025,7,max_temperature,2014,5,28.97337276602315
emea,240802,ssa,025,7,max_temperature,2014,6,28.286535132227947
emea,240802,ssa,025,7,max_temperature,2014,7,28.463932273482527
emea,240802,ssa,025,7,max_temperature,2014,8,29.179274344651173
emea,240802,ssa,025,7,max_temperature,2014,9,30.369211726288242
emea,240802,ssa,025,7,max_temperature,2014,10,30.538341949084167
emea,240802,ssa,025,7,max_temperature,2014,11,31.040095516709744
emea,240802,ssa,025,7,max_temperature,2014,12,28.237904445638605
emea,240802,ssa,025,7,max_temperature,2015,1,27.614807077233721
emea,240802,ssa,025,7,max_temperature,2015,2,29.63571832518025
emea,240802,ssa,025,7,max_temperature,2015,3,29.977448693997246
emea,240802,ssa,025,7,max_temperature,2015,4,27.56143855125606
emea,240802,ssa,025,7,max_temperature,2015,5,28.020574166318458
emea,240802,ssa,025,7,max_temperature,2015,6,28.786924997533312
emea,240802,ssa,025,7,max_temperature,2015,7,28.928276380512454
emea,240802,ssa,025,7,max_temperature,2015,8,29.506719297535202
emea,240802,ssa,025,7,max_temperature,2015,9,31.163749831472508
emea,240802,ssa,025,7,max_temperature,2015,10,31.760772535991546
emea,240802,ssa,025,7,max_temperature,2015,11,28.874188163714418
emea,240802,ssa,025,7,max_temperature,2015,12,27.990533474184176
emea,240802,ssa,025,7,max_temperature,2016,1,27.547494656924432
emea,240802,ssa,025,7,max_temperature,2016,2,28.465193596364912
emea,240802,ssa,025,7,max_temperature,2016,3,30.498683205697127
emea,240802,ssa,025,7,max_temperature,2016,4,27.776290537659111
emea,240802,ssa,025,7,max_temperature,2016,5,28.304275570586054
emea,240802,ssa,025,7,max_temperature,2016,6,27.891263356638294
emea,240802,ssa,025,7,max_temperature,2016,7,28.036792471654962
emea,240802,ssa,025,7,max_temperature,2016,8,28.932656692275344
emea,240802,ssa,025,7,max_temperature,2016,9,30.550955624505256
emea,240802,ssa,025,7,max_temperature,2016,10,31.940782935100167
emea,240802,ssa,025,7,max_temperature,2016,11,31.165287720975297
emea,240802,ssa,025,7,max_temperature,2016,12,30.186943525007138
emea,240802,ssa,025,7,max_temperature,2017,1,30.107548414516781
emea,240802,ssa,025,7,max_temperature,2017,2,28.898109177180221
emea,240802,ssa,025,7,max_temperature,2017,3,28.513400448380313
emea,240802,ssa,025,7,max_temperature,2017,4,28.89559498441691
emea,240802,ssa,025,7,max_temperature,2017,5,28.728909942991951
emea,240802,ssa,025,7,max_temperature,2017,6,29.34070351050206
emea,240802,ssa,025,7,max_temperature,2017,7,29.1857479254885
emea,240802,ssa,025,7,max_temperature,2017,8,29.635723208787429
emea,240802,ssa,025,7,max_temperature,2017,9,30.890377502590329
emea,240802,ssa,025,7,max_temperature,2017,10,31.713894673697855
emea,240802,ssa,025,7,max_temperature,2017,11,29.575691686047204
emea,240802,ssa,025,7,max_temperature,2017,12,28.979919117633873
emea,240802,ssa,025,7,max_temperature,2018,1,26.687541078109497
emea,240802,ssa,025,7,max_temperature,2018,2,29.806681624163414
emea,240802,ssa,025,7,max_temperature,2018,3,27.038675351338146
emea,240802,ssa,025,7,max_temperature,2018,4,26.717642510689231
emea,240802,ssa,025,7,max_temperature,2018,5,27.549225529159855
emea,240802,ssa,025,7,max_temperature,2018,6,27.806817144793261
emea,240802,ssa,025,7,max_temperature,2018,7,27.050442476066515
emea,240802,ssa,025,7,max_temperature,2018,8,28.984455299515414
emea,240802,ssa,025,7,max_temperature,2018,9,31.2119425395395
emea,240802,ssa,025,7,max_temperature,2018,10,31.19689335196518
emea,240802,ssa,025,7,max_temperature,2018,11,31.36919429911773
emea,240802,ssa,025,7,max_temperature,2018,12,27.988409380278071
emea,240802,ssa,025,7,max_temperature,2019,1,28.601425929644257
emea,240802,ssa,025,7,max_temperature,2019,2,29.758444827772536
emea,240802,ssa,025,7,max_temperature,2019,3,30.001060097574516
emea,240802,ssa,025,7,max_temperature,2019,4,29.039340888166358
emea,240802,ssa,025,7,max_temperature,2019,5,28.245558970592239
emea,240802,ssa,025,7,max_temperature,2019,6,28.535121439427858
emea,240802,ssa,025,7,max_temperature,2019,7,28.908690796215105
emea,240802,ssa,025,7,max_temperature,2019,8,29.747791279574319
emea,240802,ssa,025,7,max_temperature,2019,9,31.1877881416153
emea,240802,ssa,025,7,max_temperature,2019,10,30.66955661345067
emea,240802,ssa,025,7,max_temperature,2019,11,30.50118048968913
emea,240802,ssa,025,7,max_temperature,2019,12,26.952453847172439
emea,240802,ssa,025,7,max_temperature,2020,1,27.241204621307084
emea,240802,ssa,025,7,max_temperature,2020,2,28.453773883813966
emea,240802,ssa,025,7,max_temperature,2020,3,27.68874079147724
emea,240802,ssa,025,7,max_temperature,2020,4,27.108202248191468
emea,240802,ssa,025,7,max_temperature,2020,5,27.513652310277273
emea,240802,ssa,025,7,max_temperature,2020,6,27.830149141260311
emea,240802,ssa,025,7,max_temperature,2020,7,27.19861818675642
emea,240802,ssa,025,7,max_temperature,2020,8,29.336927264061984
emea,240802,ssa,025,7,max_temperature,2020,9,30.3857608756313
emea,240802,ssa,025,7,max_temperature,2020,10,31.235297241864728
emea,240802,ssa,025,7,max_temperature,2020,11,29.278214639242293
emea,240802,ssa,025,7,max_temperature,2020,12,27.866423084294532
emea,240802,ssa,025,7,max_temperature,2021,1,26.791744259677081
emea,240802,ssa,025,7,max_temperature,2021,2,27.825747745375473
emea,240802,ssa,025,7,max_temperature,2021,3,28.755932358403218
emea,240802,ssa,025,7,max_temperature,2021,4,27.4996898231586
emea,240802,ssa,025,7,max_temperature,2021,5,27.998223009480686
emea,240802,ssa,025,7,max_temperature,2021,6,27.71061074511076
emea,240802,ssa,025,7,max_temperature,2021,7,27.371468208324909
emea,240802,ssa,025,7,max_temperature,2021,8,29.096619734963987
emea,240802,ssa,025,7,max_temperature,2021,9,30.26062848756181
emea,240802,ssa,025,7,max_temperature,2021,10,31.5870374729333
emea,240802,ssa,025,7,max_temperature,2021,11,31.74258634273318
emea,240802,ssa,025,7,max_temperature,2021,12,30.553253001744682
emea,240802,ssa,025,7,max_temperature,2022,1,28.020156804858519
emea,240802,ssa,025,7,max_temperature,2022,2,26.569001056681
emea,240802,ssa,025,7,max_temperature,2022,3,28.741317764384377
emea,240802,ssa,025,7,max_temperature,2022,4,29.30212897028132
emea,240802,ssa,025,7,max_temperature,2022,5,28.557524253724857
emea,240802,ssa,025,7,max_temperature,2022,6,27.62333038314701
emea,240802,ssa,025,7,max_temperature,2022,7,27.594279195197458
emea,240802,ssa,025,7,max_temperature,2022,8,29.008034873762181
emea,240802,ssa,025,7,max_temperature,2022,9,30.539624762184445
emea,240802,ssa,025,7,max_temperature,2022,10,31.871675933661223
emea,240802,ssa,025,7,max_temperature,2022,11,30.21964354138683
emea,240802,ssa,025,7,max_temperature,2022,12,28.554811167074362
emea,240802,ssa,025,7,max_temperature,2023,1,27.911620364884595
emea,240802,ssa,025,7,max_temperature,2023,2,29.423048658431888
emea,240802,ssa,025,7,max_temperature,2023,3,27.68615583366633
emea,240802,ssa,025,7,max_temperature,2023,4,27.678931527535465
emea,240802,ssa,025,7,max_temperature,2023,5,28.341554978808407
emea,240802,ssa,025,7,max_temperature,2023,6,28.961147559939803
emea,240802,ssa,025,7,max_temperature,2023,7,28.233418717195033
emea,240802,ssa,025,7,max_temperature,2023,8,27.983745063740024
emea,240802,ssa,025,7,max_temperature,2023,9,30.153038772972515
emea,240802,ssa,025,7,max_temperature,2023,10,32.377765017128837
emea,240802,ssa,025,7,max_temperature,2023,11,31.681941348712314
emea,240802,ssa,025,7,max_temperature,2023,12,27.756184330499071
emea,240802,ssa,025,7,temp_range,2014,1,9.03370860897813
emea,240802,ssa,025,7,temp_range,2014,2,9.52787780732246
emea,240802,ssa,025,7,temp_range,2014,3,9.8758107211529857
emea,240802,ssa,025,7,temp_range,2014,4,9.76334964892392
emea,240802,ssa,025,7,temp_range,2014,5,10.990006463253199
emea,240802,ssa,025,7,temp_range,2014,6,11.401824472629404
emea,240802,ssa,025,7,temp_range,2014,7,12.173954147554269
emea,240802,ssa,025,7,temp_range,2014,8,11.81350361851621
emea,240802,ssa,025,7,temp_range,2014,9,11.976636785748008
emea,240802,ssa,025,7,temp_range,2014,10,11.26052016802414
emea,240802,ssa,025,7,temp_range,2014,11,11.36067085172502
emea,240802,ssa,025,7,temp_range,2014,12,9.48527447709315
emea,240802,ssa,025,7,temp_range,2015,1,8.9983910903284947
emea,240802,ssa,025,7,temp_range,2015,2,10.574535609109608
emea,240802,ssa,025,7,temp_range,2015,3,10.470509889666083
emea,240802,ssa,025,7,temp_range,2015,4,8.9782447578771727
emea,240802,ssa,025,7,temp_range,2015,5,10.234752644591387
emea,240802,ssa,025,7,temp_range,2015,6,12.19607727789794
emea,240802,ssa,025,7,temp_range,2015,7,13.01204710298029
emea,240802,ssa,025,7,temp_range,2015,8,12.523851506584109
emea,240802,ssa,025,7,temp_range,2015,9,12.39982797350264
emea,240802,ssa,025,7,temp_range,2015,10,11.38721637005114
emea,240802,ssa,025,7,temp_range,2015,11,9.75501638589655
emea,240802,ssa,025,7,temp_range,2015,12,9.1341313770820189
emea,240802,ssa,025,7,temp_range,2016,1,8.4741411955359389
emea,240802,ssa,025,7,temp_range,2016,2,9.382856303796995
emea,240802,ssa,025,7,temp_range,2016,3,10.651370861540624
emea,240802,ssa,025,7,temp_range,2016,4,8.64767503138583
emea,240802,ssa,025,7,temp_range,2016,5,11.234125697503483
emea,240802,ssa,025,7,temp_range,2016,6,11.691663514688939
emea,240802,ssa,025,7,temp_range,2016,7,12.746792447846229
emea,240802,ssa,025,7,temp_range,2016,8,12.193278681098047
emea,240802,ssa,025,7,temp_range,2016,9,12.603137934793818
emea,240802,ssa,025,7,temp_range,2016,10,12.356238107144426
emea,240802,ssa,025,7,temp_range,2016,11,11.089211081879526
emea,240802,ssa,025,7,temp_range,2016,12,10.473408657003873
emea,240802,ssa,025,7,temp_range,2017,1,10.598221307399111
emea,240802,ssa,025,7,temp_range,2017,2,9.7306979676033869
emea,240802,ssa,025,7,temp_range,2017,3,9.8124928100793376
emea,240802,ssa,025,7,temp_range,2017,4,10.004096654654715
emea,240802,ssa,025,7,temp_range,2017,5,10.266781814615188
emea,240802,ssa,025,7,temp_range,2017,6,12.061487609947832
emea,240802,ssa,025,7,temp_range,2017,7,12.472473325063525
emea,240802,ssa,025,7,temp_range,2017,8,11.620769557960022
emea,240802,ssa,025,7,temp_range,2017,9,12.546672793430101
emea,240802,ssa,025,7,temp_range,2017,10,11.918786122828037
emea,240802,ssa,025,7,temp_range,2017,11,10.188255716961409
emea,240802,ssa,025,7,temp_range,2017,12,9.5745875667651479
emea,240802,ssa,025,7,temp_range,2018,1,8.2872870899789852
emea,240802,ssa,025,7,temp_range,2018,2,10.490582434987109
emea,240802,ssa,025,7,temp_range,2018,3,8.648155289675179
emea,240802,ssa,025,7,temp_range,2018,4,8.3739417751650791
emea,240802,ssa,025,7,temp_range,2018,5,10.05002440956058
emea,240802,ssa,025,7,temp_range,2018,6,12.135598391282366
emea,240802,ssa,025,7,temp_range,2018,7,11.492596734368682
emea,240802,ssa,025,7,temp_range,2018,8,12.431621223179366
emea,240802,ssa,025,7,temp_range,2018,9,12.79262329485873
emea,240802,ssa,025,7,temp_range,2018,10,11.589750901733263
emea,240802,ssa,025,7,temp_range,2018,11,11.388430816766183
emea,240802,ssa,025,7,temp_range,2018,12,9.4108316666601315
emea,240802,ssa,025,7,temp_range,2019,1,9.6510528132187634
emea,240802,ssa,025,7,temp_range,2019,2,10.336671637286219
emea,240802,ssa,025,7,temp_range,2019,3,10.879136847279407
emea,240802,ssa,025,7,temp_range,2019,4,9.8540650111396815
emea,240802,ssa,025,7,temp_range,2019,5,9.3967026453946456
emea,240802,ssa,025,7,temp_range,2019,6,11.621443647261135
emea,240802,ssa,025,7,temp_range,2019,7,12.577245354528586
emea,240802,ssa,025,7,temp_range,2019,8,12.451477513606804
emea,240802,ssa,025,7,temp_range,2019,9,12.501713886160296
emea,240802,ssa,025,7,temp_range,2019,10,11.061450739507858
emea,240802,ssa,025,7,temp_range,2019,11,10.615939577147227
emea,240802,ssa,025,7,temp_range,2019,12,8.1808544432686965
emea,240802,ssa,025,7,temp_range,2020,1,8.2287632870750613
emea,240802,ssa,025,7,temp_range,2020,2,9.2748269763669136
emea,240802,ssa,025,7,temp_range,2020,3,8.6770250513051259
emea,240802,ssa,025,7,temp_range,2020,4,8.37129379610421
emea,240802,ssa,025,7,temp_range,2020,5,10.048495151125115
emea,240802,ssa,025,7,temp_range,2020,6,11.551884749034762
emea,240802,ssa,025,7,temp_range,2020,7,11.67412756063343
emea,240802,ssa,025,7,temp_range,2020,8,12.739259208043809
emea,240802,ssa,025,7,temp_range,2020,9,12.419683425221756
emea,240802,ssa,025,7,temp_range,2020,10,12.051681985956478
emea,240802,ssa,025,7,temp_range,2020,11,10.053619969614781
emea,240802,ssa,025,7,temp_range,2020,12,9.243198310204
emea,240802,ssa,025,7,temp_range,2021,1,8.5922245690070067
emea,240802,ssa,025,7,temp_range,2021,2,9.3106940926982578
emea,240802,ssa,025,7,temp_range,2021,3,10.464827472221511
emea,240802,ssa,025,7,temp_range,2021,4,9.154284302077361
emea,240802,ssa,025,7,temp_range,2021,5,10.977413447706427
emea,240802,ssa,025,7,temp_range,2021,6,12.1589360150317
emea,240802,ssa,025,7,temp_range,2021,7,12.79314880853979
emea,240802,ssa,025,7,temp_range,2021,8,12.761671540740306
emea,240802,ssa,025,7,temp_range,2021,9,12.362467536329778
emea,240802,ssa,025,7,temp_range,2021,10,12.174704867126486
emea,240802,ssa,025,7,temp_range,2021,11,12.158110104103447
emea,240802,ssa,025,7,temp_range,2021,12,10.342600337378004
emea,240802,ssa,025,7,temp_range,2022,1,9.2929415437408043
emea,240802,ssa,025,7,temp_range,2022,2,8.147945552455635
emea,240802,ssa,025,7,temp_range,2022,3,9.9268893816158137
emea,240802,ssa,025,7,temp_range,2022,4,10.557379023672411
emea,240802,ssa,025,7,temp_range,2022,5,10.976275453914541
emea,240802,ssa,025,7,temp_range,2022,6,11.754463615459708
emea,240802,ssa,025,7,temp_range,2022,7,12.211227798933974
emea,240802,ssa,025,7,temp_range,2022,8,12.751767378462025
emea,240802,ssa,025,7,temp_range,2022,9,12.692033675074708
emea,240802,ssa,025,7,temp_range,2022,10,13.447305965642309
emea,240802,ssa,025,7,temp_range,2022,11,10.57649875234976
emea,240802,ssa,025,7,temp_range,2022,12,9.4003025053848184
emea,240802,ssa,025,7,temp_range,2023,1,9.6822547315868075
emea,240802,ssa,025,7,temp_range,2023,2,10.411071829112677
emea,240802,ssa,025,7,temp_range,2023,3,9.0793531503636622
emea,240802,ssa,025,7,temp_range,2023,4,9.1131935968214481
emea,240802,ssa,025,7,temp_range,2023,5,10.426977971732756
emea,240802,ssa,025,7,temp_range,2023,6,12.392413807465918
emea,240802,ssa,025,7,temp_range,2023,7,13.093758286949086
emea,240802,ssa,025,7,temp_range,2023,8,11.016359952837787
emea,240802,ssa,025,7,temp_range,2023,9,11.576743984904395
emea,240802,ssa,025,7,temp_range,2023,10,12.254054610528232
emea,240802,ssa,025,7,temp_range,2023,11,11.12917192681172
emea,240802,ssa,025,7,temp_range,2023,12,8.7699495911932726
emea,240802,ssa,025,7,total_precipitation,2014,1,156.22104116006679
emea,240802,ssa,025,7,total_precipitation,2014,2,121.45121940219563
emea,240802,ssa,025,7,total_precipitation,2014,3,156.87395050646151
emea,240802,ssa,025,7,total_precipitation,2014,4,97.891581024529458
emea,240802,ssa,025,7,total_precipitation,2014,5,6.1387775114020684
emea,240802,ssa,025,7,total_precipitation,2014,6,2.6059711394741214
emea,240802,ssa,025,7,total_precipitation,2014,7,1.5775074768754394
emea,240802,ssa,025,7,total_precipitation,2014,8,8.1195444262747287
emea,240802,ssa,025,7,total_precipitation,2014,9,15.695746579975648
emea,240802,ssa,025,7,total_precipitation,2014,10,59.877908154339693
emea,240802,ssa,025,7,total_precipitation,2014,11,69.770745256837984
emea,240802,ssa,025,7,total_precipitation,2014,12,157.18029881157213
emea,240802,ssa,025,7,total_precipitation,2015,1,128.64807495433396
emea,240802,ssa,025,7,total_precipitation,2015,2,86.054862061688908
emea,240802,ssa,025,7,total_precipitation,2015,3,105.69833806609427
emea,240802,ssa,025,7,total_precipitation,2015,4,161.06218454705916
emea,240802,ssa,025,7,total_precipitation,2015,5,37.26689698931623
emea,240802,ssa,025,7,total_precipitation,2015,6,3.0810361293444259
emea,240802,ssa,025,7,total_precipitation,2015,7,0.80311494747458312
emea,240802,ssa,025,7,total_precipitation,2015,8,0.5205066796944493
emea,240802,ssa,025,7,total_precipitation,2015,9,1.9397600728341757
emea,240802,ssa,025,7,total_precipitation,2015,10,47.098118554701287
emea,240802,ssa,025,7,total_precipitation,2015,11,178.10051542371471
emea,240802,ssa,025,7,total_precipitation,2015,12,165.76429124903345
emea,240802,ssa,025,7,total_precipitation,2016,1,209.62734213554774
emea,240802,ssa,025,7,total_precipitation,2016,2,127.43073331866924
emea,240802,ssa,025,7,total_precipitation,2016,3,111.74044650696676
emea,240802,ssa,025,7,total_precipitation,2016,4,167.54326174694188
emea,240802,ssa,025,7,total_precipitation,2016,5,15.91650274360434
emea,240802,ssa,025,7,total_precipitation,2016,6,1.1582209733150535
emea,240802,ssa,025,7,total_precipitation,2016,7,0.19563945804779337
emea,240802,ssa,025,7,total_precipitation,2016,8,0.370358912447017
emea,240802,ssa,025,7,total_precipitation,2016,9,3.5113810809283734
emea,240802,ssa,025,7,total_precipitation,2016,10,23.878255535636157
emea,240802,ssa,025,7,total_precipitation,2016,11,54.887299298707241
emea,240802,ssa,025,7,total_precipitation,2016,12,103.22697669924055
emea,240802,ssa,025,7,total_precipitation,2017,1,101.85294835089677
emea,240802,ssa,025,7,total_precipitation,2017,2,130.35174277742024
emea,240802,ssa,025,7,total_precipitation,2017,3,160.3807720527841
emea,240802,ssa,025,7,total_precipitation,2017,4,76.456260245973041
emea,240802,ssa,025,7,total_precipitation,2017,5,21.720407325305764
emea,240802,ssa,025,7,total_precipitation,2017,6,0.933295014080997
emea,240802,ssa,025,7,total_precipitation,2017,7,0.65344523349689609
emea,240802,ssa,025,7,total_precipitation,2017,8,4.0172600496974979
emea,240802,ssa,025,7,total_precipitation,2017,9,7.6689447856765867
emea,240802,ssa,025,7,total_precipitation,2017,10,50.997403249900181
emea,240802,ssa,025,7,total_precipitation,2017,11,137.31339542386056
emea,240802,ssa,025,7,total_precipitation,2017,12,138.20386965718436
emea,240802,ssa,025,7,total_precipitation,2018,1,192.89052562138468
emea,240802,ssa,025,7,total_precipitation,2018,2,59.830687286653287
emea,240802,ssa,025,7,total_precipitation,2018,3,186.62904456033243
emea,240802,ssa,025,7,total_precipitation,2018,4,222.36659642041036
emea,240802,ssa,025,7,total_precipitation,2018,5,27.397408268136843
emea,240802,ssa,025,7,total_precipitation,2018,6,0.94711504868246266
emea,240802,ssa,025,7,total_precipitation,2018,7,1.8726530430096489
emea,240802,ssa,025,7,total_precipitation,2018,8,8.4781629876655273
emea,240802,ssa,025,7,total_precipitation,2018,9,1.1213112930900024
emea,240802,ssa,025,7,total_precipitation,2018,10,29.810146883056461
emea,240802,ssa,025,7,total_precipitation,2018,11,68.967560455224273
emea,240802,ssa,025,7,total_precipitation,2018,12,169.47427509768428
emea,240802,ssa,025,7,total_precipitation,2019,1,137.77526147742552
emea,240802,ssa,025,7,total_precipitation,2019,2,81.38761751028045
emea,240802,ssa,025,7,total_precipitation,2019,3,78.926160870291156
emea,240802,ssa,025,7,total_precipitation,2019,4,134.57541194855241
emea,240802,ssa,025,7,total_precipitation,2019,5,40.444952495709146
emea,240802,ssa,025,7,total_precipitation,2019,6,3.1399506116824796
emea,240802,ssa,025,7,total_precipitation,2019,7,2.9728315261425706
emea,240802,ssa,025,7,total_precipitation,2019,8,2.107655034040036
emea,240802,ssa,025,7,total_precipitation,2019,9,6.4528254190703223
emea,240802,ssa,025,7,total_precipitation,2019,10,65.730847697764062
emea,240802,ssa,025,7,total_precipitation,2019,11,153.02114116627246
emea,240802,ssa,025,7,total_precipitation,2019,12,237.62104311523
emea,240802,ssa,025,7,total_precipitation,2020,1,205.18337383304569
emea,240802,ssa,025,7,total_precipitation,2020,2,190.07292381567225
emea,240802,ssa,025,7,total_precipitation,2020,3,240.90757101143058
emea,240802,ssa,025,7,total_precipitation,2020,4,170.25138292416659
emea,240802,ssa,025,7,total_precipitation,2020,5,13.894419217346524
emea,240802,ssa,025,7,total_precipitation,2020,6,1.562866850251595
emea,240802,ssa,025,7,total_precipitation,2020,7,1.6801433923219946
emea,240802,ssa,025,7,total_precipitation,2020,8,1.0760032713830583
emea,240802,ssa,025,7,total_precipitation,2020,9,6.2443744827263288
emea,240802,ssa,025,7,total_precipitation,2020,10,16.610010690013738
emea,240802,ssa,025,7,total_precipitation,2020,11,132.88607529209364
emea,240802,ssa,025,7,total_precipitation,2020,12,162.22389139304607
emea,240802,ssa,025,7,total_precipitation,2021,1,196.43586894778326
emea,240802,ssa,025,7,total_precipitation,2021,2,133.92206489750413
emea,240802,ssa,025,7,total_precipitation,2021,3,117.53470665551875
emea,240802,ssa,025,7,total_precipitation,2021,4,117.9750985614539
emea,240802,ssa,025,7,total_precipitation,2021,5,36.454746012803518
emea,240802,ssa,025,7,total_precipitation,2021,6,0.86678030816011642
emea,240802,ssa,025,7,total_precipitation,2021,7,0.8843027440732385
emea,240802,ssa,025,7,total_precipitation,2021,8,2.3502040082021836
emea,240802,ssa,025,7,total_precipitation,2021,9,7.44424695275336
emea,240802,ssa,025,7,total_precipitation,2021,10,17.04245449418049
emea,240802,ssa,025,7,total_precipitation,2021,11,43.6958175238276
emea,240802,ssa,025,7,total_precipitation,2021,12,82.0889543947992
emea,240802,ssa,025,7,total_precipitation,2022,1,155.12765926890341
emea,240802,ssa,025,7,total_precipitation,2022,2,175.7324701860023
emea,240802,ssa,025,7,total_precipitation,2022,3,105.39680254586196
emea,240802,ssa,025,7,total_precipitation,2022,4,92.903724753694348
emea,240802,ssa,025,7,total_precipitation,2022,5,12.017543214406956
emea,240802,ssa,025,7,total_precipitation,2022,6,0.65220859190887381
emea,240802,ssa,025,7,total_precipitation,2022,7,0.77224861048289029
emea,240802,ssa,025,7,total_precipitation,2022,8,3.4440097012577411
emea,240802,ssa,025,7,total_precipitation,2022,9,4.16035641319381
emea,240802,ssa,025,7,total_precipitation,2022,10,3.830285462442319
emea,240802,ssa,025,7,total_precipitation,2022,11,90.50131350826301
emea,240802,ssa,025,7,total_precipitation,2022,12,164.62373656292147
emea,240802,ssa,025,7,total_precipitation,2023,1,118.73084729467423
emea,240802,ssa,025,7,total_precipitation,2023,2,86.1007582234253
emea,240802,ssa,025,7,total_precipitation,2023,3,155.52712840514789
emea,240802,ssa,025,7,total_precipitation,2023,4,123.47190535325629
emea,240802,ssa,025,7,total_precipitation,2023,5,24.795776732103434
emea,240802,ssa,025,7,total_precipitation,2023,6,1.8441475609538429
emea,240802,ssa,025,7,total_precipitation,2023,7,0.26728666443122506
emea,240802,ssa,025,7,total_precipitation,2023,8,0.20323150792896172
emea,240802,ssa,025,7,total_precipitation,2023,9,9.1840874556980765
emea,240802,ssa,025,7,total_precipitation,2023,10,9.3952297387723576
emea,240802,ssa,025,7,total_precipitation,2023,11,12.728047014455854
emea,240802,ssa,025,7,total_precipitation,2023,12,101.6069074669922
emea,240802,ssa,025,8,daylength,,1,729.54605100345236
emea,240802,ssa,025,8,daylength,,2,726.0152201581833
emea,240802,ssa,025,8,daylength,,3,721.20728987368079
emea,240802,ssa,025,8,daylength,,4,716.01571747719038
emea,240802,ssa,025,8,daylength,,5,711.65586837722151
emea,240802,ssa,025,8,daylength,,6,709.46141290861522
emea,240802,ssa,025,8,daylength,,7,710.33154193521716
emea,240802,ssa,025,8,daylength,,8,713.98460013173451
emea,240802,ssa,025,8,daylength,,9,718.96476228624817
emea,240802,ssa,025,8,daylength,,10,724.146965446632
emea,240802,ssa,025,8,daylength,,11,728.458001294659
emea,240802,ssa,025,8,daylength,,12,730.53199636723662
emea,240802,ssa,025,8,elevation,,,1188.2041978691818
emea,240802,ssa,025,8,max_temperature,2014,1,28.907954190232388
emea,240802,ssa,025,8,max_temperature,2014,2,28.430564473704237
emea,240802,ssa,025,8,max_temperature,2014,3,28.685577258518997
emea,240802,ssa,025,8,max_temperature,2014,4,27.610945766990085
emea,240802,ssa,025,8,max_temperature,2014,5,27.00954915493902
emea,240802,ssa,025,8,max_temperature,2014,6,26.4768054545095
emea,240802,ssa,025,8,max_temperature,2014,7,26.517481819382382
emea,240802,ssa,025,8,max_temperature,2014,8,26.703514811840019
emea,240802,ssa,025,8,max_temperature,2014,9,27.518471318656129
emea,240802,ssa,025,8,max_temperature,2014,10,28.733560591145597
emea,240802,ssa,025,8,max_temperature,2014,11,28.350898714089329
emea,240802,ssa,025,8,max_temperature,2014,12,28.046945329837243
emea,240802,ssa,025,8,max_temperature,2015,1,28.840740793770088
emea,240802,ssa,025,8,max_temperature,2015,2,30.192726396483348
emea,240802,ssa,025,8,max_temperature,2015,3,30.048059167353667
emea,240802,ssa,025,8,max_temperature,2015,4,27.775203255718161
emea,240802,ssa,025,8,max_temperature,2015,5,26.505657287726095
emea,240802,ssa,025,8,max_temperature,2015,6,26.788746456101507
emea,240802,ssa,025,8,max_temperature,2015,7,26.69310427093788
emea,240802,ssa,025,8,max_temperature,2015,8,27.219314165646431
emea,240802,ssa,025,8,max_temperature,2015,9,28.703428529789765
emea,240802,ssa,025,8,max_temperature,2015,10,29.057659587600746
emea,240802,ssa,025,8,max_temperature,2015,11,27.756351405009664
emea,240802,ssa,025,8,max_temperature,2015,12,28.02185369318186
emea,240802,ssa,025,8,max_temperature,2016,1,28.175653559301921
emea,240802,ssa,025,8,max_temperature,2016,2,29.10455797814144
emea,240802,ssa,025,8,max_temperature,2016,3,30.989463673958323
emea,240802,ssa,025,8,max_temperature,2016,4,27.494379422925025
emea,240802,ssa,025,8,max_temperature,2016,5,26.742571222198404
emea,240802,ssa,025,8,max_temperature,2016,6,26.430081119059281
emea,240802,ssa,025,8,max_temperature,2016,7,26.524657374328012
emea,240802,ssa,025,8,max_temperature,2016,8,26.866346971031312
emea,240802,ssa,025,8,max_temperature,2016,9,27.962903936934946
emea,240802,ssa,025,8,max_temperature,2016,10,29.343592138924141
emea,240802,ssa,025,8,max_temperature,2016,11,28.627519612879862
emea,240802,ssa,025,8,max_temperature,2016,12,29.083843585722175
emea,240802,ssa,025,8,max_temperature,2017,1,30.195527979928048
emea,240802,ssa,025,8,max_temperature,2017,2,29.368778791245152
emea,240802,ssa,025,8,max_temperature,2017,3,29.465621451518217
emea,240802,ssa,025,8,max_temperature,2017,4,28.197870557524009
emea,240802,ssa,025,8,max_temperature,2017,5,26.578369015335685
emea,240802,ssa,025,8,max_temperature,2017,6,27.294462296036691
emea,240802,ssa,025,8,max_temperature,2017,7,26.974657578586218
emea,240802,ssa,025,8,max_temperature,2017,8,27.151840003621661
emea,240802,ssa,025,8,max_temperature,2017,9,28.030250018939526
emea,240802,ssa,025,8,max_temperature,2017,10,29.269273032178237
emea,240802,ssa,025,8,max_temperature,2017,11,27.84409892161451
emea,240802,ssa,025,8,max_temperature,2017,12,29.028421118391357
emea,240802,ssa,025,8,max_temperature,2018,1,27.910894334976597
emea,240802,ssa,025,8,max_temperature,2018,2,29.980460446221578
emea,240802,ssa,025,8,max_temperature,2018,3,27.02677403344828
emea,240802,ssa,025,8,max_temperature,2018,4,26.043957693250945
emea,240802,ssa,025,8,max_temperature,2018,5,25.946680709218569
emea,240802,ssa,025,8,max_temperature,2018,6,25.959974017635055
emea,240802,ssa,025,8,max_temperature,2018,7,25.445699479648447
emea,240802,ssa,025,8,max_temperature,2018,8,26.541304894467544
emea,240802,ssa,025,8,max_temperature,2018,9,28.501917532860094
emea,240802,ssa,025,8,max_temperature,2018,10,28.535009972356704
emea,240802,ssa,025,8,max_temperature,2018,11,28.93464963617572
emea,240802,ssa,025,8,max_temperature,2018,12,27.885544110478893
emea,240802,ssa,025,8,max_temperature,2019,1,29.03294433996377
emea,240802,ssa,025,8,max_temperature,2019,2,30.174618570646974
emea,240802,ssa,025,8,max_temperature,2019,3,30.611861207986045
emea,240802,ssa,025,8,max_temperature,2019,4,29.765550854018869
emea,240802,ssa,025,8,max_temperature,2019,5,26.569165510646002
emea,240802,ssa,025,8,max_temperature,2019,6,26.248136989828666
emea,240802,ssa,025,8,max_temperature,2019,7,27.065786475668467
emea,240802,ssa,025,8,max_temperature,2019,8,27.537625042779261
emea,240802,ssa,025,8,max_temperature,2019,9,28.537696368721772
emea,240802,ssa,025,8,max_temperature,2019,10,27.106839283518603
emea,240802,ssa,025,8,max_temperature,2019,11,27.392673899633174
emea,240802,ssa,025,8,max_temperature,2019,12,26.703722369829276
emea,240802,ssa,025,8,max_temperature,2020,1,27.505042023052553
emea,240802,ssa,025,8,max_temperature,2020,2,28.649717656821394
emea,240802,ssa,025,8,max_temperature,2020,3,28.032429967516649
emea,240802,ssa,025,8,max_temperature,2020,4,26.963031340269261
emea,240802,ssa,025,8,max_temperature,2020,5,26.689036569664868
emea,240802,ssa,025,8,max_temperature,2020,6,26.60572647169661
emea,240802,ssa,025,8,max_temperature,2020,7,25.8615257342772
emea,240802,ssa,025,8,max_temperature,2020,8,27.244032494589831
emea,240802,ssa,025,8,max_temperature,2020,9,28.240398643832574
emea,240802,ssa,025,8,max_temperature,2020,10,29.211656113132612
emea,240802,ssa,025,8,max_temperature,2020,11,27.721323025301327
emea,240802,ssa,025,8,max_temperature,2020,12,28.199018854288841
emea,240802,ssa,025,8,max_temperature,2021,1,27.849521687512834
emea,240802,ssa,025,8,max_temperature,2021,2,28.474749824098019
emea,240802,ssa,025,8,max_temperature,2021,3,29.425606276983604
emea,240802,ssa,025,8,max_temperature,2021,4,27.700593189986837
emea,240802,ssa,025,8,max_temperature,2021,5,26.549285387593706
emea,240802,ssa,025,8,max_temperature,2021,6,26.171448497317442
emea,240802,ssa,025,8,max_temperature,2021,7,25.981646161011902
emea,240802,ssa,025,8,max_temperature,2021,8,27.269652248193065
emea,240802,ssa,025,8,max_temperature,2021,9,27.613580624216077
emea,240802,ssa,025,8,max_temperature,2021,10,29.234142090851147
emea,240802,ssa,025,8,max_temperature,2021,11,30.019958294307564
emea,240802,ssa,025,8,max_temperature,2021,12,28.346736727466805
emea,240802,ssa,025,8,max_temperature,2022,1,29.148910507958618
emea,240802,ssa,025,8,max_temperature,2022,2,27.899786181036028
emea,240802,ssa,025,8,max_temperature,2022,3,29.825458267616177
emea,240802,ssa,025,8,max_temperature,2022,4,28.572975150565629
emea,240802,ssa,025,8,max_temperature,2022,5,27.61885970523819
emea,240802,ssa,025,8,max_temperature,2022,6,26.407373549505525
emea,240802,ssa,025,8,max_temperature,2022,7,25.997819779444143
emea,240802,ssa,025,8,max_temperature,2022,8,26.414378343935969
emea,240802,ssa,025,8,max_temperature,2022,9,27.649320584310971
emea,240802,ssa,025,8,max_temperature,2022,10,29.107060747785333
emea,240802,ssa,025,8,max_temperature,2022,11,28.263199879066068
emea,240802,ssa,025,8,max_temperature,2022,12,28.242344080059606
emea,240802,ssa,025,8,max_temperature,2023,1,28.83882809072264
emea,240802,ssa,025,8,max_temperature,2023,2,30.350511856087763
emea,240802,ssa,025,8,max_temperature,2023,3,29.309550148492828
emea,240802,ssa,025,8,max_temperature,2023,4,27.321889172567513
emea,240802,ssa,025,8,max_temperature,2023,5,27.001340643777088
emea,240802,ssa,025,8,max_temperature,2023,6,27.09893992761625
emea,240802,ssa,025,8,max_temperature,2023,7,26.88556714103748
emea,240802,ssa,025,8,max_temperature,2023,8,26.571618035395257
emea,240802,ssa,025,8,max_temperature,2023,9,28.463161807786488
emea,240802,ssa,025,8,max_temperature,2023,10,29.72696362573301
emea,240802,ssa,025,8,max_temperature,2023,11,26.501050317389424
emea,240802,ssa,025,8,max_temperature,2023,12,27.860989256693564
emea,240802,ssa,025,8,temp_range,2014,1,10.541747407185946
emea,240802,ssa,025,8,temp_range,2014,2,10.002346887748754
emea,240802,ssa,025,8,temp_range,2014,3,9.6827762162027753
emea,240802,ssa,025,8,temp_range,2014,4,9.0453238043366948
emea,240802,ssa,025,8,temp_range,2014,5,8.8542627837491921
emea,240802,ssa,025,8,temp_range,2014,6,9.4546245806324443
emea,240802,ssa,025,8,temp_range,2014,7,10.173236918869671
emea,240802,ssa,025,8,temp_range,2014,8,10.124208781213575
emea,240802,ssa,025,8,temp_range,2014,9,10.701732919219666
emea,240802,ssa,025,8,temp_range,2014,10,10.540059146804968
emea,240802,ssa,025,8,temp_range,2014,11,9.7782828854576529
emea,240802,ssa,025,8,temp_range,2014,12,9.5285965837473636
emea,240802,ssa,025,8,temp_range,2015,1,10.776167755128961
emea,240802,ssa,025,8,temp_range,2015,2,11.330506464390895
emea,240802,ssa,025,8,temp_range,2015,3,10.750890356816649
emea,240802,ssa,025,8,temp_range,2015,4,8.7572474113069649
emea,240802,ssa,025,8,temp_range,2015,5,8.251935725700017
emea,240802,ssa,025,8,temp_range,2015,6,10.206856054239884
emea,240802,ssa,025,8,temp_range,2015,7,10.420768865553091
emea,240802,ssa,025,8,temp_range,2015,8,10.460690830914841
emea,240802,ssa,025,8,temp_range,2015,9,11.66739924000783
emea,240802,ssa,025,8,temp_range,2015,10,10.179468609967831
emea,240802,ssa,025,8,temp_range,2015,11,8.7416710159750686
emea,240802,ssa,025,8,temp_range,2015,12,9.2073151035297833
emea,240802,ssa,025,8,temp_range,2016,1,8.922002481438879
emea,240802,ssa,025,8,temp_range,2016,2,10.088673655626522
emea,240802,ssa,025,8,temp_range,2016,3,10.755448108016857
emea,240802,ssa,025,8,temp_range,2016,4,7.8091088984813988
emea,240802,ssa,025,8,temp_range,2016,5,9.111205273651855
emea,240802,ssa,025,8,temp_range,2016,6,9.7391716934460124
emea,240802,ssa,025,8,temp_range,2016,7,10.857746532138473
emea,240802,ssa,025,8,temp_range,2016,8,10.526785209194998
emea,240802,ssa,025,8,temp_range,2016,9,11.15545015606814
emea,240802,ssa,025,8,temp_range,2016,10,11.504025119051741
emea,240802,ssa,025,8,temp_range,2016,11,9.7272234954279337
emea,240802,ssa,025,8,temp_range,2016,12,10.196199357200959
emea,240802,ssa,025,8,temp_range,2017,1,11.492858422019431
emea,240802,ssa,025,8,temp_range,2017,2,10.188839918959104
emea,240802,ssa,025,8,temp_range,2017,3,9.84201773945322
emea,240802,ssa,025,8,temp_range,2017,4,8.7578121517407634
emea,240802,ssa,025,8,temp_range,2017,5,8.115866208504789
emea,240802,ssa,025,8,temp_range,2017,6,9.7446242972174861
emea,240802,ssa,025,8,temp_range,2017,7,10.190951671535673
emea,240802,ssa,025,8,temp_range,2017,8,9.66021954457449
emea,240802,ssa,025,8,temp_range,2017,9,10.811057219872126
emea,240802,ssa,025,8,temp_range,2017,10,10.790374579259312
emea,240802,ssa,025,8,temp_range,2017,11,9.0227418699522186
emea,240802,ssa,025,8,temp_range,2017,12,10.198747270397094
emea,240802,ssa,025,8,temp_range,2018,1,9.43050544051056
emea,240802,ssa,025,8,temp_range,2018,2,10.954815739113739
emea,240802,ssa,025,8,temp_range,2018,3,8.425744761187774
emea,240802,ssa,025,8,temp_range,2018,4,7.4011773286668419
emea,240802,ssa,025,8,temp_range,2018,5,8.0665576722004673
emea,240802,ssa,025,8,temp_range,2018,6,9.6226524481301734
emea,240802,ssa,025,8,temp_range,2018,7,9.2572902881976109
emea,240802,ssa,025,8,temp_range,2018,8,10.369384936095553
emea,240802,ssa,025,8,temp_range,2018,9,11.217072723922401
emea,240802,ssa,025,8,temp_range,2018,10,10.443222200168691
emea,240802,ssa,025,8,temp_range,2018,11,10.199730549227397
emea,240802,ssa,025,8,temp_range,2018,12,9.32544331568661
emea,240802,ssa,025,8,temp_range,2019,1,10.260750662832596
emea,240802,ssa,025,8,temp_range,2019,2,11.0127891719226
emea,240802,ssa,025,8,temp_range,2019,3,11.517252330413005
emea,240802,ssa,025,8,temp_range,2019,4,9.7457763238060853
emea,240802,ssa,025,8,temp_range,2019,5,7.9442633381533483
emea,240802,ssa,025,8,temp_range,2019,6,8.8743023500832123
emea,240802,ssa,025,8,temp_range,2019,7,10.470559181964452
emea,240802,ssa,025,8,temp_range,2019,8,10.654689299344881
emea,240802,ssa,025,8,temp_range,2019,9,11.226207439575171
emea,240802,ssa,025,8,temp_range,2019,10,8.6921403042676566
emea,240802,ssa,025,8,temp_range,2019,11,8.9108327286670672
emea,240802,ssa,025,8,temp_range,2019,12,8.03439395794165
emea,240802,ssa,025,8,temp_range,2020,1,8.51649504589648
emea,240802,ssa,025,8,temp_range,2020,2,9.402050582284545
emea,240802,ssa,025,8,temp_range,2020,3,8.6662643948415248
emea,240802,ssa,025,8,temp_range,2020,4,8.0052198198806028
emea,240802,ssa,025,8,temp_range,2020,5,8.757315371401905
emea,240802,ssa,025,8,temp_range,2020,6,9.8866704457060912
emea,240802,ssa,025,8,temp_range,2020,7,9.7337438646424577
emea,240802,ssa,025,8,temp_range,2020,8,10.830449450497223
emea,240802,ssa,025,8,temp_range,2020,9,11.059748103576055
emea,240802,ssa,025,8,temp_range,2020,10,11.347548498498597
emea,240802,ssa,025,8,temp_range,2020,11,8.91936819851512
emea,240802,ssa,025,8,temp_range,2020,12,9.8881521299656043
emea,240802,ssa,025,8,temp_range,2021,1,9.75659432781954
emea,240802,ssa,025,8,temp_range,2021,2,9.902992735815733
emea,240802,ssa,025,8,temp_range,2021,3,10.622418281484512
emea,240802,ssa,025,8,temp_range,2021,4,8.7447874074013967
emea,240802,ssa,025,8,temp_range,2021,5,9.0815386069284152
emea,240802,ssa,025,8,temp_range,2021,6,9.9408334437140251
emea,240802,ssa,025,8,temp_range,2021,7,9.8740994597878213
emea,240802,ssa,025,8,temp_range,2021,8,10.895225527613041
emea,240802,ssa,025,8,temp_range,2021,9,10.173110558381099
emea,240802,ssa,025,8,temp_range,2021,10,11.192476766063429
emea,240802,ssa,025,8,temp_range,2021,11,11.147136419279494
emea,240802,ssa,025,8,temp_range,2021,12,9.1977740759357509
emea,240802,ssa,025,8,temp_range,2022,1,10.701452710425674
emea,240802,ssa,025,8,temp_range,2022,2,9.1927986336847756
emea,240802,ssa,025,8,temp_range,2022,3,10.684896250642863
emea,240802,ssa,025,8,temp_range,2022,4,9.36789726289682
emea,240802,ssa,025,8,temp_range,2022,5,9.5129365470748475
emea,240802,ssa,025,8,temp_range,2022,6,9.6798179077151012
emea,240802,ssa,025,8,temp_range,2022,7,9.71823685503657
emea,240802,ssa,025,8,temp_range,2022,8,10.026136270862706
emea,240802,ssa,025,8,temp_range,2022,9,10.78725590673784
emea,240802,ssa,025,8,temp_range,2022,10,11.82036565426348
emea,240802,ssa,025,8,temp_range,2022,11,9.5022784367068134
emea,240802,ssa,025,8,temp_range,2022,12,9.778684203958715
emea,240802,ssa,025,8,temp_range,2023,1,10.909634439258799
emea,240802,ssa,025,8,temp_range,2023,2,11.636593461176231
emea,240802,ssa,025,8,temp_range,2023,3,10.185115965956497
emea,240802,ssa,025,8,temp_range,2023,4,8.3007070315137064
emea,240802,ssa,025,8,temp_range,2023,5,8.6828606637995644
emea,240802,ssa,025,8,temp_range,2023,6,9.6890973811126475
emea,240802,ssa,025,8,temp_range,2023,7,10.345681825026336
emea,240802,ssa,025,8,temp_range,2023,8,9.0990880930532736
emea,240802,ssa,025,8,temp_range,2023,9,10.552674337688366
emea,240802,ssa,025,8,temp_range,2023,10,10.865438699106237
emea,240802,ssa,025,8,temp_range,2023,11,7.127403768990014
emea,240802,ssa,025,8,temp_range,2023,12,8.9078286972137448
emea,240802,ssa,025,8,total_precipitation,2014,1,63.794433310678755
emea,240802,ssa,025,8,total_precipitation,2014,2,110.70773949727008
emea,240802,ssa,025,8,total_precipitation,2014,3,152.75488155974568
emea,240802,ssa,025,8,total_precipitation,2014,4,95.847150041037779
emea,240802,ssa,025,8,total_precipitation,2014,5,48.108851440469593
emea,240802,ssa,025,8,total_precipitation,2014,6,19.957753089112643
emea,240802,ssa,025,8,total_precipitation,2014,7,17.835205390506445
emea,240802,ssa,025,8,total_precipitation,2014,8,37.400781060345317
emea,240802,ssa,025,8,total_precipitation,2014,9,44.168931579904928
emea,240802,ssa,025,8,total_precipitation,2014,10,67.262763040776136
emea,240802,ssa,025,8,total_precipitation,2014,11,96.0329769579146
emea,240802,ssa,025,8,total_precipitation,2014,12,126.36908846678054
emea,240802,ssa,025,8,total_precipitation,2015,1,70.818750591824539
emea,240802,ssa,025,8,total_precipitation,2015,2,52.056909390866309
emea,240802,ssa,025,8,total_precipitation,2015,3,83.9231361978658
emea,240802,ssa,025,8,total_precipitation,2015,4,169.30244185542904
emea,240802,ssa,025,8,total_precipitation,2015,5,84.356356270006856
emea,240802,ssa,025,8,total_precipitation,2015,6,27.030578374135189
emea,240802,ssa,025,8,total_precipitation,2015,7,15.782817990930553
emea,240802,ssa,025,8,total_precipitation,2015,8,12.645528271805318
emea,240802,ssa,025,8,total_precipitation,2015,9,16.898214156112175
emea,240802,ssa,025,8,total_precipitation,2015,10,74.2802619707008
emea,240802,ssa,025,8,total_precipitation,2015,11,188.18432463287292
emea,240802,ssa,025,8,total_precipitation,2015,12,139.25916667056748
emea,240802,ssa,025,8,total_precipitation,2016,1,157.71527516890671
emea,240802,ssa,025,8,total_precipitation,2016,2,71.109793808193473
emea,240802,ssa,025,8,total_precipitation,2016,3,68.010270924895266
emea,240802,ssa,025,8,total_precipitation,2016,4,203.72982302773158
emea,240802,ssa,025,8,total_precipitation,2016,5,33.991389637948451
emea,240802,ssa,025,8,total_precipitation,2016,6,13.662391809666019
emea,240802,ssa,025,8,total_precipitation,2016,7,9.1152273345180816
emea,240802,ssa,025,8,total_precipitation,2016,8,12.658926299042847
emea,240802,ssa,025,8,total_precipitation,2016,9,25.020211841963217
emea,240802,ssa,025,8,total_precipitation,2016,10,34.345788814550119
emea,240802,ssa,025,8,total_precipitation,2016,11,92.020909619082488
emea,240802,ssa,025,8,total_precipitation,2016,12,63.617278934655609
emea,240802,ssa,025,8,total_precipitation,2017,1,46.70366410263572
emea,240802,ssa,025,8,total_precipitation,2017,2,79.735670018164512
emea,240802,ssa,025,8,total_precipitation,2017,3,92.225417076547416
emea,240802,ssa,025,8,total_precipitation,2017,4,88.489009829651636
emea,240802,ssa,025,8,total_precipitation,2017,5,93.0955389039028
emea,240802,ssa,025,8,total_precipitation,2017,6,10.529163443731704
emea,240802,ssa,025,8,total_precipitation,2017,7,14.351009258006727
emea,240802,ssa,025,8,total_precipitation,2017,8,30.389068931563088
emea,240802,ssa,025,8,total_precipitation,2017,9,37.727912002098805
emea,240802,ssa,025,8,total_precipitation,2017,10,76.869561758261483
emea,240802,ssa,025,8,total_precipitation,2017,11,116.69163637090647
emea,240802,ssa,025,8,total_precipitation,2017,12,64.621966247567372
emea,240802,ssa,025,8,total_precipitation,2018,1,141.06471579879528
emea,240802,ssa,025,8,total_precipitation,2018,2,25.076308145792709
emea,240802,ssa,025,8,total_precipitation,2018,3,219.59477741242321
emea,240802,ssa,025,8,total_precipitation,2018,4,247.62013942144583
emea,240802,ssa,025,8,total_precipitation,2018,5,84.5537962260237
emea,240802,ssa,025,8,total_precipitation,2018,6,17.391318023153417
emea,240802,ssa,025,8,total_precipitation,2018,7,13.915107248295385
emea,240802,ssa,025,8,total_precipitation,2018,8,29.565942860990603
emea,240802,ssa,025,8,total_precipitation,2018,9,22.456474894790269
emea,240802,ssa,025,8,total_precipitation,2018,10,62.569115038404988
emea,240802,ssa,025,8,total_precipitation,2018,11,74.687712743412135
emea,240802,ssa,025,8,total_precipitation,2018,12,149.26900056211502
emea,240802,ssa,025,8,total_precipitation,2019,1,89.227288592602051
emea,240802,ssa,025,8,total_precipitation,2019,2,38.583645383496474
emea,240802,ssa,025,8,total_precipitation,2019,3,50.323360991488336
emea,240802,ssa,025,8,total_precipitation,2019,4,122.00214747039708
emea,240802,ssa,025,8,total_precipitation,2019,5,116.6948713989712
emea,240802,ssa,025,8,total_precipitation,2019,6,29.267432617023005
emea,240802,ssa,025,8,total_precipitation,2019,7,19.676583591940641
emea,240802,ssa,025,8,total_precipitation,2019,8,27.545196336850886
emea,240802,ssa,025,8,total_precipitation,2019,9,35.120910442221181
emea,240802,ssa,025,8,total_precipitation,2019,10,167.98553591147228
emea,240802,ssa,025,8,total_precipitation,2019,11,181.21663820448413
emea,240802,ssa,025,8,total_precipitation,2019,12,217.74473996173842
emea,240802,ssa,025,8,total_precipitation,2020,1,201.05626158952646
emea,240802,ssa,025,8,total_precipitation,2020,2,143.65009529169856
emea,240802,ssa,025,8,total_precipitation,2020,3,232.28453884230251
emea,240802,ssa,025,8,total_precipitation,2020,4,234.81331591785064
emea,240802,ssa,025,8,total_precipitation,2020,5,44.964301712080285
emea,240802,ssa,025,8,total_precipitation,2020,6,15.959366305250285
emea,240802,ssa,025,8,total_precipitation,2020,7,16.339010114244644
emea,240802,ssa,025,8,total_precipitation,2020,8,17.604297736872851
emea,240802,ssa,025,8,total_precipitation,2020,9,28.498522405941131
emea,240802,ssa,025,8,total_precipitation,2020,10,55.596358782873025
emea,240802,ssa,025,8,total_precipitation,2020,11,149.26673667290893
emea,240802,ssa,025,8,total_precipitation,2020,12,95.760391509914513
emea,240802,ssa,025,8,total_precipitation,2021,1,104.36059144715628
emea,240802,ssa,025,8,total_precipitation,2021,2,108.53488007659298
emea,240802,ssa,025,8,total_precipitation,2021,3,64.886641968224012
emea,240802,ssa,025,8,total_precipitation,2021,4,128.36007409355074
emea,240802,ssa,025,8,total_precipitation,2021,5,62.113227680483767
emea,240802,ssa,025,8,total_precipitation,2021,6,9.6500119273438543
emea,240802,ssa,025,8,total_precipitation,2021,7,11.349251788008758
emea,240802,ssa,025,8,total_precipitation,2021,8,18.171390541110824
emea,240802,ssa,025,8,total_precipitation,2021,9,30.242305021005521
emea,240802,ssa,025,8,total_precipitation,2021,10,34.09934895241912
emea,240802,ssa,025,8,total_precipitation,2021,11,54.623344535996651
emea,240802,ssa,025,8,total_precipitation,2021,12,88.594190790211272
emea,240802,ssa,025,8,total_precipitation,2022,1,89.924890175119117
emea,240802,ssa,025,8,total_precipitation,2022,2,128.14435640076371
emea,240802,ssa,025,8,total_precipitation,2022,3,50.29724074894694
emea,240802,ssa,025,8,total_precipitation,2022,4,86.159359864967243
emea,240802,ssa,025,8,total_precipitation,2022,5,29.673003774562808
emea,240802,ssa,025,8,total_precipitation,2022,6,9.0828603147191131
emea,240802,ssa,025,8,total_precipitation,2022,7,13.545581824405417
emea,240802,ssa,025,8,total_precipitation,2022,8,28.234246072133843
emea,240802,ssa,025,8,total_precipitation,2022,9,27.3517712482034
emea,240802,ssa,025,8,total_precipitation,2022,10,19.967283176165168
emea,240802,ssa,025,8,total_precipitation,2022,11,95.757935793570439
emea,240802,ssa,025,8,total_precipitation,2022,12,107.12916985868272
emea,240802,ssa,025,8,total_precipitation,2023,1,41.44671132239759
emea,240802,ssa,025,8,total_precipitation,2023,2,36.870836928948748
emea,240802,ssa,025,8,total_precipitation,2023,3,101.62045880482782
emea,240802,ssa,025,8,total_precipitation,2023,4,161.22227918146427
emea,240802,ssa,025,8,total_precipitation,2023,5,39.79472669271096
emea,240802,ssa,025,8,total_precipitation,2023,6,16.981912745519523
emea,240802,ssa,025,8,total_precipitation,2023,7,8.0329079200179621
emea,240802,ssa,025,8,total_precipitation,2023,8,6.7722109706321589
emea,240802,ssa,025,8,total_precipitation,2023,9,22.478534942383561
emea,240802,ssa,025,8,total_precipitation,2023,10,37.691169021455856
emea,240802,ssa,025,8,total_precipitation,2023,11,92.4166561550085
emea,240802,ssa,025,8,total_precipitation,2023,12,112.36822706658992
emea,240802,ssa,025,9,daylength,,1,695.42594439212451
emea,240802,ssa,025,9,daylength,,2,704.51900894468133
emea,240802,ssa,025,9,daylength,,3,716.893352813034
emea,240802,ssa,025,9,daylength,,4,730.2531727755545
emea,240802,ssa,025,9,daylength,,5,741.47794725549909
emea,240802,ssa,025,9,daylength,,6,747.13150837296052
emea,240802,ssa,025,9,daylength,,7,744.889423705232
emea,240802,ssa,025,9,daylength,,8,735.48145258067359
emea,240802,ssa,025,9,daylength,,9,722.66391131296621
emea,240802,ssa,025,9,daylength,,10,709.32811656141894
emea,240802,ssa,025,9,daylength,,11,698.2287643256185
emea,240802,ssa,025,9,daylength,,12,692.88547614373056
emea,240802,ssa,025,9,elevation,,,1707.2513494456687
emea,240802,ssa,025,9,max_temperature,2014,1,28.23730211363948
emea,240802,ssa,025,9,max_temperature,2014,2,28.908837916622403
emea,240802,ssa,025,9,max_temperature,2014,3,29.296943868128725
emea,240802,ssa,025,9,max_temperature,2014,4,27.670902588056212
emea,240802,ssa,025,9,max_temperature,2014,5,26.064675036146028
emea,240802,ssa,025,9,max_temperature,2014,6,25.16653751062421
emea,240802,ssa,025,9,max_temperature,2014,7,23.620128665926174
emea,240802,ssa,025,9,max_temperature,2014,8,23.197156257375266
emea,240802,ssa,025,9,max_temperature,2014,9,24.039666886951533
emea,240802,ssa,025,9,max_temperature,2014,10,25.177107642715281
emea,240802,ssa,025,9,max_temperature,2014,11,25.556984915143005
emea,240802,ssa,025,9,max_temperature,2014,12,26.421495143834548
emea,240802,ssa,025,9,max_temperature,2015,1,28.188660447743704
emea,240802,ssa,025,9,max_temperature,2015,2,29.977458164462412
emea,240802,ssa,025,9,max_temperature,2015,3,30.14225156418733
emea,240802,ssa,025,9,max_temperature,2015,4,28.394785946005562
emea,240802,ssa,025,9,max_temperature,2015,5,25.836921691149033
emea,240802,ssa,025,9,max_temperature,2015,6,24.971513471214834
emea,240802,ssa,025,9,max_temperature,2015,7,24.769771136188588
emea,240802,ssa,025,9,max_temperature,2015,8,24.990346367849497
emea,240802,ssa,025,9,max_temperature,2015,9,25.656458148571254
emea,240802,ssa,025,9,max_temperature,2015,10,26.444162596519817
emea,240802,ssa,025,9,max_temperature,2015,11,26.292108941847097
emea,240802,ssa,025,9,max_temperature,2015,12,26.640548638555277
emea,240802,ssa,025,9,max_temperature,2016,1,27.975872919133092
emea,240802,ssa,025,9,max_temperature,2016,2,29.921945899296272
emea,240802,ssa,025,9,max_temperature,2016,3,31.016658981057518
emea,240802,ssa,025,9,max_temperature,2016,4,28.211629490990738
emea,240802,ssa,025,9,max_temperature,2016,5,25.538522334343394
emea,240802,ssa,025,9,max_temperature,2016,6,24.687074824753168
emea,240802,ssa,025,9,max_temperature,2016,7,23.415956299117678
emea,240802,ssa,025,9,max_temperature,2016,8,23.675248265644608
emea,240802,ssa,025,9,max_temperature,2016,9,25.130060909554285
emea,240802,ssa,025,9,max_temperature,2016,10,26.29244802703171
emea,240802,ssa,025,9,max_temperature,2016,11,27.513700484965536
emea,240802,ssa,025,9,max_temperature,2016,12,27.950647903043475
emea,240802,ssa,025,9,max_temperature,2017,1,29.569996949616474
emea,240802,ssa,025,9,max_temperature,2017,2,28.952845548065529
emea,240802,ssa,025,9,max_temperature,2017,3,30.003345187201727
emea,240802,ssa,025,9,max_temperature,2017,4,29.381432301453561
emea,240802,ssa,025,9,max_temperature,2017,5,26.09999900041354
emea,240802,ssa,025,9,max_temperature,2017,6,25.44058558256306
emea,240802,ssa,025,9,max_temperature,2017,7,23.407297864424027
emea,240802,ssa,025,9,max_temperature,2017,8,23.429767446338495
emea,240802,ssa,025,9,max_temperature,2017,9,23.733226876330434
emea,240802,ssa,025,9,max_temperature,2017,10,25.439806160874003
emea,240802,ssa,025,9,max_temperature,2017,11,25.68440575816998
emea,240802,ssa,025,9,max_temperature,2017,12,27.12794301440622
emea,240802,ssa,025,9,max_temperature,2018,1,27.530776645247435
emea,240802,ssa,025,9,max_temperature,2018,2,29.072095922016473
emea,240802,ssa,025,9,max_temperature,2018,3,28.356268297133735
emea,240802,ssa,025,9,max_temperature,2018,4,27.412410929458986
emea,240802,ssa,025,9,max_temperature,2018,5,25.65930729607943
emea,240802,ssa,025,9,max_temperature,2018,6,23.21240083151633
emea,240802,ssa,025,9,max_temperature,2018,7,22.729902331795522
emea,240802,ssa,025,9,max_temperature,2018,8,23.138780339674415
emea,240802,ssa,025,9,max_temperature,2018,9,25.084982007075261
emea,240802,ssa,025,9,max_temperature,2018,10,25.746600564756456
emea,240802,ssa,025,9,max_temperature,2018,11,26.795747446173376
emea,240802,ssa,025,9,max_temperature,2018,12,27.76070839994723
emea,240802,ssa,025,9,max_temperature,2019,1,29.65838637392282
emea,240802,ssa,025,9,max_temperature,2019,2,30.316305747732386
emea,240802,ssa,025,9,max_temperature,2019,3,30.4227318397801
emea,240802,ssa,025,9,max_temperature,2019,4,28.586800156434045
emea,240802,ssa,025,9,max_temperature,2019,5,26.047933376170146
emea,240802,ssa,025,9,max_temperature,2019,6,23.214647503082656
emea,240802,ssa,025,9,max_temperature,2019,7,22.816565603149453
emea,240802,ssa,025,9,max_temperature,2019,8,23.120202947726149
emea,240802,ssa,025,9,max_temperature,2019,9,24.285834449151874
emea,240802,ssa,025,9,max_temperature,2019,10,25.059121767176034
emea,240802,ssa,025,9,max_temperature,2019,11,25.67063842373382
emea,240802,ssa,025,9,max_temperature,2019,12,26.34109885429066
emea,240802,ssa,025,9,max_temperature,2020,1,27.812884832340327
emea,240802,ssa,025,9,max_temperature,2020,2,29.007271125014519
emea,240802,ssa,025,9,max_temperature,2020,3,29.331302897431009
emea,240802,ssa,025,9,max_temperature,2020,4,28.628310753527852
emea,240802,ssa,025,9,max_temperature,2020,5,26.29067696385302
emea,240802,ssa,025,9,max_temperature,2020,6,24.477293429101003
emea,240802,ssa,025,9,max_temperature,2020,7,21.768273207411028
emea,240802,ssa,025,9,max_temperature,2020,8,22.958425159134904
emea,240802,ssa,025,9,max_temperature,2020,9,23.675185474901241
emea,240802,ssa,025,9,max_temperature,2020,10,25.67442442059658
emea,240802,ssa,025,9,max_temperature,2020,11,26.704368693272073
emea,240802,ssa,025,9,max_temperature,2020,12,27.429267726043168
emea,240802,ssa,025,9,max_temperature,2021,1,27.148288867873116
emea,240802,ssa,025,9,max_temperature,2021,2,28.02130404979571
emea,240802,ssa,025,9,max_temperature,2021,3,29.223044130325704
emea,240802,ssa,025,9,max_temperature,2021,4,28.481089477476328
emea,240802,ssa,025,9,max_temperature,2021,5,25.490388377001224
emea,240802,ssa,025,9,max_temperature,2021,6,25.026475194963989
emea,240802,ssa,025,9,max_temperature,2021,7,21.911022453643184
emea,240802,ssa,025,9,max_temperature,2021,8,23.94521577549072
emea,240802,ssa,025,9,max_temperature,2021,9,23.79077513216599
emea,240802,ssa,025,9,max_temperature,2021,10,25.311222331908365
emea,240802,ssa,025,9,max_temperature,2021,11,26.54380742355325
emea,240802,ssa,025,9,max_temperature,2021,12,27.227016755173555
emea,240802,ssa,025,9,max_temperature,2022,1,27.838576193362776
emea,240802,ssa,025,9,max_temperature,2022,2,28.554272641244278
emea,240802,ssa,025,9,max_temperature,2022,3,30.134312591113034
emea,240802,ssa,025,9,max_temperature,2022,4,28.280554028653132
emea,240802,ssa,025,9,max_temperature,2022,5,27.024010614410692
emea,240802,ssa,025,9,max_temperature,2022,6,24.429876359017559
emea,240802,ssa,025,9,max_temperature,2022,7,22.260023002178997
emea,240802,ssa,025,9,max_temperature,2022,8,22.655527438739345
emea,240802,ssa,025,9,max_temperature,2022,9,23.736793370894656
emea,240802,ssa,025,9,max_temperature,2022,10,24.860211867308312
emea,240802,ssa,025,9,max_temperature,2022,11,26.516179864513806
emea,240802,ssa,025,9,max_temperature,2022,12,26.904303549542472
emea,240802,ssa,025,9,max_temperature,2023,1,27.910583123497073
emea,240802,ssa,025,9,max_temperature,2023,2,30.0149849728625
emea,240802,ssa,025,9,max_temperature,2023,3,27.984844221736108
emea,240802,ssa,025,9,max_temperature,2023,4,28.090154025234252
emea,240802,ssa,025,9,max_temperature,2023,5,26.27965771381254
emea,240802,ssa,025,9,max_temperature,2023,6,25.213232285538258
emea,240802,ssa,025,9,max_temperature,2023,7,24.064515270345328
emea,240802,ssa,025,9,max_temperature,2023,8,24.440845850910328
emea,240802,ssa,025,9,max_temperature,2023,9,24.931544628299957
emea,240802,ssa,025,9,max_temperature,2023,10,25.915880762214844
emea,240802,ssa,025,9,max_temperature,2023,11,25.487392715357757
emea,240802,ssa,025,9,max_temperature,2023,12,26.684848792354945
emea,240802,ssa,025,9,temp_range,2014,1,13.8828035305712
emea,240802,ssa,025,9,temp_range,2014,2,13.711004622985982
emea,240802,ssa,025,9,temp_range,2014,3,12.443563843851003
emea,240802,ssa,025,9,temp_range,2014,4,11.329245237716146
emea,240802,ssa,025,9,temp_range,2014,5,9.6549323193427927
emea,240802,ssa,025,9,temp_range,2014,6,9.197728467864879
emea,240802,ssa,025,9,temp_range,2014,7,7.7651241970288627
emea,240802,ssa,025,9,temp_range,2014,8,8.0428225398619322
emea,240802,ssa,025,9,temp_range,2014,9,8.8040219135260962
emea,240802,ssa,025,9,temp_range,2014,10,9.68765107333646
emea,240802,ssa,025,9,temp_range,2014,11,10.669429051295168
emea,240802,ssa,025,9,temp_range,2014,12,12.423337247717541
emea,240802,ssa,025,9,temp_range,2015,1,14.917765467889579
emea,240802,ssa,025,9,temp_range,2015,2,14.388731309797256
emea,240802,ssa,025,9,temp_range,2015,3,13.194801324887026
emea,240802,ssa,025,9,temp_range,2015,4,11.548105583315852
emea,240802,ssa,025,9,temp_range,2015,5,9.4657227372460664
emea,240802,ssa,025,9,temp_range,2015,6,8.8448483424724351
emea,240802,ssa,025,9,temp_range,2015,7,8.8509381244023135
emea,240802,ssa,025,9,temp_range,2015,8,9.0774764118114781
emea,240802,ssa,025,9,temp_range,2015,9,9.8391742787383389
emea,240802,ssa,025,9,temp_range,2015,10,10.324450456463499
emea,240802,ssa,025,9,temp_range,2015,11,10.63575988365865
emea,240802,ssa,025,9,temp_range,2015,12,11.248023781598715
emea,240802,ssa,025,9,temp_range,2016,1,12.160079686074344
emea,240802,ssa,025,9,temp_range,2016,2,13.141642026626426
emea,240802,ssa,025,9,temp_range,2016,3,12.488142891570332
emea,240802,ssa,025,9,temp_range,2016,4,10.388811193356782
emea,240802,ssa,025,9,temp_range,2016,5,8.9377491642577862
emea,240802,ssa,025,9,temp_range,2016,6,8.86676092921034
emea,240802,ssa,025,9,temp_range,2016,7,7.8064648386692106
emea,240802,ssa,025,9,temp_range,2016,8,8.28527799727684
emea,240802,ssa,025,9,temp_range,2016,9,9.5956367302934424
emea,240802,ssa,025,9,temp_range,2016,10,10.991250499606782
emea,240802,ssa,025,9,temp_range,2016,11,13.132400051836893
emea,240802,ssa,025,9,temp_range,2016,12,14.440210032292164
emea,240802,ssa,025,9,temp_range,2017,1,16.555183324534639
emea,240802,ssa,025,9,temp_range,2017,2,12.694425787701945
emea,240802,ssa,025,9,temp_range,2017,3,12.629048758719271
emea,240802,ssa,025,9,temp_range,2017,4,12.015393259200906
emea,240802,ssa,025,9,temp_range,2017,5,9.5297110069232556
emea,240802,ssa,025,9,temp_range,2017,6,9.5842239939554243
emea,240802,ssa,025,9,temp_range,2017,7,7.6965014928145923
emea,240802,ssa,025,9,temp_range,2017,8,7.801756628217273
emea,240802,ssa,025,9,temp_range,2017,9,8.3349902147244972
emea,240802,ssa,025,9,temp_range,2017,10,9.7395036497830958
emea,240802,ssa,025,9,temp_range,2017,11,10.92283834201508
emea,240802,ssa,025,9,temp_range,2017,12,13.389963907473854
emea,240802,ssa,025,9,temp_range,2018,1,12.58019050840322
emea,240802,ssa,025,9,temp_range,2018,2,12.371405077160707
emea,240802,ssa,025,9,temp_range,2018,3,12.184299186084615
emea,240802,ssa,025,9,temp_range,2018,4,10.876131393402508
emea,240802,ssa,025,9,temp_range,2018,5,9.5343857167084529
emea,240802,ssa,025,9,temp_range,2018,6,7.9979122152636979
emea,240802,ssa,025,9,temp_range,2018,7,7.7169590566929287
emea,240802,ssa,025,9,temp_range,2018,8,7.9455237958560128
emea,240802,ssa,025,9,temp_range,2018,9,9.9480841348017872
emea,240802,ssa,025,9,temp_range,2018,10,10.80542372805745
emea,240802,ssa,025,9,temp_range,2018,11,11.771318256152872
emea,240802,ssa,025,9,temp_range,2018,12,13.041180725436694
emea,240802,ssa,025,9,temp_range,2019,1,15.307318931291817
emea,240802,ssa,025,9,temp_range,2019,2,13.68007708016258
emea,240802,ssa,025,9,temp_range,2019,3,13.141036353785655
emea,240802,ssa,025,9,temp_range,2019,4,10.792920004830009
emea,240802,ssa,025,9,temp_range,2019,5,9.3432350796527146
emea,240802,ssa,025,9,temp_range,2019,6,7.2074235349550637
emea,240802,ssa,025,9,temp_range,2019,7,7.5332869290478541
emea,240802,ssa,025,9,temp_range,2019,8,7.8340326940050851
emea,240802,ssa,025,9,temp_range,2019,9,8.64239383955201
emea,240802,ssa,025,9,temp_range,2019,10,9.8923304625450843
emea,240802,ssa,025,9,temp_range,2019,11,10.267620111018479
emea,240802,ssa,025,9,temp_range,2019,12,11.451481971340423
emea,240802,ssa,025,9,temp_range,2020,1,13.248784503350079
emea,240802,ssa,025,9,temp_range,2020,2,12.815124063360731
emea,240802,ssa,025,9,temp_range,2020,3,12.281943202193469
emea,240802,ssa,025,9,temp_range,2020,4,11.376624391338385
emea,240802,ssa,025,9,temp_range,2020,5,9.68740832590252
emea,240802,ssa,025,9,temp_range,2020,6,8.7607165443248434
emea,240802,ssa,025,9,temp_range,2020,7,6.4960151183719894
emea,240802,ssa,025,9,temp_range,2020,8,7.2311519523449732
emea,240802,ssa,025,9,temp_range,2020,9,8.20158429651979
emea,240802,ssa,025,9,temp_range,2020,10,10.552779511491403
emea,240802,ssa,025,9,temp_range,2020,11,12.700633562933758
emea,240802,ssa,025,9,temp_range,2020,12,14.128339866796489
emea,240802,ssa,025,9,temp_range,2021,1,12.365980736624161
emea,240802,ssa,025,9,temp_range,2021,2,12.184163747250169
emea,240802,ssa,025,9,temp_range,2021,3,12.393833362576361
emea,240802,ssa,025,9,temp_range,2021,4,11.397001327765162
emea,240802,ssa,025,9,temp_range,2021,5,9.16973351934092
emea,240802,ssa,025,9,temp_range,2021,6,9.71343397403791
emea,240802,ssa,025,9,temp_range,2021,7,6.6920603072065781
emea,240802,ssa,025,9,temp_range,2021,8,8.676939269519103
emea,240802,ssa,025,9,temp_range,2021,9,8.3652800682559931
emea,240802,ssa,025,9,temp_range,2021,10,10.507705000047842
emea,240802,ssa,025,9,temp_range,2021,11,12.262972299361016
emea,240802,ssa,025,9,temp_range,2021,12,12.65610332235816
emea,240802,ssa,025,9,temp_range,2022,1,12.564056952069297
emea,240802,ssa,025,9,temp_range,2022,2,13.067844346852505
emea,240802,ssa,025,9,temp_range,2022,3,13.30936592062921
emea,240802,ssa,025,9,temp_range,2022,4,11.316333619683506
emea,240802,ssa,025,9,temp_range,2022,5,10.669383197116142
emea,240802,ssa,025,9,temp_range,2022,6,8.7118760140775535
emea,240802,ssa,025,9,temp_range,2022,7,6.5509649390227285
emea,240802,ssa,025,9,temp_range,2022,8,7.0323421372795405
emea,240802,ssa,025,9,temp_range,2022,9,8.1775173429781933
emea,240802,ssa,025,9,temp_range,2022,10,9.59344956494959
emea,240802,ssa,025,9,temp_range,2022,11,11.813079710930859
emea,240802,ssa,025,9,temp_range,2022,12,12.123417599547963
emea,240802,ssa,025,9,temp_range,2023,1,13.295261798632994
emea,240802,ssa,025,9,temp_range,2023,2,14.379332956083918
emea,240802,ssa,025,9,temp_range,2023,3,11.424469673930638
emea,240802,ssa,025,9,temp_range,2023,4,10.711896605711711
emea,240802,ssa,025,9,temp_range,2023,5,9.3511230241098939
emea,240802,ssa,025,9,temp_range,2023,6,8.9124990580260963
emea,240802,ssa,025,9,temp_range,2023,7,8.1695446938997
emea,240802,ssa,025,9,temp_range,2023,8,8.4606719564360251
emea,240802,ssa,025,9,temp_range,2023,9,8.8990302980508034
emea,240802,ssa,025,9,temp_range,2023,10,9.5693202799095687
emea,240802,ssa,025,9,temp_range,2023,11,9.6731922626356681
emea,240802,ssa,025,9,temp_range,2023,12,11.532529903630431
emea,240802,ssa,025,9,total_precipitation,2014,1,11.175182707650649
emea,240802,ssa,025,9,total_precipitation,2014,2,34.132230578458866
emea,240802,ssa,025,9,total_precipitation,2014,3,95.384396611423014
emea,240802,ssa,025,9,total_precipitation,2014,4,186.16642908557242
emea,240802,ssa,025,9,total_precipitation,2014,5,299.17271239851164
emea,240802,ssa,025,9,total_precipitation,2014,6,206.59527487531966
emea,240802,ssa,025,9,total_precipitation,2014,7,264.3898473951981
emea,240802,ssa,025,9,total_precipitation,2014,8,284.66926420898528
emea,240802,ssa,025,9,total_precipitation,2014,9,277.79501213101554
emea,240802,ssa,025,9,total_precipitation,2014,10,244.19780108723222
emea,240802,ssa,025,9,total_precipitation,2014,11,74.146563233759281
emea,240802,ssa,025,9,total_precipitation,2014,12,11.772280712165241
emea,240802,ssa,025,9,total_precipitation,2015,1,3.1192617690679754
emea,240802,ssa,025,9,total_precipitation,2015,2,11.842432231833698
emea,240802,ssa,025,9,total_precipitation,2015,3,64.639075758431
emea,240802,ssa,025,9,total_precipitation,2015,4,111.0589920785042
emea,240802,ssa,025,9,total_precipitation,2015,5,270.40788729403744
emea,240802,ssa,025,9,total_precipitation,2015,6,264.36817453235653
emea,240802,ssa,025,9,total_precipitation,2015,7,256.35611200792096
emea,240802,ssa,025,9,total_precipitation,2015,8,220.87191624296537
emea,240802,ssa,025,9,total_precipitation,2015,9,219.66407699526454
emea,240802,ssa,025,9,total_precipitation,2015,10,172.10592760769663
emea,240802,ssa,025,9,total_precipitation,2015,11,117.52365146198616
emea,240802,ssa,025,9,total_precipitation,2015,12,59.316003821740054
emea,240802,ssa,025,9,total_precipitation,2016,1,23.589302413813918
emea,240802,ssa,025,9,total_precipitation,2016,2,12.086266028139988
emea,240802,ssa,025,9,total_precipitation,2016,3,42.4617594422666
emea,240802,ssa,025,9,total_precipitation,2016,4,220.86515250810268
emea,240802,ssa,025,9,total_precipitation,2016,5,320.66275683339143
emea,240802,ssa,025,9,total_precipitation,2016,6,208.59901197866989
emea,240802,ssa,025,9,total_precipitation,2016,7,263.13673989743882
emea,240802,ssa,025,9,total_precipitation,2016,8,232.09394548796692
emea,240802,ssa,025,9,total_precipitation,2016,9,241.48494858154356
emea,240802,ssa,025,9,total_precipitation,2016,10,162.0791093567797
emea,240802,ssa,025,9,total_precipitation,2016,11,44.767772893689973
emea,240802,ssa,025,9,total_precipitation,2016,12,7.7427151236280167
emea,240802,ssa,025,9,total_precipitation,2017,1,1.9286823230220733
emea,240802,ssa,025,9,total_precipitation,2017,2,47.083528201821728
emea,240802,ssa,025,9,total_precipitation,2017,3,52.6418397512644
emea,240802,ssa,025,9,total_precipitation,2017,4,123.59674962779545
emea,240802,ssa,025,9,total_precipitation,2017,5,288.75878412027822
emea,240802,ssa,025,9,total_precipitation,2017,6,209.83984680385348
emea,240802,ssa,025,9,total_precipitation,2017,7,281.20056174923786
emea,240802,ssa,025,9,total_precipitation,2017,8,287.04049729099575
emea,240802,ssa,025,9,total_precipitation,2017,9,328.89707470801
emea,240802,ssa,025,9,total_precipitation,2017,10,201.93135880056525
emea,240802,ssa,025,9,total_precipitation,2017,11,70.31351682157522
emea,240802,ssa,025,9,total_precipitation,2017,12,1.7834701582437873
emea,240802,ssa,025,9,total_precipitation,2018,1,3.7730573843672488
emea,240802,ssa,025,9,total_precipitation,2018,2,42.061093917320214
emea,240802,ssa,025,9,total_precipitation,2018,3,89.549354396644034
emea,240802,ssa,025,9,total_precipitation,2018,4,202.02999969603155
emea,240802,ssa,025,9,total_precipitation,2018,5,254.01268621848627
emea,240802,ssa,025,9,total_precipitation,2018,6,281.84789665686054
emea,240802,ssa,025,9,total_precipitation,2018,7,234.29640583960327
emea,240802,ssa,025,9,total_precipitation,2018,8,269.37046296688095
emea,240802,ssa,025,9,total_precipitation,2018,9,210.43921435693181
emea,240802,ssa,025,9,total_precipitation,2018,10,176.5260518762766
emea,240802,ssa,025,9,total_precipitation,2018,11,114.68824845408716
emea,240802,ssa,025,9,total_precipitation,2018,12,35.276630713455916
emea,240802,ssa,025,9,total_precipitation,2019,1,3.0086642393647054
emea,240802,ssa,025,9,total_precipitation,2019,2,19.161696290579812
emea,240802,ssa,025,9,total_precipitation,2019,3,49.256588236119519
emea,240802,ssa,025,9,total_precipitation,2019,4,153.70269519461763
emea,240802,ssa,025,9,total_precipitation,2019,5,230.17527559724394
emea,240802,ssa,025,9,total_precipitation,2019,6,278.53270995489572
emea,240802,ssa,025,9,total_precipitation,2019,7,276.1877388253489
emea,240802,ssa,025,9,total_precipitation,2019,8,270.2277910673813
emea,240802,ssa,025,9,total_precipitation,2019,9,305.3457632416372
emea,240802,ssa,025,9,total_precipitation,2019,10,250.72541147851925
emea,240802,ssa,025,9,total_precipitation,2019,11,137.23278046834855
emea,240802,ssa,025,9,total_precipitation,2019,12,54.326387149218831
emea,240802,ssa,025,9,total_precipitation,2020,1,39.837860938178693
emea,240802,ssa,025,9,total_precipitation,2020,2,35.29655260746992
emea,240802,ssa,025,9,total_precipitation,2020,3,75.108252783710313
emea,240802,ssa,025,9,total_precipitation,2020,4,176.83184062155087
emea,240802,ssa,025,9,total_precipitation,2020,5,251.61884301653944
emea,240802,ssa,025,9,total_precipitation,2020,6,271.43808077058424
emea,240802,ssa,025,9,total_precipitation,2020,7,304.25367472694427
emea,240802,ssa,025,9,total_precipitation,2020,8,337.23890826003833
emea,240802,ssa,025,9,total_precipitation,2020,9,309.17572162590665
emea,240802,ssa,025,9,total_precipitation,2020,10,183.46639222763406
emea,240802,ssa,025,9,total_precipitation,2020,11,44.435344274025795
emea,240802,ssa,025,9,total_precipitation,2020,12,8.6110411811588961
emea,240802,ssa,025,9,total_precipitation,2021,1,7.4427997525024949
emea,240802,ssa,025,9,total_precipitation,2021,2,23.744076170919932
emea,240802,ssa,025,9,total_precipitation,2021,3,30.143902393355603
emea,240802,ssa,025,9,total_precipitation,2021,4,129.04778505750033
emea,240802,ssa,025,9,total_precipitation,2021,5,245.6624637164044
emea,240802,ssa,025,9,total_precipitation,2021,6,171.13785198977109
emea,240802,ssa,025,9,total_precipitation,2021,7,240.14863730389948
emea,240802,ssa,025,9,total_precipitation,2021,8,212.69046854730655
emea,240802,ssa,025,9,total_precipitation,2021,9,312.06185524096372
emea,240802,ssa,025,9,total_precipitation,2021,10,175.23008713240404
emea,240802,ssa,025,9,total_precipitation,2021,11,39.063482241994961
emea,240802,ssa,025,9,total_precipitation,2021,12,10.541305036726001
emea,240802,ssa,025,9,total_precipitation,2022,1,18.5503072064531
emea,240802,ssa,025,9,total_precipitation,2022,2,11.624174994664372
emea,240802,ssa,025,9,total_precipitation,2022,3,29.358089977592094
emea,240802,ssa,025,9,total_precipitation,2022,4,168.56611494470465
emea,240802,ssa,025,9,total_precipitation,2022,5,129.2103545854215
emea,240802,ssa,025,9,total_precipitation,2022,6,205.90129554785767
emea,240802,ssa,025,9,total_precipitation,2022,7,254.75518308476691
emea,240802,ssa,025,9,total_precipitation,2022,8,300.187467147344
emea,240802,ssa,025,9,total_precipitation,2022,9,256.54496679400052
emea,240802,ssa,025,9,total_precipitation,2022,10,180.86951296046189
emea,240802,ssa,025,9,total_precipitation,2022,11,43.289013888060339
emea,240802,ssa,025,9,total_precipitation,2022,12,27.225160856972487
emea,240802,ssa,025,9,total_precipitation,2023,1,19.801853721947083
emea,240802,ssa,025,9,total_precipitation,2023,2,13.602685749973048
emea,240802,ssa,025,9,total_precipitation,2023,3,132.17011032289815
emea,240802,ssa,025,9,total_precipitation,2023,4,203.7855265276537
emea,240802,ssa,025,9,total_precipitation,2023,5,232.4623362315545
emea,240802,ssa,025,9,total_precipitation,2023,6,211.14513002605804
emea,240802,ssa,025,9,total_precipitation,2023,7,225.221199277902
emea,240802,ssa,025,9,total_precipitation,2023,8,198.57073708249675
emea,240802,ssa,025,9,total_precipitation,2023,9,303.9053208515827
emea,240802,ssa,025,9,total_precipitation,2023,10,219.92375232654973
emea,240802,ssa,025,9,total_precipitation,2023,11,152.32632050721077
emea,240802,ssa,025,9,total_precipitation,2023,12,54.9862650576668
emea,240802,ssa,025,10,daylength,,1,696.92450745663189
emea,240802,ssa,025,10,daylength,,2,705.46203813071111
emea,240802,ssa,025,10,daylength,,3,717.0824653706029
emea,240802,ssa,025,10,daylength,,4,729.62884813925791
emea,240802,ssa,025,10,daylength,,5,740.16874680224043
emea,240802,ssa,025,10,daylength,,6,745.476334613284
emea,240802,ssa,025,10,daylength,,7,743.37155833649206
emea,240802,ssa,025,10,daylength,,8,734.53839554779211
emea,240802,ssa,025,10,daylength,,9,722.50175081119176
emea,240802,ssa,025,10,daylength,,10,709.97795357230257
emea,240802,ssa,025,10,daylength,,11,699.55589282479355
emea,240802,ssa,025,10,daylength,,12,694.5396091974967
emea,240802,ssa,025,10,elevation,,,2321.3731229754412
emea,240802,ssa,025,10,max_temperature,2014,1,24.127174529237237
emea,240802,ssa,025,10,max_temperature,2014,2,23.830392400814247
emea,240802,ssa,025,10,max_temperature,2014,3,24.827471182355055
emea,240802,ssa,025,10,max_temperature,2014,4,23.492476501546438
emea,240802,ssa,025,10,max_temperature,2014,5,22.636863157600047
emea,240802,ssa,025,10,max_temperature,2014,6,22.427497574242732
emea,240802,ssa,025,10,max_temperature,2014,7,20.509680798828533
emea,240802,ssa,025,10,max_temperature,2014,8,19.928676808002756
emea,240802,ssa,025,10,max_temperature,2014,9,20.259089499864665
emea,240802,ssa,025,10,max_temperature,2014,10,21.270347376284537
emea,240802,ssa,025,10,max_temperature,2014,11,20.7538534023901
emea,240802,ssa,025,10,max_temperature,2014,12,21.484733032966641
emea,240802,ssa,025,10,max_temperature,2015,1,24.354921078703448
emea,240802,ssa,025,10,max_temperature,2015,2,25.42005455336913
emea,240802,ssa,025,10,max_temperature,2015,3,25.402798980578886
emea,240802,ssa,025,10,max_temperature,2015,4,23.839682640612978
emea,240802,ssa,025,10,max_temperature,2015,5,22.151329126537586
emea,240802,ssa,025,10,max_temperature,2015,6,22.054056870793488
emea,240802,ssa,025,10,max_temperature,2015,7,21.272246453780966
emea,240802,ssa,025,10,max_temperature,2015,8,21.383588397493241
emea,240802,ssa,025,10,max_temperature,2015,9,21.468975658633141
emea,240802,ssa,025,10,max_temperature,2015,10,22.083154493934064
emea,240802,ssa,025,10,max_temperature,2015,11,22.4255486986794
emea,240802,ssa,025,10,max_temperature,2015,12,22.967246735108784
emea,240802,ssa,025,10,max_temperature,2016,1,23.423777295942315
emea,240802,ssa,025,10,max_temperature,2016,2,25.084453736810389
emea,240802,ssa,025,10,max_temperature,2016,3,26.31167803462905
emea,240802,ssa,025,10,max_temperature,2016,4,22.868895736968852
emea,240802,ssa,025,10,max_temperature,2016,5,22.591827426465365
emea,240802,ssa,025,10,max_temperature,2016,6,21.573036672314903
emea,240802,ssa,025,10,max_temperature,2016,7,20.2130092655256
emea,240802,ssa,025,10,max_temperature,2016,8,19.944774544852677
emea,240802,ssa,025,10,max_temperature,2016,9,21.29797128136865
emea,240802,ssa,025,10,max_temperature,2016,10,21.907208567649477
emea,240802,ssa,025,10,max_temperature,2016,11,22.650643741618637
emea,240802,ssa,025,10,max_temperature,2016,12,23.06235656087356
emea,240802,ssa,025,10,max_temperature,2017,1,24.899169811007653
emea,240802,ssa,025,10,max_temperature,2017,2,24.757022050603091
emea,240802,ssa,025,10,max_temperature,2017,3,25.760520398812989
emea,240802,ssa,025,10,max_temperature,2017,4,24.328335973546871
emea,240802,ssa,025,10,max_temperature,2017,5,22.624802498887718
emea,240802,ssa,025,10,max_temperature,2017,6,22.377510306841941
emea,240802,ssa,025,10,max_temperature,2017,7,20.428960317981481
emea,240802,ssa,025,10,max_temperature,2017,8,19.959334372416158
emea,240802,ssa,025,10,max_temperature,2017,9,20.212006606315462
emea,240802,ssa,025,10,max_temperature,2017,10,21.404279373467972
emea,240802,ssa,025,10,max_temperature,2017,11,20.952154495057435
emea,240802,ssa,025,10,max_temperature,2017,12,21.955542635538215
emea,240802,ssa,025,10,max_temperature,2018,1,22.801804488662981
emea,240802,ssa,025,10,max_temperature,2018,2,24.069119604169874
emea,240802,ssa,025,10,max_temperature,2018,3,22.320041723770267
emea,240802,ssa,025,10,max_temperature,2018,4,21.937109333230303
emea,240802,ssa,025,10,max_temperature,2018,5,21.756887780930604
emea,240802,ssa,025,10,max_temperature,2018,6,20.060123513098745
emea,240802,ssa,025,10,max_temperature,2018,7,19.295816965038419
emea,240802,ssa,025,10,max_temperature,2018,8,19.673628477808975
emea,240802,ssa,025,10,max_temperature,2018,9,21.243870591707037
emea,240802,ssa,025,10,max_temperature,2018,10,21.384066555300468
emea,240802,ssa,025,10,max_temperature,2018,11,22.166749711094955
emea,240802,ssa,025,10,max_temperature,2018,12,23.44385293044385
emea,240802,ssa,025,10,max_temperature,2019,1,25.39640608672406
emea,240802,ssa,025,10,max_temperature,2019,2,26.181443587569046
emea,240802,ssa,025,10,max_temperature,2019,3,26.360923247872375
emea,240802,ssa,025,10,max_temperature,2019,4,23.677733605779391
emea,240802,ssa,025,10,max_temperature,2019,5,21.928364603329374
emea,240802,ssa,025,10,max_temperature,2019,6,20.000323043178657
emea,240802,ssa,025,10,max_temperature,2019,7,19.606112861800781
emea,240802,ssa,025,10,max_temperature,2019,8,19.881844266029287
emea,240802,ssa,025,10,max_temperature,2019,9,20.900225456427215
emea,240802,ssa,025,10,max_temperature,2019,10,21.316124810443505
emea,240802,ssa,025,10,max_temperature,2019,11,21.934316158241046
emea,240802,ssa,025,10,max_temperature,2019,12,22.539429323132449
emea,240802,ssa,025,10,max_temperature,2020,1,23.824579083513882
emea,240802,ssa,025,10,max_temperature,2020,2,25.145161301936195
emea,240802,ssa,025,10,max_temperature,2020,3,24.797900521757725
emea,240802,ssa,025,10,max_temperature,2020,4,23.430405752696355
emea,240802,ssa,025,10,max_temperature,2020,5,22.725048798809027
emea,240802,ssa,025,10,max_temperature,2020,6,21.668464937391843
emea,240802,ssa,025,10,max_temperature,2020,7,18.646773241842723
emea,240802,ssa,025,10,max_temperature,2020,8,19.997439443876559
emea,240802,ssa,025,10,max_temperature,2020,9,20.350054591721459
emea,240802,ssa,025,10,max_temperature,2020,10,22.159066434171578
emea,240802,ssa,025,10,max_temperature,2020,11,22.859010040157116
emea,240802,ssa,025,10,max_temperature,2020,12,23.482194801926955
emea,240802,ssa,025,10,max_temperature,2021,1,22.910108986881738
emea,240802,ssa,025,10,max_temperature,2021,2,23.438288809843087
emea,240802,ssa,025,10,max_temperature,2021,3,24.567806136037415
emea,240802,ssa,025,10,max_temperature,2021,4,23.571019389565876
emea,240802,ssa,025,10,max_temperature,2021,5,22.72732067019512
emea,240802,ssa,025,10,max_temperature,2021,6,21.951943024876307
emea,240802,ssa,025,10,max_temperature,2021,7,18.717878749768797
emea,240802,ssa,025,10,max_temperature,2021,8,20.621354638680806
emea,240802,ssa,025,10,max_temperature,2021,9,20.3337862510597
emea,240802,ssa,025,10,max_temperature,2021,10,21.247673765319309
emea,240802,ssa,025,10,max_temperature,2021,11,22.004142901478236
emea,240802,ssa,025,10,max_temperature,2021,12,22.545854842087941
emea,240802,ssa,025,10,max_temperature,2022,1,23.536967716315374
emea,240802,ssa,025,10,max_temperature,2022,2,24.213003886514084
emea,240802,ssa,025,10,max_temperature,2022,3,25.526165273473858
emea,240802,ssa,025,10,max_temperature,2022,4,23.622249893753295
emea,240802,ssa,025,10,max_temperature,2022,5,23.670015587781243
emea,240802,ssa,025,10,max_temperature,2022,6,20.771101357064936
emea,240802,ssa,025,10,max_temperature,2022,7,18.834592541707792
emea,240802,ssa,025,10,max_temperature,2022,8,19.614101485224623
emea,240802,ssa,025,10,max_temperature,2022,9,20.094028898507545
emea,240802,ssa,025,10,max_temperature,2022,10,20.375468678612265
emea,240802,ssa,025,10,max_temperature,2022,11,22.484095854111693
emea,240802,ssa,025,10,max_temperature,2022,12,23.133495648078434
emea,240802,ssa,025,10,max_temperature,2023,1,24.171085882952283
emea,240802,ssa,025,10,max_temperature,2023,2,25.7820220832872
emea,240802,ssa,025,10,max_temperature,2023,3,22.448116414471325
emea,240802,ssa,025,10,max_temperature,2023,4,22.676181640562142
emea,240802,ssa,025,10,max_temperature,2023,5,21.695669458918005
emea,240802,ssa,025,10,max_temperature,2023,6,21.924009161837997
emea,240802,ssa,025,10,max_temperature,2023,7,20.286255983505651
emea,240802,ssa,025,10,max_temperature,2023,8,20.657167298901697
emea,240802,ssa,025,10,max_temperature,2023,9,21.344854199962448
emea,240802,ssa,025,10,max_temperature,2023,10,21.329566385721513
emea,240802,ssa,025,10,max_temperature,2023,11,21.385733937319252
emea,240802,ssa,025,10,max_temperature,2023,12,22.276729156912335
emea,240802,ssa,025,10,temp_range,2014,1,14.617623365436213
emea,240802,ssa,025,10,temp_range,2014,2,12.631136445657624
emea,240802,ssa,025,10,temp_range,2014,3,12.565353383165935
emea,240802,ssa,025,10,temp_range,2014,4,11.422510341301027
emea,240802,ssa,025,10,temp_range,2014,5,9.782297959451201
emea,240802,ssa,025,10,temp_range,2014,6,10.131691826918129
emea,240802,ssa,025,10,temp_range,2014,7,7.998543085778401
emea,240802,ssa,025,10,temp_range,2014,8,7.9412259271208541
emea,240802,ssa,025,10,temp_range,2014,9,8.5621906456598875
emea,240802,ssa,025,10,temp_range,2014,10,9.15701059533194
emea,240802,ssa,025,10,temp_range,2014,11,9.8810884619488988
emea,240802,ssa,025,10,temp_range,2014,12,12.627345433859842
emea,240802,ssa,025,10,temp_range,2015,1,15.973188470767344
emea,240802,ssa,025,10,temp_range,2015,2,14.994560524168655
emea,240802,ssa,025,10,temp_range,2015,3,13.929027183574226
emea,240802,ssa,025,10,temp_range,2015,4,11.471614323423358
emea,240802,ssa,025,10,temp_range,2015,5,9.4349657528509638
emea,240802,ssa,025,10,temp_range,2015,6,9.3013816212855165
emea,240802,ssa,025,10,temp_range,2015,7,8.9027720747256165
emea,240802,ssa,025,10,temp_range,2015,8,9.5252853519196
emea,240802,ssa,025,10,temp_range,2015,9,9.5842488019207828
emea,240802,ssa,025,10,temp_range,2015,10,9.97548018430723
emea,240802,ssa,025,10,temp_range,2015,11,10.99712981066827
emea,240802,ssa,025,10,temp_range,2015,12,12.208689032555124
emea,240802,ssa,025,10,temp_range,2016,1,11.755995733800155
emea,240802,ssa,025,10,temp_range,2016,2,13.713202097742606
emea,240802,ssa,025,10,temp_range,2016,3,12.931951001327054
emea,240802,ssa,025,10,temp_range,2016,4,9.49166355426894
emea,240802,ssa,025,10,temp_range,2016,5,9.5297888522375587
emea,240802,ssa,025,10,temp_range,2016,6,9.4384761278201257
emea,240802,ssa,025,10,temp_range,2016,7,8.0058892617181581
emea,240802,ssa,025,10,temp_range,2016,8,8.2720952193336572
emea,240802,ssa,025,10,temp_range,2016,9,9.7718197232989716
emea,240802,ssa,025,10,temp_range,2016,10,10.401695144413477
emea,240802,ssa,025,10,temp_range,2016,11,12.706959506686397
emea,240802,ssa,025,10,temp_range,2016,12,15.26938803057773
emea,240802,ssa,025,10,temp_range,2017,1,17.479629551077331
emea,240802,ssa,025,10,temp_range,2017,2,13.656988275079819
emea,240802,ssa,025,10,temp_range,2017,3,13.431205692742132
emea,240802,ssa,025,10,temp_range,2017,4,12.052598182676796
emea,240802,ssa,025,10,temp_range,2017,5,9.5913393706047358
emea,240802,ssa,025,10,temp_range,2017,6,10.026536801048323
emea,240802,ssa,025,10,temp_range,2017,7,7.77252717060038
emea,240802,ssa,025,10,temp_range,2017,8,7.4968042891308215
emea,240802,ssa,025,10,temp_range,2017,9,8.00364023383383
emea,240802,ssa,025,10,temp_range,2017,10,9.3337228930998375
emea,240802,ssa,025,10,temp_range,2017,11,10.816033328010962
emea,240802,ssa,025,10,temp_range,2017,12,13.795778201733802
emea,240802,ssa,025,10,temp_range,2018,1,13.1477265209178
emea,240802,ssa,025,10,temp_range,2018,2,12.317170235938967
emea,240802,ssa,025,10,temp_range,2018,3,10.56733892937512
emea,240802,ssa,025,10,temp_range,2018,4,9.55550468826113
emea,240802,ssa,025,10,temp_range,2018,5,9.6958882807388154
emea,240802,ssa,025,10,temp_range,2018,6,8.0477338212584861
emea,240802,ssa,025,10,temp_range,2018,7,7.3983137966972343
emea,240802,ssa,025,10,temp_range,2018,8,7.9224992134763585
emea,240802,ssa,025,10,temp_range,2018,9,9.636028366568409
emea,240802,ssa,025,10,temp_range,2018,10,10.063683985512172
emea,240802,ssa,025,10,temp_range,2018,11,11.107240192135299
emea,240802,ssa,025,10,temp_range,2018,12,13.665088661933815
emea,240802,ssa,025,10,temp_range,2019,1,16.198077057337052
emea,240802,ssa,025,10,temp_range,2019,2,14.411150676177645
emea,240802,ssa,025,10,temp_range,2019,3,13.688374621253855
emea,240802,ssa,025,10,temp_range,2019,4,10.223816020149355
emea,240802,ssa,025,10,temp_range,2019,5,9.0260203574273667
emea,240802,ssa,025,10,temp_range,2019,6,7.2135449907732143
emea,240802,ssa,025,10,temp_range,2019,7,7.2842264830108849
emea,240802,ssa,025,10,temp_range,2019,8,7.8675520729559931
emea,240802,ssa,025,10,temp_range,2019,9,8.8073664424546774
emea,240802,ssa,025,10,temp_range,2019,10,9.3129463275677953
emea,240802,ssa,025,10,temp_range,2019,11,10.270834214706701
emea,240802,ssa,025,10,temp_range,2019,12,12.003099576531362
emea,240802,ssa,025,10,temp_range,2020,1,12.976252570832543
emea,240802,ssa,025,10,temp_range,2020,2,13.52981201332863
emea,240802,ssa,025,10,temp_range,2020,3,11.879356831020285
emea,240802,ssa,025,10,temp_range,2020,4,10.409094604999407
emea,240802,ssa,025,10,temp_range,2020,5,9.9963101873041129
emea,240802,ssa,025,10,temp_range,2020,6,9.239968305284485
emea,240802,ssa,025,10,temp_range,2020,7,6.479306669321069
emea,240802,ssa,025,10,temp_range,2020,8,7.4304179473006862
emea,240802,ssa,025,10,temp_range,2020,9,8.0497424677130187
emea,240802,ssa,025,10,temp_range,2020,10,10.660555371140056
emea,240802,ssa,025,10,temp_range,2020,11,13.081842626003448
emea,240802,ssa,025,10,temp_range,2020,12,15.253845240283969
emea,240802,ssa,025,10,temp_range,2021,1,13.107689585026101
emea,240802,ssa,025,10,temp_range,2021,2,12.095736672794111
emea,240802,ssa,025,10,temp_range,2021,3,12.845309758617434
emea,240802,ssa,025,10,temp_range,2021,4,11.030999149837918
emea,240802,ssa,025,10,temp_range,2021,5,9.9898841316600535
emea,240802,ssa,025,10,temp_range,2021,6,10.35700922144801
emea,240802,ssa,025,10,temp_range,2021,7,6.3777480079790019
emea,240802,ssa,025,10,temp_range,2021,8,8.877662597834119
emea,240802,ssa,025,10,temp_range,2021,9,8.2632035902436787
emea,240802,ssa,025,10,temp_range,2021,10,10.608380189488352
emea,240802,ssa,025,10,temp_range,2021,11,12.582337163882258
emea,240802,ssa,025,10,temp_range,2021,12,13.09751570367991
emea,240802,ssa,025,10,temp_range,2022,1,13.145841675787343
emea,240802,ssa,025,10,temp_range,2022,2,13.733020503024841
emea,240802,ssa,025,10,temp_range,2022,3,14.510511330850012
emea,240802,ssa,025,10,temp_range,2022,4,10.970237763773872
emea,240802,ssa,025,10,temp_range,2022,5,11.39408859160638
emea,240802,ssa,025,10,temp_range,2022,6,8.739747262963192
emea,240802,ssa,025,10,temp_range,2022,7,6.4424087866083841
emea,240802,ssa,025,10,temp_range,2022,8,6.9089938528640484
emea,240802,ssa,025,10,temp_range,2022,9,7.8572098758398052
emea,240802,ssa,025,10,temp_range,2022,10,8.38488795762536
emea,240802,ssa,025,10,temp_range,2022,11,12.529467253626709
emea,240802,ssa,025,10,temp_range,2022,12,12.871509652735098
emea,240802,ssa,025,10,temp_range,2023,1,14.32867764373551
emea,240802,ssa,025,10,temp_range,2023,2,15.355188420399564
emea,240802,ssa,025,10,temp_range,2023,3,9.9513747702312774
emea,240802,ssa,025,10,temp_range,2023,4,9.7800014481415811
emea,240802,ssa,025,10,temp_range,2023,5,9.01283880032392
emea,240802,ssa,025,10,temp_range,2023,6,9.41044510603432
emea,240802,ssa,025,10,temp_range,2023,7,7.7896330136185146
emea,240802,ssa,025,10,temp_range,2023,8,8.3844185118603036
emea,240802,ssa,025,10,temp_range,2023,9,8.820647881249787
emea,240802,ssa,025,10,temp_range,2023,10,8.5047129549343659
emea,240802,ssa,025,10,temp_range,2023,11,9.2578439273868423
emea,240802,ssa,025,10,temp_range,2023,12,11.683103942007453
emea,240802,ssa,025,10,total_precipitation,2014,1,11.202250920107218
emea,240802,ssa,025,10,total_precipitation,2014,2,61.971991823496978
emea,240802,ssa,025,10,total_precipitation,2014,3,142.55697245585696
emea,240802,ssa,025,10,total_precipitation,2014,4,194.82414742521553
emea,240802,ssa,025,10,total_precipitation,2014,5,308.5174621322829
emea,240802,ssa,025,10,total_precipitation,2014,6,142.59563661103644
emea,240802,ssa,025,10,total_precipitation,2014,7,252.24232145881996
emea,240802,ssa,025,10,total_precipitation,2014,8,312.45526642908226
emea,240802,ssa,025,10,total_precipitation,2014,9,333.51783461388573
emea,240802,ssa,025,10,total_precipitation,2014,10,260.21873163837438
emea,240802,ssa,025,10,total_precipitation,2014,11,96.677198410251961
emea,240802,ssa,025,10,total_precipitation,2014,12,8.1073174538782666
emea,240802,ssa,025,10,total_precipitation,2015,1,4.3915259282695445
emea,240802,ssa,025,10,total_precipitation,2015,2,11.353130889560973
emea,240802,ssa,025,10,total_precipitation,2015,3,87.9324806827647
emea,240802,ssa,025,10,total_precipitation,2015,4,159.46711720579106
emea,240802,ssa,025,10,total_precipitation,2015,5,322.19498710479081
emea,240802,ssa,025,10,total_precipitation,2015,6,245.1829305061824
emea,240802,ssa,025,10,total_precipitation,2015,7,267.5719571892389
emea,240802,ssa,025,10,total_precipitation,2015,8,283.0461784651406
emea,240802,ssa,025,10,total_precipitation,2015,9,271.43320395363526
emea,240802,ssa,025,10,total_precipitation,2015,10,224.07227986118551
emea,240802,ssa,025,10,total_precipitation,2015,11,99.364538673889129
emea,240802,ssa,025,10,total_precipitation,2015,12,33.704968296724843
emea,240802,ssa,025,10,total_precipitation,2016,1,47.398474716082625
emea,240802,ssa,025,10,total_precipitation,2016,2,27.005442022040185
emea,240802,ssa,025,10,total_precipitation,2016,3,66.211491544671034
emea,240802,ssa,025,10,total_precipitation,2016,4,441.24786587252106
emea,240802,ssa,025,10,total_precipitation,2016,5,381.9797218562926
emea,240802,ssa,025,10,total_precipitation,2016,6,182.35753325231622
emea,240802,ssa,025,10,total_precipitation,2016,7,268.32301077803481
emea,240802,ssa,025,10,total_precipitation,2016,8,249.90063590858878
emea,240802,ssa,025,10,total_precipitation,2016,9,297.91486338888382
emea,240802,ssa,025,10,total_precipitation,2016,10,210.6937040722253
emea,240802,ssa,025,10,total_precipitation,2016,11,91.555923719618647
emea,240802,ssa,025,10,total_precipitation,2016,12,15.575028102396999
emea,240802,ssa,025,10,total_precipitation,2017,1,2.0773871023016568
emea,240802,ssa,025,10,total_precipitation,2017,2,28.748221449310229
emea,240802,ssa,025,10,total_precipitation,2017,3,94.568955665547364
emea,240802,ssa,025,10,total_precipitation,2017,4,166.37875259552689
emea,240802,ssa,025,10,total_precipitation,2017,5,291.66259107158544
emea,240802,ssa,025,10,total_precipitation,2017,6,167.0243816066224
emea,240802,ssa,025,10,total_precipitation,2017,7,274.99212925006714
emea,240802,ssa,025,10,total_precipitation,2017,8,286.862771198413
emea,240802,ssa,025,10,total_precipitation,2017,9,412.57981567666627
emea,240802,ssa,025,10,total_precipitation,2017,10,216.98190545814327
emea,240802,ssa,025,10,total_precipitation,2017,11,95.386466557789589
emea,240802,ssa,025,10,total_precipitation,2017,12,0.22033666011928688
emea,240802,ssa,025,10,total_precipitation,2018,1,8.3895062035296348
emea,240802,ssa,025,10,total_precipitation,2018,2,101.87625678236833
emea,240802,ssa,025,10,total_precipitation,2018,3,188.29267677640971
emea,240802,ssa,025,10,total_precipitation,2018,4,378.19157479246257
emea,240802,ssa,025,10,total_precipitation,2018,5,260.20524385414888
emea,240802,ssa,025,10,total_precipitation,2018,6,298.9489032256821
emea,240802,ssa,025,10,total_precipitation,2018,7,198.03594332440679
emea,240802,ssa,025,10,total_precipitation,2018,8,271.58543798644814
emea,240802,ssa,025,10,total_precipitation,2018,9,223.21364306747003
emea,240802,ssa,025,10,total_precipitation,2018,10,201.4413536532719
emea,240802,ssa,025,10,total_precipitation,2018,11,148.08777239841018
emea,240802,ssa,025,10,total_precipitation,2018,12,38.29251444822961
emea,240802,ssa,025,10,total_precipitation,2019,1,1.4774402964486484
emea,240802,ssa,025,10,total_precipitation,2019,2,13.8164701952238
emea,240802,ssa,025,10,total_precipitation,2019,3,41.944500848572275
emea,240802,ssa,025,10,total_precipitation,2019,4,207.85151045450141
emea,240802,ssa,025,10,total_precipitation,2019,5,286.59120269069388
emea,240802,ssa,025,10,total_precipitation,2019,6,285.18675690553175
emea,240802,ssa,025,10,total_precipitation,2019,7,279.93774314860042
emea,240802,ssa,025,10,total_precipitation,2019,8,289.1677795682624
emea,240802,ssa,025,10,total_precipitation,2019,9,401.0703227808483
emea,240802,ssa,025,10,total_precipitation,2019,10,237.36772063830963
emea,240802,ssa,025,10,total_precipitation,2019,11,161.30331948555408
emea,240802,ssa,025,10,total_precipitation,2019,12,54.656361271118968
emea,240802,ssa,025,10,total_precipitation,2020,1,42.154185942310967
emea,240802,ssa,025,10,total_precipitation,2020,2,21.203244735867187
emea,240802,ssa,025,10,total_precipitation,2020,3,129.42537635024792
emea,240802,ssa,025,10,total_precipitation,2020,4,316.96612916550475
emea,240802,ssa,025,10,total_precipitation,2020,5,290.89423464590595
emea,240802,ssa,025,10,total_precipitation,2020,6,242.61006678846795
emea,240802,ssa,025,10,total_precipitation,2020,7,271.27904526628032
emea,240802,ssa,025,10,total_precipitation,2020,8,328.72528311105543
emea,240802,ssa,025,10,total_precipitation,2020,9,353.21598855956984
emea,240802,ssa,025,10,total_precipitation,2020,10,186.77383289344078
emea,240802,ssa,025,10,total_precipitation,2020,11,61.805084269209317
emea,240802,ssa,025,10,total_precipitation,2020,12,8.2032023007557768
emea,240802,ssa,025,10,total_precipitation,2021,1,6.9400762319354641
emea,240802,ssa,025,10,total_precipitation,2021,2,35.779711008456694
emea,240802,ssa,025,10,total_precipitation,2021,3,30.074055702855823
emea,240802,ssa,025,10,total_precipitation,2021,4,222.62796949117327
emea,240802,ssa,025,10,total_precipitation,2021,5,235.83322930209616
emea,240802,ssa,025,10,total_precipitation,2021,6,118.3476382440476
emea,240802,ssa,025,10,total_precipitation,2021,7,228.29117717580712
emea,240802,ssa,025,10,total_precipitation,2021,8,237.04377526798714
emea,240802,ssa,025,10,total_precipitation,2021,9,362.96881466839011
emea,240802,ssa,025,10,total_precipitation,2021,10,226.354335954557
emea,240802,ssa,025,10,total_precipitation,2021,11,30.364870553594592
emea,240802,ssa,025,10,total_precipitation,2021,12,3.7624372871052287
emea,240802,ssa,025,10,total_precipitation,2022,1,21.887712379092683
emea,240802,ssa,025,10,total_precipitation,2022,2,6.2644438120574364
emea,240802,ssa,025,10,total_precipitation,2022,3,54.80612034712091
emea,240802,ssa,025,10,total_precipitation,2022,4,217.92431240253259
emea,240802,ssa,025,10,total_precipitation,2022,5,110.75197863752021
emea,240802,ssa,025,10,total_precipitation,2022,6,171.7554500027274
emea,240802,ssa,025,10,total_precipitation,2022,7,243.31387639521472
emea,240802,ssa,025,10,total_precipitation,2022,8,283.69753706923268
emea,240802,ssa,025,10,total_precipitation,2022,9,308.39067292540392
emea,240802,ssa,025,10,total_precipitation,2022,10,238.97872181497928
emea,240802,ssa,025,10,total_precipitation,2022,11,33.954434837494361
emea,240802,ssa,025,10,total_precipitation,2022,12,12.267057301025531
emea,240802,ssa,025,10,total_precipitation,2023,1,5.4583038314012811
emea,240802,ssa,025,10,total_precipitation,2023,2,10.702779480676909
emea,240802,ssa,025,10,total_precipitation,2023,3,259.40869522208328
emea,240802,ssa,025,10,total_precipitation,2023,4,304.39284385121522
emea,240802,ssa,025,10,total_precipitation,2023,5,308.38016692354557
emea,240802,ssa,025,10,total_precipitation,2023,6,195.92136523637134
emea,240802,ssa,025,10,total_precipitation,2023,7,255.91973685714058
emea,240802,ssa,025,10,total_precipitation,2023,8,230.98486959682333
emea,240802,ssa,025,10,total_precipitation,2023,9,434.82552102321517
emea,240802,ssa,025,10,total_precipitation,2023,10,297.83783124474462
emea,240802,ssa,025,10,total_precipitation,2023,11,185.40575718346861
emea,240802,ssa,025,10,total_precipitation,2023,12,36.483381160904464
emea,240802,ssa,025,11,daylength,,1,685.30536420127839
emea,240802,ssa,025,11,daylength,,2,698.14917481309021
emea,240802,ssa,025,11,daylength,,3,715.61582764772606
emea,240802,ssa,025,11,daylength,,4,734.47053003099415
emea,240802,ssa,025,11,daylength,,5,750.32024047380878
emea,240802,ssa,025,11,daylength,,6,758.30908660101682
emea,240802,ssa,025,11,daylength,,7,755.1402892620157
emea,240802,ssa,025,11,daylength,,8,741.85147508581554
emea,240802,ssa,025,11,daylength,,9,723.75936660710556
emea,240802,ssa,025,11,daylength,,10,704.93843888435867
emea,240802,ssa,025,11,daylength,,11,689.26543814632839
emea,240802,ssa,025,11,daylength,,12,681.71492121652136
emea,240802,ssa,025,11,elevation,,,2161.4539263510505
emea,240802,ssa,025,11,max_temperature,2014,1,25.41871056411334
emea,240802,ssa,025,11,max_temperature,2014,2,26.410822541230541
emea,240802,ssa,025,11,max_temperature,2014,3,27.241047233251887
emea,240802,ssa,025,11,max_temperature,2014,4,27.288852924841343
emea,240802,ssa,025,11,max_temperature,2014,5,25.971748704970931
emea,240802,ssa,025,11,max_temperature,2014,6,25.662174178591396
emea,240802,ssa,025,11,max_temperature,2014,7,23.13555884459787
emea,240802,ssa,025,11,max_temperature,2014,8,21.862794518173445
emea,240802,ssa,025,11,max_temperature,2014,9,22.840206360956145
emea,240802,ssa,025,11,max_temperature,2014,10,24.469386868100198
emea,240802,ssa,025,11,max_temperature,2014,11,23.89329814903256
emea,240802,ssa,025,11,max_temperature,2014,12,23.639243077007283
emea,240802,ssa,025,11,max_temperature,2015,1,25.32871120911625
emea,240802,ssa,025,11,max_temperature,2015,2,27.400073032746242
emea,240802,ssa,025,11,max_temperature,2015,3,27.764749322497956
emea,240802,ssa,025,11,max_temperature,2015,4,28.305418842173513
emea,240802,ssa,025,11,max_temperature,2015,5,26.641061717661493
emea,240802,ssa,025,11,max_temperature,2015,6,25.915189023734634
emea,240802,ssa,025,11,max_temperature,2015,7,24.4261303994241
emea,240802,ssa,025,11,max_temperature,2015,8,23.143543955544821
emea,240802,ssa,025,11,max_temperature,2015,9,23.5605967314442
emea,240802,ssa,025,11,max_temperature,2015,10,25.682721331621405
emea,240802,ssa,025,11,max_temperature,2015,11,25.177404414025787
emea,240802,ssa,025,11,max_temperature,2015,12,24.511104176539185
emea,240802,ssa,025,11,max_temperature,2016,1,25.3778838012744
emea,240802,ssa,025,11,max_temperature,2016,2,27.323112203029542
emea,240802,ssa,025,11,max_temperature,2016,3,29.108661365201129
emea,240802,ssa,025,11,max_temperature,2016,4,27.549451662461571
emea,240802,ssa,025,11,max_temperature,2016,5,26.064248461186402
emea,240802,ssa,025,11,max_temperature,2016,6,25.47885707563826
emea,240802,ssa,025,11,max_temperature,2016,7,22.066865887893272
emea,240802,ssa,025,11,max_temperature,2016,8,21.736629915900973
emea,240802,ssa,025,11,max_temperature,2016,9,23.279671862961759
emea,240802,ssa,025,11,max_temperature,2016,10,24.951405686425986
emea,240802,ssa,025,11,max_temperature,2016,11,25.256611681273888
emea,240802,ssa,025,11,max_temperature,2016,12,25.046652724540273
emea,240802,ssa,025,11,max_temperature,2017,1,26.087116897464607
emea,240802,ssa,025,11,max_temperature,2017,2,25.632089385608658
emea,240802,ssa,025,11,max_temperature,2017,3,27.278240007067843
emea,240802,ssa,025,11,max_temperature,2017,4,28.577928004549879
emea,240802,ssa,025,11,max_temperature,2017,5,25.403934661263513
emea,240802,ssa,025,11,max_temperature,2017,6,25.909853028557972
emea,240802,ssa,025,11,max_temperature,2017,7,23.140267918902843
emea,240802,ssa,025,11,max_temperature,2017,8,21.712487945825469
emea,240802,ssa,025,11,max_temperature,2017,9,22.771150169657478
emea,240802,ssa,025,11,max_temperature,2017,10,24.337773857147017
emea,240802,ssa,025,11,max_temperature,2017,11,24.387286975965104
emea,240802,ssa,025,11,max_temperature,2017,12,24.394406383699174
emea,240802,ssa,025,11,max_temperature,2018,1,24.427868700573853
emea,240802,ssa,025,11,max_temperature,2018,2,26.408806015414033
emea,240802,ssa,025,11,max_temperature,2018,3,26.966984021251353
emea,240802,ssa,025,11,max_temperature,2018,4,26.85031599499294
emea,240802,ssa,025,11,max_temperature,2018,5,27.1487764241033
emea,240802,ssa,025,11,max_temperature,2018,6,23.660268087921068
emea,240802,ssa,025,11,max_temperature,2018,7,22.000630980349925
emea,240802,ssa,025,11,max_temperature,2018,8,21.613409963609271
emea,240802,ssa,025,11,max_temperature,2018,9,23.312616978580188
emea,240802,ssa,025,11,max_temperature,2018,10,24.363490378012152
emea,240802,ssa,025,11,max_temperature,2018,11,24.305868035483982
emea,240802,ssa,025,11,max_temperature,2018,12,25.25652846168704
emea,240802,ssa,025,11,max_temperature,2019,1,26.670563754014196
emea,240802,ssa,025,11,max_temperature,2019,2,27.297342485792559
emea,240802,ssa,025,11,max_temperature,2019,3,27.056631335588769
emea,240802,ssa,025,11,max_temperature,2019,4,27.007567767099516
emea,240802,ssa,025,11,max_temperature,2019,5,26.811352523366896
emea,240802,ssa,025,11,max_temperature,2019,6,23.63599804644317
emea,240802,ssa,025,11,max_temperature,2019,7,22.208359185254771
emea,240802,ssa,025,11,max_temperature,2019,8,21.479961528747687
emea,240802,ssa,025,11,max_temperature,2019,9,22.2838314508801
emea,240802,ssa,025,11,max_temperature,2019,10,24.1986751848968
emea,240802,ssa,025,11,max_temperature,2019,11,24.509555666762434
emea,240802,ssa,025,11,max_temperature,2019,12,24.822245511032865
emea,240802,ssa,025,11,max_temperature,2020,1,25.878531627732109
emea,240802,ssa,025,11,max_temperature,2020,2,26.947444738690617
emea,240802,ssa,025,11,max_temperature,2020,3,27.627972161323779
emea,240802,ssa,025,11,max_temperature,2020,4,27.753936264539352
emea,240802,ssa,025,11,max_temperature,2020,5,26.394328027596995
emea,240802,ssa,025,11,max_temperature,2020,6,24.541184730399134
emea,240802,ssa,025,11,max_temperature,2020,7,21.355640737507883
emea,240802,ssa,025,11,max_temperature,2020,8,21.704612608625517
emea,240802,ssa,025,11,max_temperature,2020,9,22.889987661405875
emea,240802,ssa,025,11,max_temperature,2020,10,24.354464173846264
emea,240802,ssa,025,11,max_temperature,2020,11,25.214372471087952
emea,240802,ssa,025,11,max_temperature,2020,12,25.308633239954162
emea,240802,ssa,025,11,max_temperature,2021,1,24.887885070187593
emea,240802,ssa,025,11,max_temperature,2021,2,25.0337384296794
emea,240802,ssa,025,11,max_temperature,2021,3,27.48174063574589
emea,240802,ssa,025,11,max_temperature,2021,4,27.194148418274693
emea,240802,ssa,025,11,max_temperature,2021,5,25.558820850351118
emea,240802,ssa,025,11,max_temperature,2021,6,25.92658351908813
emea,240802,ssa,025,11,max_temperature,2021,7,21.082336837206753
emea,240802,ssa,025,11,max_temperature,2021,8,22.122165184001073
emea,240802,ssa,025,11,max_temperature,2021,9,22.615201798069428
emea,240802,ssa,025,11,max_temperature,2021,10,23.795382766916184
emea,240802,ssa,025,11,max_temperature,2021,11,24.313086545297452
emea,240802,ssa,025,11,max_temperature,2021,12,24.576146416300936
emea,240802,ssa,025,11,max_temperature,2022,1,24.600248289658509
emea,240802,ssa,025,11,max_temperature,2022,2,25.936613373964139
emea,240802,ssa,025,11,max_temperature,2022,3,27.876323741363098
emea,240802,ssa,025,11,max_temperature,2022,4,27.998751830234784
emea,240802,ssa,025,11,max_temperature,2022,5,28.363391912994935
emea,240802,ssa,025,11,max_temperature,2022,6,25.146595591228333
emea,240802,ssa,025,11,max_temperature,2022,7,20.710237137849663
emea,240802,ssa,025,11,max_temperature,2022,8,20.714847536107072
emea,240802,ssa,025,11,max_temperature,2022,9,22.145138599394002
emea,240802,ssa,025,11,max_temperature,2022,10,23.178226354080508
emea,240802,ssa,025,11,max_temperature,2022,11,24.308767993069505
emea,240802,ssa,025,11,max_temperature,2022,12,24.197172056450757
emea,240802,ssa,025,11,max_temperature,2023,1,24.95018264074448
emea,240802,ssa,025,11,max_temperature,2023,2,27.234937886231286
emea,240802,ssa,025,11,max_temperature,2023,3,26.458977781913948
emea,240802,ssa,025,11,max_temperature,2023,4,27.141872153904117
emea,240802,ssa,025,11,max_temperature,2023,5,26.070073873074023
emea,240802,ssa,025,11,max_temperature,2023,6,24.75995069397533
emea,240802,ssa,025,11,max_temperature,2023,7,23.659345001166589
emea,240802,ssa,025,11,max_temperature,2023,8,22.75177232606142
emea,240802,ssa,025,11,max_temperature,2023,9,23.541752231333255
emea,240802,ssa,025,11,max_temperature,2023,10,25.095613932022907
emea,240802,ssa,025,11,max_temperature,2023,11,25.188487766491598
emea,240802,ssa,025,11,max_temperature,2023,12,24.886722107247166
emea,240802,ssa,025,11,temp_range,2014,1,13.676987210495106
emea,240802,ssa,025,11,temp_range,2014,2,13.655786446116487
emea,240802,ssa,025,11,temp_range,2014,3,12.347674526772149
emea,240802,ssa,025,11,temp_range,2014,4,11.940122663792717
emea,240802,ssa,025,11,temp_range,2014,5,10.928085046029025
emea,240802,ssa,025,11,temp_range,2014,6,10.951791344450658
emea,240802,ssa,025,11,temp_range,2014,7,9.0118231881668862
emea,240802,ssa,025,11,temp_range,2014,8,8.4294703361570189
emea,240802,ssa,025,11,temp_range,2014,9,9.6699542629032411
emea,240802,ssa,025,11,temp_range,2014,10,11.196056481803158
emea,240802,ssa,025,11,temp_range,2014,11,11.820126774742105
emea,240802,ssa,025,11,temp_range,2014,12,12.834539372490323
emea,240802,ssa,025,11,temp_range,2015,1,14.710206307505537
emea,240802,ssa,025,11,temp_range,2015,2,14.89759431795553
emea,240802,ssa,025,11,temp_range,2015,3,13.777898163677239
emea,240802,ssa,025,11,temp_range,2015,4,13.37387602630891
emea,240802,ssa,025,11,temp_range,2015,5,11.382317735404468
emea,240802,ssa,025,11,temp_range,2015,6,10.718862203330092
emea,240802,ssa,025,11,temp_range,2015,7,10.275191658350629
emea,240802,ssa,025,11,temp_range,2015,8,9.3217246075585649
emea,240802,ssa,025,11,temp_range,2015,9,10.035726109557883
emea,240802,ssa,025,11,temp_range,2015,10,12.107025408710321
emea,240802,ssa,025,11,temp_range,2015,11,11.948090384872273
emea,240802,ssa,025,11,temp_range,2015,12,11.588667674138573
emea,240802,ssa,025,11,temp_range,2016,1,12.45103588994049
emea,240802,ssa,025,11,temp_range,2016,2,13.527683971411685
emea,240802,ssa,025,11,temp_range,2016,3,13.113222177619514
emea,240802,ssa,025,11,temp_range,2016,4,11.399890533221646
emea,240802,ssa,025,11,temp_range,2016,5,10.918540762449501
emea,240802,ssa,025,11,temp_range,2016,6,11.112431174517074
emea,240802,ssa,025,11,temp_range,2016,7,8.122199811966734
emea,240802,ssa,025,11,temp_range,2016,8,8.1674637913299364
emea,240802,ssa,025,11,temp_range,2016,9,10.008309414860454
emea,240802,ssa,025,11,temp_range,2016,10,12.431755487903747
emea,240802,ssa,025,11,temp_range,2016,11,14.670312290670481
emea,240802,ssa,025,11,temp_range,2016,12,14.940418664964925
emea,240802,ssa,025,11,temp_range,2017,1,16.458961820116485
emea,240802,ssa,025,11,temp_range,2017,2,12.218083999960239
emea,240802,ssa,025,11,temp_range,2017,3,12.758526087597463
emea,240802,ssa,025,11,temp_range,2017,4,13.429305348514863
emea,240802,ssa,025,11,temp_range,2017,5,10.389384475939346
emea,240802,ssa,025,11,temp_range,2017,6,11.451835678944491
emea,240802,ssa,025,11,temp_range,2017,7,8.9509549596691755
emea,240802,ssa,025,11,temp_range,2017,8,7.5695962975974389
emea,240802,ssa,025,11,temp_range,2017,9,9.1399215126978888
emea,240802,ssa,025,11,temp_range,2017,10,10.505281140918591
emea,240802,ssa,025,11,temp_range,2017,11,12.328847386906949
emea,240802,ssa,025,11,temp_range,2017,12,13.950601912686768
emea,240802,ssa,025,11,temp_range,2018,1,12.800450386315159
emea,240802,ssa,025,11,temp_range,2018,2,12.797256166918256
emea,240802,ssa,025,11,temp_range,2018,3,13.046494603661211
emea,240802,ssa,025,11,temp_range,2018,4,11.940343936426855
emea,240802,ssa,025,11,temp_range,2018,5,12.088906586045921
emea,240802,ssa,025,11,temp_range,2018,6,9.6259958184826075
emea,240802,ssa,025,11,temp_range,2018,7,8.4599240219991128
emea,240802,ssa,025,11,temp_range,2018,8,8.2977342428225711
emea,240802,ssa,025,11,temp_range,2018,9,10.328147542034458
emea,240802,ssa,025,11,temp_range,2018,10,11.595925992417509
emea,240802,ssa,025,11,temp_range,2018,11,12.469886099540732
emea,240802,ssa,025,11,temp_range,2018,12,13.57272704389834
emea,240802,ssa,025,11,temp_range,2019,1,15.635512588839568
emea,240802,ssa,025,11,temp_range,2019,2,13.626211161796624
emea,240802,ssa,025,11,temp_range,2019,3,12.355799071257744
emea,240802,ssa,025,11,temp_range,2019,4,11.351054999215409
emea,240802,ssa,025,11,temp_range,2019,5,11.1146365963262
emea,240802,ssa,025,11,temp_range,2019,6,9.21710669872299
emea,240802,ssa,025,11,temp_range,2019,7,8.2859906375078989
emea,240802,ssa,025,11,temp_range,2019,8,7.61615002338031
emea,240802,ssa,025,11,temp_range,2019,9,8.6740052632563636
emea,240802,ssa,025,11,temp_range,2019,10,11.459098055685596
emea,240802,ssa,025,11,temp_range,2019,11,11.212818244736887
emea,240802,ssa,025,11,temp_range,2019,12,13.051239406333941
emea,240802,ssa,025,11,temp_range,2020,1,13.822685903334742
emea,240802,ssa,025,11,temp_range,2020,2,13.190190539472679
emea,240802,ssa,025,11,temp_range,2020,3,12.92076103862675
emea,240802,ssa,025,11,temp_range,2020,4,12.204035109907473
emea,240802,ssa,025,11,temp_range,2020,5,11.183907445178759
emea,240802,ssa,025,11,temp_range,2020,6,10.296788396403436
emea,240802,ssa,025,11,temp_range,2020,7,7.2943620907569446
emea,240802,ssa,025,11,temp_range,2020,8,7.4823464510356725
emea,240802,ssa,025,11,temp_range,2020,9,9.4995664704962675
emea,240802,ssa,025,11,temp_range,2020,10,11.681005463218961
emea,240802,ssa,025,11,temp_range,2020,11,14.207303968003934
emea,240802,ssa,025,11,temp_range,2020,12,14.544317968085707
emea,240802,ssa,025,11,temp_range,2021,1,13.493151440798497
emea,240802,ssa,025,11,temp_range,2021,2,12.620078509496903
emea,240802,ssa,025,11,temp_range,2021,3,13.605128114966851
emea,240802,ssa,025,11,temp_range,2021,4,12.054116243437951
emea,240802,ssa,025,11,temp_range,2021,5,11.072994854109776
emea,240802,ssa,025,11,temp_range,2021,6,11.756589391719711
emea,240802,ssa,025,11,temp_range,2021,7,7.146390163481902
emea,240802,ssa,025,11,temp_range,2021,8,8.7439228708440915
emea,240802,ssa,025,11,temp_range,2021,9,9.4138901249375415
emea,240802,ssa,025,11,temp_range,2021,10,11.667106579803223
emea,240802,ssa,025,11,temp_range,2021,11,12.931816810949204
emea,240802,ssa,025,11,temp_range,2021,12,13.790865255129422
emea,240802,ssa,025,11,temp_range,2022,1,12.982808071174762
emea,240802,ssa,025,11,temp_range,2022,2,13.178770583753778
emea,240802,ssa,025,11,temp_range,2022,3,14.275967345637438
emea,240802,ssa,025,11,temp_range,2022,4,12.943717737396808
emea,240802,ssa,025,11,temp_range,2022,5,12.840395232715359
emea,240802,ssa,025,11,temp_range,2022,6,10.611951544537744
emea,240802,ssa,025,11,temp_range,2022,7,6.7105156544548645
emea,240802,ssa,025,11,temp_range,2022,8,6.8034592734362649
emea,240802,ssa,025,11,temp_range,2022,9,8.7674079781381469
emea,240802,ssa,025,11,temp_range,2022,10,10.138382337311764
emea,240802,ssa,025,11,temp_range,2022,11,12.904322252053516
emea,240802,ssa,025,11,temp_range,2022,12,12.65775895310002
emea,240802,ssa,025,11,temp_range,2023,1,13.736273240030965
emea,240802,ssa,025,11,temp_range,2023,2,15.411312403873286
emea,240802,ssa,025,11,temp_range,2023,3,12.530020190815742
emea,240802,ssa,025,11,temp_range,2023,4,11.914047934570597
emea,240802,ssa,025,11,temp_range,2023,5,10.522956463487903
emea,240802,ssa,025,11,temp_range,2023,6,10.367503894902907
emea,240802,ssa,025,11,temp_range,2023,7,9.4305874737150077
emea,240802,ssa,025,11,temp_range,2023,8,8.6529492614601917
emea,240802,ssa,025,11,temp_range,2023,9,9.4964471980486937
emea,240802,ssa,025,11,temp_range,2023,10,10.630514287000228
emea,240802,ssa,025,11,temp_range,2023,11,11.885142671044102
emea,240802,ssa,025,11,temp_range,2023,12,12.201701613208474
emea,240802,ssa,025,11,total_precipitation,2014,1,16.282276740330204
emea,240802,ssa,025,11,total_precipitation,2014,2,34.988148780162689
emea,240802,ssa,025,11,total_precipitation,2014,3,72.4349851905732
emea,240802,ssa,025,11,total_precipitation,2014,4,79.87840520753376
emea,240802,ssa,025,11,total_precipitation,2014,5,185.44947356805409
emea,240802,ssa,025,11,total_precipitation,2014,6,149.423313382505
emea,240802,ssa,025,11,total_precipitation,2014,7,370.09530713896606
emea,240802,ssa,025,11,total_precipitation,2014,8,446.25773107559235
emea,240802,ssa,025,11,total_precipitation,2014,9,276.57076733885992
emea,240802,ssa,025,11,total_precipitation,2014,10,112.32485081755893
emea,240802,ssa,025,11,total_precipitation,2014,11,23.202408390613016
emea,240802,ssa,025,11,total_precipitation,2014,12,6.9671723804238752
emea,240802,ssa,025,11,total_precipitation,2015,1,8.7120124941861974
emea,240802,ssa,025,11,total_precipitation,2015,2,11.972182256721865
emea,240802,ssa,025,11,total_precipitation,2015,3,49.720919048005747
emea,240802,ssa,025,11,total_precipitation,2015,4,17.834822888544167
emea,240802,ssa,025,11,total_precipitation,2015,5,187.65905922470705
emea,240802,ssa,025,11,total_precipitation,2015,6,169.96862364981246
emea,240802,ssa,025,11,total_precipitation,2015,7,312.39313742556988
emea,240802,ssa,025,11,total_precipitation,2015,8,440.30013220413241
emea,240802,ssa,025,11,total_precipitation,2015,9,219.39984211233596
emea,240802,ssa,025,11,total_precipitation,2015,10,21.717346960343235
emea,240802,ssa,025,11,total_precipitation,2015,11,31.739856707220696
emea,240802,ssa,025,11,total_precipitation,2015,12,37.360393462652858
emea,240802,ssa,025,11,total_precipitation,2016,1,24.87416833480836
emea,240802,ssa,025,11,total_precipitation,2016,2,17.602327122916932
emea,240802,ssa,025,11,total_precipitation,2016,3,46.801029851467561
emea,240802,ssa,025,11,total_precipitation,2016,4,170.93882262048984
emea,240802,ssa,025,11,total_precipitation,2016,5,213.4665920925232
emea,240802,ssa,025,11,total_precipitation,2016,6,201.47300230462184
emea,240802,ssa,025,11,total_precipitation,2016,7,448.2383251714956
emea,240802,ssa,025,11,total_precipitation,2016,8,418.88748449823538
emea,240802,ssa,025,11,total_precipitation,2016,9,254.00941454438603
emea,240802,ssa,025,11,total_precipitation,2016,10,44.576161176455578
emea,240802,ssa,025,11,total_precipitation,2016,11,10.809100410213347
emea,240802,ssa,025,11,total_precipitation,2016,12,1.9106611337235648
emea,240802,ssa,025,11,total_precipitation,2017,1,0.45514937923098842
emea,240802,ssa,025,11,total_precipitation,2017,2,74.515976331194011
emea,240802,ssa,025,11,total_precipitation,2017,3,56.081250625607126
emea,240802,ssa,025,11,total_precipitation,2017,4,88.358933249958966
emea,240802,ssa,025,11,total_precipitation,2017,5,247.14672276637853
emea,240802,ssa,025,11,total_precipitation,2017,6,144.18997983858313
emea,240802,ssa,025,11,total_precipitation,2017,7,394.10970462363093
emea,240802,ssa,025,11,total_precipitation,2017,8,471.02530710634687
emea,240802,ssa,025,11,total_precipitation,2017,9,287.85537055081295
emea,240802,ssa,025,11,total_precipitation,2017,10,61.599745836212762
emea,240802,ssa,025,11,total_precipitation,2017,11,10.11511320545678
emea,240802,ssa,025,11,total_precipitation,2017,12,0.22960103161599932
emea,240802,ssa,025,11,total_precipitation,2018,1,9.3098459682140344
emea,240802,ssa,025,11,total_precipitation,2018,2,37.231747454545463
emea,240802,ssa,025,11,total_precipitation,2018,3,36.577291536848392
emea,240802,ssa,025,11,total_precipitation,2018,4,126.6101867821265
emea,240802,ssa,025,11,total_precipitation,2018,5,103.09522140200103
emea,240802,ssa,025,11,total_precipitation,2018,6,324.92112578743621
emea,240802,ssa,025,11,total_precipitation,2018,7,414.20453296148082
emea,240802,ssa,025,11,total_precipitation,2018,8,450.29317340437683
emea,240802,ssa,025,11,total_precipitation,2018,9,184.43782244397431
emea,240802,ssa,025,11,total_precipitation,2018,10,75.741843521953641
emea,240802,ssa,025,11,total_precipitation,2018,11,63.869255117130479
emea,240802,ssa,025,11,total_precipitation,2018,12,10.293666586175817
emea,240802,ssa,025,11,total_precipitation,2019,1,2.5331210844639287
emea,240802,ssa,025,11,total_precipitation,2019,2,36.671446032827745
emea,240802,ssa,025,11,total_precipitation,2019,3,74.041380820509431
emea,240802,ssa,025,11,total_precipitation,2019,4,115.0611014683363
emea,240802,ssa,025,11,total_precipitation,2019,5,121.0031510183061
emea,240802,ssa,025,11,total_precipitation,2019,6,305.57599148929046
emea,240802,ssa,025,11,total_precipitation,2019,7,435.59132875904106
emea,240802,ssa,025,11,total_precipitation,2019,8,416.37913691171343
emea,240802,ssa,025,11,total_precipitation,2019,9,401.51101810325861
emea,240802,ssa,025,11,total_precipitation,2019,10,72.861821821034908
emea,240802,ssa,025,11,total_precipitation,2019,11,47.903358250633396
emea,240802,ssa,025,11,total_precipitation,2019,12,14.2116417825073
emea,240802,ssa,025,11,total_precipitation,2020,1,11.069545469606325
emea,240802,ssa,025,11,total_precipitation,2020,2,21.808031121251069
emea,240802,ssa,025,11,total_precipitation,2020,3,60.67713829264504
emea,240802,ssa,025,11,total_precipitation,2020,4,103.74509069790807
emea,240802,ssa,025,11,total_precipitation,2020,5,141.45552316057223
emea,240802,ssa,025,11,total_precipitation,2020,6,194.74549842179289
emea,240802,ssa,025,11,total_precipitation,2020,7,452.20635939317503
emea,240802,ssa,025,11,total_precipitation,2020,8,509.88655955534784
emea,240802,ssa,025,11,total_precipitation,2020,9,224.20937205781428
emea,240802,ssa,025,11,total_precipitation,2020,10,51.230896073028681
emea,240802,ssa,025,11,total_precipitation,2020,11,13.229936032489491
emea,240802,ssa,025,11,total_precipitation,2020,12,4.5512076224509173
emea,240802,ssa,025,11,total_precipitation,2021,1,2.8163236519931587
emea,240802,ssa,025,11,total_precipitation,2021,2,30.392200274373089
emea,240802,ssa,025,11,total_precipitation,2021,3,8.973096030457981
emea,240802,ssa,025,11,total_precipitation,2021,4,109.45627440516238
emea,240802,ssa,025,11,total_precipitation,2021,5,181.33603956748652
emea,240802,ssa,025,11,total_precipitation,2021,6,92.107210003851563
emea,240802,ssa,025,11,total_precipitation,2021,7,399.24240951397269
emea,240802,ssa,025,11,total_precipitation,2021,8,373.05819815309576
emea,240802,ssa,025,11,total_precipitation,2021,9,278.42326709468455
emea,240802,ssa,025,11,total_precipitation,2021,10,87.073564469764037
emea,240802,ssa,025,11,total_precipitation,2021,11,14.776652939141258
emea,240802,ssa,025,11,total_precipitation,2021,12,4.9269441161974044
emea,240802,ssa,025,11,total_precipitation,2022,1,18.47574983262183
emea,240802,ssa,025,11,total_precipitation,2022,2,10.583369338447753
emea,240802,ssa,025,11,total_precipitation,2022,3,22.582807234330694
emea,240802,ssa,025,11,total_precipitation,2022,4,46.485702320041476
emea,240802,ssa,025,11,total_precipitation,2022,5,11.733216631799735
emea,240802,ssa,025,11,total_precipitation,2022,6,175.64515722254805
emea,240802,ssa,025,11,total_precipitation,2022,7,432.02867481600049
emea,240802,ssa,025,11,total_precipitation,2022,8,406.75690608670982
emea,240802,ssa,025,11,total_precipitation,2022,9,267.21035022671384
emea,240802,ssa,025,11,total_precipitation,2022,10,75.871946959996208
emea,240802,ssa,025,11,total_precipitation,2022,11,8.8787630743438939
emea,240802,ssa,025,11,total_precipitation,2022,12,23.596843970077067
emea,240802,ssa,025,11,total_precipitation,2023,1,14.822703186693246
emea,240802,ssa,025,11,total_precipitation,2023,2,8.3169718372311223
emea,240802,ssa,025,11,total_precipitation,2023,3,108.40793117477102
emea,240802,ssa,025,11,total_precipitation,2023,4,144.32571441910068
emea,240802,ssa,025,11,total_precipitation,2023,5,159.49538402587973
emea,240802,ssa,025,11,total_precipitation,2023,6,169.28444509669941
emea,240802,ssa,025,11,total_precipitation,2023,7,372.29554659298026
emea,240802,ssa,025,11,total_precipitation,2023,8,399.58784186813546
emea,240802,ssa,025,11,total_precipitation,2023,9,245.92409263661071
emea,240802,ssa,025,11,total_precipitation,2023,10,66.437057156135864
emea,240802,ssa,025,11,total_precipitation,2023,11,32.774926590581437
emea,240802,ssa,025,11,total_precipitation,2023,12,24.579730806884363
emea,240802,ssa,025,12,daylength,,1,722.22451539840517
emea,240802,ssa,025,12,daylength,,2,721.40182049987948
emea,240802,ssa,025,12,daylength,,3,720.28136554132584
emea,240802,ssa,025,12,daylength,,4,719.0714574668981
emea,240802,ssa,025,12,daylength,,5,718.05551655586078
emea,240802,ssa,025,12,daylength,,6,717.54425397755074
emea,240802,ssa,025,12,daylength,,7,717.74696658617438
emea,240802,ssa,025,12,daylength,,8,718.59813759491533
emea,240802,ssa,025,12,daylength,,9,719.75873205290452
emea,240802,ssa,025,12,daylength,,10,720.96645447123194
emea,240802,ssa,025,12,daylength,,11,721.97101454072924
emea,240802,ssa,025,12,daylength,,12,722.45421064202844
emea,240802,ssa,025,12,elevation,,,1776.2747091914364
emea,240802,ssa,025,12,max_temperature,2014,1,26.525583978850712
emea,240802,ssa,025,12,max_temperature,2014,2,26.203691180364551
emea,240802,ssa,025,12,max_temperature,2014,3,26.626823448589686
emea,240802,ssa,025,12,max_temperature,2014,4,25.734057128528015
emea,240802,ssa,025,12,max_temperature,2014,5,25.123250489261636
emea,240802,ssa,025,12,max_temperature,2014,6,23.554909409698311
emea,240802,ssa,025,12,max_temperature,2014,7,23.484100517740927
emea,240802,ssa,025,12,max_temperature,2014,8,23.575820546428368
emea,240802,ssa,025,12,max_temperature,2014,9,24.674401293934967
emea,240802,ssa,025,12,max_temperature,2014,10,25.321373100705252
emea,240802,ssa,025,12,max_temperature,2014,11,25.015600237830004
emea,240802,ssa,025,12,max_temperature,2014,12,25.147204209590722
emea,240802,ssa,025,12,max_temperature,2015,1,27.04912780121807
emea,240802,ssa,025,12,max_temperature,2015,2,28.466341913455064
emea,240802,ssa,025,12,max_temperature,2015,3,28.501093888605634
emea,240802,ssa,025,12,max_temperature,2015,4,25.20171217393192
emea,240802,ssa,025,12,max_temperature,2015,5,24.232590007173908
emea,240802,ssa,025,12,max_temperature,2015,6,23.678488258295733
emea,240802,ssa,025,12,max_temperature,2015,7,24.266029169201026
emea,240802,ssa,025,12,max_temperature,2015,8,24.747381173965593
emea,240802,ssa,025,12,max_temperature,2015,9,25.886998437928245
emea,240802,ssa,025,12,max_temperature,2015,10,26.415607523224974
emea,240802,ssa,025,12,max_temperature,2015,11,24.326330573073211
emea,240802,ssa,025,12,max_temperature,2015,12,24.75310030064076
emea,240802,ssa,025,12,max_temperature,2016,1,25.552040635901211
emea,240802,ssa,025,12,max_temperature,2016,2,26.973724951956321
emea,240802,ssa,025,12,max_temperature,2016,3,28.880992080361136
emea,240802,ssa,025,12,max_temperature,2016,4,25.852889223697392
emea,240802,ssa,025,12,max_temperature,2016,5,24.041614628405803
emea,240802,ssa,025,12,max_temperature,2016,6,23.948139351893481
emea,240802,ssa,025,12,max_temperature,2016,7,23.506330752705473
emea,240802,ssa,025,12,max_temperature,2016,8,23.927836360142603
emea,240802,ssa,025,12,max_temperature,2016,9,25.226025372175094
emea,240802,ssa,025,12,max_temperature,2016,10,26.864072721601474
emea,240802,ssa,025,12,max_temperature,2016,11,25.405567419519741
emea,240802,ssa,025,12,max_temperature,2016,12,26.267155230289006
emea,240802,ssa,025,12,max_temperature,2017,1,27.983347407450921
emea,240802,ssa,025,12,max_temperature,2017,2,27.508379059045264
emea,240802,ssa,025,12,max_temperature,2017,3,28.730563023889523
emea,240802,ssa,025,12,max_temperature,2017,4,26.8877013475553
emea,240802,ssa,025,12,max_temperature,2017,5,24.832421403465904
emea,240802,ssa,025,12,max_temperature,2017,6,25.216752779432294
emea,240802,ssa,025,12,max_temperature,2017,7,23.827722573325296
emea,240802,ssa,025,12,max_temperature,2017,8,24.279433261233276
emea,240802,ssa,025,12,max_temperature,2017,9,24.780534487269662
emea,240802,ssa,025,12,max_temperature,2017,10,26.20030714158078
emea,240802,ssa,025,12,max_temperature,2017,11,24.583423176927226
emea,240802,ssa,025,12,max_temperature,2017,12,26.253874008338322
emea,240802,ssa,025,12,max_temperature,2018,1,26.332813397105664
emea,240802,ssa,025,12,max_temperature,2018,2,28.157695631812757
emea,240802,ssa,025,12,max_temperature,2018,3,24.598106578003133
emea,240802,ssa,025,12,max_temperature,2018,4,23.566046454242752
emea,240802,ssa,025,12,max_temperature,2018,5,23.6545773605918
emea,240802,ssa,025,12,max_temperature,2018,6,22.851571495435309
emea,240802,ssa,025,12,max_temperature,2018,7,22.330170504140927
emea,240802,ssa,025,12,max_temperature,2018,8,23.526810432170731
emea,240802,ssa,025,12,max_temperature,2018,9,25.983224348805877
emea,240802,ssa,025,12,max_temperature,2018,10,26.244450689178667
emea,240802,ssa,025,12,max_temperature,2018,11,26.385738280277483
emea,240802,ssa,025,12,max_temperature,2018,12,25.374637407690326
emea,240802,ssa,025,12,max_temperature,2019,1,26.861473492222895
emea,240802,ssa,025,12,max_temperature,2019,2,28.319644987506337
emea,240802,ssa,025,12,max_temperature,2019,3,29.101146620123124
emea,240802,ssa,025,12,max_temperature,2019,4,28.920781109723869
emea,240802,ssa,025,12,max_temperature,2019,5,25.711883071461514
emea,240802,ssa,025,12,max_temperature,2019,6,23.45718980028909
emea,240802,ssa,025,12,max_temperature,2019,7,24.160540692524577
emea,240802,ssa,025,12,max_temperature,2019,8,24.320538855232421
emea,240802,ssa,025,12,max_temperature,2019,9,25.464429652992436
emea,240802,ssa,025,12,max_temperature,2019,10,24.713766588716076
emea,240802,ssa,025,12,max_temperature,2019,11,24.497860492532109
emea,240802,ssa,025,12,max_temperature,2019,12,23.548225809132628
emea,240802,ssa,025,12,max_temperature,2020,1,24.753152474994948
emea,240802,ssa,025,12,max_temperature,2020,2,25.955565682546954
emea,240802,ssa,025,12,max_temperature,2020,3,25.921269179639857
emea,240802,ssa,025,12,max_temperature,2020,4,24.911013018406493
emea,240802,ssa,025,12,max_temperature,2020,5,24.330087565143877
emea,240802,ssa,025,12,max_temperature,2020,6,23.567384258191883
emea,240802,ssa,025,12,max_temperature,2020,7,22.589748301257593
emea,240802,ssa,025,12,max_temperature,2020,8,23.872876606987038
emea,240802,ssa,025,12,max_temperature,2020,9,24.703928226579965
emea,240802,ssa,025,12,max_temperature,2020,10,25.710093666895979
emea,240802,ssa,025,12,max_temperature,2020,11,24.847114422706802
emea,240802,ssa,025,12,max_temperature,2020,12,25.821164719534639
emea,240802,ssa,025,12,max_temperature,2021,1,25.540942639363561
emea,240802,ssa,025,12,max_temperature,2021,2,26.028990227401628
emea,240802,ssa,025,12,max_temperature,2021,3,27.413609020753356
emea,240802,ssa,025,12,max_temperature,2021,4,25.816063497313873
emea,240802,ssa,025,12,max_temperature,2021,5,24.316288486325142
emea,240802,ssa,025,12,max_temperature,2021,6,24.008739475910811
emea,240802,ssa,025,12,max_temperature,2021,7,22.713456239334448
emea,240802,ssa,025,12,max_temperature,2021,8,24.305990157656868
emea,240802,ssa,025,12,max_temperature,2021,9,24.812336137599139
emea,240802,ssa,025,12,max_temperature,2021,10,26.168308216387366
emea,240802,ssa,025,12,max_temperature,2021,11,26.83987185675764
emea,240802,ssa,025,12,max_temperature,2021,12,25.603262516369206
emea,240802,ssa,025,12,max_temperature,2022,1,26.911109264330591
emea,240802,ssa,025,12,max_temperature,2022,2,26.686504298546193
emea,240802,ssa,025,12,max_temperature,2022,3,28.595982992671846
emea,240802,ssa,025,12,max_temperature,2022,4,26.429509981807019
emea,240802,ssa,025,12,max_temperature,2022,5,25.579004100580388
emea,240802,ssa,025,12,max_temperature,2022,6,24.310914868506725
emea,240802,ssa,025,12,max_temperature,2022,7,23.538672351391227
emea,240802,ssa,025,12,max_temperature,2022,8,23.279100329348523
emea,240802,ssa,025,12,max_temperature,2022,9,24.876512520593462
emea,240802,ssa,025,12,max_temperature,2022,10,26.796916918900116
emea,240802,ssa,025,12,max_temperature,2022,11,25.229233413373464
emea,240802,ssa,025,12,max_temperature,2022,12,25.475440402548205
emea,240802,ssa,025,12,max_temperature,2023,1,27.052296043355881
emea,240802,ssa,025,12,max_temperature,2023,2,29.20478719840693
emea,240802,ssa,025,12,max_temperature,2023,3,26.662715563295592
emea,240802,ssa,025,12,max_temperature,2023,4,25.145199097150805
emea,240802,ssa,025,12,max_temperature,2023,5,24.89821370951158
emea,240802,ssa,025,12,max_temperature,2023,6,24.69125506332874
emea,240802,ssa,025,12,max_temperature,2023,7,24.295409859528675
emea,240802,ssa,025,12,max_temperature,2023,8,24.794729748379993
emea,240802,ssa,025,12,max_temperature,2023,9,26.037825500675453
emea,240802,ssa,025,12,max_temperature,2023,10,26.791526315633476
emea,240802,ssa,025,12,max_temperature,2023,11,23.99630199633318
emea,240802,ssa,025,12,max_temperature,2023,12,25.747568227135844
emea,240802,ssa,025,12,temp_range,2014,1,12.850923501774091
emea,240802,ssa,025,12,temp_range,2014,2,11.765692563146755
emea,240802,ssa,025,12,temp_range,2014,3,11.620832064434023
emea,240802,ssa,025,12,temp_range,2014,4,10.827073931332865
emea,240802,ssa,025,12,temp_range,2014,5,9.72650892209926
emea,240802,ssa,025,12,temp_range,2014,6,9.17601367654096
emea,240802,ssa,025,12,temp_range,2014,7,9.5406403045381509
emea,240802,ssa,025,12,temp_range,2014,8,9.7802256537884968
emea,240802,ssa,025,12,temp_range,2014,9,10.933980906743516
emea,240802,ssa,025,12,temp_range,2014,10,10.073519995419101
emea,240802,ssa,025,12,temp_range,2014,11,9.8551204598812543
emea,240802,ssa,025,12,temp_range,2014,12,10.842494340421075
emea,240802,ssa,025,12,temp_range,2015,1,13.647625656094958
emea,240802,ssa,025,12,temp_range,2015,2,14.004717212175269
emea,240802,ssa,025,12,temp_range,2015,3,13.377900152410175
emea,240802,ssa,025,12,temp_range,2015,4,9.578479987714493
emea,240802,ssa,025,12,temp_range,2015,5,8.65084243026731
emea,240802,ssa,025,12,temp_range,2015,6,9.0867067789551719
emea,240802,ssa,025,12,temp_range,2015,7,10.279545054105915
emea,240802,ssa,025,12,temp_range,2015,8,10.515241693057668
emea,240802,ssa,025,12,temp_range,2015,9,11.488031827582438
emea,240802,ssa,025,12,temp_range,2015,10,10.175296569385845
emea,240802,ssa,025,12,temp_range,2015,11,8.511566054221273
emea,240802,ssa,025,12,temp_range,2015,12,9.5252372185621716
emea,240802,ssa,025,12,temp_range,2016,1,9.833103727060891
emea,240802,ssa,025,12,temp_range,2016,2,11.83260663294932
emea,240802,ssa,025,12,temp_range,2016,3,12.43780437542995
emea,240802,ssa,025,12,temp_range,2016,4,9.06141801213344
emea,240802,ssa,025,12,temp_range,2016,5,8.3554258276977524
emea,240802,ssa,025,12,temp_range,2016,6,9.7853580405291343
emea,240802,ssa,025,12,temp_range,2016,7,9.5541856756816443
emea,240802,ssa,025,12,temp_range,2016,8,10.413894641441376
emea,240802,ssa,025,12,temp_range,2016,9,10.947357870550636
emea,240802,ssa,025,12,temp_range,2016,10,11.952764549401875
emea,240802,ssa,025,12,temp_range,2016,11,9.8791049683921663
emea,240802,ssa,025,12,temp_range,2016,12,11.404617076637045
emea,240802,ssa,025,12,temp_range,2017,1,13.688557537760008
emea,240802,ssa,025,12,temp_range,2017,2,12.262203984757392
emea,240802,ssa,025,12,temp_range,2017,3,12.534701846274242
emea,240802,ssa,025,12,temp_range,2017,4,10.616178479321455
emea,240802,ssa,025,12,temp_range,2017,5,8.8538906455779518
emea,240802,ssa,025,12,temp_range,2017,6,10.00240287333815
emea,240802,ssa,025,12,temp_range,2017,7,8.8974062110865
emea,240802,ssa,025,12,temp_range,2017,8,9.4413067367662364
emea,240802,ssa,025,12,temp_range,2017,9,9.9436042775906159
emea,240802,ssa,025,12,temp_range,2017,10,10.465237205451249
emea,240802,ssa,025,12,temp_range,2017,11,9.12797398536991
emea,240802,ssa,025,12,temp_range,2017,12,11.442232565857234
emea,240802,ssa,025,12,temp_range,2018,1,11.354196204977814
emea,240802,ssa,025,12,temp_range,2018,2,12.892677892257959
emea,240802,ssa,025,12,temp_range,2018,3,9.1851303403960856
emea,240802,ssa,025,12,temp_range,2018,4,7.90562708847111
emea,240802,ssa,025,12,temp_range,2018,5,8.27891843112837
emea,240802,ssa,025,12,temp_range,2018,6,8.5479635812183972
emea,240802,ssa,025,12,temp_range,2018,7,8.6438952824138475
emea,240802,ssa,025,12,temp_range,2018,8,9.68412064276396
emea,240802,ssa,025,12,temp_range,2018,9,11.7551231587456
emea,240802,ssa,025,12,temp_range,2018,10,11.119637255822445
emea,240802,ssa,025,12,temp_range,2018,11,11.089308125829172
emea,240802,ssa,025,12,temp_range,2018,12,10.366999410900153
emea,240802,ssa,025,12,temp_range,2019,1,12.537826327582923
emea,240802,ssa,025,12,temp_range,2019,2,13.234519771618332
emea,240802,ssa,025,12,temp_range,2019,3,13.808066496496883
emea,240802,ssa,025,12,temp_range,2019,4,12.224610164136246
emea,240802,ssa,025,12,temp_range,2019,5,9.7008284878273869
emea,240802,ssa,025,12,temp_range,2019,6,7.7768161089331187
emea,240802,ssa,025,12,temp_range,2019,7,9.6891209169731756
emea,240802,ssa,025,12,temp_range,2019,8,10.076601157276892
emea,240802,ssa,025,12,temp_range,2019,9,10.872167015419034
emea,240802,ssa,025,12,temp_range,2019,10,9.14268147223769
emea,240802,ssa,025,12,temp_range,2019,11,8.9820592720346291
emea,240802,ssa,025,12,temp_range,2019,12,8.1549505412603462
emea,240802,ssa,025,12,temp_range,2020,1,9.3577390056687442
emea,240802,ssa,025,12,temp_range,2020,2,10.544626886927432
emea,240802,ssa,025,12,temp_range,2020,3,10.061215381321984
emea,240802,ssa,025,12,temp_range,2020,4,8.9685898664533763
emea,240802,ssa,025,12,temp_range,2020,5,8.9681353541850619
emea,240802,ssa,025,12,temp_range,2020,6,9.18901849752307
emea,240802,ssa,025,12,temp_range,2020,7,8.5931715163966569
emea,240802,ssa,025,12,temp_range,2020,8,9.7818633749787622
emea,240802,ssa,025,12,temp_range,2020,9,10.620810777331007
emea,240802,ssa,025,12,temp_range,2020,10,10.864319962068366
emea,240802,ssa,025,12,temp_range,2020,11,9.5412188878414614
emea,240802,ssa,025,12,temp_range,2020,12,11.581356094776556
emea,240802,ssa,025,12,temp_range,2021,1,11.397685429110378
emea,240802,ssa,025,12,temp_range,2021,2,11.000689723986477
emea,240802,ssa,025,12,temp_range,2021,3,12.335234416218487
emea,240802,ssa,025,12,temp_range,2021,4,10.215307724747406
emea,240802,ssa,025,12,temp_range,2021,5,9.2629299261273221
emea,240802,ssa,025,12,temp_range,2021,6,10.403283976712261
emea,240802,ssa,025,12,temp_range,2021,7,8.44449591631743
emea,240802,ssa,025,12,temp_range,2021,8,10.6033739266926
emea,240802,ssa,025,12,temp_range,2021,9,10.080929334913725
emea,240802,ssa,025,12,temp_range,2021,10,10.842674255975174
emea,240802,ssa,025,12,temp_range,2021,11,11.388301332069805
emea,240802,ssa,025,12,temp_range,2021,12,10.136019791981386
emea,240802,ssa,025,12,temp_range,2022,1,12.53681546707287
emea,240802,ssa,025,12,temp_range,2022,2,11.870200111921363
emea,240802,ssa,025,12,temp_range,2022,3,13.316127784283367
emea,240802,ssa,025,12,temp_range,2022,4,10.540555747034883
emea,240802,ssa,025,12,temp_range,2022,5,10.198940576010893
emea,240802,ssa,025,12,temp_range,2022,6,10.325550312640955
emea,240802,ssa,025,12,temp_range,2022,7,9.16407755884188
emea,240802,ssa,025,12,temp_range,2022,8,9.3124655876754758
emea,240802,ssa,025,12,temp_range,2022,9,10.851454034501897
emea,240802,ssa,025,12,temp_range,2022,10,12.333264181065269
emea,240802,ssa,025,12,temp_range,2022,11,9.9001461029197273
emea,240802,ssa,025,12,temp_range,2022,12,11.020574386763816
emea,240802,ssa,025,12,temp_range,2023,1,13.858374073247372
emea,240802,ssa,025,12,temp_range,2023,2,14.509666935373797
emea,240802,ssa,025,12,temp_range,2023,3,10.990998496398117
emea,240802,ssa,025,12,temp_range,2023,4,9.5148276720305667
emea,240802,ssa,025,12,temp_range,2023,5,9.5365260644039918
emea,240802,ssa,025,12,temp_range,2023,6,9.6001627303733041
emea,240802,ssa,025,12,temp_range,2023,7,10.103812244817032
emea,240802,ssa,025,12,temp_range,2023,8,10.166020438088573
emea,240802,ssa,025,12,temp_range,2023,9,10.787419785633954
emea,240802,ssa,025,12,temp_range,2023,10,10.856319580753761
emea,240802,ssa,025,12,temp_range,2023,11,7.877550595452913
emea,240802,ssa,025,12,temp_range,2023,12,10.510788388429214
emea,240802,ssa,025,12,total_precipitation,2014,1,40.543671041913711
emea,240802,ssa,025,12,total_precipitation,2014,2,111.99018039631162
emea,240802,ssa,025,12,total_precipitation,2014,3,123.16942606389057
emea,240802,ssa,025,12,total_precipitation,2014,4,95.785925836817441
emea,240802,ssa,025,12,total_precipitation,2014,5,117.83041289966644
emea,240802,ssa,025,12,total_precipitation,2014,6,103.2588123935612
emea,240802,ssa,025,12,total_precipitation,2014,7,82.463875931954249
emea,240802,ssa,025,12,total_precipitation,2014,8,109.65588520262271
emea,240802,ssa,025,12,total_precipitation,2014,9,78.377081543121875
emea,240802,ssa,025,12,total_precipitation,2014,10,140.45223709585557
emea,240802,ssa,025,12,total_precipitation,2014,11,134.89196034200194
emea,240802,ssa,025,12,total_precipitation,2014,12,103.03713459691522
emea,240802,ssa,025,12,total_precipitation,2015,1,31.96531508856549
emea,240802,ssa,025,12,total_precipitation,2015,2,43.186384178775057
emea,240802,ssa,025,12,total_precipitation,2015,3,88.288884995509989
emea,240802,ssa,025,12,total_precipitation,2015,4,280.48028559201089
emea,240802,ssa,025,12,total_precipitation,2015,5,149.26535709348809
emea,240802,ssa,025,12,total_precipitation,2015,6,147.90904817973842
emea,240802,ssa,025,12,total_precipitation,2015,7,65.22339707209521
emea,240802,ssa,025,12,total_precipitation,2015,8,43.74693808176432
emea,240802,ssa,025,12,total_precipitation,2015,9,36.144557733708723
emea,240802,ssa,025,12,total_precipitation,2015,10,133.82989268470956
emea,240802,ssa,025,12,total_precipitation,2015,11,274.29785211409751
emea,240802,ssa,025,12,total_precipitation,2015,12,169.25654229627003
emea,240802,ssa,025,12,total_precipitation,2016,1,153.18048491848754
emea,240802,ssa,025,12,total_precipitation,2016,2,51.013900872527692
emea,240802,ssa,025,12,total_precipitation,2016,3,44.778993989406956
emea,240802,ssa,025,12,total_precipitation,2016,4,240.22914691915079
emea,240802,ssa,025,12,total_precipitation,2016,5,180.19529433037184
emea,240802,ssa,025,12,total_precipitation,2016,6,71.072228344252778
emea,240802,ssa,025,12,total_precipitation,2016,7,100.9978972433105
emea,240802,ssa,025,12,total_precipitation,2016,8,73.910990119324907
emea,240802,ssa,025,12,total_precipitation,2016,9,91.941373574722931
emea,240802,ssa,025,12,total_precipitation,2016,10,58.602137931421538
emea,240802,ssa,025,12,total_precipitation,2016,11,130.88584579492561
emea,240802,ssa,025,12,total_precipitation,2016,12,46.237182201995353
emea,240802,ssa,025,12,total_precipitation,2017,1,27.857194857550617
emea,240802,ssa,025,12,total_precipitation,2017,2,46.861166378204381
emea,240802,ssa,025,12,total_precipitation,2017,3,52.226090329692113
emea,240802,ssa,025,12,total_precipitation,2017,4,100.96348073550831
emea,240802,ssa,025,12,total_precipitation,2017,5,150.09757152283885
emea,240802,ssa,025,12,total_precipitation,2017,6,29.656229684372612
emea,240802,ssa,025,12,total_precipitation,2017,7,107.69715522712093
emea,240802,ssa,025,12,total_precipitation,2017,8,104.82902558109745
emea,240802,ssa,025,12,total_precipitation,2017,9,122.8355549592647
emea,240802,ssa,025,12,total_precipitation,2017,10,166.28055066263101
emea,240802,ssa,025,12,total_precipitation,2017,11,145.20070812518256
emea,240802,ssa,025,12,total_precipitation,2017,12,41.450617610023514
emea,240802,ssa,025,12,total_precipitation,2018,1,77.235232461364689
emea,240802,ssa,025,12,total_precipitation,2018,2,21.766853561581648
emea,240802,ssa,025,12,total_precipitation,2018,3,244.21673545821994
emea,240802,ssa,025,12,total_precipitation,2018,4,361.45369674054564
emea,240802,ssa,025,12,total_precipitation,2018,5,207.72730810260884
emea,240802,ssa,025,12,total_precipitation,2018,6,106.60510440609775
emea,240802,ssa,025,12,total_precipitation,2018,7,69.937260268728735
emea,240802,ssa,025,12,total_precipitation,2018,8,99.862552929022
emea,240802,ssa,025,12,total_precipitation,2018,9,35.9879655685547
emea,240802,ssa,025,12,total_precipitation,2018,10,111.36405514582557
emea,240802,ssa,025,12,total_precipitation,2018,11,74.218482898383414
emea,240802,ssa,025,12,total_precipitation,2018,12,129.05851345166928
emea,240802,ssa,025,12,total_precipitation,2019,1,52.681818813098346
emea,240802,ssa,025,12,total_precipitation,2019,2,29.6875451139325
emea,240802,ssa,025,12,total_precipitation,2019,3,31.243049151072434
emea,240802,ssa,025,12,total_precipitation,2019,4,119.87066732483117
emea,240802,ssa,025,12,total_precipitation,2019,5,133.66827094525959
emea,240802,ssa,025,12,total_precipitation,2019,6,170.73889725430018
emea,240802,ssa,025,12,total_precipitation,2019,7,86.325641232012288
emea,240802,ssa,025,12,total_precipitation,2019,8,103.15910868630837
emea,240802,ssa,025,12,total_precipitation,2019,9,115.97738581827585
emea,240802,ssa,025,12,total_precipitation,2019,10,272.16937721299865
emea,240802,ssa,025,12,total_precipitation,2019,11,247.56199761474619
emea,240802,ssa,025,12,total_precipitation,2019,12,265.00487224253459
emea,240802,ssa,025,12,total_precipitation,2020,1,182.0162094664218
emea,240802,ssa,025,12,total_precipitation,2020,2,115.77098092042563
emea,240802,ssa,025,12,total_precipitation,2020,3,217.62462688648438
emea,240802,ssa,025,12,total_precipitation,2020,4,280.7923144929257
emea,240802,ssa,025,12,total_precipitation,2020,5,144.48931038518958
emea,240802,ssa,025,12,total_precipitation,2020,6,115.84591491281176
emea,240802,ssa,025,12,total_precipitation,2020,7,120.55986419004451
emea,240802,ssa,025,12,total_precipitation,2020,8,134.34684250402375
emea,240802,ssa,025,12,total_precipitation,2020,9,124.1277762180915
emea,240802,ssa,025,12,total_precipitation,2020,10,132.35981607913334
emea,240802,ssa,025,12,total_precipitation,2020,11,147.43075062337249
emea,240802,ssa,025,12,total_precipitation,2020,12,59.384422977936325
emea,240802,ssa,025,12,total_precipitation,2021,1,84.809048721960721
emea,240802,ssa,025,12,total_precipitation,2021,2,121.42178896440176
emea,240802,ssa,025,12,total_precipitation,2021,3,56.077547842980607
emea,240802,ssa,025,12,total_precipitation,2021,4,136.92470209284028
emea,240802,ssa,025,12,total_precipitation,2021,5,165.22385808921211
emea,240802,ssa,025,12,total_precipitation,2021,6,30.136248912720461
emea,240802,ssa,025,12,total_precipitation,2021,7,86.193633095282081
emea,240802,ssa,025,12,total_precipitation,2021,8,80.116636778441375
emea,240802,ssa,025,12,total_precipitation,2021,9,111.34644227446958
emea,240802,ssa,025,12,total_precipitation,2021,10,98.238032623034385
emea,240802,ssa,025,12,total_precipitation,2021,11,67.900630514952155
emea,240802,ssa,025,12,total_precipitation,2021,12,73.175453035460549
emea,240802,ssa,025,12,total_precipitation,2022,1,72.378003042133784
emea,240802,ssa,025,12,total_precipitation,2022,2,85.315161544850881
emea,240802,ssa,025,12,total_precipitation,2022,3,43.951428658464906
emea,240802,ssa,025,12,total_precipitation,2022,4,145.41772906175649
emea,240802,ssa,025,12,total_precipitation,2022,5,76.93851575628085
emea,240802,ssa,025,12,total_precipitation,2022,6,43.1681416596452
emea,240802,ssa,025,12,total_precipitation,2022,7,65.281588793858759
emea,240802,ssa,025,12,total_precipitation,2022,8,118.54583853786792
emea,240802,ssa,025,12,total_precipitation,2022,9,88.032610759476157
emea,240802,ssa,025,12,total_precipitation,2022,10,32.250917964899735
emea,240802,ssa,025,12,total_precipitation,2022,11,107.84966129041939
emea,240802,ssa,025,12,total_precipitation,2022,12,89.024729470206893
emea,240802,ssa,025,12,total_precipitation,2023,1,13.680554266421453
emea,240802,ssa,025,12,total_precipitation,2023,2,11.747486333967785
emea,240802,ssa,025,12,total_precipitation,2023,3,166.23186869915861
emea,240802,ssa,025,12,total_precipitation,2023,4,217.15978386628751
emea,240802,ssa,025,12,total_precipitation,2023,5,68.62517277561372
emea,240802,ssa,025,12,total_precipitation,2023,6,63.596794715835429
emea,240802,ssa,025,12,total_precipitation,2023,7,43.512391367165172
emea,240802,ssa,025,12,total_precipitation,2023,8,51.15952639650871
emea,240802,ssa,025,12,total_precipitation,2023,9,119.2697551776975
emea,240802,ssa,025,12,total_precipitation,2023,10,82.915904043060507
emea,240802,ssa,025,12,total_precipitation,2023,11,210.43591451976113
emea,240802,ssa,025,12,total_precipitation,2023,12,130.16510922123433
emea,240802,ssa,025,13,daylength,,1,687.1208887634433
emea,240802,ssa,025,13,daylength,,2,699.29229138159428
emea,240802,ssa,025,13,daylength,,3,715.84514431456773
emea,240802,ssa,025,13,daylength,,4,733.7135864204181
emea,240802,ssa,025,13,daylength,,5,748.73378923569578
emea,240802,ssa,025,13,daylength,,6,756.30422772039356
emea,240802,ssa,025,13,daylength,,7,753.30142311814348
emea,240802,ssa,025,13,daylength,,8,740.70832459848646
emea,240802,ssa,025,13,daylength,,9,723.56273112056874
emea,240802,ssa,025,13,daylength,,10,705.7263040126752
emea,240802,ssa,025,13,daylength,,11,690.87358315631434
emea,240802,ssa,025,13,daylength,,12,683.71852232207414
emea,240802,ssa,025,13,elevation,,,1662.1082582124859
emea,240802,ssa,025,13,max_temperature,2014,1,26.556123294072286
emea,240802,ssa,025,13,max_temperature,2014,2,27.265141853990126
emea,240802,ssa,025,13,max_temperature,2014,3,28.263609103283674
emea,240802,ssa,025,13,max_temperature,2014,4,28.322025695445966
emea,240802,ssa,025,13,max_temperature,2014,5,27.699873820519368
emea,240802,ssa,025,13,max_temperature,2014,6,29.318442764744059
emea,240802,ssa,025,13,max_temperature,2014,7,27.320548052133091
emea,240802,ssa,025,13,max_temperature,2014,8,26.104775979608743
emea,240802,ssa,025,13,max_temperature,2014,9,26.567137842018614
emea,240802,ssa,025,13,max_temperature,2014,10,26.403440313710725
emea,240802,ssa,025,13,max_temperature,2014,11,25.653362498511303
emea,240802,ssa,025,13,max_temperature,2014,12,25.414612666847241
emea,240802,ssa,025,13,max_temperature,2015,1,26.235897080871208
emea,240802,ssa,025,13,max_temperature,2015,2,28.575904136499936
emea,240802,ssa,025,13,max_temperature,2015,3,29.168428453044495
emea,240802,ssa,025,13,max_temperature,2015,4,29.215755292564356
emea,240802,ssa,025,13,max_temperature,2015,5,28.379165542569158
emea,240802,ssa,025,13,max_temperature,2015,6,29.027125372002772
emea,240802,ssa,025,13,max_temperature,2015,7,28.680848170977171
emea,240802,ssa,025,13,max_temperature,2015,8,27.90087146747825
emea,240802,ssa,025,13,max_temperature,2015,9,28.334139375646529
emea,240802,ssa,025,13,max_temperature,2015,10,28.174363937414704
emea,240802,ssa,025,13,max_temperature,2015,11,26.813321676820102
emea,240802,ssa,025,13,max_temperature,2015,12,26.361749657999333
emea,240802,ssa,025,13,max_temperature,2016,1,26.726215976028183
emea,240802,ssa,025,13,max_temperature,2016,2,28.351427106133819
emea,240802,ssa,025,13,max_temperature,2016,3,31.405673742854241
emea,240802,ssa,025,13,max_temperature,2016,4,27.92022113404747
emea,240802,ssa,025,13,max_temperature,2016,5,28.480648048854579
emea,240802,ssa,025,13,max_temperature,2016,6,29.149651735466737
emea,240802,ssa,025,13,max_temperature,2016,7,27.025720224515098
emea,240802,ssa,025,13,max_temperature,2016,8,26.232536321331988
emea,240802,ssa,025,13,max_temperature,2016,9,27.671705921980958
emea,240802,ssa,025,13,max_temperature,2016,10,27.727627684076463
emea,240802,ssa,025,13,max_temperature,2016,11,27.025690079560377
emea,240802,ssa,025,13,max_temperature,2016,12,26.341669824604406
emea,240802,ssa,025,13,max_temperature,2017,1,27.333732643064579
emea,240802,ssa,025,13,max_temperature,2017,2,26.965177673790595
emea,240802,ssa,025,13,max_temperature,2017,3,29.492565863996997
emea,240802,ssa,025,13,max_temperature,2017,4,29.571513610830511
emea,240802,ssa,025,13,max_temperature,2017,5,27.77461463995277
emea,240802,ssa,025,13,max_temperature,2017,6,13.663443547030164
emea,240802,ssa,025,13,max_temperature,2017,7,27.68746272485259
emea,240802,ssa,025,13,max_temperature,2017,8,26.344611652756193
emea,240802,ssa,025,13,max_temperature,2017,9,27.043741161960032
emea,240802,ssa,025,13,max_temperature,2017,10,27.94046345079035
emea,240802,ssa,025,13,max_temperature,2017,11,26.302562622697238
emea,240802,ssa,025,13,max_temperature,2017,12,25.312717226752408
emea,240802,ssa,025,13,max_temperature,2018,1,25.42831272772646
emea,240802,ssa,025,13,max_temperature,2018,2,28.050724071129785
emea,240802,ssa,025,13,max_temperature,2018,3,27.772447694374115
emea,240802,ssa,025,13,max_temperature,2018,4,27.105114054114946
emea,240802,ssa,025,13,max_temperature,2018,5,28.374730333488969
emea,240802,ssa,025,13,max_temperature,2018,6,27.057654877850673
emea,240802,ssa,025,13,max_temperature,2018,7,26.299358741976139
emea,240802,ssa,025,13,max_temperature,2018,8,26.373874431325447
emea,240802,ssa,025,13,max_temperature,2018,9,27.538017536589628
emea,240802,ssa,025,13,max_temperature,2018,10,26.985517275354812
emea,240802,ssa,025,13,max_temperature,2018,11,26.192748056500427
emea,240802,ssa,025,13,max_temperature,2018,12,26.45461586912695
emea,240802,ssa,025,13,max_temperature,2019,1,27.718175887650908
emea,240802,ssa,025,13,max_temperature,2019,2,28.781029941343796
emea,240802,ssa,025,13,max_temperature,2019,3,13.775143944123473
emea,240802,ssa,025,13,max_temperature,2019,4,29.248339554401472
emea,240802,ssa,025,13,max_temperature,2019,5,28.679690435448023
emea,240802,ssa,025,13,max_temperature,2019,6,27.41485813353961
emea,240802,ssa,025,13,max_temperature,2019,7,26.997391902216609
emea,240802,ssa,025,13,max_temperature,2019,8,26.163727341581314
emea,240802,ssa,025,13,max_temperature,2019,9,26.806929646155005
emea,240802,ssa,025,13,max_temperature,2019,10,26.115211018210683
emea,240802,ssa,025,13,max_temperature,2019,11,26.057730714091445
emea,240802,ssa,025,13,max_temperature,2019,12,25.470323760857916
emea,240802,ssa,025,13,max_temperature,2020,1,26.31048169733868
emea,240802,ssa,025,13,max_temperature,2020,2,28.639891674264863
emea,240802,ssa,025,13,max_temperature,2020,3,29.483961470921976
emea,240802,ssa,025,13,max_temperature,2020,4,29.500986791889726
emea,240802,ssa,025,13,max_temperature,2020,5,28.731318443619742
emea,240802,ssa,025,13,max_temperature,2020,6,28.883607739573542
emea,240802,ssa,025,13,max_temperature,2020,7,25.79638404159374
emea,240802,ssa,025,13,max_temperature,2020,8,25.637071176657706
emea,240802,ssa,025,13,max_temperature,2020,9,27.066742670114181
emea,240802,ssa,025,13,max_temperature,2020,10,28.110690104278191
emea,240802,ssa,025,13,max_temperature,2020,11,27.176972784820688
emea,240802,ssa,025,13,max_temperature,2020,12,26.672327161704587
emea,240802,ssa,025,13,max_temperature,2021,1,26.564220995215251
emea,240802,ssa,025,13,max_temperature,2021,2,27.281097665960129
emea,240802,ssa,025,13,max_temperature,2021,3,29.420932004303776
emea,240802,ssa,025,13,max_temperature,2021,4,29.239003777205319
emea,240802,ssa,025,13,max_temperature,2021,5,28.698395756738424
emea,240802,ssa,025,13,max_temperature,2021,6,29.520180871667105
emea,240802,ssa,025,13,max_temperature,2021,7,25.047843594909345
emea,240802,ssa,025,13,max_temperature,2021,8,26.951260116367251
emea,240802,ssa,025,13,max_temperature,2021,9,27.483210196157209
emea,240802,ssa,025,13,max_temperature,2021,10,27.240554356109982
emea,240802,ssa,025,13,max_temperature,2021,11,27.349399407915069
emea,240802,ssa,025,13,max_temperature,2021,12,26.584362634027052
emea,240802,ssa,025,13,max_temperature,2022,1,26.867199307727894
emea,240802,ssa,025,13,max_temperature,2022,2,27.943325381117564
emea,240802,ssa,025,13,max_temperature,2022,3,29.585714530187857
emea,240802,ssa,025,13,max_temperature,2022,4,30.030774244623217
emea,240802,ssa,025,13,max_temperature,2022,5,30.996805274864005
emea,240802,ssa,025,13,max_temperature,2022,6,29.0883583298363
emea,240802,ssa,025,13,max_temperature,2022,7,25.3255645538235
emea,240802,ssa,025,13,max_temperature,2022,8,25.713166453547288
emea,240802,ssa,025,13,max_temperature,2022,9,27.013115356603016
emea,240802,ssa,025,13,max_temperature,2022,10,27.003815858237495
emea,240802,ssa,025,13,max_temperature,2022,11,26.879126981438556
emea,240802,ssa,025,13,max_temperature,2022,12,26.654003128036113
emea,240802,ssa,025,13,max_temperature,2023,1,26.772431328984382
emea,240802,ssa,025,13,max_temperature,2023,2,28.809040895021464
emea,240802,ssa,025,13,max_temperature,2023,3,27.28381739312686
emea,240802,ssa,025,13,max_temperature,2023,4,27.372764418511771
emea,240802,ssa,025,13,max_temperature,2023,5,27.791676425969619
emea,240802,ssa,025,13,max_temperature,2023,6,28.67053897581836
emea,240802,ssa,025,13,max_temperature,2023,7,27.979750065514235
emea,240802,ssa,025,13,max_temperature,2023,8,27.802699830480954
emea,240802,ssa,025,13,max_temperature,2023,9,28.479137725532357
emea,240802,ssa,025,13,max_temperature,2023,10,28.442947580110271
emea,240802,ssa,025,13,max_temperature,2023,11,26.537338562233174
emea,240802,ssa,025,13,max_temperature,2023,12,26.864396267440625
emea,240802,ssa,025,13,temp_range,2014,1,13.79135627683211
emea,240802,ssa,025,13,temp_range,2014,2,12.463665093756248
emea,240802,ssa,025,13,temp_range,2014,3,11.833105146987425
emea,240802,ssa,025,13,temp_range,2014,4,11.033236331276806
emea,240802,ssa,025,13,temp_range,2014,5,10.371947213235057
emea,240802,ssa,025,13,temp_range,2014,6,11.590630250792984
emea,240802,ssa,025,13,temp_range,2014,7,9.9472956719065522
emea,240802,ssa,025,13,temp_range,2014,8,9.1755230426090648
emea,240802,ssa,025,13,temp_range,2014,9,10.02303526114903
emea,240802,ssa,025,13,temp_range,2014,10,11.099005118317994
emea,240802,ssa,025,13,temp_range,2014,11,11.297182717326887
emea,240802,ssa,025,13,temp_range,2014,12,13.2693555495592
emea,240802,ssa,025,13,temp_range,2015,1,14.471972867140291
emea,240802,ssa,025,13,temp_range,2015,2,14.750295933193073
emea,240802,ssa,025,13,temp_range,2015,3,13.227893707758593
emea,240802,ssa,025,13,temp_range,2015,4,12.635488081631813
emea,240802,ssa,025,13,temp_range,2015,5,10.757873643636481
emea,240802,ssa,025,13,temp_range,2015,6,11.141446891982934
emea,240802,ssa,025,13,temp_range,2015,7,11.299697525271625
emea,240802,ssa,025,13,temp_range,2015,8,10.608851746444524
emea,240802,ssa,025,13,temp_range,2015,9,10.653169259840659
emea,240802,ssa,025,13,temp_range,2015,10,11.755703133348337
emea,240802,ssa,025,13,temp_range,2015,11,12.080246741635934
emea,240802,ssa,025,13,temp_range,2015,12,11.92870240381818
emea,240802,ssa,025,13,temp_range,2016,1,11.754199598580312
emea,240802,ssa,025,13,temp_range,2016,2,13.873199499201753
emea,240802,ssa,025,13,temp_range,2016,3,12.818974341328913
emea,240802,ssa,025,13,temp_range,2016,4,10.062046942414625
emea,240802,ssa,025,13,temp_range,2016,5,10.869646379264493
emea,240802,ssa,025,13,temp_range,2016,6,11.576645763764422
emea,240802,ssa,025,13,temp_range,2016,7,9.6949091139973973
emea,240802,ssa,025,13,temp_range,2016,8,9.4490873128892829
emea,240802,ssa,025,13,temp_range,2016,9,10.745073814790695
emea,240802,ssa,025,13,temp_range,2016,10,11.920795919154546
emea,240802,ssa,025,13,temp_range,2016,11,13.35571918941254
emea,240802,ssa,025,13,temp_range,2016,12,14.356198850507852
emea,240802,ssa,025,13,temp_range,2017,1,15.91090930849402
emea,240802,ssa,025,13,temp_range,2017,2,12.017790644122572
emea,240802,ssa,025,13,temp_range,2017,3,12.981660047930877
emea,240802,ssa,025,13,temp_range,2017,4,12.120053037039286
emea,240802,ssa,025,13,temp_range,2017,5,9.99712670133061
emea,240802,ssa,025,13,temp_range,2017,6,5.4975090868520891
emea,240802,ssa,025,13,temp_range,2017,7,9.9105067766762058
emea,240802,ssa,025,13,temp_range,2017,8,8.5244697144328541
emea,240802,ssa,025,13,temp_range,2017,9,9.7039565327563224
emea,240802,ssa,025,13,temp_range,2017,10,11.107173959136594
emea,240802,ssa,025,13,temp_range,2017,11,12.261340867600461
emea,240802,ssa,025,13,temp_range,2017,12,13.719474488513212
emea,240802,ssa,025,13,temp_range,2018,1,12.958591197216567
emea,240802,ssa,025,13,temp_range,2018,2,12.713895692362893
emea,240802,ssa,025,13,temp_range,2018,3,11.636554040448353
emea,240802,ssa,025,13,temp_range,2018,4,10.086585454615847
emea,240802,ssa,025,13,temp_range,2018,5,11.197992489432949
emea,240802,ssa,025,13,temp_range,2018,6,10.020781937743202
emea,240802,ssa,025,13,temp_range,2018,7,9.4306427757085771
emea,240802,ssa,025,13,temp_range,2018,8,9.4681458672543233
emea,240802,ssa,025,13,temp_range,2018,9,10.597641795261529
emea,240802,ssa,025,13,temp_range,2018,10,11.19772880618247
emea,240802,ssa,025,13,temp_range,2018,11,11.46717752691362
emea,240802,ssa,025,13,temp_range,2018,12,13.018168419015389
emea,240802,ssa,025,13,temp_range,2019,1,15.022983150837861
emea,240802,ssa,025,13,temp_range,2019,2,13.197378501264922
emea,240802,ssa,025,13,temp_range,2019,3,5.4576081096695255
emea,240802,ssa,025,13,temp_range,2019,4,10.936882440906176
emea,240802,ssa,025,13,temp_range,2019,5,10.708741847744957
emea,240802,ssa,025,13,temp_range,2019,6,9.928735861682835
emea,240802,ssa,025,13,temp_range,2019,7,9.5605141912494211
emea,240802,ssa,025,13,temp_range,2019,8,8.96324499008969
emea,240802,ssa,025,13,temp_range,2019,9,9.6081836256071345
emea,240802,ssa,025,13,temp_range,2019,10,10.633230088367139
emea,240802,ssa,025,13,temp_range,2019,11,11.009002176573876
emea,240802,ssa,025,13,temp_range,2019,12,12.207684034702455
emea,240802,ssa,025,13,temp_range,2020,1,12.461732381352427
emea,240802,ssa,025,13,temp_range,2020,2,13.177634528175634
emea,240802,ssa,025,13,temp_range,2020,3,12.611520851151942
emea,240802,ssa,025,13,temp_range,2020,4,12.439078689650035
emea,240802,ssa,025,13,temp_range,2020,5,11.093576643549309
emea,240802,ssa,025,13,temp_range,2020,6,11.151703521611248
emea,240802,ssa,025,13,temp_range,2020,7,8.7416411137088783
emea,240802,ssa,025,13,temp_range,2020,8,8.6359192592859984
emea,240802,ssa,025,13,temp_range,2020,9,10.106206230413964
emea,240802,ssa,025,13,temp_range,2020,10,13.049885723045977
emea,240802,ssa,025,13,temp_range,2020,11,13.905562477103134
emea,240802,ssa,025,13,temp_range,2020,12,14.157992749301624
emea,240802,ssa,025,13,temp_range,2021,1,13.957389419908242
emea,240802,ssa,025,13,temp_range,2021,2,13.312439303191088
emea,240802,ssa,025,13,temp_range,2021,3,13.768858625542059
emea,240802,ssa,025,13,temp_range,2021,4,11.739422532370876
emea,240802,ssa,025,13,temp_range,2021,5,11.395699228763862
emea,240802,ssa,025,13,temp_range,2021,6,12.163592723209042
emea,240802,ssa,025,13,temp_range,2021,7,7.9782185885381995
emea,240802,ssa,025,13,temp_range,2021,8,10.037110830697996
emea,240802,ssa,025,13,temp_range,2021,9,10.415099610086548
emea,240802,ssa,025,13,temp_range,2021,10,12.196592710316056
emea,240802,ssa,025,13,temp_range,2021,11,13.17462414049051
emea,240802,ssa,025,13,temp_range,2021,12,13.767788166860143
emea,240802,ssa,025,13,temp_range,2022,1,13.127652923714573
emea,240802,ssa,025,13,temp_range,2022,2,13.950069620518779
emea,240802,ssa,025,13,temp_range,2022,3,14.252521665794855
emea,240802,ssa,025,13,temp_range,2022,4,12.335677790832092
emea,240802,ssa,025,13,temp_range,2022,5,13.196376977993465
emea,240802,ssa,025,13,temp_range,2022,6,11.452484364878313
emea,240802,ssa,025,13,temp_range,2022,7,8.4504983381540342
emea,240802,ssa,025,13,temp_range,2022,8,8.5636586710006988
emea,240802,ssa,025,13,temp_range,2022,9,10.041341048497944
emea,240802,ssa,025,13,temp_range,2022,10,10.875132360811719
emea,240802,ssa,025,13,temp_range,2022,11,13.190412141509615
emea,240802,ssa,025,13,temp_range,2022,12,13.496624363047864
emea,240802,ssa,025,13,temp_range,2023,1,13.998334158605081
emea,240802,ssa,025,13,temp_range,2023,2,15.126619455207997
emea,240802,ssa,025,13,temp_range,2023,3,10.891757830362572
emea,240802,ssa,025,13,temp_range,2023,4,10.555542724300714
emea,240802,ssa,025,13,temp_range,2023,5,10.3309465206043
emea,240802,ssa,025,13,temp_range,2023,6,11.075965210676415
emea,240802,ssa,025,13,temp_range,2023,7,10.445588650531521
emea,240802,ssa,025,13,temp_range,2023,8,10.155597323757842
emea,240802,ssa,025,13,temp_range,2023,9,10.324642732292068
emea,240802,ssa,025,13,temp_range,2023,10,10.882788820167226
emea,240802,ssa,025,13,temp_range,2023,11,11.112937497587303
emea,240802,ssa,025,13,temp_range,2023,12,12.89294371562336
emea,240802,ssa,025,13,total_precipitation,2014,1,5.2564098559624313
emea,240802,ssa,025,13,total_precipitation,2014,2,27.050217146643483
emea,240802,ssa,025,13,total_precipitation,2014,3,59.20210487008265
emea,240802,ssa,025,13,total_precipitation,2014,4,63.58913213541306
emea,240802,ssa,025,13,total_precipitation,2014,5,92.081632892849441
emea,240802,ssa,025,13,total_precipitation,2014,6,24.58354913313778
emea,240802,ssa,025,13,total_precipitation,2014,7,112.16079248640723
emea,240802,ssa,025,13,total_precipitation,2014,8,157.6653865253819
emea,240802,ssa,025,13,total_precipitation,2014,9,90.31032988021866
emea,240802,ssa,025,13,total_precipitation,2014,10,95.277098886803287
emea,240802,ssa,025,13,total_precipitation,2014,11,20.090734788850625
emea,240802,ssa,025,13,total_precipitation,2014,12,2.0208930686868314
emea,240802,ssa,025,13,total_precipitation,2015,1,6.9347774471687416
emea,240802,ssa,025,13,total_precipitation,2015,2,3.5139920777444615
emea,240802,ssa,025,13,total_precipitation,2015,3,38.03290648819722
emea,240802,ssa,025,13,total_precipitation,2015,4,38.375292042215271
emea,240802,ssa,025,13,total_precipitation,2015,5,106.04668945482564
emea,240802,ssa,025,13,total_precipitation,2015,6,55.983009390931876
emea,240802,ssa,025,13,total_precipitation,2015,7,70.999103343466018
emea,240802,ssa,025,13,total_precipitation,2015,8,119.80447785980742
emea,240802,ssa,025,13,total_precipitation,2015,9,37.641722096865678
emea,240802,ssa,025,13,total_precipitation,2015,10,36.952731421513548
emea,240802,ssa,025,13,total_precipitation,2015,11,34.180655960480131
emea,240802,ssa,025,13,total_precipitation,2015,12,23.0034394192801
emea,240802,ssa,025,13,total_precipitation,2016,1,29.52773363062429
emea,240802,ssa,025,13,total_precipitation,2016,2,9.97121003857876
emea,240802,ssa,025,13,total_precipitation,2016,3,19.210515239690565
emea,240802,ssa,025,13,total_precipitation,2016,4,202.63536524543821
emea,240802,ssa,025,13,total_precipitation,2016,5,123.10127427213069
emea,240802,ssa,025,13,total_precipitation,2016,6,39.244117641000308
emea,240802,ssa,025,13,total_precipitation,2016,7,154.79701026711965
emea,240802,ssa,025,13,total_precipitation,2016,8,144.3652171952169
emea,240802,ssa,025,13,total_precipitation,2016,9,47.661950383652751
emea,240802,ssa,025,13,total_precipitation,2016,10,22.427423099384946
emea,240802,ssa,025,13,total_precipitation,2016,11,29.463917980307109
emea,240802,ssa,025,13,total_precipitation,2016,12,4.6232997667521261
emea,240802,ssa,025,13,total_precipitation,2017,1,0.53972735208596134
emea,240802,ssa,025,13,total_precipitation,2017,2,44.8337233522012
emea,240802,ssa,025,13,total_precipitation,2017,3,38.434906496747985
emea,240802,ssa,025,13,total_precipitation,2017,4,47.074240218535138
emea,240802,ssa,025,13,total_precipitation,2017,5,114.3654461315882
emea,240802,ssa,025,13,total_precipitation,2017,6,9.3122030363355464
emea,240802,ssa,025,13,total_precipitation,2017,7,93.121420407091037
emea,240802,ssa,025,13,total_precipitation,2017,8,156.13016745836239
emea,240802,ssa,025,13,total_precipitation,2017,9,83.958056951478568
emea,240802,ssa,025,13,total_precipitation,2017,10,29.46239797029272
emea,240802,ssa,025,13,total_precipitation,2017,11,9.8669628886768237
emea,240802,ssa,025,13,total_precipitation,2017,12,0.05607875919153571
emea,240802,ssa,025,13,total_precipitation,2018,1,8.22621740186942
emea,240802,ssa,025,13,total_precipitation,2018,2,17.391067853503415
emea,240802,ssa,025,13,total_precipitation,2018,3,59.2514579226959
emea,240802,ssa,025,13,total_precipitation,2018,4,165.80800397448971
emea,240802,ssa,025,13,total_precipitation,2018,5,83.688367130812992
emea,240802,ssa,025,13,total_precipitation,2018,6,80.720066179359392
emea,240802,ssa,025,13,total_precipitation,2018,7,123.11666914765034
emea,240802,ssa,025,13,total_precipitation,2018,8,146.10044258264844
emea,240802,ssa,025,13,total_precipitation,2018,9,46.756724066526473
emea,240802,ssa,025,13,total_precipitation,2018,10,53.511237019266922
emea,240802,ssa,025,13,total_precipitation,2018,11,39.979970383241209
emea,240802,ssa,025,13,total_precipitation,2018,12,4.7196609478728959
emea,240802,ssa,025,13,total_precipitation,2019,1,0.44753742380321171
emea,240802,ssa,025,13,total_precipitation,2019,2,13.754877950916523
emea,240802,ssa,025,13,total_precipitation,2019,3,14.216396984417088
emea,240802,ssa,025,13,total_precipitation,2019,4,64.638174792384433
emea,240802,ssa,025,13,total_precipitation,2019,5,81.570832698625111
emea,240802,ssa,025,13,total_precipitation,2019,6,85.517950497607316
emea,240802,ssa,025,13,total_precipitation,2019,7,132.0286400805214
emea,240802,ssa,025,13,total_precipitation,2019,8,160.59691152114465
emea,240802,ssa,025,13,total_precipitation,2019,9,112.87536433134497
emea,240802,ssa,025,13,total_precipitation,2019,10,87.433670218764092
emea,240802,ssa,025,13,total_precipitation,2019,11,58.108561442175528
emea,240802,ssa,025,13,total_precipitation,2019,12,23.611581635754305
emea,240802,ssa,025,13,total_precipitation,2020,1,16.232583650746918
emea,240802,ssa,025,13,total_precipitation,2020,2,9.759870484294737
emea,240802,ssa,025,13,total_precipitation,2020,3,44.653737801627969
emea,240802,ssa,025,13,total_precipitation,2020,4,69.421104886452056
emea,240802,ssa,025,13,total_precipitation,2020,5,70.225991621716531
emea,240802,ssa,025,13,total_precipitation,2020,6,40.377126936860442
emea,240802,ssa,025,13,total_precipitation,2020,7,163.40714931688998
emea,240802,ssa,025,13,total_precipitation,2020,8,196.380623789153
emea,240802,ssa,025,13,total_precipitation,2020,9,70.3596561502805
emea,240802,ssa,025,13,total_precipitation,2020,10,17.678024195761594
emea,240802,ssa,025,13,total_precipitation,2020,11,24.206303001642276
emea,240802,ssa,025,13,total_precipitation,2020,12,3.6930349467448593
emea,240802,ssa,025,13,total_precipitation,2021,1,0.69631379570780894
emea,240802,ssa,025,13,total_precipitation,2021,2,13.631511333155345
emea,240802,ssa,025,13,total_precipitation,2021,3,3.4844573606280704
emea,240802,ssa,025,13,total_precipitation,2021,4,82.817216399375525
emea,240802,ssa,025,13,total_precipitation,2021,5,101.44609034455708
emea,240802,ssa,025,13,total_precipitation,2021,6,8.88201639690125
emea,240802,ssa,025,13,total_precipitation,2021,7,147.4246032375197
emea,240802,ssa,025,13,total_precipitation,2021,8,118.87892489140324
emea,240802,ssa,025,13,total_precipitation,2021,9,71.456188675489358
emea,240802,ssa,025,13,total_precipitation,2021,10,55.179900374227373
emea,240802,ssa,025,13,total_precipitation,2021,11,2.992255924386356
emea,240802,ssa,025,13,total_precipitation,2021,12,3.202686253825064
emea,240802,ssa,025,13,total_precipitation,2022,1,12.9337020809798
emea,240802,ssa,025,13,total_precipitation,2022,2,2.8193342781236623
emea,240802,ssa,025,13,total_precipitation,2022,3,9.1730935930153379
emea,240802,ssa,025,13,total_precipitation,2022,4,37.603384203966158
emea,240802,ssa,025,13,total_precipitation,2022,5,11.867848562077853
emea,240802,ssa,025,13,total_precipitation,2022,6,30.580734240950427
emea,240802,ssa,025,13,total_precipitation,2022,7,145.90271309236425
emea,240802,ssa,025,13,total_precipitation,2022,8,165.49727384533816
emea,240802,ssa,025,13,total_precipitation,2022,9,69.967669991105581
emea,240802,ssa,025,13,total_precipitation,2022,10,31.723828828343713
emea,240802,ssa,025,13,total_precipitation,2022,11,9.88386557167118
emea,240802,ssa,025,13,total_precipitation,2022,12,12.266390456366196
emea,240802,ssa,025,13,total_precipitation,2023,1,143.99383148514698
emea,240802,ssa,025,13,total_precipitation,2023,2,88.234874532592713
emea,240802,ssa,025,13,total_precipitation,2023,3,269.36670039758087
emea,240802,ssa,025,13,total_precipitation,2023,4,301.73502139895493
emea,240802,ssa,025,13,total_precipitation,2023,5,248.06791913804491
emea,240802,ssa,025,13,total_precipitation,2023,6,26.665169047127705
emea,240802,ssa,025,13,total_precipitation,2023,7,72.7305829629698
emea,240802,ssa,025,13,total_precipitation,2023,8,107.91353655776582
emea,240802,ssa,025,13,total_precipitation,2023,9,46.729307134196432
emea,240802,ssa,025,13,total_precipitation,2023,10,72.305212668023117
emea,240802,ssa,025,13,total_precipitation,2023,11,41.770283456250461
emea,240802,ssa,025,13,total_precipitation,2023,12,23.802936169064694
emea,240802,ssa,025,14,daylength,,1,701.0543376127373
emea,240802,ssa,025,14,daylength,,2,708.06321148591053
emea,240802,ssa,025,14,daylength,,3,717.60439124110394
emea,240802,ssa,025,14,daylength,,4,727.90619651296208
emea,240802,ssa,025,14,daylength,,5,736.55951377716383
emea,240802,ssa,025,14,daylength,,6,740.91638466171253
emea,240802,ssa,025,14,daylength,,7,739.18869353719765
emea,240802,ssa,025,14,daylength,,8,731.93714477778144
emea,240802,ssa,025,14,daylength,,9,722.05420644913193
emea,240802,ssa,025,14,daylength,,10,711.77096173938764
emea,240802,ssa,025,14,daylength,,11,703.21443612389965
emea,240802,ssa,025,14,daylength,,12,699.0967023358279
emea,240802,ssa,025,14,elevation,,,1311.5060966464125
emea,240802,ssa,025,14,max_temperature,2014,1,30.640625324899208
emea,240802,ssa,025,14,max_temperature,2014,2,31.037659763804093
emea,240802,ssa,025,14,max_temperature,2014,3,30.303442677668432
emea,240802,ssa,025,14,max_temperature,2014,4,28.507658905905895
emea,240802,ssa,025,14,max_temperature,2014,5,27.266172318773034
emea,240802,ssa,025,14,max_temperature,2014,6,27.731082095941982
emea,240802,ssa,025,14,max_temperature,2014,7,26.837026572422811
emea,240802,ssa,025,14,max_temperature,2014,8,26.78549716529297
emea,240802,ssa,025,14,max_temperature,2014,9,27.750970510714545
emea,240802,ssa,025,14,max_temperature,2014,10,26.878413847577249
emea,240802,ssa,025,14,max_temperature,2014,11,26.237762932834165
emea,240802,ssa,025,14,max_temperature,2014,12,28.961529603246522
emea,240802,ssa,025,14,max_temperature,2015,1,30.937757714720554
emea,240802,ssa,025,14,max_temperature,2015,2,31.809838314002242
emea,240802,ssa,025,14,max_temperature,2015,3,31.210666970139549
emea,240802,ssa,025,14,max_temperature,2015,4,27.455973595962341
emea,240802,ssa,025,14,max_temperature,2015,5,26.799104160338796
emea,240802,ssa,025,14,max_temperature,2015,6,27.917382147174887
emea,240802,ssa,025,14,max_temperature,2015,7,27.357907415707803
emea,240802,ssa,025,14,max_temperature,2015,8,28.35793146536377
emea,240802,ssa,025,14,max_temperature,2015,9,29.489675437251794
emea,240802,ssa,025,14,max_temperature,2015,10,26.890043665838494
emea,240802,ssa,025,14,max_temperature,2015,11,27.391012989780265
emea,240802,ssa,025,14,max_temperature,2015,12,29.232222867886243
emea,240802,ssa,025,14,max_temperature,2016,1,30.593813831216657
emea,240802,ssa,025,14,max_temperature,2016,2,31.943401730480414
emea,240802,ssa,025,14,max_temperature,2016,3,32.831803458867725
emea,240802,ssa,025,14,max_temperature,2016,4,28.06347872428822
emea,240802,ssa,025,14,max_temperature,2016,5,26.931854972815572
emea,240802,ssa,025,14,max_temperature,2016,6,26.977746045758892
emea,240802,ssa,025,14,max_temperature,2016,7,26.463985070399225
emea,240802,ssa,025,14,max_temperature,2016,8,27.167711149463333
emea,240802,ssa,025,14,max_temperature,2016,9,28.703192937186515
emea,240802,ssa,025,14,max_temperature,2016,10,27.924874490000871
emea,240802,ssa,025,14,max_temperature,2016,11,28.702612241813451
emea,240802,ssa,025,14,max_temperature,2016,12,29.931494222346586
emea,240802,ssa,025,14,max_temperature,2017,1,31.452103210425
emea,240802,ssa,025,14,max_temperature,2017,2,31.120479844263414
emea,240802,ssa,025,14,max_temperature,2017,3,32.355055528554843
emea,240802,ssa,025,14,max_temperature,2017,4,28.917496364127896
emea,240802,ssa,025,14,max_temperature,2017,5,27.91808612636223
emea,240802,ssa,025,14,max_temperature,2017,6,27.964645394139922
emea,240802,ssa,025,14,max_temperature,2017,7,27.056607476531507
emea,240802,ssa,025,14,max_temperature,2017,8,27.287934836250361
emea,240802,ssa,025,14,max_temperature,2017,9,27.738621459725216
emea,240802,ssa,025,14,max_temperature,2017,10,27.6655012847887
emea,240802,ssa,025,14,max_temperature,2017,11,26.544506312300566
emea,240802,ssa,025,14,max_temperature,2017,12,29.03186296928423
emea,240802,ssa,025,14,max_temperature,2018,1,29.974575079787876
emea,240802,ssa,025,14,max_temperature,2018,2,30.622820311503798
emea,240802,ssa,025,14,max_temperature,2018,3,27.96071575309314
emea,240802,ssa,025,14,max_temperature,2018,4,26.512729880641221
emea,240802,ssa,025,14,max_temperature,2018,5,25.978931269239251
emea,240802,ssa,025,14,max_temperature,2018,6,25.139114304752223
emea,240802,ssa,025,14,max_temperature,2018,7,24.807657975816529
emea,240802,ssa,025,14,max_temperature,2018,8,26.661360604094437
emea,240802,ssa,025,14,max_temperature,2018,9,28.725011200993787
emea,240802,ssa,025,14,max_temperature,2018,10,27.173797166741078
emea,240802,ssa,025,14,max_temperature,2018,11,27.940308421160584
emea,240802,ssa,025,14,max_temperature,2018,12,30.028822308949952
emea,240802,ssa,025,14,max_temperature,2019,1,31.985299454813031
emea,240802,ssa,025,14,max_temperature,2019,2,32.497939647893752
emea,240802,ssa,025,14,max_temperature,2019,3,33.00870629224552
emea,240802,ssa,025,14,max_temperature,2019,4,30.190145318208902
emea,240802,ssa,025,14,max_temperature,2019,5,26.408753606833187
emea,240802,ssa,025,14,max_temperature,2019,6,25.665239589393529
emea,240802,ssa,025,14,max_temperature,2019,7,26.366916884651282
emea,240802,ssa,025,14,max_temperature,2019,8,27.430595646130982
emea,240802,ssa,025,14,max_temperature,2019,9,28.687202877319283
emea,240802,ssa,025,14,max_temperature,2019,10,26.504675839964161
emea,240802,ssa,025,14,max_temperature,2019,11,26.686426497315939
emea,240802,ssa,025,14,max_temperature,2019,12,28.032416162241447
emea,240802,ssa,025,14,max_temperature,2020,1,30.101976151905806
emea,240802,ssa,025,14,max_temperature,2020,2,31.962879174547865
emea,240802,ssa,025,14,max_temperature,2020,3,30.5613760966718
emea,240802,ssa,025,14,max_temperature,2020,4,28.456245851793366
emea,240802,ssa,025,14,max_temperature,2020,5,27.443416968885984
emea,240802,ssa,025,14,max_temperature,2020,6,27.755841955691594
emea,240802,ssa,025,14,max_temperature,2020,7,25.182059785028915
emea,240802,ssa,025,14,max_temperature,2020,8,26.164031713408157
emea,240802,ssa,025,14,max_temperature,2020,9,27.758599821321589
emea,240802,ssa,025,14,max_temperature,2020,10,27.785880989038876
emea,240802,ssa,025,14,max_temperature,2020,11,28.28174343706824
emea,240802,ssa,025,14,max_temperature,2020,12,30.171048944629788
emea,240802,ssa,025,14,max_temperature,2021,1,30.129517530918925
emea,240802,ssa,025,14,max_temperature,2021,2,31.135361630999004
emea,240802,ssa,025,14,max_temperature,2021,3,30.761912105517315
emea,240802,ssa,025,14,max_temperature,2021,4,28.802681673802621
emea,240802,ssa,025,14,max_temperature,2021,5,27.604112786626985
emea,240802,ssa,025,14,max_temperature,2021,6,27.608406401717016
emea,240802,ssa,025,14,max_temperature,2021,7,24.717853543281493
emea,240802,ssa,025,14,max_temperature,2021,8,28.43193764678286
emea,240802,ssa,025,14,max_temperature,2021,9,28.463194844114092
emea,240802,ssa,025,14,max_temperature,2021,10,28.845162187251528
emea,240802,ssa,025,14,max_temperature,2021,11,29.646784022509213
emea,240802,ssa,025,14,max_temperature,2021,12,29.584267925744847
emea,240802,ssa,025,14,max_temperature,2022,1,31.051531178268846
emea,240802,ssa,025,14,max_temperature,2022,2,31.702782549879554
emea,240802,ssa,025,14,max_temperature,2022,3,32.299180988339671
emea,240802,ssa,025,14,max_temperature,2022,4,29.362407112646792
emea,240802,ssa,025,14,max_temperature,2022,5,28.526148790964488
emea,240802,ssa,025,14,max_temperature,2022,6,27.305031896293535
emea,240802,ssa,025,14,max_temperature,2022,7,25.362069087262121
emea,240802,ssa,025,14,max_temperature,2022,8,26.662636089410341
emea,240802,ssa,025,14,max_temperature,2022,9,28.509540567273504
emea,240802,ssa,025,14,max_temperature,2022,10,27.398124671031546
emea,240802,ssa,025,14,max_temperature,2022,11,28.75937567373753
emea,240802,ssa,025,14,max_temperature,2022,12,30.4033510874493
emea,240802,ssa,025,14,max_temperature,2023,1,31.275299286471572
emea,240802,ssa,025,14,max_temperature,2023,2,32.632358727166618
emea,240802,ssa,025,14,max_temperature,2023,3,28.782904077289238
emea,240802,ssa,025,14,max_temperature,2023,4,27.45610307614011
emea,240802,ssa,025,14,max_temperature,2023,5,26.587249968865532
emea,240802,ssa,025,14,max_temperature,2023,6,27.672231608394469
emea,240802,ssa,025,14,max_temperature,2023,7,26.446438234351522
emea,240802,ssa,025,14,max_temperature,2023,8,27.698183078612267
emea,240802,ssa,025,14,max_temperature,2023,9,29.360386243265967
emea,240802,ssa,025,14,max_temperature,2023,10,27.079633313153426
emea,240802,ssa,025,14,max_temperature,2023,11,26.334149576364624
emea,240802,ssa,025,14,max_temperature,2023,12,28.60397944710094
emea,240802,ssa,025,14,temp_range,2014,1,13.877158857815079
emea,240802,ssa,025,14,temp_range,2014,2,11.940149594229682
emea,240802,ssa,025,14,temp_range,2014,3,11.325661744319296
emea,240802,ssa,025,14,temp_range,2014,4,10.35398170741226
emea,240802,ssa,025,14,temp_range,2014,5,8.7793293682123128
emea,240802,ssa,025,14,temp_range,2014,6,9.1477705305839656
emea,240802,ssa,025,14,temp_range,2014,7,8.24627508862045
emea,240802,ssa,025,14,temp_range,2014,8,8.63922938051073
emea,240802,ssa,025,14,temp_range,2014,9,9.3695521889058977
emea,240802,ssa,025,14,temp_range,2014,10,8.8979445643013229
emea,240802,ssa,025,14,temp_range,2014,11,9.1742734618222315
emea,240802,ssa,025,14,temp_range,2014,12,12.695647849230292
emea,240802,ssa,025,14,temp_range,2015,1,14.907387889678276
emea,240802,ssa,025,14,temp_range,2015,2,13.31886418988506
emea,240802,ssa,025,14,temp_range,2015,3,11.905976525641046
emea,240802,ssa,025,14,temp_range,2015,4,9.016452433653086
emea,240802,ssa,025,14,temp_range,2015,5,8.1959311348906851
emea,240802,ssa,025,14,temp_range,2015,6,9.1034960288543587
emea,240802,ssa,025,14,temp_range,2015,7,9.0344426712139949
emea,240802,ssa,025,14,temp_range,2015,8,10.315699085742628
emea,240802,ssa,025,14,temp_range,2015,9,10.213987319666604
emea,240802,ssa,025,14,temp_range,2015,10,8.6779451423897509
emea,240802,ssa,025,14,temp_range,2015,11,9.61241757801227
emea,240802,ssa,025,14,temp_range,2015,12,11.559553881135855
emea,240802,ssa,025,14,temp_range,2016,1,11.322435831929598
emea,240802,ssa,025,14,temp_range,2016,2,13.085414203663237
emea,240802,ssa,025,14,temp_range,2016,3,11.793825657506162
emea,240802,ssa,025,14,temp_range,2016,4,8.6703382044513777
emea,240802,ssa,025,14,temp_range,2016,5,8.2379465721544811
emea,240802,ssa,025,14,temp_range,2016,6,8.95401332980565
emea,240802,ssa,025,14,temp_range,2016,7,8.5144746111562881
emea,240802,ssa,025,14,temp_range,2016,8,9.2686312741979986
emea,240802,ssa,025,14,temp_range,2016,9,10.520153404141395
emea,240802,ssa,025,14,temp_range,2016,10,9.4309923619700147
emea,240802,ssa,025,14,temp_range,2016,11,11.258445049870195
emea,240802,ssa,025,14,temp_range,2016,12,14.307431471952491
emea,240802,ssa,025,14,temp_range,2017,1,16.10511065263891
emea,240802,ssa,025,14,temp_range,2017,2,12.242019362465449
emea,240802,ssa,025,14,temp_range,2017,3,12.408742274854333
emea,240802,ssa,025,14,temp_range,2017,4,10.030506259003989
emea,240802,ssa,025,14,temp_range,2017,5,9.100539177366322
emea,240802,ssa,025,14,temp_range,2017,6,9.3967297993436532
emea,240802,ssa,025,14,temp_range,2017,7,8.3285836514523144
emea,240802,ssa,025,14,temp_range,2017,8,8.339744107104643
emea,240802,ssa,025,14,temp_range,2017,9,8.6446902098661731
emea,240802,ssa,025,14,temp_range,2017,10,8.7033328635963585
emea,240802,ssa,025,14,temp_range,2017,11,9.7097635534856988
emea,240802,ssa,025,14,temp_range,2017,12,13.269868338370166
emea,240802,ssa,025,14,temp_range,2018,1,12.930047459808073
emea,240802,ssa,025,14,temp_range,2018,2,11.583257687252749
emea,240802,ssa,025,14,temp_range,2018,3,9.78968578861089
emea,240802,ssa,025,14,temp_range,2018,4,8.29467993292856
emea,240802,ssa,025,14,temp_range,2018,5,7.9804845427524409
emea,240802,ssa,025,14,temp_range,2018,6,7.5861605165153279
emea,240802,ssa,025,14,temp_range,2018,7,7.6362581581600839
emea,240802,ssa,025,14,temp_range,2018,8,8.7578368249433982
emea,240802,ssa,025,14,temp_range,2018,9,9.87180901145995
emea,240802,ssa,025,14,temp_range,2018,10,9.2193447284501886
emea,240802,ssa,025,14,temp_range,2018,11,10.776063678279124
emea,240802,ssa,025,14,temp_range,2018,12,12.735100834428478
emea,240802,ssa,025,14,temp_range,2019,1,14.694728912659897
emea,240802,ssa,025,14,temp_range,2019,2,13.27635284227954
emea,240802,ssa,025,14,temp_range,2019,3,12.498027513954561
emea,240802,ssa,025,14,temp_range,2019,4,9.7686646678708371
emea,240802,ssa,025,14,temp_range,2019,5,7.8817437042965359
emea,240802,ssa,025,14,temp_range,2019,6,7.1022543546194186
emea,240802,ssa,025,14,temp_range,2019,7,7.9607922633784742
emea,240802,ssa,025,14,temp_range,2019,8,8.9474714418334056
emea,240802,ssa,025,14,temp_range,2019,9,9.6852246690585453
emea,240802,ssa,025,14,temp_range,2019,10,9.0085027072091357
emea,240802,ssa,025,14,temp_range,2019,11,9.16460504071961
emea,240802,ssa,025,14,temp_range,2019,12,11.331857031938194
emea,240802,ssa,025,14,temp_range,2020,1,12.223269431273117
emea,240802,ssa,025,14,temp_range,2020,2,12.633448028389411
emea,240802,ssa,025,14,temp_range,2020,3,10.417082947688487
emea,240802,ssa,025,14,temp_range,2020,4,9.615945344029
emea,240802,ssa,025,14,temp_range,2020,5,8.9280024880318969
emea,240802,ssa,025,14,temp_range,2020,6,9.2258351156330249
emea,240802,ssa,025,14,temp_range,2020,7,7.2753556481671646
emea,240802,ssa,025,14,temp_range,2020,8,8.2220508732784232
emea,240802,ssa,025,14,temp_range,2020,9,8.928557337995727
emea,240802,ssa,025,14,temp_range,2020,10,9.7089678278602634
emea,240802,ssa,025,14,temp_range,2020,11,11.402093382565196
emea,240802,ssa,025,14,temp_range,2020,12,14.422394671332686
emea,240802,ssa,025,14,temp_range,2021,1,13.003840525359221
emea,240802,ssa,025,14,temp_range,2021,2,12.398375250687748
emea,240802,ssa,025,14,temp_range,2021,3,11.635606325495957
emea,240802,ssa,025,14,temp_range,2021,4,9.9513301086632353
emea,240802,ssa,025,14,temp_range,2021,5,8.9921393800237777
emea,240802,ssa,025,14,temp_range,2021,6,9.9042716497539285
emea,240802,ssa,025,14,temp_range,2021,7,6.9565429690100089
emea,240802,ssa,025,14,temp_range,2021,8,10.20923779559622
emea,240802,ssa,025,14,temp_range,2021,9,9.352660006537695
emea,240802,ssa,025,14,temp_range,2021,10,10.170180654152366
emea,240802,ssa,025,14,temp_range,2021,11,11.813701735100812
emea,240802,ssa,025,14,temp_range,2021,12,12.305486131992406
emea,240802,ssa,025,14,temp_range,2022,1,12.975785336369661
emea,240802,ssa,025,14,temp_range,2022,2,13.038763786576025
emea,240802,ssa,025,14,temp_range,2022,3,12.68128696614491
emea,240802,ssa,025,14,temp_range,2022,4,9.7512679000762983
emea,240802,ssa,025,14,temp_range,2022,5,9.64060484410395
emea,240802,ssa,025,14,temp_range,2022,6,9.3071737433462935
emea,240802,ssa,025,14,temp_range,2022,7,7.75954557849329
emea,240802,ssa,025,14,temp_range,2022,8,8.5132543618375269
emea,240802,ssa,025,14,temp_range,2022,9,9.3513247333870666
emea,240802,ssa,025,14,temp_range,2022,10,8.62799812454059
emea,240802,ssa,025,14,temp_range,2022,11,11.176374206072264
emea,240802,ssa,025,14,temp_range,2022,12,12.867135377651255
emea,240802,ssa,025,14,temp_range,2023,1,13.472326011906741
emea,240802,ssa,025,14,temp_range,2023,2,14.323172381758674
emea,240802,ssa,025,14,temp_range,2023,3,9.8327373169023762
emea,240802,ssa,025,14,temp_range,2023,4,8.9773856177186175
emea,240802,ssa,025,14,temp_range,2023,5,8.1089663346185485
emea,240802,ssa,025,14,temp_range,2023,6,8.977064847808025
emea,240802,ssa,025,14,temp_range,2023,7,8.26001932169237
emea,240802,ssa,025,14,temp_range,2023,8,9.2063166905797154
emea,240802,ssa,025,14,temp_range,2023,9,9.586492945878101
emea,240802,ssa,025,14,temp_range,2023,10,8.16814340260765
emea,240802,ssa,025,14,temp_range,2023,11,8.5502952991595
emea,240802,ssa,025,14,temp_range,2023,12,11.594966019946366
emea,240802,ssa,025,14,total_precipitation,2014,1,0.6586390397984303
emea,240802,ssa,025,14,total_precipitation,2014,2,9.3206872132284388
emea,240802,ssa,025,14,total_precipitation,2014,3,79.64336442661174
emea,240802,ssa,025,14,total_precipitation,2014,4,110.98131332782862
emea,240802,ssa,025,14,total_precipitation,2014,5,116.13634924020329
emea,240802,ssa,025,14,total_precipitation,2014,6,17.58949618286735
emea,240802,ssa,025,14,total_precipitation,2014,7,18.660951657201167
emea,240802,ssa,025,14,total_precipitation,2014,8,52.307845048902195
emea,240802,ssa,025,14,total_precipitation,2014,9,31.935449603849143
emea,240802,ssa,025,14,total_precipitation,2014,10,173.09553313346777
emea,240802,ssa,025,14,total_precipitation,2014,11,81.695038194475671
emea,240802,ssa,025,14,total_precipitation,2014,12,2.4511956197870859
emea,240802,ssa,025,14,total_precipitation,2015,1,0.37178893312557193
emea,240802,ssa,025,14,total_precipitation,2015,2,0.94112397141684312
emea,240802,ssa,025,14,total_precipitation,2015,3,51.598324643168581
emea,240802,ssa,025,14,total_precipitation,2015,4,153.07520364081205
emea,240802,ssa,025,14,total_precipitation,2015,5,115.20580972140507
emea,240802,ssa,025,14,total_precipitation,2015,6,36.103099671293151
emea,240802,ssa,025,14,total_precipitation,2015,7,16.476654267538947
emea,240802,ssa,025,14,total_precipitation,2015,8,11.906284206754123
emea,240802,ssa,025,14,total_precipitation,2015,9,12.706113921510067
emea,240802,ssa,025,14,total_precipitation,2015,10,160.4943694102223
emea,240802,ssa,025,14,total_precipitation,2015,11,92.078180919740021
emea,240802,ssa,025,14,total_precipitation,2015,12,27.511965246623028
emea,240802,ssa,025,14,total_precipitation,2016,1,6.2944266696673594
emea,240802,ssa,025,14,total_precipitation,2016,2,9.9764494257509853
emea,240802,ssa,025,14,total_precipitation,2016,3,21.133344213630892
emea,240802,ssa,025,14,total_precipitation,2016,4,196.14817713678633
emea,240802,ssa,025,14,total_precipitation,2016,5,124.59168953777436
emea,240802,ssa,025,14,total_precipitation,2016,6,26.8269168123173
emea,240802,ssa,025,14,total_precipitation,2016,7,21.212631523417592
emea,240802,ssa,025,14,total_precipitation,2016,8,17.208706067221257
emea,240802,ssa,025,14,total_precipitation,2016,9,18.245128915301166
emea,240802,ssa,025,14,total_precipitation,2016,10,66.0592560860511
emea,240802,ssa,025,14,total_precipitation,2016,11,80.65985088186099
emea,240802,ssa,025,14,total_precipitation,2016,12,8.6557265779835575
emea,240802,ssa,025,14,total_precipitation,2017,1,1.4160915005553107
emea,240802,ssa,025,14,total_precipitation,2017,2,5.9824615656698938
emea,240802,ssa,025,14,total_precipitation,2017,3,35.457040880502909
emea,240802,ssa,025,14,total_precipitation,2017,4,105.19465959218812
emea,240802,ssa,025,14,total_precipitation,2017,5,115.883477813462
emea,240802,ssa,025,14,total_precipitation,2017,6,16.402246767301165
emea,240802,ssa,025,14,total_precipitation,2017,7,28.734331084271282
emea,240802,ssa,025,14,total_precipitation,2017,8,35.8226767710923
emea,240802,ssa,025,14,total_precipitation,2017,9,52.739639081985331
emea,240802,ssa,025,14,total_precipitation,2017,10,140.43655835444972
emea,240802,ssa,025,14,total_precipitation,2017,11,78.363671537024871
emea,240802,ssa,025,14,total_precipitation,2017,12,0.059588458904784147
emea,240802,ssa,025,14,total_precipitation,2018,1,0.27294449284622146
emea,240802,ssa,025,14,total_precipitation,2018,2,23.732145270048704
emea,240802,ssa,025,14,total_precipitation,2018,3,129.57709311059872
emea,240802,ssa,025,14,total_precipitation,2018,4,256.07205029902173
emea,240802,ssa,025,14,total_precipitation,2018,5,136.55553295228327
emea,240802,ssa,025,14,total_precipitation,2018,6,40.760420086999474
emea,240802,ssa,025,14,total_precipitation,2018,7,13.435098120030347
emea,240802,ssa,025,14,total_precipitation,2018,8,16.905728075570309
emea,240802,ssa,025,14,total_precipitation,2018,9,32.110988235675144
emea,240802,ssa,025,14,total_precipitation,2018,10,99.863205332877229
emea,240802,ssa,025,14,total_precipitation,2018,11,58.887830727727817
emea,240802,ssa,025,14,total_precipitation,2018,12,22.649936984674405
emea,240802,ssa,025,14,total_precipitation,2019,1,0.61110942661441925
emea,240802,ssa,025,14,total_precipitation,2019,2,2.900665860706809
emea,240802,ssa,025,14,total_precipitation,2019,3,11.242607707625282
emea,240802,ssa,025,14,total_precipitation,2019,4,79.277640504627641
emea,240802,ssa,025,14,total_precipitation,2019,5,135.13664922056094
emea,240802,ssa,025,14,total_precipitation,2019,6,60.922628783245841
emea,240802,ssa,025,14,total_precipitation,2019,7,41.564688199136576
emea,240802,ssa,025,14,total_precipitation,2019,8,29.076007744659393
emea,240802,ssa,025,14,total_precipitation,2019,9,46.022277311322057
emea,240802,ssa,025,14,total_precipitation,2019,10,221.75394206939393
emea,240802,ssa,025,14,total_precipitation,2019,11,108.73421132431378
emea,240802,ssa,025,14,total_precipitation,2019,12,44.822089819823447
emea,240802,ssa,025,14,total_precipitation,2020,1,21.055423103363097
emea,240802,ssa,025,14,total_precipitation,2020,2,8.41269706112763
emea,240802,ssa,025,14,total_precipitation,2020,3,61.930293725206781
emea,240802,ssa,025,14,total_precipitation,2020,4,196.34851693155832
emea,240802,ssa,025,14,total_precipitation,2020,5,99.2874521044177
emea,240802,ssa,025,14,total_precipitation,2020,6,32.719539928631434
emea,240802,ssa,025,14,total_precipitation,2020,7,44.458975275091177
emea,240802,ssa,025,14,total_precipitation,2020,8,49.080704788571
emea,240802,ssa,025,14,total_precipitation,2020,9,47.652725021731712
emea,240802,ssa,025,14,total_precipitation,2020,10,131.82532902680362
emea,240802,ssa,025,14,total_precipitation,2020,11,52.300291753843638
emea,240802,ssa,025,14,total_precipitation,2020,12,4.5169443071113449
emea,240802,ssa,025,14,total_precipitation,2021,1,1.1021510209694441
emea,240802,ssa,025,14,total_precipitation,2021,2,7.0040476896760424
emea,240802,ssa,025,14,total_precipitation,2021,3,23.871867037006886
emea,240802,ssa,025,14,total_precipitation,2021,4,110.49137445767012
emea,240802,ssa,025,14,total_precipitation,2021,5,90.44026317148807
emea,240802,ssa,025,14,total_precipitation,2021,6,9.0192010300654886
emea,240802,ssa,025,14,total_precipitation,2021,7,36.768621678222367
emea,240802,ssa,025,14,total_precipitation,2021,8,10.24897700029527
emea,240802,ssa,025,14,total_precipitation,2021,9,30.043495564780429
emea,240802,ssa,025,14,total_precipitation,2021,10,50.140863776138076
emea,240802,ssa,025,14,total_precipitation,2021,11,23.987017358696328
emea,240802,ssa,025,14,total_precipitation,2021,12,2.8438704074508081
emea,240802,ssa,025,14,total_precipitation,2022,1,13.033334896893493
emea,240802,ssa,025,14,total_precipitation,2022,2,1.0677118698854144
emea,240802,ssa,025,14,total_precipitation,2022,3,20.995869947001097
emea,240802,ssa,025,14,total_precipitation,2022,4,110.42019364814541
emea,240802,ssa,025,14,total_precipitation,2022,5,48.369163984054644
emea,240802,ssa,025,14,total_precipitation,2022,6,18.726661051647042
emea,240802,ssa,025,14,total_precipitation,2022,7,23.386737733548152
emea,240802,ssa,025,14,total_precipitation,2022,8,20.95846061774013
emea,240802,ssa,025,14,total_precipitation,2022,9,16.895196220712009
emea,240802,ssa,025,14,total_precipitation,2022,10,70.210297935050107
emea,240802,ssa,025,14,total_precipitation,2022,11,19.482700310626072
emea,240802,ssa,025,14,total_precipitation,2022,12,3.9228868713136649
emea,240802,ssa,025,14,total_precipitation,2023,1,17.140842429985526
emea,240802,ssa,025,14,total_precipitation,2023,2,7.1227420094104446
emea,240802,ssa,025,14,total_precipitation,2023,3,174.22652937621461
emea,240802,ssa,025,14,total_precipitation,2023,4,184.20185128131658
emea,240802,ssa,025,14,total_precipitation,2023,5,121.97663654915161
emea,240802,ssa,025,14,total_precipitation,2023,6,15.775644461564454
emea,240802,ssa,025,14,total_precipitation,2023,7,14.214320171079635
emea,240802,ssa,025,14,total_precipitation,2023,8,13.72344237877418
emea,240802,ssa,025,14,total_precipitation,2023,9,30.03972381154697
emea,240802,ssa,025,14,total_precipitation,2023,10,196.49372728432138
emea,240802,ssa,025,14,total_precipitation,2023,11,175.13048216098656
emea,240802,ssa,025,14,total_precipitation,2023,12,44.786557186497305
emea,240802,ssa,025,15,daylength,,1,706.01396356526118
emea,240802,ssa,025,15,daylength,,2,711.187544494294
emea,240802,ssa,025,15,daylength,,3,718.23135425274063
emea,240802,ssa,025,15,daylength,,4,725.83695194131883
emea,240802,ssa,025,15,daylength,,5,732.22480858927054
emea,240802,ssa,025,15,daylength,,6,735.44054239599382
emea,240802,ssa,025,15,daylength,,7,734.16541214590507
emea,240802,ssa,025,15,daylength,,8,728.812718650924
emea,240802,ssa,025,15,daylength,,9,721.5165935778432
emea,240802,ssa,025,15,daylength,,10,713.924710018589
emea,240802,ssa,025,15,daylength,,11,707.60833792438189
emea,240802,ssa,025,15,daylength,,12,704.56911625479052
emea,240802,ssa,025,15,elevation,,,985.43289882743511
emea,240802,ssa,025,15,max_temperature,2014,1,33.515437997330949
emea,240802,ssa,025,15,max_temperature,2014,2,33.798676135490311
emea,240802,ssa,025,15,max_temperature,2014,3,33.365167337463255
emea,240802,ssa,025,15,max_temperature,2014,4,32.054046640793672
emea,240802,ssa,025,15,max_temperature,2014,5,31.281829770563405
emea,240802,ssa,025,15,max_temperature,2014,6,31.114802091017168
emea,240802,ssa,025,15,max_temperature,2014,7,29.996342154650144
emea,240802,ssa,025,15,max_temperature,2014,8,29.71892566249161
emea,240802,ssa,025,15,max_temperature,2014,9,31.311615421391508
emea,240802,ssa,025,15,max_temperature,2014,10,30.307896751474026
emea,240802,ssa,025,15,max_temperature,2014,11,30.186526929954514
emea,240802,ssa,025,15,max_temperature,2014,12,31.926862485027996
emea,240802,ssa,025,15,max_temperature,2015,1,33.495500784502639
emea,240802,ssa,025,15,max_temperature,2015,2,34.398393211886166
emea,240802,ssa,025,15,max_temperature,2015,3,34.467197621932677
emea,240802,ssa,025,15,max_temperature,2015,4,30.122748148127343
emea,240802,ssa,025,15,max_temperature,2015,5,30.693371247588889
emea,240802,ssa,025,15,max_temperature,2015,6,30.634944332715971
emea,240802,ssa,025,15,max_temperature,2015,7,30.943106821435993
emea,240802,ssa,025,15,max_temperature,2015,8,31.953634999471337
emea,240802,ssa,025,15,max_temperature,2015,9,33.161400781031659
emea,240802,ssa,025,15,max_temperature,2015,10,31.250178051176572
emea,240802,ssa,025,15,max_temperature,2015,11,29.6002461421791
emea,240802,ssa,025,15,max_temperature,2015,12,31.04819659310791
emea,240802,ssa,025,15,max_temperature,2016,1,33.063173221765922
emea,240802,ssa,025,15,max_temperature,2016,2,34.48672372240307
emea,240802,ssa,025,15,max_temperature,2016,3,35.32982888430972
emea,240802,ssa,025,15,max_temperature,2016,4,32.018509536843311
emea,240802,ssa,025,15,max_temperature,2016,5,30.176927556296469
emea,240802,ssa,025,15,max_temperature,2016,6,30.638397956167331
emea,240802,ssa,025,15,max_temperature,2016,7,29.413971698246915
emea,240802,ssa,025,15,max_temperature,2016,8,30.623856570730069
emea,240802,ssa,025,15,max_temperature,2016,9,32.220681430737748
emea,240802,ssa,025,15,max_temperature,2016,10,32.624008213404167
emea,240802,ssa,025,15,max_temperature,2016,11,32.136045723811783
emea,240802,ssa,025,15,max_temperature,2016,12,32.803904204941965
emea,240802,ssa,025,15,max_temperature,2017,1,34.253498811546912
emea,240802,ssa,025,15,max_temperature,2017,2,33.782296932571562
emea,240802,ssa,025,15,max_temperature,2017,3,34.963355463014864
emea,240802,ssa,025,15,max_temperature,2017,4,33.269251743925778
emea,240802,ssa,025,15,max_temperature,2017,5,31.56820955849772
emea,240802,ssa,025,15,max_temperature,2017,6,31.997561453193409
emea,240802,ssa,025,15,max_temperature,2017,7,29.358979477866797
emea,240802,ssa,025,15,max_temperature,2017,8,30.330176874684845
emea,240802,ssa,025,15,max_temperature,2017,9,30.537521716947897
emea,240802,ssa,025,15,max_temperature,2017,10,30.494638861643608
emea,240802,ssa,025,15,max_temperature,2017,11,29.571871825712712
emea,240802,ssa,025,15,max_temperature,2017,12,32.214934913884605
emea,240802,ssa,025,15,max_temperature,2018,1,32.88049813274872
emea,240802,ssa,025,15,max_temperature,2018,2,33.714352454860027
emea,240802,ssa,025,15,max_temperature,2018,3,31.001220183661111
emea,240802,ssa,025,15,max_temperature,2018,4,28.923046948087432
emea,240802,ssa,025,15,max_temperature,2018,5,29.134122267298245
emea,240802,ssa,025,15,max_temperature,2018,6,28.442628153057036
emea,240802,ssa,025,15,max_temperature,2018,7,28.773946676153535
emea,240802,ssa,025,15,max_temperature,2018,8,30.230529958759551
emea,240802,ssa,025,15,max_temperature,2018,9,32.449171785431659
emea,240802,ssa,025,15,max_temperature,2018,10,31.72471395906171
emea,240802,ssa,025,15,max_temperature,2018,11,31.963145357102913
emea,240802,ssa,025,15,max_temperature,2018,12,32.221106232574606
emea,240802,ssa,025,15,max_temperature,2019,1,34.372702245384616
emea,240802,ssa,025,15,max_temperature,2019,2,34.903703555826269
emea,240802,ssa,025,15,max_temperature,2019,3,35.350978485527811
emea,240802,ssa,025,15,max_temperature,2019,4,33.801316401054073
emea,240802,ssa,025,15,max_temperature,2019,5,31.140386389487105
emea,240802,ssa,025,15,max_temperature,2019,6,28.693643308850923
emea,240802,ssa,025,15,max_temperature,2019,7,29.261064407348517
emea,240802,ssa,025,15,max_temperature,2019,8,30.135636394347106
emea,240802,ssa,025,15,max_temperature,2019,9,31.64423291576253
emea,240802,ssa,025,15,max_temperature,2019,10,29.21377238620633
emea,240802,ssa,025,15,max_temperature,2019,11,29.735446010913719
emea,240802,ssa,025,15,max_temperature,2019,12,29.854803951324438
emea,240802,ssa,025,15,max_temperature,2020,1,32.164220320647786
emea,240802,ssa,025,15,max_temperature,2020,2,33.245481120308852
emea,240802,ssa,025,15,max_temperature,2020,3,32.462885863597322
emea,240802,ssa,025,15,max_temperature,2020,4,30.7043890239458
emea,240802,ssa,025,15,max_temperature,2020,5,30.669448463752193
emea,240802,ssa,025,15,max_temperature,2020,6,29.88220176578255
emea,240802,ssa,025,15,max_temperature,2020,7,27.744967588696458
emea,240802,ssa,025,15,max_temperature,2020,8,28.781050221859125
emea,240802,ssa,025,15,max_temperature,2020,9,30.225854352625579
emea,240802,ssa,025,15,max_temperature,2020,10,30.36325123267989
emea,240802,ssa,025,15,max_temperature,2020,11,30.698280799662957
emea,240802,ssa,025,15,max_temperature,2020,12,32.392925836965
emea,240802,ssa,025,15,max_temperature,2021,1,32.39396935604406
emea,240802,ssa,025,15,max_temperature,2021,2,33.334735104522082
emea,240802,ssa,025,15,max_temperature,2021,3,33.819598647650984
emea,240802,ssa,025,15,max_temperature,2021,4,32.279661224435024
emea,240802,ssa,025,15,max_temperature,2021,5,30.58078506448723
emea,240802,ssa,025,15,max_temperature,2021,6,31.322776438498725
emea,240802,ssa,025,15,max_temperature,2021,7,28.246121253620181
emea,240802,ssa,025,15,max_temperature,2021,8,31.442644940430956
emea,240802,ssa,025,15,max_temperature,2021,9,31.453105046526137
emea,240802,ssa,025,15,max_temperature,2021,10,32.44243105406067
emea,240802,ssa,025,15,max_temperature,2021,11,32.944275688977079
emea,240802,ssa,025,15,max_temperature,2021,12,32.247420266377333
emea,240802,ssa,025,15,max_temperature,2022,1,33.4167565057233
emea,240802,ssa,025,15,max_temperature,2022,2,34.068877187646713
emea,240802,ssa,025,15,max_temperature,2022,3,34.789524843639683
emea,240802,ssa,025,15,max_temperature,2022,4,32.492821695578904
emea,240802,ssa,025,15,max_temperature,2022,5,31.995506664603262
emea,240802,ssa,025,15,max_temperature,2022,6,31.031445268136132
emea,240802,ssa,025,15,max_temperature,2022,7,29.797981622836485
emea,240802,ssa,025,15,max_temperature,2022,8,29.633670395428869
emea,240802,ssa,025,15,max_temperature,2022,9,31.721513971371344
emea,240802,ssa,025,15,max_temperature,2022,10,32.1063948527278
emea,240802,ssa,025,15,max_temperature,2022,11,32.164953823892517
emea,240802,ssa,025,15,max_temperature,2022,12,32.6485185695028
emea,240802,ssa,025,15,max_temperature,2023,1,33.618756645913173
emea,240802,ssa,025,15,max_temperature,2023,2,35.152073559692987
emea,240802,ssa,025,15,max_temperature,2023,3,31.650556231418925
emea,240802,ssa,025,15,max_temperature,2023,4,31.153408018557592
emea,240802,ssa,025,15,max_temperature,2023,5,31.058942759146515
emea,240802,ssa,025,15,max_temperature,2023,6,31.765137504518442
emea,240802,ssa,025,15,max_temperature,2023,7,31.02940347279452
emea,240802,ssa,025,15,max_temperature,2023,8,31.843539492426856
emea,240802,ssa,025,15,max_temperature,2023,9,32.948398838681371
emea,240802,ssa,025,15,max_temperature,2023,10,31.243901016580075
emea,240802,ssa,025,15,max_temperature,2023,11,29.203690759854116
emea,240802,ssa,025,15,max_temperature,2023,12,31.928189942469107
emea,240802,ssa,025,15,temp_range,2014,1,13.679596434203987
emea,240802,ssa,025,15,temp_range,2014,2,12.618547361081681
emea,240802,ssa,025,15,temp_range,2014,3,11.6968129970621
emea,240802,ssa,025,15,temp_range,2014,4,11.221853119187971
emea,240802,ssa,025,15,temp_range,2014,5,9.79622263350495
emea,240802,ssa,025,15,temp_range,2014,6,9.7230922772193686
emea,240802,ssa,025,15,temp_range,2014,7,8.8598111231511236
emea,240802,ssa,025,15,temp_range,2014,8,9.00596892075472
emea,240802,ssa,025,15,temp_range,2014,9,10.198789043417255
emea,240802,ssa,025,15,temp_range,2014,10,9.46514286181405
emea,240802,ssa,025,15,temp_range,2014,11,9.8362588627072416
emea,240802,ssa,025,15,temp_range,2014,12,12.416629128207685
emea,240802,ssa,025,15,temp_range,2015,1,14.634189488874316
emea,240802,ssa,025,15,temp_range,2015,2,13.623332476344062
emea,240802,ssa,025,15,temp_range,2015,3,12.4927083996627
emea,240802,ssa,025,15,temp_range,2015,4,9.3657482714127465
emea,240802,ssa,025,15,temp_range,2015,5,9.286904709393573
emea,240802,ssa,025,15,temp_range,2015,6,9.1964310391472814
emea,240802,ssa,025,15,temp_range,2015,7,9.73309880713304
emea,240802,ssa,025,15,temp_range,2015,8,10.378478991663423
emea,240802,ssa,025,15,temp_range,2015,9,10.788731661642469
emea,240802,ssa,025,15,temp_range,2015,10,9.5000599307925544
emea,240802,ssa,025,15,temp_range,2015,11,9.1144865465665514
emea,240802,ssa,025,15,temp_range,2015,12,10.397659262890283
emea,240802,ssa,025,15,temp_range,2016,1,11.133162443932168
emea,240802,ssa,025,15,temp_range,2016,2,12.47709595519129
emea,240802,ssa,025,15,temp_range,2016,3,11.868885250340419
emea,240802,ssa,025,15,temp_range,2016,4,9.3777344838108547
emea,240802,ssa,025,15,temp_range,2016,5,8.7280812892075161
emea,240802,ssa,025,15,temp_range,2016,6,9.2770951656104987
emea,240802,ssa,025,15,temp_range,2016,7,8.5603889111189631
emea,240802,ssa,025,15,temp_range,2016,8,9.726071174862577
emea,240802,ssa,025,15,temp_range,2016,9,10.734360327901253
emea,240802,ssa,025,15,temp_range,2016,10,10.612226365160311
emea,240802,ssa,025,15,temp_range,2016,11,10.876742745713953
emea,240802,ssa,025,15,temp_range,2016,12,13.087359222678094
emea,240802,ssa,025,15,temp_range,2017,1,15.232679489574007
emea,240802,ssa,025,15,temp_range,2017,2,11.967096333799029
emea,240802,ssa,025,15,temp_range,2017,3,12.269208981484926
emea,240802,ssa,025,15,temp_range,2017,4,10.824667610906877
emea,240802,ssa,025,15,temp_range,2017,5,9.49919544666026
emea,240802,ssa,025,15,temp_range,2017,6,9.8614931221074364
emea,240802,ssa,025,15,temp_range,2017,7,8.1301441179034466
emea,240802,ssa,025,15,temp_range,2017,8,8.8863042888736636
emea,240802,ssa,025,15,temp_range,2017,9,9.11767582615036
emea,240802,ssa,025,15,temp_range,2017,10,9.0799820810817877
emea,240802,ssa,025,15,temp_range,2017,11,9.46161585254676
emea,240802,ssa,025,15,temp_range,2017,12,12.881505331038106
emea,240802,ssa,025,15,temp_range,2018,1,12.439272564657944
emea,240802,ssa,025,15,temp_range,2018,2,12.020140667221559
emea,240802,ssa,025,15,temp_range,2018,3,10.1254961939975
emea,240802,ssa,025,15,temp_range,2018,4,8.360295677896687
emea,240802,ssa,025,15,temp_range,2018,5,8.6693543512941975
emea,240802,ssa,025,15,temp_range,2018,6,8.21248934412549
emea,240802,ssa,025,15,temp_range,2018,7,8.658278504756753
emea,240802,ssa,025,15,temp_range,2018,8,9.3100260740624119
emea,240802,ssa,025,15,temp_range,2018,9,10.994505945074438
emea,240802,ssa,025,15,temp_range,2018,10,10.520251385392383
emea,240802,ssa,025,15,temp_range,2018,11,11.188958049900545
emea,240802,ssa,025,15,temp_range,2018,12,11.855494270687078
emea,240802,ssa,025,15,temp_range,2019,1,13.850100625664281
emea,240802,ssa,025,15,temp_range,2019,2,12.998405741507554
emea,240802,ssa,025,15,temp_range,2019,3,12.869806305378695
emea,240802,ssa,025,15,temp_range,2019,4,10.67920886824475
emea,240802,ssa,025,15,temp_range,2019,5,9.4892826329857041
emea,240802,ssa,025,15,temp_range,2019,6,7.6489341610250223
emea,240802,ssa,025,15,temp_range,2019,7,8.6275507181108786
emea,240802,ssa,025,15,temp_range,2019,8,9.3157578789924322
emea,240802,ssa,025,15,temp_range,2019,9,10.072712356917933
emea,240802,ssa,025,15,temp_range,2019,10,9.1047510426221869
emea,240802,ssa,025,15,temp_range,2019,11,9.3333794607330471
emea,240802,ssa,025,15,temp_range,2019,12,10.130139405768462
emea,240802,ssa,025,15,temp_range,2020,1,11.410364297149524
emea,240802,ssa,025,15,temp_range,2020,2,11.718723522621799
emea,240802,ssa,025,15,temp_range,2020,3,10.512895571314225
emea,240802,ssa,025,15,temp_range,2020,4,9.4426649297271421
emea,240802,ssa,025,15,temp_range,2020,5,9.5046144693909778
emea,240802,ssa,025,15,temp_range,2020,6,9.0818160803748267
emea,240802,ssa,025,15,temp_range,2020,7,7.4838769770125726
emea,240802,ssa,025,15,temp_range,2020,8,8.3832262696263591
emea,240802,ssa,025,15,temp_range,2020,9,9.3274976729156958
emea,240802,ssa,025,15,temp_range,2020,10,9.64688104647107
emea,240802,ssa,025,15,temp_range,2020,11,10.762143990863017
emea,240802,ssa,025,15,temp_range,2020,12,13.192845774797346
emea,240802,ssa,025,15,temp_range,2021,1,12.369590335115051
emea,240802,ssa,025,15,temp_range,2021,2,11.802729811575158
emea,240802,ssa,025,15,temp_range,2021,3,12.033350877268285
emea,240802,ssa,025,15,temp_range,2021,4,10.598516690802867
emea,240802,ssa,025,15,temp_range,2021,5,9.3801505120063133
emea,240802,ssa,025,15,temp_range,2021,6,10.734058025462424
emea,240802,ssa,025,15,temp_range,2021,7,7.7409875102076153
emea,240802,ssa,025,15,temp_range,2021,8,10.555736195361849
emea,240802,ssa,025,15,temp_range,2021,9,9.7847112089334249
emea,240802,ssa,025,15,temp_range,2021,10,10.335684133610995
emea,240802,ssa,025,15,temp_range,2021,11,11.443610335404131
emea,240802,ssa,025,15,temp_range,2021,12,11.565933404911986
emea,240802,ssa,025,15,temp_range,2022,1,12.522221846108977
emea,240802,ssa,025,15,temp_range,2022,2,12.631171207836388
emea,240802,ssa,025,15,temp_range,2022,3,12.422551972823682
emea,240802,ssa,025,15,temp_range,2022,4,10.179358656730393
emea,240802,ssa,025,15,temp_range,2022,5,10.075347393688263
emea,240802,ssa,025,15,temp_range,2022,6,10.037365570244463
emea,240802,ssa,025,15,temp_range,2022,7,8.7085378647942822
emea,240802,ssa,025,15,temp_range,2022,8,8.7986165958810965
emea,240802,ssa,025,15,temp_range,2022,9,9.9711659094704643
emea,240802,ssa,025,15,temp_range,2022,10,10.260257360483864
emea,240802,ssa,025,15,temp_range,2022,11,10.8520489396381
emea,240802,ssa,025,15,temp_range,2022,12,12.207698221174322
emea,240802,ssa,025,15,temp_range,2023,1,13.373780694093721
emea,240802,ssa,025,15,temp_range,2023,2,14.033946767757197
emea,240802,ssa,025,15,temp_range,2023,3,10.566942455891313
emea,240802,ssa,025,15,temp_range,2023,4,9.6659043012057637
emea,240802,ssa,025,15,temp_range,2023,5,9.280116909455904
emea,240802,ssa,025,15,temp_range,2023,6,9.4868150256574584
emea,240802,ssa,025,15,temp_range,2023,7,9.4959139726468
emea,240802,ssa,025,15,temp_range,2023,8,10.142427717060121
emea,240802,ssa,025,15,temp_range,2023,9,10.290942044890453
emea,240802,ssa,025,15,temp_range,2023,10,9.47326782419746
emea,240802,ssa,025,15,temp_range,2023,11,8.64219351839995
emea,240802,ssa,025,15,temp_range,2023,12,11.253551451752751
emea,240802,ssa,025,15,total_precipitation,2014,1,1.5836428895143939
emea,240802,ssa,025,15,total_precipitation,2014,2,13.740575822206608
emea,240802,ssa,025,15,total_precipitation,2014,3,72.597607178241446
emea,240802,ssa,025,15,total_precipitation,2014,4,73.200125916684456
emea,240802,ssa,025,15,total_precipitation,2014,5,108.10459622964977
emea,240802,ssa,025,15,total_precipitation,2014,6,40.156881412581072
emea,240802,ssa,025,15,total_precipitation,2014,7,65.621531278528039
emea,240802,ssa,025,15,total_precipitation,2014,8,82.159291819843446
emea,240802,ssa,025,15,total_precipitation,2014,9,48.553458324532514
emea,240802,ssa,025,15,total_precipitation,2014,10,130.1531267097688
emea,240802,ssa,025,15,total_precipitation,2014,11,78.700012732612251
emea,240802,ssa,025,15,total_precipitation,2014,12,10.031286116409049
emea,240802,ssa,025,15,total_precipitation,2015,1,0.581327925864926
emea,240802,ssa,025,15,total_precipitation,2015,2,3.8836069527973649
emea,240802,ssa,025,15,total_precipitation,2015,3,44.148580332569146
emea,240802,ssa,025,15,total_precipitation,2015,4,162.39574811158997
emea,240802,ssa,025,15,total_precipitation,2015,5,96.374993099521632
emea,240802,ssa,025,15,total_precipitation,2015,6,88.598924441236832
emea,240802,ssa,025,15,total_precipitation,2015,7,42.616404134403425
emea,240802,ssa,025,15,total_precipitation,2015,8,13.420573337139928
emea,240802,ssa,025,15,total_precipitation,2015,9,10.418700218916726
emea,240802,ssa,025,15,total_precipitation,2015,10,108.63051500319889
emea,240802,ssa,025,15,total_precipitation,2015,11,136.04413465950449
emea,240802,ssa,025,15,total_precipitation,2015,12,54.422721108243664
emea,240802,ssa,025,15,total_precipitation,2016,1,11.830319777162345
emea,240802,ssa,025,15,total_precipitation,2016,2,7.1337633387263963
emea,240802,ssa,025,15,total_precipitation,2016,3,16.485306478461609
emea,240802,ssa,025,15,total_precipitation,2016,4,139.24950338210718
emea,240802,ssa,025,15,total_precipitation,2016,5,126.35142073013415
emea,240802,ssa,025,15,total_precipitation,2016,6,64.444979692463647
emea,240802,ssa,025,15,total_precipitation,2016,7,87.305109629075119
emea,240802,ssa,025,15,total_precipitation,2016,8,45.877168488176345
emea,240802,ssa,025,15,total_precipitation,2016,9,23.025149465252241
emea,240802,ssa,025,15,total_precipitation,2016,10,35.777922000569411
emea,240802,ssa,025,15,total_precipitation,2016,11,52.62601286519601
emea,240802,ssa,025,15,total_precipitation,2016,12,7.5542313070131115
emea,240802,ssa,025,15,total_precipitation,2017,1,3.0596177176651906
emea,240802,ssa,025,15,total_precipitation,2017,2,12.540275140632218
emea,240802,ssa,025,15,total_precipitation,2017,3,22.059636977942567
emea,240802,ssa,025,15,total_precipitation,2017,4,75.568536479138061
emea,240802,ssa,025,15,total_precipitation,2017,5,96.5949010765903
emea,240802,ssa,025,15,total_precipitation,2017,6,17.600109005409948
emea,240802,ssa,025,15,total_precipitation,2017,7,109.33106438034702
emea,240802,ssa,025,15,total_precipitation,2017,8,71.776129732159347
emea,240802,ssa,025,15,total_precipitation,2017,9,80.138742811337693
emea,240802,ssa,025,15,total_precipitation,2017,10,141.38807870909596
emea,240802,ssa,025,15,total_precipitation,2017,11,83.004859213581454
emea,240802,ssa,025,15,total_precipitation,2017,12,0.67933821593892674
emea,240802,ssa,025,15,total_precipitation,2018,1,0.75577296873788669
emea,240802,ssa,025,15,total_precipitation,2018,2,14.39105571803168
emea,240802,ssa,025,15,total_precipitation,2018,3,107.88691279873913
emea,240802,ssa,025,15,total_precipitation,2018,4,233.69981019373151
emea,240802,ssa,025,15,total_precipitation,2018,5,161.5262013418311
emea,240802,ssa,025,15,total_precipitation,2018,6,96.01534882387341
emea,240802,ssa,025,15,total_precipitation,2018,7,37.98281219555831
emea,240802,ssa,025,15,total_precipitation,2018,8,56.745024109465511
emea,240802,ssa,025,15,total_precipitation,2018,9,21.473640825737554
emea,240802,ssa,025,15,total_precipitation,2018,10,63.407205126812727
emea,240802,ssa,025,15,total_precipitation,2018,11,41.768247216604017
emea,240802,ssa,025,15,total_precipitation,2018,12,44.862837957903977
emea,240802,ssa,025,15,total_precipitation,2019,1,1.8549456464162546
emea,240802,ssa,025,15,total_precipitation,2019,2,5.4986897038910314
emea,240802,ssa,025,15,total_precipitation,2019,3,19.228249150348475
emea,240802,ssa,025,15,total_precipitation,2019,4,67.39231622673509
emea,240802,ssa,025,15,total_precipitation,2019,5,86.985157653906711
emea,240802,ssa,025,15,total_precipitation,2019,6,130.43266024214637
emea,240802,ssa,025,15,total_precipitation,2019,7,96.483992392003884
emea,240802,ssa,025,15,total_precipitation,2019,8,60.362965194231393
emea,240802,ssa,025,15,total_precipitation,2019,9,67.831028718523967
emea,240802,ssa,025,15,total_precipitation,2019,10,190.01514369846595
emea,240802,ssa,025,15,total_precipitation,2019,11,124.31841210010671
emea,240802,ssa,025,15,total_precipitation,2019,12,74.590254544227264
emea,240802,ssa,025,15,total_precipitation,2020,1,47.082485406642718
emea,240802,ssa,025,15,total_precipitation,2020,2,30.368293012297897
emea,240802,ssa,025,15,total_precipitation,2020,3,66.754563539672077
emea,240802,ssa,025,15,total_precipitation,2020,4,174.34100845882065
emea,240802,ssa,025,15,total_precipitation,2020,5,93.030573710375421
emea,240802,ssa,025,15,total_precipitation,2020,6,121.16883411142041
emea,240802,ssa,025,15,total_precipitation,2020,7,168.25964468001956
emea,240802,ssa,025,15,total_precipitation,2020,8,113.67464901561806
emea,240802,ssa,025,15,total_precipitation,2020,9,88.467973470394639
emea,240802,ssa,025,15,total_precipitation,2020,10,111.3450909177526
emea,240802,ssa,025,15,total_precipitation,2020,11,69.899757136414664
emea,240802,ssa,025,15,total_precipitation,2020,12,7.8375057406990862
emea,240802,ssa,025,15,total_precipitation,2021,1,5.4930432173080561
emea,240802,ssa,025,15,total_precipitation,2021,2,14.78780322799156
emea,240802,ssa,025,15,total_precipitation,2021,3,14.768602749873637
emea,240802,ssa,025,15,total_precipitation,2021,4,70.941040698604837
emea,240802,ssa,025,15,total_precipitation,2021,5,107.88255452925587
emea,240802,ssa,025,15,total_precipitation,2021,6,9.466401881430258
emea,240802,ssa,025,15,total_precipitation,2021,7,70.1999259210815
emea,240802,ssa,025,15,total_precipitation,2021,8,24.979367480675961
emea,240802,ssa,025,15,total_precipitation,2021,9,62.6152434718225
emea,240802,ssa,025,15,total_precipitation,2021,10,37.527187981012119
emea,240802,ssa,025,15,total_precipitation,2021,11,16.024691670251656
emea,240802,ssa,025,15,total_precipitation,2021,12,7.6022419863973454
emea,240802,ssa,025,15,total_precipitation,2022,1,33.077472482212841
emea,240802,ssa,025,15,total_precipitation,2022,2,3.3408686764944662
emea,240802,ssa,025,15,total_precipitation,2022,3,14.790211997666248
emea,240802,ssa,025,15,total_precipitation,2022,4,105.30229856697534
emea,240802,ssa,025,15,total_precipitation,2022,5,47.367888667632904
emea,240802,ssa,025,15,total_precipitation,2022,6,25.189887946484497
emea,240802,ssa,025,15,total_precipitation,2022,7,35.330540551608
emea,240802,ssa,025,15,total_precipitation,2022,8,69.943589471577
emea,240802,ssa,025,15,total_precipitation,2022,9,40.241283749921124
emea,240802,ssa,025,15,total_precipitation,2022,10,32.38461342629229
emea,240802,ssa,025,15,total_precipitation,2022,11,16.813195045867417
emea,240802,ssa,025,15,total_precipitation,2022,12,12.100162907345464
emea,240802,ssa,025,15,total_precipitation,2023,1,22.888199102897353
emea,240802,ssa,025,15,total_precipitation,2023,2,8.3820454104285034
emea,240802,ssa,025,15,total_precipitation,2023,3,150.94200573704248
emea,240802,ssa,025,15,total_precipitation,2023,4,170.52423461964588
emea,240802,ssa,025,15,total_precipitation,2023,5,84.955506099692883
emea,240802,ssa,025,15,total_precipitation,2023,6,21.81172275044117
emea,240802,ssa,025,15,total_precipitation,2023,7,24.212868329055198
emea,240802,ssa,025,15,total_precipitation,2023,8,19.244014631466726
emea,240802,ssa,025,15,total_precipitation,2023,9,42.823324389711424
emea,240802,ssa,025,15,total_precipitation,2023,10,131.54400960590107
emea,240802,ssa,025,15,total_precipitation,2023,11,158.29737040758141
emea,240802,ssa,025,15,total_precipitation,2023,12,60.816022452357252
emea,240802,ssa,025,16,daylength,,1,689.8304859490197
emea,240802,ssa,025,16,daylength,,2,700.99637663803446
emea,240802,ssa,025,16,daylength,,3,716.18674692865864
emea,240802,ssa,025,16,daylength,,4,732.5856622958828
emea,240802,ssa,025,16,daylength,,5,746.36714820465886
emea,240802,ssa,025,16,daylength,,6,753.31079449868969
emea,240802,ssa,025,16,daylength,,7,750.5568531824124
emea,240802,ssa,025,16,daylength,,8,739.00418929167336
emea,240802,ssa,025,16,daylength,,9,723.269814394425
emea,240802,ssa,025,16,daylength,,10,706.90033633653434
emea,240802,ssa,025,16,daylength,,11,693.272683732019
emea,240802,ssa,025,16,daylength,,12,686.71006876257911
emea,240802,ssa,025,16,elevation,,,1127.3537778493028
emea,240802,ssa,025,16,max_temperature,2014,1,32.706645608519032
emea,240802,ssa,025,16,max_temperature,2014,2,33.431152347172592
emea,240802,ssa,025,16,max_temperature,2014,3,33.762067129994428
emea,240802,ssa,025,16,max_temperature,2014,4,31.876112698897764
emea,240802,ssa,025,16,max_temperature,2014,5,29.549399072840295
emea,240802,ssa,025,16,max_temperature,2014,6,28.461743297961331
emea,240802,ssa,025,16,max_temperature,2014,7,26.632653607950214
emea,240802,ssa,025,16,max_temperature,2014,8,26.068817946079573
emea,240802,ssa,025,16,max_temperature,2014,9,27.260156546213516
emea,240802,ssa,025,16,max_temperature,2014,10,28.007273614594421
emea,240802,ssa,025,16,max_temperature,2014,11,29.515157638367924
emea,240802,ssa,025,16,max_temperature,2014,12,31.173853200352326
emea,240802,ssa,025,16,max_temperature,2015,1,31.507043040290753
emea,240802,ssa,025,16,max_temperature,2015,2,34.8036845220812
emea,240802,ssa,025,16,max_temperature,2015,3,34.899869970923319
emea,240802,ssa,025,16,max_temperature,2015,4,33.827925365649023
emea,240802,ssa,025,16,max_temperature,2015,5,30.589445283829974
emea,240802,ssa,025,16,max_temperature,2015,6,28.766486762490743
emea,240802,ssa,025,16,max_temperature,2015,7,28.417329058900336
emea,240802,ssa,025,16,max_temperature,2015,8,27.950334958955757
emea,240802,ssa,025,16,max_temperature,2015,9,29.43686778369911
emea,240802,ssa,025,16,max_temperature,2015,10,29.918985562616129
emea,240802,ssa,025,16,max_temperature,2015,11,30.233291186180896
emea,240802,ssa,025,16,max_temperature,2015,12,30.766937018053181
emea,240802,ssa,025,16,max_temperature,2016,1,32.742505190494967
emea,240802,ssa,025,16,max_temperature,2016,2,35.13827643802972
emea,240802,ssa,025,16,max_temperature,2016,3,36.441928371130771
emea,240802,ssa,025,16,max_temperature,2016,4,34.360112738444229
emea,240802,ssa,025,16,max_temperature,2016,5,29.727326795106283
emea,240802,ssa,025,16,max_temperature,2016,6,28.652770256722327
emea,240802,ssa,025,16,max_temperature,2016,7,26.506327773133727
emea,240802,ssa,025,16,max_temperature,2016,8,27.273323533031178
emea,240802,ssa,025,16,max_temperature,2016,9,28.854730685727016
emea,240802,ssa,025,16,max_temperature,2016,10,30.242315600139857
emea,240802,ssa,025,16,max_temperature,2016,11,32.208963578326994
emea,240802,ssa,025,16,max_temperature,2016,12,32.441742704910567
emea,240802,ssa,025,16,max_temperature,2017,1,34.0823175142738
emea,240802,ssa,025,16,max_temperature,2017,2,33.533170365807763
emea,240802,ssa,025,16,max_temperature,2017,3,35.658058695191748
emea,240802,ssa,025,16,max_temperature,2017,4,34.455027465257146
emea,240802,ssa,025,16,max_temperature,2017,5,30.271080862028548
emea,240802,ssa,025,16,max_temperature,2017,6,0.0
emea,240802,ssa,025,16,max_temperature,2017,7,26.414904871684787
emea,240802,ssa,025,16,max_temperature,2017,8,26.390398153649421
emea,240802,ssa,025,16,max_temperature,2017,9,27.117699274166146
emea,240802,ssa,025,16,max_temperature,2017,10,29.057992619349065
emea,240802,ssa,025,16,max_temperature,2017,11,30.576828200272839
emea,240802,ssa,025,16,max_temperature,2017,12,32.5874338218928
emea,240802,ssa,025,16,max_temperature,2018,1,32.558499691782323
emea,240802,ssa,025,16,max_temperature,2018,2,34.496148503792782
emea,240802,ssa,025,16,max_temperature,2018,3,34.30775626001968
emea,240802,ssa,025,16,max_temperature,2018,4,33.431564539335753
emea,240802,ssa,025,16,max_temperature,2018,5,30.847915937827569
emea,240802,ssa,025,16,max_temperature,2018,6,27.157460589370714
emea,240802,ssa,025,16,max_temperature,2018,7,26.67978429416976
emea,240802,ssa,025,16,max_temperature,2018,8,26.420213509596152
emea,240802,ssa,025,16,max_temperature,2018,9,28.340843174629434
emea,240802,ssa,025,16,max_temperature,2018,10,29.687175286685306
emea,240802,ssa,025,16,max_temperature,2018,11,31.21448150056834
emea,240802,ssa,025,16,max_temperature,2018,12,32.28382225719718
emea,240802,ssa,025,16,max_temperature,2019,1,34.288219814896451
emea,240802,ssa,025,16,max_temperature,2019,2,34.962306522690028
emea,240802,ssa,025,16,max_temperature,2019,3,0.0
emea,240802,ssa,025,16,max_temperature,2019,4,34.610488310766506
emea,240802,ssa,025,16,max_temperature,2019,5,31.204281008910051
emea,240802,ssa,025,16,max_temperature,2019,6,26.960740665336658
emea,240802,ssa,025,16,max_temperature,2019,7,26.180414760881931
emea,240802,ssa,025,16,max_temperature,2019,8,26.302021152953049
emea,240802,ssa,025,16,max_temperature,2019,9,27.467777135463244
emea,240802,ssa,025,16,max_temperature,2019,10,27.683071899325022
emea,240802,ssa,025,16,max_temperature,2019,11,29.011911495455184
emea,240802,ssa,025,16,max_temperature,2019,12,30.430053659419297
emea,240802,ssa,025,16,max_temperature,2020,1,31.364771829674083
emea,240802,ssa,025,16,max_temperature,2020,2,33.309714942366689
emea,240802,ssa,025,16,max_temperature,2020,3,34.823461924724214
emea,240802,ssa,025,16,max_temperature,2020,4,36.770740025038904
emea,240802,ssa,025,16,max_temperature,2020,5,30.915210903830648
emea,240802,ssa,025,16,max_temperature,2020,6,28.530747265378171
emea,240802,ssa,025,16,max_temperature,2020,7,25.080916574132676
emea,240802,ssa,025,16,max_temperature,2020,8,25.650776516398547
emea,240802,ssa,025,16,max_temperature,2020,9,26.919652924417367
emea,240802,ssa,025,16,max_temperature,2020,10,28.9139864430678
emea,240802,ssa,025,16,max_temperature,2020,11,30.428825614637663
emea,240802,ssa,025,16,max_temperature,2020,12,31.695163071262762
emea,240802,ssa,025,16,max_temperature,2021,1,31.873361917707104
emea,240802,ssa,025,16,max_temperature,2021,2,33.278680073716032
emea,240802,ssa,025,16,max_temperature,2021,3,34.506379757340845
emea,240802,ssa,025,16,max_temperature,2021,4,34.545974069844405
emea,240802,ssa,025,16,max_temperature,2021,5,29.664375818675854
emea,240802,ssa,025,16,max_temperature,2021,6,29.427104735065214
emea,240802,ssa,025,16,max_temperature,2021,7,25.113419225326137
emea,240802,ssa,025,16,max_temperature,2021,8,26.716335235698349
emea,240802,ssa,025,16,max_temperature,2021,9,26.997671998467535
emea,240802,ssa,025,16,max_temperature,2021,10,29.407642613408342
emea,240802,ssa,025,16,max_temperature,2021,11,30.983149742664942
emea,240802,ssa,025,16,max_temperature,2021,12,31.900193930756451
emea,240802,ssa,025,16,max_temperature,2022,1,32.177781762406518
emea,240802,ssa,025,16,max_temperature,2022,2,33.478203678557207
emea,240802,ssa,025,16,max_temperature,2022,3,35.411402971626671
emea,240802,ssa,025,16,max_temperature,2022,4,33.693445191726674
emea,240802,ssa,025,16,max_temperature,2022,5,32.265384324512191
emea,240802,ssa,025,16,max_temperature,2022,6,29.129354060121845
emea,240802,ssa,025,16,max_temperature,2022,7,25.211982922833194
emea,240802,ssa,025,16,max_temperature,2022,8,25.292956769743775
emea,240802,ssa,025,16,max_temperature,2022,9,26.574727070397113
emea,240802,ssa,025,16,max_temperature,2022,10,28.421230180256224
emea,240802,ssa,025,16,max_temperature,2022,11,30.057373718122122
emea,240802,ssa,025,16,max_temperature,2022,12,30.594441555648075
emea,240802,ssa,025,16,max_temperature,2023,1,31.759703903903247
emea,240802,ssa,025,16,max_temperature,2023,2,34.317589916197051
emea,240802,ssa,025,16,max_temperature,2023,3,33.927408334665643
emea,240802,ssa,025,16,max_temperature,2023,4,34.456326968475125
emea,240802,ssa,025,16,max_temperature,2023,5,32.606339298021418
emea,240802,ssa,025,16,max_temperature,2023,6,29.393581654954811
emea,240802,ssa,025,16,max_temperature,2023,7,28.211960609173314
emea,240802,ssa,025,16,max_temperature,2023,8,27.959032576543738
emea,240802,ssa,025,16,max_temperature,2023,9,28.794108752190702
emea,240802,ssa,025,16,max_temperature,2023,10,30.24318252381358
emea,240802,ssa,025,16,max_temperature,2023,11,29.607214535783751
emea,240802,ssa,025,16,max_temperature,2023,12,31.78834346242148
emea,240802,ssa,025,16,temp_range,2014,1,14.245563084866877
emea,240802,ssa,025,16,temp_range,2014,2,14.952768527034799
emea,240802,ssa,025,16,temp_range,2014,3,12.360835011629367
emea,240802,ssa,025,16,temp_range,2014,4,10.769990665456186
emea,240802,ssa,025,16,temp_range,2014,5,9.2384699936938777
emea,240802,ssa,025,16,temp_range,2014,6,8.9261089165100334
emea,240802,ssa,025,16,temp_range,2014,7,7.6203829897954627
emea,240802,ssa,025,16,temp_range,2014,8,7.8813143976750419
emea,240802,ssa,025,16,temp_range,2014,9,8.6274960017333377
emea,240802,ssa,025,16,temp_range,2014,10,9.1273556801979048
emea,240802,ssa,025,16,temp_range,2014,11,10.854860275037755
emea,240802,ssa,025,16,temp_range,2014,12,12.759492413519057
emea,240802,ssa,025,16,temp_range,2015,1,14.823032465411064
emea,240802,ssa,025,16,temp_range,2015,2,14.612323567411519
emea,240802,ssa,025,16,temp_range,2015,3,12.555907364405735
emea,240802,ssa,025,16,temp_range,2015,4,12.135762579615626
emea,240802,ssa,025,16,temp_range,2015,5,9.8131749520921083
emea,240802,ssa,025,16,temp_range,2015,6,9.0366333338438647
emea,240802,ssa,025,16,temp_range,2015,7,8.6338832979505664
emea,240802,ssa,025,16,temp_range,2015,8,8.53733585346451
emea,240802,ssa,025,16,temp_range,2015,9,9.6193214519578767
emea,240802,ssa,025,16,temp_range,2015,10,10.011590259261581
emea,240802,ssa,025,16,temp_range,2015,11,10.481359596456148
emea,240802,ssa,025,16,temp_range,2015,12,11.642607527407781
emea,240802,ssa,025,16,temp_range,2016,1,13.750531355826666
emea,240802,ssa,025,16,temp_range,2016,2,14.123986882303658
emea,240802,ssa,025,16,temp_range,2016,3,12.921340411557637
emea,240802,ssa,025,16,temp_range,2016,4,11.318633971867259
emea,240802,ssa,025,16,temp_range,2016,5,9.0668181975622666
emea,240802,ssa,025,16,temp_range,2016,6,8.739703674883323
emea,240802,ssa,025,16,temp_range,2016,7,7.5115262665565865
emea,240802,ssa,025,16,temp_range,2016,8,8.2366778647096321
emea,240802,ssa,025,16,temp_range,2016,9,9.40385327402661
emea,240802,ssa,025,16,temp_range,2016,10,10.775467220342948
emea,240802,ssa,025,16,temp_range,2016,11,13.452000404929084
emea,240802,ssa,025,16,temp_range,2016,12,13.931948566333837
emea,240802,ssa,025,16,temp_range,2017,1,15.775984875178565
emea,240802,ssa,025,16,temp_range,2017,2,13.031280710910972
emea,240802,ssa,025,16,temp_range,2017,3,13.246954620255181
emea,240802,ssa,025,16,temp_range,2017,4,11.715828451794833
emea,240802,ssa,025,16,temp_range,2017,5,9.52460355394745
emea,240802,ssa,025,16,temp_range,2017,6,0.0
emea,240802,ssa,025,16,temp_range,2017,7,7.4608499705740225
emea,240802,ssa,025,16,temp_range,2017,8,7.645345884920923
emea,240802,ssa,025,16,temp_range,2017,9,8.3015991786421885
emea,240802,ssa,025,16,temp_range,2017,10,9.537245726082066
emea,240802,ssa,025,16,temp_range,2017,11,11.145366865680426
emea,240802,ssa,025,16,temp_range,2017,12,13.706910714874521
emea,240802,ssa,025,16,temp_range,2018,1,13.775584209721819
emea,240802,ssa,025,16,temp_range,2018,2,13.106756576222466
emea,240802,ssa,025,16,temp_range,2018,3,13.571958164982954
emea,240802,ssa,025,16,temp_range,2018,4,12.322931246462428
emea,240802,ssa,025,16,temp_range,2018,5,10.158822708607444
emea,240802,ssa,025,16,temp_range,2018,6,8.2301006391031155
emea,240802,ssa,025,16,temp_range,2018,7,7.9765738991991961
emea,240802,ssa,025,16,temp_range,2018,8,7.9612704425707808
emea,240802,ssa,025,16,temp_range,2018,9,9.7098278254238366
emea,240802,ssa,025,16,temp_range,2018,10,10.616241192724068
emea,240802,ssa,025,16,temp_range,2018,11,11.664428011323931
emea,240802,ssa,025,16,temp_range,2018,12,12.973231925913021
emea,240802,ssa,025,16,temp_range,2019,1,15.262571879478921
emea,240802,ssa,025,16,temp_range,2019,2,13.942053808774507
emea,240802,ssa,025,16,temp_range,2019,3,0.0
emea,240802,ssa,025,16,temp_range,2019,4,11.530667875351552
emea,240802,ssa,025,16,temp_range,2019,5,9.67646211297592
emea,240802,ssa,025,16,temp_range,2019,6,7.5470202654680136
emea,240802,ssa,025,16,temp_range,2019,7,7.5832563984074923
emea,240802,ssa,025,16,temp_range,2019,8,7.5955941217517413
emea,240802,ssa,025,16,temp_range,2019,9,8.37271397360671
emea,240802,ssa,025,16,temp_range,2019,10,9.06581320016395
emea,240802,ssa,025,16,temp_range,2019,11,9.8504591884883581
emea,240802,ssa,025,16,temp_range,2019,12,11.661698651009889
emea,240802,ssa,025,16,temp_range,2020,1,14.151317959093312
emea,240802,ssa,025,16,temp_range,2020,2,13.637705983643277
emea,240802,ssa,025,16,temp_range,2020,3,13.828541178603855
emea,240802,ssa,025,16,temp_range,2020,4,14.220323139005924
emea,240802,ssa,025,16,temp_range,2020,5,9.6406341424290023
emea,240802,ssa,025,16,temp_range,2020,6,8.8817312538564117
emea,240802,ssa,025,16,temp_range,2020,7,6.4171050720322231
emea,240802,ssa,025,16,temp_range,2020,8,6.7767207922298169
emea,240802,ssa,025,16,temp_range,2020,9,8.33238018987035
emea,240802,ssa,025,16,temp_range,2020,10,10.033542173988005
emea,240802,ssa,025,16,temp_range,2020,11,12.239333110436064
emea,240802,ssa,025,16,temp_range,2020,12,13.48278399071395
emea,240802,ssa,025,16,temp_range,2021,1,13.079079775463724
emea,240802,ssa,025,16,temp_range,2021,2,13.729246333787707
emea,240802,ssa,025,16,temp_range,2021,3,12.339964774224361
emea,240802,ssa,025,16,temp_range,2021,4,12.01437967869818
emea,240802,ssa,025,16,temp_range,2021,5,9.3417881149312549
emea,240802,ssa,025,16,temp_range,2021,6,9.7351537568769455
emea,240802,ssa,025,16,temp_range,2021,7,6.8280440843964927
emea,240802,ssa,025,16,temp_range,2021,8,8.31072762295924
emea,240802,ssa,025,16,temp_range,2021,9,8.3679556315422712
emea,240802,ssa,025,16,temp_range,2021,10,10.387137605103383
emea,240802,ssa,025,16,temp_range,2021,11,11.781395794786768
emea,240802,ssa,025,16,temp_range,2021,12,12.810051790679958
emea,240802,ssa,025,16,temp_range,2022,1,13.207618806878068
emea,240802,ssa,025,16,temp_range,2022,2,14.194679593127351
emea,240802,ssa,025,16,temp_range,2022,3,13.361001052567792
emea,240802,ssa,025,16,temp_range,2022,4,11.775295007223294
emea,240802,ssa,025,16,temp_range,2022,5,10.706678419829915
emea,240802,ssa,025,16,temp_range,2022,6,9.1007034986816464
emea,240802,ssa,025,16,temp_range,2022,7,6.36185932708805
emea,240802,ssa,025,16,temp_range,2022,8,6.7412018909161775
emea,240802,ssa,025,16,temp_range,2022,9,8.139682083715023
emea,240802,ssa,025,16,temp_range,2022,10,9.6232009551421918
emea,240802,ssa,025,16,temp_range,2022,11,11.171699782492034
emea,240802,ssa,025,16,temp_range,2022,12,12.10838417658978
emea,240802,ssa,025,16,temp_range,2023,1,13.193966402439541
emea,240802,ssa,025,16,temp_range,2023,2,14.376208065816972
emea,240802,ssa,025,16,temp_range,2023,3,13.397901096662737
emea,240802,ssa,025,16,temp_range,2023,4,12.071114890760084
emea,240802,ssa,025,16,temp_range,2023,5,10.48157875957938
emea,240802,ssa,025,16,temp_range,2023,6,8.9424626736483983
emea,240802,ssa,025,16,temp_range,2023,7,8.4005048746440387
emea,240802,ssa,025,16,temp_range,2023,8,8.3868572233837817
emea,240802,ssa,025,16,temp_range,2023,9,8.90391271436963
emea,240802,ssa,025,16,temp_range,2023,10,9.8894918860707026
emea,240802,ssa,025,16,temp_range,2023,11,9.5141156968743612
emea,240802,ssa,025,16,temp_range,2023,12,12.645422034023769
emea,240802,ssa,025,16,total_precipitation,2014,1,2.8846759420008254
emea,240802,ssa,025,16,total_precipitation,2014,2,5.0492751517015648
emea,240802,ssa,025,16,total_precipitation,2014,3,64.582253732559508
emea,240802,ssa,025,16,total_precipitation,2014,4,144.49294041469645
emea,240802,ssa,025,16,total_precipitation,2014,5,240.71456966142074
emea,240802,ssa,025,16,total_precipitation,2014,6,258.51821414375894
emea,240802,ssa,025,16,total_precipitation,2014,7,301.44712567960585
emea,240802,ssa,025,16,total_precipitation,2014,8,284.91326451888904
emea,240802,ssa,025,16,total_precipitation,2014,9,266.60061439679987
emea,240802,ssa,025,16,total_precipitation,2014,10,271.0657310205699
emea,240802,ssa,025,16,total_precipitation,2014,11,40.809633688088795
emea,240802,ssa,025,16,total_precipitation,2014,12,5.2571315599895172
emea,240802,ssa,025,16,total_precipitation,2015,1,0.620492760036143
emea,240802,ssa,025,16,total_precipitation,2015,2,2.0770567837302991
emea,240802,ssa,025,16,total_precipitation,2015,3,33.601009762337007
emea,240802,ssa,025,16,total_precipitation,2015,4,46.905927193061743
emea,240802,ssa,025,16,total_precipitation,2015,5,194.33386721472709
emea,240802,ssa,025,16,total_precipitation,2015,6,229.71552526087851
emea,240802,ssa,025,16,total_precipitation,2015,7,240.20659150020398
emea,240802,ssa,025,16,total_precipitation,2015,8,246.45437992230444
emea,240802,ssa,025,16,total_precipitation,2015,9,178.65532446781393
emea,240802,ssa,025,16,total_precipitation,2015,10,208.59907822048427
emea,240802,ssa,025,16,total_precipitation,2015,11,71.382976126910592
emea,240802,ssa,025,16,total_precipitation,2015,12,26.108770897923151
emea,240802,ssa,025,16,total_precipitation,2016,1,2.1966620525061131
emea,240802,ssa,025,16,total_precipitation,2016,2,1.920838330928575
emea,240802,ssa,025,16,total_precipitation,2016,3,22.429408001741365
emea,240802,ssa,025,16,total_precipitation,2016,4,89.579543568543542
emea,240802,ssa,025,16,total_precipitation,2016,5,257.75638935586323
emea,240802,ssa,025,16,total_precipitation,2016,6,211.9039070197818
emea,240802,ssa,025,16,total_precipitation,2016,7,245.52507472159979
emea,240802,ssa,025,16,total_precipitation,2016,8,231.49655064729006
emea,240802,ssa,025,16,total_precipitation,2016,9,222.18817756266111
emea,240802,ssa,025,16,total_precipitation,2016,10,125.02370781151205
emea,240802,ssa,025,16,total_precipitation,2016,11,15.609200804825505
emea,240802,ssa,025,16,total_precipitation,2016,12,3.8419112860024
emea,240802,ssa,025,16,total_precipitation,2017,1,0.39522824170288118
emea,240802,ssa,025,16,total_precipitation,2017,2,20.052756023675613
emea,240802,ssa,025,16,total_precipitation,2017,3,15.342732050643704
emea,240802,ssa,025,16,total_precipitation,2017,4,83.865950599826675
emea,240802,ssa,025,16,total_precipitation,2017,5,229.43188520833127
emea,240802,ssa,025,16,total_precipitation,2017,6,0.0
emea,240802,ssa,025,16,total_precipitation,2017,7,266.03825406847704
emea,240802,ssa,025,16,total_precipitation,2017,8,261.16207669232858
emea,240802,ssa,025,16,total_precipitation,2017,9,282.3103136277266
emea,240802,ssa,025,16,total_precipitation,2017,10,193.8826183743443
emea,240802,ssa,025,16,total_precipitation,2017,11,29.150436999455387
emea,240802,ssa,025,16,total_precipitation,2017,12,1.2952866499994826
emea,240802,ssa,025,16,total_precipitation,2018,1,0.818672659264621
emea,240802,ssa,025,16,total_precipitation,2018,2,13.126948744149743
emea,240802,ssa,025,16,total_precipitation,2018,3,39.256505637758131
emea,240802,ssa,025,16,total_precipitation,2018,4,59.184316582318736
emea,240802,ssa,025,16,total_precipitation,2018,5,192.96614339723345
emea,240802,ssa,025,16,total_precipitation,2018,6,257.25481653208817
emea,240802,ssa,025,16,total_precipitation,2018,7,202.03224438145622
emea,240802,ssa,025,16,total_precipitation,2018,8,294.14274113204772
emea,240802,ssa,025,16,total_precipitation,2018,9,202.06265771378912
emea,240802,ssa,025,16,total_precipitation,2018,10,164.93887160578078
emea,240802,ssa,025,16,total_precipitation,2018,11,53.630615130753917
emea,240802,ssa,025,16,total_precipitation,2018,12,13.386541268675145
emea,240802,ssa,025,16,total_precipitation,2019,1,1.3060378896444576
emea,240802,ssa,025,16,total_precipitation,2019,2,8.94361303782658
emea,240802,ssa,025,16,total_precipitation,2019,3,0.0
emea,240802,ssa,025,16,total_precipitation,2019,4,57.929491080349706
emea,240802,ssa,025,16,total_precipitation,2019,5,172.4976268984538
emea,240802,ssa,025,16,total_precipitation,2019,6,308.64891872727861
emea,240802,ssa,025,16,total_precipitation,2019,7,279.61807208573271
emea,240802,ssa,025,16,total_precipitation,2019,8,254.34248944720056
emea,240802,ssa,025,16,total_precipitation,2019,9,257.63267860961042
emea,240802,ssa,025,16,total_precipitation,2019,10,310.33923520865596
emea,240802,ssa,025,16,total_precipitation,2019,11,102.77325682546152
emea,240802,ssa,025,16,total_precipitation,2019,12,26.895041477116607
emea,240802,ssa,025,16,total_precipitation,2020,1,7.0352096831116882
emea,240802,ssa,025,16,total_precipitation,2020,2,10.24904588923529
emea,240802,ssa,025,16,total_precipitation,2020,3,11.998267346984193
emea,240802,ssa,025,16,total_precipitation,2020,4,12.508822808498934
emea,240802,ssa,025,16,total_precipitation,2020,5,155.3471272203451
emea,240802,ssa,025,16,total_precipitation,2020,6,207.81926971115035
emea,240802,ssa,025,16,total_precipitation,2020,7,258.11705517357279
emea,240802,ssa,025,16,total_precipitation,2020,8,304.65640246049645
emea,240802,ssa,025,16,total_precipitation,2020,9,299.8207378643292
emea,240802,ssa,025,16,total_precipitation,2020,10,207.51564083017922
emea,240802,ssa,025,16,total_precipitation,2020,11,21.954460624464616
emea,240802,ssa,025,16,total_precipitation,2020,12,3.6272081093374311
emea,240802,ssa,025,16,total_precipitation,2021,1,2.6579695947810649
emea,240802,ssa,025,16,total_precipitation,2021,2,1.7244426272173285
emea,240802,ssa,025,16,total_precipitation,2021,3,20.780237191219989
emea,240802,ssa,025,16,total_precipitation,2021,4,73.260849743802339
emea,240802,ssa,025,16,total_precipitation,2021,5,195.19868794614416
emea,240802,ssa,025,16,total_precipitation,2021,6,173.77988669264442
emea,240802,ssa,025,16,total_precipitation,2021,7,256.09780777099371
emea,240802,ssa,025,16,total_precipitation,2021,8,201.978579630563
emea,240802,ssa,025,16,total_precipitation,2021,9,293.77869748725129
emea,240802,ssa,025,16,total_precipitation,2021,10,126.81081628123489
emea,240802,ssa,025,16,total_precipitation,2021,11,29.150674144741991
emea,240802,ssa,025,16,total_precipitation,2021,12,7.2532411450747816
emea,240802,ssa,025,16,total_precipitation,2022,1,5.1076830948115912
emea,240802,ssa,025,16,total_precipitation,2022,2,3.9297907468608742
emea,240802,ssa,025,16,total_precipitation,2022,3,8.1597451202305535
emea,240802,ssa,025,16,total_precipitation,2022,4,87.368346523231111
emea,240802,ssa,025,16,total_precipitation,2022,5,82.4053606090275
emea,240802,ssa,025,16,total_precipitation,2022,6,179.42627995909143
emea,240802,ssa,025,16,total_precipitation,2022,7,271.17144482195249
emea,240802,ssa,025,16,total_precipitation,2022,8,314.13743653862662
emea,240802,ssa,025,16,total_precipitation,2022,9,286.66524097426043
emea,240802,ssa,025,16,total_precipitation,2022,10,209.85328920006702
emea,240802,ssa,025,16,total_precipitation,2022,11,27.135256795054488
emea,240802,ssa,025,16,total_precipitation,2022,12,11.873460033056972
emea,240802,ssa,025,16,total_precipitation,2023,1,208.26026099763783
emea,240802,ssa,025,16,total_precipitation,2023,2,172.77165440584514
emea,240802,ssa,025,16,total_precipitation,2023,3,160.63472682595079
emea,240802,ssa,025,16,total_precipitation,2023,4,279.04152309260644
emea,240802,ssa,025,16,total_precipitation,2023,5,330.46459045533487
emea,240802,ssa,025,16,total_precipitation,2023,6,184.2807905493637
emea,240802,ssa,025,16,total_precipitation,2023,7,182.39227719993096
emea,240802,ssa,025,16,total_precipitation,2023,8,204.06813244068968
emea,240802,ssa,025,16,total_precipitation,2023,9,236.65970700027447
emea,240802,ssa,025,16,total_precipitation,2023,10,183.40311081755135
emea,240802,ssa,025,16,total_precipitation,2023,11,128.03762336608779
emea,240802,ssa,025,16,total_precipitation,2023,12,40.226280700354828
emea,240802,ssa,025,17,daylength,,1,679.453288943254
emea,240802,ssa,025,17,daylength,,2,694.46870614917077
emea,240802,ssa,025,17,daylength,,3,714.87803030612554
emea,240802,ssa,025,17,daylength,,4,736.90662432213833
emea,240802,ssa,025,17,daylength,,5,755.4316441491294
emea,240802,ssa,025,17,daylength,,6,764.77414253838708
emea,240802,ssa,025,17,daylength,,7,761.06789327212266
emea,240802,ssa,025,17,daylength,,8,745.53205186277785
emea,240802,ssa,025,17,daylength,,9,724.39201165742429
emea,240802,ssa,025,17,daylength,,10,702.402760845776
emea,240802,ssa,025,17,daylength,,11,684.08393205606944
emea,240802,ssa,025,17,daylength,,12,675.25393999134178
emea,240802,ssa,025,17,elevation,,,1023.6933194106221
emea,240802,ssa,025,17,max_temperature,2014,1,33.574266889459906
emea,240802,ssa,025,17,max_temperature,2014,2,34.440939061669937
emea,240802,ssa,025,17,max_temperature,2014,3,36.17810949763863
emea,240802,ssa,025,17,max_temperature,2014,4,35.795009675750876
emea,240802,ssa,025,17,max_temperature,2014,5,33.378938462251092
emea,240802,ssa,025,17,max_temperature,2014,6,32.354366805103808
emea,240802,ssa,025,17,max_temperature,2014,7,28.720839103515416
emea,240802,ssa,025,17,max_temperature,2014,8,26.58843326889945
emea,240802,ssa,025,17,max_temperature,2014,9,28.074664290406503
emea,240802,ssa,025,17,max_temperature,2014,10,29.478147260118487
emea,240802,ssa,025,17,max_temperature,2014,11,31.864324295918642
emea,240802,ssa,025,17,max_temperature,2014,12,32.372602366528767
emea,240802,ssa,025,17,max_temperature,2015,1,32.300492192268408
emea,240802,ssa,025,17,max_temperature,2015,2,36.142232012323973
emea,240802,ssa,025,17,max_temperature,2015,3,37.429876010792221
emea,240802,ssa,025,17,max_temperature,2015,4,37.5538683248234
emea,240802,ssa,025,17,max_temperature,2015,5,35.296136986079617
emea,240802,ssa,025,17,max_temperature,2015,6,32.810037952343791
emea,240802,ssa,025,17,max_temperature,2015,7,31.204901716438464
emea,240802,ssa,025,17,max_temperature,2015,8,28.861300307728765
emea,240802,ssa,025,17,max_temperature,2015,9,30.345237708529879
emea,240802,ssa,025,17,max_temperature,2015,10,33.104992016381068
emea,240802,ssa,025,17,max_temperature,2015,11,33.917757831927453
emea,240802,ssa,025,17,max_temperature,2015,12,32.472013018470449
emea,240802,ssa,025,17,max_temperature,2016,1,33.583679196915028
emea,240802,ssa,025,17,max_temperature,2016,2,36.063072534856232
emea,240802,ssa,025,17,max_temperature,2016,3,39.221269708513077
emea,240802,ssa,025,17,max_temperature,2016,4,38.178897359061594
emea,240802,ssa,025,17,max_temperature,2016,5,34.148622435624695
emea,240802,ssa,025,17,max_temperature,2016,6,32.978018358168342
emea,240802,ssa,025,17,max_temperature,2016,7,27.516814937875971
emea,240802,ssa,025,17,max_temperature,2016,8,27.534405646288182
emea,240802,ssa,025,17,max_temperature,2016,9,30.059605254081685
emea,240802,ssa,025,17,max_temperature,2016,10,32.603618944843909
emea,240802,ssa,025,17,max_temperature,2016,11,34.797743761522021
emea,240802,ssa,025,17,max_temperature,2016,12,34.469947836492004
emea,240802,ssa,025,17,max_temperature,2017,1,35.395193150524747
emea,240802,ssa,025,17,max_temperature,2017,2,34.730383995808992
emea,240802,ssa,025,17,max_temperature,2017,3,37.252079243835354
emea,240802,ssa,025,17,max_temperature,2017,4,38.043286860078233
emea,240802,ssa,025,17,max_temperature,2017,5,33.125871431440721
emea,240802,ssa,025,17,max_temperature,2017,6,12.484947207439959
emea,240802,ssa,025,17,max_temperature,2017,7,29.023299626467445
emea,240802,ssa,025,17,max_temperature,2017,8,27.519894078196337
emea,240802,ssa,025,17,max_temperature,2017,9,28.986358925414745
emea,240802,ssa,025,17,max_temperature,2017,10,32.68082348903372
emea,240802,ssa,025,17,max_temperature,2017,11,33.942347692267319
emea,240802,ssa,025,17,max_temperature,2017,12,34.05103132912307
emea,240802,ssa,025,17,max_temperature,2018,1,33.05692529511613
emea,240802,ssa,025,17,max_temperature,2018,2,37.077533118996577
emea,240802,ssa,025,17,max_temperature,2018,3,36.931634359380745
emea,240802,ssa,025,17,max_temperature,2018,4,37.540755045225083
emea,240802,ssa,025,17,max_temperature,2018,5,36.182058144157111
emea,240802,ssa,025,17,max_temperature,2018,6,30.95654818843407
emea,240802,ssa,025,17,max_temperature,2018,7,28.59824371820001
emea,240802,ssa,025,17,max_temperature,2018,8,26.700705833221271
emea,240802,ssa,025,17,max_temperature,2018,9,28.667110695382007
emea,240802,ssa,025,17,max_temperature,2018,10,31.56578974762154
emea,240802,ssa,025,17,max_temperature,2018,11,33.872134602110592
emea,240802,ssa,025,17,max_temperature,2018,12,33.864507325410628
emea,240802,ssa,025,17,max_temperature,2019,1,36.020712532832476
emea,240802,ssa,025,17,max_temperature,2019,2,36.569539108216354
emea,240802,ssa,025,17,max_temperature,2019,3,14.828685751282407
emea,240802,ssa,025,17,max_temperature,2019,4,38.426591867190005
emea,240802,ssa,025,17,max_temperature,2019,5,35.864479429737351
emea,240802,ssa,025,17,max_temperature,2019,6,28.949907087411056
emea,240802,ssa,025,17,max_temperature,2019,7,27.9988957069402
emea,240802,ssa,025,17,max_temperature,2019,8,27.101536895153231
emea,240802,ssa,025,17,max_temperature,2019,9,28.418620017277426
emea,240802,ssa,025,17,max_temperature,2019,10,29.11413113436657
emea,240802,ssa,025,17,max_temperature,2019,11,32.027755150392572
emea,240802,ssa,025,17,max_temperature,2019,12,32.90711841278668
emea,240802,ssa,025,17,max_temperature,2020,1,32.159882615495356
emea,240802,ssa,025,17,max_temperature,2020,2,34.911717347098843
emea,240802,ssa,025,17,max_temperature,2020,3,36.663367208346486
emea,240802,ssa,025,17,max_temperature,2020,4,39.435632103677477
emea,240802,ssa,025,17,max_temperature,2020,5,35.487953127637716
emea,240802,ssa,025,17,max_temperature,2020,6,33.1040671183287
emea,240802,ssa,025,17,max_temperature,2020,7,27.943542365035288
emea,240802,ssa,025,17,max_temperature,2020,8,26.600050157140576
emea,240802,ssa,025,17,max_temperature,2020,9,28.793729536836622
emea,240802,ssa,025,17,max_temperature,2020,10,31.85857797682808
emea,240802,ssa,025,17,max_temperature,2020,11,33.849068281612752
emea,240802,ssa,025,17,max_temperature,2020,12,34.591142507839315
emea,240802,ssa,025,17,max_temperature,2021,1,33.652986572790596
emea,240802,ssa,025,17,max_temperature,2021,2,34.185553598116563
emea,240802,ssa,025,17,max_temperature,2021,3,37.309091421674076
emea,240802,ssa,025,17,max_temperature,2021,4,37.362755676248774
emea,240802,ssa,025,17,max_temperature,2021,5,34.368532084853172
emea,240802,ssa,025,17,max_temperature,2021,6,34.318066720440534
emea,240802,ssa,025,17,max_temperature,2021,7,27.809902521219122
emea,240802,ssa,025,17,max_temperature,2021,8,28.062148852690328
emea,240802,ssa,025,17,max_temperature,2021,9,29.348717748615943
emea,240802,ssa,025,17,max_temperature,2021,10,32.567438898901507
emea,240802,ssa,025,17,max_temperature,2021,11,34.028869353566314
emea,240802,ssa,025,17,max_temperature,2021,12,33.82649643755628
emea,240802,ssa,025,17,max_temperature,2022,1,33.720314005485776
emea,240802,ssa,025,17,max_temperature,2022,2,34.776071024795343
emea,240802,ssa,025,17,max_temperature,2022,3,38.108253556576052
emea,240802,ssa,025,17,max_temperature,2022,4,37.952478802075731
emea,240802,ssa,025,17,max_temperature,2022,5,37.231284321056251
emea,240802,ssa,025,17,max_temperature,2022,6,34.095397452956504
emea,240802,ssa,025,17,max_temperature,2022,7,26.218503970240956
emea,240802,ssa,025,17,max_temperature,2022,8,25.90924793880561
emea,240802,ssa,025,17,max_temperature,2022,9,27.952531669550272
emea,240802,ssa,025,17,max_temperature,2022,10,31.049598348779828
emea,240802,ssa,025,17,max_temperature,2022,11,33.285549632223045
emea,240802,ssa,025,17,max_temperature,2022,12,32.578265743739216
emea,240802,ssa,025,17,max_temperature,2023,1,33.3525156706324
emea,240802,ssa,025,17,max_temperature,2023,2,36.087245704200846
emea,240802,ssa,025,17,max_temperature,2023,3,36.460052654590896
emea,240802,ssa,025,17,max_temperature,2023,4,38.262492068422851
emea,240802,ssa,025,17,max_temperature,2023,5,37.989003982099774
emea,240802,ssa,025,17,max_temperature,2023,6,33.414080991565761
emea,240802,ssa,025,17,max_temperature,2023,7,33.30116959779803
emea,240802,ssa,025,17,max_temperature,2023,8,30.165057209684267
emea,240802,ssa,025,17,max_temperature,2023,9,32.887121971389575
emea,240802,ssa,025,17,max_temperature,2023,10,33.616169836781268
emea,240802,ssa,025,17,max_temperature,2023,11,34.332881750887914
emea,240802,ssa,025,17,max_temperature,2023,12,33.97386387009611
emea,240802,ssa,025,17,temp_range,2014,1,15.71059552341811
emea,240802,ssa,025,17,temp_range,2014,2,16.288368791994976
emea,240802,ssa,025,17,temp_range,2014,3,14.158797185422632
emea,240802,ssa,025,17,temp_range,2014,4,13.074792373888934
emea,240802,ssa,025,17,temp_range,2014,5,11.374366796124717
emea,240802,ssa,025,17,temp_range,2014,6,10.937122232588132
emea,240802,ssa,025,17,temp_range,2014,7,8.5199781532113548
emea,240802,ssa,025,17,temp_range,2014,8,7.5757849728499824
emea,240802,ssa,025,17,temp_range,2014,9,9.0303496877023335
emea,240802,ssa,025,17,temp_range,2014,10,9.9873152995031056
emea,240802,ssa,025,17,temp_range,2014,11,13.046673920078966
emea,240802,ssa,025,17,temp_range,2014,12,14.555637023992002
emea,240802,ssa,025,17,temp_range,2015,1,15.753819116889643
emea,240802,ssa,025,17,temp_range,2015,2,16.506751613295517
emea,240802,ssa,025,17,temp_range,2015,3,14.540009459103903
emea,240802,ssa,025,17,temp_range,2015,4,13.859620181459867
emea,240802,ssa,025,17,temp_range,2015,5,11.635804661761529
emea,240802,ssa,025,17,temp_range,2015,6,11.193145251320434
emea,240802,ssa,025,17,temp_range,2015,7,10.185226454605452
emea,240802,ssa,025,17,temp_range,2015,8,8.94089177214578
emea,240802,ssa,025,17,temp_range,2015,9,10.250379829168942
emea,240802,ssa,025,17,temp_range,2015,10,11.693370392837588
emea,240802,ssa,025,17,temp_range,2015,11,12.69136535743597
emea,240802,ssa,025,17,temp_range,2015,12,12.733815712210452
emea,240802,ssa,025,17,temp_range,2016,1,15.302510592595976
emea,240802,ssa,025,17,temp_range,2016,2,16.027374054737436
emea,240802,ssa,025,17,temp_range,2016,3,15.73677282103602
emea,240802,ssa,025,17,temp_range,2016,4,13.992914117943368
emea,240802,ssa,025,17,temp_range,2016,5,11.367819823830704
emea,240802,ssa,025,17,temp_range,2016,6,11.343563011495684
emea,240802,ssa,025,17,temp_range,2016,7,7.827703441912818
emea,240802,ssa,025,17,temp_range,2016,8,8.0258869702446241
emea,240802,ssa,025,17,temp_range,2016,9,10.117745349299936
emea,240802,ssa,025,17,temp_range,2016,10,12.245200986678638
emea,240802,ssa,025,17,temp_range,2016,11,16.080532155940404
emea,240802,ssa,025,17,temp_range,2016,12,15.971759763118978
emea,240802,ssa,025,17,temp_range,2017,1,17.424861512248782
emea,240802,ssa,025,17,temp_range,2017,2,14.748944170946256
emea,240802,ssa,025,17,temp_range,2017,3,15.374856810939438
emea,240802,ssa,025,17,temp_range,2017,4,13.493041469757504
emea,240802,ssa,025,17,temp_range,2017,5,11.120162740764988
emea,240802,ssa,025,17,temp_range,2017,6,4.1167121519652712
emea,240802,ssa,025,17,temp_range,2017,7,8.7374568713213829
emea,240802,ssa,025,17,temp_range,2017,8,7.6686149202367888
emea,240802,ssa,025,17,temp_range,2017,9,9.0576970428369545
emea,240802,ssa,025,17,temp_range,2017,10,11.27756821453629
emea,240802,ssa,025,17,temp_range,2017,11,13.275919673968065
emea,240802,ssa,025,17,temp_range,2017,12,15.39660668031496
emea,240802,ssa,025,17,temp_range,2018,1,14.941124698212711
emea,240802,ssa,025,17,temp_range,2018,2,15.805336523556068
emea,240802,ssa,025,17,temp_range,2018,3,15.921768793615533
emea,240802,ssa,025,17,temp_range,2018,4,15.35034206297054
emea,240802,ssa,025,17,temp_range,2018,5,12.229770576891024
emea,240802,ssa,025,17,temp_range,2018,6,10.168305549421587
emea,240802,ssa,025,17,temp_range,2018,7,8.6745184647843239
emea,240802,ssa,025,17,temp_range,2018,8,7.4954469779960462
emea,240802,ssa,025,17,temp_range,2018,9,9.6278694102254168
emea,240802,ssa,025,17,temp_range,2018,10,11.804039621665492
emea,240802,ssa,025,17,temp_range,2018,11,13.593657385740617
emea,240802,ssa,025,17,temp_range,2018,12,14.605946474126995
emea,240802,ssa,025,17,temp_range,2019,1,17.397920459617382
emea,240802,ssa,025,17,temp_range,2019,2,15.977702374982801
emea,240802,ssa,025,17,temp_range,2019,3,6.1269118377222762
emea,240802,ssa,025,17,temp_range,2019,4,14.26809974919658
emea,240802,ssa,025,17,temp_range,2019,5,11.792521552388187
emea,240802,ssa,025,17,temp_range,2019,6,8.44811606895097
emea,240802,ssa,025,17,temp_range,2019,7,7.8377806774409322
emea,240802,ssa,025,17,temp_range,2019,8,7.5149617820394932
emea,240802,ssa,025,17,temp_range,2019,9,8.7116315371792581
emea,240802,ssa,025,17,temp_range,2019,10,10.040690100931361
emea,240802,ssa,025,17,temp_range,2019,11,11.955689498257133
emea,240802,ssa,025,17,temp_range,2019,12,13.949383295121287
emea,240802,ssa,025,17,temp_range,2020,1,15.623364884320551
emea,240802,ssa,025,17,temp_range,2020,2,15.472402773435665
emea,240802,ssa,025,17,temp_range,2020,3,16.407259103909038
emea,240802,ssa,025,17,temp_range,2020,4,16.881361045394524
emea,240802,ssa,025,17,temp_range,2020,5,11.887885650288037
emea,240802,ssa,025,17,temp_range,2020,6,11.22164675875133
emea,240802,ssa,025,17,temp_range,2020,7,7.9325281853344753
emea,240802,ssa,025,17,temp_range,2020,8,6.8814901732973208
emea,240802,ssa,025,17,temp_range,2020,9,9.5762015621030763
emea,240802,ssa,025,17,temp_range,2020,10,12.427307609001851
emea,240802,ssa,025,17,temp_range,2020,11,14.70666843303364
emea,240802,ssa,025,17,temp_range,2020,12,16.108345942953402
emea,240802,ssa,025,17,temp_range,2021,1,15.280612625185809
emea,240802,ssa,025,17,temp_range,2021,2,15.16980429942274
emea,240802,ssa,025,17,temp_range,2021,3,14.899821183664459
emea,240802,ssa,025,17,temp_range,2021,4,13.776087784322073
emea,240802,ssa,025,17,temp_range,2021,5,11.790055819443184
emea,240802,ssa,025,17,temp_range,2021,6,12.234236848916479
emea,240802,ssa,025,17,temp_range,2021,7,7.9102708067150687
emea,240802,ssa,025,17,temp_range,2021,8,8.61965450205666
emea,240802,ssa,025,17,temp_range,2021,9,9.7525870183698942
emea,240802,ssa,025,17,temp_range,2021,10,12.381880602884937
emea,240802,ssa,025,17,temp_range,2021,11,13.596795087755098
emea,240802,ssa,025,17,temp_range,2021,12,15.016591765617669
emea,240802,ssa,025,17,temp_range,2022,1,15.29970876535287
emea,240802,ssa,025,17,temp_range,2022,2,15.502824431653583
emea,240802,ssa,025,17,temp_range,2022,3,16.046835638904021
emea,240802,ssa,025,17,temp_range,2022,4,14.254317900508793
emea,240802,ssa,025,17,temp_range,2022,5,13.134795607839129
emea,240802,ssa,025,17,temp_range,2022,6,11.542016098107965
emea,240802,ssa,025,17,temp_range,2022,7,6.66007811187016
emea,240802,ssa,025,17,temp_range,2022,8,6.6173909132854156
emea,240802,ssa,025,17,temp_range,2022,9,8.6936615066812042
emea,240802,ssa,025,17,temp_range,2022,10,11.051132363798013
emea,240802,ssa,025,17,temp_range,2022,11,13.960560762295351
emea,240802,ssa,025,17,temp_range,2022,12,15.025194043834443
emea,240802,ssa,025,17,temp_range,2023,1,15.026182239076167
emea,240802,ssa,025,17,temp_range,2023,2,17.018111203398057
emea,240802,ssa,025,17,temp_range,2023,3,16.409382586315637
emea,240802,ssa,025,17,temp_range,2023,4,15.188969899768139
emea,240802,ssa,025,17,temp_range,2023,5,13.402163703654852
emea,240802,ssa,025,17,temp_range,2023,6,11.326604040101113
emea,240802,ssa,025,17,temp_range,2023,7,11.506039934890124
emea,240802,ssa,025,17,temp_range,2023,8,9.473116198942
emea,240802,ssa,025,17,temp_range,2023,9,11.387978227515244
emea,240802,ssa,025,17,temp_range,2023,10,11.261550877813354
emea,240802,ssa,025,17,temp_range,2023,11,12.286345824293493
emea,240802,ssa,025,17,temp_range,2023,12,14.351242111031439
emea,240802,ssa,025,17,total_precipitation,2014,1,0.42190111533906816
emea,240802,ssa,025,17,total_precipitation,2014,2,0.83360616831544121
emea,240802,ssa,025,17,total_precipitation,2014,3,20.536557997554446
emea,240802,ssa,025,17,total_precipitation,2014,4,41.61164652939425
emea,240802,ssa,025,17,total_precipitation,2014,5,130.10226293185244
emea,240802,ssa,025,17,total_precipitation,2014,6,126.62582264259643
emea,240802,ssa,025,17,total_precipitation,2014,7,293.69025174234082
emea,240802,ssa,025,17,total_precipitation,2014,8,380.58257446140033
emea,240802,ssa,025,17,total_precipitation,2014,9,228.26379864854928
emea,240802,ssa,025,17,total_precipitation,2014,10,146.933302147975
emea,240802,ssa,025,17,total_precipitation,2014,11,4.5176038213835739
emea,240802,ssa,025,17,total_precipitation,2014,12,0.11081832915064638
emea,240802,ssa,025,17,total_precipitation,2015,1,0.47580823351685808
emea,240802,ssa,025,17,total_precipitation,2015,2,0.545191208656405
emea,240802,ssa,025,17,total_precipitation,2015,3,4.478437006629207
emea,240802,ssa,025,17,total_precipitation,2015,4,3.3273122981478025
emea,240802,ssa,025,17,total_precipitation,2015,5,91.748079553647287
emea,240802,ssa,025,17,total_precipitation,2015,6,103.55374988791765
emea,240802,ssa,025,17,total_precipitation,2015,7,189.18007531224822
emea,240802,ssa,025,17,total_precipitation,2015,8,303.35499413562536
emea,240802,ssa,025,17,total_precipitation,2015,9,129.88061141336883
emea,240802,ssa,025,17,total_precipitation,2015,10,61.149952935933626
emea,240802,ssa,025,17,total_precipitation,2015,11,11.929140300991335
emea,240802,ssa,025,17,total_precipitation,2015,12,5.8541591504406227
emea,240802,ssa,025,17,total_precipitation,2016,1,0.34969607461898988
emea,240802,ssa,025,17,total_precipitation,2016,2,0.53608704950019614
emea,240802,ssa,025,17,total_precipitation,2016,3,5.0248420563905256
emea,240802,ssa,025,17,total_precipitation,2016,4,14.854341469269343
emea,240802,ssa,025,17,total_precipitation,2016,5,134.44367023665478
emea,240802,ssa,025,17,total_precipitation,2016,6,155.37530162198527
emea,240802,ssa,025,17,total_precipitation,2016,7,343.09005374329922
emea,240802,ssa,025,17,total_precipitation,2016,8,294.33287438664888
emea,240802,ssa,025,17,total_precipitation,2016,9,143.96356067246657
emea,240802,ssa,025,17,total_precipitation,2016,10,32.322380813396677
emea,240802,ssa,025,17,total_precipitation,2016,11,2.2712477802185163
emea,240802,ssa,025,17,total_precipitation,2016,12,0.0031783142242289841
emea,240802,ssa,025,17,total_precipitation,2017,1,0.0016013061387809557
emea,240802,ssa,025,17,total_precipitation,2017,2,7.941845715589551
emea,240802,ssa,025,17,total_precipitation,2017,3,3.3298062448581476
emea,240802,ssa,025,17,total_precipitation,2017,4,31.163204075164771
emea,240802,ssa,025,17,total_precipitation,2017,5,177.54157935040564
emea,240802,ssa,025,17,total_precipitation,2017,6,59.985879055640879
emea,240802,ssa,025,17,total_precipitation,2017,7,247.95344964377696
emea,240802,ssa,025,17,total_precipitation,2017,8,283.38802929107106
emea,240802,ssa,025,17,total_precipitation,2017,9,200.37846398116653
emea,240802,ssa,025,17,total_precipitation,2017,10,41.082138870045291
emea,240802,ssa,025,17,total_precipitation,2017,11,1.1404568937479809
emea,240802,ssa,025,17,total_precipitation,2017,12,0.0
emea,240802,ssa,025,17,total_precipitation,2018,1,0.036608222935342383
emea,240802,ssa,025,17,total_precipitation,2018,2,1.6319298275270882
emea,240802,ssa,025,17,total_precipitation,2018,3,8.2740655341733174
emea,240802,ssa,025,17,total_precipitation,2018,4,7.941449070634377
emea,240802,ssa,025,17,total_precipitation,2018,5,85.523922589037554
emea,240802,ssa,025,17,total_precipitation,2018,6,168.98353478674551
emea,240802,ssa,025,17,total_precipitation,2018,7,245.71921488211984
emea,240802,ssa,025,17,total_precipitation,2018,8,361.24992269426525
emea,240802,ssa,025,17,total_precipitation,2018,9,188.5105352234207
emea,240802,ssa,025,17,total_precipitation,2018,10,53.012402526717629
emea,240802,ssa,025,17,total_precipitation,2018,11,13.352522531720098
emea,240802,ssa,025,17,total_precipitation,2018,12,4.4204080537253958
emea,240802,ssa,025,17,total_precipitation,2019,1,0.18552495412383507
emea,240802,ssa,025,17,total_precipitation,2019,2,1.5503646447130137
emea,240802,ssa,025,17,total_precipitation,2019,3,1.3821371843956882
emea,240802,ssa,025,17,total_precipitation,2019,4,8.1037640021817623
emea,240802,ssa,025,17,total_precipitation,2019,5,79.2601661087289
emea,240802,ssa,025,17,total_precipitation,2019,6,296.80711136198465
emea,240802,ssa,025,17,total_precipitation,2019,7,252.14611533623579
emea,240802,ssa,025,17,total_precipitation,2019,8,314.75530220835651
emea,240802,ssa,025,17,total_precipitation,2019,9,263.14553408626887
emea,240802,ssa,025,17,total_precipitation,2019,10,160.86714769017809
emea,240802,ssa,025,17,total_precipitation,2019,11,15.379613935128717
emea,240802,ssa,025,17,total_precipitation,2019,12,3.2499929141001047
emea,240802,ssa,025,17,total_precipitation,2020,1,1.6685541198819891
emea,240802,ssa,025,17,total_precipitation,2020,2,0.95624464903438877
emea,240802,ssa,025,17,total_precipitation,2020,3,0.06597206989962956
emea,240802,ssa,025,17,total_precipitation,2020,4,3.1798243932918666
emea,240802,ssa,025,17,total_precipitation,2020,5,63.8355311479954
emea,240802,ssa,025,17,total_precipitation,2020,6,100.08727463500023
emea,240802,ssa,025,17,total_precipitation,2020,7,253.7558480759258
emea,240802,ssa,025,17,total_precipitation,2020,8,396.59409383366756
emea,240802,ssa,025,17,total_precipitation,2020,9,163.87048726067337
emea,240802,ssa,025,17,total_precipitation,2020,10,33.626117430128488
emea,240802,ssa,025,17,total_precipitation,2020,11,0.67039877134601511
emea,240802,ssa,025,17,total_precipitation,2020,12,0.2791941777255289
emea,240802,ssa,025,17,total_precipitation,2021,1,0.10940496210835704
emea,240802,ssa,025,17,total_precipitation,2021,2,0.77503399387835259
emea,240802,ssa,025,17,total_precipitation,2021,3,3.0766309376270584
emea,240802,ssa,025,17,total_precipitation,2021,4,18.460164568684462
emea,240802,ssa,025,17,total_precipitation,2021,5,91.590782921031021
emea,240802,ssa,025,17,total_precipitation,2021,6,63.714608788022829
emea,240802,ssa,025,17,total_precipitation,2021,7,289.59391749350254
emea,240802,ssa,025,17,total_precipitation,2021,8,222.46483754224457
emea,240802,ssa,025,17,total_precipitation,2021,9,177.45250014497077
emea,240802,ssa,025,17,total_precipitation,2021,10,53.874160140578553
emea,240802,ssa,025,17,total_precipitation,2021,11,7.34692154042429
emea,240802,ssa,025,17,total_precipitation,2021,12,1.0916178143684903
emea,240802,ssa,025,17,total_precipitation,2022,1,0.46126255793330984
emea,240802,ssa,025,17,total_precipitation,2022,2,0.86903060717517633
emea,240802,ssa,025,17,total_precipitation,2022,3,0.99190101283826948
emea,240802,ssa,025,17,total_precipitation,2022,4,18.763577541740531
emea,240802,ssa,025,17,total_precipitation,2022,5,9.7833715111375881
emea,240802,ssa,025,17,total_precipitation,2022,6,87.498139670627779
emea,240802,ssa,025,17,total_precipitation,2022,7,271.88750644482093
emea,240802,ssa,025,17,total_precipitation,2022,8,310.54800698874874
emea,240802,ssa,025,17,total_precipitation,2022,9,192.50820213930075
emea,240802,ssa,025,17,total_precipitation,2022,10,50.974624572990678
emea,240802,ssa,025,17,total_precipitation,2022,11,1.1128137167709582
emea,240802,ssa,025,17,total_precipitation,2022,12,1.5603447221799627
emea,240802,ssa,025,17,total_precipitation,2023,1,123.04871830393346
emea,240802,ssa,025,17,total_precipitation,2023,2,76.95377974925205
emea,240802,ssa,025,17,total_precipitation,2023,3,0.43849664275289513
emea,240802,ssa,025,17,total_precipitation,2023,4,93.361530877746645
emea,240802,ssa,025,17,total_precipitation,2023,5,117.7968451687932
emea,240802,ssa,025,17,total_precipitation,2023,6,97.374578039016228
emea,240802,ssa,025,17,total_precipitation,2023,7,134.05518042292118
emea,240802,ssa,025,17,total_precipitation,2023,8,191.65069973465108
emea,240802,ssa,025,17,total_precipitation,2023,9,97.567676540010439
emea,240802,ssa,025,17,total_precipitation,2023,10,65.303067283679809
emea,240802,ssa,025,17,total_precipitation,2023,11,30.263967380069339
emea,240802,ssa,025,17,total_precipitation,2023,12,16.132351380949913
emea,240802,ssa,025,18,daylength,,1,682.3170081220245
emea,240802,ssa,025,18,daylength,,2,696.26940633466427
emea,240802,ssa,025,18,daylength,,3,715.23896086947593
emea,240802,ssa,025,18,daylength,,4,735.71482776260814
emea,240802,ssa,025,18,daylength,,5,752.93055921159066
emea,240802,ssa,025,18,daylength,,6,761.61024210793312
emea,240802,ssa,025,18,daylength,,7,758.16719040962221
emea,240802,ssa,025,18,daylength,,8,743.7312988710836
emea,240802,ssa,025,18,daylength,,9,724.0825219945616
emea,240802,ssa,025,18,daylength,,10,703.64328173338868
emea,240802,ssa,025,18,daylength,,11,686.6193359588533
emea,240802,ssa,025,18,daylength,,12,678.41584479464689
emea,240802,ssa,025,18,elevation,,,460.81750813584455
emea,240802,ssa,025,18,max_temperature,2014,1,31.826505652646443
emea,240802,ssa,025,18,max_temperature,2014,2,33.085431942688992
emea,240802,ssa,025,18,max_temperature,2014,3,35.419188694083552
emea,240802,ssa,025,18,max_temperature,2014,4,37.53140639396787
emea,240802,ssa,025,18,max_temperature,2014,5,37.487145553927753
emea,240802,ssa,025,18,max_temperature,2014,6,40.070445217083133
emea,240802,ssa,025,18,max_temperature,2014,7,39.531490482782807
emea,240802,ssa,025,18,max_temperature,2014,8,37.350748465508943
emea,240802,ssa,025,18,max_temperature,2014,9,37.173170480380584
emea,240802,ssa,025,18,max_temperature,2014,10,35.282673608352169
emea,240802,ssa,025,18,max_temperature,2014,11,33.338640878013209
emea,240802,ssa,025,18,max_temperature,2014,12,31.694391674773144
emea,240802,ssa,025,18,max_temperature,2015,1,31.31093919462624
emea,240802,ssa,025,18,max_temperature,2015,2,33.788388548280786
emea,240802,ssa,025,18,max_temperature,2015,3,36.324508092212909
emea,240802,ssa,025,18,max_temperature,2015,4,38.381800750560686
emea,240802,ssa,025,18,max_temperature,2015,5,38.551348539504261
emea,240802,ssa,025,18,max_temperature,2015,6,40.438482776304888
emea,240802,ssa,025,18,max_temperature,2015,7,41.106332533950535
emea,240802,ssa,025,18,max_temperature,2015,8,40.204359367825319
emea,240802,ssa,025,18,max_temperature,2015,9,38.589085519408542
emea,240802,ssa,025,18,max_temperature,2015,10,37.517946404063757
emea,240802,ssa,025,18,max_temperature,2015,11,34.491678220265484
emea,240802,ssa,025,18,max_temperature,2015,12,32.3622286699319
emea,240802,ssa,025,18,max_temperature,2016,1,32.66169534244785
emea,240802,ssa,025,18,max_temperature,2016,2,33.567236111464489
emea,240802,ssa,025,18,max_temperature,2016,3,38.477427913602583
emea,240802,ssa,025,18,max_temperature,2016,4,35.638697369020278
emea,240802,ssa,025,18,max_temperature,2016,5,40.1342513919312
emea,240802,ssa,025,18,max_temperature,2016,6,41.104424047851722
emea,240802,ssa,025,18,max_temperature,2016,7,39.322461535181134
emea,240802,ssa,025,18,max_temperature,2016,8,37.945218733084005
emea,240802,ssa,025,18,max_temperature,2016,9,38.993014630811182
emea,240802,ssa,025,18,max_temperature,2016,10,37.514904003812063
emea,240802,ssa,025,18,max_temperature,2016,11,34.40685233881505
emea,240802,ssa,025,18,max_temperature,2016,12,33.425852357099686
emea,240802,ssa,025,18,max_temperature,2017,1,33.507303292363083
emea,240802,ssa,025,18,max_temperature,2017,2,32.229886799366938
emea,240802,ssa,025,18,max_temperature,2017,3,36.628465777547348
emea,240802,ssa,025,18,max_temperature,2017,4,38.784358500168487
emea,240802,ssa,025,18,max_temperature,2017,5,37.978038473272726
emea,240802,ssa,025,18,max_temperature,2017,6,-3.5527136788005009e-15
emea,240802,ssa,025,18,max_temperature,2017,7,40.733186919484609
emea,240802,ssa,025,18,max_temperature,2017,8,38.640845642059311
emea,240802,ssa,025,18,max_temperature,2017,9,38.385313410171193
emea,240802,ssa,025,18,max_temperature,2017,10,36.811329515974393
emea,240802,ssa,025,18,max_temperature,2017,11,34.070140181330075
emea,240802,ssa,025,18,max_temperature,2017,12,31.251666896311921
emea,240802,ssa,025,18,max_temperature,2018,1,30.7435633626325
emea,240802,ssa,025,18,max_temperature,2018,2,34.374160579223343
emea,240802,ssa,025,18,max_temperature,2018,3,36.205725045865933
emea,240802,ssa,025,18,max_temperature,2018,4,36.972659473412712
emea,240802,ssa,025,18,max_temperature,2018,5,39.319418238987033
emea,240802,ssa,025,18,max_temperature,2018,6,40.364576179736126
emea,240802,ssa,025,18,max_temperature,2018,7,39.839371866661864
emea,240802,ssa,025,18,max_temperature,2018,8,38.715382489710542
emea,240802,ssa,025,18,max_temperature,2018,9,38.399764257276921
emea,240802,ssa,025,18,max_temperature,2018,10,36.18169571446235
emea,240802,ssa,025,18,max_temperature,2018,11,34.555358881956835
emea,240802,ssa,025,18,max_temperature,2018,12,32.970874918655248
emea,240802,ssa,025,18,max_temperature,2019,1,33.482360286247918
emea,240802,ssa,025,18,max_temperature,2019,2,34.483505090138273
emea,240802,ssa,025,18,max_temperature,2019,3,-3.5527136788005009e-15
emea,240802,ssa,025,18,max_temperature,2019,4,37.96158265746385
emea,240802,ssa,025,18,max_temperature,2019,5,39.281424298826252
emea,240802,ssa,025,18,max_temperature,2019,6,40.113667010780247
emea,240802,ssa,025,18,max_temperature,2019,7,39.953325577342952
emea,240802,ssa,025,18,max_temperature,2019,8,37.850759281177872
emea,240802,ssa,025,18,max_temperature,2019,9,38.183384027297073
emea,240802,ssa,025,18,max_temperature,2019,10,35.641221789778491
emea,240802,ssa,025,18,max_temperature,2019,11,34.535885604958018
emea,240802,ssa,025,18,max_temperature,2019,12,32.639738820580448
emea,240802,ssa,025,18,max_temperature,2020,1,31.432092830621826
emea,240802,ssa,025,18,max_temperature,2020,2,34.249966434859864
emea,240802,ssa,025,18,max_temperature,2020,3,35.75390619045222
emea,240802,ssa,025,18,max_temperature,2020,4,39.30650186104662
emea,240802,ssa,025,18,max_temperature,2020,5,39.382216355072529
emea,240802,ssa,025,18,max_temperature,2020,6,40.621673458702006
emea,240802,ssa,025,18,max_temperature,2020,7,38.707199415845693
emea,240802,ssa,025,18,max_temperature,2020,8,37.570807728986445
emea,240802,ssa,025,18,max_temperature,2020,9,38.753178266702939
emea,240802,ssa,025,18,max_temperature,2020,10,37.114510137734179
emea,240802,ssa,025,18,max_temperature,2020,11,34.622977958638849
emea,240802,ssa,025,18,max_temperature,2020,12,32.925258109347524
emea,240802,ssa,025,18,max_temperature,2021,1,31.969910171033018
emea,240802,ssa,025,18,max_temperature,2021,2,32.861459460517516
emea,240802,ssa,025,18,max_temperature,2021,3,36.47734594919708
emea,240802,ssa,025,18,max_temperature,2021,4,37.842451602652972
emea,240802,ssa,025,18,max_temperature,2021,5,39.776458550954267
emea,240802,ssa,025,18,max_temperature,2021,6,40.333125843106743
emea,240802,ssa,025,18,max_temperature,2021,7,37.854256698373
emea,240802,ssa,025,18,max_temperature,2021,8,38.917018581097139
emea,240802,ssa,025,18,max_temperature,2021,9,38.686500704530019
emea,240802,ssa,025,18,max_temperature,2021,10,36.300763610893959
emea,240802,ssa,025,18,max_temperature,2021,11,34.839444696912331
emea,240802,ssa,025,18,max_temperature,2021,12,32.29719084794143
emea,240802,ssa,025,18,max_temperature,2022,1,32.456096610003954
emea,240802,ssa,025,18,max_temperature,2022,2,33.524402776112474
emea,240802,ssa,025,18,max_temperature,2022,3,35.731803477165265
emea,240802,ssa,025,18,max_temperature,2022,4,38.934555894888646
emea,240802,ssa,025,18,max_temperature,2022,5,40.582553785863581
emea,240802,ssa,025,18,max_temperature,2022,6,40.314844374621366
emea,240802,ssa,025,18,max_temperature,2022,7,37.898146726368175
emea,240802,ssa,025,18,max_temperature,2022,8,35.7100293451306
emea,240802,ssa,025,18,max_temperature,2022,9,38.377418235426923
emea,240802,ssa,025,18,max_temperature,2022,10,36.583777202226173
emea,240802,ssa,025,18,max_temperature,2022,11,34.409719016269747
emea,240802,ssa,025,18,max_temperature,2022,12,32.764108779080146
emea,240802,ssa,025,18,max_temperature,2023,1,32.595438844982
emea,240802,ssa,025,18,max_temperature,2023,2,34.699622742488209
emea,240802,ssa,025,18,max_temperature,2023,3,33.733319960376839
emea,240802,ssa,025,18,max_temperature,2023,4,36.361635250630016
emea,240802,ssa,025,18,max_temperature,2023,5,37.981700588090121
emea,240802,ssa,025,18,max_temperature,2023,6,40.463918069105873
emea,240802,ssa,025,18,max_temperature,2023,7,41.11028593074802
emea,240802,ssa,025,18,max_temperature,2023,8,40.010230589713359
emea,240802,ssa,025,18,max_temperature,2023,9,39.755076176880195
emea,240802,ssa,025,18,max_temperature,2023,10,37.5035992866237
emea,240802,ssa,025,18,max_temperature,2023,11,35.151683658610089
emea,240802,ssa,025,18,max_temperature,2023,12,33.295158102685143
emea,240802,ssa,025,18,temp_range,2014,1,12.565560123745062
emea,240802,ssa,025,18,temp_range,2014,2,11.69338769211771
emea,240802,ssa,025,18,temp_range,2014,3,12.465233098888227
emea,240802,ssa,025,18,temp_range,2014,4,12.327057081864195
emea,240802,ssa,025,18,temp_range,2014,5,11.026648977922067
emea,240802,ssa,025,18,temp_range,2014,6,12.719610901403774
emea,240802,ssa,025,18,temp_range,2014,7,11.157007921167894
emea,240802,ssa,025,18,temp_range,2014,8,10.807998639755905
emea,240802,ssa,025,18,temp_range,2014,9,10.777482511097835
emea,240802,ssa,025,18,temp_range,2014,10,11.672155334692176
emea,240802,ssa,025,18,temp_range,2014,11,11.365791701455116
emea,240802,ssa,025,18,temp_range,2014,12,12.566646675528562
emea,240802,ssa,025,18,temp_range,2015,1,12.772438331953456
emea,240802,ssa,025,18,temp_range,2015,2,14.494217226335671
emea,240802,ssa,025,18,temp_range,2015,3,14.364955609173528
emea,240802,ssa,025,18,temp_range,2015,4,14.419302614682264
emea,240802,ssa,025,18,temp_range,2015,5,12.042829044400138
emea,240802,ssa,025,18,temp_range,2015,6,12.988493849805979
emea,240802,ssa,025,18,temp_range,2015,7,12.775661217963149
emea,240802,ssa,025,18,temp_range,2015,8,11.800429532106506
emea,240802,ssa,025,18,temp_range,2015,9,11.103757851979005
emea,240802,ssa,025,18,temp_range,2015,10,12.732681868605631
emea,240802,ssa,025,18,temp_range,2015,11,11.901348536853385
emea,240802,ssa,025,18,temp_range,2015,12,11.121767346765335
emea,240802,ssa,025,18,temp_range,2016,1,11.078880557320277
emea,240802,ssa,025,18,temp_range,2016,2,13.495369670303642
emea,240802,ssa,025,18,temp_range,2016,3,13.593699787841109
emea,240802,ssa,025,18,temp_range,2016,4,10.06742441302063
emea,240802,ssa,025,18,temp_range,2016,5,12.089205459874263
emea,240802,ssa,025,18,temp_range,2016,6,12.6422735431464
emea,240802,ssa,025,18,temp_range,2016,7,11.241002548431567
emea,240802,ssa,025,18,temp_range,2016,8,10.919273703515049
emea,240802,ssa,025,18,temp_range,2016,9,10.950140910538019
emea,240802,ssa,025,18,temp_range,2016,10,12.779696055827632
emea,240802,ssa,025,18,temp_range,2016,11,13.631455140291433
emea,240802,ssa,025,18,temp_range,2016,12,13.414777025275178
emea,240802,ssa,025,18,temp_range,2017,1,14.921947848397192
emea,240802,ssa,025,18,temp_range,2017,2,10.995846530659524
emea,240802,ssa,025,18,temp_range,2017,3,13.338269680257687
emea,240802,ssa,025,18,temp_range,2017,4,13.788633706311272
emea,240802,ssa,025,18,temp_range,2017,5,10.343978859064279
emea,240802,ssa,025,18,temp_range,2017,6,0.0
emea,240802,ssa,025,18,temp_range,2017,7,11.251728315829821
emea,240802,ssa,025,18,temp_range,2017,8,10.61375984724841
emea,240802,ssa,025,18,temp_range,2017,9,10.263519998609217
emea,240802,ssa,025,18,temp_range,2017,10,10.861323779113896
emea,240802,ssa,025,18,temp_range,2017,11,12.189724058719005
emea,240802,ssa,025,18,temp_range,2017,12,12.961346077909713
emea,240802,ssa,025,18,temp_range,2018,1,12.083913265445304
emea,240802,ssa,025,18,temp_range,2018,2,12.96239094578406
emea,240802,ssa,025,18,temp_range,2018,3,12.878834885344737
emea,240802,ssa,025,18,temp_range,2018,4,10.747347196811704
emea,240802,ssa,025,18,temp_range,2018,5,12.721736346494879
emea,240802,ssa,025,18,temp_range,2018,6,11.965064548630529
emea,240802,ssa,025,18,temp_range,2018,7,11.475898572679192
emea,240802,ssa,025,18,temp_range,2018,8,11.144911627406248
emea,240802,ssa,025,18,temp_range,2018,9,11.081136740814543
emea,240802,ssa,025,18,temp_range,2018,10,11.993509991707407
emea,240802,ssa,025,18,temp_range,2018,11,12.354147087198921
emea,240802,ssa,025,18,temp_range,2018,12,12.287691348672661
emea,240802,ssa,025,18,temp_range,2019,1,14.377676316198015
emea,240802,ssa,025,18,temp_range,2019,2,13.005098993956485
emea,240802,ssa,025,18,temp_range,2019,3,0.0
emea,240802,ssa,025,18,temp_range,2019,4,12.066551486349598
emea,240802,ssa,025,18,temp_range,2019,5,12.413396074465279
emea,240802,ssa,025,18,temp_range,2019,6,11.834033827703133
emea,240802,ssa,025,18,temp_range,2019,7,11.026535365286279
emea,240802,ssa,025,18,temp_range,2019,8,10.943898696335427
emea,240802,ssa,025,18,temp_range,2019,9,10.612624963958886
emea,240802,ssa,025,18,temp_range,2019,10,11.138527762466964
emea,240802,ssa,025,18,temp_range,2019,11,11.444593495055566
emea,240802,ssa,025,18,temp_range,2019,12,11.81421072141371
emea,240802,ssa,025,18,temp_range,2020,1,11.14682404736468
emea,240802,ssa,025,18,temp_range,2020,2,12.99393089070983
emea,240802,ssa,025,18,temp_range,2020,3,13.095752645319717
emea,240802,ssa,025,18,temp_range,2020,4,14.684706160713132
emea,240802,ssa,025,18,temp_range,2020,5,11.850217598699043
emea,240802,ssa,025,18,temp_range,2020,6,12.545776188584261
emea,240802,ssa,025,18,temp_range,2020,7,10.746200653265262
emea,240802,ssa,025,18,temp_range,2020,8,10.595735119017233
emea,240802,ssa,025,18,temp_range,2020,9,11.169020730092253
emea,240802,ssa,025,18,temp_range,2020,10,12.733171478648408
emea,240802,ssa,025,18,temp_range,2020,11,13.363477524437613
emea,240802,ssa,025,18,temp_range,2020,12,12.631618789003657
emea,240802,ssa,025,18,temp_range,2021,1,13.021508183226732
emea,240802,ssa,025,18,temp_range,2021,2,12.96797751459612
emea,240802,ssa,025,18,temp_range,2021,3,14.288791894688911
emea,240802,ssa,025,18,temp_range,2021,4,13.256711908885093
emea,240802,ssa,025,18,temp_range,2021,5,12.481909866634538
emea,240802,ssa,025,18,temp_range,2021,6,12.789759623361137
emea,240802,ssa,025,18,temp_range,2021,7,10.591900070888416
emea,240802,ssa,025,18,temp_range,2021,8,10.938048966939425
emea,240802,ssa,025,18,temp_range,2021,9,11.166718546557822
emea,240802,ssa,025,18,temp_range,2021,10,11.660147486361307
emea,240802,ssa,025,18,temp_range,2021,11,12.662586728679132
emea,240802,ssa,025,18,temp_range,2021,12,12.542926438207552
emea,240802,ssa,025,18,temp_range,2022,1,11.831731296920365
emea,240802,ssa,025,18,temp_range,2022,2,13.093356214922711
emea,240802,ssa,025,18,temp_range,2022,3,13.75142904978591
emea,240802,ssa,025,18,temp_range,2022,4,13.748517727437871
emea,240802,ssa,025,18,temp_range,2022,5,14.014878120509099
emea,240802,ssa,025,18,temp_range,2022,6,12.676984521959717
emea,240802,ssa,025,18,temp_range,2022,7,10.829761814901795
emea,240802,ssa,025,18,temp_range,2022,8,10.067340081424357
emea,240802,ssa,025,18,temp_range,2022,9,10.841610892408152
emea,240802,ssa,025,18,temp_range,2022,10,11.668484730732736
emea,240802,ssa,025,18,temp_range,2022,11,13.0044599846209
emea,240802,ssa,025,18,temp_range,2022,12,12.75054984551269
emea,240802,ssa,025,18,temp_range,2023,1,13.202794018185154
emea,240802,ssa,025,18,temp_range,2023,2,14.639583113288664
emea,240802,ssa,025,18,temp_range,2023,3,10.504697893483423
emea,240802,ssa,025,18,temp_range,2023,4,10.8174312582473
emea,240802,ssa,025,18,temp_range,2023,5,10.572017229885805
emea,240802,ssa,025,18,temp_range,2023,6,12.296199869614558
emea,240802,ssa,025,18,temp_range,2023,7,11.606247869827506
emea,240802,ssa,025,18,temp_range,2023,8,10.952590020117762
emea,240802,ssa,025,18,temp_range,2023,9,10.464393429067959
emea,240802,ssa,025,18,temp_range,2023,10,10.935132644379712
emea,240802,ssa,025,18,temp_range,2023,11,11.127371784635507
emea,240802,ssa,025,18,temp_range,2023,12,11.731933410380918
emea,240802,ssa,025,18,total_precipitation,2014,1,1.9569746542277358
emea,240802,ssa,025,18,total_precipitation,2014,2,7.3503574677791192
emea,240802,ssa,025,18,total_precipitation,2014,3,15.542813648560966
emea,240802,ssa,025,18,total_precipitation,2014,4,15.72484913727142
emea,240802,ssa,025,18,total_precipitation,2014,5,25.800352017096614
emea,240802,ssa,025,18,total_precipitation,2014,6,0.44019668086190222
emea,240802,ssa,025,18,total_precipitation,2014,7,28.287824572410308
emea,240802,ssa,025,18,total_precipitation,2014,8,39.430083377341994
emea,240802,ssa,025,18,total_precipitation,2014,9,26.633553507354
emea,240802,ssa,025,18,total_precipitation,2014,10,57.09577000635241
emea,240802,ssa,025,18,total_precipitation,2014,11,3.6073880158877643
emea,240802,ssa,025,18,total_precipitation,2014,12,0.47699781628045912
emea,240802,ssa,025,18,total_precipitation,2015,1,6.0589878610040984
emea,240802,ssa,025,18,total_precipitation,2015,2,1.5647319675601494
emea,240802,ssa,025,18,total_precipitation,2015,3,16.885203061412369
emea,240802,ssa,025,18,total_precipitation,2015,4,0.5289691877041065
emea,240802,ssa,025,18,total_precipitation,2015,5,45.254612476103475
emea,240802,ssa,025,18,total_precipitation,2015,6,7.0377129123526743
emea,240802,ssa,025,18,total_precipitation,2015,7,2.5098170295888025
emea,240802,ssa,025,18,total_precipitation,2015,8,19.530481543254652
emea,240802,ssa,025,18,total_precipitation,2015,9,14.117731623356292
emea,240802,ssa,025,18,total_precipitation,2015,10,0.85261140883675068
emea,240802,ssa,025,18,total_precipitation,2015,11,11.799705991318831
emea,240802,ssa,025,18,total_precipitation,2015,12,11.704297928332082
emea,240802,ssa,025,18,total_precipitation,2016,1,6.58104920465081
emea,240802,ssa,025,18,total_precipitation,2016,2,2.6141955691298762
emea,240802,ssa,025,18,total_precipitation,2016,3,2.1123413172113032
emea,240802,ssa,025,18,total_precipitation,2016,4,162.3459023859063
emea,240802,ssa,025,18,total_precipitation,2016,5,27.515269683389278
emea,240802,ssa,025,18,total_precipitation,2016,6,1.4983493865953221
emea,240802,ssa,025,18,total_precipitation,2016,7,38.008875703664707
emea,240802,ssa,025,18,total_precipitation,2016,8,50.645952076466969
emea,240802,ssa,025,18,total_precipitation,2016,9,5.89479547525076
emea,240802,ssa,025,18,total_precipitation,2016,10,0.52347779774216008
emea,240802,ssa,025,18,total_precipitation,2016,11,9.73527504885692
emea,240802,ssa,025,18,total_precipitation,2016,12,0.37580891083310064
emea,240802,ssa,025,18,total_precipitation,2017,1,0.3272058646386
emea,240802,ssa,025,18,total_precipitation,2017,2,30.722492103233328
emea,240802,ssa,025,18,total_precipitation,2017,3,19.58505706475151
emea,240802,ssa,025,18,total_precipitation,2017,4,5.6428649219029552
emea,240802,ssa,025,18,total_precipitation,2017,5,49.640829018995682
emea,240802,ssa,025,18,total_precipitation,2017,6,0.0
emea,240802,ssa,025,18,total_precipitation,2017,7,8.0323810737384633
emea,240802,ssa,025,18,total_precipitation,2017,8,33.920407295522381
emea,240802,ssa,025,18,total_precipitation,2017,9,20.1086093830516
emea,240802,ssa,025,18,total_precipitation,2017,10,6.47641668616123
emea,240802,ssa,025,18,total_precipitation,2017,11,0.69419383214206221
emea,240802,ssa,025,18,total_precipitation,2017,12,0.0094025924295664254
emea,240802,ssa,025,18,total_precipitation,2018,1,5.9472891126574012
emea,240802,ssa,025,18,total_precipitation,2018,2,2.0454004731586792
emea,240802,ssa,025,18,total_precipitation,2018,3,7.1776104591496193
emea,240802,ssa,025,18,total_precipitation,2018,4,50.784382314469113
emea,240802,ssa,025,18,total_precipitation,2018,5,15.812286450543183
emea,240802,ssa,025,18,total_precipitation,2018,6,3.7728015297626172
emea,240802,ssa,025,18,total_precipitation,2018,7,22.88542623528371
emea,240802,ssa,025,18,total_precipitation,2018,8,22.256986569326834
emea,240802,ssa,025,18,total_precipitation,2018,9,16.880550996285422
emea,240802,ssa,025,18,total_precipitation,2018,10,24.281872813717804
emea,240802,ssa,025,18,total_precipitation,2018,11,8.5458200806709357
emea,240802,ssa,025,18,total_precipitation,2018,12,0.54846008708048544
emea,240802,ssa,025,18,total_precipitation,2019,1,0.21491227815417346
emea,240802,ssa,025,18,total_precipitation,2019,2,4.4328063466988112
emea,240802,ssa,025,18,total_precipitation,2019,3,0.0
emea,240802,ssa,025,18,total_precipitation,2019,4,17.427212567956218
emea,240802,ssa,025,18,total_precipitation,2019,5,51.136311729414977
emea,240802,ssa,025,18,total_precipitation,2019,6,15.382818810286139
emea,240802,ssa,025,18,total_precipitation,2019,7,12.420987121051084
emea,240802,ssa,025,18,total_precipitation,2019,8,38.381517700325773
emea,240802,ssa,025,18,total_precipitation,2019,9,23.73797049592654
emea,240802,ssa,025,18,total_precipitation,2019,10,40.447807689867567
emea,240802,ssa,025,18,total_precipitation,2019,11,18.725361068118957
emea,240802,ssa,025,18,total_precipitation,2019,12,6.6363508146651213
emea,240802,ssa,025,18,total_precipitation,2020,1,8.2100952437195787
emea,240802,ssa,025,18,total_precipitation,2020,2,4.0316880252224081
emea,240802,ssa,025,18,total_precipitation,2020,3,24.476098040585313
emea,240802,ssa,025,18,total_precipitation,2020,4,0.534228302983081
emea,240802,ssa,025,18,total_precipitation,2020,5,16.408911585174693
emea,240802,ssa,025,18,total_precipitation,2020,6,2.7858671009113323
emea,240802,ssa,025,18,total_precipitation,2020,7,47.864825507055983
emea,240802,ssa,025,18,total_precipitation,2020,8,78.741531456944571
emea,240802,ssa,025,18,total_precipitation,2020,9,4.6936412820662241
emea,240802,ssa,025,18,total_precipitation,2020,10,2.094692542120228
emea,240802,ssa,025,18,total_precipitation,2020,11,5.46380136083485
emea,240802,ssa,025,18,total_precipitation,2020,12,2.1006851871844532
emea,240802,ssa,025,18,total_precipitation,2021,1,0.1150171118162433
emea,240802,ssa,025,18,total_precipitation,2021,2,8.3099966381266057
emea,240802,ssa,025,18,total_precipitation,2021,3,0.071598079257455538
emea,240802,ssa,025,18,total_precipitation,2021,4,63.650289666627643
emea,240802,ssa,025,18,total_precipitation,2021,5,52.447298078503422
emea,240802,ssa,025,18,total_precipitation,2021,6,0.17968692389017349
emea,240802,ssa,025,18,total_precipitation,2021,7,48.698724595285064
emea,240802,ssa,025,18,total_precipitation,2021,8,19.941298009900009
emea,240802,ssa,025,18,total_precipitation,2021,9,5.2369249132723752
emea,240802,ssa,025,18,total_precipitation,2021,10,22.987734738514838
emea,240802,ssa,025,18,total_precipitation,2021,11,0.37140063681331981
emea,240802,ssa,025,18,total_precipitation,2021,12,0.62009109195487611
emea,240802,ssa,025,18,total_precipitation,2022,1,8.4752648106695148
emea,240802,ssa,025,18,total_precipitation,2022,2,1.0575313009785532
emea,240802,ssa,025,18,total_precipitation,2022,3,1.4896222779180732
emea,240802,ssa,025,18,total_precipitation,2022,4,5.0411130140034
emea,240802,ssa,025,18,total_precipitation,2022,5,0.13493428754345871
emea,240802,ssa,025,18,total_precipitation,2022,6,3.791030270563013
emea,240802,ssa,025,18,total_precipitation,2022,7,30.207546496015524
emea,240802,ssa,025,18,total_precipitation,2022,8,71.755684886818017
emea,240802,ssa,025,18,total_precipitation,2022,9,8.73533109815449
emea,240802,ssa,025,18,total_precipitation,2022,10,1.5300124059189812
emea,240802,ssa,025,18,total_precipitation,2022,11,2.7283623074918211
emea,240802,ssa,025,18,total_precipitation,2022,12,8.8284943361478128
emea,240802,ssa,025,18,total_precipitation,2023,1,419.75114272918461
emea,240802,ssa,025,18,total_precipitation,2023,2,322.91589646894164
emea,240802,ssa,025,18,total_precipitation,2023,3,566.55319480686467
emea,240802,ssa,025,18,total_precipitation,2023,4,568.58428007662144
emea,240802,ssa,025,18,total_precipitation,2023,5,448.72810058085713
emea,240802,ssa,025,18,total_precipitation,2023,6,2.2737836307958332
emea,240802,ssa,025,18,total_precipitation,2023,7,3.9137015328945779
emea,240802,ssa,025,18,total_precipitation,2023,8,14.963743762283784
emea,240802,ssa,025,18,total_precipitation,2023,9,4.991676845625804
emea,240802,ssa,025,18,total_precipitation,2023,10,22.006447460893753
emea,240802,ssa,025,18,total_precipitation,2023,11,5.06714348955208
emea,240802,ssa,025,18,total_precipitation,2023,12,47.262112871560795
emea,240802,ssa,025,19,daylength,,1,700.42838839425019
emea,240802,ssa,025,19,daylength,,2,707.66873589661554
emea,240802,ssa,025,19,daylength,,3,717.52521159206606
emea,240802,ssa,025,19,daylength,,4,728.16749583570231
emea,240802,ssa,025,19,daylength,,5,737.1066776426062
emea,240802,ssa,025,19,daylength,,6,741.60738503091341
emea,240802,ssa,025,19,daylength,,7,739.82266582827526
emea,240802,ssa,025,19,daylength,,8,732.3316321649886
emea,240802,ssa,025,19,daylength,,9,722.1221021769212
emea,240802,ssa,025,19,daylength,,10,711.4989940433627
emea,240802,ssa,025,19,daylength,,11,702.65980767369524
emea,240802,ssa,025,19,daylength,,12,698.40613389500368
emea,240802,ssa,025,19,elevation,,,493.17051396491377
emea,240802,ssa,025,19,max_temperature,2014,1,33.300195121164123
emea,240802,ssa,025,19,max_temperature,2014,2,34.4092680438658
emea,240802,ssa,025,19,max_temperature,2014,3,35.311636978153246
emea,240802,ssa,025,19,max_temperature,2014,4,34.970825292184351
emea,240802,ssa,025,19,max_temperature,2014,5,32.514196965058062
emea,240802,ssa,025,19,max_temperature,2014,6,33.052593019850953
emea,240802,ssa,025,19,max_temperature,2014,7,32.059933861150228
emea,240802,ssa,025,19,max_temperature,2014,8,32.299437495129567
emea,240802,ssa,025,19,max_temperature,2014,9,33.4560717173651
emea,240802,ssa,025,19,max_temperature,2014,10,30.958755047434622
emea,240802,ssa,025,19,max_temperature,2014,11,31.577465698500482
emea,240802,ssa,025,19,max_temperature,2014,12,33.337901539916096
emea,240802,ssa,025,19,max_temperature,2015,1,33.560504503565717
emea,240802,ssa,025,19,max_temperature,2015,2,34.638449583689017
emea,240802,ssa,025,19,max_temperature,2015,3,35.275381721032566
emea,240802,ssa,025,19,max_temperature,2015,4,31.725845725359378
emea,240802,ssa,025,19,max_temperature,2015,5,31.848308019994228
emea,240802,ssa,025,19,max_temperature,2015,6,33.460777456480052
emea,240802,ssa,025,19,max_temperature,2015,7,32.352631652702975
emea,240802,ssa,025,19,max_temperature,2015,8,33.129301889080395
emea,240802,ssa,025,19,max_temperature,2015,9,34.5468697049772
emea,240802,ssa,025,19,max_temperature,2015,10,30.957541368579918
emea,240802,ssa,025,19,max_temperature,2015,11,30.797689796637787
emea,240802,ssa,025,19,max_temperature,2015,12,33.522252219309664
emea,240802,ssa,025,19,max_temperature,2016,1,34.262444011871104
emea,240802,ssa,025,19,max_temperature,2016,2,34.969659080470223
emea,240802,ssa,025,19,max_temperature,2016,3,37.019497756497422
emea,240802,ssa,025,19,max_temperature,2016,4,34.452157850661294
emea,240802,ssa,025,19,max_temperature,2016,5,32.347872566815965
emea,240802,ssa,025,19,max_temperature,2016,6,32.336767740327758
emea,240802,ssa,025,19,max_temperature,2016,7,31.473108690002096
emea,240802,ssa,025,19,max_temperature,2016,8,32.449791869539126
emea,240802,ssa,025,19,max_temperature,2016,9,33.63796888607223
emea,240802,ssa,025,19,max_temperature,2016,10,33.225485922172936
emea,240802,ssa,025,19,max_temperature,2016,11,33.253684728548208
emea,240802,ssa,025,19,max_temperature,2016,12,33.763351757524447
emea,240802,ssa,025,19,max_temperature,2017,1,34.026064958827909
emea,240802,ssa,025,19,max_temperature,2017,2,34.658422084418049
emea,240802,ssa,025,19,max_temperature,2017,3,36.099800446321581
emea,240802,ssa,025,19,max_temperature,2017,4,35.390758626713485
emea,240802,ssa,025,19,max_temperature,2017,5,33.903262954682233
emea,240802,ssa,025,19,max_temperature,2017,6,0.0
emea,240802,ssa,025,19,max_temperature,2017,7,32.25967298426815
emea,240802,ssa,025,19,max_temperature,2017,8,32.875164113200022
emea,240802,ssa,025,19,max_temperature,2017,9,33.634812160617777
emea,240802,ssa,025,19,max_temperature,2017,10,33.058125788061858
emea,240802,ssa,025,19,max_temperature,2017,11,30.641992224651446
emea,240802,ssa,025,19,max_temperature,2017,12,32.601698913264386
emea,240802,ssa,025,19,max_temperature,2018,1,32.824913003555316
emea,240802,ssa,025,19,max_temperature,2018,2,34.325433270672278
emea,240802,ssa,025,19,max_temperature,2018,3,35.019338715736211
emea,240802,ssa,025,19,max_temperature,2018,4,31.211717407673788
emea,240802,ssa,025,19,max_temperature,2018,5,31.173357556541333
emea,240802,ssa,025,19,max_temperature,2018,6,31.935927433540847
emea,240802,ssa,025,19,max_temperature,2018,7,31.430473622305595
emea,240802,ssa,025,19,max_temperature,2018,8,32.285719074634521
emea,240802,ssa,025,19,max_temperature,2018,9,33.768846556109807
emea,240802,ssa,025,19,max_temperature,2018,10,32.2151998609316
emea,240802,ssa,025,19,max_temperature,2018,11,32.165738631973653
emea,240802,ssa,025,19,max_temperature,2018,12,33.409354596105814
emea,240802,ssa,025,19,max_temperature,2019,1,33.983328760129339
emea,240802,ssa,025,19,max_temperature,2019,2,35.396363966443218
emea,240802,ssa,025,19,max_temperature,2019,3,0.0
emea,240802,ssa,025,19,max_temperature,2019,4,35.691518105321954
emea,240802,ssa,025,19,max_temperature,2019,5,31.705697012289729
emea,240802,ssa,025,19,max_temperature,2019,6,32.386014082581141
emea,240802,ssa,025,19,max_temperature,2019,7,31.829881154618693
emea,240802,ssa,025,19,max_temperature,2019,8,32.945804546484105
emea,240802,ssa,025,19,max_temperature,2019,9,34.005388973805893
emea,240802,ssa,025,19,max_temperature,2019,10,30.00723073204556
emea,240802,ssa,025,19,max_temperature,2019,11,30.098787881206352
emea,240802,ssa,025,19,max_temperature,2019,12,31.636019146837775
emea,240802,ssa,025,19,max_temperature,2020,1,33.4232147274935
emea,240802,ssa,025,19,max_temperature,2020,2,35.23579831615438
emea,240802,ssa,025,19,max_temperature,2020,3,35.61800434699007
emea,240802,ssa,025,19,max_temperature,2020,4,34.041197808478884
emea,240802,ssa,025,19,max_temperature,2020,5,33.074856665691236
emea,240802,ssa,025,19,max_temperature,2020,6,33.037963075727369
emea,240802,ssa,025,19,max_temperature,2020,7,31.481914437477627
emea,240802,ssa,025,19,max_temperature,2020,8,31.916489723694571
emea,240802,ssa,025,19,max_temperature,2020,9,33.559796059993914
emea,240802,ssa,025,19,max_temperature,2020,10,33.048778386239832
emea,240802,ssa,025,19,max_temperature,2020,11,32.577734742429165
emea,240802,ssa,025,19,max_temperature,2020,12,33.416962378982639
emea,240802,ssa,025,19,max_temperature,2021,1,33.302344951915181
emea,240802,ssa,025,19,max_temperature,2021,2,34.447478408275273
emea,240802,ssa,025,19,max_temperature,2021,3,35.470261818405071
emea,240802,ssa,025,19,max_temperature,2021,4,34.002276324587577
emea,240802,ssa,025,19,max_temperature,2021,5,32.36033643281106
emea,240802,ssa,025,19,max_temperature,2021,6,32.872917135158708
emea,240802,ssa,025,19,max_temperature,2021,7,30.148075135513789
emea,240802,ssa,025,19,max_temperature,2021,8,33.10795596424628
emea,240802,ssa,025,19,max_temperature,2021,9,33.843662360478483
emea,240802,ssa,025,19,max_temperature,2021,10,34.005286855835266
emea,240802,ssa,025,19,max_temperature,2021,11,34.075148905633405
emea,240802,ssa,025,19,max_temperature,2021,12,33.356248116025021
emea,240802,ssa,025,19,max_temperature,2022,1,33.99884631120009
emea,240802,ssa,025,19,max_temperature,2022,2,34.836354894600923
emea,240802,ssa,025,19,max_temperature,2022,3,35.798028704295376
emea,240802,ssa,025,19,max_temperature,2022,4,35.24602610150292
emea,240802,ssa,025,19,max_temperature,2022,5,34.805731085611534
emea,240802,ssa,025,19,max_temperature,2022,6,33.4528101847733
emea,240802,ssa,025,19,max_temperature,2022,7,31.118144626948716
emea,240802,ssa,025,19,max_temperature,2022,8,31.802107944011063
emea,240802,ssa,025,19,max_temperature,2022,9,33.254765557594027
emea,240802,ssa,025,19,max_temperature,2022,10,32.354436440800328
emea,240802,ssa,025,19,max_temperature,2022,11,32.64565311076737
emea,240802,ssa,025,19,max_temperature,2022,12,33.555191309299929
emea,240802,ssa,025,19,max_temperature,2023,1,33.645441804482417
emea,240802,ssa,025,19,max_temperature,2023,2,34.833477681077014
emea,240802,ssa,025,19,max_temperature,2023,3,34.336654279959028
emea,240802,ssa,025,19,max_temperature,2023,4,33.378237027689252
emea,240802,ssa,025,19,max_temperature,2023,5,33.533565744425673
emea,240802,ssa,025,19,max_temperature,2023,6,33.325886014663567
emea,240802,ssa,025,19,max_temperature,2023,7,31.875295024478934
emea,240802,ssa,025,19,max_temperature,2023,8,33.723440078279125
emea,240802,ssa,025,19,max_temperature,2023,9,34.802731043418419
emea,240802,ssa,025,19,max_temperature,2023,10,31.30717540101238
emea,240802,ssa,025,19,max_temperature,2023,11,29.769222020523802
emea,240802,ssa,025,19,max_temperature,2023,12,33.2370828592423
emea,240802,ssa,025,19,temp_range,2014,1,12.712042453359331
emea,240802,ssa,025,19,temp_range,2014,2,12.637825932432257
emea,240802,ssa,025,19,temp_range,2014,3,11.451654980984598
emea,240802,ssa,025,19,temp_range,2014,4,10.243177842448445
emea,240802,ssa,025,19,temp_range,2014,5,8.6541897381297233
emea,240802,ssa,025,19,temp_range,2014,6,9.2417827021674022
emea,240802,ssa,025,19,temp_range,2014,7,8.947644195604
emea,240802,ssa,025,19,temp_range,2014,8,9.4339601237290722
emea,240802,ssa,025,19,temp_range,2014,9,9.8598419980937457
emea,240802,ssa,025,19,temp_range,2014,10,8.31806542235186
emea,240802,ssa,025,19,temp_range,2014,11,9.383975729418772
emea,240802,ssa,025,19,temp_range,2014,12,12.443630739252937
emea,240802,ssa,025,19,temp_range,2015,1,13.63430712358935
emea,240802,ssa,025,19,temp_range,2015,2,13.370536654893517
emea,240802,ssa,025,19,temp_range,2015,3,12.201489859875785
emea,240802,ssa,025,19,temp_range,2015,4,8.6024735387237286
emea,240802,ssa,025,19,temp_range,2015,5,8.3852749192258269
emea,240802,ssa,025,19,temp_range,2015,6,9.1661663140049665
emea,240802,ssa,025,19,temp_range,2015,7,8.8865673620510854
emea,240802,ssa,025,19,temp_range,2015,8,10.255791952198747
emea,240802,ssa,025,19,temp_range,2015,9,10.629036650770745
emea,240802,ssa,025,19,temp_range,2015,10,8.1171002338162879
emea,240802,ssa,025,19,temp_range,2015,11,8.8435312795098824
emea,240802,ssa,025,19,temp_range,2015,12,11.680220471452838
emea,240802,ssa,025,19,temp_range,2016,1,12.065329123042513
emea,240802,ssa,025,19,temp_range,2016,2,13.232678454857385
emea,240802,ssa,025,19,temp_range,2016,3,12.06570680867047
emea,240802,ssa,025,19,temp_range,2016,4,9.5107561312191855
emea,240802,ssa,025,19,temp_range,2016,5,8.6559054981699255
emea,240802,ssa,025,19,temp_range,2016,6,8.8397247037098463
emea,240802,ssa,025,19,temp_range,2016,7,8.8135061840380811
emea,240802,ssa,025,19,temp_range,2016,8,9.8901157553432721
emea,240802,ssa,025,19,temp_range,2016,9,10.793764671238669
emea,240802,ssa,025,19,temp_range,2016,10,9.4512270635871083
emea,240802,ssa,025,19,temp_range,2016,11,10.246446837958636
emea,240802,ssa,025,19,temp_range,2016,12,12.431556359102892
emea,240802,ssa,025,19,temp_range,2017,1,13.944721543544137
emea,240802,ssa,025,19,temp_range,2017,2,11.895468654455952
emea,240802,ssa,025,19,temp_range,2017,3,12.631947769268606
emea,240802,ssa,025,19,temp_range,2017,4,10.449485142044542
emea,240802,ssa,025,19,temp_range,2017,5,9.2472683570419569
emea,240802,ssa,025,19,temp_range,2017,6,0.0
emea,240802,ssa,025,19,temp_range,2017,7,8.65238447474979
emea,240802,ssa,025,19,temp_range,2017,8,9.2565087303690454
emea,240802,ssa,025,19,temp_range,2017,9,9.8814631692599253
emea,240802,ssa,025,19,temp_range,2017,10,8.9188974813146444
emea,240802,ssa,025,19,temp_range,2017,11,9.4144143666674847
emea,240802,ssa,025,19,temp_range,2017,12,12.664213783715224
emea,240802,ssa,025,19,temp_range,2018,1,12.893836849754557
emea,240802,ssa,025,19,temp_range,2018,2,11.552449805784448
emea,240802,ssa,025,19,temp_range,2018,3,11.190083465632622
emea,240802,ssa,025,19,temp_range,2018,4,8.048338541660776
emea,240802,ssa,025,19,temp_range,2018,5,8.3581415276457154
emea,240802,ssa,025,19,temp_range,2018,6,8.62479000566247
emea,240802,ssa,025,19,temp_range,2018,7,8.5092001975324543
emea,240802,ssa,025,19,temp_range,2018,8,9.655947982869284
emea,240802,ssa,025,19,temp_range,2018,9,10.494603148042874
emea,240802,ssa,025,19,temp_range,2018,10,9.1723650345096335
emea,240802,ssa,025,19,temp_range,2018,11,9.6808751811881244
emea,240802,ssa,025,19,temp_range,2018,12,10.895924802875571
emea,240802,ssa,025,19,temp_range,2019,1,12.791147819955736
emea,240802,ssa,025,19,temp_range,2019,2,12.352866088656322
emea,240802,ssa,025,19,temp_range,2019,3,0.0
emea,240802,ssa,025,19,temp_range,2019,4,10.119305993297084
emea,240802,ssa,025,19,temp_range,2019,5,8.095921294857245
emea,240802,ssa,025,19,temp_range,2019,6,8.4313214914686352
emea,240802,ssa,025,19,temp_range,2019,7,8.5871666415837318
emea,240802,ssa,025,19,temp_range,2019,8,9.31145604780463
emea,240802,ssa,025,19,temp_range,2019,9,10.060586770442887
emea,240802,ssa,025,19,temp_range,2019,10,7.6943125542102742
emea,240802,ssa,025,19,temp_range,2019,11,8.27822958641222
emea,240802,ssa,025,19,temp_range,2019,12,11.090843583593635
emea,240802,ssa,025,19,temp_range,2020,1,11.287698388689837
emea,240802,ssa,025,19,temp_range,2020,2,12.198041444984549
emea,240802,ssa,025,19,temp_range,2020,3,10.895054284752153
emea,240802,ssa,025,19,temp_range,2020,4,8.7306013887484415
emea,240802,ssa,025,19,temp_range,2020,5,9.07162793958578
emea,240802,ssa,025,19,temp_range,2020,6,8.6662586825738916
emea,240802,ssa,025,19,temp_range,2020,7,8.0367291270184857
emea,240802,ssa,025,19,temp_range,2020,8,8.956079501374516
emea,240802,ssa,025,19,temp_range,2020,9,9.9874753867644053
emea,240802,ssa,025,19,temp_range,2020,10,9.12528237541031
emea,240802,ssa,025,19,temp_range,2020,11,10.504426404569482
emea,240802,ssa,025,19,temp_range,2020,12,12.001095881198863
emea,240802,ssa,025,19,temp_range,2021,1,12.659293745164067
emea,240802,ssa,025,19,temp_range,2021,2,12.915150082755897
emea,240802,ssa,025,19,temp_range,2021,3,12.581458869114208
emea,240802,ssa,025,19,temp_range,2021,4,9.5400916692718774
emea,240802,ssa,025,19,temp_range,2021,5,8.7959421896243839
emea,240802,ssa,025,19,temp_range,2021,6,9.2923124143782623
emea,240802,ssa,025,19,temp_range,2021,7,6.9608951010152946
emea,240802,ssa,025,19,temp_range,2021,8,10.199724252926025
emea,240802,ssa,025,19,temp_range,2021,9,10.27037290213212
emea,240802,ssa,025,19,temp_range,2021,10,9.9314819377286323
emea,240802,ssa,025,19,temp_range,2021,11,10.780749887168151
emea,240802,ssa,025,19,temp_range,2021,12,11.612883525651826
emea,240802,ssa,025,19,temp_range,2022,1,12.303584068982364
emea,240802,ssa,025,19,temp_range,2022,2,13.089282453800507
emea,240802,ssa,025,19,temp_range,2022,3,12.649999221052619
emea,240802,ssa,025,19,temp_range,2022,4,10.123843734775807
emea,240802,ssa,025,19,temp_range,2022,5,9.7084189641196321
emea,240802,ssa,025,19,temp_range,2022,6,9.2655747994771431
emea,240802,ssa,025,19,temp_range,2022,7,8.516769354598928
emea,240802,ssa,025,19,temp_range,2022,8,8.9870253101521111
emea,240802,ssa,025,19,temp_range,2022,9,9.959822304846222
emea,240802,ssa,025,19,temp_range,2022,10,8.91454574572859
emea,240802,ssa,025,19,temp_range,2022,11,9.75485868284923
emea,240802,ssa,025,19,temp_range,2022,12,11.937529981766724
emea,240802,ssa,025,19,temp_range,2023,1,12.249217800963066
emea,240802,ssa,025,19,temp_range,2023,2,13.332465470904076
emea,240802,ssa,025,19,temp_range,2023,3,10.472135829199361
emea,240802,ssa,025,19,temp_range,2023,4,9.2241000924623826
emea,240802,ssa,025,19,temp_range,2023,5,9.0400442111443162
emea,240802,ssa,025,19,temp_range,2023,6,8.8019082492320617
emea,240802,ssa,025,19,temp_range,2023,7,8.1904747249989249
emea,240802,ssa,025,19,temp_range,2023,8,9.7605627464246538
emea,240802,ssa,025,19,temp_range,2023,9,10.352369354005157
emea,240802,ssa,025,19,temp_range,2023,10,7.9695927783761142
emea,240802,ssa,025,19,temp_range,2023,11,7.9661967570230834
emea,240802,ssa,025,19,temp_range,2023,12,11.632485807267781
emea,240802,ssa,025,19,total_precipitation,2014,1,0.054422826562301907
emea,240802,ssa,025,19,total_precipitation,2014,2,0.11116015480422448
emea,240802,ssa,025,19,total_precipitation,2014,3,16.231818773504187
emea,240802,ssa,025,19,total_precipitation,2014,4,24.440219483295103
emea,240802,ssa,025,19,total_precipitation,2014,5,68.276200471651464
emea,240802,ssa,025,19,total_precipitation,2014,6,12.09492294259465
emea,240802,ssa,025,19,total_precipitation,2014,7,10.368375875013541
emea,240802,ssa,025,19,total_precipitation,2014,8,9.285058612223267
emea,240802,ssa,025,19,total_precipitation,2014,9,11.795671208536959
emea,240802,ssa,025,19,total_precipitation,2014,10,103.58370161722375
emea,240802,ssa,025,19,total_precipitation,2014,11,51.854592443228334
emea,240802,ssa,025,19,total_precipitation,2014,12,0.36275948282373349
emea,240802,ssa,025,19,total_precipitation,2015,1,0.0058909933308086693
emea,240802,ssa,025,19,total_precipitation,2015,2,0.098678491540965751
emea,240802,ssa,025,19,total_precipitation,2015,3,38.344892523944047
emea,240802,ssa,025,19,total_precipitation,2015,4,123.30748177292941
emea,240802,ssa,025,19,total_precipitation,2015,5,67.522130738649992
emea,240802,ssa,025,19,total_precipitation,2015,6,16.527808664135307
emea,240802,ssa,025,19,total_precipitation,2015,7,8.5076319118927017
emea,240802,ssa,025,19,total_precipitation,2015,8,7.2015219546056812
emea,240802,ssa,025,19,total_precipitation,2015,9,4.5870855246940181
emea,240802,ssa,025,19,total_precipitation,2015,10,136.41273860268541
emea,240802,ssa,025,19,total_precipitation,2015,11,80.3883249725898
emea,240802,ssa,025,19,total_precipitation,2015,12,2.8789885465205742
emea,240802,ssa,025,19,total_precipitation,2016,1,0.081165044680048481
emea,240802,ssa,025,19,total_precipitation,2016,2,1.1802230625990546
emea,240802,ssa,025,19,total_precipitation,2016,3,3.1218304134434618
emea,240802,ssa,025,19,total_precipitation,2016,4,98.869967368758424
emea,240802,ssa,025,19,total_precipitation,2016,5,51.255048686991323
emea,240802,ssa,025,19,total_precipitation,2016,6,11.168853315711928
emea,240802,ssa,025,19,total_precipitation,2016,7,13.899470682138286
emea,240802,ssa,025,19,total_precipitation,2016,8,7.3539628897071339
emea,240802,ssa,025,19,total_precipitation,2016,9,5.4737003500377028
emea,240802,ssa,025,19,total_precipitation,2016,10,20.445406378371686
emea,240802,ssa,025,19,total_precipitation,2016,11,26.961649036142873
emea,240802,ssa,025,19,total_precipitation,2016,12,5.0743379742711028
emea,240802,ssa,025,19,total_precipitation,2017,1,0.074189592028631068
emea,240802,ssa,025,19,total_precipitation,2017,2,1.2756740818483223
emea,240802,ssa,025,19,total_precipitation,2017,3,2.5331604242734471
emea,240802,ssa,025,19,total_precipitation,2017,4,45.022634694511616
emea,240802,ssa,025,19,total_precipitation,2017,5,49.518406863941927
emea,240802,ssa,025,19,total_precipitation,2017,6,0.0
emea,240802,ssa,025,19,total_precipitation,2017,7,18.842899085738864
emea,240802,ssa,025,19,total_precipitation,2017,8,11.11364235391693
emea,240802,ssa,025,19,total_precipitation,2017,9,17.574183385297673
emea,240802,ssa,025,19,total_precipitation,2017,10,63.330016979057675
emea,240802,ssa,025,19,total_precipitation,2017,11,65.0928692245626
emea,240802,ssa,025,19,total_precipitation,2017,12,0.015311511839527725
emea,240802,ssa,025,19,total_precipitation,2018,1,0.013199601208995659
emea,240802,ssa,025,19,total_precipitation,2018,2,1.312478029958001
emea,240802,ssa,025,19,total_precipitation,2018,3,16.530173855763664
emea,240802,ssa,025,19,total_precipitation,2018,4,169.84774053245962
emea,240802,ssa,025,19,total_precipitation,2018,5,75.015184420917279
emea,240802,ssa,025,19,total_precipitation,2018,6,12.389968742110028
emea,240802,ssa,025,19,total_precipitation,2018,7,5.1451930101849683
emea,240802,ssa,025,19,total_precipitation,2018,8,13.794634481168259
emea,240802,ssa,025,19,total_precipitation,2018,9,20.898318113181048
emea,240802,ssa,025,19,total_precipitation,2018,10,68.306136021486992
emea,240802,ssa,025,19,total_precipitation,2018,11,33.551296486321959
emea,240802,ssa,025,19,total_precipitation,2018,12,5.93195922488826
emea,240802,ssa,025,19,total_precipitation,2019,1,0.27283628665725246
emea,240802,ssa,025,19,total_precipitation,2019,2,0.56606626530927429
emea,240802,ssa,025,19,total_precipitation,2019,3,0.0
emea,240802,ssa,025,19,total_precipitation,2019,4,50.754998132490705
emea,240802,ssa,025,19,total_precipitation,2019,5,84.2244563084826
emea,240802,ssa,025,19,total_precipitation,2019,6,25.22739354560877
emea,240802,ssa,025,19,total_precipitation,2019,7,19.989860771841307
emea,240802,ssa,025,19,total_precipitation,2019,8,13.066580306668129
emea,240802,ssa,025,19,total_precipitation,2019,9,11.686180614837994
emea,240802,ssa,025,19,total_precipitation,2019,10,164.51583087770507
emea,240802,ssa,025,19,total_precipitation,2019,11,86.221168564344538
emea,240802,ssa,025,19,total_precipitation,2019,12,36.384193049868962
emea,240802,ssa,025,19,total_precipitation,2020,1,1.3781555635797815
emea,240802,ssa,025,19,total_precipitation,2020,2,0.44760471247521139
emea,240802,ssa,025,19,total_precipitation,2020,3,31.130747624928624
emea,240802,ssa,025,19,total_precipitation,2020,4,3.3394744626565824
emea,240802,ssa,025,19,total_precipitation,2020,5,36.664992643137346
emea,240802,ssa,025,19,total_precipitation,2020,6,14.841505790182595
emea,240802,ssa,025,19,total_precipitation,2020,7,21.330011321260876
emea,240802,ssa,025,19,total_precipitation,2020,8,14.852563875471702
emea,240802,ssa,025,19,total_precipitation,2020,9,15.112013111114848
emea,240802,ssa,025,19,total_precipitation,2020,10,45.312457923103224
emea,240802,ssa,025,19,total_precipitation,2020,11,32.13745455750189
emea,240802,ssa,025,19,total_precipitation,2020,12,0.94818373092178376
emea,240802,ssa,025,19,total_precipitation,2021,1,0.09760713714457836
emea,240802,ssa,025,19,total_precipitation,2021,2,0.028323243052255975
emea,240802,ssa,025,19,total_precipitation,2021,3,6.85620630942104
emea,240802,ssa,025,19,total_precipitation,2021,4,77.062807623964858
emea,240802,ssa,025,19,total_precipitation,2021,5,45.586247212127887
emea,240802,ssa,025,19,total_precipitation,2021,6,4.8820645851442919
emea,240802,ssa,025,19,total_precipitation,2021,7,20.943520078871373
emea,240802,ssa,025,19,total_precipitation,2021,8,10.197334525294423
emea,240802,ssa,025,19,total_precipitation,2021,9,13.095728128945964
emea,240802,ssa,025,19,total_precipitation,2021,10,11.89322855481258
emea,240802,ssa,025,19,total_precipitation,2021,11,8.0139685528788078
emea,240802,ssa,025,19,total_precipitation,2021,12,0.72199072621251048
emea,240802,ssa,025,19,total_precipitation,2022,1,0.66287609513696566
emea,240802,ssa,025,19,total_precipitation,2022,2,0.092802992100317283
emea,240802,ssa,025,19,total_precipitation,2022,3,5.76735401867451
emea,240802,ssa,025,19,total_precipitation,2022,4,24.886660900887158
emea,240802,ssa,025,19,total_precipitation,2022,5,25.734758933144747
emea,240802,ssa,025,19,total_precipitation,2022,6,6.4835578846064976
emea,240802,ssa,025,19,total_precipitation,2022,7,16.344677981914046
emea,240802,ssa,025,19,total_precipitation,2022,8,24.444670833193
emea,240802,ssa,025,19,total_precipitation,2022,9,11.97027315750303
emea,240802,ssa,025,19,total_precipitation,2022,10,34.918959185772977
emea,240802,ssa,025,19,total_precipitation,2022,11,10.170509098651536
emea,240802,ssa,025,19,total_precipitation,2022,12,1.9946048725014407
emea,240802,ssa,025,19,total_precipitation,2023,1,335.26972358202931
emea,240802,ssa,025,19,total_precipitation,2023,2,258.99384733843942
emea,240802,ssa,025,19,total_precipitation,2023,3,524.69851176257862
emea,240802,ssa,025,19,total_precipitation,2023,4,584.77271915994822
emea,240802,ssa,025,19,total_precipitation,2023,5,448.64511539690386
emea,240802,ssa,025,19,total_precipitation,2023,6,11.960707069161572
emea,240802,ssa,025,19,total_precipitation,2023,7,7.6167862282280652
emea,240802,ssa,025,19,total_precipitation,2023,8,2.8020713732022955
emea,240802,ssa,025,19,total_precipitation,2023,9,13.061351605301056
emea,240802,ssa,025,19,total_precipitation,2023,10,134.35331294347725
emea,240802,ssa,025,19,total_precipitation,2023,11,178.35235236259047
emea,240802,ssa,025,19,total_precipitation,2023,12,48.462190870954018
emea,240802,ssa,025,20,daylength,,1,686.29119086244725
emea,240802,ssa,025,20,daylength,,2,698.76944629052434
emea,240802,ssa,025,20,daylength,,3,715.74020283401069
emea,240802,ssa,025,20,daylength,,4,734.05990840457821
emea,240802,ssa,025,20,daylength,,5,749.45903919100022
emea,240802,ssa,025,20,daylength,,6,757.22017095302
emea,240802,ssa,025,20,daylength,,7,754.14175781513177
emea,240802,ssa,025,20,daylength,,8,741.23118531794785
emea,240802,ssa,025,20,daylength,,9,723.65271730852123
emea,240802,ssa,025,20,daylength,,10,705.36584173250117
emea,240802,ssa,025,20,daylength,,11,690.13843747402416
emea,240802,ssa,025,20,daylength,,12,682.80315175936573
emea,240802,ssa,025,20,elevation,,,1037.3941543351136
emea,240802,ssa,025,20,max_temperature,2014,1,28.938145467889925
emea,240802,ssa,025,20,max_temperature,2014,2,29.952336415832193
emea,240802,ssa,025,20,max_temperature,2014,3,32.184637068936972
emea,240802,ssa,025,20,max_temperature,2014,4,33.112976960598068
emea,240802,ssa,025,20,max_temperature,2014,5,33.122072092159591
emea,240802,ssa,025,20,max_temperature,2014,6,35.806943520256972
emea,240802,ssa,025,20,max_temperature,2014,7,34.756006539237852
emea,240802,ssa,025,20,max_temperature,2014,8,32.7927228771638
emea,240802,ssa,025,20,max_temperature,2014,9,32.447845331437144
emea,240802,ssa,025,20,max_temperature,2014,10,31.01140141884186
emea,240802,ssa,025,20,max_temperature,2014,11,29.738640858712404
emea,240802,ssa,025,20,max_temperature,2014,12,28.423986264461558
emea,240802,ssa,025,20,max_temperature,2015,1,28.425837319400014
emea,240802,ssa,025,20,max_temperature,2015,2,31.038276642694218
emea,240802,ssa,025,20,max_temperature,2015,3,33.002088858548859
emea,240802,ssa,025,20,max_temperature,2015,4,34.314235040047983
emea,240802,ssa,025,20,max_temperature,2015,5,34.251302408934016
emea,240802,ssa,025,20,max_temperature,2015,6,35.714006822359281
emea,240802,ssa,025,20,max_temperature,2015,7,36.157562461709475
emea,240802,ssa,025,20,max_temperature,2015,8,35.062260829137173
emea,240802,ssa,025,20,max_temperature,2015,9,34.096001582130555
emea,240802,ssa,025,20,max_temperature,2015,10,33.775974593333949
emea,240802,ssa,025,20,max_temperature,2015,11,30.907470903719055
emea,240802,ssa,025,20,max_temperature,2015,12,29.19301781955539
emea,240802,ssa,025,20,max_temperature,2016,1,29.298640943208074
emea,240802,ssa,025,20,max_temperature,2016,2,30.627934315844229
emea,240802,ssa,025,20,max_temperature,2016,3,35.270758209011063
emea,240802,ssa,025,20,max_temperature,2016,4,31.440712029562832
emea,240802,ssa,025,20,max_temperature,2016,5,34.671127291267652
emea,240802,ssa,025,20,max_temperature,2016,6,35.987337549050537
emea,240802,ssa,025,20,max_temperature,2016,7,34.154610986393507
emea,240802,ssa,025,20,max_temperature,2016,8,32.984286399959686
emea,240802,ssa,025,20,max_temperature,2016,9,33.916150737635689
emea,240802,ssa,025,20,max_temperature,2016,10,33.387850064083622
emea,240802,ssa,025,20,max_temperature,2016,11,30.763937138779685
emea,240802,ssa,025,20,max_temperature,2016,12,29.697660571356668
emea,240802,ssa,025,20,max_temperature,2017,1,30.203937370945681
emea,240802,ssa,025,20,max_temperature,2017,2,29.210362002070909
emea,240802,ssa,025,20,max_temperature,2017,3,33.0427155294986
emea,240802,ssa,025,20,max_temperature,2017,4,34.466127669951362
emea,240802,ssa,025,20,max_temperature,2017,5,33.410291945262323
emea,240802,ssa,025,20,max_temperature,2017,6,0.0
emea,240802,ssa,025,20,max_temperature,2017,7,35.530636545076476
emea,240802,ssa,025,20,max_temperature,2017,8,33.574804290984275
emea,240802,ssa,025,20,max_temperature,2017,9,33.221206128782121
emea,240802,ssa,025,20,max_temperature,2017,10,33.098292172227595
emea,240802,ssa,025,20,max_temperature,2017,11,30.465878795787777
emea,240802,ssa,025,20,max_temperature,2017,12,28.048636376893704
emea,240802,ssa,025,20,max_temperature,2018,1,27.796785582137861
emea,240802,ssa,025,20,max_temperature,2018,2,31.254868026606225
emea,240802,ssa,025,20,max_temperature,2018,3,32.190108867178964
emea,240802,ssa,025,20,max_temperature,2018,4,31.989368947847098
emea,240802,ssa,025,20,max_temperature,2018,5,34.355001695987568
emea,240802,ssa,025,20,max_temperature,2018,6,34.92533931996924
emea,240802,ssa,025,20,max_temperature,2018,7,34.453538805868746
emea,240802,ssa,025,20,max_temperature,2018,8,33.847979306909686
emea,240802,ssa,025,20,max_temperature,2018,9,33.770546691399225
emea,240802,ssa,025,20,max_temperature,2018,10,32.132606946081253
emea,240802,ssa,025,20,max_temperature,2018,11,30.354693659124056
emea,240802,ssa,025,20,max_temperature,2018,12,29.480975870885548
emea,240802,ssa,025,20,max_temperature,2019,1,30.251856260955641
emea,240802,ssa,025,20,max_temperature,2019,2,31.537395595661373
emea,240802,ssa,025,20,max_temperature,2019,3,0.0
emea,240802,ssa,025,20,max_temperature,2019,4,33.878531104657078
emea,240802,ssa,025,20,max_temperature,2019,5,34.793771981852224
emea,240802,ssa,025,20,max_temperature,2019,6,35.082323545451352
emea,240802,ssa,025,20,max_temperature,2019,7,34.783416981359878
emea,240802,ssa,025,20,max_temperature,2019,8,32.890933654996729
emea,240802,ssa,025,20,max_temperature,2019,9,32.920577449790038
emea,240802,ssa,025,20,max_temperature,2019,10,30.941626435289464
emea,240802,ssa,025,20,max_temperature,2019,11,30.713263584650932
emea,240802,ssa,025,20,max_temperature,2019,12,28.614873156937175
emea,240802,ssa,025,20,max_temperature,2020,1,28.454423470437721
emea,240802,ssa,025,20,max_temperature,2020,2,31.175942906001708
emea,240802,ssa,025,20,max_temperature,2020,3,32.614762304290871
emea,240802,ssa,025,20,max_temperature,2020,4,34.821542832675149
emea,240802,ssa,025,20,max_temperature,2020,5,34.54540082879317
emea,240802,ssa,025,20,max_temperature,2020,6,35.863110127762091
emea,240802,ssa,025,20,max_temperature,2020,7,33.339077198101265
emea,240802,ssa,025,20,max_temperature,2020,8,32.422556818930978
emea,240802,ssa,025,20,max_temperature,2020,9,33.476639915262155
emea,240802,ssa,025,20,max_temperature,2020,10,33.300581314791387
emea,240802,ssa,025,20,max_temperature,2020,11,31.007935724348584
emea,240802,ssa,025,20,max_temperature,2020,12,29.665244500495387
emea,240802,ssa,025,20,max_temperature,2021,1,29.00002288049523
emea,240802,ssa,025,20,max_temperature,2021,2,29.878485236186265
emea,240802,ssa,025,20,max_temperature,2021,3,33.145453452782995
emea,240802,ssa,025,20,max_temperature,2021,4,33.9761436250308
emea,240802,ssa,025,20,max_temperature,2021,5,34.799380241580678
emea,240802,ssa,025,20,max_temperature,2021,6,35.655260207193066
emea,240802,ssa,025,20,max_temperature,2021,7,32.276170228019758
emea,240802,ssa,025,20,max_temperature,2021,8,33.606549085286467
emea,240802,ssa,025,20,max_temperature,2021,9,33.772252925968772
emea,240802,ssa,025,20,max_temperature,2021,10,32.10294413798723
emea,240802,ssa,025,20,max_temperature,2021,11,31.264811952795743
emea,240802,ssa,025,20,max_temperature,2021,12,29.275784264272286
emea,240802,ssa,025,20,max_temperature,2022,1,29.331635593994058
emea,240802,ssa,025,20,max_temperature,2022,2,30.540637717479207
emea,240802,ssa,025,20,max_temperature,2022,3,32.478934436095059
emea,240802,ssa,025,20,max_temperature,2022,4,34.935831101501741
emea,240802,ssa,025,20,max_temperature,2022,5,36.376007922074649
emea,240802,ssa,025,20,max_temperature,2022,6,35.451912387032962
emea,240802,ssa,025,20,max_temperature,2022,7,32.805383558599367
emea,240802,ssa,025,20,max_temperature,2022,8,31.88396323140854
emea,240802,ssa,025,20,max_temperature,2022,9,33.428120564832653
emea,240802,ssa,025,20,max_temperature,2022,10,32.574811626881932
emea,240802,ssa,025,20,max_temperature,2022,11,30.850308820101731
emea,240802,ssa,025,20,max_temperature,2022,12,29.73587825226307
emea,240802,ssa,025,20,max_temperature,2023,1,29.325695079651172
emea,240802,ssa,025,20,max_temperature,2023,2,31.570010171973724
emea,240802,ssa,025,20,max_temperature,2023,3,29.804496339598817
emea,240802,ssa,025,20,max_temperature,2023,4,31.401083385770775
emea,240802,ssa,025,20,max_temperature,2023,5,33.0012732130705
emea,240802,ssa,025,20,max_temperature,2023,6,35.347327664064323
emea,240802,ssa,025,20,max_temperature,2023,7,35.523801452159312
emea,240802,ssa,025,20,max_temperature,2023,8,34.7515083962725
emea,240802,ssa,025,20,max_temperature,2023,9,34.748393386930033
emea,240802,ssa,025,20,max_temperature,2023,10,33.883980684034491
emea,240802,ssa,025,20,max_temperature,2023,11,30.729223421448491
emea,240802,ssa,025,20,max_temperature,2023,12,29.9181390576574
emea,240802,ssa,025,20,temp_range,2014,1,12.734179149288067
emea,240802,ssa,025,20,temp_range,2014,2,11.338856196903251
emea,240802,ssa,025,20,temp_range,2014,3,11.731384053448418
emea,240802,ssa,025,20,temp_range,2014,4,11.368574877930895
emea,240802,ssa,025,20,temp_range,2014,5,10.824812840450376
emea,240802,ssa,025,20,temp_range,2014,6,12.622971360825204
emea,240802,ssa,025,20,temp_range,2014,7,11.275611532713391
emea,240802,ssa,025,20,temp_range,2014,8,10.595801762291266
emea,240802,ssa,025,20,temp_range,2014,9,10.5507365657257
emea,240802,ssa,025,20,temp_range,2014,10,11.511808006299709
emea,240802,ssa,025,20,temp_range,2014,11,11.139159350669402
emea,240802,ssa,025,20,temp_range,2014,12,12.6366009008824
emea,240802,ssa,025,20,temp_range,2015,1,13.375612872245378
emea,240802,ssa,025,20,temp_range,2015,2,14.262647685210727
emea,240802,ssa,025,20,temp_range,2015,3,13.58681849489129
emea,240802,ssa,025,20,temp_range,2015,4,13.881118433557798
emea,240802,ssa,025,20,temp_range,2015,5,11.583002387148976
emea,240802,ssa,025,20,temp_range,2015,6,12.38892378055327
emea,240802,ssa,025,20,temp_range,2015,7,12.570709765668557
emea,240802,ssa,025,20,temp_range,2015,8,11.59671751990539
emea,240802,ssa,025,20,temp_range,2015,9,10.96225090809186
emea,240802,ssa,025,20,temp_range,2015,10,12.821030266434065
emea,240802,ssa,025,20,temp_range,2015,11,12.152412345939304
emea,240802,ssa,025,20,temp_range,2015,12,11.209978264345244
emea,240802,ssa,025,20,temp_range,2016,1,10.633026444766969
emea,240802,ssa,025,20,temp_range,2016,2,13.234426054115682
emea,240802,ssa,025,20,temp_range,2016,3,12.6330442034744
emea,240802,ssa,025,20,temp_range,2016,4,9.5364255161083058
emea,240802,ssa,025,20,temp_range,2016,5,11.834629671152534
emea,240802,ssa,025,20,temp_range,2016,6,12.749559065835076
emea,240802,ssa,025,20,temp_range,2016,7,11.27112180289086
emea,240802,ssa,025,20,temp_range,2016,8,10.612178059703865
emea,240802,ssa,025,20,temp_range,2016,9,10.894264964721614
emea,240802,ssa,025,20,temp_range,2016,10,12.806749893545033
emea,240802,ssa,025,20,temp_range,2016,11,13.43260993086705
emea,240802,ssa,025,20,temp_range,2016,12,13.744353574344313
emea,240802,ssa,025,20,temp_range,2017,1,15.241668281153521
emea,240802,ssa,025,20,temp_range,2017,2,11.02380050417498
emea,240802,ssa,025,20,temp_range,2017,3,12.746546668440216
emea,240802,ssa,025,20,temp_range,2017,4,12.677161240010609
emea,240802,ssa,025,20,temp_range,2017,5,10.418524978967138
emea,240802,ssa,025,20,temp_range,2017,6,0.0
emea,240802,ssa,025,20,temp_range,2017,7,11.363910955731168
emea,240802,ssa,025,20,temp_range,2017,8,10.247149284073217
emea,240802,ssa,025,20,temp_range,2017,9,10.211788469074733
emea,240802,ssa,025,20,temp_range,2017,10,11.361370575654824
emea,240802,ssa,025,20,temp_range,2017,11,12.20059246580019
emea,240802,ssa,025,20,temp_range,2017,12,13.06864345698339
emea,240802,ssa,025,20,temp_range,2018,1,12.15078919105839
emea,240802,ssa,025,20,temp_range,2018,2,12.296070774593961
emea,240802,ssa,025,20,temp_range,2018,3,11.758441662796354
emea,240802,ssa,025,20,temp_range,2018,4,10.164757058554336
emea,240802,ssa,025,20,temp_range,2018,5,12.26258240494443
emea,240802,ssa,025,20,temp_range,2018,6,11.742276598730806
emea,240802,ssa,025,20,temp_range,2018,7,11.396956902485233
emea,240802,ssa,025,20,temp_range,2018,8,11.02869104457049
emea,240802,ssa,025,20,temp_range,2018,9,11.10950661697084
emea,240802,ssa,025,20,temp_range,2018,10,11.634176415986483
emea,240802,ssa,025,20,temp_range,2018,11,11.477947189752841
emea,240802,ssa,025,20,temp_range,2018,12,12.280057691255134
emea,240802,ssa,025,20,temp_range,2019,1,14.17010595383675
emea,240802,ssa,025,20,temp_range,2019,2,12.432332971207304
emea,240802,ssa,025,20,temp_range,2019,3,0.0
emea,240802,ssa,025,20,temp_range,2019,4,11.118518076785717
emea,240802,ssa,025,20,temp_range,2019,5,11.537223565481835
emea,240802,ssa,025,20,temp_range,2019,6,11.63088194708998
emea,240802,ssa,025,20,temp_range,2019,7,11.062831872709729
emea,240802,ssa,025,20,temp_range,2019,8,10.538461508884957
emea,240802,ssa,025,20,temp_range,2019,9,10.337162636558549
emea,240802,ssa,025,20,temp_range,2019,10,10.755665662874334
emea,240802,ssa,025,20,temp_range,2019,11,11.202809884114417
emea,240802,ssa,025,20,temp_range,2019,12,11.579972406064096
emea,240802,ssa,025,20,temp_range,2020,1,11.196253302680796
emea,240802,ssa,025,20,temp_range,2020,2,12.537302144087473
emea,240802,ssa,025,20,temp_range,2020,3,12.353570013284518
emea,240802,ssa,025,20,temp_range,2020,4,13.193499523938087
emea,240802,ssa,025,20,temp_range,2020,5,11.685053774464235
emea,240802,ssa,025,20,temp_range,2020,6,12.44454216606365
emea,240802,ssa,025,20,temp_range,2020,7,10.450352555750744
emea,240802,ssa,025,20,temp_range,2020,8,10.429800449523297
emea,240802,ssa,025,20,temp_range,2020,9,10.865241815856463
emea,240802,ssa,025,20,temp_range,2020,10,13.16286663880577
emea,240802,ssa,025,20,temp_range,2020,11,13.798779338031903
emea,240802,ssa,025,20,temp_range,2020,12,13.131382506719081
emea,240802,ssa,025,20,temp_range,2021,1,13.168895984562935
emea,240802,ssa,025,20,temp_range,2021,2,12.675678071252943
emea,240802,ssa,025,20,temp_range,2021,3,13.709461957339025
emea,240802,ssa,025,20,temp_range,2021,4,12.286174573552879
emea,240802,ssa,025,20,temp_range,2021,5,12.695448819040413
emea,240802,ssa,025,20,temp_range,2021,6,12.8297738572743
emea,240802,ssa,025,20,temp_range,2021,7,9.9695595199919662
emea,240802,ssa,025,20,temp_range,2021,8,11.103769219329102
emea,240802,ssa,025,20,temp_range,2021,9,10.969118355423312
emea,240802,ssa,025,20,temp_range,2021,10,12.443017964431613
emea,240802,ssa,025,20,temp_range,2021,11,13.091966600191919
emea,240802,ssa,025,20,temp_range,2021,12,12.759270611973148
emea,240802,ssa,025,20,temp_range,2022,1,12.098271287298774
emea,240802,ssa,025,20,temp_range,2022,2,13.34110373768211
emea,240802,ssa,025,20,temp_range,2022,3,13.533023326839283
emea,240802,ssa,025,20,temp_range,2022,4,12.845876342792476
emea,240802,ssa,025,20,temp_range,2022,5,14.03623460792886
emea,240802,ssa,025,20,temp_range,2022,6,12.21339765119335
emea,240802,ssa,025,20,temp_range,2022,7,10.420499395987488
emea,240802,ssa,025,20,temp_range,2022,8,9.9386647942728281
emea,240802,ssa,025,20,temp_range,2022,9,10.635573884612558
emea,240802,ssa,025,20,temp_range,2022,10,11.447180499203004
emea,240802,ssa,025,20,temp_range,2022,11,13.328894030195338
emea,240802,ssa,025,20,temp_range,2022,12,12.915636341762809
emea,240802,ssa,025,20,temp_range,2023,1,13.288799217442023
emea,240802,ssa,025,20,temp_range,2023,2,14.511273844201806
emea,240802,ssa,025,20,temp_range,2023,3,9.8512155702368549
emea,240802,ssa,025,20,temp_range,2023,4,10.255381716300716
emea,240802,ssa,025,20,temp_range,2023,5,10.611167710870607
emea,240802,ssa,025,20,temp_range,2023,6,12.244274101777492
emea,240802,ssa,025,20,temp_range,2023,7,11.777238769089639
emea,240802,ssa,025,20,temp_range,2023,8,11.037461489210067
emea,240802,ssa,025,20,temp_range,2023,9,10.444910123277687
emea,240802,ssa,025,20,temp_range,2023,10,11.29485526133222
emea,240802,ssa,025,20,temp_range,2023,11,11.123109457813507
emea,240802,ssa,025,20,temp_range,2023,12,11.902087915791352
emea,240802,ssa,025,20,total_precipitation,2014,1,4.52394043427087
emea,240802,ssa,025,20,total_precipitation,2014,2,24.455492566623924
emea,240802,ssa,025,20,total_precipitation,2014,3,40.07091625404901
emea,240802,ssa,025,20,total_precipitation,2014,4,49.322777424639881
emea,240802,ssa,025,20,total_precipitation,2014,5,38.984436745848754
emea,240802,ssa,025,20,total_precipitation,2014,6,4.490453531649905
emea,240802,ssa,025,20,total_precipitation,2014,7,37.60795724942745
emea,240802,ssa,025,20,total_precipitation,2014,8,66.427512686389633
emea,240802,ssa,025,20,total_precipitation,2014,9,42.025370933769011
emea,240802,ssa,025,20,total_precipitation,2014,10,83.100249909532309
emea,240802,ssa,025,20,total_precipitation,2014,11,9.54988478035358
emea,240802,ssa,025,20,total_precipitation,2014,12,1.7115622145464187
emea,240802,ssa,025,20,total_precipitation,2015,1,10.116461333175877
emea,240802,ssa,025,20,total_precipitation,2015,2,3.3910117451252688
emea,240802,ssa,025,20,total_precipitation,2015,3,28.556420403115837
emea,240802,ssa,025,20,total_precipitation,2015,4,6.9209003018497839
emea,240802,ssa,025,20,total_precipitation,2015,5,65.750728330453882
emea,240802,ssa,025,20,total_precipitation,2015,6,25.606923648001377
emea,240802,ssa,025,20,total_precipitation,2015,7,17.352244272159837
emea,240802,ssa,025,20,total_precipitation,2015,8,34.418502997986053
emea,240802,ssa,025,20,total_precipitation,2015,9,15.968918729369534
emea,240802,ssa,025,20,total_precipitation,2015,10,5.8994804138838219
emea,240802,ssa,025,20,total_precipitation,2015,11,22.024645642204739
emea,240802,ssa,025,20,total_precipitation,2015,12,22.731716906117072
emea,240802,ssa,025,20,total_precipitation,2016,1,26.958660053595281
emea,240802,ssa,025,20,total_precipitation,2016,2,6.3630465147469408
emea,240802,ssa,025,20,total_precipitation,2016,3,11.920802536040426
emea,240802,ssa,025,20,total_precipitation,2016,4,223.81695350870004
emea,240802,ssa,025,20,total_precipitation,2016,5,65.134962188651187
emea,240802,ssa,025,20,total_precipitation,2016,6,8.5652348727643925
emea,240802,ssa,025,20,total_precipitation,2016,7,71.874834057469442
emea,240802,ssa,025,20,total_precipitation,2016,8,63.482193308731141
emea,240802,ssa,025,20,total_precipitation,2016,9,11.326033127545244
emea,240802,ssa,025,20,total_precipitation,2016,10,4.6235278123777164
emea,240802,ssa,025,20,total_precipitation,2016,11,22.4728179811162
emea,240802,ssa,025,20,total_precipitation,2016,12,2.3353461324278868
emea,240802,ssa,025,20,total_precipitation,2017,1,0.67377846116900741
emea,240802,ssa,025,20,total_precipitation,2017,2,54.0140909913476
emea,240802,ssa,025,20,total_precipitation,2017,3,40.425533184091805
emea,240802,ssa,025,20,total_precipitation,2017,4,16.086842104402095
emea,240802,ssa,025,20,total_precipitation,2017,5,61.89242355507821
emea,240802,ssa,025,20,total_precipitation,2017,6,0.0
emea,240802,ssa,025,20,total_precipitation,2017,7,26.288122890049095
emea,240802,ssa,025,20,total_precipitation,2017,8,61.48065295184098
emea,240802,ssa,025,20,total_precipitation,2017,9,35.269076056719214
emea,240802,ssa,025,20,total_precipitation,2017,10,11.478136199056578
emea,240802,ssa,025,20,total_precipitation,2017,11,1.9129174660821349
emea,240802,ssa,025,20,total_precipitation,2017,12,0.02689129222572717
emea,240802,ssa,025,20,total_precipitation,2018,1,8.66150098505102
emea,240802,ssa,025,20,total_precipitation,2018,2,10.033924969108028
emea,240802,ssa,025,20,total_precipitation,2018,3,38.733606654254139
emea,240802,ssa,025,20,total_precipitation,2018,4,102.84419089408266
emea,240802,ssa,025,20,total_precipitation,2018,5,57.931209935566372
emea,240802,ssa,025,20,total_precipitation,2018,6,19.841269846596887
emea,240802,ssa,025,20,total_precipitation,2018,7,50.010200633722576
emea,240802,ssa,025,20,total_precipitation,2018,8,48.83876053080126
emea,240802,ssa,025,20,total_precipitation,2018,9,19.531962055821239
emea,240802,ssa,025,20,total_precipitation,2018,10,43.988271946053409
emea,240802,ssa,025,20,total_precipitation,2018,11,26.590498293415123
emea,240802,ssa,025,20,total_precipitation,2018,12,2.3338109807801004
emea,240802,ssa,025,20,total_precipitation,2019,1,0.18863980749215159
emea,240802,ssa,025,20,total_precipitation,2019,2,11.595860082417531
emea,240802,ssa,025,20,total_precipitation,2019,3,0.0
emea,240802,ssa,025,20,total_precipitation,2019,4,45.8895141187519
emea,240802,ssa,025,20,total_precipitation,2019,5,57.06391517039188
emea,240802,ssa,025,20,total_precipitation,2019,6,23.6963900638558
emea,240802,ssa,025,20,total_precipitation,2019,7,43.274546956178668
emea,240802,ssa,025,20,total_precipitation,2019,8,76.325039032004625
emea,240802,ssa,025,20,total_precipitation,2019,9,51.5922402058493
emea,240802,ssa,025,20,total_precipitation,2019,10,56.733370938314785
emea,240802,ssa,025,20,total_precipitation,2019,11,55.098267559406175
emea,240802,ssa,025,20,total_precipitation,2019,12,20.506714389312478
emea,240802,ssa,025,20,total_precipitation,2020,1,17.73658412849457
emea,240802,ssa,025,20,total_precipitation,2020,2,10.36755874985036
emea,240802,ssa,025,20,total_precipitation,2020,3,45.858429114676127
emea,240802,ssa,025,20,total_precipitation,2020,4,10.890708268950462
emea,240802,ssa,025,20,total_precipitation,2020,5,27.370635736505797
emea,240802,ssa,025,20,total_precipitation,2020,6,11.388216612825175
emea,240802,ssa,025,20,total_precipitation,2020,7,84.004675174470265
emea,240802,ssa,025,20,total_precipitation,2020,8,98.862399455436744
emea,240802,ssa,025,20,total_precipitation,2020,9,18.568210498205161
emea,240802,ssa,025,20,total_precipitation,2020,10,4.6858165901594617
emea,240802,ssa,025,20,total_precipitation,2020,11,14.255852612182423
emea,240802,ssa,025,20,total_precipitation,2020,12,3.5262676373792061
emea,240802,ssa,025,20,total_precipitation,2021,1,0.43125981329670537
emea,240802,ssa,025,20,total_precipitation,2021,2,12.79870485221474
emea,240802,ssa,025,20,total_precipitation,2021,3,0.570449099124616
emea,240802,ssa,025,20,total_precipitation,2021,4,67.944951003823221
emea,240802,ssa,025,20,total_precipitation,2021,5,90.062846883654
emea,240802,ssa,025,20,total_precipitation,2021,6,1.0744584670747344
emea,240802,ssa,025,20,total_precipitation,2021,7,79.558972161916529
emea,240802,ssa,025,20,total_precipitation,2021,8,40.789866595945874
emea,240802,ssa,025,20,total_precipitation,2021,9,20.122744510639379
emea,240802,ssa,025,20,total_precipitation,2021,10,35.74194922494226
emea,240802,ssa,025,20,total_precipitation,2021,11,1.1450055378205946
emea,240802,ssa,025,20,total_precipitation,2021,12,1.6065479498121817
emea,240802,ssa,025,20,total_precipitation,2022,1,15.810964330689245
emea,240802,ssa,025,20,total_precipitation,2022,2,2.2513367568713534
emea,240802,ssa,025,20,total_precipitation,2022,3,5.4794539606820791
emea,240802,ssa,025,20,total_precipitation,2022,4,14.730039118098176
emea,240802,ssa,025,20,total_precipitation,2022,5,1.1455229255891055
emea,240802,ssa,025,20,total_precipitation,2022,6,10.033471703703341
emea,240802,ssa,025,20,total_precipitation,2022,7,63.912496440018209
emea,240802,ssa,025,20,total_precipitation,2022,8,86.9133946656553
emea,240802,ssa,025,20,total_precipitation,2022,9,23.640930281995296
emea,240802,ssa,025,20,total_precipitation,2022,10,6.3832633706196873
emea,240802,ssa,025,20,total_precipitation,2022,11,10.111681644136056
emea,240802,ssa,025,20,total_precipitation,2022,12,14.512012846241888
emea,240802,ssa,025,20,total_precipitation,2023,1,298.5971713863928
emea,240802,ssa,025,20,total_precipitation,2023,2,215.61802259166276
emea,240802,ssa,025,20,total_precipitation,2023,3,472.14224639286351
emea,240802,ssa,025,20,total_precipitation,2023,4,466.39001352916944
emea,240802,ssa,025,20,total_precipitation,2023,5,364.30154900655236
emea,240802,ssa,025,20,total_precipitation,2023,6,6.3970422438409287
emea,240802,ssa,025,20,total_precipitation,2023,7,22.502298792062859
emea,240802,ssa,025,20,total_precipitation,2023,8,36.857523680153939
emea,240802,ssa,025,20,total_precipitation,2023,9,15.256743197930547
emea,240802,ssa,025,20,total_precipitation,2023,10,61.6947009621396
emea,240802,ssa,025,20,total_precipitation,2023,11,21.644339514873934
emea,240802,ssa,025,20,total_precipitation,2023,12,33.190478568776889
emea,240802,ssa,025,21,daylength,,1,698.29997101434776
emea,240802,ssa,025,21,daylength,,2,706.328471122151
emea,240802,ssa,025,21,daylength,,3,717.2563276346674
emea,240802,ssa,025,21,daylength,,4,729.05502090005882
emea,240802,ssa,025,21,daylength,,5,738.96661821099531
emea,240802,ssa,025,21,daylength,,6,743.95767917255512
emea,240802,ssa,025,21,daylength,,7,741.97843799352438
emea,240802,ssa,025,21,daylength,,8,733.67193674464454
emea,240802,ssa,025,21,daylength,,9,722.352666164834
emea,240802,ssa,025,21,daylength,,10,710.57521547507031
emea,240802,ssa,025,21,daylength,,11,700.77444041461877
emea,240802,ssa,025,21,daylength,,12,696.05731363102961
emea,240802,ssa,025,21,elevation,,,937.54078931517
emea,240802,ssa,025,21,max_temperature,2014,1,31.115028122643636
emea,240802,ssa,025,21,max_temperature,2014,2,32.172575913043971
emea,240802,ssa,025,21,max_temperature,2014,3,32.235461706765051
emea,240802,ssa,025,21,max_temperature,2014,4,31.690518720981196
emea,240802,ssa,025,21,max_temperature,2014,5,29.169442249756564
emea,240802,ssa,025,21,max_temperature,2014,6,29.864049656215634
emea,240802,ssa,025,21,max_temperature,2014,7,28.235609868999514
emea,240802,ssa,025,21,max_temperature,2014,8,28.751814936633217
emea,240802,ssa,025,21,max_temperature,2014,9,30.38306345400332
emea,240802,ssa,025,21,max_temperature,2014,10,28.5845696074678
emea,240802,ssa,025,21,max_temperature,2014,11,28.755567478949203
emea,240802,ssa,025,21,max_temperature,2014,12,30.788433734949489
emea,240802,ssa,025,21,max_temperature,2015,1,31.592936720681244
emea,240802,ssa,025,21,max_temperature,2015,2,32.36968132798372
emea,240802,ssa,025,21,max_temperature,2015,3,32.768844754179106
emea,240802,ssa,025,21,max_temperature,2015,4,28.90360394328874
emea,240802,ssa,025,21,max_temperature,2015,5,28.623100215065222
emea,240802,ssa,025,21,max_temperature,2015,6,30.24895313925164
emea,240802,ssa,025,21,max_temperature,2015,7,28.608306763162066
emea,240802,ssa,025,21,max_temperature,2015,8,29.557623247980512
emea,240802,ssa,025,21,max_temperature,2015,9,31.534009616182114
emea,240802,ssa,025,21,max_temperature,2015,10,28.511954331825113
emea,240802,ssa,025,21,max_temperature,2015,11,28.999578931994169
emea,240802,ssa,025,21,max_temperature,2015,12,31.318644050645428
emea,240802,ssa,025,21,max_temperature,2016,1,32.072013767279458
emea,240802,ssa,025,21,max_temperature,2016,2,32.694721580879879
emea,240802,ssa,025,21,max_temperature,2016,3,34.59795732105475
emea,240802,ssa,025,21,max_temperature,2016,4,30.866660687075772
emea,240802,ssa,025,21,max_temperature,2016,5,29.038422997969182
emea,240802,ssa,025,21,max_temperature,2016,6,28.309625509436984
emea,240802,ssa,025,21,max_temperature,2016,7,28.059574633758121
emea,240802,ssa,025,21,max_temperature,2016,8,29.151294541988392
emea,240802,ssa,025,21,max_temperature,2016,9,30.616258422231315
emea,240802,ssa,025,21,max_temperature,2016,10,30.109369472326939
emea,240802,ssa,025,21,max_temperature,2016,11,30.36765564581091
emea,240802,ssa,025,21,max_temperature,2016,12,31.176210681341249
emea,240802,ssa,025,21,max_temperature,2017,1,31.743844290612394
emea,240802,ssa,025,21,max_temperature,2017,2,31.895032149172355
emea,240802,ssa,025,21,max_temperature,2017,3,33.486291307015591
emea,240802,ssa,025,21,max_temperature,2017,4,31.930568215179914
emea,240802,ssa,025,21,max_temperature,2017,5,30.268704723537322
emea,240802,ssa,025,21,max_temperature,2017,6,0.0
emea,240802,ssa,025,21,max_temperature,2017,7,29.001098952554951
emea,240802,ssa,025,21,max_temperature,2017,8,29.377371869701882
emea,240802,ssa,025,21,max_temperature,2017,9,30.503876864693915
emea,240802,ssa,025,21,max_temperature,2017,10,30.349916317160009
emea,240802,ssa,025,21,max_temperature,2017,11,28.3208456934934
emea,240802,ssa,025,21,max_temperature,2017,12,30.014790465835869
emea,240802,ssa,025,21,max_temperature,2018,1,30.645673562348865
emea,240802,ssa,025,21,max_temperature,2018,2,31.696235778363118
emea,240802,ssa,025,21,max_temperature,2018,3,31.541435688279464
emea,240802,ssa,025,21,max_temperature,2018,4,28.596073418936697
emea,240802,ssa,025,21,max_temperature,2018,5,28.349834855353031
emea,240802,ssa,025,21,max_temperature,2018,6,27.810164882837057
emea,240802,ssa,025,21,max_temperature,2018,7,27.429927782328093
emea,240802,ssa,025,21,max_temperature,2018,8,28.592950532779977
emea,240802,ssa,025,21,max_temperature,2018,9,30.639794421708689
emea,240802,ssa,025,21,max_temperature,2018,10,29.069682662104231
emea,240802,ssa,025,21,max_temperature,2018,11,29.623691806905413
emea,240802,ssa,025,21,max_temperature,2018,12,30.839682621012994
emea,240802,ssa,025,21,max_temperature,2019,1,31.741374159581998
emea,240802,ssa,025,21,max_temperature,2019,2,32.896273694730411
emea,240802,ssa,025,21,max_temperature,2019,3,0.0
emea,240802,ssa,025,21,max_temperature,2019,4,32.673386619911589
emea,240802,ssa,025,21,max_temperature,2019,5,28.9390708275974
emea,240802,ssa,025,21,max_temperature,2019,6,28.493419447339182
emea,240802,ssa,025,21,max_temperature,2019,7,28.573894703960516
emea,240802,ssa,025,21,max_temperature,2019,8,29.669032175757906
emea,240802,ssa,025,21,max_temperature,2019,9,30.925537545498454
emea,240802,ssa,025,21,max_temperature,2019,10,28.205666261021296
emea,240802,ssa,025,21,max_temperature,2019,11,28.151309815232761
emea,240802,ssa,025,21,max_temperature,2019,12,29.631835113246058
emea,240802,ssa,025,21,max_temperature,2020,1,31.331593820234485
emea,240802,ssa,025,21,max_temperature,2020,2,33.192641006477196
emea,240802,ssa,025,21,max_temperature,2020,3,32.875682191064726
emea,240802,ssa,025,21,max_temperature,2020,4,30.881516195109736
emea,240802,ssa,025,21,max_temperature,2020,5,29.986097235323168
emea,240802,ssa,025,21,max_temperature,2020,6,29.921622358145182
emea,240802,ssa,025,21,max_temperature,2020,7,27.920093990375062
emea,240802,ssa,025,21,max_temperature,2020,8,28.473723884790846
emea,240802,ssa,025,21,max_temperature,2020,9,30.590308438354263
emea,240802,ssa,025,21,max_temperature,2020,10,30.894224022981788
emea,240802,ssa,025,21,max_temperature,2020,11,30.238532649695905
emea,240802,ssa,025,21,max_temperature,2020,12,31.221392670853927
emea,240802,ssa,025,21,max_temperature,2021,1,31.334481699610379
emea,240802,ssa,025,21,max_temperature,2021,2,32.467146660048712
emea,240802,ssa,025,21,max_temperature,2021,3,32.873666447479231
emea,240802,ssa,025,21,max_temperature,2021,4,31.406182825742093
emea,240802,ssa,025,21,max_temperature,2021,5,29.524431980803616
emea,240802,ssa,025,21,max_temperature,2021,6,29.303123052923691
emea,240802,ssa,025,21,max_temperature,2021,7,26.49853698372841
emea,240802,ssa,025,21,max_temperature,2021,8,30.408134533316758
emea,240802,ssa,025,21,max_temperature,2021,9,30.995723532597026
emea,240802,ssa,025,21,max_temperature,2021,10,31.7382079634996
emea,240802,ssa,025,21,max_temperature,2021,11,31.777758492975817
emea,240802,ssa,025,21,max_temperature,2021,12,30.837482967068109
emea,240802,ssa,025,21,max_temperature,2022,1,32.021379914008286
emea,240802,ssa,025,21,max_temperature,2022,2,32.910382361292918
emea,240802,ssa,025,21,max_temperature,2022,3,33.402638818962316
emea,240802,ssa,025,21,max_temperature,2022,4,32.337010825986106
emea,240802,ssa,025,21,max_temperature,2022,5,31.646158134574744
emea,240802,ssa,025,21,max_temperature,2022,6,29.903399774262127
emea,240802,ssa,025,21,max_temperature,2022,7,27.397456083217875
emea,240802,ssa,025,21,max_temperature,2022,8,28.513205701200249
emea,240802,ssa,025,21,max_temperature,2022,9,30.531435150451095
emea,240802,ssa,025,21,max_temperature,2022,10,29.695206034838343
emea,240802,ssa,025,21,max_temperature,2022,11,30.461730243051253
emea,240802,ssa,025,21,max_temperature,2022,12,31.401698000657436
emea,240802,ssa,025,21,max_temperature,2023,1,31.631867624886322
emea,240802,ssa,025,21,max_temperature,2023,2,32.950379142734562
emea,240802,ssa,025,21,max_temperature,2023,3,31.231096152502811
emea,240802,ssa,025,21,max_temperature,2023,4,29.885606898249112
emea,240802,ssa,025,21,max_temperature,2023,5,29.597136903838333
emea,240802,ssa,025,21,max_temperature,2023,6,29.970122297720913
emea,240802,ssa,025,21,max_temperature,2023,7,27.983930829377563
emea,240802,ssa,025,21,max_temperature,2023,8,29.850528341074252
emea,240802,ssa,025,21,max_temperature,2023,9,31.836614904601682
emea,240802,ssa,025,21,max_temperature,2023,10,29.071257332688138
emea,240802,ssa,025,21,max_temperature,2023,11,28.15836379631773
emea,240802,ssa,025,21,max_temperature,2023,12,30.979894826213794
emea,240802,ssa,025,21,temp_range,2014,1,13.743295051951071
emea,240802,ssa,025,21,temp_range,2014,2,12.754529650738407
emea,240802,ssa,025,21,temp_range,2014,3,11.448582124231061
emea,240802,ssa,025,21,temp_range,2014,4,10.013117206146244
emea,240802,ssa,025,21,temp_range,2014,5,8.3208197876632077
emea,240802,ssa,025,21,temp_range,2014,6,8.5601052506399977
emea,240802,ssa,025,21,temp_range,2014,7,7.6779805885378218
emea,240802,ssa,025,21,temp_range,2014,8,8.0058448397747739
emea,240802,ssa,025,21,temp_range,2014,9,8.7808856472576586
emea,240802,ssa,025,21,temp_range,2014,10,8.8194844931347767
emea,240802,ssa,025,21,temp_range,2014,11,9.9599773731635111
emea,240802,ssa,025,21,temp_range,2014,12,13.544025856802707
emea,240802,ssa,025,21,temp_range,2015,1,14.905679245017206
emea,240802,ssa,025,21,temp_range,2015,2,13.981797088038036
emea,240802,ssa,025,21,temp_range,2015,3,12.236360735838659
emea,240802,ssa,025,21,temp_range,2015,4,8.6510484513090287
emea,240802,ssa,025,21,temp_range,2015,5,7.879304011411409
emea,240802,ssa,025,21,temp_range,2015,6,8.6205878281371469
emea,240802,ssa,025,21,temp_range,2015,7,7.9383476263689694
emea,240802,ssa,025,21,temp_range,2015,8,9.1996432534170012
emea,240802,ssa,025,21,temp_range,2015,9,9.6693323429036564
emea,240802,ssa,025,21,temp_range,2015,10,8.426895417229094
emea,240802,ssa,025,21,temp_range,2015,11,10.213551349789524
emea,240802,ssa,025,21,temp_range,2015,12,12.758133710375557
emea,240802,ssa,025,21,temp_range,2016,1,12.421258923008056
emea,240802,ssa,025,21,temp_range,2016,2,13.905660534894098
emea,240802,ssa,025,21,temp_range,2016,3,12.160120150543969
emea,240802,ssa,025,21,temp_range,2016,4,8.9565226820949171
emea,240802,ssa,025,21,temp_range,2016,5,8.3608662651162291
emea,240802,ssa,025,21,temp_range,2016,6,7.8506823026329791
emea,240802,ssa,025,21,temp_range,2016,7,7.8602546225281369
emea,240802,ssa,025,21,temp_range,2016,8,8.7010453253867936
emea,240802,ssa,025,21,temp_range,2016,9,9.75149085302677
emea,240802,ssa,025,21,temp_range,2016,10,9.0642799334055759
emea,240802,ssa,025,21,temp_range,2016,11,11.034141864048737
emea,240802,ssa,025,21,temp_range,2016,12,13.654155183655671
emea,240802,ssa,025,21,temp_range,2017,1,15.067248198045188
emea,240802,ssa,025,21,temp_range,2017,2,12.267180519289987
emea,240802,ssa,025,21,temp_range,2017,3,12.917753465486895
emea,240802,ssa,025,21,temp_range,2017,4,9.5929020938623975
emea,240802,ssa,025,21,temp_range,2017,5,8.7459134589936873
emea,240802,ssa,025,21,temp_range,2017,6,0.0
emea,240802,ssa,025,21,temp_range,2017,7,7.8656907893213521
emea,240802,ssa,025,21,temp_range,2017,8,7.9537375697236659
emea,240802,ssa,025,21,temp_range,2017,9,8.8095513372312588
emea,240802,ssa,025,21,temp_range,2017,10,8.7476043957184473
emea,240802,ssa,025,21,temp_range,2017,11,10.628180591875211
emea,240802,ssa,025,21,temp_range,2017,12,13.459454242650089
emea,240802,ssa,025,21,temp_range,2018,1,13.673640947585355
emea,240802,ssa,025,21,temp_range,2018,2,11.848563567226822
emea,240802,ssa,025,21,temp_range,2018,3,10.972554335415238
emea,240802,ssa,025,21,temp_range,2018,4,8.18313582158222
emea,240802,ssa,025,21,temp_range,2018,5,8.1686694092569816
emea,240802,ssa,025,21,temp_range,2018,6,7.4423405054791063
emea,240802,ssa,025,21,temp_range,2018,7,7.3892085446208418
emea,240802,ssa,025,21,temp_range,2018,8,8.4276513758053966
emea,240802,ssa,025,21,temp_range,2018,9,9.29028428370683
emea,240802,ssa,025,21,temp_range,2018,10,8.9088567822902309
emea,240802,ssa,025,21,temp_range,2018,11,10.687128109891015
emea,240802,ssa,025,21,temp_range,2018,12,12.26142950829605
emea,240802,ssa,025,21,temp_range,2019,1,14.005107215950584
emea,240802,ssa,025,21,temp_range,2019,2,12.907935838974929
emea,240802,ssa,025,21,temp_range,2019,3,0.0
emea,240802,ssa,025,21,temp_range,2019,4,9.7595510076864738
emea,240802,ssa,025,21,temp_range,2019,5,8.265968640056256
emea,240802,ssa,025,21,temp_range,2019,6,7.455079057243907
emea,240802,ssa,025,21,temp_range,2019,7,7.7789215471497251
emea,240802,ssa,025,21,temp_range,2019,8,8.1985037650847055
emea,240802,ssa,025,21,temp_range,2019,9,8.9203105313608972
emea,240802,ssa,025,21,temp_range,2019,10,8.5954545241181286
emea,240802,ssa,025,21,temp_range,2019,11,9.2958297270169865
emea,240802,ssa,025,21,temp_range,2019,12,12.178278729963704
emea,240802,ssa,025,21,temp_range,2020,1,12.312607026957787
emea,240802,ssa,025,21,temp_range,2020,2,13.04692134261197
emea,240802,ssa,025,21,temp_range,2020,3,10.850444415142773
emea,240802,ssa,025,21,temp_range,2020,4,9.4326260645335651
emea,240802,ssa,025,21,temp_range,2020,5,8.83742411396888
emea,240802,ssa,025,21,temp_range,2020,6,8.4504622388729675
emea,240802,ssa,025,21,temp_range,2020,7,7.4192089440515225
emea,240802,ssa,025,21,temp_range,2020,8,7.9283179936299728
emea,240802,ssa,025,21,temp_range,2020,9,8.8163360173389567
emea,240802,ssa,025,21,temp_range,2020,10,10.361452797569637
emea,240802,ssa,025,21,temp_range,2020,11,11.684546514462568
emea,240802,ssa,025,21,temp_range,2020,12,13.499538180834659
emea,240802,ssa,025,21,temp_range,2021,1,13.785194263990157
emea,240802,ssa,025,21,temp_range,2021,2,13.835580748452788
emea,240802,ssa,025,21,temp_range,2021,3,12.753115059548085
emea,240802,ssa,025,21,temp_range,2021,4,9.76771806386494
emea,240802,ssa,025,21,temp_range,2021,5,8.754204857600115
emea,240802,ssa,025,21,temp_range,2021,6,8.8408686821028581
emea,240802,ssa,025,21,temp_range,2021,7,6.3623956338082328
emea,240802,ssa,025,21,temp_range,2021,8,9.6207145058829759
emea,240802,ssa,025,21,temp_range,2021,9,9.2285830355214351
emea,240802,ssa,025,21,temp_range,2021,10,10.431902288228333
emea,240802,ssa,025,21,temp_range,2021,11,12.199728199750458
emea,240802,ssa,025,21,temp_range,2021,12,12.931903700595242
emea,240802,ssa,025,21,temp_range,2022,1,13.30238019518363
emea,240802,ssa,025,21,temp_range,2022,2,14.072315277858065
emea,240802,ssa,025,21,temp_range,2022,3,13.050039585414147
emea,240802,ssa,025,21,temp_range,2022,4,10.008666462138949
emea,240802,ssa,025,21,temp_range,2022,5,9.6380493131512548
emea,240802,ssa,025,21,temp_range,2022,6,8.9228155166596679
emea,240802,ssa,025,21,temp_range,2022,7,7.5836293843341611
emea,240802,ssa,025,21,temp_range,2022,8,7.9617354236139057
emea,240802,ssa,025,21,temp_range,2022,9,9.02863078650156
emea,240802,ssa,025,21,temp_range,2022,10,8.6371632852459044
emea,240802,ssa,025,21,temp_range,2022,11,11.421225547349533
emea,240802,ssa,025,21,temp_range,2022,12,13.235692822526397
emea,240802,ssa,025,21,temp_range,2023,1,13.430717269787829
emea,240802,ssa,025,21,temp_range,2023,2,14.569010353851738
emea,240802,ssa,025,21,temp_range,2023,3,10.150296416070193
emea,240802,ssa,025,21,temp_range,2023,4,9.145962366050437
emea,240802,ssa,025,21,temp_range,2023,5,8.5468868211353168
emea,240802,ssa,025,21,temp_range,2023,6,8.216795523035362
emea,240802,ssa,025,21,temp_range,2023,7,7.2073732917056272
emea,240802,ssa,025,21,temp_range,2023,8,8.6238888099817714
emea,240802,ssa,025,21,temp_range,2023,9,9.3632732421625047
emea,240802,ssa,025,21,temp_range,2023,10,8.2751362285282077
emea,240802,ssa,025,21,temp_range,2023,11,8.898427523721633
emea,240802,ssa,025,21,temp_range,2023,12,12.79702001675221
emea,240802,ssa,025,21,total_precipitation,2014,1,0.0045537648577607115
emea,240802,ssa,025,21,total_precipitation,2014,2,0.48695105973548891
emea,240802,ssa,025,21,total_precipitation,2014,3,38.2200089021353
emea,240802,ssa,025,21,total_precipitation,2014,4,43.4551839979283
emea,240802,ssa,025,21,total_precipitation,2014,5,78.784065651188413
emea,240802,ssa,025,21,total_precipitation,2014,6,5.7162320218462241
emea,240802,ssa,025,21,total_precipitation,2014,7,2.6401332317524719
emea,240802,ssa,025,21,total_precipitation,2014,8,6.7341078317423495
emea,240802,ssa,025,21,total_precipitation,2014,9,5.1944684913786858
emea,240802,ssa,025,21,total_precipitation,2014,10,127.81287612232353
emea,240802,ssa,025,21,total_precipitation,2014,11,51.216942690853116
emea,240802,ssa,025,21,total_precipitation,2014,12,0.77765787590939794
emea,240802,ssa,025,21,total_precipitation,2015,1,0.031815539332725962
emea,240802,ssa,025,21,total_precipitation,2015,2,0.043454172944180414
emea,240802,ssa,025,21,total_precipitation,2015,3,46.784121464715966
emea,240802,ssa,025,21,total_precipitation,2015,4,131.47726585515119
emea,240802,ssa,025,21,total_precipitation,2015,5,72.065821788734112
emea,240802,ssa,025,21,total_precipitation,2015,6,6.7266160816993477
emea,240802,ssa,025,21,total_precipitation,2015,7,3.8336278391138734
emea,240802,ssa,025,21,total_precipitation,2015,8,4.2728222134475118
emea,240802,ssa,025,21,total_precipitation,2015,9,2.6783259835751494
emea,240802,ssa,025,21,total_precipitation,2015,10,136.73388104158531
emea,240802,ssa,025,21,total_precipitation,2015,11,70.209434557757135
emea,240802,ssa,025,21,total_precipitation,2015,12,4.28204625763415
emea,240802,ssa,025,21,total_precipitation,2016,1,0.26393632192190353
emea,240802,ssa,025,21,total_precipitation,2016,2,3.5725318267715949
emea,240802,ssa,025,21,total_precipitation,2016,3,5.6793301026120986
emea,240802,ssa,025,21,total_precipitation,2016,4,141.84865720293021
emea,240802,ssa,025,21,total_precipitation,2016,5,68.728568288279931
emea,240802,ssa,025,21,total_precipitation,2016,6,5.2515835282765977
emea,240802,ssa,025,21,total_precipitation,2016,7,1.8046295560125287
emea,240802,ssa,025,21,total_precipitation,2016,8,3.1784978691756152
emea,240802,ssa,025,21,total_precipitation,2016,9,2.6717038867366654
emea,240802,ssa,025,21,total_precipitation,2016,10,25.477208296166388
emea,240802,ssa,025,21,total_precipitation,2016,11,42.877497440152332
emea,240802,ssa,025,21,total_precipitation,2016,12,5.8858475914945529
emea,240802,ssa,025,21,total_precipitation,2017,1,0.16610789227668477
emea,240802,ssa,025,21,total_precipitation,2017,2,2.1418593757781963
emea,240802,ssa,025,21,total_precipitation,2017,3,5.7198236394590367
emea,240802,ssa,025,21,total_precipitation,2017,4,68.812181454032938
emea,240802,ssa,025,21,total_precipitation,2017,5,58.827124780530241
emea,240802,ssa,025,21,total_precipitation,2017,6,0.0
emea,240802,ssa,025,21,total_precipitation,2017,7,4.6552372324348852
emea,240802,ssa,025,21,total_precipitation,2017,8,6.1306063434358578
emea,240802,ssa,025,21,total_precipitation,2017,9,17.639534066316145
emea,240802,ssa,025,21,total_precipitation,2017,10,64.132429036701666
emea,240802,ssa,025,21,total_precipitation,2017,11,57.08257903840645
emea,240802,ssa,025,21,total_precipitation,2017,12,0.0072503408441377815
emea,240802,ssa,025,21,total_precipitation,2018,1,0.00084853989591238133
emea,240802,ssa,025,21,total_precipitation,2018,2,5.8515275641177027
emea,240802,ssa,025,21,total_precipitation,2018,3,47.303663397239767
emea,240802,ssa,025,21,total_precipitation,2018,4,193.87477475081232
emea,240802,ssa,025,21,total_precipitation,2018,5,81.6309022493112
emea,240802,ssa,025,21,total_precipitation,2018,6,8.1098069147749783
emea,240802,ssa,025,21,total_precipitation,2018,7,4.5053976690285396
emea,240802,ssa,025,21,total_precipitation,2018,8,2.8765078284101975
emea,240802,ssa,025,21,total_precipitation,2018,9,27.1253075756321
emea,240802,ssa,025,21,total_precipitation,2018,10,71.121951594917235
emea,240802,ssa,025,21,total_precipitation,2018,11,35.713819717513367
emea,240802,ssa,025,21,total_precipitation,2018,12,8.0841334178232813
emea,240802,ssa,025,21,total_precipitation,2019,1,0.24433779510880527
emea,240802,ssa,025,21,total_precipitation,2019,2,0.68447011859261409
emea,240802,ssa,025,21,total_precipitation,2019,3,0.0
emea,240802,ssa,025,21,total_precipitation,2019,4,62.59267375269819
emea,240802,ssa,025,21,total_precipitation,2019,5,94.621085846297419
emea,240802,ssa,025,21,total_precipitation,2019,6,15.554751463822384
emea,240802,ssa,025,21,total_precipitation,2019,7,9.4240211817314758
emea,240802,ssa,025,21,total_precipitation,2019,8,3.8036468807211037
emea,240802,ssa,025,21,total_precipitation,2019,9,12.440980743428327
emea,240802,ssa,025,21,total_precipitation,2019,10,166.28814485137494
emea,240802,ssa,025,21,total_precipitation,2019,11,81.345654396555076
emea,240802,ssa,025,21,total_precipitation,2019,12,33.94548565003155
emea,240802,ssa,025,21,total_precipitation,2020,1,2.8936361546775942
emea,240802,ssa,025,21,total_precipitation,2020,2,0.55991998798114651
emea,240802,ssa,025,21,total_precipitation,2020,3,42.584887103047237
emea,240802,ssa,025,21,total_precipitation,2020,4,17.78055086654858
emea,240802,ssa,025,21,total_precipitation,2020,5,44.989674196652388
emea,240802,ssa,025,21,total_precipitation,2020,6,3.7680512021047434
emea,240802,ssa,025,21,total_precipitation,2020,7,10.078335127088877
emea,240802,ssa,025,21,total_precipitation,2020,8,10.542699914506571
emea,240802,ssa,025,21,total_precipitation,2020,9,10.203676484636304
emea,240802,ssa,025,21,total_precipitation,2020,10,51.704609263519984
emea,240802,ssa,025,21,total_precipitation,2020,11,39.4807773921137
emea,240802,ssa,025,21,total_precipitation,2020,12,1.6724828079507859
emea,240802,ssa,025,21,total_precipitation,2021,1,0.20270379168840691
emea,240802,ssa,025,21,total_precipitation,2021,2,0.083900910061970535
emea,240802,ssa,025,21,total_precipitation,2021,3,11.465362059023079
emea,240802,ssa,025,21,total_precipitation,2021,4,95.636546496361149
emea,240802,ssa,025,21,total_precipitation,2021,5,57.829304573663251
emea,240802,ssa,025,21,total_precipitation,2021,6,2.9903770476977627
emea,240802,ssa,025,21,total_precipitation,2021,7,15.832677125432554
emea,240802,ssa,025,21,total_precipitation,2021,8,2.2797867922020743
emea,240802,ssa,025,21,total_precipitation,2021,9,4.958579944687429
emea,240802,ssa,025,21,total_precipitation,2021,10,18.24069719106221
emea,240802,ssa,025,21,total_precipitation,2021,11,10.677596998649207
emea,240802,ssa,025,21,total_precipitation,2021,12,2.0220424396199661
emea,240802,ssa,025,21,total_precipitation,2022,1,0.69375522770398845
emea,240802,ssa,025,21,total_precipitation,2022,2,0.087931264539236054
emea,240802,ssa,025,21,total_precipitation,2022,3,4.1284663364399421
emea,240802,ssa,025,21,total_precipitation,2022,4,42.434401120514352
emea,240802,ssa,025,21,total_precipitation,2022,5,24.846680368734297
emea,240802,ssa,025,21,total_precipitation,2022,6,5.425457268118393
emea,240802,ssa,025,21,total_precipitation,2022,7,12.302614210336898
emea,240802,ssa,025,21,total_precipitation,2022,8,3.4805710205931319
emea,240802,ssa,025,21,total_precipitation,2022,9,2.8301512977232903
emea,240802,ssa,025,21,total_precipitation,2022,10,45.617761146841474
emea,240802,ssa,025,21,total_precipitation,2022,11,10.129029654231445
emea,240802,ssa,025,21,total_precipitation,2022,12,2.2942783292341176
emea,240802,ssa,025,21,total_precipitation,2023,1,246.10594321696297
emea,240802,ssa,025,21,total_precipitation,2023,2,163.25727105681841
emea,240802,ssa,025,21,total_precipitation,2023,3,435.23979548789828
emea,240802,ssa,025,21,total_precipitation,2023,4,506.46197828461948
emea,240802,ssa,025,21,total_precipitation,2023,5,389.08792339057936
emea,240802,ssa,025,21,total_precipitation,2023,6,3.7269064781527561
emea,240802,ssa,025,21,total_precipitation,2023,7,4.3836313516183907
emea,240802,ssa,025,21,total_precipitation,2023,8,3.0888699418353411
emea,240802,ssa,025,21,total_precipitation,2023,9,9.3057964757139473
emea,240802,ssa,025,21,total_precipitation,2023,10,140.00273990482827
emea,240802,ssa,025,21,total_precipitation,2023,11,137.35199831842954
emea,240802,ssa,025,21,total_precipitation,2023,12,30.762872360181
emea,240802,ssa,025,22,daylength,,1,718.84962236580736
emea,240802,ssa,025,22,daylength,,2,719.27530364753079
emea,240802,ssa,025,22,daylength,,3,719.85457289167255
emea,240802,ssa,025,22,daylength,,4,720.47996913956172
emea,240802,ssa,025,22,daylength,,5,721.00543473879179
emea,240802,ssa,025,22,daylength,,6,721.27010566405124
emea,240802,ssa,025,22,daylength,,7,721.16514159446831
emea,240802,ssa,025,22,daylength,,8,720.72471795467027
emea,240802,ssa,025,22,daylength,,9,720.12470192456885
emea,240802,ssa,025,22,daylength,,10,719.50043010702007
emea,240802,ssa,025,22,daylength,,11,718.98083520235332
emea,240802,ssa,025,22,daylength,,12,718.73068947863669
emea,240802,ssa,025,22,elevation,,,238.45627270734312
emea,240802,ssa,025,22,max_temperature,2014,1,34.928147870764768
emea,240802,ssa,025,22,max_temperature,2014,2,35.376676771253486
emea,240802,ssa,025,22,max_temperature,2014,3,35.095852191910126
emea,240802,ssa,025,22,max_temperature,2014,4,33.934341714978643
emea,240802,ssa,025,22,max_temperature,2014,5,32.665672229664793
emea,240802,ssa,025,22,max_temperature,2014,6,31.897747324454905
emea,240802,ssa,025,22,max_temperature,2014,7,31.509704887020998
emea,240802,ssa,025,22,max_temperature,2014,8,31.753047681371658
emea,240802,ssa,025,22,max_temperature,2014,9,32.546362154620461
emea,240802,ssa,025,22,max_temperature,2014,10,34.188738875166813
emea,240802,ssa,025,22,max_temperature,2014,11,32.653003051266062
emea,240802,ssa,025,22,max_temperature,2014,12,33.564524651318976
emea,240802,ssa,025,22,max_temperature,2015,1,35.233883924150042
emea,240802,ssa,025,22,max_temperature,2015,2,35.559340777083129
emea,240802,ssa,025,22,max_temperature,2015,3,35.675942950875573
emea,240802,ssa,025,22,max_temperature,2015,4,34.071910233178656
emea,240802,ssa,025,22,max_temperature,2015,5,33.75860208588891
emea,240802,ssa,025,22,max_temperature,2015,6,32.91975873954263
emea,240802,ssa,025,22,max_temperature,2015,7,31.32789252109847
emea,240802,ssa,025,22,max_temperature,2015,8,31.744379017982133
emea,240802,ssa,025,22,max_temperature,2015,9,33.32716297272426
emea,240802,ssa,025,22,max_temperature,2015,10,34.260497554115013
emea,240802,ssa,025,22,max_temperature,2015,11,32.675621259758408
emea,240802,ssa,025,22,max_temperature,2015,12,33.329278617195776
emea,240802,ssa,025,22,max_temperature,2016,1,35.220145847173228
emea,240802,ssa,025,22,max_temperature,2016,2,36.139367310947684
emea,240802,ssa,025,22,max_temperature,2016,3,37.266396824418912
emea,240802,ssa,025,22,max_temperature,2016,4,35.117491439321554
emea,240802,ssa,025,22,max_temperature,2016,5,32.752223922174565
emea,240802,ssa,025,22,max_temperature,2016,6,31.685249060167756
emea,240802,ssa,025,22,max_temperature,2016,7,30.768672097124469
emea,240802,ssa,025,22,max_temperature,2016,8,31.498682230329784
emea,240802,ssa,025,22,max_temperature,2016,9,31.707906877402579
emea,240802,ssa,025,22,max_temperature,2016,10,33.701508637678238
emea,240802,ssa,025,22,max_temperature,2016,11,32.765280868752839
emea,240802,ssa,025,22,max_temperature,2016,12,33.000193511809215
emea,240802,ssa,025,22,max_temperature,2017,1,34.790960346509237
emea,240802,ssa,025,22,max_temperature,2017,2,35.192270146937048
emea,240802,ssa,025,22,max_temperature,2017,3,36.463238250968026
emea,240802,ssa,025,22,max_temperature,2017,4,34.976504533020751
emea,240802,ssa,025,22,max_temperature,2017,5,32.560586801000071
emea,240802,ssa,025,22,max_temperature,2017,6,31.941031642130106
emea,240802,ssa,025,22,max_temperature,2017,7,31.951010533062465
emea,240802,ssa,025,22,max_temperature,2017,8,32.034550310368772
emea,240802,ssa,025,22,max_temperature,2017,9,32.98317588041597
emea,240802,ssa,025,22,max_temperature,2017,10,34.427179038676663
emea,240802,ssa,025,22,max_temperature,2017,11,32.500071634224682
emea,240802,ssa,025,22,max_temperature,2017,12,34.269592769742367
emea,240802,ssa,025,22,max_temperature,2018,1,34.631006434555594
emea,240802,ssa,025,22,max_temperature,2018,2,34.933190732337678
emea,240802,ssa,025,22,max_temperature,2018,3,33.318378700516917
emea,240802,ssa,025,22,max_temperature,2018,4,31.298295474316259
emea,240802,ssa,025,22,max_temperature,2018,5,31.424942746865625
emea,240802,ssa,025,22,max_temperature,2018,6,31.291383445812034
emea,240802,ssa,025,22,max_temperature,2018,7,30.801519733019489
emea,240802,ssa,025,22,max_temperature,2018,8,31.39162644880939
emea,240802,ssa,025,22,max_temperature,2018,9,32.980568338738038
emea,240802,ssa,025,22,max_temperature,2018,10,33.722777308170095
emea,240802,ssa,025,22,max_temperature,2018,11,33.591530452695238
emea,240802,ssa,025,22,max_temperature,2018,12,33.320400936922859
emea,240802,ssa,025,22,max_temperature,2019,1,35.454037707444911
emea,240802,ssa,025,22,max_temperature,2019,2,35.919201123741416
emea,240802,ssa,025,22,max_temperature,2019,3,35.981554844329622
emea,240802,ssa,025,22,max_temperature,2019,4,36.488151836567063
emea,240802,ssa,025,22,max_temperature,2019,5,33.153429232861285
emea,240802,ssa,025,22,max_temperature,2019,6,32.713684354982163
emea,240802,ssa,025,22,max_temperature,2019,7,32.203206475333481
emea,240802,ssa,025,22,max_temperature,2019,8,32.217559737850529
emea,240802,ssa,025,22,max_temperature,2019,9,33.353891497360664
emea,240802,ssa,025,22,max_temperature,2019,10,31.932713996617743
emea,240802,ssa,025,22,max_temperature,2019,11,31.606798003919192
emea,240802,ssa,025,22,max_temperature,2019,12,32.249289394104004
emea,240802,ssa,025,22,max_temperature,2020,1,33.9648001274241
emea,240802,ssa,025,22,max_temperature,2020,2,35.383871290579968
emea,240802,ssa,025,22,max_temperature,2020,3,35.681462597401463
emea,240802,ssa,025,22,max_temperature,2020,4,34.15551384509812
emea,240802,ssa,025,22,max_temperature,2020,5,33.164352774828423
emea,240802,ssa,025,22,max_temperature,2020,6,32.58323745349815
emea,240802,ssa,025,22,max_temperature,2020,7,31.742705457060051
emea,240802,ssa,025,22,max_temperature,2020,8,31.80635346596506
emea,240802,ssa,025,22,max_temperature,2020,9,32.760334096423179
emea,240802,ssa,025,22,max_temperature,2020,10,34.691360917701928
emea,240802,ssa,025,22,max_temperature,2020,11,32.6904733904997
emea,240802,ssa,025,22,max_temperature,2020,12,34.071773324869952
emea,240802,ssa,025,22,max_temperature,2021,1,34.144099868461709
emea,240802,ssa,025,22,max_temperature,2021,2,35.225327348422709
emea,240802,ssa,025,22,max_temperature,2021,3,35.646744725603384
emea,240802,ssa,025,22,max_temperature,2021,4,34.616163300332481
emea,240802,ssa,025,22,max_temperature,2021,5,33.391998711964369
emea,240802,ssa,025,22,max_temperature,2021,6,31.77957622427472
emea,240802,ssa,025,22,max_temperature,2021,7,31.143373893964434
emea,240802,ssa,025,22,max_temperature,2021,8,32.177491116100455
emea,240802,ssa,025,22,max_temperature,2021,9,32.798811864606712
emea,240802,ssa,025,22,max_temperature,2021,10,34.277061547922848
emea,240802,ssa,025,22,max_temperature,2021,11,34.593688352400072
emea,240802,ssa,025,22,max_temperature,2021,12,32.324210953222959
emea,240802,ssa,025,22,max_temperature,2022,1,34.304391721350953
emea,240802,ssa,025,22,max_temperature,2022,2,35.219793160659329
emea,240802,ssa,025,22,max_temperature,2022,3,35.924829236195727
emea,240802,ssa,025,22,max_temperature,2022,4,35.048091421757384
emea,240802,ssa,025,22,max_temperature,2022,5,33.366833188160847
emea,240802,ssa,025,22,max_temperature,2022,6,31.774375896706836
emea,240802,ssa,025,22,max_temperature,2022,7,29.921700059257237
emea,240802,ssa,025,22,max_temperature,2022,8,30.34318441732832
emea,240802,ssa,025,22,max_temperature,2022,9,31.894830215112428
emea,240802,ssa,025,22,max_temperature,2022,10,33.094942421614441
emea,240802,ssa,025,22,max_temperature,2022,11,32.354617075904287
emea,240802,ssa,025,22,max_temperature,2022,12,33.415633605620592
emea,240802,ssa,025,22,max_temperature,2023,1,34.707110525554555
emea,240802,ssa,025,22,max_temperature,2023,2,35.238792988123635
emea,240802,ssa,025,22,max_temperature,2023,3,34.926302252341074
emea,240802,ssa,025,22,max_temperature,2023,4,32.869494314405216
emea,240802,ssa,025,22,max_temperature,2023,5,32.612578951324693
emea,240802,ssa,025,22,max_temperature,2023,6,32.215431545679749
emea,240802,ssa,025,22,max_temperature,2023,7,30.46666297946793
emea,240802,ssa,025,22,max_temperature,2023,8,31.369641074807422
emea,240802,ssa,025,22,max_temperature,2023,9,33.162041787508194
emea,240802,ssa,025,22,max_temperature,2023,10,33.636945670905973
emea,240802,ssa,025,22,max_temperature,2023,11,30.170250790167685
emea,240802,ssa,025,22,max_temperature,2023,12,32.08158516515698
emea,240802,ssa,025,22,temp_range,2014,1,11.661086554706072
emea,240802,ssa,025,22,temp_range,2014,2,11.427498557752482
emea,240802,ssa,025,22,temp_range,2014,3,10.278975019037558
emea,240802,ssa,025,22,temp_range,2014,4,9.4688771450542664
emea,240802,ssa,025,22,temp_range,2014,5,8.64929416572365
emea,240802,ssa,025,22,temp_range,2014,6,8.8769434629832542
emea,240802,ssa,025,22,temp_range,2014,7,8.97808219445984
emea,240802,ssa,025,22,temp_range,2014,8,9.3384177745707628
emea,240802,ssa,025,22,temp_range,2014,9,9.9433403694446874
emea,240802,ssa,025,22,temp_range,2014,10,10.091587308153866
emea,240802,ssa,025,22,temp_range,2014,11,8.7887782170504618
emea,240802,ssa,025,22,temp_range,2014,12,10.158927657115152
emea,240802,ssa,025,22,temp_range,2015,1,12.689488660097689
emea,240802,ssa,025,22,temp_range,2015,2,11.767957494950256
emea,240802,ssa,025,22,temp_range,2015,3,11.115498300091344
emea,240802,ssa,025,22,temp_range,2015,4,9.2823854552461551
emea,240802,ssa,025,22,temp_range,2015,5,9.203324979909679
emea,240802,ssa,025,22,temp_range,2015,6,9.7362725289032834
emea,240802,ssa,025,22,temp_range,2015,7,8.6166846721012824
emea,240802,ssa,025,22,temp_range,2015,8,9.0579094491019543
emea,240802,ssa,025,22,temp_range,2015,9,10.388517626926676
emea,240802,ssa,025,22,temp_range,2015,10,9.5987150294789387
emea,240802,ssa,025,22,temp_range,2015,11,8.70928804678919
emea,240802,ssa,025,22,temp_range,2015,12,9.492776360175073
emea,240802,ssa,025,22,temp_range,2016,1,10.472630155022186
emea,240802,ssa,025,22,temp_range,2016,2,12.026163666880679
emea,240802,ssa,025,22,temp_range,2016,3,11.158181873117154
emea,240802,ssa,025,22,temp_range,2016,4,9.2989184309490849
emea,240802,ssa,025,22,temp_range,2016,5,8.8495196671032055
emea,240802,ssa,025,22,temp_range,2016,6,8.7554588729957885
emea,240802,ssa,025,22,temp_range,2016,7,8.782623801381062
emea,240802,ssa,025,22,temp_range,2016,8,9.4116496738978377
emea,240802,ssa,025,22,temp_range,2016,9,9.7986006783856361
emea,240802,ssa,025,22,temp_range,2016,10,10.549444043433478
emea,240802,ssa,025,22,temp_range,2016,11,8.9354027091387653
emea,240802,ssa,025,22,temp_range,2016,12,9.5060110618026545
emea,240802,ssa,025,22,temp_range,2017,1,12.277231487933983
emea,240802,ssa,025,22,temp_range,2017,2,10.859595075781545
emea,240802,ssa,025,22,temp_range,2017,3,11.145155314807264
emea,240802,ssa,025,22,temp_range,2017,4,9.6635001568904784
emea,240802,ssa,025,22,temp_range,2017,5,8.6764383942087626
emea,240802,ssa,025,22,temp_range,2017,6,8.6940394726250236
emea,240802,ssa,025,22,temp_range,2017,7,9.02146649706552
emea,240802,ssa,025,22,temp_range,2017,8,9.169776275782926
emea,240802,ssa,025,22,temp_range,2017,9,9.9743127703603
emea,240802,ssa,025,22,temp_range,2017,10,10.313971947315748
emea,240802,ssa,025,22,temp_range,2017,11,8.89566217748692
emea,240802,ssa,025,22,temp_range,2017,12,11.098496875112016
emea,240802,ssa,025,22,temp_range,2018,1,12.052364743307711
emea,240802,ssa,025,22,temp_range,2018,2,11.364049761075393
emea,240802,ssa,025,22,temp_range,2018,3,9.18447713425277
emea,240802,ssa,025,22,temp_range,2018,4,7.7193351441720921
emea,240802,ssa,025,22,temp_range,2018,5,8.2137503105706191
emea,240802,ssa,025,22,temp_range,2018,6,8.5628005886731451
emea,240802,ssa,025,22,temp_range,2018,7,8.7293289479734657
emea,240802,ssa,025,22,temp_range,2018,8,9.6905439728887615
emea,240802,ssa,025,22,temp_range,2018,9,10.351692819726718
emea,240802,ssa,025,22,temp_range,2018,10,10.388404916655915
emea,240802,ssa,025,22,temp_range,2018,11,9.7744080682921624
emea,240802,ssa,025,22,temp_range,2018,12,9.6996377810569445
emea,240802,ssa,025,22,temp_range,2019,1,11.754567276818925
emea,240802,ssa,025,22,temp_range,2019,2,11.715752210577792
emea,240802,ssa,025,22,temp_range,2019,3,11.472514383910529
emea,240802,ssa,025,22,temp_range,2019,4,10.505048799069984
emea,240802,ssa,025,22,temp_range,2019,5,8.83915146946199
emea,240802,ssa,025,22,temp_range,2019,6,9.0141790161979838
emea,240802,ssa,025,22,temp_range,2019,7,9.6031927779736481
emea,240802,ssa,025,22,temp_range,2019,8,9.7165553572581409
emea,240802,ssa,025,22,temp_range,2019,9,10.505590285573787
emea,240802,ssa,025,22,temp_range,2019,10,8.78215685902579
emea,240802,ssa,025,22,temp_range,2019,11,8.4556690268078611
emea,240802,ssa,025,22,temp_range,2019,12,9.1203118081659582
emea,240802,ssa,025,22,temp_range,2020,1,9.8882604188006518
emea,240802,ssa,025,22,temp_range,2020,2,10.65749688251341
emea,240802,ssa,025,22,temp_range,2020,3,10.079995520192922
emea,240802,ssa,025,22,temp_range,2020,4,9.413156437653047
emea,240802,ssa,025,22,temp_range,2020,5,9.43194742127352
emea,240802,ssa,025,22,temp_range,2020,6,9.8107166668202943
emea,240802,ssa,025,22,temp_range,2020,7,9.6180085665090083
emea,240802,ssa,025,22,temp_range,2020,8,9.7669546895929535
emea,240802,ssa,025,22,temp_range,2020,9,10.181927033578978
emea,240802,ssa,025,22,temp_range,2020,10,10.710143059848786
emea,240802,ssa,025,22,temp_range,2020,11,9.1922677342794721
emea,240802,ssa,025,22,temp_range,2020,12,10.657100725718681
emea,240802,ssa,025,22,temp_range,2021,1,11.306188403181755
emea,240802,ssa,025,22,temp_range,2021,2,11.330144644236231
emea,240802,ssa,025,22,temp_range,2021,3,11.357068395584493
emea,240802,ssa,025,22,temp_range,2021,4,9.7589735724725291
emea,240802,ssa,025,22,temp_range,2021,5,9.46177223556323
emea,240802,ssa,025,22,temp_range,2021,6,9.1362412569760654
emea,240802,ssa,025,22,temp_range,2021,7,8.600586720707911
emea,240802,ssa,025,22,temp_range,2021,8,10.101342419317177
emea,240802,ssa,025,22,temp_range,2021,9,9.9191862374992414
emea,240802,ssa,025,22,temp_range,2021,10,10.655250457152066
emea,240802,ssa,025,22,temp_range,2021,11,10.132488377026617
emea,240802,ssa,025,22,temp_range,2021,12,8.7655950365879551
emea,240802,ssa,025,22,temp_range,2022,1,11.114685953181933
emea,240802,ssa,025,22,temp_range,2022,2,11.375848748506728
emea,240802,ssa,025,22,temp_range,2022,3,11.298327412929995
emea,240802,ssa,025,22,temp_range,2022,4,9.613999392606587
emea,240802,ssa,025,22,temp_range,2022,5,9.34911891630052
emea,240802,ssa,025,22,temp_range,2022,6,9.11023082255366
emea,240802,ssa,025,22,temp_range,2022,7,8.4999971197638082
emea,240802,ssa,025,22,temp_range,2022,8,8.8455897452749284
emea,240802,ssa,025,22,temp_range,2022,9,9.7632344724375741
emea,240802,ssa,025,22,temp_range,2022,10,10.164460044435478
emea,240802,ssa,025,22,temp_range,2022,11,8.6824048998453875
emea,240802,ssa,025,22,temp_range,2022,12,9.8708132409695644
emea,240802,ssa,025,22,temp_range,2023,1,11.78620354656943
emea,240802,ssa,025,22,temp_range,2023,2,11.945619086074409
emea,240802,ssa,025,22,temp_range,2023,3,10.376611136417552
emea,240802,ssa,025,22,temp_range,2023,4,8.653839854650526
emea,240802,ssa,025,22,temp_range,2023,5,8.95671943012115
emea,240802,ssa,025,22,temp_range,2023,6,9.1373918254370956
emea,240802,ssa,025,22,temp_range,2023,7,8.225170777170824
emea,240802,ssa,025,22,temp_range,2023,8,8.96196677089624
emea,240802,ssa,025,22,temp_range,2023,9,10.07108423370058
emea,240802,ssa,025,22,temp_range,2023,10,9.4472975658075082
emea,240802,ssa,025,22,temp_range,2023,11,7.0719632755673389
emea,240802,ssa,025,22,temp_range,2023,12,8.9385888410040018
emea,240802,ssa,025,22,total_precipitation,2014,1,1.560048361207123
emea,240802,ssa,025,22,total_precipitation,2014,2,9.1924114185403738
emea,240802,ssa,025,22,total_precipitation,2014,3,76.85771866190882
emea,240802,ssa,025,22,total_precipitation,2014,4,35.560327723294023
emea,240802,ssa,025,22,total_precipitation,2014,5,51.215026772624078
emea,240802,ssa,025,22,total_precipitation,2014,6,8.7489942714772724
emea,240802,ssa,025,22,total_precipitation,2014,7,9.3481084828716945
emea,240802,ssa,025,22,total_precipitation,2014,8,12.833459083253686
emea,240802,ssa,025,22,total_precipitation,2014,9,11.153967472127022
emea,240802,ssa,025,22,total_precipitation,2014,10,24.610700872382253
emea,240802,ssa,025,22,total_precipitation,2014,11,82.466656822435553
emea,240802,ssa,025,22,total_precipitation,2014,12,24.289606763339556
emea,240802,ssa,025,22,total_precipitation,2015,1,1.7990679804572949
emea,240802,ssa,025,22,total_precipitation,2015,2,2.8087121472657088
emea,240802,ssa,025,22,total_precipitation,2015,3,37.611133406076064
emea,240802,ssa,025,22,total_precipitation,2015,4,82.618184530976862
emea,240802,ssa,025,22,total_precipitation,2015,5,37.2235908677145
emea,240802,ssa,025,22,total_precipitation,2015,6,6.1998784253336225
emea,240802,ssa,025,22,total_precipitation,2015,7,13.548648103817271
emea,240802,ssa,025,22,total_precipitation,2015,8,12.933422607335586
emea,240802,ssa,025,22,total_precipitation,2015,9,7.9151365247522421
emea,240802,ssa,025,22,total_precipitation,2015,10,40.6449481204872
emea,240802,ssa,025,22,total_precipitation,2015,11,147.53453009695056
emea,240802,ssa,025,22,total_precipitation,2015,12,70.157212640955279
emea,240802,ssa,025,22,total_precipitation,2016,1,7.613429633573503
emea,240802,ssa,025,22,total_precipitation,2016,2,8.081760337301148
emea,240802,ssa,025,22,total_precipitation,2016,3,17.772466844834156
emea,240802,ssa,025,22,total_precipitation,2016,4,88.058556914567276
emea,240802,ssa,025,22,total_precipitation,2016,5,23.060381016702358
emea,240802,ssa,025,22,total_precipitation,2016,6,8.2311808679134657
emea,240802,ssa,025,22,total_precipitation,2016,7,7.545094772323182
emea,240802,ssa,025,22,total_precipitation,2016,8,9.62587503254052
emea,240802,ssa,025,22,total_precipitation,2016,9,8.9031715108539657
emea,240802,ssa,025,22,total_precipitation,2016,10,6.160686865363175
emea,240802,ssa,025,22,total_precipitation,2016,11,72.27912680089922
emea,240802,ssa,025,22,total_precipitation,2016,12,37.808837731168843
emea,240802,ssa,025,22,total_precipitation,2017,1,2.3050641271917414
emea,240802,ssa,025,22,total_precipitation,2017,2,8.0899904529630362
emea,240802,ssa,025,22,total_precipitation,2017,3,10.787873615047474
emea,240802,ssa,025,22,total_precipitation,2017,4,51.971794575545012
emea,240802,ssa,025,22,total_precipitation,2017,5,70.597337210526419
emea,240802,ssa,025,22,total_precipitation,2017,6,9.0730070838584851
emea,240802,ssa,025,22,total_precipitation,2017,7,7.7944090268926658
emea,240802,ssa,025,22,total_precipitation,2017,8,13.145755237975678
emea,240802,ssa,025,22,total_precipitation,2017,9,13.345279594633169
emea,240802,ssa,025,22,total_precipitation,2017,10,27.893149317834826
emea,240802,ssa,025,22,total_precipitation,2017,11,89.353875923181974
emea,240802,ssa,025,22,total_precipitation,2017,12,5.2402343896175125
emea,240802,ssa,025,22,total_precipitation,2018,1,3.8147684285216172
emea,240802,ssa,025,22,total_precipitation,2018,2,4.1130962616430935
emea,240802,ssa,025,22,total_precipitation,2018,3,91.255959981128072
emea,240802,ssa,025,22,total_precipitation,2018,4,159.22008341852154
emea,240802,ssa,025,22,total_precipitation,2018,5,54.623388639024256
emea,240802,ssa,025,22,total_precipitation,2018,6,13.312321266704302
emea,240802,ssa,025,22,total_precipitation,2018,7,9.75297739075998
emea,240802,ssa,025,22,total_precipitation,2018,8,11.022199954369583
emea,240802,ssa,025,22,total_precipitation,2018,9,16.198092948647769
emea,240802,ssa,025,22,total_precipitation,2018,10,38.654135059135925
emea,240802,ssa,025,22,total_precipitation,2018,11,52.484025706642527
emea,240802,ssa,025,22,total_precipitation,2018,12,86.22714504023881
emea,240802,ssa,025,22,total_precipitation,2019,1,6.8103853730606119
emea,240802,ssa,025,22,total_precipitation,2019,2,5.5645360378509849
emea,240802,ssa,025,22,total_precipitation,2019,3,9.8225024275655386
emea,240802,ssa,025,22,total_precipitation,2019,4,54.913823504468013
emea,240802,ssa,025,22,total_precipitation,2019,5,49.679781786190162
emea,240802,ssa,025,22,total_precipitation,2019,6,8.3380717658253189
emea,240802,ssa,025,22,total_precipitation,2019,7,11.573561128287665
emea,240802,ssa,025,22,total_precipitation,2019,8,14.883138213526067
emea,240802,ssa,025,22,total_precipitation,2019,9,16.756310604801186
emea,240802,ssa,025,22,total_precipitation,2019,10,124.5693927388983
emea,240802,ssa,025,22,total_precipitation,2019,11,135.98401285727891
emea,240802,ssa,025,22,total_precipitation,2019,12,72.447168443534537
emea,240802,ssa,025,22,total_precipitation,2020,1,67.499932537670674
emea,240802,ssa,025,22,total_precipitation,2020,2,17.576236885859188
emea,240802,ssa,025,22,total_precipitation,2020,3,65.841933544713186
emea,240802,ssa,025,22,total_precipitation,2020,4,103.12935874252469
emea,240802,ssa,025,22,total_precipitation,2020,5,46.513723073748388
emea,240802,ssa,025,22,total_precipitation,2020,6,10.305295648612343
emea,240802,ssa,025,22,total_precipitation,2020,7,13.731436966782624
emea,240802,ssa,025,22,total_precipitation,2020,8,12.827465752454756
emea,240802,ssa,025,22,total_precipitation,2020,9,12.768803748586095
emea,240802,ssa,025,22,total_precipitation,2020,10,24.973108857620872
emea,240802,ssa,025,22,total_precipitation,2020,11,82.422147903602507
emea,240802,ssa,025,22,total_precipitation,2020,12,23.654596959069949
emea,240802,ssa,025,22,total_precipitation,2021,1,6.2784584552659339
emea,240802,ssa,025,22,total_precipitation,2021,2,4.1419051084047567
emea,240802,ssa,025,22,total_precipitation,2021,3,5.8610872537017684
emea,240802,ssa,025,22,total_precipitation,2021,4,51.487449331500443
emea,240802,ssa,025,22,total_precipitation,2021,5,19.749002624987938
emea,240802,ssa,025,22,total_precipitation,2021,6,7.38786380631808
emea,240802,ssa,025,22,total_precipitation,2021,7,7.1124054695752932
emea,240802,ssa,025,22,total_precipitation,2021,8,7.5767100550764042
emea,240802,ssa,025,22,total_precipitation,2021,9,11.705475556140911
emea,240802,ssa,025,22,total_precipitation,2021,10,8.2027821197449953
emea,240802,ssa,025,22,total_precipitation,2021,11,41.833461617222916
emea,240802,ssa,025,22,total_precipitation,2021,12,51.454440775261986
emea,240802,ssa,025,22,total_precipitation,2022,1,4.7959263352456105
emea,240802,ssa,025,22,total_precipitation,2022,2,2.4859584974846314
emea,240802,ssa,025,22,total_precipitation,2022,3,4.9909973724106464
emea,240802,ssa,025,22,total_precipitation,2022,4,47.7912617974296
emea,240802,ssa,025,22,total_precipitation,2022,5,15.055583255067546
emea,240802,ssa,025,22,total_precipitation,2022,6,9.5347846027991778
emea,240802,ssa,025,22,total_precipitation,2022,7,11.597508012640589
emea,240802,ssa,025,22,total_precipitation,2022,8,9.92516871123577
emea,240802,ssa,025,22,total_precipitation,2022,9,9.0973572212723184
emea,240802,ssa,025,22,total_precipitation,2022,10,10.641168504776687
emea,240802,ssa,025,22,total_precipitation,2022,11,41.553529514486222
emea,240802,ssa,025,22,total_precipitation,2022,12,17.0815749919485
emea,240802,ssa,025,22,total_precipitation,2023,1,12.432936111205308
emea,240802,ssa,025,22,total_precipitation,2023,2,4.40920535071055
emea,240802,ssa,025,22,total_precipitation,2023,3,51.720776161588333
emea,240802,ssa,025,22,total_precipitation,2023,4,112.19565270597158
emea,240802,ssa,025,22,total_precipitation,2023,5,27.231775045540829
emea,240802,ssa,025,22,total_precipitation,2023,6,7.6750932640520091
emea,240802,ssa,025,22,total_precipitation,2023,7,10.983880668750103
emea,240802,ssa,025,22,total_precipitation,2023,8,10.63611524490635
emea,240802,ssa,025,22,total_precipitation,2023,9,11.356162182261087
emea,240802,ssa,025,22,total_precipitation,2023,10,34.54404630183658
emea,240802,ssa,025,22,total_precipitation,2023,11,226.50710774463934
emea,240802,ssa,025,22,total_precipitation,2023,12,103.3998972695682
emea,240802,ssa,025,23,daylength,,1,711.69703374266476
emea,240802,ssa,025,23,daylength,,2,714.76797015090722
emea,240802,ssa,025,23,daylength,,3,718.94988700064209
emea,240802,ssa,025,23,daylength,,4,723.46555022355187
emea,240802,ssa,025,23,daylength,,5,727.25762052836774
emea,240802,ssa,025,23,daylength,,6,729.1661842668434
emea,240802,ssa,025,23,daylength,,7,728.40942589539827
emea,240802,ssa,025,23,daylength,,8,725.23218618942121
emea,240802,ssa,025,23,daylength,,9,720.90046040805873
emea,240802,ssa,025,23,daylength,,10,716.39294910385183
emea,240802,ssa,025,23,daylength,,11,712.643342500459
emea,240802,ssa,025,23,daylength,,12,710.8395476811329
emea,240802,ssa,025,23,elevation,,,615.32304324833171
emea,240802,ssa,025,23,max_temperature,2014,1,34.879531426544162
emea,240802,ssa,025,23,max_temperature,2014,2,35.130596771919222
emea,240802,ssa,025,23,max_temperature,2014,3,34.611735343300246
emea,240802,ssa,025,23,max_temperature,2014,4,33.070411491265368
emea,240802,ssa,025,23,max_temperature,2014,5,33.12633873833424
emea,240802,ssa,025,23,max_temperature,2014,6,32.312720472736373
emea,240802,ssa,025,23,max_temperature,2014,7,31.783520361826849
emea,240802,ssa,025,23,max_temperature,2014,8,31.711364165245563
emea,240802,ssa,025,23,max_temperature,2014,9,33.201108207784607
emea,240802,ssa,025,23,max_temperature,2014,10,33.19877192306231
emea,240802,ssa,025,23,max_temperature,2014,11,32.024296204775673
emea,240802,ssa,025,23,max_temperature,2014,12,33.440628651780777
emea,240802,ssa,025,23,max_temperature,2015,1,35.14988226727791
emea,240802,ssa,025,23,max_temperature,2015,2,35.686677757236673
emea,240802,ssa,025,23,max_temperature,2015,3,35.648843881864558
emea,240802,ssa,025,23,max_temperature,2015,4,31.896829488334522
emea,240802,ssa,025,23,max_temperature,2015,5,32.993306106010628
emea,240802,ssa,025,23,max_temperature,2015,6,32.518652037279587
emea,240802,ssa,025,23,max_temperature,2015,7,32.031352337040133
emea,240802,ssa,025,23,max_temperature,2015,8,32.783730299417961
emea,240802,ssa,025,23,max_temperature,2015,9,33.852617698245332
emea,240802,ssa,025,23,max_temperature,2015,10,33.5705901579333
emea,240802,ssa,025,23,max_temperature,2015,11,31.430047529611361
emea,240802,ssa,025,23,max_temperature,2015,12,32.288769385348807
emea,240802,ssa,025,23,max_temperature,2016,1,34.802564073451251
emea,240802,ssa,025,23,max_temperature,2016,2,35.851596301910533
emea,240802,ssa,025,23,max_temperature,2016,3,36.689177675564984
emea,240802,ssa,025,23,max_temperature,2016,4,33.891391083773122
emea,240802,ssa,025,23,max_temperature,2016,5,32.348756103855131
emea,240802,ssa,025,23,max_temperature,2016,6,32.100196018354609
emea,240802,ssa,025,23,max_temperature,2016,7,31.106273266500381
emea,240802,ssa,025,23,max_temperature,2016,8,32.151597758085025
emea,240802,ssa,025,23,max_temperature,2016,9,32.737942140290741
emea,240802,ssa,025,23,max_temperature,2016,10,33.8763547481273
emea,240802,ssa,025,23,max_temperature,2016,11,32.739382581743911
emea,240802,ssa,025,23,max_temperature,2016,12,33.352036043775939
emea,240802,ssa,025,23,max_temperature,2017,1,34.851910549281065
emea,240802,ssa,025,23,max_temperature,2017,2,34.893309506980188
emea,240802,ssa,025,23,max_temperature,2017,3,36.22218215922404
emea,240802,ssa,025,23,max_temperature,2017,4,34.4416227685479
emea,240802,ssa,025,23,max_temperature,2017,5,33.541902810090377
emea,240802,ssa,025,23,max_temperature,2017,6,33.20226726294743
emea,240802,ssa,025,23,max_temperature,2017,7,31.514379590047618
emea,240802,ssa,025,23,max_temperature,2017,8,32.6074575451876
emea,240802,ssa,025,23,max_temperature,2017,9,33.1212091065779
emea,240802,ssa,025,23,max_temperature,2017,10,33.045934692219127
emea,240802,ssa,025,23,max_temperature,2017,11,31.568046944046834
emea,240802,ssa,025,23,max_temperature,2017,12,33.794890376771079
emea,240802,ssa,025,23,max_temperature,2018,1,34.470030153934182
emea,240802,ssa,025,23,max_temperature,2018,2,34.824939132828362
emea,240802,ssa,025,23,max_temperature,2018,3,32.068451622323813
emea,240802,ssa,025,23,max_temperature,2018,4,30.056863602941288
emea,240802,ssa,025,23,max_temperature,2018,5,31.324679468213155
emea,240802,ssa,025,23,max_temperature,2018,6,30.858413259528572
emea,240802,ssa,025,23,max_temperature,2018,7,30.968194193310339
emea,240802,ssa,025,23,max_temperature,2018,8,31.868077171185277
emea,240802,ssa,025,23,max_temperature,2018,9,33.66917957504333
emea,240802,ssa,025,23,max_temperature,2018,10,33.5912957188427
emea,240802,ssa,025,23,max_temperature,2018,11,33.182379150949316
emea,240802,ssa,025,23,max_temperature,2018,12,33.031399846624105
emea,240802,ssa,025,23,max_temperature,2019,1,35.392876451117765
emea,240802,ssa,025,23,max_temperature,2019,2,35.876645031027962
emea,240802,ssa,025,23,max_temperature,2019,3,36.696075535753479
emea,240802,ssa,025,23,max_temperature,2019,4,35.600436843969149
emea,240802,ssa,025,23,max_temperature,2019,5,33.256106185768232
emea,240802,ssa,025,23,max_temperature,2019,6,31.714164671376622
emea,240802,ssa,025,23,max_temperature,2019,7,31.84256779508625
emea,240802,ssa,025,23,max_temperature,2019,8,32.626461742425874
emea,240802,ssa,025,23,max_temperature,2019,9,33.902738264166558
emea,240802,ssa,025,23,max_temperature,2019,10,31.103149959802391
emea,240802,ssa,025,23,max_temperature,2019,11,31.383206076125017
emea,240802,ssa,025,23,max_temperature,2019,12,31.695767998905847
emea,240802,ssa,025,23,max_temperature,2020,1,33.617574662965254
emea,240802,ssa,025,23,max_temperature,2020,2,34.670238974427441
emea,240802,ssa,025,23,max_temperature,2020,3,34.157792108666484
emea,240802,ssa,025,23,max_temperature,2020,4,32.419657736636857
emea,240802,ssa,025,23,max_temperature,2020,5,33.05328139871736
emea,240802,ssa,025,23,max_temperature,2020,6,31.944291880210717
emea,240802,ssa,025,23,max_temperature,2020,7,30.809272505771627
emea,240802,ssa,025,23,max_temperature,2020,8,31.549541306394474
emea,240802,ssa,025,23,max_temperature,2020,9,32.90268065004431
emea,240802,ssa,025,23,max_temperature,2020,10,33.472886717167327
emea,240802,ssa,025,23,max_temperature,2020,11,32.190351771013034
emea,240802,ssa,025,23,max_temperature,2020,12,34.075492008465808
emea,240802,ssa,025,23,max_temperature,2021,1,34.056800968958633
emea,240802,ssa,025,23,max_temperature,2021,2,35.03898873074133
emea,240802,ssa,025,23,max_temperature,2021,3,35.434675045801335
emea,240802,ssa,025,23,max_temperature,2021,4,33.779964672715515
emea,240802,ssa,025,23,max_temperature,2021,5,32.807513362709344
emea,240802,ssa,025,23,max_temperature,2021,6,32.344101317441122
emea,240802,ssa,025,23,max_temperature,2021,7,31.07792932663218
emea,240802,ssa,025,23,max_temperature,2021,8,33.000094039001105
emea,240802,ssa,025,23,max_temperature,2021,9,33.430828891190409
emea,240802,ssa,025,23,max_temperature,2021,10,34.433388038100439
emea,240802,ssa,025,23,max_temperature,2021,11,34.459427958308048
emea,240802,ssa,025,23,max_temperature,2021,12,32.887100656994178
emea,240802,ssa,025,23,max_temperature,2022,1,34.672711008244988
emea,240802,ssa,025,23,max_temperature,2022,2,35.520184757505433
emea,240802,ssa,025,23,max_temperature,2022,3,36.195521259995886
emea,240802,ssa,025,23,max_temperature,2022,4,34.403655273373957
emea,240802,ssa,025,23,max_temperature,2022,5,33.611315059492739
emea,240802,ssa,025,23,max_temperature,2022,6,32.344505500632579
emea,240802,ssa,025,23,max_temperature,2022,7,30.997989709451893
emea,240802,ssa,025,23,max_temperature,2022,8,31.42393510098977
emea,240802,ssa,025,23,max_temperature,2022,9,33.186603504387747
emea,240802,ssa,025,23,max_temperature,2022,10,33.630671932712879
emea,240802,ssa,025,23,max_temperature,2022,11,33.036041427586653
emea,240802,ssa,025,23,max_temperature,2022,12,33.6742539293939
emea,240802,ssa,025,23,max_temperature,2023,1,34.924860751245475
emea,240802,ssa,025,23,max_temperature,2023,2,35.929858902316525
emea,240802,ssa,025,23,max_temperature,2023,3,33.721331705158342
emea,240802,ssa,025,23,max_temperature,2023,4,32.667972964351868
emea,240802,ssa,025,23,max_temperature,2023,5,32.867745653649749
emea,240802,ssa,025,23,max_temperature,2023,6,32.831172323620827
emea,240802,ssa,025,23,max_temperature,2023,7,31.743993971144864
emea,240802,ssa,025,23,max_temperature,2023,8,32.01087487875899
emea,240802,ssa,025,23,max_temperature,2023,9,34.01519121334573
emea,240802,ssa,025,23,max_temperature,2023,10,33.374636118643338
emea,240802,ssa,025,23,max_temperature,2023,11,30.342868300672475
emea,240802,ssa,025,23,max_temperature,2023,12,33.248173063156294
emea,240802,ssa,025,23,temp_range,2014,1,11.908132282870692
emea,240802,ssa,025,23,temp_range,2014,2,11.082156812531466
emea,240802,ssa,025,23,temp_range,2014,3,10.23205883567115
emea,240802,ssa,025,23,temp_range,2014,4,9.5540047648728539
emea,240802,ssa,025,23,temp_range,2014,5,9.2798808690125423
emea,240802,ssa,025,23,temp_range,2014,6,9.1863672290837091
emea,240802,ssa,025,23,temp_range,2014,7,8.83374262264511
emea,240802,ssa,025,23,temp_range,2014,8,9.08532704981669
emea,240802,ssa,025,23,temp_range,2014,9,10.295855787882811
emea,240802,ssa,025,23,temp_range,2014,10,9.3781366281765255
emea,240802,ssa,025,23,temp_range,2014,11,8.7027344066891636
emea,240802,ssa,025,23,temp_range,2014,12,10.830291349266933
emea,240802,ssa,025,23,temp_range,2015,1,12.962663787506125
emea,240802,ssa,025,23,temp_range,2015,2,11.972653685203722
emea,240802,ssa,025,23,temp_range,2015,3,11.057714279684909
emea,240802,ssa,025,23,temp_range,2015,4,8.5325295351034942
emea,240802,ssa,025,23,temp_range,2015,5,8.846263474570403
emea,240802,ssa,025,23,temp_range,2015,6,9.10937768570395
emea,240802,ssa,025,23,temp_range,2015,7,9.0374470700736786
emea,240802,ssa,025,23,temp_range,2015,8,9.7347675879476547
emea,240802,ssa,025,23,temp_range,2015,9,10.246515369586398
emea,240802,ssa,025,23,temp_range,2015,10,9.04087427081657
emea,240802,ssa,025,23,temp_range,2015,11,8.2267436900291973
emea,240802,ssa,025,23,temp_range,2015,12,9.0883777304000635
emea,240802,ssa,025,23,temp_range,2016,1,9.934894849937276
emea,240802,ssa,025,23,temp_range,2016,2,11.133606084903368
emea,240802,ssa,025,23,temp_range,2016,3,10.430566986165353
emea,240802,ssa,025,23,temp_range,2016,4,8.5063316799900939
emea,240802,ssa,025,23,temp_range,2016,5,8.5066049587868235
emea,240802,ssa,025,23,temp_range,2016,6,8.68633001418876
emea,240802,ssa,025,23,temp_range,2016,7,8.452927138279156
emea,240802,ssa,025,23,temp_range,2016,8,9.5005614755367613
emea,240802,ssa,025,23,temp_range,2016,9,10.098697422852196
emea,240802,ssa,025,23,temp_range,2016,10,9.7515628945683357
emea,240802,ssa,025,23,temp_range,2016,11,9.1738256869660475
emea,240802,ssa,025,23,temp_range,2016,12,10.541887798783748
emea,240802,ssa,025,23,temp_range,2017,1,12.748094204309368
emea,240802,ssa,025,23,temp_range,2017,2,10.383640510078418
emea,240802,ssa,025,23,temp_range,2017,3,10.719715713646346
emea,240802,ssa,025,23,temp_range,2017,4,9.407182976895367
emea,240802,ssa,025,23,temp_range,2017,5,9.1890314539394353
emea,240802,ssa,025,23,temp_range,2017,6,9.0834448526083555
emea,240802,ssa,025,23,temp_range,2017,7,8.2826855162274811
emea,240802,ssa,025,23,temp_range,2017,8,9.0901771318196047
emea,240802,ssa,025,23,temp_range,2017,9,9.3834367824657967
emea,240802,ssa,025,23,temp_range,2017,10,9.0866871918756154
emea,240802,ssa,025,23,temp_range,2017,11,8.36746350373793
emea,240802,ssa,025,23,temp_range,2017,12,11.1904645919633
emea,240802,ssa,025,23,temp_range,2018,1,11.198230615966168
emea,240802,ssa,025,23,temp_range,2018,2,10.699859725546718
emea,240802,ssa,025,23,temp_range,2018,3,8.9236579406582681
emea,240802,ssa,025,23,temp_range,2018,4,7.5106285202305445
emea,240802,ssa,025,23,temp_range,2018,5,8.3787588991418165
emea,240802,ssa,025,23,temp_range,2018,6,8.1889201631447452
emea,240802,ssa,025,23,temp_range,2018,7,8.7437470183481221
emea,240802,ssa,025,23,temp_range,2018,8,9.4455342855191962
emea,240802,ssa,025,23,temp_range,2018,9,10.494402169065546
emea,240802,ssa,025,23,temp_range,2018,10,9.8928180707511242
emea,240802,ssa,025,23,temp_range,2018,11,9.7674484250390154
emea,240802,ssa,025,23,temp_range,2018,12,10.068699745522506
emea,240802,ssa,025,23,temp_range,2019,1,11.88747956103143
emea,240802,ssa,025,23,temp_range,2019,2,11.48148816447751
emea,240802,ssa,025,23,temp_range,2019,3,11.595700752912778
emea,240802,ssa,025,23,temp_range,2019,4,9.6774674616301439
emea,240802,ssa,025,23,temp_range,2019,5,9.0056768788827561
emea,240802,ssa,025,23,temp_range,2019,6,8.1701997206149475
emea,240802,ssa,025,23,temp_range,2019,7,9.0823491057224164
emea,240802,ssa,025,23,temp_range,2019,8,9.6600293678720579
emea,240802,ssa,025,23,temp_range,2019,9,10.283560553043687
emea,240802,ssa,025,23,temp_range,2019,10,8.5364637925151214
emea,240802,ssa,025,23,temp_range,2019,11,8.5423036414460736
emea,240802,ssa,025,23,temp_range,2019,12,9.2095902040226463
emea,240802,ssa,025,23,temp_range,2020,1,9.9630590304758648
emea,240802,ssa,025,23,temp_range,2020,2,10.498467719687886
emea,240802,ssa,025,23,temp_range,2020,3,9.491626860036618
emea,240802,ssa,025,23,temp_range,2020,4,8.80893841290492
emea,240802,ssa,025,23,temp_range,2020,5,9.280525935845354
emea,240802,ssa,025,23,temp_range,2020,6,9.3459370984405847
emea,240802,ssa,025,23,temp_range,2020,7,8.5512367340399571
emea,240802,ssa,025,23,temp_range,2020,8,9.2124754093461227
emea,240802,ssa,025,23,temp_range,2020,9,9.89827979997346
emea,240802,ssa,025,23,temp_range,2020,10,9.5992488537976328
emea,240802,ssa,025,23,temp_range,2020,11,9.3433272030501
emea,240802,ssa,025,23,temp_range,2020,12,11.522132201220307
emea,240802,ssa,025,23,temp_range,2021,1,11.198201122605047
emea,240802,ssa,025,23,temp_range,2021,2,10.837820220256125
emea,240802,ssa,025,23,temp_range,2021,3,10.85655369324496
emea,240802,ssa,025,23,temp_range,2021,4,9.4861633747754972
emea,240802,ssa,025,23,temp_range,2021,5,9.1740174091626656
emea,240802,ssa,025,23,temp_range,2021,6,9.7923763700202144
emea,240802,ssa,025,23,temp_range,2021,7,8.3069527525715472
emea,240802,ssa,025,23,temp_range,2021,8,10.468601354430747
emea,240802,ssa,025,23,temp_range,2021,9,9.9320182103170254
emea,240802,ssa,025,23,temp_range,2021,10,9.9765646050347634
emea,240802,ssa,025,23,temp_range,2021,11,9.8575709570992824
emea,240802,ssa,025,23,temp_range,2021,12,9.6995508044068561
emea,240802,ssa,025,23,temp_range,2022,1,11.343448394413617
emea,240802,ssa,025,23,temp_range,2022,2,11.256029980707307
emea,240802,ssa,025,23,temp_range,2022,3,11.042200466369769
emea,240802,ssa,025,23,temp_range,2022,4,9.3922784534851953
emea,240802,ssa,025,23,temp_range,2022,5,9.4780318306757216
emea,240802,ssa,025,23,temp_range,2022,6,9.5289207555590973
emea,240802,ssa,025,23,temp_range,2022,7,8.7014685347145662
emea,240802,ssa,025,23,temp_range,2022,8,9.1869286547898543
emea,240802,ssa,025,23,temp_range,2022,9,9.923779496334781
emea,240802,ssa,025,23,temp_range,2022,10,9.7772468385831441
emea,240802,ssa,025,23,temp_range,2022,11,9.2023177329214967
emea,240802,ssa,025,23,temp_range,2022,12,10.569705123423287
emea,240802,ssa,025,23,temp_range,2023,1,12.004453452610534
emea,240802,ssa,025,23,temp_range,2023,2,12.259217126515781
emea,240802,ssa,025,23,temp_range,2023,3,10.057520975889716
emea,240802,ssa,025,23,temp_range,2023,4,8.9605434095190883
emea,240802,ssa,025,23,temp_range,2023,5,8.8800885518584387
emea,240802,ssa,025,23,temp_range,2023,6,9.0867650978054257
emea,240802,ssa,025,23,temp_range,2023,7,8.9547069404383972
emea,240802,ssa,025,23,temp_range,2023,8,9.0281588067466885
emea,240802,ssa,025,23,temp_range,2023,9,10.043429979791391
emea,240802,ssa,025,23,temp_range,2023,10,9.1191954528503718
emea,240802,ssa,025,23,temp_range,2023,11,7.3574616391910919
emea,240802,ssa,025,23,temp_range,2023,12,9.9695843514148788
emea,240802,ssa,025,23,total_precipitation,2014,1,1.0338131052209576
emea,240802,ssa,025,23,total_precipitation,2014,2,18.986683877564786
emea,240802,ssa,025,23,total_precipitation,2014,3,74.233002844225467
emea,240802,ssa,025,23,total_precipitation,2014,4,45.085355620818376
emea,240802,ssa,025,23,total_precipitation,2014,5,48.129123134044725
emea,240802,ssa,025,23,total_precipitation,2014,6,7.6671491808916414
emea,240802,ssa,025,23,total_precipitation,2014,7,23.238531267153149
emea,240802,ssa,025,23,total_precipitation,2014,8,29.3139094865367
emea,240802,ssa,025,23,total_precipitation,2014,9,16.50726403153395
emea,240802,ssa,025,23,total_precipitation,2014,10,58.800058908604008
emea,240802,ssa,025,23,total_precipitation,2014,11,70.958309867370033
emea,240802,ssa,025,23,total_precipitation,2014,12,19.708916884645021
emea,240802,ssa,025,23,total_precipitation,2015,1,1.5748542877120855
emea,240802,ssa,025,23,total_precipitation,2015,2,4.908650310699457
emea,240802,ssa,025,23,total_precipitation,2015,3,33.278692705794853
emea,240802,ssa,025,23,total_precipitation,2015,4,129.292235916648
emea,240802,ssa,025,23,total_precipitation,2015,5,41.101580168630662
emea,240802,ssa,025,23,total_precipitation,2015,6,22.401507040499972
emea,240802,ssa,025,23,total_precipitation,2015,7,8.4385361145125017
emea,240802,ssa,025,23,total_precipitation,2015,8,4.5040804306706121
emea,240802,ssa,025,23,total_precipitation,2015,9,1.3851610853609202
emea,240802,ssa,025,23,total_precipitation,2015,10,62.6822044506173
emea,240802,ssa,025,23,total_precipitation,2015,11,125.51922234572095
emea,240802,ssa,025,23,total_precipitation,2015,12,66.134673641409236
emea,240802,ssa,025,23,total_precipitation,2016,1,12.935824655928855
emea,240802,ssa,025,23,total_precipitation,2016,2,9.6533534526250548
emea,240802,ssa,025,23,total_precipitation,2016,3,12.810733294700924
emea,240802,ssa,025,23,total_precipitation,2016,4,103.70227656956664
emea,240802,ssa,025,23,total_precipitation,2016,5,40.446067316375213
emea,240802,ssa,025,23,total_precipitation,2016,6,25.659603640035257
emea,240802,ssa,025,23,total_precipitation,2016,7,20.25274826542568
emea,240802,ssa,025,23,total_precipitation,2016,8,8.4460292212176711
emea,240802,ssa,025,23,total_precipitation,2016,9,3.63112974781572
emea,240802,ssa,025,23,total_precipitation,2016,10,5.9612373575954365
emea,240802,ssa,025,23,total_precipitation,2016,11,54.863921639713219
emea,240802,ssa,025,23,total_precipitation,2016,12,17.272564911442643
emea,240802,ssa,025,23,total_precipitation,2017,1,3.7318933085869759
emea,240802,ssa,025,23,total_precipitation,2017,2,8.8224986266768468
emea,240802,ssa,025,23,total_precipitation,2017,3,12.226554140039
emea,240802,ssa,025,23,total_precipitation,2017,4,49.348391680686888
emea,240802,ssa,025,23,total_precipitation,2017,5,52.963228822760115
emea,240802,ssa,025,23,total_precipitation,2017,6,3.0359888827517665
emea,240802,ssa,025,23,total_precipitation,2017,7,34.9315420291791
emea,240802,ssa,025,23,total_precipitation,2017,8,15.562488017925475
emea,240802,ssa,025,23,total_precipitation,2017,9,21.238250382310277
emea,240802,ssa,025,23,total_precipitation,2017,10,74.380321258733616
emea,240802,ssa,025,23,total_precipitation,2017,11,83.514432564780009
emea,240802,ssa,025,23,total_precipitation,2017,12,4.0256039210376713
emea,240802,ssa,025,23,total_precipitation,2018,1,4.3134763416314712
emea,240802,ssa,025,23,total_precipitation,2018,2,6.6505594850120673
emea,240802,ssa,025,23,total_precipitation,2018,3,115.02585347002757
emea,240802,ssa,025,23,total_precipitation,2018,4,187.39116857719503
emea,240802,ssa,025,23,total_precipitation,2018,5,72.300075479387957
emea,240802,ssa,025,23,total_precipitation,2018,6,35.390290941736978
emea,240802,ssa,025,23,total_precipitation,2018,7,3.6645380039932434
emea,240802,ssa,025,23,total_precipitation,2018,8,11.947069500331068
emea,240802,ssa,025,23,total_precipitation,2018,9,5.5867138616119405
emea,240802,ssa,025,23,total_precipitation,2018,10,33.472173665585835
emea,240802,ssa,025,23,total_precipitation,2018,11,39.905115046325172
emea,240802,ssa,025,23,total_precipitation,2018,12,68.63301467760914
emea,240802,ssa,025,23,total_precipitation,2019,1,4.86649073219435
emea,240802,ssa,025,23,total_precipitation,2019,2,4.22327208466254
emea,240802,ssa,025,23,total_precipitation,2019,3,16.910116068662091
emea,240802,ssa,025,23,total_precipitation,2019,4,50.367441139935444
emea,240802,ssa,025,23,total_precipitation,2019,5,43.869723116746307
emea,240802,ssa,025,23,total_precipitation,2019,6,39.3092332264245
emea,240802,ssa,025,23,total_precipitation,2019,7,29.368668264200075
emea,240802,ssa,025,23,total_precipitation,2019,8,10.043949169682932
emea,240802,ssa,025,23,total_precipitation,2019,9,19.385378784642825
emea,240802,ssa,025,23,total_precipitation,2019,10,150.56498958524162
emea,240802,ssa,025,23,total_precipitation,2019,11,122.09425462995509
emea,240802,ssa,025,23,total_precipitation,2019,12,55.257339313972381
emea,240802,ssa,025,23,total_precipitation,2020,1,58.183267588935649
emea,240802,ssa,025,23,total_precipitation,2020,2,25.946139372466789
emea,240802,ssa,025,23,total_precipitation,2020,3,61.371798053400653
emea,240802,ssa,025,23,total_precipitation,2020,4,122.32291128880323
emea,240802,ssa,025,23,total_precipitation,2020,5,29.788961843706993
emea,240802,ssa,025,23,total_precipitation,2020,6,52.361197635573092
emea,240802,ssa,025,23,total_precipitation,2020,7,61.19984719393026
emea,240802,ssa,025,23,total_precipitation,2020,8,25.005342606947352
emea,240802,ssa,025,23,total_precipitation,2020,9,21.837632667548974
emea,240802,ssa,025,23,total_precipitation,2020,10,53.844291183806874
emea,240802,ssa,025,23,total_precipitation,2020,11,61.436030769072261
emea,240802,ssa,025,23,total_precipitation,2020,12,15.590742270026794
emea,240802,ssa,025,23,total_precipitation,2021,1,6.2765685497383856
emea,240802,ssa,025,23,total_precipitation,2021,2,10.94935502336601
emea,240802,ssa,025,23,total_precipitation,2021,3,8.900801892427225
emea,240802,ssa,025,23,total_precipitation,2021,4,43.973354162216694
emea,240802,ssa,025,23,total_precipitation,2021,5,52.721644522274147
emea,240802,ssa,025,23,total_precipitation,2021,6,2.7088626986225393
emea,240802,ssa,025,23,total_precipitation,2021,7,15.5397368259528
emea,240802,ssa,025,23,total_precipitation,2021,8,6.0184729775726566
emea,240802,ssa,025,23,total_precipitation,2021,9,17.230420010261881
emea,240802,ssa,025,23,total_precipitation,2021,10,6.1571187360819692
emea,240802,ssa,025,23,total_precipitation,2021,11,24.933069201935282
emea,240802,ssa,025,23,total_precipitation,2021,12,22.658520090810875
emea,240802,ssa,025,23,total_precipitation,2022,1,31.648586444205442
emea,240802,ssa,025,23,total_precipitation,2022,2,2.1318312365697665
emea,240802,ssa,025,23,total_precipitation,2022,3,7.2617567039971931
emea,240802,ssa,025,23,total_precipitation,2022,4,64.2442754152602
emea,240802,ssa,025,23,total_precipitation,2022,5,16.862947131944352
emea,240802,ssa,025,23,total_precipitation,2022,6,4.0325350136146909
emea,240802,ssa,025,23,total_precipitation,2022,7,5.01134014265844
emea,240802,ssa,025,23,total_precipitation,2022,8,12.320234282365973
emea,240802,ssa,025,23,total_precipitation,2022,9,9.0849745527945345
emea,240802,ssa,025,23,total_precipitation,2022,10,8.3144358821865154
emea,240802,ssa,025,23,total_precipitation,2022,11,22.146368037331811
emea,240802,ssa,025,23,total_precipitation,2022,12,13.214504381377409
emea,240802,ssa,025,23,total_precipitation,2023,1,8.1316392832238051
emea,240802,ssa,025,23,total_precipitation,2023,2,2.1567812349537263
emea,240802,ssa,025,23,total_precipitation,2023,3,80.65022434825454
emea,240802,ssa,025,23,total_precipitation,2023,4,111.97191120606519
emea,240802,ssa,025,23,total_precipitation,2023,5,26.158481259249186
emea,240802,ssa,025,23,total_precipitation,2023,6,5.8804890024565424
emea,240802,ssa,025,23,total_precipitation,2023,7,5.3791166507348436
emea,240802,ssa,025,23,total_precipitation,2023,8,5.0675939193982913
emea,240802,ssa,025,23,total_precipitation,2023,9,8.6624685088701057
emea,240802,ssa,025,23,total_precipitation,2023,10,68.612801190600052
emea,240802,ssa,025,23,total_precipitation,2023,11,116.82095085885761
emea,240802,ssa,025,23,total_precipitation,2023,12,77.645045824554913
emea,240802,ssa,025,24,daylength,,1,738.917925991218
emea,240802,ssa,025,24,daylength,,2,731.91825897083288
emea,240802,ssa,025,24,daylength,,3,722.391756571486
emea,240802,ssa,025,24,daylength,,4,712.10633387004543
emea,240802,ssa,025,24,daylength,,5,703.46530230568351
emea,240802,ssa,025,24,daylength,,6,699.11356509081327
emea,240802,ssa,025,24,daylength,,7,700.83932597983312
emea,240802,ssa,025,24,daylength,,8,708.08138559314614
emea,240802,ssa,025,24,daylength,,9,717.94909795309957
emea,240802,ssa,025,24,daylength,,10,728.21601340321524
emea,240802,ssa,025,24,daylength,,11,736.7604609458939
emea,240802,ssa,025,24,daylength,,12,740.87336196683975
emea,240802,ssa,025,24,elevation,,,142.73950160029341
emea,240802,ssa,025,24,max_temperature,2014,1,31.991384389573909
emea,240802,ssa,025,24,max_temperature,2014,2,31.169822200693172
emea,240802,ssa,025,24,max_temperature,2014,3,30.927290842515998
emea,240802,ssa,025,24,max_temperature,2014,4,30.233403618179992
emea,240802,ssa,025,24,max_temperature,2014,5,28.978938869450015
emea,240802,ssa,025,24,max_temperature,2014,6,28.82048059506646
emea,240802,ssa,025,24,max_temperature,2014,7,28.671581997304095
emea,240802,ssa,025,24,max_temperature,2014,8,28.8057123481501
emea,240802,ssa,025,24,max_temperature,2014,9,28.948776082409054
emea,240802,ssa,025,24,max_temperature,2014,10,30.416371984375726
emea,240802,ssa,025,24,max_temperature,2014,11,30.998056524384353
emea,240802,ssa,025,24,max_temperature,2014,12,31.402688594939232
emea,240802,ssa,025,24,max_temperature,2015,1,31.369505618187929
emea,240802,ssa,025,24,max_temperature,2015,2,32.189909557478238
emea,240802,ssa,025,24,max_temperature,2015,3,31.63695088585828
emea,240802,ssa,025,24,max_temperature,2015,4,31.121622506714527
emea,240802,ssa,025,24,max_temperature,2015,5,29.757925705469088
emea,240802,ssa,025,24,max_temperature,2015,6,29.562056089301944
emea,240802,ssa,025,24,max_temperature,2015,7,28.6680840869493
emea,240802,ssa,025,24,max_temperature,2015,8,28.911530768785493
emea,240802,ssa,025,24,max_temperature,2015,9,29.794396888519476
emea,240802,ssa,025,24,max_temperature,2015,10,30.937639123163652
emea,240802,ssa,025,24,max_temperature,2015,11,31.016766557477471
emea,240802,ssa,025,24,max_temperature,2015,12,31.986253282014374
emea,240802,ssa,025,24,max_temperature,2016,1,31.95172569080313
emea,240802,ssa,025,24,max_temperature,2016,2,31.912650006195662
emea,240802,ssa,025,24,max_temperature,2016,3,32.981713847808315
emea,240802,ssa,025,24,max_temperature,2016,4,30.759572109389079
emea,240802,ssa,025,24,max_temperature,2016,5,29.60633696403081
emea,240802,ssa,025,24,max_temperature,2016,6,28.989858043702117
emea,240802,ssa,025,24,max_temperature,2016,7,28.498733378216741
emea,240802,ssa,025,24,max_temperature,2016,8,28.731802311892704
emea,240802,ssa,025,24,max_temperature,2016,9,28.634505906734447
emea,240802,ssa,025,24,max_temperature,2016,10,30.245091486409706
emea,240802,ssa,025,24,max_temperature,2016,11,31.016511429800232
emea,240802,ssa,025,24,max_temperature,2016,12,31.601698112305556
emea,240802,ssa,025,24,max_temperature,2017,1,32.420066072590828
emea,240802,ssa,025,24,max_temperature,2017,2,31.825109897301328
emea,240802,ssa,025,24,max_temperature,2017,3,31.97736636763938
emea,240802,ssa,025,24,max_temperature,2017,4,30.51972781755094
emea,240802,ssa,025,24,max_temperature,2017,5,28.604941577235746
emea,240802,ssa,025,24,max_temperature,2017,6,29.084826922293068
emea,240802,ssa,025,24,max_temperature,2017,7,28.912300697382314
emea,240802,ssa,025,24,max_temperature,2017,8,29.033015116531406
emea,240802,ssa,025,24,max_temperature,2017,9,29.567864027805047
emea,240802,ssa,025,24,max_temperature,2017,10,30.602659938633387
emea,240802,ssa,025,24,max_temperature,2017,11,30.802091999918488
emea,240802,ssa,025,24,max_temperature,2017,12,31.163470650289135
emea,240802,ssa,025,24,max_temperature,2018,1,30.793007910966303
emea,240802,ssa,025,24,max_temperature,2018,2,31.987200590445116
emea,240802,ssa,025,24,max_temperature,2018,3,30.85643293619297
emea,240802,ssa,025,24,max_temperature,2018,4,29.555346864148877
emea,240802,ssa,025,24,max_temperature,2018,5,29.039694893955474
emea,240802,ssa,025,24,max_temperature,2018,6,28.709423629018044
emea,240802,ssa,025,24,max_temperature,2018,7,28.223670655068304
emea,240802,ssa,025,24,max_temperature,2018,8,28.618677395970863
emea,240802,ssa,025,24,max_temperature,2018,9,29.216284685811754
emea,240802,ssa,025,24,max_temperature,2018,10,30.121212180270639
emea,240802,ssa,025,24,max_temperature,2018,11,31.15186954714736
emea,240802,ssa,025,24,max_temperature,2018,12,31.692376035404777
emea,240802,ssa,025,24,max_temperature,2019,1,32.016345803807411
emea,240802,ssa,025,24,max_temperature,2019,2,32.346750065061869
emea,240802,ssa,025,24,max_temperature,2019,3,32.653512523172665
emea,240802,ssa,025,24,max_temperature,2019,4,31.886392847167482
emea,240802,ssa,025,24,max_temperature,2019,5,28.932173691176843
emea,240802,ssa,025,24,max_temperature,2019,6,29.302832486645269
emea,240802,ssa,025,24,max_temperature,2019,7,29.035603710858048
emea,240802,ssa,025,24,max_temperature,2019,8,29.202312640620416
emea,240802,ssa,025,24,max_temperature,2019,9,29.88798027968215
emea,240802,ssa,025,24,max_temperature,2019,10,29.488578855269665
emea,240802,ssa,025,24,max_temperature,2019,11,30.400940313547554
emea,240802,ssa,025,24,max_temperature,2019,12,31.024137732313008
emea,240802,ssa,025,24,max_temperature,2020,1,31.514834124733866
emea,240802,ssa,025,24,max_temperature,2020,2,31.94096803855517
emea,240802,ssa,025,24,max_temperature,2020,3,31.805255987142829
emea,240802,ssa,025,24,max_temperature,2020,4,30.500807901388423
emea,240802,ssa,025,24,max_temperature,2020,5,29.820466959771149
emea,240802,ssa,025,24,max_temperature,2020,6,29.342323168434074
emea,240802,ssa,025,24,max_temperature,2020,7,28.691341189024524
emea,240802,ssa,025,24,max_temperature,2020,8,28.74165322756842
emea,240802,ssa,025,24,max_temperature,2020,9,29.50287210652321
emea,240802,ssa,025,24,max_temperature,2020,10,30.825536085028652
emea,240802,ssa,025,24,max_temperature,2020,11,30.323545504916346
emea,240802,ssa,025,24,max_temperature,2020,12,31.535226599170237
emea,240802,ssa,025,24,max_temperature,2021,1,31.531152036650603
emea,240802,ssa,025,24,max_temperature,2021,2,31.768998874120744
emea,240802,ssa,025,24,max_temperature,2021,3,32.045349335173725
emea,240802,ssa,025,24,max_temperature,2021,4,30.443525742546921
emea,240802,ssa,025,24,max_temperature,2021,5,29.808189282094279
emea,240802,ssa,025,24,max_temperature,2021,6,28.792886521988819
emea,240802,ssa,025,24,max_temperature,2021,7,28.79674792886459
emea,240802,ssa,025,24,max_temperature,2021,8,28.96558324940883
emea,240802,ssa,025,24,max_temperature,2021,9,29.483762582717997
emea,240802,ssa,025,24,max_temperature,2021,10,30.43236813202024
emea,240802,ssa,025,24,max_temperature,2021,11,31.993897504454125
emea,240802,ssa,025,24,max_temperature,2021,12,30.886047801059895
emea,240802,ssa,025,24,max_temperature,2022,1,32.15026134745267
emea,240802,ssa,025,24,max_temperature,2022,2,31.656163290778029
emea,240802,ssa,025,24,max_temperature,2022,3,32.093017375758691
emea,240802,ssa,025,24,max_temperature,2022,4,31.098892170734164
emea,240802,ssa,025,24,max_temperature,2022,5,30.28073158280867
emea,240802,ssa,025,24,max_temperature,2022,6,29.1227967122003
emea,240802,ssa,025,24,max_temperature,2022,7,27.588422584821934
emea,240802,ssa,025,24,max_temperature,2022,8,28.204601452322855
emea,240802,ssa,025,24,max_temperature,2022,9,28.824017436516861
emea,240802,ssa,025,24,max_temperature,2022,10,29.5716604547163
emea,240802,ssa,025,24,max_temperature,2022,11,30.869271133765107
emea,240802,ssa,025,24,max_temperature,2022,12,31.680826863017366
emea,240802,ssa,025,24,max_temperature,2023,1,31.614666806016981
emea,240802,ssa,025,24,max_temperature,2023,2,31.904282627644296
emea,240802,ssa,025,24,max_temperature,2023,3,32.452539680267414
emea,240802,ssa,025,24,max_temperature,2023,4,30.527091318899835
emea,240802,ssa,025,24,max_temperature,2023,5,29.846895454679224
emea,240802,ssa,025,24,max_temperature,2023,6,29.340179847438073
emea,240802,ssa,025,24,max_temperature,2023,7,28.853885020379948
emea,240802,ssa,025,24,max_temperature,2023,8,29.090014150527534
emea,240802,ssa,025,24,max_temperature,2023,9,29.850679992301433
emea,240802,ssa,025,24,max_temperature,2023,10,30.952627781924154
emea,240802,ssa,025,24,max_temperature,2023,11,29.047236967173447
emea,240802,ssa,025,24,max_temperature,2023,12,30.768101647064388
emea,240802,ssa,025,24,temp_range,2014,1,7.5963565016192778
emea,240802,ssa,025,24,temp_range,2014,2,7.2550565745556419
emea,240802,ssa,025,24,temp_range,2014,3,6.7955078091310011
emea,240802,ssa,025,24,temp_range,2014,4,6.376573321525342
emea,240802,ssa,025,24,temp_range,2014,5,6.2253794461509395
emea,240802,ssa,025,24,temp_range,2014,6,6.8142982063265771
emea,240802,ssa,025,24,temp_range,2014,7,7.3884533829685273
emea,240802,ssa,025,24,temp_range,2014,8,7.5816741243966863
emea,240802,ssa,025,24,temp_range,2014,9,7.4721785318590763
emea,240802,ssa,025,24,temp_range,2014,10,7.7280617308942556
emea,240802,ssa,025,24,temp_range,2014,11,7.4840377025932394
emea,240802,ssa,025,24,temp_range,2014,12,7.1233583761192909
emea,240802,ssa,025,24,temp_range,2015,1,7.3828402759589409
emea,240802,ssa,025,24,temp_range,2015,2,7.7546307132556613
emea,240802,ssa,025,24,temp_range,2015,3,7.33962318931945
emea,240802,ssa,025,24,temp_range,2015,4,6.8985721040572408
emea,240802,ssa,025,24,temp_range,2015,5,6.439327640902917
emea,240802,ssa,025,24,temp_range,2015,6,7.7878020314230749
emea,240802,ssa,025,24,temp_range,2015,7,7.407988086681307
emea,240802,ssa,025,24,temp_range,2015,8,7.5795406925091005
emea,240802,ssa,025,24,temp_range,2015,9,8.1968795740063722
emea,240802,ssa,025,24,temp_range,2015,10,7.7216932015558255
emea,240802,ssa,025,24,temp_range,2015,11,6.99454043836211
emea,240802,ssa,025,24,temp_range,2015,12,7.1480111838841358
emea,240802,ssa,025,24,temp_range,2016,1,6.8597492040154888
emea,240802,ssa,025,24,temp_range,2016,2,7.2990736715928906
emea,240802,ssa,025,24,temp_range,2016,3,7.3844778247203937
emea,240802,ssa,025,24,temp_range,2016,4,6.0496658171890427
emea,240802,ssa,025,24,temp_range,2016,5,7.0836410822513516
emea,240802,ssa,025,24,temp_range,2016,6,7.3405419750038323
emea,240802,ssa,025,24,temp_range,2016,7,7.8826955643528116
emea,240802,ssa,025,24,temp_range,2016,8,7.8302867257980253
emea,240802,ssa,025,24,temp_range,2016,9,7.9386787779242454
emea,240802,ssa,025,24,temp_range,2016,10,8.32821110774084
emea,240802,ssa,025,24,temp_range,2016,11,7.5102652626957687
emea,240802,ssa,025,24,temp_range,2016,12,7.29447636015676
emea,240802,ssa,025,24,temp_range,2017,1,7.8416092058502356
emea,240802,ssa,025,24,temp_range,2017,2,7.39357649275734
emea,240802,ssa,025,24,temp_range,2017,3,7.3109623672324648
emea,240802,ssa,025,24,temp_range,2017,4,6.3943457323253821
emea,240802,ssa,025,24,temp_range,2017,5,5.4620784387389811
emea,240802,ssa,025,24,temp_range,2017,6,7.0318501534924
emea,240802,ssa,025,24,temp_range,2017,7,7.8656121637033012
emea,240802,ssa,025,24,temp_range,2017,8,7.6062568910870247
emea,240802,ssa,025,24,temp_range,2017,9,8.1851895977760378
emea,240802,ssa,025,24,temp_range,2017,10,7.9661175879681227
emea,240802,ssa,025,24,temp_range,2017,11,7.0655972819447239
emea,240802,ssa,025,24,temp_range,2017,12,6.9426117847122715
emea,240802,ssa,025,24,temp_range,2018,1,7.280592677180449
emea,240802,ssa,025,24,temp_range,2018,2,7.9348360754210532
emea,240802,ssa,025,24,temp_range,2018,3,6.87909449965465
emea,240802,ssa,025,24,temp_range,2018,4,5.9557115829146179
emea,240802,ssa,025,24,temp_range,2018,5,6.1235006875434044
emea,240802,ssa,025,24,temp_range,2018,6,7.1239567608465659
emea,240802,ssa,025,24,temp_range,2018,7,7.1484045377840317
emea,240802,ssa,025,24,temp_range,2018,8,8.0615177677814085
emea,240802,ssa,025,24,temp_range,2018,9,7.86695640274651
emea,240802,ssa,025,24,temp_range,2018,10,7.7666040807808958
emea,240802,ssa,025,24,temp_range,2018,11,7.604353648380954
emea,240802,ssa,025,24,temp_range,2018,12,7.3167082592645727
emea,240802,ssa,025,24,temp_range,2019,1,7.2852004438095843
emea,240802,ssa,025,24,temp_range,2019,2,7.6910788214934689
emea,240802,ssa,025,24,temp_range,2019,3,8.0619433169147072
emea,240802,ssa,025,24,temp_range,2019,4,6.9797389345083367
emea,240802,ssa,025,24,temp_range,2019,5,5.607973477371865
emea,240802,ssa,025,24,temp_range,2019,6,7.4100123110535518
emea,240802,ssa,025,24,temp_range,2019,7,7.8417341854061666
emea,240802,ssa,025,24,temp_range,2019,8,7.8224076996728558
emea,240802,ssa,025,24,temp_range,2019,9,7.90150180763322
emea,240802,ssa,025,24,temp_range,2019,10,6.465171607832648
emea,240802,ssa,025,24,temp_range,2019,11,6.62425802028938
emea,240802,ssa,025,24,temp_range,2019,12,6.8337900991116252
emea,240802,ssa,025,24,temp_range,2020,1,6.5985177005457194
emea,240802,ssa,025,24,temp_range,2020,2,7.253340421616624
emea,240802,ssa,025,24,temp_range,2020,3,7.0057409761502445
emea,240802,ssa,025,24,temp_range,2020,4,6.2207569618591076
emea,240802,ssa,025,24,temp_range,2020,5,6.5859874404634358
emea,240802,ssa,025,24,temp_range,2020,6,7.3221658311063482
emea,240802,ssa,025,24,temp_range,2020,7,7.5935353889844794
emea,240802,ssa,025,24,temp_range,2020,8,7.7823867759022374
emea,240802,ssa,025,24,temp_range,2020,9,7.9464226187891231
emea,240802,ssa,025,24,temp_range,2020,10,7.9627024244215274
emea,240802,ssa,025,24,temp_range,2020,11,6.6698099361762226
emea,240802,ssa,025,24,temp_range,2020,12,7.193410040703311
emea,240802,ssa,025,24,temp_range,2021,1,7.4710986626581333
emea,240802,ssa,025,24,temp_range,2021,2,7.54641844373314
emea,240802,ssa,025,24,temp_range,2021,3,7.9608718797768532
emea,240802,ssa,025,24,temp_range,2021,4,6.445920021031843
emea,240802,ssa,025,24,temp_range,2021,5,7.6069646978857559
emea,240802,ssa,025,24,temp_range,2021,6,7.5628920947522289
emea,240802,ssa,025,24,temp_range,2021,7,7.7456381601877435
emea,240802,ssa,025,24,temp_range,2021,8,8.0434314783080048
emea,240802,ssa,025,24,temp_range,2021,9,7.7342943705598373
emea,240802,ssa,025,24,temp_range,2021,10,8.0397040715651062
emea,240802,ssa,025,24,temp_range,2021,11,8.2575521724722343
emea,240802,ssa,025,24,temp_range,2021,12,6.8190585764507485
emea,240802,ssa,025,24,temp_range,2022,1,7.4333138909156968
emea,240802,ssa,025,24,temp_range,2022,2,7.357515156438998
emea,240802,ssa,025,24,temp_range,2022,3,7.4380637125762421
emea,240802,ssa,025,24,temp_range,2022,4,6.8632624498321988
emea,240802,ssa,025,24,temp_range,2022,5,7.2955526462537126
emea,240802,ssa,025,24,temp_range,2022,6,7.3696911292422023
emea,240802,ssa,025,24,temp_range,2022,7,6.8482285768353046
emea,240802,ssa,025,24,temp_range,2022,8,7.8757473880065749
emea,240802,ssa,025,24,temp_range,2022,9,7.7899392751947953
emea,240802,ssa,025,24,temp_range,2022,10,8.1538220807907535
emea,240802,ssa,025,24,temp_range,2022,11,7.4036185950637812
emea,240802,ssa,025,24,temp_range,2022,12,7.4154432210713175
emea,240802,ssa,025,24,temp_range,2023,1,7.5512083834862107
emea,240802,ssa,025,24,temp_range,2023,2,7.7514056128529338
emea,240802,ssa,025,24,temp_range,2023,3,7.607877255478332
emea,240802,ssa,025,24,temp_range,2023,4,6.3713838924125747
emea,240802,ssa,025,24,temp_range,2023,5,6.4931788511146387
emea,240802,ssa,025,24,temp_range,2023,6,7.6152517191868991
emea,240802,ssa,025,24,temp_range,2023,7,7.4436383190474862
emea,240802,ssa,025,24,temp_range,2023,8,7.1957853842585005
emea,240802,ssa,025,24,temp_range,2023,9,7.8920276592522116
emea,240802,ssa,025,24,temp_range,2023,10,7.4699789372125256
emea,240802,ssa,025,24,temp_range,2023,11,5.24947559403826
emea,240802,ssa,025,24,temp_range,2023,12,6.39593764099088
emea,240802,ssa,025,24,total_precipitation,2014,1,31.304620492676548
emea,240802,ssa,025,24,total_precipitation,2014,2,95.620248838479128
emea,240802,ssa,025,24,total_precipitation,2014,3,197.73136892812536
emea,240802,ssa,025,24,total_precipitation,2014,4,128.56327947526776
emea,240802,ssa,025,24,total_precipitation,2014,5,102.2257225315378
emea,240802,ssa,025,24,total_precipitation,2014,6,27.76544312720911
emea,240802,ssa,025,24,total_precipitation,2014,7,22.137015998887136
emea,240802,ssa,025,24,total_precipitation,2014,8,27.101676572498242
emea,240802,ssa,025,24,total_precipitation,2014,9,32.738465696655823
emea,240802,ssa,025,24,total_precipitation,2014,10,39.902310976803562
emea,240802,ssa,025,24,total_precipitation,2014,11,83.1368844400717
emea,240802,ssa,025,24,total_precipitation,2014,12,92.009013311974371
emea,240802,ssa,025,24,total_precipitation,2015,1,66.54216305598294
emea,240802,ssa,025,24,total_precipitation,2015,2,38.386447594288896
emea,240802,ssa,025,24,total_precipitation,2015,3,136.89098198924688
emea,240802,ssa,025,24,total_precipitation,2015,4,89.0572911393387
emea,240802,ssa,025,24,total_precipitation,2015,5,119.48897720426018
emea,240802,ssa,025,24,total_precipitation,2015,6,18.018985232027774
emea,240802,ssa,025,24,total_precipitation,2015,7,32.3590271871854
emea,240802,ssa,025,24,total_precipitation,2015,8,27.647120746931428
emea,240802,ssa,025,24,total_precipitation,2015,9,16.345833189788351
emea,240802,ssa,025,24,total_precipitation,2015,10,47.664733885788436
emea,240802,ssa,025,24,total_precipitation,2015,11,120.96325715631764
emea,240802,ssa,025,24,total_precipitation,2015,12,92.3857353041024
emea,240802,ssa,025,24,total_precipitation,2016,1,118.30206043588335
emea,240802,ssa,025,24,total_precipitation,2016,2,89.640645038060029
emea,240802,ssa,025,24,total_precipitation,2016,3,99.091396925282268
emea,240802,ssa,025,24,total_precipitation,2016,4,230.54915296338808
emea,240802,ssa,025,24,total_precipitation,2016,5,31.101738287040945
emea,240802,ssa,025,24,total_precipitation,2016,6,20.77645028627137
emea,240802,ssa,025,24,total_precipitation,2016,7,13.494563104035606
emea,240802,ssa,025,24,total_precipitation,2016,8,24.46655334610692
emea,240802,ssa,025,24,total_precipitation,2016,9,25.289798875524085
emea,240802,ssa,025,24,total_precipitation,2016,10,21.561360921074979
emea,240802,ssa,025,24,total_precipitation,2016,11,70.4786216181296
emea,240802,ssa,025,24,total_precipitation,2016,12,69.547805454450767
emea,240802,ssa,025,24,total_precipitation,2017,1,48.073570831407473
emea,240802,ssa,025,24,total_precipitation,2017,2,90.758810598944464
emea,240802,ssa,025,24,total_precipitation,2017,3,126.3847620869561
emea,240802,ssa,025,24,total_precipitation,2017,4,146.13506974709261
emea,240802,ssa,025,24,total_precipitation,2017,5,190.62738340526454
emea,240802,ssa,025,24,total_precipitation,2017,6,35.717575044530172
emea,240802,ssa,025,24,total_precipitation,2017,7,16.6253303528501
emea,240802,ssa,025,24,total_precipitation,2017,8,30.736269876223254
emea,240802,ssa,025,24,total_precipitation,2017,9,32.446255139327974
emea,240802,ssa,025,24,total_precipitation,2017,10,64.7631402436185
emea,240802,ssa,025,24,total_precipitation,2017,11,116.46510968972672
emea,240802,ssa,025,24,total_precipitation,2017,12,88.5495241576238
emea,240802,ssa,025,24,total_precipitation,2018,1,118.28808904699613
emea,240802,ssa,025,24,total_precipitation,2018,2,34.97753857128756
emea,240802,ssa,025,24,total_precipitation,2018,3,184.7368768732394
emea,240802,ssa,025,24,total_precipitation,2018,4,220.22766200857259
emea,240802,ssa,025,24,total_precipitation,2018,5,155.12073124840981
emea,240802,ssa,025,24,total_precipitation,2018,6,34.123851073420617
emea,240802,ssa,025,24,total_precipitation,2018,7,28.664645240817826
emea,240802,ssa,025,24,total_precipitation,2018,8,25.278570096828851
emea,240802,ssa,025,24,total_precipitation,2018,9,48.056318001937647
emea,240802,ssa,025,24,total_precipitation,2018,10,70.797523193882824
emea,240802,ssa,025,24,total_precipitation,2018,11,55.582713576568025
emea,240802,ssa,025,24,total_precipitation,2018,12,103.32922972675678
emea,240802,ssa,025,24,total_precipitation,2019,1,81.190128557484826
emea,240802,ssa,025,24,total_precipitation,2019,2,60.417180472023112
emea,240802,ssa,025,24,total_precipitation,2019,3,61.501691025583575
emea,240802,ssa,025,24,total_precipitation,2019,4,116.80565010319333
emea,240802,ssa,025,24,total_precipitation,2019,5,213.30633014468137
emea,240802,ssa,025,24,total_precipitation,2019,6,14.596229098262228
emea,240802,ssa,025,24,total_precipitation,2019,7,20.30410075990072
emea,240802,ssa,025,24,total_precipitation,2019,8,35.050870283370436
emea,240802,ssa,025,24,total_precipitation,2019,9,35.925097613506161
emea,240802,ssa,025,24,total_precipitation,2019,10,192.82118563384614
emea,240802,ssa,025,24,total_precipitation,2019,11,154.27229618995526
emea,240802,ssa,025,24,total_precipitation,2019,12,199.39480156269065
emea,240802,ssa,025,24,total_precipitation,2020,1,141.07873547165957
emea,240802,ssa,025,24,total_precipitation,2020,2,115.9012040007795
emea,240802,ssa,025,24,total_precipitation,2020,3,183.39077085051372
emea,240802,ssa,025,24,total_precipitation,2020,4,215.91989808415795
emea,240802,ssa,025,24,total_precipitation,2020,5,144.65673296472198
emea,240802,ssa,025,24,total_precipitation,2020,6,28.078075176604052
emea,240802,ssa,025,24,total_precipitation,2020,7,31.223572794817208
emea,240802,ssa,025,24,total_precipitation,2020,8,25.836969969423059
emea,240802,ssa,025,24,total_precipitation,2020,9,29.297196926725135
emea,240802,ssa,025,24,total_precipitation,2020,10,56.522909449377764
emea,240802,ssa,025,24,total_precipitation,2020,11,125.84279781667519
emea,240802,ssa,025,24,total_precipitation,2020,12,68.0203721270451
emea,240802,ssa,025,24,total_precipitation,2021,1,72.883514132097474
emea,240802,ssa,025,24,total_precipitation,2021,2,65.5869662580204
emea,240802,ssa,025,24,total_precipitation,2021,3,69.393851563877831
emea,240802,ssa,025,24,total_precipitation,2021,4,193.31863032379778
emea,240802,ssa,025,24,total_precipitation,2021,5,43.714953181724553
emea,240802,ssa,025,24,total_precipitation,2021,6,27.450786649362875
emea,240802,ssa,025,24,total_precipitation,2021,7,19.014244080412809
emea,240802,ssa,025,24,total_precipitation,2021,8,18.43637805277443
emea,240802,ssa,025,24,total_precipitation,2021,9,29.625281016273561
emea,240802,ssa,025,24,total_precipitation,2021,10,24.997904494534353
emea,240802,ssa,025,24,total_precipitation,2021,11,40.996860099149984
emea,240802,ssa,025,24,total_precipitation,2021,12,119.44198692177147
emea,240802,ssa,025,24,total_precipitation,2022,1,79.321836472015733
emea,240802,ssa,025,24,total_precipitation,2022,2,102.97776919931339
emea,240802,ssa,025,24,total_precipitation,2022,3,74.836864773712762
emea,240802,ssa,025,24,total_precipitation,2022,4,123.34925045531898
emea,240802,ssa,025,24,total_precipitation,2022,5,33.795573306726077
emea,240802,ssa,025,24,total_precipitation,2022,6,33.156862619321146
emea,240802,ssa,025,24,total_precipitation,2022,7,32.054071354308604
emea,240802,ssa,025,24,total_precipitation,2022,8,22.378125687828124
emea,240802,ssa,025,24,total_precipitation,2022,9,24.642314078562961
emea,240802,ssa,025,24,total_precipitation,2022,10,21.056640212843583
emea,240802,ssa,025,24,total_precipitation,2022,11,60.502582085067786
emea,240802,ssa,025,24,total_precipitation,2022,12,78.946710103549776
emea,240802,ssa,025,24,total_precipitation,2023,1,56.870190022683886
emea,240802,ssa,025,24,total_precipitation,2023,2,37.741255904433679
emea,240802,ssa,025,24,total_precipitation,2023,3,48.607822422674232
emea,240802,ssa,025,24,total_precipitation,2023,4,211.57508581557107
emea,240802,ssa,025,24,total_precipitation,2023,5,42.47311658816043
emea,240802,ssa,025,24,total_precipitation,2023,6,32.379216470498811
emea,240802,ssa,025,24,total_precipitation,2023,7,28.668247322256242
emea,240802,ssa,025,24,total_precipitation,2023,8,20.344762278488076
emea,240802,ssa,025,24,total_precipitation,2023,9,18.812909905965839
emea,240802,ssa,025,24,total_precipitation,2023,10,42.3281117262399
emea,240802,ssa,025,24,total_precipitation,2023,11,140.90087183150868
emea,240802,ssa,025,24,total_precipitation,2023,12,138.94685526894798
emea,240802,ssa,025,25,daylength,,1,749.70861215048114
emea,240802,ssa,025,25,daylength,,2,738.71224290262444
emea,240802,ssa,025,25,daylength,,3,723.75465151249693
emea,240802,ssa,025,25,daylength,,4,707.60756993009079
emea,240802,ssa,025,25,daylength,,5,694.0362428055804
emea,240802,ssa,025,25,daylength,,6,687.19741690579838
emea,240802,ssa,025,25,daylength,,7,689.909892658164
emea,240802,ssa,025,25,daylength,,8,701.28720012143515
emea,240802,ssa,025,25,daylength,,9,716.78043686469687
emea,240802,ssa,025,25,daylength,,10,732.8985569618859
emea,240802,ssa,025,25,daylength,,11,746.31846734696853
emea,240802,ssa,025,25,daylength,,12,752.78203338770049
emea,240802,ssa,025,25,elevation,,,405.80625643067793
emea,240802,ssa,025,25,max_temperature,2014,1,31.715154682448023
emea,240802,ssa,025,25,max_temperature,2014,2,29.724223575742812
emea,240802,ssa,025,25,max_temperature,2014,3,29.238554132528225
emea,240802,ssa,025,25,max_temperature,2014,4,28.056882860942608
emea,240802,ssa,025,25,max_temperature,2014,5,27.860841933590233
emea,240802,ssa,025,25,max_temperature,2014,6,27.421601917266528
emea,240802,ssa,025,25,max_temperature,2014,7,27.498369774534112
emea,240802,ssa,025,25,max_temperature,2014,8,28.542569574097577
emea,240802,ssa,025,25,max_temperature,2014,9,29.656655486718609
emea,240802,ssa,025,25,max_temperature,2014,10,31.603068145937065
emea,240802,ssa,025,25,max_temperature,2014,11,32.671683304251239
emea,240802,ssa,025,25,max_temperature,2014,12,32.133827830345375
emea,240802,ssa,025,25,max_temperature,2015,1,30.004686468428492
emea,240802,ssa,025,25,max_temperature,2015,2,31.526859287678302
emea,240802,ssa,025,25,max_temperature,2015,3,29.774387481366222
emea,240802,ssa,025,25,max_temperature,2015,4,29.407075165931943
emea,240802,ssa,025,25,max_temperature,2015,5,28.703742033128719
emea,240802,ssa,025,25,max_temperature,2015,6,28.309043052707825
emea,240802,ssa,025,25,max_temperature,2015,7,28.239637346356904
emea,240802,ssa,025,25,max_temperature,2015,8,29.222276709442379
emea,240802,ssa,025,25,max_temperature,2015,9,30.980401038417803
emea,240802,ssa,025,25,max_temperature,2015,10,32.571107168272043
emea,240802,ssa,025,25,max_temperature,2015,11,32.385623675652525
emea,240802,ssa,025,25,max_temperature,2015,12,32.366909947223441
emea,240802,ssa,025,25,max_temperature,2016,1,30.340183755187031
emea,240802,ssa,025,25,max_temperature,2016,2,30.475308701313516
emea,240802,ssa,025,25,max_temperature,2016,3,31.535663592355704
emea,240802,ssa,025,25,max_temperature,2016,4,28.679320241874976
emea,240802,ssa,025,25,max_temperature,2016,5,27.804195527653444
emea,240802,ssa,025,25,max_temperature,2016,6,27.396715388452044
emea,240802,ssa,025,25,max_temperature,2016,7,27.297566039903309
emea,240802,ssa,025,25,max_temperature,2016,8,28.64647367209621
emea,240802,ssa,025,25,max_temperature,2016,9,29.948909687027456
emea,240802,ssa,025,25,max_temperature,2016,10,31.98430305030098
emea,240802,ssa,025,25,max_temperature,2016,11,32.7990973920698
emea,240802,ssa,025,25,max_temperature,2016,12,32.883841761865732
emea,240802,ssa,025,25,max_temperature,2017,1,32.627645666528984
emea,240802,ssa,025,25,max_temperature,2017,2,30.633816800399536
emea,240802,ssa,025,25,max_temperature,2017,3,29.395151468762265
emea,240802,ssa,025,25,max_temperature,2017,4,28.059868282816094
emea,240802,ssa,025,25,max_temperature,2017,5,27.940369520478704
emea,240802,ssa,025,25,max_temperature,2017,6,28.178365129627817
emea,240802,ssa,025,25,max_temperature,2017,7,27.817932003948169
emea,240802,ssa,025,25,max_temperature,2017,8,28.713303595842181
emea,240802,ssa,025,25,max_temperature,2017,9,30.523317662069591
emea,240802,ssa,025,25,max_temperature,2017,10,31.913258414666664
emea,240802,ssa,025,25,max_temperature,2017,11,32.176830535125255
emea,240802,ssa,025,25,max_temperature,2017,12,31.384322941896595
emea,240802,ssa,025,25,max_temperature,2018,1,29.457619701360997
emea,240802,ssa,025,25,max_temperature,2018,2,31.33711291977637
emea,240802,ssa,025,25,max_temperature,2018,3,29.492547137275412
emea,240802,ssa,025,25,max_temperature,2018,4,28.31278534240948
emea,240802,ssa,025,25,max_temperature,2018,5,28.672384702800805
emea,240802,ssa,025,25,max_temperature,2018,6,27.999579072159715
emea,240802,ssa,025,25,max_temperature,2018,7,27.288755841457416
emea,240802,ssa,025,25,max_temperature,2018,8,28.98781573418637
emea,240802,ssa,025,25,max_temperature,2018,9,30.365737600753942
emea,240802,ssa,025,25,max_temperature,2018,10,30.976593355201356
emea,240802,ssa,025,25,max_temperature,2018,11,32.719876249427749
emea,240802,ssa,025,25,max_temperature,2018,12,31.407054801952832
emea,240802,ssa,025,25,max_temperature,2019,1,31.190942183635666
emea,240802,ssa,025,25,max_temperature,2019,2,30.883129973860729
emea,240802,ssa,025,25,max_temperature,2019,3,31.123787929157309
emea,240802,ssa,025,25,max_temperature,2019,4,29.553290357332212
emea,240802,ssa,025,25,max_temperature,2019,5,27.958092393264444
emea,240802,ssa,025,25,max_temperature,2019,6,27.960212567227465
emea,240802,ssa,025,25,max_temperature,2019,7,27.983791592151658
emea,240802,ssa,025,25,max_temperature,2019,8,29.520270501358322
emea,240802,ssa,025,25,max_temperature,2019,9,30.783159242192042
emea,240802,ssa,025,25,max_temperature,2019,10,30.904597593789486
emea,240802,ssa,025,25,max_temperature,2019,11,31.915568692138557
emea,240802,ssa,025,25,max_temperature,2019,12,30.763573037109033
emea,240802,ssa,025,25,max_temperature,2020,1,30.553231488795063
emea,240802,ssa,025,25,max_temperature,2020,2,30.654247988630384
emea,240802,ssa,025,25,max_temperature,2020,3,30.075049989420236
emea,240802,ssa,025,25,max_temperature,2020,4,29.607894647411463
emea,240802,ssa,025,25,max_temperature,2020,5,29.109111773846887
emea,240802,ssa,025,25,max_temperature,2020,6,28.376257554433394
emea,240802,ssa,025,25,max_temperature,2020,7,27.292354950242988
emea,240802,ssa,025,25,max_temperature,2020,8,28.949097694099823
emea,240802,ssa,025,25,max_temperature,2020,9,30.571662504337262
emea,240802,ssa,025,25,max_temperature,2020,10,31.989963574287987
emea,240802,ssa,025,25,max_temperature,2020,11,32.269907622471116
emea,240802,ssa,025,25,max_temperature,2020,12,32.852801971946043
emea,240802,ssa,025,25,max_temperature,2021,1,30.527943929154812
emea,240802,ssa,025,25,max_temperature,2021,2,31.098324552828664
emea,240802,ssa,025,25,max_temperature,2021,3,30.257789683620786
emea,240802,ssa,025,25,max_temperature,2021,4,28.180012598581335
emea,240802,ssa,025,25,max_temperature,2021,5,27.834088941963739
emea,240802,ssa,025,25,max_temperature,2021,6,27.461328676706188
emea,240802,ssa,025,25,max_temperature,2021,7,27.603015271234231
emea,240802,ssa,025,25,max_temperature,2021,8,28.74532129495152
emea,240802,ssa,025,25,max_temperature,2021,9,30.124260020532279
emea,240802,ssa,025,25,max_temperature,2021,10,31.513308750649582
emea,240802,ssa,025,25,max_temperature,2021,11,33.871412313075808
emea,240802,ssa,025,25,max_temperature,2021,12,32.634702245570494
emea,240802,ssa,025,25,max_temperature,2022,1,31.634065545619308
emea,240802,ssa,025,25,max_temperature,2022,2,29.531537851137951
emea,240802,ssa,025,25,max_temperature,2022,3,29.950662481521224
emea,240802,ssa,025,25,max_temperature,2022,4,29.129482712788196
emea,240802,ssa,025,25,max_temperature,2022,5,28.537382750861518
emea,240802,ssa,025,25,max_temperature,2022,6,27.201653276161856
emea,240802,ssa,025,25,max_temperature,2022,7,26.833222579362918
emea,240802,ssa,025,25,max_temperature,2022,8,28.088179376924149
emea,240802,ssa,025,25,max_temperature,2022,9,29.489399103138627
emea,240802,ssa,025,25,max_temperature,2022,10,31.463400338375877
emea,240802,ssa,025,25,max_temperature,2022,11,32.85213583751564
emea,240802,ssa,025,25,max_temperature,2022,12,31.677647926631089
emea,240802,ssa,025,25,max_temperature,2023,1,30.388754335804091
emea,240802,ssa,025,25,max_temperature,2023,2,30.7351451269766
emea,240802,ssa,025,25,max_temperature,2023,3,31.955282168545956
emea,240802,ssa,025,25,max_temperature,2023,4,28.67403440826082
emea,240802,ssa,025,25,max_temperature,2023,5,28.88363065277759
emea,240802,ssa,025,25,max_temperature,2023,6,29.169188178860242
emea,240802,ssa,025,25,max_temperature,2023,7,28.374495656534453
emea,240802,ssa,025,25,max_temperature,2023,8,28.364749018272558
emea,240802,ssa,025,25,max_temperature,2023,9,30.608445730579145
emea,240802,ssa,025,25,max_temperature,2023,10,33.059722464272788
emea,240802,ssa,025,25,max_temperature,2023,11,29.325712550790278
emea,240802,ssa,025,25,max_temperature,2023,12,31.106289295908912
emea,240802,ssa,025,25,temp_range,2014,1,9.0382108559275451
emea,240802,ssa,025,25,temp_range,2014,2,7.5913452676943969
emea,240802,ssa,025,25,temp_range,2014,3,7.5406444783248574
emea,240802,ssa,025,25,temp_range,2014,4,7.3027694917731045
emea,240802,ssa,025,25,temp_range,2014,5,8.8887221104478034
emea,240802,ssa,025,25,temp_range,2014,6,9.6851659177969882
emea,240802,ssa,025,25,temp_range,2014,7,10.137829304539636
emea,240802,ssa,025,25,temp_range,2014,8,10.722865350576098
emea,240802,ssa,025,25,temp_range,2014,9,10.948342379834541
emea,240802,ssa,025,25,temp_range,2014,10,11.257147382372191
emea,240802,ssa,025,25,temp_range,2014,11,10.978123024922981
emea,240802,ssa,025,25,temp_range,2014,12,9.5058245103416681
emea,240802,ssa,025,25,temp_range,2015,1,7.59078190075147
emea,240802,ssa,025,25,temp_range,2015,2,8.98956276871825
emea,240802,ssa,025,25,temp_range,2015,3,8.057909318638103
emea,240802,ssa,025,25,temp_range,2015,4,8.0718585506411014
emea,240802,ssa,025,25,temp_range,2015,5,9.1422507132587452
emea,240802,ssa,025,25,temp_range,2015,6,10.927287684968267
emea,240802,ssa,025,25,temp_range,2015,7,10.824015083687044
emea,240802,ssa,025,25,temp_range,2015,8,11.2204548216366
emea,240802,ssa,025,25,temp_range,2015,9,12.071917416588315
emea,240802,ssa,025,25,temp_range,2015,10,11.469432577133233
emea,240802,ssa,025,25,temp_range,2015,11,10.101536062154466
emea,240802,ssa,025,25,temp_range,2015,12,9.1293604250970475
emea,240802,ssa,025,25,temp_range,2016,1,7.3122215948513762
emea,240802,ssa,025,25,temp_range,2016,2,7.6901840212134394
emea,240802,ssa,025,25,temp_range,2016,3,8.446052893238674
emea,240802,ssa,025,25,temp_range,2016,4,6.8920786877897777
emea,240802,ssa,025,25,temp_range,2016,5,9.3099157120834946
emea,240802,ssa,025,25,temp_range,2016,6,10.230488662970936
emea,240802,ssa,025,25,temp_range,2016,7,10.681528893089116
emea,240802,ssa,025,25,temp_range,2016,8,11.058925979361224
emea,240802,ssa,025,25,temp_range,2016,9,11.820120523632495
emea,240802,ssa,025,25,temp_range,2016,10,12.264920686760334
emea,240802,ssa,025,25,temp_range,2016,11,11.10472883378741
emea,240802,ssa,025,25,temp_range,2016,12,9.9538520685328589
emea,240802,ssa,025,25,temp_range,2017,1,9.4292139600849953
emea,240802,ssa,025,25,temp_range,2017,2,7.9648886623751967
emea,240802,ssa,025,25,temp_range,2017,3,7.3287627292192692
emea,240802,ssa,025,25,temp_range,2017,4,7.0149072257502594
emea,240802,ssa,025,25,temp_range,2017,5,7.9530445281181867
emea,240802,ssa,025,25,temp_range,2017,6,10.256322182664571
emea,240802,ssa,025,25,temp_range,2017,7,10.920818745496902
emea,240802,ssa,025,25,temp_range,2017,8,10.556163324945395
emea,240802,ssa,025,25,temp_range,2017,9,11.809946883511261
emea,240802,ssa,025,25,temp_range,2017,10,11.441870639456141
emea,240802,ssa,025,25,temp_range,2017,11,10.154250117215103
emea,240802,ssa,025,25,temp_range,2017,12,8.8873468483933
emea,240802,ssa,025,25,temp_range,2018,1,7.4409841215695174
emea,240802,ssa,025,25,temp_range,2018,2,8.9927039659334458
emea,240802,ssa,025,25,temp_range,2018,3,7.8649539899838707
emea,240802,ssa,025,25,temp_range,2018,4,7.5304018017453149
emea,240802,ssa,025,25,temp_range,2018,5,8.9332813406201783
emea,240802,ssa,025,25,temp_range,2018,6,10.299265405037143
emea,240802,ssa,025,25,temp_range,2018,7,9.8468494010712053
emea,240802,ssa,025,25,temp_range,2018,8,11.746457078950266
emea,240802,ssa,025,25,temp_range,2018,9,11.504633495544343
emea,240802,ssa,025,25,temp_range,2018,10,10.767509518749611
emea,240802,ssa,025,25,temp_range,2018,11,10.894495130164737
emea,240802,ssa,025,25,temp_range,2018,12,8.7366231429080088
emea,240802,ssa,025,25,temp_range,2019,1,8.18729748860223
emea,240802,ssa,025,25,temp_range,2019,2,8.3931933060724155
emea,240802,ssa,025,25,temp_range,2019,3,8.96213293680423
emea,240802,ssa,025,25,temp_range,2019,4,7.5958787188492858
emea,240802,ssa,025,25,temp_range,2019,5,7.6507616651254517
emea,240802,ssa,025,25,temp_range,2019,6,10.643526530051631
emea,240802,ssa,025,25,temp_range,2019,7,11.020937938469425
emea,240802,ssa,025,25,temp_range,2019,8,11.326982675425437
emea,240802,ssa,025,25,temp_range,2019,9,11.324352894528577
emea,240802,ssa,025,25,temp_range,2019,10,9.7091238576471568
emea,240802,ssa,025,25,temp_range,2019,11,9.6319014349941909
emea,240802,ssa,025,25,temp_range,2019,12,8.22115283518268
emea,240802,ssa,025,25,temp_range,2020,1,7.5728638809987068
emea,240802,ssa,025,25,temp_range,2020,2,7.8523684522381423
emea,240802,ssa,025,25,temp_range,2020,3,7.8733621727408565
emea,240802,ssa,025,25,temp_range,2020,4,7.9943720045361113
emea,240802,ssa,025,25,temp_range,2020,5,9.3950767284171572
emea,240802,ssa,025,25,temp_range,2020,6,10.314455186304956
emea,240802,ssa,025,25,temp_range,2020,7,10.146073800452552
emea,240802,ssa,025,25,temp_range,2020,8,11.245013261056517
emea,240802,ssa,025,25,temp_range,2020,9,11.602036847416535
emea,240802,ssa,025,25,temp_range,2020,10,11.234669766947366
emea,240802,ssa,025,25,temp_range,2020,11,10.478565097661809
emea,240802,ssa,025,25,temp_range,2020,12,9.8572708195205259
emea,240802,ssa,025,25,temp_range,2021,1,8.11206838590628
emea,240802,ssa,025,25,temp_range,2021,2,8.4951794916147634
emea,240802,ssa,025,25,temp_range,2021,3,8.3225868186290217
emea,240802,ssa,025,25,temp_range,2021,4,7.0551355737518335
emea,240802,ssa,025,25,temp_range,2021,5,10.011838306302122
emea,240802,ssa,025,25,temp_range,2021,6,10.40365410755015
emea,240802,ssa,025,25,temp_range,2021,7,10.655913581024937
emea,240802,ssa,025,25,temp_range,2021,8,11.137561983809684
emea,240802,ssa,025,25,temp_range,2021,9,11.042720703858688
emea,240802,ssa,025,25,temp_range,2021,10,11.310330527803607
emea,240802,ssa,025,25,temp_range,2021,11,12.076882927723823
emea,240802,ssa,025,25,temp_range,2021,12,10.265273206115632
emea,240802,ssa,025,25,temp_range,2022,1,9.0180731200384834
emea,240802,ssa,025,25,temp_range,2022,2,7.3037819989243831
emea,240802,ssa,025,25,temp_range,2022,3,7.6425041194495122
emea,240802,ssa,025,25,temp_range,2022,4,7.7539934057935316
emea,240802,ssa,025,25,temp_range,2022,5,9.9217344986296716
emea,240802,ssa,025,25,temp_range,2022,6,9.52992456665198
emea,240802,ssa,025,25,temp_range,2022,7,9.8393323818149963
emea,240802,ssa,025,25,temp_range,2022,8,10.825181685467596
emea,240802,ssa,025,25,temp_range,2022,9,11.075567897797999
emea,240802,ssa,025,25,temp_range,2022,10,12.767443122734049
emea,240802,ssa,025,25,temp_range,2022,11,11.297456672666437
emea,240802,ssa,025,25,temp_range,2022,12,9.2861755142669065
emea,240802,ssa,025,25,temp_range,2023,1,8.5134643781260433
emea,240802,ssa,025,25,temp_range,2023,2,8.7341766205812945
emea,240802,ssa,025,25,temp_range,2023,3,9.21400348600408
emea,240802,ssa,025,25,temp_range,2023,4,7.4417963876526141
emea,240802,ssa,025,25,temp_range,2023,5,9.3082260194551019
emea,240802,ssa,025,25,temp_range,2023,6,11.212777413039625
emea,240802,ssa,025,25,temp_range,2023,7,10.781113662138793
emea,240802,ssa,025,25,temp_range,2023,8,9.82811763079719
emea,240802,ssa,025,25,temp_range,2023,9,11.382001549107567
emea,240802,ssa,025,25,temp_range,2023,10,11.923472093562392
emea,240802,ssa,025,25,temp_range,2023,11,7.2273938535282056
emea,240802,ssa,025,25,temp_range,2023,12,8.5402217215400889
emea,240802,ssa,025,25,total_precipitation,2014,1,153.03219174267105
emea,240802,ssa,025,25,total_precipitation,2014,2,197.73134371055562
emea,240802,ssa,025,25,total_precipitation,2014,3,219.73607342242752
emea,240802,ssa,025,25,total_precipitation,2014,4,154.29445837349687
emea,240802,ssa,025,25,total_precipitation,2014,5,37.325904253591396
emea,240802,ssa,025,25,total_precipitation,2014,6,10.698490565829232
emea,240802,ssa,025,25,total_precipitation,2014,7,8.9682849004866654
emea,240802,ssa,025,25,total_precipitation,2014,8,14.689857147476644
emea,240802,ssa,025,25,total_precipitation,2014,9,15.444228434235683
emea,240802,ssa,025,25,total_precipitation,2014,10,31.4048996868323
emea,240802,ssa,025,25,total_precipitation,2014,11,59.259704113557085
emea,240802,ssa,025,25,total_precipitation,2014,12,130.2409730495545
emea,240802,ssa,025,25,total_precipitation,2015,1,222.26135890101239
emea,240802,ssa,025,25,total_precipitation,2015,2,106.69643398402874
emea,240802,ssa,025,25,total_precipitation,2015,3,173.38048673795834
emea,240802,ssa,025,25,total_precipitation,2015,4,84.34223024871109
emea,240802,ssa,025,25,total_precipitation,2015,5,59.552364746236094
emea,240802,ssa,025,25,total_precipitation,2015,6,8.3540680613991327
emea,240802,ssa,025,25,total_precipitation,2015,7,12.303679784267175
emea,240802,ssa,025,25,total_precipitation,2015,8,9.21486547827648
emea,240802,ssa,025,25,total_precipitation,2015,9,5.9034222306328132
emea,240802,ssa,025,25,total_precipitation,2015,10,22.538130186111268
emea,240802,ssa,025,25,total_precipitation,2015,11,81.86764239707162
emea,240802,ssa,025,25,total_precipitation,2015,12,127.48857728557341
emea,240802,ssa,025,25,total_precipitation,2016,1,269.069099683204
emea,240802,ssa,025,25,total_precipitation,2016,2,170.63015679897231
emea,240802,ssa,025,25,total_precipitation,2016,3,146.64970789413246
emea,240802,ssa,025,25,total_precipitation,2016,4,206.71887480547343
emea,240802,ssa,025,25,total_precipitation,2016,5,12.486477720543576
emea,240802,ssa,025,25,total_precipitation,2016,6,8.96025741482832
emea,240802,ssa,025,25,total_precipitation,2016,7,6.9474871671223184
emea,240802,ssa,025,25,total_precipitation,2016,8,10.722565348420488
emea,240802,ssa,025,25,total_precipitation,2016,9,10.151751403844685
emea,240802,ssa,025,25,total_precipitation,2016,10,9.5113883337851775
emea,240802,ssa,025,25,total_precipitation,2016,11,37.071246275949662
emea,240802,ssa,025,25,total_precipitation,2016,12,69.904644034511279
emea,240802,ssa,025,25,total_precipitation,2017,1,116.03549487068776
emea,240802,ssa,025,25,total_precipitation,2017,2,161.62308762107392
emea,240802,ssa,025,25,total_precipitation,2017,3,198.71330317101365
emea,240802,ssa,025,25,total_precipitation,2017,4,146.17090723342989
emea,240802,ssa,025,25,total_precipitation,2017,5,74.283078744985815
emea,240802,ssa,025,25,total_precipitation,2017,6,16.603401551002975
emea,240802,ssa,025,25,total_precipitation,2017,7,6.6732049709273866
emea,240802,ssa,025,25,total_precipitation,2017,8,16.967148307510811
emea,240802,ssa,025,25,total_precipitation,2017,9,12.393765149263842
emea,240802,ssa,025,25,total_precipitation,2017,10,33.02055626953635
emea,240802,ssa,025,25,total_precipitation,2017,11,104.57541411666116
emea,240802,ssa,025,25,total_precipitation,2017,12,131.1848729390569
emea,240802,ssa,025,25,total_precipitation,2018,1,249.45552898531679
emea,240802,ssa,025,25,total_precipitation,2018,2,80.28091240449065
emea,240802,ssa,025,25,total_precipitation,2018,3,222.47871883479277
emea,240802,ssa,025,25,total_precipitation,2018,4,173.23604417478558
emea,240802,ssa,025,25,total_precipitation,2018,5,58.116092324748209
emea,240802,ssa,025,25,total_precipitation,2018,6,8.01220537819546
emea,240802,ssa,025,25,total_precipitation,2018,7,11.937078401634551
emea,240802,ssa,025,25,total_precipitation,2018,8,8.140735936199917
emea,240802,ssa,025,25,total_precipitation,2018,9,21.472618952578792
emea,240802,ssa,025,25,total_precipitation,2018,10,27.28915114943684
emea,240802,ssa,025,25,total_precipitation,2018,11,45.688405352361848
emea,240802,ssa,025,25,total_precipitation,2018,12,168.96768791043505
emea,240802,ssa,025,25,total_precipitation,2019,1,188.61522310762473
emea,240802,ssa,025,25,total_precipitation,2019,2,124.40223310457397
emea,240802,ssa,025,25,total_precipitation,2019,3,152.65098788243387
emea,240802,ssa,025,25,total_precipitation,2019,4,115.68554963445415
emea,240802,ssa,025,25,total_precipitation,2019,5,104.170105554799
emea,240802,ssa,025,25,total_precipitation,2019,6,5.769221357388588
emea,240802,ssa,025,25,total_precipitation,2019,7,6.1870773911842889
emea,240802,ssa,025,25,total_precipitation,2019,8,10.738382959203619
emea,240802,ssa,025,25,total_precipitation,2019,9,13.049662250907375
emea,240802,ssa,025,25,total_precipitation,2019,10,112.06185317116419
emea,240802,ssa,025,25,total_precipitation,2019,11,118.10709762480455
emea,240802,ssa,025,25,total_precipitation,2019,12,239.79228735144278
emea,240802,ssa,025,25,total_precipitation,2020,1,263.08981942058364
emea,240802,ssa,025,25,total_precipitation,2020,2,192.20212739524993
emea,240802,ssa,025,25,total_precipitation,2020,3,221.48068729429775
emea,240802,ssa,025,25,total_precipitation,2020,4,136.0591029935548
emea,240802,ssa,025,25,total_precipitation,2020,5,20.953362943750264
emea,240802,ssa,025,25,total_precipitation,2020,6,4.399387365251755
emea,240802,ssa,025,25,total_precipitation,2020,7,16.792058597545093
emea,240802,ssa,025,25,total_precipitation,2020,8,10.221876647087981
emea,240802,ssa,025,25,total_precipitation,2020,9,8.6922188378049725
emea,240802,ssa,025,25,total_precipitation,2020,10,40.384693708113311
emea,240802,ssa,025,25,total_precipitation,2020,11,69.377557984930746
emea,240802,ssa,025,25,total_precipitation,2020,12,106.72057971230909
emea,240802,ssa,025,25,total_precipitation,2021,1,176.41415740982677
emea,240802,ssa,025,25,total_precipitation,2021,2,146.27934576196776
emea,240802,ssa,025,25,total_precipitation,2021,3,151.31317262025146
emea,240802,ssa,025,25,total_precipitation,2021,4,191.64313300029579
emea,240802,ssa,025,25,total_precipitation,2021,5,18.679267942621848
emea,240802,ssa,025,25,total_precipitation,2021,6,9.64091290442282
emea,240802,ssa,025,25,total_precipitation,2021,7,9.5918148399006355
emea,240802,ssa,025,25,total_precipitation,2021,8,8.6165140993215346
emea,240802,ssa,025,25,total_precipitation,2021,9,13.260688436716833
emea,240802,ssa,025,25,total_precipitation,2021,10,16.156936574701419
emea,240802,ssa,025,25,total_precipitation,2021,11,24.451197362466992
emea,240802,ssa,025,25,total_precipitation,2021,12,61.676739990720577
emea,240802,ssa,025,25,total_precipitation,2022,1,205.81566639089607
emea,240802,ssa,025,25,total_precipitation,2022,2,259.78399133786468
emea,240802,ssa,025,25,total_precipitation,2022,3,179.84231650531788
emea,240802,ssa,025,25,total_precipitation,2022,4,123.52678854281038
emea,240802,ssa,025,25,total_precipitation,2022,5,10.000732411779452
emea,240802,ssa,025,25,total_precipitation,2022,6,9.4768244199182021
emea,240802,ssa,025,25,total_precipitation,2022,7,11.144074869719233
emea,240802,ssa,025,25,total_precipitation,2022,8,11.420170607774196
emea,240802,ssa,025,25,total_precipitation,2022,9,10.333790633996813
emea,240802,ssa,025,25,total_precipitation,2022,10,6.2650955859170949
emea,240802,ssa,025,25,total_precipitation,2022,11,31.421650546944683
emea,240802,ssa,025,25,total_precipitation,2022,12,158.94264126747254
emea,240802,ssa,025,25,total_precipitation,2023,1,152.05606511898651
emea,240802,ssa,025,25,total_precipitation,2023,2,98.489555878801482
emea,240802,ssa,025,25,total_precipitation,2023,3,116.25407091758865
emea,240802,ssa,025,25,total_precipitation,2023,4,159.7249590586344
emea,240802,ssa,025,25,total_precipitation,2023,5,18.163227151203074
emea,240802,ssa,025,25,total_precipitation,2023,6,16.72937703023868
emea,240802,ssa,025,25,total_precipitation,2023,7,7.70487154724195
emea,240802,ssa,025,25,total_precipitation,2023,8,5.5543605725685552
emea,240802,ssa,025,25,total_precipitation,2023,9,3.9663908822704457
emea,240802,ssa,025,25,total_precipitation,2023,10,16.11967739527951
emea,240802,ssa,025,25,total_precipitation,2023,11,34.075117907935031
emea,240802,ssa,025,25,total_precipitation,2023,12,131.69844079215716